tweet,label
@USER Jangan takut kompetisi jangan takut kompetisi. Berak. Sono ngomong ke temen lu Bahlil. SPBU luar sangat dibatesin geraknya buat usaha disini. Ngomong jg ke org dpr yg punya grup singa terbang yg memonopoli banyak rute lokal. Giliran dosen disuruh kompetisi. ,fear
BAHLIL ANJ,anger
@USER Ya ga paham adiknya Bahlil berarti,anger
Mau pake tumbler partai ada muka bahlil segede gaban dan kalaupun itu satu satunya yang gua punya akan tetap gua bawa apa urusannya sama pikiran orang bodo amat lah Pls stop mikirin perasaan orang lain itu hal utama drpd diri lo sendiri your life matters.,happy
@USER Buzernya bahlil itu kah bon?,happy
Warning lebih banyak dari hasil kerja Bahlil tapi masih dikira game yang aman buat bocil tolol https://t.co/diTB1jyNhs,happy
@USER adiknya bahlil berarti,happy
jelek bgt sinyal kek muka bahlil,happy
@USER Banyak2 dengerin kasir negara pur ngomong dah. Kalo belon puas dengerin Dadan. Masih kurang? Dengerin Bahlil. Dijamin . Anda akan merasa lebih waras dari mereka ,happy
@USER pak tedi mah baik cuma di bahlil itu yg harus dan harus dibuang nyusahin rakyat mulu,fear
@USER @USER Haha bener juga editannya kurang mirip ya? Maaf salah pasang muka. Ini Bahlil Lahadalia asli yang cerah banget kayak di GIF-mu! ,love
gamau di samain sm bahlil ,sadness
@USER @USER Sudah diedit jadi Bahlil Lahadalia ya! Cerah banget juga nih. https://t.co/TjO7zNFDap,fear
@USER Cari bahlil,happy
@USER de bahlil lelaw,happy
@USER Emang Bahlil udah ngelarang kangen sama temen ya? ,happy
side nya apa tuh? kalo bahlil saya gak mau.,anger
Pengen ganti nama jadi Dinda biar dipanggilin mulu sama Kanda (Bahlil).,sadness
BGN MBG PRABOWO GIBRAN BAHLIL DADAN DAN SPPG ADALAH WORD TRIGGER BAGI GW,anger
w kira bahlil anjing,anger
@USER Ponakannya bahlil begini nih.,happy
Pemerintah tetap menjaga stabilitas energi nasional. Menteri ESDM Bahlil Lahadalia menegaskan BBM subsidi tetap dilindungi untuk masyarakat #berita #bahlillahadalia #darirakyatuntukenergi #esdmfu https://t.co/PQ7m2q6H3X,happy
@USER 2 menteri terbodoh @USER 1. Bahlil 2. Purbaya Menteri Keuangan pelawak,happy
@USER @USER Ibu peri lebih baik balik ke khayangan lagi soalnya di bumi ada Bahlil. ,anger
Setelah liat pernyataannya Bahlil tentang baca buku gw udah gak heran kok kalo rezim ini bikin kebijakan kayak gini.,anger
@USER Saya lapor Anda ke Pak Bahlil ,anger
@USER @USER @USER @USER @USER @USER mahasiswa bahlil,love
@USER Astaghfirullah kak ini mah udh jelas2 bullying gaada merasa bersalahnya jg. Kalo mereka sindir2an lagi blgin gini selama ini berarti kalian tuh sadar dong kalo berisik dan ganggu kenyamaan orang? Kalo mau teriak2 mending ngekos di hutan aja dan semoga jodoh lu mirip bahlil ,anger
Damn. Selamat datang fasisme. Makin mengamplifikasi komentar Bahlil soal Udah bukan ilmu buku lagi dismissing ahli anti-intelektualisme,sadness
@USER usn @USER nyebut bahlil sekali kiamat maju satu abad,happy
@USER foto bahlil terima ga?,anger
Ada tulisan khusus yg isinya ilmu utk mendidik gak dibaca giliran fanfic malah disuruh jadi tulisan yg mendidik. Negara udh tebolak balik emang efek bahlil,anger
Iteman gw apa bahlil,anger
@USER @USER Wkwkwk.. gw aja gak ngerti cara nya.. Yg ptg puas aja Punya hobby bacotin Bahlil!! Duit Yahudi jd gak pentink ,anger
@USER Bahlil datang mau borong buat jumat berkah boleh gak min,happy
@USER Percuma ganti. Kalo aslinya susunan kabinet cuma: 1. Prabowo 2. Teddy 3. Kepala BGN 4. Bahlil. Yg lain pajangan doang . Ga ngefek,anger
siapa yg setuju bahlil unggul 1-0 sama shinichi kudo https://t.co/ztLdAvXUca,sadness
@USER coba liat paling sebelas duabelas sama bahlil,happy
oppa bahlil,happy
pas nebak pw kek apa ya... bahlil? eh itu mah 6 pas mikir lagi.. oalah ternyataa dan di ketik ternyata lngsung bener kwkwk,sadness
@USER pake ava Bahlil,happy
@USER Ngapa si bahlil,anger
@USER kudo shinichi vs bahlil menangan siapa by,happy
@USER Kalo gw jadi dia gw juga tulis tuh nama bahlil,fear
@USER di bisa bisain masa bahlil jelek aja bisa nerobos jadi mentri kamu buka gituan aja nda bisa,love
@USER 8. Ganti presiden 9. Bahlil jatoh di kamar mandi,anger
@USER Bahlil kah lu dik,love
Gimana postingan ttg JKW Bahlil ataupun Teddy jadi pundimu kan? sudah terima kasih belom ama mereka?,happy
@USER BAHLIL,anger
@USER beby sering ketemu bahlil nggak ya,fear
Sangat Masuk Akal Jika Bahlil Di-Reshuffle https://t.co/nYatHrfGjG,sadness
Bahlil gw ilang https://t.co/M1n0XWhZOZ,sadness
@USER Kenapa ih kk pake bahlil iconic tuh nanti gavin ft bahlil ,love
@USER bahlil menyukai tweet ini,fear
@USER tahu bahlil,happy
Ini kalo gak di acc parah aduin bahlil soalnya udh nurunin gengsi,sadness
@USER Ga tau. Enak semua soalnya mau manapun bisa ngaduin bahlil monokotil dkk nya ke atasan.,anger
@USER bawail bahlil,happy
Sebenarnya saya pengen bikin akun perlawanan terhadap pemerintah. Tapi ya saya mikir2. Udah paling enak itu nyerang Jokowi-Gibran-Bahlil aja aman. Jangan nekat nyebut nama Mr P,anger
@USER Tanpa Jokowi dan LBP mustahil Bahlil jadi Ketum Golkar.,happy
@USER Percoyo opo milih dari Adine bahlil,happy
@USER Milih percoyo opo Adine bahlil,happy
@USER Iya makasih ya Semangat jg kita semua termasuk pak bahlil dan limbad,love
orang yang hampir confess (bahkan udh confess tapi blm ngajak pacaran) trnyata bisa jg ga keep contact seharian. gue masih heran tapi yg gue tau dia emg sibuk bgt tapi dia emg kaya tai jg ngalahin bahlil sibuknya. apakah gw hrs jadi cegil nanya lgsg bang ayo kita pacaran aja,anger
@USER wkwkwkwkwkw ya kaan kaaa aku mikir kesitu aja walau gak proper sih udh bayangin bisa foto di umbul2 ming bareng poca + doll eh kampret kaga ada tapi yaudalah dripada umbul2 bahlil makin gamau akuuu. wkwkwkwkwk macam kader golkar nantinya kaaa ,fear
Bahlil takut nanti butuh suara PDIP tp gak sejalan dasar politisi Padahal Golkar itu inisiator pertai dg pergantian ketum paling baik menurutku jd tidak ada yg dominan berkuasa di partai,fear
Said Didu: Golkar Sudah Dikendalikan Jokowi Sejak Bahlil Jadi Ketum https://t.co/0VszBtPOSN,sadness
@USER Ogah bgt liatnya jir lu harusnya ke IA skrg gan foto bareng sama bannernya bahlil ,anger
@USER Sekelas Bahlil &amp; Kapolri aja takut Ganti Kapolri kalau berani,fear
Gue liat banyakan tuntutan ke author daripada kerjaan bahlil,happy
@USER YES alhamdulillah aku udh menanti hari ini tiba Terimakasih bahlil terimkasih satpam terimakasih ya Allah,happy
@USER gambarin bahlil kak,happy
@USER Ada aja yang pancing auto demo besar ini kaya agustus. Ayo bahlil naikkan harga solar-pertalite!!,anger
@USER bahlil upsss maaf kalo benerr,happy
Aku dan kamu ngobrol berdua terus kita bicarakan masa depan yang sirik fix temennya Bahlil sama Dadan,sadness
inikah saatnya...... pls bahlil aja kek sono yg wmil gt,anger
Jaga Marwah Diplomasi Presiden Prabowo Ambil Alih Peran Lobi Menteri Bahlil https://t.co/EhkhJvZXFF https://t.co/faMNquSUzv,sadness
@USER KENAPA JARINYA BAHLIL SIH,anger
@USER @USER Kecewa gak kalo tanggal 29 nanti kita mau pap mukanya pake muka bahlil dan kawan kawan? Coba tebak admin Creamoire ada berapa? Kalo bener saya kasih tepuk sakinah.,love
@USER @USER fukkk . untung aja gak dikutuk jd bahlil,love
Idrus Marham Respons Keras Hasil Survei LSSIR Soal Bahlil Lahadalia: Bertentangan Dengan Fakta &amp; Akal Sehat #bahlillahadalia #kuningkeren #golkarindonesia #partaigolkar #GolkarSolid https://t.co/q8sPX045F6,happy
@USER mbah yunah ga lari dia mau nabok bahlil pakai tabung lpg koket itu,happy
@USER Mao rapat remaja masjid sm Kakanda Bahlil,happy
NOT BAHLIL PHOTO OH MY,anger
@USER @USER Ingat kata bahlil matikan kompor setelah memasak ,love
@USER Ini ngomongin bahlil apa bunted?,anger
@USER Ketua pantat Bahlil,anger
Said Didu: Golkar Sudah Dikendalikan Jokowi Sejak Bahlil Jadi Ketum https://t.co/OTkegBeIUE,sadness
@USER EH JUJUR BANGETTTT AKKK mau cekek bahlil,anger
@USER Yg pasti bukan bahlil diapasti langsung marah wkwk,anger
@USER @USER Bahlil Pigai Dadan Dimaki satu Indonesia pun tetap tegar masa lu kalah sama mereka ,love
@USER muka kayak bahlil gitu sok2an buka celana astaga,happy
Sabtu 25 April 2026 Menteri Bahlil menghadiri pelantikan DPP Partai Golkar di Jayapura Papua. Kehadiran ini menjadi momen untuk memperkuat semangat kebersamaan persaudaraan dan komitmen Partai Golkar dalam merangkul seluruh masyarakat termasuk di Tanah Papua. https://t.co/79piGx3SlJ,fear
@USER Di buku juga ga ada menjelaskan bagaimana caranya menutup aib dg pergi umroh mendadak saat foto opa bahlil viral sedang minum hibiki,anger
@USER Wahh hadiah pap bahlil ini berhargaaa banget ,happy
Ini pak bahlil masih disana ga?,happy
Kentot kentot negara gila di luar negeri aja banyak jurusan aneh bahkan mistis pun ada tapi negaranya maju maju aja. Di indo nih ngentot bgt pemerintahannya. BAHLIL,happy
Saat ini rupiah di angka 17rb. Perlu di ingat ini bukan krisis ini dampak dolar AS nilainya mnguat.. faktanya ekonomi Indonesia saat ini masih tetap kuat dan stabil.. #rupiah #dolar #purbaya #bahlil #jagaindonesia https://t.co/mEIvvjHOLO,sadness
keren loh bapak bahlil https://t.co/UhgVGqPk5b,sadness
@USER Bahlil,happy
@USER Dari bahlil,happy
@USER Gestur bicaranya kok persis Bahlil ya?,fear
@USER Langsung nanya bahlil udah mandi belum,happy
alasan bahlil left dari treasure,happy
ngakak kemaren gw baca ntah dimana ada yang bilang udah h-1 tapi semua masih muka bahlil,happy
@USER Jelek banget kaya Bahlil,love
Menteri Energi Sumber Daya Mineral (ESDM) Bahlil Lahadalia memang layak dicopot menjadi menteri. Pasalnya beberapa kebijakan Bahlil dinilai merugikan publik Selengkapnya baca; https://t.co/8cJ6TZ1Sn3 https://t.co/0bpqUpyCag,sadness
@USER 8. Dadan 9. Bahlil,happy
ga pernah ga cekikikan kalo ngomongin bahlil bareng ade gue,anger
@USER bahlil siapany nithan,happy
@USER bahlil sabar kokk,happy
@USER @USER pasti caca sedih banner bahlil di ganti ,anger
Menteri ESDM Bahlil Lahadalia mendukung penuh subsidi motor listrik sebesar Rp5 juta yang disiapkan pemerintah. Ini merupakan langkah untuk mempercepat transisi energi bersih dengan beralih ke motor listrik yang lebih hemat.#bahlillahadalia #darirakyatuntukenergi #viral #esdmfu https://t.co/fnl3fBnYnP,happy
@USER @USER @USER @USER @USER Lu pasti terpesona bahlil,love
@USER Iyakaaan!! Ini syukur banget ada moots baik yg mau kasih informasi terkait pintu masuk buat rv b Emang halal banget dikasih street banner bahlil si ime ini greget aku,happy
Menteri ESDM Bahlil Lahadalia menegaskan pentingnya kebijakan DMO batubara untuk menjaga kestabilan pasokan energi dalam negeri. Ini adalah langkah strategis untuk memastikan listrik Indonesia tetap stabil #bahlillahadalia #darirakyatuntukenergi #viral #esdmfu https://t.co/hXVlniT0KZ,sadness
@USER siapapun tolong buat permintaan gulingkan rezim saat ini trus buatnya pake deepfake muka bahlil aja trims,love
@USER Masak gosong mulu. Ga patuh ma nasehat bahlil..,love
mbak yunah hati2 itu tabung gas lpg diincer sm si bahlil,sadness
Aku mendapat kabar dari si Bahlil kalau nanti malam nithan live,happy
Ini bersebrangan sama banner treasure atau udah dicabut? Kalau belum ayok kita cabut muka bahlil ini kesel banget sumpret wkqkwk. Ihhhhhh bayangin treasure liat ini dan bertanya-tanya ini siapa sampai mukanya dipasang sebanyak itu,happy
Budaya menyambut dengan hangat langkah terasa makin dekat dengan masyarakat. Pace Bahlil ikut menikmati sambutan tarian Papua #JejakBahlil #BahlilLahadalia #ESDM #Golkar #FromZeroToHero #PrabowoGibran https://t.co/P6dvUdtxCn,love
@USER Kodok nya kok mirip bahlil,happy
@USER konon untuk orang yang suka numpang nama di kelompok nanti tidurnya ketindihan Bahlil,happy
@USER mana muka bahlil nyaaarghh,happy
Bahlil Beri Sinyal Penyesuaian Harga BBM Nonsubsidi Tahap Kedua Menteri ESDM Bahlil Lahadalia #golkarpedia #Partaigolkar #dprri #bahlillahadalia #meutyahafid https://t.co/QrooPBDumf,sadness
bahlil dan antek2nya,happy
@USER tapi itu semua hanya khayalan bang ian aja karna sebenernya dia yg nyemplung ke got akibat meleng abis liatin gigi ompong bahlil yg sexy. bang ian ga terima dan malah nyalahin mba ibby karna ngetawain bang ian. dia bilang klow dia sudah mengirim jin ifrit untuk gangguin mba,anger
Izin opa bahlil jangan marah ya dua neng geulis ini mau menjelaskan soal buku dan peta geopolitik dunia https://t.co/jvwhVkGmSa,anger
jirrr kata gwehh niatnya tuktik langsung seger liat banner cowo ganteng ternyata sepanjang jalan yang muncul king bahlil https://t.co/1CmbCr6QNg,sadness
konon katanya au ddaengpalmz nyongtella dan iyuh akan rilis saat bahlil menyandang gelar pria tertampan di dunia HAPUS https://t.co/JXgTkK1AHZ,sadness
@USER bahlil,happy
@USER Bahlil,happy
@USER Bisa aja menantunya bahlil,love
Alhamdulillah enggak jadi pada foto sama banner bahlil ,happy
@USER Bahlil,happy
@USER @USER @USER @USER @USER inilah saatnya ghia dateng ke konser bahlil........ omg...... terharu mlihatnya,love
@USER BAHLIL,anger
liat sebelah mau konser tapi gbk isinya muka pak bahlil lucu banget weh kenapa sih di momen ada konser yg hype beliau coba pak turunkan dulu itu,happy
Bahlil Pastikan Harga BBM Subsidi di Papua Tak Naik Klaim Kantongi Kontrak Jangka Panjang dari Rusia https://t.co/IvFjK7oAKI,sadness
prabowo sama bahlil harus coba naik sih,sadness
@USER Kenapa aku? Kenapa gak bahlil aja?,love
KANDA BAHLIL ‍️,anger
@USER ngepet sayang bahlil yg ngider,love
@USER main tentara tentaraan dan gebukin bahlil https://t.co/jrWjhxYceL,sadness
@USER @USER Bahlil pigai berhasil,happy
@USER @USER Susah Kalau pemimpin tidak ada nyalinya sekelas Bahlil saja tidak berani pecat pada berkali-kali membohongi pimpinannya,anger
@USER @USER @USER jauh-jauh ke gbk buat bahlil doang ,love
Kocak gweh bacanya kuil bahlil https://t.co/s1UbwI7izJ,sadness
bahlil udh mulai lucu syalann,sadness
@USER @USER Bahlil Pigai kepala BGN paling banyak blunder tapi aman jaya memang negara formalitas,anger
@USER Kalau tumbler u motifnya muka bahlil malu sih,happy
@USER Five si banner bahlil udh dicopot semua kan ya? Tidak ada yg merusak mata lgi?,happy
@USER bahlil ngaku member treasure,happy
Benyamin/bahlil,happy
@USER Lord bahlil senyum Liat penampilan lord mbg ini. Semakin banyak lord di masa sekarng,anger
@USER bahlil,happy
@USER Memuji kehebatan bahlil,happy
@USER Siap! Bahlil udah jadi pengawal kiri-kanan nih. https://t.co/fMhHvM7jT9,fear
@USER @USER @USER @USER Apa besok gw framing jadi bahlil?,love
@USER Hannibal meme with Bahlil is a new thing ,happy
@USER Yang percaya ini asli pendukung bahlil,anger
Bahlil Lahadalia Umumkan Potensi Gas Bumi Raksasa: 5 TCF Ditemukan di Kalimantan Timur! Menteri Energi dan Sumber Daya Mineral (ESDM) Bahlil Lahadalia https://t.co/UcOupIR5NF #golkarsolid #partaigolkar #golkarpedia #bahlillahadalia https://t.co/Wi932eWJzq,happy
@USER Wowo aja yg diresufle ganti bahlil,anger
@USER Pantes begitu karena di Libya ga ada Bahlil dan Luhut,happy
@USER kenapa otak gw auto nginget meme bahlil,anger
@USER Milih doso opo dari Adine Bahlil ?,happy
haruto 1000 bahlil -100000,happy
@USER Mantan Napi kok oleh pak Bahlil msh dikasih panggung orang ini rugi besar loh Golkar klo mantan Napi dijadikan pengurus di Partai besar nanti rakyat malas pilih Golkar loh,anger
@USER Kirain Bahlil,love
Pengen kesana nuker wowo bunted bahlil dadan jack dengan pisang kepok nenas ikan teri Tapi sayang ongkos pulkam ke Indonesia lagi mahal https://t.co/Nkw67mvJfP,sadness
@USER Gapapap banyak kok yg yellow bahlil ,anger
KONSER AKBAR BAHLIL KAH WKWKWKKWKW,anger
@USER Kesannya mau fanmeet sama bahlil WKWKWKWWKWKWKWK ,anger
Dan bayangin aja kalo ternyata yang nyelametin kita nanti adalah Kanda Bahlil...,love
@USER Bahlil.,happy
@USER Muiring e rek koyok nek ndelok bahlil,happy
Oh ini yg dibilang si alifah suruh foto sama banner bahlil ,sadness
@USER Biar di setiap bahagiamu ttp ada bahlil yg menyertai,happy
@USER komedi macam apa ini bahlil kinerjanya tidak ada yang bisa di kritik...? pak aceh belom 100% pak... pak lpg melon ketentuannya balik lg karena perencanaan yang gk becus... intinya klo kerjanya bagus orang santai2 aja... it's that simple...,anger
@USER Seluruh dunia juga harga2 lagi naik krn selat hormuz ditutup kenapa nyalahin pak bahlil? Emangnya dia yg nutup selat hormuz? Hadeeeh ,anger
Menteri ESDM Bahlil Lahadalia menegaskan penyesuaian BBM bukan berarti semua harga naik. BBM non-subsidi mengikuti harga pasar global dan memang ditujukan untuk masyarakat mampu. Sementara Pertalite tetap Rp10.000 dan Biosolar Rp6.800 dijaga hingga akhir 2026. 🇮🇩 https://t.co/htkXbhuGsR,anger
Sangat Masuk Akal Jika Bahlil Di-Reshuffle https://t.co/CcjH8Xjmki,sadness
@USER @USER @USER GWNYA GAK SIAP LIHAT LU MANCING BAHLIL,love
bahlil seekor petelur,happy
@USER apa? bahlil? ,anger
@USER semoga bahlil yg asli dateng juga,fear
ga di senayan doang ternyata di depok ada muke bahlil,sadness
@USER bahlil cahaya GBK,happy
@USER Kirain bahlil,love
Tapi pertalite gw lbih awet skrang apa gegara bahlil game kmren naikin campuran.... Apa cuman perasaan gw yah...,anger
@USER Foto dlu di banner bahlil,anger
pick me banget bahlil tolol,anger
@USER Untung aja gada muka bahlil,fear
@USER Ingat. Ijazah bahlil juga hasil beli di UI. ,fear
Merusak pemandangan aja lu bahlil,anger
bahlil dah dicopot kah,sadness
ancrit bahlil sunbenim,happy
@USER yang bahlil mana kok g msuk,anger
Bahlil Tanggapi Usul KPK; Di Golkar Tiap Munas Ada Ketua Umum Baru Baca konteks lengkapnya: https://t.co/lY5cOCgs4p,sadness
Astagaa ga jls bgt pagi2 mimpi makan siang sama pak Bahlil dan pak Prabowo ,happy
Tl gua banyak bape banget anjir Curiga bahlil reshuffle,happy
@USER Wkwkw Bahlil Sunbaenim,happy
@USER Wah curiga pendukung bahlil ,love
@USER Kumur-kumur ka habis sun berhala bahlil,happy
@USER bahlil udah diturunin deh kak banner trejo pun uda naik,happy
@USER otw kanda bahlil,happy
untung yang aku liat bannernya treasure bukan bahlil https://t.co/K4fVE3jmOX,sadness
@USER Sama bahlil mau?,happy
@USER gmw nnti pas cetak keluarnya bahlil,happy
@USER liatin muka bahlil pasti pen ee,happy
@USER @USER sial gue bacanya bahlil,love
@USER Kanda Bahlil ,happy
bahlil gabung memb treasure kah??,anger
@USER bahlil collab sama trejo kah? ,happy
Ini kita foto ketambahan banner bahlil kah? Ihhh gk mauuu https://t.co/ZzI5RSH1oT,anger
Checked ppout BAHLIL NAMANYA's video! #TikTok https://t.co/BkRiA9OxX6,sadness
Prabowo Turun Tangan Urus Energi Kepercayaan ke Bahlil Menurun? https://t.co/coG86XjeqX lewat @USER News https://t.co/YxK9LHkTwG,sadness
ama suka bahlil,sadness
@USER Sama kayak Bahlil juga pak Idrus Marham ini ya,fear
ngebayangin bahlil perform going crazy gara gara ka icey,happy
@USER @USER Pdhl sdh jelas civitas academica @USER gak gaduh spt gelar bahlil https://t.co/DweT2TbOkh,fear
info banner bahlil masih ada gak ya? ngerusak mood sama pemandangan bgt,sadness
@USER Mungkin sajalah apalagi bahlil banyak duitnya karena rajin menambang.,happy
@USER kak takut nyaru sm banner bahlil ,fear
@USER Jangan kuning kak nnti di sangka fans bahlil,happy
@USER @USER salah kita punya prabowo. inisiator MBG kita fokus MBG aja lumayan 6jt sehari. gak urus perang soal minyam kita percayakan saja ke kanda bahlil hidupp jokowiii,anger
Ini bahlil mau ikut perform?,happy
@USER gpp kuning biar samaan kek bahlil,happy
 Bahlil Sebut Golkar Partai Terbuka: Saya Dari Papua Diberi Ruang Memimpin https://t.co/78UfKuUR20,happy
Bahlil oppa Yellow era ,happy
bajingan setiap kali buka t1ktok gue dibuat mbatin sm kelakuan voter 02 gampang banget buat minta maaf dan muji² bahlil. manusia kyk bahlil prabowo gibran tuh ga pantes buat dapet pujian. sial pusing banget lihat kelakuan penjilat ini https://t.co/L8rjYlX1tw,anger
yg keliatan malah banner si bahlil,anger
@USER Aku alergi bahlil,love
@USER aku tunggu pls taro di perempatan biar gantiin banner bahlil ,happy
random aja dimimpiku ada pa bahlil:(,sadness
ga mood liat tl banyak poster bahlil,sadness
@USER ada ada aja kelakuan junior bahlil,anger
@USER wkwkwk lagi istirahat malah ketemu bahlil,happy
Selain bahlil pls kalau mau ngasih berita muka bapak ini dan ibu di sebelahnya di sensor Gue udh muak,happy
@USER Bapak Bahlil terhormat bilangin sama Bapak Presiden RI Bapak prabowo subianto selat Malaka itu punya apartemen mewah hotelnya rumah ya tidak punya izin di periksa izin ya Bayar pajak senilai 50 milyar rupiah Bapak Bahlil terhormat,anger
@USER Bapak Bahlil terhormat bilangin sama Bapak Presiden RI Bapak prabowo subianto selat Malaka kapal asing lewat bayar pakek uang senilai 10 milyar rupiah Bapak Bahlil terhormat,happy
@USER finding nemo is redred ‍️‍️‍️ finding bahlil is greengreen ,happy
@USER tanda nya itu kaka di suruh hype offah bahlil,fear
ga nyangka ternyata bahlil lucu,anger
#03BERKICAW vs #04sho dikabarkan mulai memanas sampe bahlil gosong,happy
@USER @USER kakk brrtii banner bahlil yellow bsk udah gada lagi kannn???,happy
Oot dikit tapi kondisi disana gimana? Apakah muka bahlil masih ada? ,fear
Video Bahlil Soal Jabatan Ketum Parpol Dibatasi 2 Periode: Jangan Dibuat Seragam https://t.co/Rgp0J5iP0q,sadness
@USER ambil sendiri apa disuapin bahlil,anger
@USER Syukurlah trima kasih kakak vidi soalnya kek..... masa abis liat muka ganteng hoonsuk disuguhin bahlil.... MALESSSSS,fear
@USER keknya lu kalo bikin au reminder kasih fiksi segede banner baliho kek bahlil deh kak ,happy
@USER Request banner bahlil di turunin bang,happy
@USER Bisa turunin dulu ga itu si bahlil merusak pemandangan bgt,happy
ngikik taunya kepikiran tbtb tresur duet ma bahlil,sadness
tai bgt baru dipasang pas gw udah balik sampe tadi terpaksa foto ama banner bahlil,happy
akhirnya bahlil tergantikan,happy
Tempo hari di sudut jalan gue sempat denger celetukan obrolan orang kurang lebih begini: BBM stabil real kerjanya Bahlil. Dollar udah tembus di 17.300 harga BBM non subsidi meroket. Mari kita liat 1-2 bulan ke depan bakalan ada celetukan yang sama atau nggak.,anger
jir gw balik dari IA lgsg gatel2 badan kayaknya beneran alergi liat muka bahlil sepanjang jalan,fear
@USER tau sendiri kan tadi dia aja mabok depan bahlil,love
@USER @USER Bahlil,love
@USER @USER bahlil on the way,love
@USER bahlil oppa saranghae shibal sekkiya,happy
@USER Coy .. jangan perang2 terus lah .. damai aja knapa sih . Susah gw gegara lu yg perang si bahlil jadi punya alasan naikin harga minyak....,anger
@USER MARAHH BGTT TURUNKAN BAHLIL!!?,anger
@USER Bahlil oppa sarange,happy
@USER Eh iya maap TETEH nanti pengganti red carpetnya pakai banner muka bahlil aja ya.,fear
Mama : kamu boong lagi ya ke mama pergi nonton konser kpop ?? Gw be like : kakak lagi seminar golkar kok ma (jan lupa kirim foto di depan banner bahlil) ,sadness
the reason why gw ga percaya sm this religion ya krn kalimat pertama lu itu wdym bahlil bakal masuk surga rk bakal masuk surga pdhl tukang main memek trs seseorang baik dermawan ga maksiat dari suatu agama lain ga bakal masuk surga bcs ga beragama nganu????,anger
Anjer kerjaan gue yang sekarang mendadak bikin gue jadi ngeliat anjirrrr si bahlil dari exposure cokk dari konser trejo inii,sadness
@USER Terima kasih sudah berusaha keras cukupkan BBM dalam negeri tapi jangan lupa pecat Bahlil,happy
@USER serius kagak ada banner dri pihak promotor? SINGKIRIN MUKA BAHLIL TOLONG,anger
@USER @USER Worth adding the nuance Jakarta itself uses: this isn t framed domestically as picking a side or defying the West. Energy Minister Bahlil explicitly said the Russia deal won t reduce US imports. Indonesia s foreign policy doctrine since 1948 has been independent and active :,love
@USER Mending nama nama pemerintah dasar Bahlil,love
@USER mnding teg bahlil apa buna tedi ,happy
@USER @USER disitu isinya banner bahlil SEBEL BGT,anger
@USER banner bahlil?,happy
@USER nah iyaa tapi sayang belum dipasang soalnya wajah Bahlil masih ada,love
bersanding dgn banner bahlil kah,sadness
@USER maaf ya kalo aku salah nyebut nama fandomnya jgn rujak aku bahlil stans,love
@USER @USER Caca Bahlil 100% cinta,love
sialan si bahlil manggil dinda dinda terus ,happy
@USER @USER caca ngidam bahlil,anger
itu bahlil gak sih njir? ,anger
@USER iya bang gw takutnya coachella klo pake dana MBG headliner nya bahlil biber,happy
@USER Besok fotbar begini ka cacaaa kmrn kamu nangis nangis pengen Bahlil Yakan ta @USER,happy
@USER Ciri2 bahlil,happy
Gedean banner bahlil daripada gate konser tresur @USER,happy
@USER Kepala bahlil maaf kalau benar.,anger
Bahlil: Kita Satu Nusa Satu Bangsa Apalagi yang Perlu Diperdebatkan? https://t.co/tVJGJ5uVvG,sadness
@USER TADI SIANG LIAT BAHLIL DOANG,love
@USER Baru di pasang soalnya dari kemarin ada Banner Orang ganteng se indonesia . BAHLIL ,fear
@USER Nasi bahlil,happy
@USER @USER bahlil cahaya asia nya dikemanain ituuu ???,love
@USER takut banget dikira partner bahlil,fear
@USER @USER Bahlil,love
Soalnyaa siang tadi masih bahlil ,sadness
ITU BAHLIL BUKAN SI ANJING HAHAHAHAHAH,anger
selain jago cari minyak kanda bahlil ternyata juga jago main bass bener2 insan yg multi talent.. lovyu sekebon https://t.co/270BugylFv,sadness
aduh gue ngatawain banner bahlil depan gate treasure ga kelar kelar anjg drtd,happy
@USER Lebih gede muka si bahlil anjir,happy
@USER masa iya abis liat jeongwoo nengok dikit muka bahlil...,fear
@USER kakk mksh info nyaa btw banner bahlil pas msuk gate 10 itu gk dilepas ya kakk???,fear
alay lu jadi admin kanda bahlil melangkahdaritimur sana,anger
@USER @USER bahlil oppa SELAMAT DATANG TREASURE #TREASURE_PULSEONinJAKARTA #TREASURE #트레저 @USER,love
nurunin poster bahlil dulu,sadness
@USER Info kak Bahlil nya udh lepas semua belum?,happy
@USER udah ga bahlil wkwkwk,anger
Males bgt spanduk bahlil nyampe tl gue disini fakk,happy
@USER BERHARAP KOK SAMA BAHLIL SIH MARAAA ,anger
@USER Ih kan ada tuh Banner Bahlil lagi rame bannget,happy
@USER Boleh tapi bahlil sibuk ngurus negara kayaknya,anger
@USER Astaga tuhan kalau gitu ini sih ime beneran minta w pukul pake street banner bahlil tadi siang kh?,happy
@USER ditunggu foto sm bahlil oppa nya,anger
bahlil anjing ngapain lo ikutan masang poster babii ,anger
Dah malah day 2 aku kuning lagi tar takut dikira antek² bahlil https://t.co/Aq4hskFniE,fear
treasure: wah bahlil sunbaemin dimana2 ,sadness
@USER Nah ini dia kebanggan mamah papah karena berhasil menaikkan derajat hidup. Tergantung sih kalau bahlil gue kabur. Pas pdkt sama pacar gw gw yg ngejar kaya soang sih mil lu pernah dikejar soang kaga https://t.co/ktREjIsYD1,fear
turunkan banner bahlil!,happy
riccaa exclusive full exc seleb update: https://t.co/b8svLfNhld iphone17 bahlil riskanjut amelia koleksi viral https://t.co/8dr5sr7y41,sadness
@USER KAMU MAHH!!!! MASA ASAHI DIGANTI KE BAHLIL,anger
@USER besok ambil freebies aku ya foto bahlil,fear
bye bahlil,happy
@USER Saya fanboy Bahlil kak,happy
@USER Dmn ini kak? Td msh muka bahlil ,happy
hampir seperempat abad idup gapernah liat org sejelek bahlil sorry bgt,sadness
@USER ilmu olah sekelas kanda bahlil pun dimulai dari pengetahuan soal trivia2,fear
@USER besok kalo rame foto di banner bahlil aja phiii,fear
@USER Nyoblos Golkar karena Bahlil,happy
demi apapun ga ada dipikiran gua konser treasure pake banner Bahlil,happy
@USER Bahlil oppa ,happy
@USER @USER ini timpa2an sama si bahlil kah?,love
@USER @USER @USER @USER @USER @USER Udah gak ada yg gak mungkin sejak beliau berhasil mengganti airlangga dengan bahlil,love
women support women kecuali spesies Kesha cocok untuk papah bahlil aja Masih berlaku ga ini nonnie WKWKWKWK https://t.co/cOm2NH9YeZ,anger
BISA GA TURUNIN DULU MUKA BAHLIL? ,anger
@USER lah lu gamau ikut? secinta itu ya lu sm bahlil #kawalsampaimenikah #imabahlilforever,love
bahlil kalah saing gak si,anger
 Punya Gaji Tetap Jangan Ambil Hak Rakyat! Bahlil Lahadalia Ingatkan ASN Soal BBM Subsidi Lur Bahlil Lahadalia menegaskan bahwa BBM subsidi seperti Pertalite seharusnya diprioritaskan untuk masyarakat yang benar-benar membutuhkan bukan untuk kalangan mampu termasuk ASN. https://t.co/LaFcvIVslz,anger
Kita memasuki fase clipper Bahlil era. https://t.co/xVrKb1r8yK,sadness
list yang mau merubuhkan banner bahlil 1. alya,sadness
Malem baru dipasang tadi siang soal bgt liatnya muka Bahlil! :)),fear
Paling kesel dari gate mini ini adalah umbul-umbul yellow mukanya bahlil kampretttttt https://t.co/lJ1ZtcHPwY,sadness
Bahlil akankah menjadi ketuaa geng treasureeee,happy
bahlil oppa,happy
@USER Wait is that Bahlil Lahadalia (Minister of Energy and Mineral Resources)?,happy
SPANDUKK TREJO UDH DIPASANG BLUM YEAHH?? terakhir liat masih bahlil,anger
@USER thx: tahu herex cogil: cowo gila jabatan sbb: sorry banget bahlil hr: halah reza arap musikmenfess: tempat flexing selera musik tw: teddy widodo cw: coko widodo,happy
@USER Ngga sabar banget nonton bahlil joget move,fear
gak sudi banner ganteng ini disandingkan dgn yellow bahlil,sadness
Bahlil ahjussi mau joget darari,sadness
@USER sarangheyo bahlil oppa HUEK,happy
akhirnya ga ada agenda foto bersama bahlil itu,anger
Bahlil date ️️️ https://t.co/kxedJIBA4w,sadness
@USER kalo boleh tau bahlil siapa ya kak? hehehe maaf gakenal ^_^,anger
@USER Pantesan muka si Bahlil masih ada ga kak?,happy
@USER Kak jangan kak nanti jadi bahlil maker,fear
eh itu banner si bahlil bsk bakal dicopot gaksih? ,sadness
NI UDAH ADA BANNER JUNKYU LU PADA STOP NYURUH GWEH POTO SAMA BANNER BAHLIL Y ANJRIT,anger
@USER TADI UDH DATENG TAPI MASIH SI BAHLIL,anger
Itu banner trejo di mane sih gue tdi lewatin arah IA malah masih SI BAHLIL ANJAY,anger
bahlil astaga GW BENCI AUTOCORRECT,anger
@USER bahlil oppa,happy
@USER friends with bahlil,love
@USER Plss mau liat kakanda bahlil,happy
@USER Tapi yg bahlil barti dah di copot semua kan ya,anger
@USER yg jelas ga kaya bahlil,anger
@USER LAGIAN KONSER SIAPA KENAPA BANNER BAHLIL ANJ,anger
Curiga bsok Jeongwoo collab sama bahlil,happy
banner baru dipasangin tadi kesana masih muka bahlil ih betmut ,happy
@USER Boolnya bahlil bisa ngirim menfess ya?,happy
bahlil udh gada?,anger
Wowo Gibran Bahlil,happy
elaaah giliran gue udh balik aja males bgt liat si bahlil drtd lilll lilll ah betmut,fear
@USER Asahi menciptakan yellow untuk Bahlil oppa,happy
@USER kuranh cepet sama bahlil ka ,happy
Met mlem aa jungwoo smoga mimpi indah. Yg bkan aa jungwoo mimpi bahlil aj,happy
tau ga bisabisanya ga ngeh banner project udh terpasang malah keasikan foto sm banner bahlil ,anger
@USER Kasian bgt bahlil pasti kebanting bgt ini,fear
@USER treasure with bahlil,happy
@USER wah oke kak takut ketemu bahlil,fear
@USER KAK GK ADA SI BAHLIL KAN?,anger
@USER pake muka bahlil,happy
semua gara2 banner bahlil anj,happy
@USER Terus siapa yang menyerang Bahlil dan Teddy demi menjatuhkan Prabowo? Kenapa tidak langsung ke tujuan aja ada yg ngebet Prabowo lengser dan Gibran naik RI-1. Sudah pasti bapaknya pelaku drama serangan ke Bahlil dan Teddy,anger
emg kudunya banner begini yg kepasang buat cuci mata bukan banner bahlil,anger
alhamdulillah no more bahlil,happy
@USER bahlil sunbaenim,happy
terpantau belom turun juga nih banner si bahlil dkk https://t.co/l4SZABZrFY,sadness
@USER BENCI BGT HARI INI GABISA FOTO FOTO BANNER KARENA ADA MUKA BAHLIL,anger
@USER banner bahlil masih ada ga kak iel ,happy
@USER minimal lepas 2 hari lah gila malu bgt diliat teume ln yg nongol bahlil,fear
@USER bahlil sunbaenim besok mau ikit perform yellow katanyaa,happy
eh gue mau foto depan banner bahlil yellow deh...,sadness
@USER yg ga ngomong pacarnya bahlil,anger
@USER Bayangin deh ditiang yang sama tapi sebelah kanan muka Bahlil sebelah kiri muka jungwon ,fear
@USER katanya bahlil siap sayang sayangin nel,love
Bahlil Harusnya Malu Tugas Menteri ESDM Dikerjakan Presiden https://t.co/36c9LBNqUK,anger
Bahlil sunbaenim,happy
@USER bencii banget ga mauu takut enhypen trauma TAPIII BUAT INTERFANS GA PAPA biar pulang langsunh ke negaranya masing masin karna takut liat muka bahlil,fear
@USER ide Bahlil tentang pembelian gas hijau wajib pake ktp &amp; hanya dijual diagen resmi itu sebenarnya ide bagus. Asal insfrastruktur nya sudah mempuni.,anger
@USER Kak hati hati kak nanti kena pelet jadi bahlil maker,fear
BAHLIL SUNBAENIM ,anger
EH AMPE BESOK ITU BANNER BAHLIL MASIH ADA KAH???,anger
@USER Bahlil?,happy
yaampun bahlil sunbae https://t.co/ZjzsM7QtDO,sadness
@USER soalnya lebih bahaya kalo ah masih menjabat agak susah ngatur golkarnya tp bahlil ini jago jg main politiknya,fear
@USER Pake bahlil ya kakak,happy
Langsung diserang buzzer timothy setara kanda bahlil,sadness
@USER jangan lupa foto di banner nya bahlil kak wkwk,happy
@USER Kolom komen dipenuhi orang yang ga tau konteks wkwkw bahlil bisa jadi ketua golkar lewat siape emang cok. kok malah pada bilang ga pede bahlil maju yang dijagain si gibran ini kocak bahlil ga akan maju pilpres Ujung galahnya bahlil kan belum punya kendaraan eligible buat 2029.,anger
@USER kan pak bahlil sendiri yang bilang kak,anger
@USER Mending nonton konser bahlil,anger
Unboxing my bojo Kata adek gue Lah cakepan Bahlil https://t.co/Q8X33EAGTl,fear
@USER bannernya masih bahlil kak....,happy
@USER Ya tergantung orangnya kalo yg emang die hardnya Mega sampe mati ya bakal pilih pdip terus. Kalo Mega mati paling yg gantiin juga puan. Kalo Golkar emang sangat progresif sampe kanda bahlil mampu mengacak acak dominasi para elite.,anger
@USER TAKUT BGT BAHLIL SUNBAENIM ,fear
makin mirip mingyu deh km maaf ya sayang kemarin komunikasi kita jelek kita perbaiki lagi ya#fyp #bahlil #viral #bbm #jj https://t.co/xfYwMAZMLe,sadness
@USER bahlil sunbaenim,happy
benci bgt anj liat muka bahlil,happy
Besok ke IA lagi dengan style ala trainee YG gua mau poto sama baliho bahlil!!!!,anger
@USER bahlil ngaku se gen sama jyp,happy
@USER imtu bakal dicopot kapan deh???? masa imyah mau konser limhat muka bahlil ,happy
@USER @USER Walau nggak nonton sumpah benci banget liatnya. Aku adalah haters no 1 nya bahlil soalnya,love
Bahlil Harusnya Malu Tugas Menteri ESDM Dikerjakan Presiden https://t.co/6e6RlpgXNS,anger
@USER lahdalah ada bahlil,happy
PULANG NGANTOR GUE TBTB LIAT MUKA BAHLIL SEGEDE GABAN,anger
Bahlil tiap kali ngaca:,anger
 pak turun di deket poster bahlil ya https://t.co/ph8QGfvi9V,sadness
@USER foto sama junghwan pulang foto sawan (brcnda pa bahlil p pgn bensin turun donk) lafyu,happy
@USER yg bahlil yg monyet anjir (sorry),anger
HIKS HIKS KAKA CANTIK BAYARIN UKT AKU KAKA CANTIK MAKASIH UDAH SELALU CANTIK DAN KINYIS KINYIS KASIAN SEKALI KM KAKA CANTIK HARUS SENDIRIAN MENGINDAHKAN NKRI DI ERA JELEK NYA MUKA BAHLIL... GBK TOLONG PASANG BANNER KAKA CANTIK INI AJA DARIPADA MUKA BAHLIL ITU ️ https://t.co/4zqGzzDqWC,love
@USER bahlil sunbaenim,happy
@USER Muka shreknya ganti yang itu mirip bahlil,anger
@USER bahlil semakin di depan,love
@USER km pasti gbs bedain mn member mn bahlil y ka? saking miripnyqa?!?!?,fear
lusyu bangyet bahlil yellow era,happy
@USER Darah gw udeh terlanjur merah. Mau king lagi renyek Mau lagi tengkurep Mau lagi ngaduk semen Mau lagi gali goa. Tetep aja king terus mengalir dalam tubuh jiwa raga ini. Uanjay Bahlil ga tuh,anger
bahlil ngaku treasure,happy
@USER Anjir itu bahlil?,anger
@USER wall of bahlil https://t.co/71dJYEzNva,sadness
@USER Bet nu jā pārējiem 2 tas kas palika pāri no mums ,happy
@USER Zag wel redelijk wat verontwaardiging. En nu? Mogen mensen zelf bepalen wat ze meer of minder verontwaardigd?,happy
En matchbild som passar Gyökeres nu! ...om han nångång får en passning.,happy
@USER Karma nu iartă că tot el îi spunea fostului președinte Sleepy Joe @USER,happy
@USER @USER @USER Nu svamlar du igen Bosse. Jag konstaterade bara att det var män som var överrepresenterade i statistiken. Du blev galen. Tillhör du en av alla SDare som slår sin fru?,happy
Mere end halvdelen af løberne har allerede tilmeldt sig næste års Royal Copenhagen City Half. Tilmelding åben nu! SoMe ad RCCH2027 https://t.co/cutqTCpTi4 via @USER,sadness
@USER Loba fans KDM jd ngadoakeun Borneo nu juara da junjunganna dirujak ku warga X wkwkwkqk,anger
Vanmiddag bij de patisserie 4 Tom Poucen besteld voor maandag. € 16 60.... best duur. Maar één keer per jaar vind ik dat zo'n traktatie waar ik me nu al op verheug. Dat maakt het voor mij Koningsdag. En ja.....ik weet dat ze bij Hema Aldi etc. goedkoper zijn..,love
Nu i-a placut eyou-lui https://t.co/e9WA24XkBN,sadness
„Voi reveni. Dar nu voi reveni singură. - Anca Tompea oaspete Eko Group Vila. Un spațiu pentru conferințe lansări gale ateliere și recepții business într-un monument istoric viu. Rezervări și informații: 0771 303 303 corporate@USER.ro Strada Polonă 19 București https://t.co/rXRddWjHPx,sadness
@USER GT CSK night game na kooda entertainment irundirkum. Papom day game enna nadakuthu. Run fest ah irukumo oru sandegam. Chepauk day games namma dry pitch nu nenapom but usually flat than.,fear
JA. Daarom door dik endundoorzeten nu in gang is gezet beter voor hen .,sadness
@USER @USER En T stadskantoor zit nu in de moskee?,happy
@USER intradevar poate este fabricata de rusi dar daca nu ei au trimis-o la noi? se gasesc de vanzare pe siteurile ucrainene drone. Ce motive ar avea ei sa trimita la noi niste drone paralitice? mai bine du-te un pic la ucraineni si apara romanii care sunt maltrati acolo raule.,love
@USER @USER Ze wist bovendien prima op woe ze reageerde dus wie zijn er nu dom? En ik weet wie mij eerder vaker Hübscher noemde . Dus weer een bewijs erbij.,happy
25 Foto's van Feyenoord 021 -FC Twente Heracles 021 (4-1) nu online op https://t.co/WVMnlWm1sp 80 foto's op onze Facebookpagina https://t.co/AmBarbjMPH https://t.co/vUhWznNGmt,sadness
Holding these tickers? $SWK $NU $LLY @USER drops massive breakout winners every single day. My portfolio skyrocketed 6X higher from his perfect market calls.,sadness
NICOOOOOOOOO GONZALEEEEZ HOLD NU KÆFT EN KASSE,anger
@USER Achterlijk gedrag van die Saudi hoop dat Machida deze nu wint,happy
Un sergent de police est arrêté après avoir été surpris nu en train de se masturber près d'une aire de jeux pour enfants ; il reçoit une ordonnance de protection contre les risques sexuels.,sadness
Anders pakken de hotels het geld nu de gemeente. https://t.co/rUqh4iaor6,sadness
@USER @USER Volgens transfermarkt een LB geen wingback. 700 000 en 22j. Nunzio is er 200 000 meer waard om maar een idee te geven naar wie men aan t kijken is. Ndiaye komt nog terug zal deze nu al beter zijn? Mogelijks niet.,happy
Sampdoria med väldigt fin start och ett i mina ögon väldigt tveksamt bortdömt mål. Cesena i defensiv och uddlöst överlag men med matchens bästa möjlighet vid sidan av bortdömda målet precis nu. Hoppas detta kan ge de poäng som behövs för att allt ska kännas säkert och klart,love
@USER gaan jullie nu excuses aanbieden aan alle vrouwen voor het toeschrijven van deze massamoord aan een vrouw zonder meer? #NotOurCrimes,happy
@USER First time a honest opinion though high IQ /low IQ nu vanmatha thelichalum.. the fact you have spoke but still percentage will be more . I dont know how you took IQ level of voters. be careful when you use those words. In that category if you have your son or daughter will u use,love
@USER Left pandi dha adutha education minster nu talk pogudhu,happy
 HAN-NU-KAH HAN-NU- KAH like ok? Yeah!!! https://t.co/OsRnrudrtg,sadness
guru honorer nu teu nyieun vidio ucapan terimakasih ka bupati mulai isuk bakal di mutasi jadi barudak nyoride,happy
@USER Nē ražīgs mačs Vabulim 7 Kaucim 5 bet nu uzvarai visi 20,happy
@USER @USER @USER @USER Ma-ta-i c-u-r-V-aaaa free speech se numeste nu cred ca imi trebuie dovezi oligofreni cu diploma ce sunteti ba cum draq de sunteti asa de prosti ma ?️,love
Boek nu ! https://t.co/GbGroX0yVG https://t.co/5j3qnowldp,sadness
@USER Det är svårt att säga vad som kommer att hända nu när Ryska federationen faller sönder. Det kan vara så att vissa av Rysslands västra delar vill ansluta sig till Ukraina Europeiska unionen och Nato.,happy
Nu weer Apeldoorn. Heel Nederland wordt één AZC. 1000 gelukzoekers per maand. En nee het merendeel is niet een vluchteling uit een oorlogsgebied maar gewoon een ordinaire gelukzoeker. Waarom doet onze overheid ons dit aan? https://t.co/UAzh9HTGXd,sadness
@USER @USER @USER Är hela han askul nu plötsligt? Hjärnblödning deluxe.,love
@USER Njā..nu šajā eksperimentā runa ir par skaņas meditāciju.Skaņa ar attiecīgu hercu klausīšanos. Citos rakstos un atklājumos ir runa par skaņas AUM ietekmi uz smadzeņu darbību.,happy
@USER J vois pas le dors tout nu,happy
@USER @USER @USER Daar ligt nu precies het probleem. De wakkeren zijn vreselijk intolerant en gaan je actief stalken als je het niet met ze eens bent. Ze willen dat jij hun weg bewandeld. Ik merk dat als geen ander.,happy
VIDEO Prefectura Galați: Buldoexcavatorul nu a fost folosit în niciun moment pentru manipularea fragmentelor de dronă https://t.co/Y6HdFRJQRt,sadness
@USER Smooth criminal potu bathroom la aaduvom paaru oru dance nu enga சித்தப்பா solvaaru ,happy
@USER MI match try pannalam nu Iruka let's see https://t.co/LjRBhPhqZg,sadness
Dowman för Madueke nu tack,happy
@USER @USER Nej men sluta nu.,happy
@USER @USER Vi ska alltså gå bort från det frihandelsparadigmet som regerar nu till protektionism eller en handel med tullmurar? Frågan är genuint menad. För jag vill lära mig lite om ditt perspektiv.,happy
Of het nu gaat om het begeleiden van een ouder naar de dokter het verzorgen van een zieke partner of het ondersteunen van een kind met een beperking: het valt allemaal onder mantelzorg. https://t.co/KdYwuZNE75 https://t.co/GZZdere0s8,sadness
@USER Risken är väl att det blir för mycket måste vinna hos Rögle nu. Kan få fel effekt.,happy
@USER Un dobitoc!! Mai bine s-ar uita la ce pierderi are Rusia zilnic!! În 2025 Rusia a pierdut în medie 1145 de soldați pe zi cu vârfuri de peste 1500 de pierderi zilnice!! În total Rusia a pierdut în jur de 415.000 - 418.000 de militari în 2025!! Nu mai vorbesc despre echipamente.,anger
TREVOR HUDGINS JE SUIS TOUT NU DANS BERCY,anger
@USER Wierd Duk uit Israël komen nu ook mensen binnen. Dus mag er nu wel even gekeken worden. Geen mannetjes uit Israël. Zijn volkomen ontspoort toch? Kinderen hebben gebombardeerd en dan tot inkeer komen en vluchten? Niet naar Nederland toch?,happy
Vijay ku Mersal nu onnu iruku daa thevidi*a payale https://t.co/WbyxmkYcX5,sadness
Arsenal biko nu,happy
Statistieken zijn nu eenmaal racistisch.,happy
@USER @USER Een herseninfarct is iets wat je overkomt. Waar je niets aan kan doen. Wat ons nu overkomt is iets wat gepland is. De mensen die dit gepland hebben hebben hun schaapjes al lang op het droge.,happy
@USER Dus ik ben als eigenaar van een eigen woning nu een boomer. Met dank aan de jarenlange inflatie de aanhoudende massa-immigratie en overbevolking en door enorme vraag vanwege de woningbouw- en stikstofcrisis is mijn onderkomen nu een (klein) vermogen waard. OZB vaart er wel bij.,love
@USER Samarbetet med SD och nu löften om ministerposter i en eventuell kommande regering är ett stort svek. SD är ett judefientligt rasistiskt och homfobt parti. Eller är det bara vad som helst för makten ,happy
¡Hoy juega Leo Messi! El Inter Miami recibe al New England por una nueva fecha de la temporada 2026 de la MLS. El partido comenzará a las 20:30hs. y se jugará en el NU Stadium de Florida. El equipo del 10 argentino marcha segundo en la Conferencia Este. https://t.co/yyjrg3OGph,sadness
Nu ai habar cât de mult avantaj poți avea față de competiție doar discutând de 10x mai mult cu clienții tăi și ajutându-i real.,sadness
@USER @USER Wessel hij bouwt iets meer zekerheid in. Nu kan Sandler echt als laatste man functioneren nu Nuytinck voorstopper staat. Met ruimte in de rug van Sandler hebben we al aantal gezien dat het fout gaat.,happy
@USER 40% av Sverige är inte svenskar. De röstar nu för ökad invandring och förintelsen av det svenska folket.,happy
Ook wilde ik melden dat nu de onderhandelingen stokken ik het begrijp als de heer trump mijnenleggers opruimt. Ik support geen geweld maar ik support wel het voorkomen van natuurrampen.. ik hoop dat mocht zoiets geneuren dat er mijnenleggers worden aangevallen dat er geen..,love
@USER Hebben we nu met gas. Voedselzekerheid jaag boeren weg.,happy
@USER Inga paru oru vishayathula jeikurathu thaan real matter summa intha motivation speaker or samuthirakani punda mathir win or loss particpants matter nu thookitu varathanga. Karthick ramarajan mansoor alikhan nu evlo per arasiyal vanthurkanga summa thona thona nu,happy
@USER @USER Ja men de som hyllat Orban Putin och Trump i så många år har nu blivit en aning tystare.,love
Ik heb echt te doen met de ouders van die studenten the Zionist entity amai hun gast ging studeren en loopt daar nu rond als een hersenloze zombie het rectoraat aan het bezetten met z n gezicht verstopt achter een Iraakse sjaal. ,happy
@USER nu da eto vsyo normalno... davai belka blyat,happy
@USER Leave nu naattil vannadha Tuesday thirich povum,happy
@USER Tangnes* Lugnt. Tar det i två raka nu. Vill se lite Skellefteåtårar. Nya Brynäs att tycka synd om sig själva Nä ni e bra men vi står för en konstig mental kollaps. Ska bli spännande att se HUR vi studsar tillbaka hemma o tar två matcher. Om inte? Hatten av o grattis,love
Immonde insupportable 73 ans je me souviens de mes mini jupes mes hauts sans soutien gorge (quand même dans la décence) Seins nu sur la plage et nous n étions jamais agressées ,sadness
@USER Verwonderd mij maar met 7 personen in het ziekenhuis kunnen ze niet anders wordt onderzocht geen informatie voor het aantal branden van Steps fietsen of EV in Nederland is het Rond de 35 per maand waar u wel zeker van bent betaalt nu mee voor verzekering van hoger risico's.,love
@USER 45 kilometer netties en nu douchen 🇪🇸,happy
@USER @USER Asa era si pe bluesky dar cred ca nu ne plac schimbarile,happy
@USER @USER parerea mea e ca trump trateaza grecia ca pe un tip ok si lumea sare pe el ca pe un gafa uriasa dar serios cine nu a confundat o tara cu un prieten la un moment dat. eu nu iau politica in serios deloc oricum e doar divertisment pur.,love
@USER @USER @USER Tak nav pie šprices tik sen. Šis nu fufelis!,love
@USER Praatjes Olof vroeger was er geen netcongestie was er stroomaansluiting voor je huis of fabriek. Stroom was niet afhankelijk van het weer. Wind en zon zijn niet gratis maar nu gigantisch duur. Alleen aanpassing stroomnet kost meer dan €220 miljard!! https://t.co/y1AT9Kc3vr,happy
2 month munnadi Farmer wave nu oruthan sonnaan,happy
@USER @USER Dus sodemieter op met je Pahlavi-wichelroede en kijk naar de beesten die door precies dit soort apathie purisme en leunstoelwijsheden aan de macht blijven. Het verschil tussen jou en Pahlavi is dat hij het volk nu wil laten kiezen en jij die keuze voor hen wel even maakt ,love
@USER Dei poramboku saravanan apdi nu una koopta una ku oke VA da,happy
nu ratați? pigthree منتجات تيمو Temu اليومية تصبح بسعر أقل عند إدخال كود يمنح خصم باستخدام كوبون https://t.co/KE5WBK8pBb,sadness
@USER Hehehhe Nu is just aurafarming,happy
Gefeliciteerd Willie! Wij kunnen maandag helaas niet komen dus we nemen nu alvast een tompouce. Groetjes aan Max en de kids https://t.co/jGPtYOK4l9,sadness
Israeliska regeringen nu: Netanyahu orders IDF to strike Hezbollah targets 'forcefully' in Lebanon ,happy
@USER @USER Lusu velaiku kuda porana illaya nu therila S anna zip dhan 24 hrs vijay kitta kuda poga mattan,happy
Thanks to Head and Klaasen .. 3 overs delay chesi NRR gabbu leparu .. easy gaa Lolcb nu dimpi no2 ellevaallam ..,anger
Lekker van t heerlijke weer genoten beetje gewinkeld voor moederdag en nu lekker pasta koken ,happy
@USER @USER Kalki nu cross cheyaledha yentha age needhi ???,happy
Oké na al dat agressieve gedrag van gisteren en nu dit gesprek met Ricky Ben ik er van overtuigd dat er toch iets van drugs die loods in is gekomen #debondgenoten,happy
@USER @USER Ja het Amerikaanse USAID Office of Inspector General (OIG) heeft een actief en uitgebreid onderzoek lopen naar meer dan 100 UNRWA-medewerkers wegens mogelijke Hamas-connecties en betrokkenheid bij de 7 oktober 2023-aanvallen. In maart 2026 werd dit nog verder uitgebreid; tot nu,love
@USER Twittrar du om HockeyAllsvenskan? Trodde du hade full sjå med SHL nu? Eller fortsätter du hålla koll så du är redo när Löven åker ur SHL nästa år? ,happy
@USER @USER @USER Galet fin bong tur du inte valde att dubbla i 6:e som det vurmades för i streamen. Men nu finns ju facit o betydligt enklare då. Streamen är ett jävla bra verktyg att lägga till sina egna idéer. Underhållningen är magisk ibland⭐️⭐️.,happy
@USER Stel je nu frieten eten en bier drinken gelijk met verwarmen en autorijden? Zelfs geen verwijzing naar fossiele brandstoffen meer nodig Dit komt dicht bij boeten gij zondaar .,happy
@USER Har nu en ny idol och överväger att ändra username till Vet Hut.,happy
@USER @USER Ja had ze zijn nu jong volwassen maar ja naar feestjes sport vriendinnen en ik bracht ze 10 jaar lang de grens over voor beter onderwijs dagelijks 80 km! 20 heen en 20 terug elke ochtend en avond! Opvang wel beter geregeld in België,happy
@USER Oi Wei šitais aktieris nu vangotājs nu labāks par Vangu,happy
Adutha vijay nu naasukka sollu bro. https://t.co/eOdLm0eKPn,sadness
@USER @USER Bro summa than bro solluraru fun nu than,happy
@USER @USER @USER Laat maar die het de bek van Sien ooievaar nog in de reed. Hij piept nu anders ,happy
Ricky!!! Kijk uit!! Elvis staat nu achter jou!!!! #debondgenoten,happy
@USER Förutom att Centern alltid köper den dyraste reklamen i valrörelserna så är det väl inte helt uteslutet att det varit en del gröna placeringar som slagit fel. Är det nu vi skall gissa vem Lytens hemliga investerare är?,happy
tenho vergonha de falar q gosto de nu metal pq a fandom é isso ae https://t.co/Eq0Yq0og6z,sadness
@USER Construcția la autostrada București-Constanța a început în 1992 pe timpul lui Petre Roman și a fost dată în folosință dacă nu mă înșel în totalitate în 2022.Îți dai seama cât s-a furat?România onestă a infractorilor.,happy
Ippidithaan mathur sathya nu oru olandi... See more,happy
@USER Slaat nergens op. Je komt nu voortdurend onder druk te staan. Afstand naar voren veel te groot. Recept voor ellende.,happy
@USER Wordt u nu ook al door @USER betaald?,happy
@USER Nasha kaunsa karte ho bhai? Mamata winning 2/3rd majority Bjp it jokers doesn't know anything about bengal ground reality Mamata winning by a lot Save this Suvendu and Omit shah nu will retire after 4th may ,happy
@USER @USER @USER @USER Fir jehre bsf da area inc. kita c 2 saal pehla Plus cal. The no. of bangladeshi deported in this Regime and previous one Bhravva bhakti wcho bhar ajaa Eh barri barri thagi jande a Baki hun reply nah kri dimag khan nu mera,love
@USER Het wachten is nu op de eerste stevige hagelbui. Dagelijks de lucht plamuren met chemtrails gaat ook niet helpen.,happy
Ivanga la epadi than ivvalavu arajagam la face panni iruppanga nu theriyala Some things seem unbearable even when we think about them. Really #TVKVijay,sadness
#SidhuMooseWala #JusticeForSidhuMooseWala LAWRENCE BISHNOI TAE BNNI WEB SERIES BAN KITI AA CENTRE SARKAAR NE OHNA NU DEO DHAMKI SIDHU VEERA DA BAAPU G NE KYU THREAT DERE OO !! https://t.co/T5GFF3BsIU,love
@USER Idhu enna trend paatha.. Rendu katchiyum 115-115 nu irukkum pola..,happy
@USER Je provoceert je irriteert zeker nu op dit moment. Je doet dit om reacties uit te lokken na dat vreselijke bericht van je vriend en nu speel je de onschuld zelve. Geeft niks maar het is overduidelijk dat jij je een Ubermensch voelt.,love
May 4 Real Dummy Punda Yaarunu Parpom Vijay Punda Mavanku Vote Pota Thayolis Engada Irukuringa S Fans Wotha cinema Vera Arasiyal Vara Nu Solittu Vantha Vaay La Thooki Vaippen Ensunniya ‍️,happy
@USER @USER @USER Here enga booth agent ku en husband full support panni BLA avara இருந்தார்.. first i didnt trust him.. but he was the support for us.. bcoz booth la tvk name ella nu sollitanga .. nanga vera new thana? Payanthutom but avar than argue panni BLA va இருந்தார்.. then pavam tired,love
@USER @USER Loan Loan. Skärp dig. Du ser inte klarögt nu.,happy
@USER Um dos melhores do nu metal. Álbum absurdo de bom.,anger
Guys enaku oru chinna enaku 50 % vijay anna cm aayiduvaarunu nambikaa iruku but balance andha 50 % enga makkal avaraa emaathiduvaangalo nu thonudhu neenga enna nenaikiringa can someone make me clear ️‍ vijay anna jeichiduvaaru la #TVKVijay‌ #TVKVijay‌HQ #virtualwarriors,happy
@USER Nicușor nu ia decizii in PSD. El doar ajută cit poate.,happy
@USER På X och FB har ni sedan 13 mars delat 4 mätningar om att förtroendet för Simona ökar (2 Demoskop 1 Novus och nu denna) och 2 inlägg om Demoskops mätning där L får 4 5%. Men inte någon partimätning från Sentio Indikator Verian Novus eller Ipsos där L står i stort sett still.,love
@USER sunt ponei nu copii.,happy
@USER @USER @USER Het hele windpark ligt offshore (onderhoud?) wat nu niet direct dichtbij de verbruikers is. SMRs kun je over het land verspreiden met minimaal landverbruik. Ik denk dat 14 grote kerncentrales een beter idee is. Maar grootschalig wind wordt het niet.,happy
@USER @USER Als ze tegen Zwarte Piet waren dan had de politie geschoten. Maar nee nu zijn het vriendjes van @USER en @USER aanhang dan mag het ineens wel. En doet de politie niets. #nietmijnkabinet,happy
@USER Antha naainga veetla iruka chinna kolanthainga paavam nu ninaikala.. Inga suthura TVK yematra nilai ku poganum,happy
@USER Sorry inte just nu det är påväg! ,happy
1000 line code adikra engalukku idhellaam Oru challenge nu solittu https://t.co/Udu8s3IYUX,sadness
@USER Ja herregud Anders nu säger du att könsstympningar är en följd det svenska friskolesystemet. Din retorik är verkligen bedrövlig.,happy
kadi itfaq howa hai police nu stateforward galasalman khan sb roti bulva ke khava diya kar,sadness
@USER En nu is ze begonnen aan het nagerecht https://t.co/HxgELGRJXa,sadness
@USER Nu am văzut filmul. Cartea e foarte bună.,happy
@USER Father of how many children of 3 wife da @USER intha naai 2 wife Oda 2nd son Iva @USER pillaye illa nu assembly pesuna naai than Dhakshnamoorthy,love
@USER மே 4 க்கு அப்பறம் மாடு மேய்க்குற கவர்ன்மென்ட் வேலை கிடைக்க போகுது nu நினைச்சி மட bn கனவு கண்டுட்டு இருக்கான் போல ,happy
Keik iz ik hept ob ut grint leggu rollu ben egt stovvug nu. https://t.co/hdMNKLGmgC,sadness
Det er et større steal end Argentina Brasilien i 1990. Og hvilket herligt steal det var dengang. Kom nu Manchester City. #ManCity,happy
Only TVK jokers speak ignorant lies confidently!!! Max per booth is 1500 eppudura 10000 nu adichu vidra https://t.co/T1CckHeK5U,sadness
@USER Maar ook nu nog heel bijzonder. Voor altijd een beetje van ons.,happy
@USER Arasiyal ellarum padika vendiya onnu dhan da mutta payaley unaku arivu iruntha avngaluku arasiyal Yaruku vote podanum ethuku vote podanum nu solli kudukanum da ... Arasiyal kandipa pesi dhan da aganum,happy
NU ONLINE: Scooterrijder gewond na botsing met auto Schoemakerstraat Delft https://t.co/UFrsT00wv0,sadness
@USER @USER Op een brancard afvoeren. Oe ist: ben je nu ambulancebroeder of doe je nog een poging om een beetje gezag uit te stralen.,happy
@USER @USER Fleix Ajith kuda ela nalum varathu illaiye.. pblm is when the moderator or someone else asks questions this ppl just escape by saying u hv to ask that to Tvk nu.. ana tvk not giving regular press meets. So the questions always remain open ,love
@USER @USER @USER @USER @USER @USER @USER @USER @USER @USER @USER @USER @USER @USER Nan kuda new film update nu nenachen bro! https://t.co/vqo67lnTNH,love
@USER Adevarul:UE prin Bolojaf si MUC au distrus complet RO care nu mai are industrie agricultura sector privat nimic. UE a bagat RO in recesiune-junk. A dus inflatia la 11.5% cea mai mare din EU somajul la 9% deficitul la 9.9% datorila 230 miliarde euro a bagat 8 mil in saracie,love
Nyakopong nsa nu no icing,happy
@USER @USER @USER Vind het juist ok. Schreuder bouwt juist iets meer zekerheid in. Sandler kan er nu achter spelen. Minder ruimte achter hem.,happy
@USER @USER @USER @USER @USER @USER @USER @USER Leef je onder een steen of zo. Jongeren staan gemiddeld 10 tot 12 jaar in geschreven voor een woning. En dat gaat nu nog verder oplopen. Dat vanaf je 18e. Dus reken maar uit. Voor je het weet ben je veertig. En heb je geen gezin kunnen krijgen. Dus vergrijzing wordt erger.,love
@USER Nane iniku dhan idha realize senjen.. Mrng Dhideernu.. Vijay ya Thitra video va Enaku kekra maari enga appa sound vacharu.. Ipo nit.. Enga amma vaikranga. Tats when i realized.. Something is wrong nu.,happy
@USER Allt tyder på att de avsätter nu hastigt resurser till övergången till elbilar. Kina gjorde det redan och Europa vill inte falla efter. En stor politisk fråga kommer att vara beskattningen av elbilsbränsle. Kommer staten att mäta milen med GPS och beskatta per kilometer?,love
@USER @USER Enna match Enna team nu theriyama,happy
@USER Har time ba ye Darla chai jorrolo nu khud ba Zindagi haseen wa ,happy
@USER Suthi iruka ellarum rapist nu chinna pullaiku terla paavam ,happy
@USER @USER Apdiya apa abroad kelambi poiru intha aatchila iruka mudila nu than abroad poitu tn marananum nu flight la varanga nriya peru ombitu kada,happy
@USER Noneho wagirango nu musatsi,happy
@USER Simion și lulea spala bani pentru mafioții fi transnistria de vreo 3 ani. Omul e milionar din asta nu mai are nevoie de subventie de la stat. De ce crezi ca insista cu asta? A găsit alta sursa de finanțare.,happy
@USER @USER Adevărul nu poate fi interzis de nici o lege! Istoria faptele sunt adevăr absolut nu poți fi condamnat că spui adevărul adevărat!,happy
Rocca valgte derfor at gå videre med det til det civile retssystem hvor anklagemyndigheden i Milano nu er ved at færdiggøre undersøgelsen. Rocca klagede over at det ikke var de dygtigste dommere som blev valdt til visse kampe men de dommere som var loyale overfor ledelsen. &gt;,love
@USER @USER @USER Ja precies heel de arme wereld kan niet wachten op uw voorrang van deze woningen En dan nog is er zoiezo geen werk voor deze aantallen. We hebben nu al 900.000 mensen in de WIA +/- 430.000 In de bijstand en dan nog de wajong +/- 150.000. En alweer mag niet gekeken worden op afk.,love
Wat een pessimisme in aanloop naar de wedstrijd zeg. Denk juist dat er een last van de spelers afvalt nu de beker erop zit. Vol gas voor een hoge eindklassering ️. #twenec,sadness
@USER @USER Ik zie dat NU al .,happy
@USER @USER @USER @USER Alles is volledig georchestreerd volgens een globalistische agenda. Als het al niet duidelijk was dan is het dat nu wel. Nationaal belang ondergeschikt en het lijkt in een stroomversnelling te komen.,happy
Nu har jeg i 1 time forsøgt at oprette og betale for at bruge DirekteSport så jeg kan se boksning. Alle gange melder den fejl! Fuck et lorte produkt! Alle andre kampe Jakob Bank har bokset har været vist på DAZN men ikke den her https://t.co/cJmMKwhRLk,sadness
Si eu care credeam ca e razboi! Dar nu e RAZOI!! Mama ei de scoala on-line https://t.co/mzGmqkiGIp,sadness
Org kabupaten mah dibere bare minimum ge geus atoh bnr2 karunya ningalina pdhl nu kitu mah geus kawajiban,sadness
@USER @USER @USER Ok.. Apo naamalum wait pannuvom.. Naa vijay bro ku vote podanum nu dha voter id two months back dha transfer pannen.. So enna vida seniors irukanga,love
@USER @USER Wat heb jij toch met geraniums? Daar kom je eerder achter terecht als je het nu al voor gezien houdt. ,happy
@USER Asta inseamna ca sunt si parintii tai printre ei nu-i asa ??,happy
Longest ACTIVE consecutive final four appearances DLSU: 16 seasons UST: 6 seasons NU: 5 seasons AdU: 1 season #UAAPSeason,happy
When the week opened I was looking forward to go long but the market reversed too fast whilst I was asleep. Then it ranged wanted to be positioned above/below the high/low 1 loss on gold only trade on the account no forced trades on AU &amp; NU no blown account -0.8% first week https://t.co/YaU7J7B5Vk,love
@USER Nu doe je het weer. Durf je geen antwoord te geven? Nou?,happy
@USER @USER @USER Hade en biltillverkare levererat en bil med så allvarliga fel som PS levererar utan att återkalla dem så hade de varit i konkurs nu. Public Service däremot kör på i 300 km/h i vänsterfilen utan bromsar halvljus eller säkerhetsbälte.,happy
@USER Nu cred. Nici dusmanilor nu le-ai face atat rau.,happy
@USER Jag försöker vara tolerant men att ljuga så medvetet av politiska skäl är så jävla vidrigt så du ligger farligt nära en block nu.,sadness
@USER @USER @USER Wij de ridders van het vrije woord en de geblokten door Blommenstijn zouden ons moeten verenigingen. Omroep BlokDoos. Die beginnersfouten van Peter maak ik niet hoor. Wie neemt er nu in godsnaam Beertema aan?!,happy
Featured ad: Nu metal covers band start up (Hastings) https://t.co/Xj8vYGy9M7,sadness
@USER Jammer jôh maar Bart was valser dan jij. Dus jij hebt verloren (alweer). Kan je weer pikkie meten met je AIVD collega Bart wie nu weer de meeste 'impact' had.,happy
@USER En nu een met een blanke man + 2 geyle moslimas. ,happy
@USER nu quidito que você tá dançano,happy
@USER Ja toll und nu?,anger
@USER Nu är det all in från sossarna kvinnor som går att koppla till invandring smutskastas de som sossarna ser som rasrena hyllas som framtidens ljus. Ta skydd muslimer/araber nu visar sossarna återogen sitt rätta vidriga ansikte och göder sina nazistiska rötter. Sossar är svin!,love
@USER Dank je wel dankzij jouw kan ik nu tot rustkomen ,happy
@USER Gandhi King en Xr in 1 adem? Hoe erg ben je dan van de pot gerukt? Die elitaire werkschuwe paupers staan daar dingen te eisen die helemaal niet kunnen. Nu niet. En over 10 jaar ook niet. Totaal wereldvreemd.,happy
@USER Joe En wat ga je zeggen tegen je collega van J&amp;V? Of worden er nu kamervragen gesteld? Of weet je stiekem al waarom en plaats je een zinloos berichtje vd likes? want zo werkt het toch,happy
Beetje jammer dat mensen hier Ricky nu als gekkie bestempelen. Ik vind het juist van intelligentie getuigen dat hij nadenkt over bepaalde dingen en niet alles voor zoete koek aanneemt wat ons voorgeschoteld wordt. #debondgenoten,happy
11 o clock Tea kadaiku tea kudika ponen Last tea asaiya vagi orama vachutu gpay pandradhu kulla dust villudhuruchu Seri nu extra 25 pay pani rose milk vagi kudhuhen.... It's so good But ipoo tea kedikallnu varutha padavaa or happy for rose milk ,happy
Quiet minutes loud growth from Marga KYK Altea today. You can really see the improvement in her reception and defense; small details big impact. Praying for even bigger contributions in the knockout games vs AdU and NU &amp; hopefully all the way to the finals against la salle https://t.co/P3XkC02Qwn,anger
@USER @USER Hallo onderdanige stuur me nu een bericht.,happy
@USER @USER Nu als iemand een beter idee heeft geen probleem maar dit is het toch niet,happy
@USER Nu man is just on another level this season,anger
Skellefteå är bombsäkra på guld. Media skelles twitterkrigare m.m. Nu vänder serien till Sveriges bästa fans. Vi kommer göra allt för vända. Tisdag kör vi. #Närvivänder.,sadness
Nu forhandler Mette med Al Qaida... Mette Frederiksen har diskuteret hjemsendelser med den syriske præsident | Nyheder | DR https://t.co/KdqzZKAHaO,sadness
nu ratați? kTMcJU ⎐كُـود⎐كوبِون⎐خـِصم⎐ عرض مميز ⎐ريفا_⎐ ⊵NAD5⊴ ستايلي⊴ ⊵WM⊴ ⎐ايهرب⎐ايهيرب اهرب ⊵NCE7042⊴ https://t.co/CYDl7jYZQw,sadness
Als zijnde handelsman is Trump nu jaloers op de prestatie van China....... daar komt hij niet overheen,happy
@USER @USER Ik heb de rapportages ook weer gezien van deze hautaine én antisemitische lui zwaaiend met een #terreurvlag. Komaan hey politiek wanneer verbieden jullie dit nu eens echt en sla je die lui direct met knuppels zoals jullie óók bij #AZCprotesten doen. Mensen hebben géén begrip.,love
@USER Furchtbar!!!!!!! Wird er gegessen in China essens ja alles quasi! War nu nie u werd auch nie in ein ChinaReataurant gehen,happy
@USER @USER Læs nu artiklen og se fotoet lille Tomse. Og lad venligst være med at forsøge at pudse virksomheder på folk.,happy
@USER Nu știu dacă va crede pe toți însă pe suveraniști cu siguranță,happy
@USER Adhan I asked from which one nu ,happy
Eerder was Jan raadslid en fractievoorzitter voor de PvdA in Katwijk. Nu is hij penningmeester bij de DUNAatelier en voorzitter van zijn lokale wijkvereniging. Met z'n scherpe blik gaat hij onze fractie versterken en moeilijke dossiers vreten.,happy
Jan was jarenlang horeca-ondernemer en eigenaar van café Boeien. Hij kent Katwijk van alle kanten: als ondernemer als vrijwilliger als oud-raadslid en als betrokken burger. Met die bak aan ervaring gaat Jan zich nu inzetten op de onderwerpen Financiën Economie en Vastgoed! https://t.co/cdX8WUz5Lh,sadness
@USER Onz vrouwmens waz ook naar Utregt maar ob trugweg hebd su du furkeerdu trijn gunome haha daz lachu maar nu iz su tuis. Heel gusellug waz ut.,happy
@USER Ik herinner mij dat ik op mijn Insta feed een meneer kreeg die van die sketches upload van fans die puur fictief 10 jaar in coma waren en nu ontwaakte. Ergens wel hilarisch maar hij is een Liverpoolian ...,happy
@USER He dat is dan weer ongemakkelijk; heel 'erg woke' en de harde realiteit in één en dezelfde demonstratie. Wie moeten ze daar nu op afsturen. ,happy
@USER Nu denk ik dat BDW een job ambieert bij de EU dus...,happy
@USER b-bapakku nu @USER @USER @USER @USER @USER @USER https://t.co/HsVHUHY9tG,fear
nu ratați? Icm ⎐كُـود⎐كوبِون⎐خـِصم⎐ عرض سريع النهاردة ⎐ايهرب⎐ايهيرب اهرب ⊵NCE7042⊴ ⎐نون⎐ ⊵NKW⊴ ستايلي⊴ ⊵WM⊴ Icm https://t.co/zEVLmMDgnY,sadness
@USER Det funkar dåligt nu eller?,happy
 Cum să nu susții un asemenea om?! Nu mă interesează cum îl cheamă de la ce partid e ci determinarea asumarea și curajul lui https://t.co/7nyqCYQj8l,sadness
Inget värre än att ha scoutat en aktie men man gick inte in. Sen nu den går som raket. Siemens Energy ,sadness
Mike McCarthy har forøvrigt en super weird historik med at tage tonsvis af Iowa-spillere. Nu er det to. Wetjen virker som et solidt reach. Ikke super imponeret over hvordan Steelers' draftproces har været. Resultaterne kan godt blive fine men processen virker flawed,happy
@USER @USER @USER @USER Oh zo. Dat blijkt wel inderdaad Te weinig in verdiept. En vergis me wel vaker overigens. Er blijven maar weinig oprechte Nederlandse media mensen over. Maar nu weet ik t ook!,happy
Wauw! Bestel hem nu en lees binnenkort dit fantastische feelgood verhaal! https://t.co/MUoLTmLm7C,sadness
@USER U als toezichthouder en oud Tweede Kamerlid zou hier de vinger op de zere plek kunnen leggen. De situatie is niet uit de lucht komen vallen. Er is al maanden gewaarschuwd. Impactanalyse onthouden. Bij Logius is een toezicht probleem nu DigiD einde jaar de EUDI wallet.,love
@USER @USER Maliye bakanın İngiliz vatandaşı hıyar.Sen ne anlatıyorsun.Yazsana bir Şimşek bakanına ya da Akp genel başkanına tepkini göster bakalım da görelim samimiyetini.Ayrıca bkunda boncuk arar gibi açık arayacağına Tevhidi Tedrisat Kanunu nu bir oku.,happy
emg moal bisa mikir ari nu jelema bu mah barang teu balik deui duit eweuh,sadness
 100 to 89 3 months la korachitten athukkapram extreme diet workout change daily 5 km walk nu enna korali vithai panniyum apdiye irukku ,sadness
@USER @USER Ce comentarii personale? Te-ai simțit lezat de comentariu meu? Ești decerebat? Nu vezi ca tu ai sărit cu injurii fara sa te bage nimeni în seamă? Duce te ai după Ceaușescu de babuin georgist,happy
@USER Se trata siempre del entrenador @USER que va a ganar si nu fue capaz de ganar la Copa y la perdió contra el todopoderoso Real Sociedad Simeone siempre está haciendo el ridículo,happy
@USER Ama sis.. Maximum politicians velinadu poyitu mudhalidu eerkka poren nu namma tax la oor suthitu.. Avanga money ah safe ah invest pannitu.. Kai veesitu varuvanga.. Naamalum inga edhuna pudhusa company varum nu wait pannitu irupom.. Namakum palagiduchu la,anger
@USER @USER Șobolan la șobolan nu își roade coada. Se pare că ăștia sunt exact așa cum a spus d- l Georgescu: nu au nimic uman în ei.,happy
@USER Tja dat was ook in het leven geroepen om de werkgever te laten zorgen (dwingen) voor meer veiligheid (minder ongevallen). En de stress is voor een groot deel ook de schuld van de werkgever! Dus ja de wet is goed zoals het nu is.,happy
@USER Bro naavu kododralli expert galu Avrige nav kotre ello uriyutte.. First inda nu aste avru madudre class naavu madidru yappa antare crybabies avru Ignore bro,happy
@USER @USER Nu es jau arī viņi brauks apkārt jo tie komuņagas tai ielā nedzīvo viņiem po ka kāds nomirs,happy
@USER @USER hur var det nu då? Har du kört hitte på spåret?,happy
@USER @USER cu siguranță nu fals,happy
@USER Jag jobbar i detta nu med att ordna en flytt för 2 5 mil av medeltida handskrifter kartor etc. Ja jag vet vad fastighetsägare betyder och vad de bestämmer. men om man vill känna sig pubertetsradikal kan man ju alltid låta bli att lyssna på fakta och känna lite mer.,love
@USER Madurai la ye dummy clg solamalai apdi oru clg iruku nu inga ye paathi peruku theriyathu.... Ithula anga ground la nadathina... Lakh la kootama da varum.... Antha clg ground ivalo thaan da ‍️,happy
@USER @USER Athuku than nangalavathu block panrom nu solrom di,happy
@USER Anil nu theriyum,happy
@USER Ja Bart je gedachten gaan hun eigen gang je hebt ze niet meer onder controle. Dat gebeurt nu eenmaal in het voorstadium van dementie. Niets aan te doen. Dan komt de ware aard naar boven. Niet meer bedekt door het laagje beschaving wat je van huisuit is meegegeven. We kennen je.,love
Ets amor present el brill del teus ulls ho diuen la teva essència és un llenç ple d'emocions el teu somriure és melodia subtil el teu cos nu marca una actitud de presència que m'agrada.. Llavors et beso i és màgia pura els teus llavis fan bategar el cor amb https://t.co/hHzPJbyvTq,love
Ook nog twee wassen gedraaid en mijn bed verschoond. Alles doet zeer Ben geen 18 meer Nu doe ik niets meer en ga gestrekt op de bank Wie is de Mol kijken. https://t.co/I0LivsocSv,sadness
@USER @USER @USER Det er både og ... den argentinske Junta angreb også Falklandsøerne for at vende fokus væk for den katastrofale økonomiske situation. Lidt som nu og så selvfølgelig Milei som en vasal af Israels forende stater. https://t.co/bD28TiECJV,fear
Indirect ah naa retire aagiten da bundaigala nu solluraapdi,happy
@USER Și cu toate astea ai votat pentru un fals grosolan. Nu are diploma de absolvire.,happy
@USER Er staat een woord in je reactie dan lees ik niet eens meer verder. Hoop dat je het nooit krijgt. Maar nu op block.,happy
@USER @USER @USER I think he body shamed Tamilisai or puthu matter ah nu therla,love
@USER Dus als mensen geen lid worden doen jullie er niks aan? Je kunt je nu toch gewoon inzetten daarvoor? Had in diverse gemeentes wellicht nog gelukt als jullie aan tafel hadden gezeten zelfs. Zie niet in hoe het lid worden iets doet daarvoor.,love
@USER 20 saal nu ihna da hi raj aa Punjab andar so chupp karke behjo Cuck parcharkan aala choopa je mooh cho aapne lok kaddan ge taah hi hona kuch Parr ihna ne kadd na nahi ( ikk Malak de bande haan aali klanngiri dimag nu charr gayi aa ihna de),love
Op 19 maart werd het aangekondigd nu ligt het in de winkels van @USER: het boek Adventure Has a New Name - The Making of #Disney Adventure World . Een collector s item van liefst 444 pagina s vol artwork (archief)foto s en interviews met imagineers. https://t.co/FVLZRaLOWd,sadness
OH WACHT - EX BIJ1 Nu is alles duidelijk 020 BUBBEL ,anger
Se livet återvända till Turkiets Dammirtaş-damm torr som en fårhage i åratal nu plötsligt svämmar över av vatten. Allt detta direkt efter att attacker drabbat Förenade Arabemiratens väderkontrollcentraler. Bara en slump eller hur? Följ oss för uppdateringar,happy
@USER von der EU gestürzte regierungen - einmischung in wahlen... - ...kann mich nu nicht erinnern!: sorry!,happy
@USER @USER Wel knuppels. Verder is XR extreemrechts tuig dankbaar! Jullie hebben veel capaciteit van de politie gebruikt. Nu zelf blokkeren. Zorgt voor veel aandacht. XR tref je Daan niet mee. Die gaan met het OV. Idee: spoorblokkade?,happy
@USER @USER Hallo Nva zat van 2014 tot 2018 on regering Michel en sedert feb 2025 als premier. En bij de Vlaamse regering al 20 jaar presidenten afgeleverd. Dus kansen genoeg gehad en flauw om begrotingsschulden nu op anderen te steken. Eerlijk blijven aub,happy
@USER @USER Ik zou ook besparen op de huis vergoeding nu onder andere naam gewoon verkapt en ook buitensporige uittreding vergoedingen das al een mooi begin @USER al die partijtjes ziek in zelfde bedje het zijn altijd de anderen die moeten besparen..,happy
@USER Ivlo naal evlo members nu kaatalaya. Why this is trending now ?,happy
Papatayin nyo tlga ako sa kilig nu #capkrys,happy
@USER I didn t talk about Tvk a dmk kothadimai said 90% tn girls are Attu figures the are insecure to even like Ajith or Madhavan so they live Vijay nu avanukku potten,happy
@USER @USER @USER când spui despre Ucraina ca e o tara care nici măcar nu există e inventată repeți ca un papagal propaganda putinistă despre orice țară pe care Putin vrea să o invadeze. Oare ce pozitie ai avea dacă Putin va spune acelaşi lucru și despre România?!?,love
Me cousin nu phone krke keha c 19 ve over ch jitt jange ,sadness
Anga Sk vanthu D STR Surya nu etc etc ella tier 2 heros ah yu adichu gaali pantu nikkuraan .. loosu koothi relatable character ah 5 nalla padam nadicha lae iruka fans Achu irupangea ...ipa athum ilama dummy ah poitye naeeeeee ,happy
Nalaiku match aduna than cake nu solungada antha aalu kita,happy
@USER To exercise any of these rights contact us at legal@USER.social https://t.co/SM7ylVP6kw Daca formularea cererilor e asimetric mai usoara pentru noi acum... i-as pune la munca de ce nu? https://t.co/iWoNGT5t3J https://t.co/1V5QbCvEB1,sadness
@USER Bro ava saraku adichutu enna pandrathu nu theriyama suthitu irukq,happy
@USER @USER @USER da da si apa-i uda si soarele-i cald altceva in afara de rahatul asta cu rusii mai aveti? Voi atat de idioti sunteti incat capul nu va ajuta sa intelegeti ca viitorul Europei este alaturi de Rusia nu alturi de un prieten de peste ocean pacificatorul suprem,love
@USER Boobalan nu kelvi patrukam,happy
@USER Sou a favor de abrirem um stand em Interlagos e abrirem as vendas só pra quem tem nu!!!,happy
NU ‍ https://t.co/ZiYhBZH55k,sadness
@USER Nu gan tāds pašvaks galds sanācis. neviena paša sklandurauša ko viesiem pacienāt.,happy
@USER @USER @USER Hacıosmanoğlu nu siz seçtiniz utanmadan Allah'ı karıştırma bari. Allahin sayesinde olduğunu sanacak kadar salaksın bu Allah ailene sabır versin yazık.,happy
@USER @USER Det finns ju folk som anser att Socialdemokraterna och Centerpartiet är vänster. Personligen ser jag mig inte som vänster och anser att Vänsterpartiet är det enda partiet som är vänster i svensk politik. Men nu hade denna tråd faktiskt ingenting med politik att göra.,love
@USER Is helemaal waar maar na een paar jaar ben ik wel een beetje murw ik kan alleen maar hopen dat de jeugd zijn eigen conclusies trekt misschien niet nu gelijk maar er komt een moment van zelfreflectie deze grijze engerds zijn die fase allang voorbij.,love
@USER Super en wat een resultaat! Ik heb zelf 7 maanden het carnivore dieet gevolgd 1 maand lions gedaan. Nu animal-based keto. Idd een lifestyle.,happy
1000? Dan zoek ik nu maar niet verder naar een huis daar ....,happy
Nu står vi så på kanten til semifinalerne og her mødes Rayo og Strasbourg. Vi er altså sikre på at et hold fra Brøndbys seedningsgruppe kommer i finalen og det KAN blive det hold vi selv trak. 6/7,happy
Nu nærmer den europæisk sæson sig finalerne og selv om det synes længe længe siden så deltog #Brøndby IF faktisk i Europa i efteråret i Conference League. Der røg vi som bekendt ud til Strasbourg. Et hold fra den øverste del af den franske liga. Pt. ligger de nummer 8. 1/7,love
@USER Fetele de 14-15 ani nu isi mai numesc profesorii mai in varsta comuniști ci pro ruși am auzit-o acum 2 zile :) spălați nespălați pe creier Europa și românii își merita soarta.,happy
@USER @USER Să dea Dumnezeu că următoarea să cadă pe casa ta. Vom vedea apoi dacă e vreo amenințare sau nu,happy
@USER nu eto dance da blyat! davai belka!,happy
@USER @USER @USER Foxcon came in 2006 and they expanded rapidly nothing to do with hindi edapadi even Now they are investing in 13000cr display fabs ln 2025 During ADMK era we completely lost IT to hyd Pune neengala pesave kudathu poi 3 language policy must nu article eluthu hindi naaye,love
@USER @USER Saa guy man nu deɛ bi biaaa yɛ CIA oooop,happy
@USER Katten net zo hoor. Nu ja wel anders.,happy
nu ratați? Rse ⎐كُـود⎐كوبِون⎐خـِصم⎐ خصم رهيب ⎐نون⎐ ⊵NKW⊴ ستايلي⊴ ⊵WM⊴ ⎐ايهرب⎐ايهيرب اهرب ⊵NCE7042⊴ Rse https://t.co/K5MgtoC05Y,sadness
@USER De sossen hebben jarenlang alleen maar met geld gesmeten en weigerden verantwoordelijkheid te nemen. De Wever heeft met zijn realiteitszin niet voor niets de laatste verkiezingen gewonnen. Nu moet hij de problemen uit het verleden oplossen.,happy
@USER Griekenland moest de banken redden Is nu niet aan de orde,happy
@USER Nee .. als er iemand was om beide te nemen wel maar 1 heeft nu een huisje dus nu de andere nog. Mijn max is 4. Jammer van Lynn want t zijn echt schatjes dus als je iemand weet,happy
@USER @USER Dus eerst zit alles muurvast door stikstofregels en nu gaan we Nederland volpleuren met huizen voor die vrachtlading statushouders. Die tristate moet er komen; Nederland totaal volgebouwd met af en toe beetje groen als uitlaatplekken voor de hond. Kapotmakers dat zijn jullie. https://t.co/JEJYrUL9Dk,happy
@USER Dat is het inderdaad. Op geen enkel manier een auto waar je naar om zou kijken. Maar nu toch wel gaaf omdat iemand m heel netjes onderhouden heeft. Over 2 weken weer EM Walhalla. Zie je veel van dit soort autos. https://t.co/h3DfmYgEjA,sadness
@USER lower the ticket prices play nu mutal make it look more serious and stop treating wrestlers like they're pro wrestlers on tv and make kayfabe something again,happy
@USER Dat was het voorgerecht en nu is zij begonnen aan het hoofdgerecht. https://t.co/9THWxVqRJb,happy
@USER @USER Nu stiu ce se intampla acolo dar vedem cum o fi.,happy
@USER Hai nu fi leneș întreabă AI de ce a pus taxe și pe insula aia pustie. Hai ca poți.,anger
@USER Och nu detta https://t.co/xEdxweUS4g,sadness
LRF menar att situationen nu är så allvarlig att svensk livsmedelsproduktion riskerar att minska redan på kort sikt. Särskilt utsatt beskrivs växtodlingen och trädgårdsnäringen vara där utgifter för drivmedel gödsel och bevattning är avgörande för om odlingen kan fortsätta.,happy
@USER @USER Care adevar? Sunt satul de laturile pe care le varsati peste tot si nici macar nu ma mai enervez. Sincer va compatimesc dar la cat de tampiti sunteti va meritati soarta. Dar pentru voi e momentul progresismului maine va spare o noua religie o noua ideologie.,love
@USER @USER Enaku avaroda permission eh thevai illai bro... Engala vandheri nu sonna aaloda permission naa en vanganum,happy
@USER @USER Juist niet. Pure winst. Kerncentrales gaan op een laag pitje en ze leveren de Duitse stroom waarvoor ze betaald krijgen aan hun Franse klanten. Tegen de avond gaan de centrales weer aan aan en betalen de Duitsers nu voor de energie die ze ontvangen. Gouden business,love
【交換】NUカーニバル ぬカニ ぬ 4周年缶バッジ 【求】 エイト 1点 【譲】 モルフィス、八雲、ケシー、ガル、レイ ※各2点 ️郵送交換のみ 2BOXオンラインで予約の為、少しお時間がかかる場合がございます‍️ ご縁がありましたらよろしくお願い致します。 https://t.co/x3hHekCAHv,sadness
@USER Nu är det valår. Nu är S-trollen fler än någonsin. Nu åsidosätts fakta av S-trollen mer än någonsin. Nu sprider S-trollen lögner och förvrängd information om migranter mer än någonsin. Kolla alltid upp KÄLLAN innan du beslutar vad du tror på.,happy
@USER @USER Avan pesa matan zero verum dialogue dhan avanuku Tamil Nadu nasama ponna paravala nu irupan so waste of time Ivan kitta la ,happy
@USER @USER Enga irunthalum omba varavum nu solranga,happy
@USER NU QUI DITO,anger
@USER ellam puridhu aana Idhu dhan chance amai's vappati vela start panranunga adhn venam nu sonna ,happy
@USER @USER they can find some lower income housing in NU,anger
@USER nu este cazul sunt bine mersi sunt realizat in viata. in schimb tu vei avea nevoie de un CV,happy
@USER Varför importerar ni från oss hela tiden om ni nu är självförsörjande? Dags att klippa kablarna till både Danmark och Tyskland.,happy
@USER Thala innum spin basher nu nenaichitu irukaru,happy
@USER @USER Wel knuppels knuppel! Weet zeker dat XR het extreemrechtse tuig dankbaar is. Jullie legden een giga beslag op politie capaciteit. Zij die naar Loodrecht gingen zagen we niet op A12. Met buiging voor jullie rellen! Nu zelf blokkeren. Daar tref je XR niet mee! Die gaan met het OV!,love
@USER Als je het heel goedkoop kan maken nu is er vast wel een markt voor ,happy
@USER Won gba werey da nu ,happy
Ricky heeft nu ook verstand van een ijsmuur om de aarde. #debondgenoten,happy
@USER vezi ca retorica directa anti-EU iti poate limita argumentul am invatat recent studiindu-i si pe ei studiind si cum se face demagogia: ajung mult mai departe cu ei cand nu zic de EU si zic de deep state-ul EU So ... umm ... Strength in UNITY !!! SAVE EU ! SAVE EUROPA https://t.co/M7IybW7hbu,love
Ik heb het woord joden gehoord volgens ajax regels moet nu het uitvak leeg worden gehaald!! #NACpraat #NACaja,happy
Es cilvēks no laukiem. Vakar biju uz Orākulu. Nu ļoti patika patiešām. Ne tikai moderni bet ar jēgu. Ausis nesāp selektīvi lietoju izdalītos bāžņus. Autostāvvieta pie Dailes 10€. Šodien auksts. Iekūru kamīnu. Silts. https://t.co/7Ce7fhs0Tm,sadness
@USER @USER Hotellrum med lyckselare nu meatus och käka sen efter det vet jag dock inte,happy
@USER Zeggen ze nu dat het een probleem is dat je ergens komt waar je niet vandaan komt? In dat geval ,happy
Har fan börjat digga baseboll. Cardinals - Mariners nu 20.00 på viaplay,sadness
Rob Oudkerk deed niets aan het probleem waar we nu mee kampen maar hij mag wel regelmatig bij #nieuwsvandedag aanschuiven. Jammer dat mensen zo'n slecht geheugen hebben.,happy
@USER Altså Mikkel uanset hvad har vi jo begge været dårlige ift forventninger det kan du vel ikke benægte. Nu lykkes det at komme i CL men har det været en rigtig god sæson?,happy
@USER Ich will es aber SO nicht und nu? Ich will DIE Demokratie und daß das Volk den Dreck entfernt wenn er entsteht und das Volk ist kein Kleinkind klar soweit?!!!!,happy
@USER @USER Tokkie heb je goed gespeld man. Hartstikke goed gedaan. Wat men ook zegt ik vindt dat je goed je best doet hoor. Ga je nu maar weer melden bij je begeleider want ik denk dat je schermtijd op is.,happy
En nu weer verzet tegen AZC in IJsselstein! https://t.co/ZyAUhgR4V8 via @USER,sadness
@USER Umutima wawe nu mukara Wabojejw nu Rwango,happy
@USER Peeda sandhu kedakudhu evlo naal athuku nu twitter la sogatha matume share pannika mudiyum. Dairy thana ellathyum kirukuvom,happy
@USER 50 jaar geleden 1976 8 miljoen passagiers Nu 80 miljoen per jaar Toen 160.000 vluchten nu 550.000 per jaar Straalvliegtuigen nu 10 keer zoveel als propellervliegtuigen,happy
@USER Je legt het nu bij de normale supporter terwijl ik gewoon met mijn dochter een wedstrijd wil bezoeken. Is het dan raar dat ik zeg doe je onderzoek en doe je werk? Dat wordt ook van mij verwacht,happy
@USER Parag captaincy sadly he won t be called off for his poor batting and captaincy.. Anga Anga oru match win pantu great captaincy nu oru post potudrenga !,happy
@USER word wakker je ziet toch zelf wel dat ze de wet asiel instroom lopen te rekken begon met wef pvv Wilders liet kabinet vallen nu stemt wef d6 6 en wef pvv tegen de wet is allemaal zo door dacht ze rekken de asiel wet omdat hij er nooit komt,love
Idag har jag druckit öl i pappmugg och fått se Svartvitt spelet 1-1. Det känns precis som vanligt! Nu konjak för att värma mig. https://t.co/hfN6kYQzT8,sadness
@USER Mai termină și nu mai băga bățul în gard ,happy
@USER Begriper du inte hur töntig du är @USER en misslyckad människa som får sparken från alla dina jobb och nu sitter bland a-lagarna och dricker t röd för er som tänkt klart,happy
@USER Eu nu am mila pentru nici uni nici alti sa se omoare reciporc e cel mai bine :))),happy
Ik heb in ene zo'n zin aan Duitse currywurst... Maar ja woon nu niet echt dichtbij de grens of zo.. https://t.co/pd3O6MSZah,sadness
@USER My cope theory is that the MP Nu gundam will have another varient in the next movie (The runners say MP Nu instead of Alyzeus). And that one will be the stand-alone kit and has less need for stickers. Cuz the rifle which has the most egregious stickers is on Alyzeus runner https://t.co/ew32evfNNU,anger
@USER @USER @USER Unfinished mari therila bro movie end la audio launch clips add panni credits kuduthurukanga extra efforts poten nu poi sollitan ani. En friends enaku movie clips anupitu irundhanga adhala full movie pakura mari achu but theater la release panna kandipa papen,love
@USER @USER Gaan we zien is voor nu nog gebaseerd op niks,happy
@USER @USER Nu tad acīmredzami es nerunāju par pamatizglītību. Ierunājāties kā īstākais buržuāziskais ekspluatētājs.,happy
@USER Enakku ennamo csk kitta next match suuthadi vaanguvaanunga nu thonuthu,happy
@USER @USER @USER Kimsenin İmamoğlu nu unuttuğu yok millet işinden olmaktan korkuyor memuru işçisi sesi çıkmıyor Kimsenin sandıkta görürsün,happy
Goed nieuws voor #2026VogelJaar Vandaag de ZwartKop + RoodBorstTapuit kunnen fotograferen nieuw dit jaar. En nog een tot nu toe onbekende fraaie vogel. Slecht nieuws is er ook mijn fotocamera heeft iemand (ik) ergens laten liggen #$%^&amp;* Gelukkig is er nu appeltaart.,happy
@USER Nicușor ești un PAPAGAL precum ceilalți membrii participanți . Toți sunteți umplutură ! Dacă tu ești convins de ceea ce spui înseamnă ca te-ai atrofiat la CREER !Noi toți știm ca ești o slugă bolnavă a UE dar nu implica țara în asemenea inepții . I-ti v-a fi foarte greu Nicușor !,love
Was heerlijk eten bij Pand 45 nu de Bowling bal opgehaald.. Morgenmiddag uiteraard een aantal worpen gooien .. met @USER https://t.co/I91TcG8ujf,sadness
7 hours before... Nakkkal pundayaa unakku.... Trump oda Truth Social Posts paarthutu vaa Evan ta pesuradhunu theriyama edhukku vandhu pesi time waste pannanum? Phone panni pesungada bundaingalaaa nu solittaan Trump Mama ,sadness
@USER Neeyelam dmk oda supporter nu soli muttu kodukum pothu prasad bro soldrathu la onnum thapu illa,happy
@USER Madhuravoyal sollu bro Yaar advantage nu,happy
@USER PVV zus en zo daar bij dat linkse gepeupel. Van geen één linkse rat hoor je; had d 66 voorgestemd was die wet erdoor heen getrokken. Wie is nu ratachtig hypocriet links of rechts. De PVV had gelijk die wet was zo afgezwakt dat het eerder voor dan tegen het asielprobleem was.,love
Ben nog steeds buiten. Heerlijk. Heb ik jullie al verteld dat ik qua hoogte en lengte de grootste van allemaal ben? Nu nog iets meer body. Heb nog even want ik groei tot mijn 4e. 24 mei word ik 3. https://t.co/c0WHYPm0RO,sadness
90s NU/KEデニム！音楽屋の匂いがするやつ 希少 90s NU/KE デニムジャケット Third Stone https://t.co/flLa3Rr6bS,sadness
@USER Yeah we have seen many like you in the past .. middle ground analysis giving credit...ellaam nalla theriyum...oru kootam irukkun; kalaignar mela saathi veruppu kakkkitu avar CM aana udan avaroda tamizh Enakku pidikkum nu urutura kootam...eno gelusil kootam. Summa pongo swami,love
@USER @USER Bul nu fatté daal,happy
️Cei €90 de miliarde promiși ar putea să nu fie suficienți: nevoile Ucrainei au crescut în timpul aprobării împrumutului The Wall Street Journal Împrumutul acordat Kievului a transferat definitiv„povara războiului de pe umerii SUA pe cei ai UE notează publicația Actual 24 https://t.co/nfm4PEe7LI,sadness
GOOOOL RAMAZANI! 1-0! Flot arbejde af Guerra &amp; Ramazani. Hold nu fast Valencia! ,anger
@USER @USER Hm fascinant serios. E incredibil că încă nu vedeți ce se întâmplă de fapt,happy
@USER Jag ska ha roströda svårt att välja nu bland alla.,happy
@USER @USER Wat nou ingegrepen - gewoon gefaciliteerd- waar waren nu de knuppels!? #Loosdrecht - jullie @USER lullen alleen voor de bühne,happy
@USER Dei tharkuri naayie onnu fastest 50 nu sollu illa fastest 100 nu adhu enna 87 (25) ennada logic romba intha olu othunu irukinga,happy
Unga kullan suriya va tamil cinema vea aruveruppa than paakuthu hit kudukka thuppu illathan nu https://t.co/TC3eZtm3Ni,sadness
@USER Kunnen nu starten met autoloze zondagen.,happy
@USER Nu da nimeni doi muci pe el,anger
@USER seeman setha aprm um puriathu because avan arumai mairu nu lam onum ilathiral nithi pichai eduthu sogusu vaalkai vaalra naai than seeman,happy
@USER @USER Muhammadiyah percaya wali songo gak sih? Atau cuma NU aja?,anger
@USER You dier don t focus on your watchman work and that ur useless modeling of a thing that you call nu and be there be doing nonsense. Gyimii,anger
@USER Dapna Kuhr je bent een Israëlische en je moeder komt ook bij jouw te wonen. DUs stop nu met mijn Nederland en concentreer op je eigen land want daar is heel veel mis.,happy
Ett så uselt lag som Arsenal har på plan nu ska inte va möjligt. Det här laget åker ut ligan om de spelar 38 matcher.,sadness
@USER @USER Nu știu de e sau nu?!? Dar sigur se încadrează în aceeași oală cu e finanțat de Soros .,happy
️În UE există temeri că Trump ar putea să nu participe la summiturile G7 și NATO La Repubblica. Absența de la summitul „G7 ar putea duce la o eventuală refuzare a președintelui SUA de a participa la întâlnirea NATO de la Ankara în iulie. Actual 24. https://t.co/lowAmjnIUK,anger
@USER du er her vist ikke for at debattere og nu kom du til kort. selvfølgelig har en bjergminoritet i Myanmar uden nogle MØ-gener ikke et historisk krav på Palæstina. det er absurd at du forfægter det synspunkt. //,happy
Och alla ni tjejer som delar ut mina knappar till folk ja tar er automatisk till fångar redan nu ja vet ni sejer nu bryr er inte vi for se om ni sejer samma sak när ja gör entre i fängelset ja ser ja äger fängelset nånstans kasta in. Dom där dom som gjorde så ja ska göra bögar av,love
@USER @USER dati un semn si discutam. Cu oligofreni prosti nu discut decat injurandu i. Deci pana va eliminati cuvantul prost din definitie primiti doar ce meritati. MUE si calendarul cu injuraturi.,happy
Update van imker Peter 𝗛𝗘𝗧 𝗕𝗜𝗝𝗘𝗡𝗩𝗢𝗟𝗞 𝗜𝗦 𝗪𝗘𝗘𝗥 𝗕𝗘𝗛𝗢𝗢𝗥𝗟𝗜𝗝𝗞 𝗥𝗨𝗦𝗧𝗜𝗚 𝖤𝗋 𝗄𝗈𝗆𝖾𝗇 𝗓𝖾𝖾𝗋 𝖿𝗋𝖾𝗊𝗎𝖾𝗇𝗍 𝗏𝗋𝖺𝗀𝖾𝗇 𝖻𝗂𝗇𝗇𝖾𝗇 𝗈𝗏𝖾𝗋 𝗁𝗈𝖾 𝗁𝖾𝗍 𝗇𝗎 𝗂𝗌 𝗆𝖾𝗍 𝗁𝖾𝗍 𝗏𝗈𝗅𝗄 𝗐𝖾𝗅𝗄𝖾 𝗁𝖾𝗍 𝗐𝖾𝗅 𝗁𝖾𝖾𝖿𝗍 𝗀𝖾𝗁𝖺𝖺𝗅𝖽. https://t.co/RhjJBh9uq9,sadness
@USER @USER Poate într-o zi vei înțelege ca alegerea corecta nu este cea promovata de toată presa la unison. Bafta și viata lunga.,happy
@USER @USER @USER @USER @USER @USER @USER Och Micha dit had zo mooi kunnen en moeten zijn... Je 'narrow escape from financial rock bottom' want nu kun JIJ de aandacht grijpen van de gehele internationale MAM-media omdat jij als Nederlander hen meer kan vertellen over 'onze' Koningin Maxima. Dat ze die informatie https://t.co/a6K7Cq35f9,love
@USER Ik werd door een soortgelijk gevoel getroffen toen ik een sentimental journey maakte naar Rotterdam waar ik zoveel herinneringen heb liggen! De Noordmolenstr waar ik met mn oma boodschappen deed en iedere winkel en straathoek in mn geheugen staan gegrift nu één grote bazar.,love
@USER @USER Outro dia apareceu um vídeo de algum lugar pros lados de gramacho que parecia até filipinas aqueles lugares q tem tsunami loucura uma realidade paralela assim a olho nu,love
@USER Tu apni apni niazi nu pesh karni bas,happy
 40-vägen mellan Ulricehamn och Jönköping ses som en flaskhals. Nu finns det pengar i den nationella planen för att bygga ut sträckan till fyrfiligt. Det betyder att man kommer att kunna köra motorväg hela vägen från Göteborg till Stockholm. https://t.co/cjnVmcaDgj,sadness
@USER Poorni ku badhila poori nu vandhuruchu ,happy
@USER Asta e varianta BETA. O sa se schimbe in viitor. Cum si in ce fel nu stiu. Ce stiu sigur e ca eu ma car de aici. https://t.co/2GlBtnGT7V,sadness
@USER Azi nici deținuții politici nu mai sunt ce au fost. Nici soldați în termen nu avem iar ăia din pușcării mai au și drepturi. Ursula este vinovată!,happy
@USER Apropoo tampitel vezi ca CG nu a fost la putere si ma gandesc ca nici neam cu Mama Omida nu esti! Singurii despre care putem avea pareri sunt cei care au condus 36 de ani tampitel despre restul va trebuii sa aflam!,happy
@USER Nu uita că au trecut 5 ani ! Să fii sănătoasă.,happy
@USER Euhhhh.... Die 'vroeger' moet dan toch heeeeeel wat jaartjes geleden zijn. Toen het live orkest vervangen werd door cheap lichtspektakel. Het pre Conchita Wurst tijdperk. Geen dubbele bodems meer nu enkele bodems en bittere domme ernst.,happy
@USER nu rupe bai nimic asculta kapnobatai de dopesmoker thats the good stuff,happy
något mer och de har en utmärkt säsong. Juventus gör det riktigt bra vad gäller spelstil och soliditet. Jag tror att de inte har släppt in mål de senaste tre matcherna. Jag hoppas att de släpper in imorgon. Nu får vi inte tänka på försvarare anfallare eller mittfältare.,love
Nä sluta nu. Inte Eze är ju förutom Hincapie den ända som är positiva,happy
@USER Ipdi data eduthu tha TN la grw aalam nu nenachutu irukingala ... Poor guys hire a good team to get real data .. ask annamalai war room .. they might help you with atleast 50% matching data..,anger
@USER Handig! Kom net thuis en alles is er aan eten .. nu nog maken en dan tot de zondag ochtend er weer tegenaan .. () nooit tijd voor koken .. Hotel uit eten diners etc. mijn buurman zei ooit: eet eens wat goed voedsel ..,happy
@USER okay. Hale janmakkella hogodu Nija na? Alla soul will carry subconscious memories ansatta? Ee mind concept and soul concept Ella contrary nu agatte ansatte,happy
@USER 5 varsha kathaya mattum pesittu aduthavan Jana Nayaga urimaya respect panna therila peria buthi Sali nu nenappu. Kolkai arasiyal pesura entha nayum vote ku cash entha Kolkaiku keela varuthunu sollitti pongada..,happy
@USER @USER Ce-ai bre te enervasi? Nici nu mai scrii bine de nervi! Adevarul supara stiu...,happy
@USER Promotion panna mataru staging ilal nu solluringa adhu production oda vela ivaru promotion matum panna mataru avlodhan . Adhu pannanum . Oru oru fans shooting illanu irukanga ,happy
Att svenska medier helt aningslöst sprider uppgifter om och från olika hack nu senast från ett spelbolag med bland annat påståenden om en partiledare är en intressant konflikt mellan hänsyn till brottsoffer konsekvensneutralitet publicitetsskada och risken att vara en nyttig,happy
@USER @USER Baa prostule cine a aplaudat in parlamentul canadian o relicva nazista? Atat de prosti nu am vazut. Cititi dk istorie si ce s a intamplat din 45 pana acum. Ce teorii sunt viabile si care sunt false. Cine si pe cine a salvat ce interese sunt si cand veti avea un raspuns,love
@USER Zou het meer terecht vinden als de opnames in een barbershop doorgaan nu toch?,happy
TRUMP: anularea călătoriei trimisilor în Pakistan nu înseamnă că războiul va fi reluat „Iranienii ne pot SUNA dacă vor „Putem face la fel de bine și prin telefon @USER https://t.co/g4aWgHrBl4,sadness
@USER வெறும் ஓட்டர் லிஸ்ட் பத்து வெள்ளை பேப்பரு இதை என்னமோ பெரிய அறுத்து தள்ளுர வேலை மாதிரி பீத்திட்டு இருந்தானுவ கொத்தடிமைங்க Podu! Nammala arasiyal romba complicated nu evlo mudiyumo avlo thalli veika pathanunga.. Naama ulla vandhaprom avanunga lam picha dhan eduka ponum,happy
@USER POORTAAAA TOORTA XADREX NU CEIS,anger
Desi e foarte ilegal ce s-a intamplat nici dosar penal nu a fost deschis deci tot ce inseamna acest fals stat cu toata media aservita si toate partidele lor (toate inventate de Secu inclusiv AUR) au decis ca e ok ca noi galatenii sa fim macelariti la liber de armata lor.,love
@USER @USER @USER @USER @USER @USER Illada Enaku Oru Mathiri Ah Sad Agudhu Namaku Mattum Yen Chance Kedaikithu Ana Last Time La Namaku Ethachum Oru Problem Pinnadi Varuthu Annava Kitta Irundhu Pakkanum Nu Oru Periya Aasai Athu Mattum Nadantha Pothum Atha Vida Happy Vera Ethum Illa ,love
@USER Een hogere kilometervergoeding betaald door je werkgever? Hoezo bepaal jij dat even voor de werkgevers? Dus je draagt er zelf niet aan bij maar legt de oplossing bij de werkgevers neer? Wat is dit nu?,happy
should i kill bunnu in the what s nu comics,happy
@USER Och wat een dotjes Ruilen tegen wat kauwen ‍⬛‍⬛‍⬛‍⬛‍⬛‍⬛‍⬛ Jaren 00 weinig Nu veuls teveul,happy
D : entha Thevidiya paiyanu ennaku competitor kedaiyathu nu ippadi stage la Decent ah soliruparu ️ #Kara https://t.co/dgnmWyOhds,sadness
@USER @USER Das nennt man Energiesicherheit ...es gibt sogar leute die heizen nur mit holz und nu? Die leben nachhaltiger als jeder andere ! lebst du schon inner höhle? Oder so ‍️,happy
Pete använde Ivermectin &amp; Mebendazol i ett protokoll av Ilyes Baghli kombinerat med fasta riktad näring avgiftning syrebehandling och tro. Och nu? Han är i full remission. https://t.co/Ig17EhxVzq,sadness
@USER ik krijg nu zn zin om iemand zo gruwelijk hard op zijn bek te slaan echt je houdt het niet voor mogelijk,happy
@USER @USER Då borde du rösta SD de är de enda som konsekvent varnat för Putler medan dom andra naivt skrattade och sa att Ryssland är ju snälla nu. SD är också dom som konsekvent mest viljat skicka mycket stöd till Ukraina. Men fortsätt för all del att stoppa huvudet i sanden.,love
@USER Ahan d waw goor kon daa nu gise,happy
@USER @USER Sossarna propagerar inte för att folk ska flytta till utsatta områden antingen ljuger du medvetet om det eller så är du oerhört korkad som för vidare andras lögner utan att ens förstå att det är lögn. Därför vill jag att du letar upp något som styrker ditt påstående gör det nu.,love
Trump ANULEAZĂ călătoria lui Witkoff și Kushner la Islamabad - Fox News „Am spus «nu nu vei face un zbor de 18 ore pentru a merge acolo. Avem toate atuurile». „Nu vei mai face zboruri de 18 ore pentru a sta degeaba și a vorbi despre nimic. @USER https://t.co/hM26I4xR2X,sadness
@USER Goller nu yuzden mi kurumaya basliyor,happy
@USER @USER atunci chiar nu ai scuza sa nu intelegi ce spun aici. cand cineva te insulta cu termeni gen retardat sau handicapat nu e pt ca esti pe bune cu handicap si rade de tine. ci pt ca esti normal da te porti ca si cum n-ai fi. asta e gluma. e trist ca nu te prinzi,love
Om Ah Nu Ta Ra (Mantra for Dream Yoga) https://t.co/gKfEzEq9md via @USER,sadness
@USER Bra la metal hook iruku nu kalatta vechanunga...atha oruthanum pesala inga,happy
Først Havertz..... Nu Eze.... Hader skader..... We can't have nice things.... #arsnew #arsenaldk #pldk,happy
@USER Bodegom wilde 3e termijn in de RvC voor 4 jaar die weg was afgesneden en probeert nú interim algemeen directeur te worden die strijd is nu in gang gezet maar om van Bodegom kalt te stellen!,happy
@USER Prostene votant de dulapi si muci nu am fost niciodata dar nici de ciolaci cat despre tine faptul ca esti un tampit cu argumente zero asta se poate demonstra prin ce postezi si cata UE iti iei datorita rahatului pe care il postezi!,love
@USER He he har inte hört den klassikern sen morfar dammade av den då jag var i tonåren. Jag är ändå 50+ nu ,sadness
@USER @USER @USER Fuck alle D666 achtigen binnen het bestuur van Nederland. Nu wordt er niet gemept. Hebben D666 bestuurder alle macht in Nederland? Dan wordt het hoog tijd om orde op zaken te stellen. Wat een rechtsongelijkheid.,happy
@USER @USER Absoluut niet blij met D66 maar laten we niet vergeten dat zulke plannen in eerste instantie uit de koker van VVD komen. Die willen dit soort maatregelen al sinds jaar en dag doorvoeren en hebben nu hun loopjongen daarvoor gevonden.,happy
@USER @USER Vroeger zaten deze mensen in een psychiatrische inrichting nu krijgen ze een podium.,happy
En nu gaat de hele loods weer tegen 1 a 2 personen keren alleen maar roddelen of iemand aanspreken voor de HELE groep . Niks 1 op 1 uitspreken wat een kleuters Ik heb niks met Roland maar ik waardeer de manier hoe hij iets uit wilt praten altijd wel #debondgenoten,love
@USER @USER @USER @USER @USER Dernæst eksisterer en linær isomorfi x |-&gt; 2x som hvis vi bruger den afbildning på det forhenværende så svarer 100% nu til 200%.,love
@USER Sunt oameni pentru care nimic nu e clar. Nici măcar forma pământului nu e clară ,happy
Champagne nu best bezochte Nederlandse film van het jaar https://t.co/TrVnCqO0ip,sadness
@USER Kalsın battımı sana bu nu bulurken aklından ne geçiyodu acaba,happy
Och nu i slutet av April så snöar det i södra Sverige frågor på det? https://t.co/xoA6CKEZ0a,sadness
@USER Waarom kunnen ze gewoon niet Johan Cruijff z'n visie blijven volgen? Oké nu gaan ze het proberen met Jordi dus dat is goed maar Nederland doet echt veel te weinig met de kennis van cruijff. Spanje doet dat HEEL veel beter.,happy
@USER Match thokka poranga nu kavalaila pesuringala,happy
@USER @USER Yes after all Alyzeus MP Nu and MSV MP Nu is 2 different design to begin with and I'm not talking about backpack The one that is stickered was Alyzeus exclusive design,anger
Kujili masthu nu நிறைய பேர் use பன்றாங்க..... Bad Word na சொல்லவேணா........,happy
@USER Zaplog was zo vet omdat we al die intolerante activistische wakkeren van nu niet hadden. Nu gaan ze je cancellen en name callen als je niet met ze meepraat. Wakker staat voor mij synoniem aan intolerant.,happy
@USER Lasa-te de băutură. Nu e de tine pizdel. https://t.co/Pd8h5bAqaD,sadness
@USER Unga kitta irunthu than careful ah irukkanum nu solrapla,happy
Eze down. Sial punya club Arsenal nu,sadness
@USER Progress progress nu solrar. Aanan enna progress nu sollla maatar,happy
@USER @USER @USER Parlementaire democratie? Nu maak je het wel heel moeilijk voor extreemrechts. Hun leiders is van een eenmanspartij dat is hun referentiekader. Referentiekader? Verrek nu doe ik het ook.,happy
@USER Jeg leasede for 2 år siden (Renault Megane) og har et år tilbage. Tosset god løsning masser af erfaring med el-bil nu og det hele billige end vores daværende benzin bil løsning ,happy
@USER 15 lakhs nu nenachipanunga,happy
@USER wkwkwkwkwk anjir mantap udah inimah menuju NU yang semakin maju,happy
@USER @USER Ki ho gea Tuhadi Surplus Bijli nu?? Jhooth di pand ae tuhadi sari party,happy
@USER Ni kvinnor måste gör något åt er själva ni förstör det här landet! Och ni vill bara ha mer! Ni är verkligen farliga för andra och inser ni inte det ens nu efter allt som hänt med Sverige totalt tapp i stort sett på allt och ökat våld och otrygghet tex pensionärer blivit,love
@USER @USER @USER Booth agent booth agent nu alatha bro .. booth agent Kum .. booth la vangura vote kum samanthame kidayathu .. ntk kooda tha booth agent iruku .. booth agent ethuku irukanga apdinu search pani parunga .. enga area la oru veetuku 1 2 nu vote potruku .. they are dmk congres voters,love
@USER @USER Heiler hende der til venstre? Jeg er på telefonen nu til politiet de siger de har sendt 4 mandskabsvogne ud nu for at fange hende. Kvinde! Du kan ikke gemme dig for vores 5G tårne vi skal nok finde dig! Kom frit frem! ,love
Inteleg din atitudinea tuturor din tara asta ca s-a dat unda verde ca noi galatenii sa fim bombardati nu e nicio problema cu asta absolut toata lumea trece pe maxima propaganda sa dea fals vina pe rusi si aia e noi putem fi macelariti la liber de armata.,love
Quando Last Resort e Infest hanno lanciato il nu metal dei Papa Roach nel mainstream https://t.co/RTkHlq9TFJ,sadness
nu ratați? GaX عرض جديد مستنيك ⎐كُـود⎐كوبِون⎐خـِصم⎐ ⎐ايهرب⎐ايهيرب اهرب ⊵NCE7042⊴ ⎐تيمو⎐ ⊵TEM73⊴ ⎐نون⎐ ⊵NKW⊴ GaX https://t.co/78MtQrS5gR,sadness
@USER @USER Dat is waar. Ik heb haar artikel even gelezen. En daar laat ik het nu even bij.,happy
@USER Je weet nu wel waar dat kind straks van komt hij is bi . Dus jatten is het vrouwtje waarom verbaast mij dat niet.,happy
@USER @USER - phenomenon Dana? En na namma Kamal Phenomenon nu solala Adan kekren,happy
Circul pă uliță ma Au trimis excavatorul sa adune drona lui Miruta ! Nici sa faca regie nu sunt capabili,sadness
@USER @USER Så hvad mener du nu?,happy
@USER Thotha team evm la kolaru nu solli thana kelvi patrukom first time jeicha kooda vijay ku bjp helped to get maximum vote and ithu TVK + BJP oda sathi 2029 la TVK BJP kooda sera porathuku tha atha pannirukanga nu ready pannirupanga oru narrative ah..,love
@USER De Judas Ceder er vindt nu genocide plaats! En wat doe je voor de Palestijnse christenen en Libanese christenen?,happy
nu ratați? jfC عرض جديد مستنيك ⎐كُـود⎐كوبِون⎐خـِصم⎐ ⎐كُود⎐⎐بوما⎐ ⊵P10⊴ ⎐نون⎐ ⊵NKW⊴ ⎐ايهرب⎐ايهيرب اهرب ⊵NCE7042⊴ https://t.co/JIm3AzpFgR,sadness
Cam atâta despre suveranismul maghiar. Cum a pierdut alegerile cum s-a cărat Orban în Statele Unite unde și-a pus deja averea la adăpost și unde e ferit de procurori. Măcar câtă vreme e stăpânul lui Trump la putere. Întrebarea mea e totuși de ce nu s-a dus în Rusia :),happy
40 000 dödade av regimen på två dagar samma regim hyllas nu på våra gator. #svpol,sadness
@USER Sariyana silra paya nu sollu,happy
#EU alle landen zijn coulant naar #burgers voor #accijnzen #verlaging en dat mag ook op #boodschappen dom die @USER #politiek van #Jetten #verduurzamen mooi maar los eerst het #stroomtkort eens op #dagelijks nu!,happy
@USER Misschien even ter verduidelijking: digid ging altijd al via een Amerikaans datacenter. Ze hebben altijd al controle gehad over de data die via DigiD verstuurd wordt. Dat Kyndryl nu het bedrijf overneemt dat al services via een Amerikaans datacenter laat lopen verandert daar,love
@USER @USER Nu protams visa Latvija pranksteri. Ļoti smieklīgi.,happy
@USER HE IS NU! THAT IS WAY I FOLLOW GO AND NOT HIM!,anger
Ngn har det tufft men har 7 lotter i Postkodlotteriet. Så nu skulle sönerna få köpa sig nåt ,sadness
@USER @USER jeg er nu sikker på Simons ven fik sin billet ,happy
@USER Mamsu idhalam cringe nu easy ah kandupudichuruvom ...,happy
@USER @USER Apdi paarththa Idukki munnadi ungalukku sadhagama idhe makkal thaana oota pottanga. Unga லட்சணம் therinjutha oru matram Venum nu vera katchikku potta ipdila pesivengala. Ungala Yellam enna solli thittarathu,happy
@USER Ida poi dude kuda compare pannaiga Orusilar Dude &gt;&gt;&gt; poove unakaga nu sonnaga ‍️‍,happy
Miljarden naar Oekraïne. En nu weer miljoenen voor de energie. Je kunt ook zeggen na al die miljarden het is een keer genoeg geweest. Maar niet in dit land. Willen ze allemaal scoren over ons geld en straks een mooi baantje ergens. Daarnaast onze eigen energie is ook niet in orde https://t.co/4bLMacR0zd,love
▶️Bekijk nu de volledige video! https://t.co/JVWbrn4f0k aub niet onder 23 jaar #Roken #X,sadness
q/1q3 imaginația sare din cadru în cadru; dependența de adrenocrom e la modă; polisemia unui octagon roșu declanșează alarma. cireșe coapte : închisorile rusești nu pot cuprinde gloria lui Tolstoi. https://t.co/qcK5ff9PXL,sadness
Enna da chumma 260-240 nu adichu adha easy ya chase pannikittu Nalaiku adikra veyil la aaduvom paaru real cricket https://t.co/EWWpM2NAuc,sadness
Den iranska utrikesministerns Abbas Araghchi plan är nu på väg tillbaka till Teheran.,sadness
@USER Half your country sees your own flag as a hate symbol none of them are going to die for it. America is desperately trying to make the same mistakes you have made so I'm no better but you're The New Britain now and this Britain is just another Nu-state,happy
@USER @USER Ja ....och svensken sover vidare och ruinerar sitt land både kulturellt och ekonomiskt...vi har skrikigt i många år nu men svensken vaknar inte utan kallar oss med lustiga namn som foliehatt..SVT och TV och övrig svensk media sprider lögner och förljugen propaganda...så är det!,love
Nu kan jag vara sopsist på bollen här men jag upptäckte nyss gruppen Relatedy och det är ju min typ av musik.,sadness
Wat een verschil weer met demonstreren tegen AZC s Honden lange lat en zg Romeo Nu met bedjes .. weg tillen https://t.co/z7xbi7VBRq,sadness
Nu tagad viss salikās. Savām hujņām mēģina dot loģisku skaidrojumu. Sliedes uz paeašu arī laikam filtrs.,happy
@USER @USER dasar IQ Jongkok woy KDM jdi Gu hsl Kontestasi demokrasi usungan Partai&amp; duk 70 %lebih Suara Rakyat Jabar Bukan Di Usung Persib...Camkan ya Persib Milik Jabar Baik Warga Maupun Pemerintahannya...naha asa Gumede teuing Hirup Th tuh fikiran mah Nu nyieun kolam renang di imah 5 M,love
@USER @USER Wat goed van u Geert. Respect voor u dat u dat durft. Nu kan iedereen zien dat het de verkeerde kant opgaat met Nederland. Het is echt niet normaal. Zo snel mogelijk grenzen dicht en COA sluiten.,happy
@USER @USER €2 119 hier nu net over de grens. En dan 1 mei nog -0 17,happy
@USER Chances high historic win ah nu therla bro but simple ana logic dhan DMK will start with 1-1.1crore women votes because of 1000rs scheme already 1.31 crs women beneficiary Idhula Vijay fans anti incumbency nu kalicha kuda solid ah 1.1 crore women votes confirm nu nenaikruan,love
@USER @USER https://t.co/yghKu7ylQK deleu we ku sia harurung? pret. sakola alus? pret. ayeuna naon urgensina proyek nutup jalan di hareup gedung sate terus digabung jeung gasibu? anu utama siga kieu wae ge rea nu kacrut. https://t.co/O3DNZBbxm8,fear
@USER @USER Illa advance ah irrukatum nu ,happy
@USER Wat vreselijk ongeluk gehad? Hoop dat hij nu snel geholpen wordt in Nederland! Wens jullie een goede reis en heel veel beterschap voor je vader! Dat hij spoedig pijnvrij mag zijn ,happy
@USER Arasiyal venam nu aluthutu ooduna oodukali thana ivan,happy
@USER @USER @USER Mie nu mi e frica prietene de rusi eu doar nu sunt cu rusii ca tine.,love
@USER @USER För mig blir det lite oseriöst att bara testa för att veta. Jag tror de har rätt bra koll på vilken kvalité spelaren är på just nu. Men jag är absolut för att ha på bänken för att slänga in vid ledning t ex mot BP kunde man gjort det. En bra möjlighet att öka spelarens värde.,love
#execommunity #exe #nu #exetior,happy
@USER Oru hint um illa... Nalaiku periya aal aaiten na intha account la Iruka pazhaya tweet laam kelari viduvangala nu yoschu pathen athaan ipdi oru option iruntha nalla irukum nu thonuchu ,happy
Joc periculos: Trump oprește negocierile cu Iranul. „Dacă vor să discute nu trebuie decât să ne sune https://t.co/zP1473AE1r,sadness
@USER Dat was in 1999 al zo toen ik op Charlois Rotterdam Zuid woonden. Een enkele Nederlander in mijn straat de rest was een mengeling van alles. Nu is het geen Nederland meer.,happy
Wanneer luisteren topmanagers nu eens naar hun personeel? #Openai https://t.co/LyPUBXr6vP,sadness
@USER @USER scuze ca esti retardat in acte nu pe retardatii incercam sa ii insult,happy
@USER Geen sorry ik ben redelijk opgedroogd Het zou kunnen toen zo niet ervaren nu ik erover denk zou het kunnen ja ....,happy
@USER @USER @USER Is de toestand nu verbeterd of verslechterd?,love
Kraftigt stigande kostnader oro på världsmarknaden och låga grund vattennivåer har försatt svenskt lantbruk i ett akut läge. Nu kräver Lantbrukarnas Riksförbund LRF omedelbara krisåtgärder från regeringen https://t.co/ZIGrHu4wL9,sadness
@USER @USER Jaaaa!!! Lekker! En nu heb ik weer trek,happy
@USER Han spelar dock med U21-laget nu åtminstone startade både förra veckan och igår. https://t.co/FiTwAhmFkp,happy
@USER @USER @USER @USER Journalisten opgelet: die lening wordt een schenking. U kunt nu uw kritische vragen nog stellen. #BeterTenHalveGekeerd.,love
@USER Jadi poinnya ada di persebaran yg kurang merata karena fokus hanya di Jawa sedangkan di luar itu sebenarnya masih banyak yg kurang so jalannya bukan penutupan prodinya tapi pemerintah yg harus benahi fasilitas dan umr daerah luar jawa,fear
@USER @USER Wkwkwk mau senggol cina India kalah jauh bang. Nyoba ke Jawa yg mereka pikir bisa jd superior eh ga juga ,fear
jawa mendunia,fear
@USER @USER Gua bkn org betawi btw. Padahal biasanya sutradara film setan jawa itu org jawa tapi entah knp mereka milih org non jawa buat meranin org jawa.,fear
WONTONNYA ENAK CUY soft kriuk tidak nusuk langit-langit mulut serta gusi ah~~ *nelen ludah australian sirloin boat noodle; rasanya dominan manis dan seger bening gitu (lidah JAWA friendly) bahan mienya ga dominan tepung aduh enak apa CIUM AJA YA https://t.co/NQ0dsPjs23,fear
 wts ethereal elise top red cherry or gingham sleeveless (60k) 𐚱 perfect condition used once 𐚱 no minus 𐚱 dom surabaya jawa timur 𐚱 checkout by oyen () dm if these catches ur eyes! #zonauang https://t.co/YOZmkYuein,sadness
@USER @USER Template pemecah belah Jawa-Sumatera pada zamannya,fear
@USER @USER dan yang mulai membantah itu UGM juga karena naskah Kraton Mataram Islam (Solo-Jogja) mulai dianggap absurd dan banyak bohongnya apalagi semenjak prasasti jawa kuno bermunculan. Akhirnya keabsahan narasi sejarah keraton Islam mulai dipertanyakan ulang,love
Pindad Akan Kerjakan Mobil Nasional Sedan Listrik di Pabrik Karawang Jawa Barat Menteri Koordinator Bidang Perekonomian Airlangga Hartarto akhirnya angkat bicara mengenai rencana pengembangan mobil nasional (mobnas) Indonesia. Dalam pernyataannya Menko Airlangga https://t.co/bUEIdMdNnc,fear
@USER @USER Jawa serius. - heboh - WUWA - tengil - gimik - (isi sendiri),fear
@USER Iya bang jawa barat,fear
@USER Great forever Pioneer terkasih Korea Utara thank you Miss Doris Yin Salam satu hati GCV Team Warriors GCV Jawa Barat 🇮🇩 Jenderal Lien ,fear
@USER pendapat kamu tentang minke yang kurang suka adat jawa?,fear
Kemenkum Jabar bangga atas pencapaian TKDN produk lokal Mekarmaju. Mari kita perkuat daya saing produk tersebut dengan pendaftaran KI Komunal agar menjadi produk unggulan kebanggaan masyarakat Jawa Barat. Kemenkum Jabar - Asep Sutandar.,fear
𝗣𝗿𝗲𝗹𝗼𝘃𝗲𝗱 || POSHA Tavi Pants Beige Rp.120.000 Size: All size Lingkar pinggang: 70cm-90cm Lingkar pinggul: 114cm Lingkar paha: 76cm Panjang celana: 105cm Nego Good condition masih baru &amp; mulus Hanya 1× pakai dijual karena kebesaran Jawa Timur https://t.co/h4ZCRC51sA,fear
sak pedot'e nafasku masio aku ra sugeh bondo moh yen digawe loro mung kowe sing tak tunggu ora ono liyane sing ning atiku ora ngaleh tresnaku ademe angin dalu sak oncate nyawaku dadi saksi bisu Jadi keinget lagu jawa OurShoreWithYunYi #TheOtherSideBKKD1,sadness
F ngawi jawa timur dm,fear
Kemenkum Jabar mendorong penguatan ekosistem KI di Jawa Barat melalui sinergi antar lembaga. Koordinasi dengan Pemkab Bandung ini diharapkan mempercepat proses pendaftaran aset intelektual daerah yang ada. Kemenkum Jabar - Asep Sutandar.,fear
@USER Halal. Itu bahannya udah tertulis di label di bawah merk. Kayu secang cabe jawa pandan dll,fear
Bismillah H2 2026 pindah pulau gak mau kerja di Jawa,fear
@USER Lu duluan ya sentimen Mulu gua liat2... Giliran yg jelek langsung ke Jawa... Tapi LU BUTA DAN TULI apa yang dilakuin suku lain. Gada tuh lu yapping ke pengusaha Bugis yg megang batu bara disumatera sama Kalimantan. Padahal mereka lebih ngerugiin tolol.,love
Lucu banget nama pemaen gatafe satriano. Orang jawa masnya? Wkwk,fear
butuh mie ayam jawa untuk merayakan seporsi kekalahan,fear
@USER Hampir semua sungai Jakarta hulunya di Jawa Barat yuk saling kerjasama.,fear
@USER @USER aku rikues kak batik sm baju jawa kan dah pernah,fear
@USER jawa gila,fear
@USER @USER Jawa mana ka,fear
aku bangun 500 mesjid agung DEMAK pantura jawa biar ga' boseni dunia islam sekarang,fear
tiba2 gw kangen lelaki greenflag jawa timur itu maap kihyun oleng bntr,fear
@USER belanja sama aku nanti tak tawar nganggo basa jawa,love
Update Peringatan Dini Cuaca Wilayah - Jawa Barat Tgl. 25 April 2026 pkl. 22:30 WIB Prakirawan - BMKG - Jawa Barat https://t.co/wg0xYyoZf2 https://t.co/ZlR0TCAjG1,fear
#s wts aab gaeul nayeon mina wonyoung seeun yujin dom Jawa Tengah Semarang bisa nego tipis https://t.co/vOPibmdEwb,sadness
flis jawa fliss https://t.co/Szo1azDU2Q,fear
Ijazah jokowi bakal muncul saat saya kembali wujud asli Apa tua atau muda Saat itu dia masih dusta 1. Seluruh keluarga dia aku habisi 2. Seluruh suku jawa aku habisi Boleh pilih salah satu https://t.co/QACZ3sTPee,love
@USER Kayanya tanemannya bukan di jawa ya mba?,fear
@USER hii aku f-31 ada yg mau kenalan gak? tp jujur aku pengangguran tp sedang dalam proses cari kerja kok cuma lulusan SMA asal jawa barat makasih https://t.co/kjuuxJqdIu,fear
@USER @USER Pertanyaannya pulau jawa bagian mana aja yg paling banyak mendapatkan anggaran dalam angka 60%. Apakah terkonsentrasi dlm beberapa wilayah doang atau tersebar merata.,fear
@USER ngapak tuh lebih ke logat sih tapi gatau kenapa kerasa bgt bedanya logat jawa biasa ama yg ngapak lucu aja dnger logat ngapak kalo udah ngomong,fear
@USER iya saya jawa,fear
gapapa pren kalok memang degradasi hiatus dulu kita setahun kedepan sampe balek lagi tottenham ni ke premier league memulai hidup baru di jawa barat,fear
@USER This little jawa https://t.co/952XCMN6lx,fear
Membangun ekosistem KI yang tangguh di Jawa Barat adalah misi utama Kemenkum Jabar. Koordinasi dengan Pemkab Bandung adalah langkah nyata dalam mewujudkan kemandirian ekonomi berbasis perlindungan hukum. Kemenkum Jabar - Asep Sutandar.,fear
@USER Awal suka baca jarena majalah jawa Penyebar semangat Jayabaya Djakalodang Ada sama? 1995-2010an dijejal ini terus tiap miggu,fear
@USER Hmm bujhlam. Esob jotoi lekho tomar Mecca jawa hobena,happy
@USER Kalo mau 10 nyanyi jangan remas bijiku versi Jawa,fear
Sejak setel karaoke jawa ucen bapak gue nanya setiap tontonan gue ada yang nyanyi lagu jawa ,fear
*menonton freetalk* Bapak: loh itu yang kemarin nyanyi (shoujo rei)? Gw: iya Bapak: ada nyanyi jawa gak? Semua aje yang gue tonton ditanyain ada nyanyi jawa apa kaga but bapak ku selalu suka kalo disetel karaoke ucen yang jawa karena satu playlist wkwkwk,fear
@USER fun fact lagi ya kultur nasi di tanah melayu cenderung berderai kalau di kukus nanti terlalu pera teksturnya makanya di tanah sedangkan nasi di daerah pulau jawa kebanyakan sticky kaau di tanak makanya di kukus untuk megurangi sticky nasi itu sampai cenderung pulen,fear
Ini akun dia lucu banget semua ngoming Jawa tapi aksennya beda beda ada thai india korea gitu ,fear
@USER Itu baru jawa bekasi apakabar,fear
https://t.co/fKY0rFkajS Pengolahan Sampah Energi Listrik (PSEL) Siap Dibangun di Jawa Barat Mulai Juni 2026 #Pangku #Malming #Passion #MalamMinggu #Borneo #Ketapang #Lavani #Trisha https://t.co/8QnyuWSHFL,fear
@USER Ogah lebih dijajah jawa sumatra lagi,fear
@USER mauuu mauu mauu minat banget konyom jawa jawa mcm iniii tag gue pls tag gueee ,fear
@USER Karena monyet jawa dan orangutan sumatra bikin ancur ini negeri. @USER,love
@USER Aura mas mas gen jawa itu emang beda gitu rasanya,fear
Plissss jangan terlalu jawa gitu ryul mukanya,fear
Jawa kh lukh peien pake acara rikuh oh mbotennn️ oh? Ah! Matur nuwun ,sadness
@USER Iya kak emang jawa bakalan panas katanya,fear
@USER Oh ini yang pas saya mau mudik sepanjang jalan Pantura SE Jawa Barat jalan pelan dikiri dia unit dua unit,fear
@USER Ada monyet sumatra buzzer jawa ini Abis pergi kemana kk ,love
akhirnya lengkap sudah jawa dan 01 ini,fear
@USER @USER Iya... gue inget logatnya medok Jawa banget... ,fear
Yang punya jabatan di Jawa Barat dan sekitarnya terlihat meniru-niru gaya kepemimpinan ala-ala KDM. Runtah!,fear
@USER @USER orang jawa wajah &amp; namanya indonesia bgt tp ngomong nya bahasa jawa trs. pola pikirnya sama ga?,fear
@USER @USER Ciri² yg km tulis. Cuma aku asli jawa bukan banten wkwkwk,fear
Innalillahi wa innailaihi raji'uun... Duka di Cianjur: Balita 2 Tahun Meninggal Usai Makan Menu Gratis Polisi Tunggu Hasil Lab... Dinas Kesehatan Kabupaten Cianjur Jawa Barat masih menunggu hasil laboratorium guna memastikan penyebab meninggalnya balita MAB (2) warga https://t.co/XDc9v1CWga,fear
@USER Aturan kuota memang belum ada dulu harusnya diurusin BRTI yg dibubarkan jokowi di era raja jawa. Kewenangannya ditarik ke kementrian yang isinya pedagang dan politishit. Hasilnya? Korupsi bakti kominfo sampai judol.,fear
@USER saya jawa sj na'udzubillah min dzalik gk suka dg jokowi dan ghufron masa dibilang lutung.,fear
@USER Vibesnya pun aku suka.. Jawa kuno gitu lah.,love
@USER Owhh. Tapi tu lah nampaknya org Indo still tak boleh terima kalau kebaya ni memang asalnya berkembang di pelabuhan Melaka seterusnya barulah tersebar ke wilayah SEA yang lain. Kalau ikutkan bangsawan Jawa sebelum Mataram mana ada yg pakai kebaya mostly Kemban + Gagampang.,anger
#wts help rt ---Habisin Koleksi Edisi Stopcol #WTSBTS indramay Jawa barat CO Condi By DM Album +poster Nego tipis Ready ina langsung kirim #wtsbts #Jungkook #jungkookbts #wtsina #wts #stopcol #zonabu #BU #wtsbts #wts https://t.co/3jI16wedQ6,happy
@USER produk Jawa emang sematep enih ‍️‍️‍️,fear
@USER itulah udah saatnya cari cowo jawa. infokan mas mas jawa.,fear
@USER @USER aku sastra jawa massss. piye jal? ,fear
@USER Kosa kata Bahasa Jawa byk lebih singkat lagi... ,fear
Suhu di Jawa Besok Sumber @USER https://t.co/SBga5F8JSz,fear
@USER @USER @USER Template dulu warga padang kaget sama menu padang di Jawa yang biasanya cuma pake 1 lauk aja,fear
@USER Jadi inget kasus Meita Irianty yang juga dikenal sebagai Tata Irianty pemilik daycare Wensen School di Depok Jawa Barat dan seorang influencer parenting yang terjerat kasus hukum pada tahun 2024... divonis 1 tahun penjara akibat melakukan penganiayaan terhadap balita...,fear
@USER pasti jawa dan sekitar ya,fear
25 April 2026 Mengikuti sarasehan pada jambore pksm tingkat provinsi jawa tengah. Dinas LHKJateng #dlhkjateng #cdk1jateng #jateng #rembang https://t.co/C6oLnWDGH6,sadness
Hadir dalam acara Silahturahmi Kebangsaan dan Penguatan Moderasi beragama di Jawa Tengah 2026 yang diprakarsai oleh Kesbnagpol Prov Jateng dan FKUB Prov Jateng Di gedung PKK Ungaran Kab Semarang Ungran 23 April 2026 https://t.co/U5Jq8xzE9H,fear
Orang jawa mana tahan sejuk ️️,anger
Hadir dalam acara Silahturahmi Kebangsaan dan Penguatan Moderasi beragama di Jawa Tengah 2026 yang diprakarsai oleh Kesbnagpol Prov Jateng dan FKUB Prov Jateng Di gedung PKK Ungaran Kab Semarang Ungran 23 April 2026 https://t.co/vFe1SGT9w5,fear
@USER @USER Lah ini orang juga malah nyalahin orang kristen ketika ada muslim yg merusak makam kristen di jawa tengah kemarin.,fear
Hadir dalam acara Silahturahmi Kebangsaan dan Penguatan Moderasi beragama di Jawa Tengah 2026 yang diprakarsai oleh Kesbnagpol Prov Jateng dan FKUB Prov Jateng Di gedung PKK Ungaran Kab Semarang Ungran 23 April 2026 https://t.co/AH1YluCCBX,fear
@USER ini bahasa jawa mana?,fear
@USER aku baca juga mencet atu atu huhu yg ga jawa kalau convo tementemnya hima,fear
@USER Kayaknya susah buktinya sampe sekarang jalan kok. Kalau anomalinya sejak era raja jawa sudah mulai kelihatan anomalinya hampir berubah 180 dari era petugas partai terutama dari supremasi sipil menuju supremasi militer puncaknya ya MKMK. Kalian mau nunggu anomali apalagi????,fear
jawa dikit lagi jadi neraka anj,fear
Kemenkum Jabar berkomitmen mendukung penuh peningkatan ekonomi kreatif di Jawa Barat. Koordinasi dengan Pemkab Bandung ini hanyalah satu dari sekian banyak langkah nyata kami untuk melindungi karya anak bangsa. Kemenkum Jabar - Asep Sutandar.,fear
@USER @USER jawa,fear
Mohon maaf kata sambal bahkan ada dalam manuskrip prasasti Jawa kuno sejak abad ke-9/10 Masehi artinya justru sambal pertama kali dibuat oleh orang² Indonesia Apalagi kata cabia sudah ada sejak dulu meskipun merujuk ke cabai Jawa ,fear
@USER Mau dihina juga gak apa2 gak akan pernah menumbangkan keteguhan hati kami sebagai orang Jawa.,fear
@USER I have sent mail to your CEO Mr Kanwaljeet Jawa and your customer service mail as well,anger
MAHADASYAT MAS MAS JAWA MAKE BAJU BATIK,anger
Terima kasih sudah streaming Oh My Pumpkin! versi bahasa jawa!️ Yang belum nonton bisa langsung mampir ke YouTube channel aku yaaa!! Mari menjadi iwak dugong bersama-sama https://t.co/JCxXMVqX3z,happy
dateng bulan ni punggung sakitttttt bgtttt kaya abis maraton sumatra - jawa ,fear
@USER Ehh riyal kemarin aku ngelist ongkir ke luar jawa agak shock gimana yahh caranya biar lebih murce ,fear
@USER iya lagi baru ngeh dia ngejeknorang jawa segitunya wkwkw,fear
@USER Terbaik Thank you Mr Jason Wong and Miss Doris Yin Semoga dengan Buku GCV ini sangat membantu dan bermanfaat bagi Pioneer terkasih Team Warriors GCV Jawa Barat 🇮🇩 Jenderal Lien ,fear
@USER aku jawa,fear
@USER Mauuu janji jawa yah!!,fear
At this point guys gue udh gk kenapa lgi ngeliat cf atau meet n greet atau merch souta wkwkwk KEK- yudh lah mau gimna lgi? Nasib bukan di pulau Jawa dan bukan pewaris KLO ada duit dan cukup mah gas. KLO gk ada yudh Bukan berarti gue gk mau gue MAU BNGT cuman yudh lh,anger
Ini bisikan dari raja Jawa yg ayah &amp; anak ijazahnya gak jelas itu kah? Kok memusuhi guru seagresif gini?,fear
Filosofi Angka Jawa Time Line https://t.co/zCp7TZaGrD lewat @USER,fear
Diajak ngobrol mbahku ak gangerti bhs jawa mmf klo gak berbudaya,anger
@USER Siap Bunda Nonny Selamat dan sukses selalu satu hati GCV Team Warriors GCV Jawa Barat 🇮🇩 Jenderal Lien ,love
@USER full bahasa jawa timur masih minat?,fear
Kemenkum Jabar hadir sebagai katalisator pertumbuhan industri kreatif. Dengan perlindungan KI yang kuat kami yakin Kabupaten Bandung akan menjadi pusat inovasi yang disegani di wilayah Jawa Barat dan sekitarnya. Kemenkum Jabar - Asep Sutandar.,happy
ini 1001 matahari berkunjung ke jawa kah?,fear
Polres Metro Depok memastikan bahwa kabar mengenai penampakan pocong yang sempat menggegerkan warga Pasir Putih Kecamatan Sawangan Kota Depok Jawa Barat adalah berita bohong atau hoaks. https://t.co/TPZke99G2N,fear
@USER Jawa game machine https://t.co/MyiFlMxHc2,fear
@USER Salam sukses selalu Para Petinggi GCV Konngo semoga membawa jalan baik menuju Kesuksesan GCV Thank you Mr Jojo Team Warriors GCV Jawa Barat 🇮🇩 Jenderal Lien ,fear
Tre porapat nih ibarat makanan tuh gula aren gula jawa jenang legit banget ya allah,fear
@USER @USER @USER Jika dengan hinaan sudah gagal menumbangkan keteguhan hati kami mau dengan cara apa lagi? Itulah soft power orang Jawa.,love
@USER kalau Pak Jokowi representatif sipil jelatah bodoh nggak ada urusan mengenai ijazahnya asli atau nggak luaran jawa pasti mau terima terlepas bahwa itu banteng. 10 tahun pesta rakyat. kalau Soekarno dan Megawati biasanya luaran jawa malas bahas mereka.,fear
@USER Owh ini mbak mbak jawa itu,fear
@USER Mantap thank you Miss Lumari dan Pioneer terkasih Vietnam yang sukses menyelenggarakan Barter by Ekosistem Pi Team Warriors GCV Jawa Barat 🇮🇩 Jenderal Lien ,fear
@USER Nasib tinggal di luar jawa :((((,fear
Taik bener ribut soal makanan doank ga penting apa lg banding2kan begitu plus rasis ama Jawa,anger
@USER SASTRA SUNDA SASTRA JAWA SASTRA BALI SASTRA MINANG SASTRA BATAK SASTRA MELAYU SASTRA BUGIS-MAKASSAR harus ditutup tidak sesuai industri,fear
bukti valid kalau motif batik berasal dari Jawa bukan dari semenanjung ya,fear
@USER @USER @USER Salah analogi gimana lu bilang rasisme ke white do not exist karena mereka ga punya sejarah oppression dan sama kek jawa gam punya sejarah oppression juga,love
Kelen yg orang Jawa tuh pernah ga sih potong kuku malem2 terus dibilang gaboleh gitu ama orang-orang tua?? Tau ga sikk kalau dilogika kenapa gaboleh tuh menurut gue karena jaman dulu kan ga ada lampu jadi kalo potong kuku malem-malem ga keliatan..,anger
@USER @USER Hapus akun x dalam 24 jam. Pilih tutup akun atau masuk penjara karena UU ITE! AFIT FAHRUDIN TEMANGGUNG 10-02-1984 ALAMAT DSN PENUNGKULAN RT001/RW003 LEMPUYANG CANDIROTO TEMANGGUNG JAWA TENGAH JUMINI afitzkeren@USER.com 085786615851,love
TEMANS pls part baris deret di PM tuh kayak apa sih??? gue blm nemu bentuknya dh?? PLS JAWA https://t.co/SFlNR94ygj,fear
Apakah chef dari Jawa panggilannya mas koki? https://t.co/JznYVDFzpt,fear
@USER kak aku ada preloved buku buku berikut ini yaa semuanya in good conditions dan harganya jg bisa negoo udh gratis ongkir jg sepulau jawa kalau mau cek kondisi detailnya bisa dm/rep aja yaa thank youu https://t.co/fdxCDDQZJV,fear
walaupun lagu fav dan familiar alias my playlist bgtt tetap tidak bisa mengalahkan ada lagu kegarete sama seibetsu di dreamm mana ada teppen (aseli kalau lirik nya dibuat jawa lagi atau pakai bahasa daerah member lain gongg sih) aku cintaa semuaa setlist iniih ,happy
@USER @USER Hapus akun ini dalam 1x24 jam atau saya laporkan UU ITE. Siap-siap dipenjara kalau masih nekat aktif! AFIT FAHRUDIN TEMANGGUNG 10-02-1984 ALAMAT DSN PENUNGKULAN RT001/RW003 LEMPUYANG CANDIROTO TEMANGGUNG JAWA TENGAH JUMINI afitzkeren@USER.com 085786615851,love
@USER masa dia nulis jawa = lutung ,fear
@USER Film Exhuma seharusnya Indonesia bikin kaya film Exhuma dimana dukun bukan cuman duduk komat kamit doang ada tarian &amp; adat dikelilingi orang banyak. Banyak potensi tentang perdukunan ngga cuman di jawa doang.,anger
@USER jawa lagi diem aja tetep dipanggil2..,fear
@USER kak aku ada preloved buku buku ini yaa semuanya masih good conditions tentunyaa harganya jg bisa nego kirim dari jateng tp gratis ongkir sepulau jawa kakk https://t.co/C6pSdhG9rX,fear
walah bubar kita jawa jawa ini @USER @USER,fear
@USER @USER @USER lu sendiri bilang not at systematic level tapi masih maksa nyamain itu justru poin gua jrit. prejudice bisa ada ke siapa aja tapi tanpa dampak sistemik ya jelas ga setara. and jawa ≠ white. di Indo konteks power-nya beda. lu dari awal udh salah analogi,love
Simulasi Perang Rudal! TNI Latihan Gabungan di Karimun Jawa 20 Kapal Perang &amp; F-16 Dikerahkan https://t.co/uAaoE43QEb,fear
@USER @USER nama pun malaydogsialan lidah busuk pekat terus salahkan jawa pemalas betul jadi malaydogsialan pergi keluar negara pun susah sia sia ringgit naik tapi rakyat still miskin keluar negara hanya utk try sambal jawa pun susah,fear
niat hati stream redred di yt malah nemu playlist lagu jawa jadi asoy asoyan lama banget ,fear
Junan asli orang Jawa,fear
@USER WKWKKWK sabar ya jawa,fear
@USER FIRE HAZARD at my home Nakur. Your dealer Khandelwal Bareilly cut wiring then burnt VRVX PCB A1P while fixing. Unit dead 0.0 Amp. Need MD Mr. KJ Jawa intervention. New outdoor in 24hrs or legal action. Complaint: * #DaikinFraud,anger
WANT TO SELL WTS KIM HYEYOON 2026 FANMEETING MD Photocard Set = Rp135 000 Welcome Set = Rp165 000 Pin Button Set = Rp125 000 Sticker Set = Rp155 000 exclude ongkir (manual) admin shopee (by request) brebes jawa tengah ️ dm / chat https://t.co/dIJtWhWUEE https://t.co/sChfYSC0NI,anger
Me everyday: I wanna go to public spaces to chill and draw Jawa everyday.. jan panase ra umum ,anger
@USER JK itu Sulawesi apakah ada sejarahnya dan itung2 politik org luar Jawa jadi presiden... Buzer dongok Go-block ,anger
@USER Jika jadi dieksekusi maka fakultas/prodi yg akan dieliminasi adl: 1. MIPA 2. FISIP 3. FEB prodi EkBang 4. FKesMas 5. FIB prodi sejarah arkeo dan beberapa prodi bahasa spt sastra Jawa 6. Prodi pendidikan sosial 7. Kampus/prodi ilmu seni budaya 8. Kampus ilmu agama 9. dll dst..,fear
@USER @USER it looks like a Jawa Sand Crawler,fear
@USER kekuatan jawa,fear
Gelandang Timnas Indonesia tersebut mencetak dua gol (brace) untuk membawa timnya menang tipis 2-1 di Stadion Gelora Bangkalan Jawa Timur Sabtu (25/4/2026). https://t.co/nu7jnbG9v0,fear
Rangkuman berita hari hari ini 1. Purbaya bilang kita masuk mode survival 2. Prabowo ke Perancis lagi 3. Jenderal jenderal Purnawirawan TNI di undang ke istana 4. TNI latihan tembak rudal di Karimun Jawa. 5. Rupiah melemah 6. Asing banyak keluar dari saham big Banks. Why? Ada,anger
@USER Ada pertanyaan gubernur harapan pendukung persib aja udah aneh sih buat gw ga perlu dijawab atau dibahas panjang lebar pertanyaan begituan.. PERSIB BANDUNG itu besar penuh sejarah dan kebanggaan bukan hanya bagi penggemarnya di jawa barat tp diseluruh pelosok indonesia,anger
@USER Jawa Jawaしてきた,fear
Garis wajah yang tidak bisa berbohong: Inilah perbandingan visual antara Dwi Sasono dan ilustrasi Prabu Jayabaya menjadikannya pilihan paling otentik dan sempurna jika kisah legendaris sang peramal agung Kediri ini diangkat ke layar lebar dalam skenario Baratayudha versi Jawa. ,sadness
WTS // Want to sell nct dream CHEERING KIT JAEMIN (uchiwa) 200.000 inc packing ready ina adm oren bogor jawa barat Order? DM https://t.co/tOqUI2b7P4,fear
Kamis 23 April 2026 - Dinas Perdagangan dan Perindustrian Provinsi Kalimantan Tengah dan Dinas Perindustrian dan Perdagangan Provinsi Jawa Timur membuka Pojok Layanan dan Konsultasi dalam kegiatan Misi Dagang dan Investasi Provinsi Kalimantan Tengah dan Provinsi Jawa Timur. https://t.co/FR8Hx1Dt5P,fear
*୨ৎ || LEOWON Cafe Event Surabaya || ୨ৎ* Bober Cafe Jl. Raya Jemursari No.70 Jemur Wonosari Kec. Wonocolo Surabaya Jawa Timur 60237 ️ Sunday 14th of June 2026 ️ HTM IDR 85.000 / Person (Dp 50.000) 13.00-Selesai Pink / Yellow https://t.co/KEVvkE1c8W https://t.co/LmYUxL96Nk,sadness
@USER @USER @USER Dari sejak orok mereka sudah diajarkan untuk membenci Jawa. Apa yang bisa kamu harapkan dari modelan semacam itu??,love
Update Peringatan Dini Cuaca Wilayah - Jawa Timur Tgl. 25 April 2026 pkl. 21:15 WIB Prakirawan - BMKG - Jawa Timur https://t.co/yZjChYnx4C https://t.co/lcD3ip4dTf,fear
Kamis 23 April 2026 - Penandatanganan Kesepakatan Bersama (KSB) antara Gubernur Jawa Timur dengan Gubernur Kalimantan Tengah dan Penandatanganan Perjanjian Kerja Sama (PKS) Dinas Perindustrian dan Perdagangan Provins Jatim dan Dinas Perdagangan dan Perindustrian Prov Kalteng https://t.co/e7cY5y7mbs,anger
Kemenkum Jabar bangga atas keragaman budaya di Jawa Barat. Melalui pendaftaran Kekayaan Intelektual Komunal kita lestarikan seni dan tradisi Kabupaten Bandung agar tidak lekang oleh waktu dan tetap jaya. Kemenkum Jabar - Asep Sutandar.,fear
@USER Dia istrinya Gatotkaca (versi pewayangan Jawa),fear
@USER Wajarnya mas² Jawa yg banyak gaya bukan banyak ceweknya #LoveStory https://t.co/kNxvTyi397,fear
update #WTS photocard seventeen + cahol dom depok jawa barat bisa co oren (excl adm+pack) atau manual yaa boleh tanya2 dan nego yaa mt after dm yahh! wts wtb photocard pc seventeen svt wts wtb https://t.co/KX9oGnGco6,fear
@USER Ih kepo kontennyaa aku mas2 jawa holic soalnya LOVE UPON A TIME EP5 #ภพเธอEP5,love
Rahmet: jawa jawa rahmet orang paling ngeselin cok sebenernya wkwkwk. Cuman dia tuh bercandaannya masuk di orang2 dan seru plus dia kabid yang gua rasain dan gua pengen ngelebihin dia lah (Egooooo). Banyak hal yang sering diomongin dan pengen gua buktiin ke dia kalo gua bisa,fear
@USER cari yang katolik biar bisa misa bareng siapa tau jadi partner travelling dom pasming asli jawa https://t.co/nwHYx0odUc,fear
Kemenkum Jabar hadir untuk memberikan kepastian hukum bagi setiap inovasi. Jangan biarkan ide hebat Anda dicuri orang lain. Daftarkan sekarang juga di kantor wilayah kami yang berlokasi di Jawa Barat. Kemenkum Jabar - Asep Sutandar.,fear
TUKAR BACA KOMIK LOKAL JOGJA Tuker-tukeran jajanan komik di Comipara yuk! Pada abis belanja apa aja siiiii??? Kuratoru Jl. Cempedak No G-3 Condongcatur Seleman Yogyakarta Jawa Tengah Minggu 26 April 2026 ⏰️ 15.00-19.00 WIB #TUKARBACAKOMIKLOKAL https://t.co/DmbBcXTBeO,anger
꧋ꦱꦼꦢꦺꦫꦼꦏ꧀ꦙꦮꦶ ꦥꦭꦶꦁ ꦲꦸꦠꦩꦶ ꦥꦫ ꦠꦿꦤ꧀ꦱ꧀ꦩꦶꦒꦿꦤ꧀ꦲꦪꦺꦴ ꦢꦶꦥꦸꦤ꧀ꦲꦸꦫꦶꦲꦸꦫꦶ ꦧꦱ ꦙꦮꦶ ꦠꦒꦼꦩ꧀ꦲꦤꦏ꧀ꦥꦸꦠꦸ ꦥꦤ꧀ꦗꦼꦤꦼꦔꦤ꧀ꦱꦩꦶ꧋ Hai transmigran Jawa ajari anakmu basa Jawa! Supaya masa depanmu cerah! https://t.co/QUmfvgHQiS,fear
@USER @USER Orang jawa mbah2 kita dlu yg nglakoni (menuntut ilmu) mmg bisa punya kelebihan dibanding manusia normal..,fear
rekom destinasi staycation di jawa timur dongggg tpi ojok sg ws umum gtu looo ofc selain malang dan surabaya,fear
Kemenkum Jabar berkomitmen mendukung hilirisasi industri kecil di Jawa Barat. Melalui perlindungan Merek dan Desain Industri kita perkuat posisi tawar produk Kabupaten Bandung di mata para konsumen global. Kemenkum Jabar - Asep Sutandar.,fear
Lu aslinya orang jawa kan wooo?? Ada medok2nya,anger
@USER suguru tuh aslinya mas mas jawa greenflag abis cmn kebawa arus nangor aja die ,fear
Kamis 23 April 2026 - Dalam rangkaian kegiatan Pembukaan Misi Dagang Provinsi Jawa Timur dan Provinsi Kalimantan Tengah Tahun 2026 diselenggarakan peragaan batik dan tenun khas dari kedua provinsi sebagai upaya memperkenalkan dan mempromosikan produk unggulan daerah. https://t.co/5DLX2anr86,sadness
jawa dropped because of his knees and arms.,fear
@USER @USER @USER @USER bukan ini orang sumatra yg merantau ke jawa katanya lauk nya dikit kalo makan,fear
@USER kayak Kursi Tahta Raja Jawa ,fear
@USER jawa hama,fear
penelitian terhadap pasangan ldr jawa kalimantan,fear
@USER Kalian jawa mau apa sekarang. Mau aku mampusin.,fear
Gue dari pertama x disuruh beralih ke gas non subsidi langsung ganti eh ternyata di kantor banyak yg masih pake gas ijo jangkriikkk! LPG 3 Kg Mulai Dibatasi di Jawa Tengah ASN PPPK dan Usaha Besar Wajib Beralih ke Gas Nonsubsidi https://t.co/0pp5fTGfCT,sadness
cortis x lagu jawa candu bgt sial,fear
Case Filed against Classic Legends (#Jawa #yezdi #bsa motorcycles) on their restrictive practices relating to their spare parts diagnostics tools and service @USER @USER @USER @USER @USER @USER @USER https://t.co/aZXByrye8V,happy
ya Allah lindungi jawa,fear
Selamat tinggal Jawa timur puter balik menuju bekasi,happy
Kemenkum Jabar hadir sebagai mitra bagi kemajuan UMKM di Jawa Barat. Koordinasi di Kab. Bandung ini adalah langkah nyata dalam memberikan perlindungan hukum bagi para pelaku usaha kecil yang sedang berkembang. Kemenkum Jabar - Asep Sutandar.,fear
Kamis 23 April 2026 - Dalam rangkaian kegiatan Pembukaan Misi Dagang Provinsi Jawa Timur dan Provinsi Kalimantan Tengah Tahun 2026 diselenggarakan peragaan batik dan tenun khas dari kedua provinsi sebagai upaya memperkenalkan dan mempromosikan produk unggulan daerah. https://t.co/b8frUiDaWI,sadness
in fact lu gatau di bekasi hampir tiap tahun demo. may day lah serikat lah apa lah. ada regulasi ga bener protes ada perusahaan licik lapor harga bahan pokok naik ya demo. mas/mba kita ga nrimo ing pandum saya juga jawa btw. kalo pemikiran dan usahamu cuma bersyukur...,anger
@USER Jujur sebagai user daily KRL maupun ad mereka jg tetep meresahkan soalnya capeknya sepulau Jawa,fear
@USER Kalau half jawa boleh aku mauuu. Hit me on dm nder!,fear
@USER mas mas Jawa berkacamata tinggi kurus atau berotot bolehh Islam soft spoken sabar tidak merokoksementara itu dulu ingyahh haha,fear
maaf ya -- aku yg gak di Jawa dan budget pas-pas an ini klo tau RV kek gitu aku gasin kmrn berangkat. Beneran gak nyangka sejelas itu... but semoga semua teume aman nyaman dan stay safe tetap enjoy dan semoga treasure nya jg enjoy guys ,anger
@USER @USER @USER @USER Dan lu literally bilang statement jawa gw rasis yang dimana kita bisa equate jawa=white dalam konteks indonesia that means racism against white definitely exist and heterophobia exist just not at systematic level,love
Detail lokasi poster di sekitar area Blok M Jakarta (2) dekat sport olympics di depan blok M square (toko emas) dekat jawa-jawa https://t.co/F67vadraJQ,fear
buat versi pulau Jawa juga plis :D,fear
skrg marahnya pake jawa udh bkn inggris https://t.co/fBZJB3T61g,fear
@USER OH BENER BENER.. bener bener inimah jokes YJJA yang jawa jawa aja,fear
je' wessss boseni hidup ini mbah yaaaai aku di pemerintahan raden fatahillah 500 mesjid agung demak pantura jawa pesisir jawa ... buat ga' boseni hidup ini,fear
@USER @USER @USER @USER lu pikir karna ada rasisme terhadap orang berkulit hitam bakal juga ada rasisme terhadap bule putih gt? Statement ini mengimplikasikan klo rasisme ke ras yang ga pernah dioppressed bukan rasisme and after gw pake argumen jawa itu lu malah bilang itu rasis artinya rasisme ke,anger
@USER Jadi kangen mantan.... Mana dia Jawa aku Kalimantan,fear
-ning adakah mba-mba jawa yang bisa jadi someone to talk? siapa tau bisa lanjut dari em29 pekerjaan alhamdulillah udah stable,fear
@USER @USER bahasa Jawa apa jir ngehamilin,fear
@USER + jawa adalah kunci,fear
@USER Ga bang hehehhe saya lahir di jkt keluarga besar jawa cuma kebetulan rumah di kab bogor.,fear
*_Dari Wonosobo Jawa Tengah Nyatakan Perang Melawan Hoaks_* Hadir dalam seminar Wonosobo Melawan Hoax ini Hersubeno Arief produsen konten dan wartawan senior memberikan contoh-contoh kongkrit hoax yang baru saja terjadi di jagad media sosial dan sangat berbahaya jika,sadness
Palangka Raya Kepala Dinas Koperasi dan UKM Provinsi Kalimantan Tengah menandatangani perjanjian kerja sama dengan Kepala Dinas Koperasi dan UKM Provinsi Jawa Timur pada Kamis 23 Februari 2026 bertempat di Hotel Bahalap Palangka Raya. https://t.co/P8vTR7uQsj,fear
@USER All jeroan bebek dan ikan yg disajikan di pulau jawa,fear
@USER Jawa jawa jawa,fear
jadi di Jawa kuno sudah ada mekanisme sengketa pajak. sengketanya juga mirip2 dengan sengketa pajak modern soal identitas sebagai WPDN atau WPLN,fear
@USER Gini bgt nasib luar Jawa,fear
Wargalo ketagihan ayak gepuk malah elo ngatain Jawa ngaca dulu makananlo tuh rawan kolesterol https://t.co/EVUNws3hOW,fear
@USER HAHAHAHA. Papnya dulu mana. :3 Niscaya bukan cuma Jawa sama Sumatera yang bersatu tapi aku satuin Pangea.,fear
@USER hhh ruarr biasa mengerikannya fitnah dajjal.. dajjal jawa sj daya rusakk dn menipu nya spt ini... melahirkan jenis makhluk termul,fear
@USER @USER Matoa atau Pometia pinnata bukan hanya ada di Papua. Di Jawa barat namanya leungsir di Lampung orang menyebutnya kungkil di Sumatera Barat dinamai Kasai. Hanya saja yang layak dimakan adalah yang berasal dari Papua.,fear
@USER Mas kok yakin saya tahu soal astronomi Jawa Kuno ,fear
@USER @USER Jawa manaa aku juga jawa,fear
@USER di pulau sumatera na kamu di pulau jawa kah?,fear
Gw mleyot bgt liat Shu Jawa smsnskjdnsksdkksn kasep pisan euy,fear
@USER F29 Jawa dom Bogor sbg corporate girly pasti butuh kopi jd skrg lagi explore nih wkwk ayo berteman siapa tau jd teman hidup ️ #LoveStory https://t.co/AKnqSBqNrT,fear
@USER Menarik bang terimakasih. Sayang sekali di Jawa malah punah ya.,love
Warga Karawang mengira dirinya di luar Jawa soalnya bang,fear
@USER Planet jawa emg beda wkwk,fear
@USER tadi gua liat perkiraan cuaca pulau jawa merah neraka jir gasiap banget padahal udah dijalani berhari hari,fear
@USER Jawa beda,fear
@USER ㅤ ㅤ Mahika 2009. Kebetulan Mamaku asli Jawa. Papaku Jawa-Pakistan. Jadi aku 2/3 Jawa 1/3 nya Pakistan. Salam kenal Kak! ㅤ ㅤ,fear
@USER @USER Ken Arok itu raja jelas aja ada catatannya. Wali Songo itu juga konsep yang ditulis Mataram Islam. Tapi tokoh-tokohnya kemungkinan bukan fiktif soalnya Tome Pires juga mencatat ada jaringan ulama di pesisir utara Jawa.,fear
@USER @USER @USER @USER Sate itu LAHIR DI PULAU JAWA. Inspirasinya memang dari kebab yg dibawa oleh pedagang Arab dan Muslim Tamil. Tapi orang Jawa memotong dagingnya kecil2 menusuknya pakai lidi bambu (bukan besi kayak kebab) lalu membakarnya dan MENCIPTAKAN SAUS KACANG dan SAUS KECAP yg manis gurih.,love
Anggota TNI asal Papua ini sudah tinggal di Jawa selama lima tahun dan pintar berbahasa Jawa. #PapuaNKRI #PapuaBangkit #PemerataanPembangunan #ekonomikuat #IndonesiaKuat https://t.co/df3zDg0UcL,fear
aku sih jawa sama sumatra ya,fear
@USER M31 178/72 Cowo straight gak ngerokok apalagi alkohol Asli jawa barat tapi budak korporat di PMA di BSD Hobby gym futsal denger podcast Nyari yg bisa diajak serius well educated bukan mencari penyembuh trauma masa lalu. Sedikit updated jga dgn politik di Indonesia https://t.co/VqXSx2dhHM,fear
Perkuat Sinergi Satukan Langkah! ​Menghadiri Turba PWM Jawa Tengah di GDM Pemalang hari ini menjadi momentum penting bagi Kwartir Daerah Hizbul Wathan Pemalang untuk menyelaraskan visi dan memperkuat arah gerak organisasi. https://t.co/gOmfXtH5n2,fear
Balai Bahasa Provinsi Jawa Tengah memberikan layanan Smara Muruhita berupa fasilitasi narasumber Peningkatan Kemahiran Berbahasa Indonesia di Dinas Pendidikan Kepemudaan dan Olahraga (Disdikpora) Kabupaten Kebumen pada Sabtu 25 April 2026. Kegiatan yang berlangsung di https://t.co/JcoebLiVlG,fear
@USER @USER @USER @USER Yakan tweet lu mengimplikasikan ga ada bentuk rasisme samsek ke kulit putih so by ur own statement and logic ya statement jawa hama itu ga rasis,fear
Melindungi hak cipta dan merek adalah prioritas. Kemenkum Jabar terus memantau potensi pelanggaran KI di Jawa Barat dan memberikan pendampingan hukum bagi korban peniruan produk yang sudah terdaftar resmi. Kemenkum Jabar - Asep Sutandar.,fear
@USER Apalagi jawa kan,fear
@USER Orang jawa besok siang https://t.co/d1MPWjRIbv,fear
@USER Sastra Indonesia Sastra Inggris Sastra Arab Sastra Jepang Sastra Rusia Sastra China Sastra Jawa Sastra Batak Sastra Melayu Yg gak ada masa depannya ini tutup aja apa ya,fear
@USER @USER @USER egiluy uda udah nyampai tanah jawa,fear
PIHAK kepolisian memastikan bahwa kabar mengenai penampakan pocong yang sempat menggegerkan warga Pasir Putih Kecamatan Sawangan Kota Depok Jawa Barat adalah berita bohong atau hoaks. Kepastian mengenai video pocong Depok yang hoaks ini didapat setelah jajaran Polres Metro,fear
@USER Mas kalau soal ilmu navigasi di jawa kuno (menentukan posisi dan arah mata angin) di jawa kuno gimana ya?,fear
@USER @USER @USER @USER iya tweet gua. r u illiterate or sum shit? lol strawman lagi. smua Jawa hama rasis tp g punya dampak sistemik. ga setara. ya ada aja orang 'rasis' ke orang bule tapi apakah setara dgn rasisme ke orng hitam? y kgk lah dafuq man. ga bs disamain. just like 'heterophobia'.,love
Pernah banget ngalamin kaya Si hatiku tertinggal d jawa jiwa ku di Sumatera HOMETOWN ROMANCE EP4 #คุณแฟนบ้านนอกEP4,fear
@USER RIS pun hasil dekolonisasi Belanda yang menyatukan RI di Jawa &amp; Sumatera dng negara-negara bagian anggota BFO di bagian-bagian selebihnya Indonesia.,fear
@USER yuyur aku yg ga di jawa aja ini seharian cuma pake puanassss polllll kipas ga berasa lagi,fear
@USER Kapan pulau jawa sama kalimantan dempet?,fear
Cabang Dinas Pendidikan (Cabdin) Jawa Timur Wilayah Kabupaten Gresik resmi memperkenalkan EDUTRUST sebuah platform digital revolusioner untuk tata kelola pendidikan kemarin Jumat (23/4) di SMA Negeri 1 Manyar. https://t.co/AIqEk0GR6b,fear
@USER Waktu naik bis semarang banjir belum ada tol trans jawa putar lewat alas roban yang temanggung itu pokoknya seat belakang teriak pak sopir pocong pak supir yg ngelihat 2 orang akhirnya pindah depan terus awalnya dangdutan ganti cak nun sampai rumah makan bisnya dicuci,fear
@USER Let s create Magical Photo dengan prompt: buat aku berada di candi Borobudur memakai baju adat khas jawa tengah. TADAA!! Magic happen with Photo Assist di #GalaxyS26Ultra #GalaxyAI #YouandAICan #MagicalwithS26Series,happy
@USER Gw runtuhin jawa,fear
Kemenkum Jabar berupaya menciptakan iklim usaha yang kondusif di Jawa Barat. Melalui penguatan Kekayaan Intelektual di Kab. Bandung kami memberikan kepastian hukum yang sangat dibutuhkan para investor lokal. Kemenkum Jabar - Asep Sutandar.,fear
RYUL JAWA https://t.co/xX9heAGGKB,fear
Tadi sekre gereja kedatangan 4 orang dari Belanda ditemani seorang guide. Mereka ceritanya napak tilas mengunjungi tempat2 yang pernah ditinggali oleh orangtua dan om tante mereka di Jawa. Ortu mereka dan sodara2nya semuanya lahir di Bandung blasteran belanda-sunda ...,sadness
PRELOVED https://t.co/L2XzYHDQsy Komik Miiko edisi spesial -Kumpulan cerita terbaik (1~7) -Fan Book -Namaku Miiko -Miiko Cilik (reguler &amp; warna) harga semua 30k dom Depok Jawa Barat tags buku bacaan bekas murah original Jepang shoujo manga rare item ,fear
@USER ya ampun semua guru SD orang jawa semuanya juga ngomong gitu di zaman gw tahun 1995 itu angkatan gw sebelumnya juga gituh saat Presiden Suharto jadi presiden seolah-olah pergaulan itu musti pada tau biar jangan kalah sama yang kelas wapres sby itu suatu saat nanti,anger
@USER @USER Dah gausah bawa2 jawa kalau di sumatra banyak pejabat dan rakyat bangsat penindas saudara ny,fear
@USER Gampang lah bisa beli chef jawa. Mas koki https://t.co/IejFNiZa55,fear
JAWA MODE PDI PERJUANGAN KAH? MERAH,anger
@USER Jawa logic,fear
@USER KDM Jawa Barat?,fear
@USER kali ini gua setuju tolong bilangin kak segera realisasikan penyatuan jawa x kalimantan ini. terima kasih ,love
@USER @USER Siap-siap aja akan dipenjarakan karena sudah melanggar UU ITE. Hapus segera akunmu NAMA : RAFI IZZATUL RIZQU FARIS DEPOK 28-11-2002 KOMPLEK RRI CIMANGGIS RT001/RW001 CISALAK SUKMAJAYA KOTA DEPOK JAWA BARAT SITI MARFIAH BELUM KAWIN,love
@USER jauh bngtt aku di luar pulau jawa tapi makasih kakk rekomm nyaa nanti dicobain pas ke jkt,fear
Ricky Kambuaya menjadi bintang lapangan yang membawa Dewa United membungkam tuan rumah Madura United FC 2-1 dalam laga Super League di Stadion Gelora Bangkalan Jawa Timur Sabtu.https://t.co/jNtTvorEZQ,fear
@USER Kak.... mengiri bgt bjir Knp pulak rumah gw paling selatan pulau jawa ,fear
@USER Makanya jangan Jawa,fear
@USER @USER Mumpung masih ada kesempatan segera hapus tuh akunmu dalam pantauan pihak berwajib krn melanggar UU ITE NAMA : RAFI IZZATUL RIZQU FARIS DEPOK 28-11-2002 KOMPLEK RRI CIMANGGIS RT001/RW001 CISALAK SUKMAJAYA KOTA DEPOK JAWA BARAT SITI MARFIAH BELUM KAWIN,love
@USER pulau jawa merah membara akhir2 ini,fear
Kemenkum Jabar berkomitmen menjadikan Jawa Barat sebagai provinsi sadar Kekayaan Intelektual. Langkah awal di Kabupaten Bandung ini diharapkan menjadi inspirasi bagi daerah lain untuk melakukan hal serupa. Kemenkum Jabar - Asep Sutandar.,fear
@USER @USER Samurai takut pada jawa,fear
Desa Sumberejo Kecamatan Sudimoro Kabupaten Pacitan Jawa Timur terus menunjukkan perkembangan positif melalui upaya optimalisasi potensi lokal yang dimilikinya. https://t.co/q3Naaf6nSO @USER,fear
- ikan lautnya juara!!! - masakannya enak2 pedes2 gurih. Pas balik ke Pulau Jawa makanan gurih di sini malah terasa manis - kaca belakang angkot digambar Bendera Israel bukan Palestina - Suka pesta! Anak ultah undang biduan anak masuk SMP gelar makan2 ,fear
Turun harga turun harga Bismillah laresssss #JerseyForSale England2008-2010 Excellent 750K Emyu AON 2011-2012 Excellent 750K Size: All XXL NEGOTIABLE nego sampai dealll FREE Ongkir Pulau Jawa-Bali Order/info https://t.co/GX8cRamZ61 /DM https://t.co/KL1OvJ6UN0,fear
@USER @USER Gak usah banyak alasan hapus akun atau surat panggilan meluncur. Batas waktu 1x24 jam! NAMA : RAFI IZZATUL RIZQU FARIS DEPOK 28-11-2002 KOMPLEK RRI CIMANGGIS RT001/RW001 CISALAK SUKMAJAYA KOTA DEPOK JAWA BARAT SITI MARFIAH BELUM KAWIN,love
Aku pernah ngobrol dan bener² bikin lost interest. Oh Blitar ya? Jawa Tengah kan? Duh aku ngga ngerti dan ngga bisa ngebedain kota di Jawa ngga penting juga Wah.. bye.,love
@USER @USER Segera tutup akun atau saya proses hukum malam ini. Sanksi ITE nggak main-main 1x24 jam! NAMA : RAFI IZZATUL RIZQU FARIS DEPOK 28-11-2002 KOMPLEK RRI CIMANGGIS RT001/RW001 CISALAK SUKMAJAYA KOTA DEPOK JAWA BARAT SITI MARFIAH BELUM KAWIN,love
@USER Yin aku aja yang masih satu pulau di Jawa belum pernah ke comifuro ,fear
gw dukung satukan kalimantan dan jawa pls,fear
@USER nasib nasib yang tinggal diluar pulau jawa ,fear
Jawa tulen yg benci Islam.,fear
@USER Tol trans jawa itu sangat berpengaruh untuk menekan biaya logistik kata siapa malah makin mahal? Karena ada tol trans jawa paket reguler dr surabaya ke jakarta jadi hanya 24 jam sampai dulu bisa 3 hari memang apa yang lebih mahal di dunia ini drpd waktu?,fear
@USER @USER ini kalo dalam bahasa jawa disebut kere munggah bale ,fear
@USER @USER Sekedar info dia punya 3 rumah satu di kota Solo satu di kab. sukoharjo dan satu di kab. Kendal yg semua di wilayah provinsi Jawa Tengah,fear
takoyaki jawa. the only decent food here https://t.co/HgXdxXABvR,fear
@USER aku dan mentemen dan juga lagi belajar aksara meskipun awalnya karena tugas... tapi justru dari situ kita sadar pelestarian aksara jawa penting siapa lagi yang mau melestarikan kalo bukan anak mudanya sendiri (?) https://t.co/9fFVoiBtQh,fear
Nobody: Malays: jawa jawa jawa jawa jawa https://t.co/Lotc5M7tqd,fear
@USER Nah itu bukan tergantung amal ibadah. Tergantung hoki aja kalau gak hoki ya dapetnya emas emas jawa,fear
@USER maaf ya..dg mayoritas suku..dn pendidikan masyarakat Indonesia... dmn dominan suku jawa. . ya bgmpun capres diluar suku jawa sulit utk jadi.. apalagi setelah dirusak seluruh sendi2x bernegara oleh dajjal jawa,fear
Plat B itu ada di Jawa loh. Biasanya kan dihubungkan ke Jawa sama admin nih tumben sekali untuk cuitan ini gak dikaitkan ,fear
@USER Itu memang jokesnya patang puluh patang. Jadi gini Sayangku. Bahasa Jawa 44 itu patang puluh papat tapi karena ada orang yang belum paham banget dia bikin video dan tanya sama orang Jawa patang puluh patang viral deh itu. Jadilah jokes sampai sekarang.,fear
@USER Mau ngobrol sama mas mas non jawa. Hmu!!,fear
JEMBATAN CANGAR Mitos Jembatan Cangar telah lama menjadi bagian dari cerita rakyat yang beredar di kawasan perbatasan Kota Batu dan Kabupaten Mojokerto Jawa Timur. ( Thread ) https://t.co/Xc4OVbvYIA,fear
Kantor Perwakilan Bank Indonesia Provinsi Jawa Timur mempersembahkan Pameran Museum Bersama 2026: Women of Light. Jelajahi 3 zona spesial yang menghadirkan koleksi dari Museum Kartini Museum Nasional Indonesia hingga Museum Bank Indonesia. https://t.co/tdh4gSAx4u,sadness
Yg Diluar jawa cuma cuma Senyum senyum aja udah,anger
Bantuan pembangunan rumah apung tersebut hasil kolaborasi antara Pemerintah Provinsi Jawa Tengah Pemerintah Kabupaten Demak dan Bank Jateng. ---------- Baca Berita Terpercaya lainnya di https://t.co/gWEjMt5krv,fear
Pemprov Jawa Tengah terus menggulirkan bantuan pembangunan rumah apung bagi warga terdampak bencana rob di Kabupaten Demak. #suaramerdeka #gubernurjateng #ahmadluthfi #wagubjateng #tajyasin #humasjateng #rumahapung #demak #rob https://t.co/f4W7xmLWmD,fear
@USER @USER @USER Luar jawa menyimak hehe,fear
Kemenkum Jabar hadir memperkuat ekosistem Kekayaan Intelektual di wilayah Jawa Barat. Dengan koordinasi intensif di Kab. Bandung kita bangun benteng hukum bagi karya-karya kreatif masyarakat kita sendiri. Kemenkum Jabar - Asep Sutandar.,fear
Ceweknya cantik² jujur karena gw kalok pulang kesana ke rumah keluarga besar mama emang lebih putih² Tapi...gw bersyukur lahir di jawa ketimbang lahir disana Parah men aseli. Apalagi masuk pasar Tomohon ,fear
Kantor Perwakilan Bank Indonesia Provinsi Jawa Timur mempersembahkan Pameran Museum Bersama 2026: Women of Light. Jelajahi 3 zona spesial yang menghadirkan koleksi dari Museum Kartini Museum Nasional Indonesia hingga Museum Bank Indonesia. https://t.co/LBvCFU8r4A,sadness
kenapa jadi kayak orang JAWA,anger
@USER jawa adalah kunci,fear
@USER Gakuat bahasa jawa tb tb ,fear
Tdi nonton makuake terus ku nyalain auto translation nya trs kuubah ke bhs jawa ngakak bgt help berasa banget lokalnya hahahhaha https://t.co/OaJU1Qxofu,fear
@USER asal muasal di sebut asam gimana ceritanya? dimana² pun asalkan asam pasti disebut asam jawa,fear
Nggak ada ASAP klo ga ada api Di Jawa nafasmu bau menyan dan berkabut Surau kau sudah lautan ,fear
Jawa Timur serasa di Padang gurun Hot is not publik,fear
@USER kolesom (ginseng jawa) &gt;&lt; 'Talinum triangulare' yang bisa adaptasi di suhu tinggi,fear
@USER kalimantan tapi kuliah di jawa kamuuu ???,fear
jawa goreng,fear
Sastra Indonesia Sastra Inggris Sastra Arab Sastra Jepang Sastra Rusia Sastra China Sastra Jawa Sastra Batak Sastra Melayu Alias FIB tutup aja kalau gitu.,fear
tbtb pgn nikah adat jawa,fear
Leluhur Jawa lebih tua dari pada jawara Betawi Ajining diri Ono ing lathi Deso mowo Toto Nek Ra biso ditoto luwih apik pindah Negoro https://t.co/l8O7REVdoM,fear
@USER @USER @USER Kenapa dengan beras? Di Jawa itu lumbung beras nasional.,fear
@USER Di Eropa coba hidup di Jawa Timur. Isuk sego bungkus kopi racik + sebat surya. Awan sego padang dadar + paru. Bengi sego Bebek purnama.,fear
@USER Kata org jawa kalo kebelet berak tapi jauh dari wc umum suruh ngantongin batu. Mungkin itu tujuannya.,fear
Kemenkum Jabar menegaskan komitmennya dalam menjaga setiap jengkal Kekayaan Intelektual di Jawa Barat. Audiensi dengan Pemkab Bandung adalah bagian dari perjalanan panjang pelindungan aset daerah kita. Kemenkum Jabar - Asep Sutandar.,fear
@USER enaknya pny go yang se dom apa daya luar jawa ini,fear
@USER Lawan China udah pasti kalah telak. jika hari ini Beijing mengirim rudal² balistik hipersonik ke kota² di Jawa sudah dapat dipastikan tidak bisa dicegat. Ironisnya tidak satu butir peluru dari TNI @USER mampu menjangkau China. https://t.co/wd7bpdAdng,fear
...artinya akan dibagikan ke korem kodim &amp; koramil yg ada di seluruh jawa timur...,fear
Mas-mas jawa tan skin bisa roll depan belakang. Udh mulai berubah dari : -turu menjadi bobo -mangan menjadi maem Yok jadian massss,fear
 NOBAR Live Streaming ARIRANG Tour in Busan &amp; 13th BTS Anniversary with ARMY PONOROGO Sabtu 13 Juni 2026 REDGO CAFE Sebrang Luwes Jl. Kh. Ahmad Dahlan No.91 Hasanudin Nologaten Kec. Ponorogo Kabupaten Ponorogo Jawa Timur 63411 15.00 WIB - Selesai https://t.co/T039XUN4D2,fear
@USER Sii Io inii astaghfirullah iihhh...dulu smpet sakit cacar / campak nggak si kak @USER ?? Disembur pake aee asem jawa nggak diaa??? ,fear
@USER Jawa pundi mas?,fear
@USER km setuju aku runtuhin indonesia supaya bisa memersatukan jawa dan bali,love
@USER Yess this alasan suka nasgor di jawa tengah,love
@USER Nggak ada euy. Cuman ada disertasi Pullen dan Sandra SS (terkait Jawa Kuno),fear
@USER @USER Makanya perlu ada paksaan mau gak mau lagi pula itu lokal bisa nego kalau mau kayak tol jawa,anger
@USER @USER Sun di jawa entah bagian mana tuh artinya cium kalo disun jadinya dicium ,fear
@USER Pulau jawa pun masih harus war berdarah kak mawar ‍️,fear
ㅤ Perlahan Ezy memiringkan kepala. Matanya mengerjap tiga kali sebuah kebiasaan yang ia warisi dari ibunya yang orang Jawa dari lontaran pertanyaan Roxy. Wait. You re not joking. I don t remember you at all Ezy menggeleng pelan. ㅤ,fear
WTS // WANT TO SELL Tamagotchi Paradise Purple Sky Tamagotchi Uni Pink Rose note: pemakaian baru 3 bulan sudah include case &amp; perintilan lainnya box masih ada Surabaya Jawa Timur : Price DM inc biaya packing ready kamar exc biaya adm oren 3% https://t.co/jGvrtD4kgJ,anger
bgtu mmg org jawa bgtu mmg org jawa nyenye rasis,fear
WTS // WANT TO SELL Tamagotchi Paradise Purple Sky Tamagotchi Uni Pink Rose note: pemakaian baru 3 bulan sudah include case &amp; perintilan lainnya box masih ada Surabaya Jawa Timur : Price DM inc biaya packing ready kamar exc biaya adm oren 3% https://t.co/DGuCoYrghs,anger
jeongwoo mengaku org jawa,fear
Gak dzikir indonesia sama jawa sehari aja lu kena diabetes ya nyet wkwkwkwk Warga elu yang kecanduan gepuk kena lagi ke indo lagi jawa lagi wkwkwkwk. Warga elu aja kaga demen foodslop makanan lu sendiri bagian kecanduan makanan indo lu lagi yang ngamuk tolol. Wkwkwkwk,fear
@USER kabarin kalo pulau jawa udah disatuin ma kalimantan ya kak,fear
Tim Kemenkum Jabar terus melakukan pemetaan komprehensif di Jawa Barat. Kabupaten Bandung menjadi fokus karena keberagaman potensi Kekayaan Intelektualnya yang perlu segera mendapatkan perlindungan hukum negara. Kemenkum Jabar - Asep Sutandar.,fear
@USER Jawa kebakar woy @USER,fear
@USER + jawa = kunci bahagia,fear
@USER Kirain jawa,fear
jgnkan di jawa sini di Kalimantan baru jam 10 pagi matahari nyengatnya udh nauzubillah. gw pake baju lengan ¼ jalan 5 menitan di outdoor sampe rumah udah merah bgt + pedih tu lengan,fear
Menurut Kalender Jawa karena tahun ini tahun Dal mana tanggal 1 Sura jatuh hari Jumat Kliwon maka tanggal 1 Dulhijah rumusnya adalah Jah Pat Ji artinya tanggal 1 Dulhijah jatuh pada Hari papat (4) mulai Jumat yaitu Senin pasaran siji (1) mulai Kliwon yaitu Kliwon.,anger
@USER @USER Asam jawa dapat bola tanggung. Puuh lain macam,fear
@USER Kalau dari kronologi pengenalan baju (atasan) Jawa Kuno (awalnya untuk pemimpin ritual dulu) mulai awal abad ke-10. Kemungkinan Sumatra juga sama.,fear
@USER Ak senyum Jawa kayak Timo,fear
@USER Merah artinya berani Jawa warna merah artinya,fear
budget ku 0 rupiah ke Karimun Jawa https://t.co/pz3f66S7g7,fear
tolong pepetin jawa barat dan sumatera barat @USER,fear
Aku jawa,fear
Adem dengernya..harta tahta lagu jawa https://t.co/jKJOIV5Cqi,fear
@USER Keknya di jawa satu orng 1 matahari deh,fear
@USER wajar aja kalo yg ngomong gitu perantau atau org dari luar jawa yg daerahnya ga se privilege jawa. lain hal kalo misalnya yg ngomong itu org kulit putih esp dutch. liat nuance sama relasi kuasanya lah,fear
minat bgt sama fanmerch itu krna kerasa sekali jawanya tpi kenapa lah aksara jawanya ga bener ‍‍‍ ywdh babay semoga ada yg lain yg jawanya sangat jawa ‍‍‍,fear
@USER AAMIIN YA ALLAH MAU BGT nasib luar jawa #MesaberInteraksi Mesa di Interaksi,fear
@USER @USER Aksara Jawa kak #MesaberInteraksi Mesa di Interaksi,fear
@USER Lah lah lah kalau dri kita kamu ke CF nya susah sih harus nyari temen klu gak berani. Tapi aku kmren liat di fesnuk ada open trip daerah jawa tengah tau,anger
Di jawa panas. Di beberapa sumatera hujan,fear
PLN UIT Jawa Bagian Tengah bersama mitra kerja meneguhkan komitmen penerapan Contractor Safety Management System (CSMS) sebagai langkah strategis memperkuat budaya K3 dan HSSE di seluruh lini operasional. https://t.co/IT0l9ycEfp,fear
jangan tanya keadaan ak skrg eos mng tp ak nya diluar Jawa https://t.co/Hv3AsXgqdB,fear
 want to sell / wts Doll Baozi 10cm Han Noah Photocard Bbuu https://t.co/Y51265rbpn Malang Jawa Timur Keep event/split pay/full co oren #warungplave #jajanplave https://t.co/bkCq2pPTh1,sadness
@USER Wahhh terimakasih kak rekomendasinya tapi kejauhan kak saya di jawa timur ,fear
Filsafat sastra jawa arkeologi dll bakal tutup?,fear
@USER adat jawa yah ka ray,fear
@USER luar jawa ‍️,fear
@USER jawa kok gue,fear
@USER kalo dia beneran orang jawa betulan tak kejer terus tak seret ke pelaminan,fear
hey.. orang jawa bukan berarti bisa bahasa jawa huft.. ,fear
[FRIENDSHIP APPLICATION] Name: ryu/go:P Age: early twenty Occupation: college student of english Domicile: luar jawa dah alias di sumatra Zodiac: ️ Aquarius Height: 170 probably?? Hobby: take a nap and listening to music Fun fact: naturally funny (told by someone) https://t.co/RiCrqugU3M,anger
Masih ada kok yg tertarik untuk belajar aksara Jawa. Adalah termasuk saya. Semua tata tulisnya kupelajari bahkan aksara Jawa Kuno pun kuladeni.,fear
setuju banget sama ini.. kalo bisa dari tiap pulau besar - sumatra kalimantan jawa sulawesi papua,fear
Untung aja dia orang korea... Bayangin aja kalau dia orang jawa trus nikah pake baju adat solo basahan https://t.co/IPpCr4mo40,fear
@USER niu lu org jawa bagian mana niu,fear
@USER @USER Jowa Jawa. Bilang siapa namanya orang Jawa itu banyak apalagi yang sudah kawin campur dengan ethnis lain juga banyak. Ya orang Jawa nasionalis bukan facist!,anger
@USER nasib menjadi army luar pulau jawa ,fear
@USER @USER Tomat rebus wortel rebus kentang rebus sup nasi kuning soto Banjar + soto jawa nasi goreng telur dadar roti abon ayam goreng selada jamur kuping jamur kancing jamur Enoki jamur tiram kopi susu air putih susu almond risol mayo es krim tahu udang keripik singkong jagung pakcoy,love
utamanya pendidikan dan kesehatan sih di + infrastruktur (khusus luar pulau jawa). harus diutamakan yg diluar pulau jawa (atau yg termasuk daerah 3T),fear
@USER Lmao duk su suka jawa Mallam wannan matsalar + he's an overly arrogant man. Yes he has his pros but overall he would have best served as the 'Governors friend' than being a counsellor. Go check the shameful housing model he delivered at Millenium city Namadi's looked better!,love
@USER gua ss ya jadiin banner segede pulau jawa,fear
ak cari mas mas jawa km aa aa sunda ya li @USER,fear
@USER @USER @USER @USER By your logic gak rasis samsek karena ga ada penindasan sistemik ke org jawa bahkan mayoritas ruling class kita jawa,fear
@USER @USER Semua pendatang kecuali org asli ada kebanyakan puak dari Jawa &amp;; Sumatra saya sopan bukan mcm anjing kurang ajar nak label kaum. Pergi la syiok sendiri. Knp minda lemah &amp; mengidap penyakit inferiority kompleks?,fear
@USER Sby barat hadir ka jawa too haha,fear
tmnku yg kuliah di jawa maw menghabiskan libur semester dgn keliling jawa... me maw ikut tpi belum bisa ,fear
@USER kl jawa semerah itu sumatera udh dark red maroon,fear
@USER When yes bisa keluar Jawa,fear
@USER Silpin kerajaan Jawa jos jos Kabeh hormat untuk kalian Mbah !,happy
@USER Siapapun jemput aku buat ke pulau jawa biar deket kesananyaaaaa,love
@USER @USER @USER @USER Klo gw ngomong seluruh jawa hama itu rasis apa ngga,fear
Wts skin1004 new ori Cleansing oil 200ml on pict include all jawa barat Split = harga berubah https://t.co/IQJ80Bj90A,fear
@USER setuju kak ratain aja biar aku bisa motoran jawa kalimantan juga,fear
@USER Nemu nasi goreng pakai kecap cuma di Jawa awalnya kaget banget. Pas kejawa timur lah malah pakai saos juga,fear
Pernah ada pasien ngeluh kok pelayanan tes HIV Bandung nggak kayak jakarta. Intinya bilang puskesmas jakarta lebih better dari fasilitas nakes dll Yak aku bilang. Beda daerah beda kebijakan beda fasilitas nggak bisa disamaratakan Yg di jawa barat aja banyak yg rela jauh,anger
@USER @USER @USER OKEH NANTI MINTTT KALO AKU KE SBY AKU INFO KITA MITAP LALU BELAJAR AKSARA JAWA BERSAMA ,love
Butuh kalender Jawa Juli 2029? Cek detail &amp; cari hari baikmu di sini! Bagikan ke teman biar semua tahu! ️ +https://t.co/d9JpHgaFnW #enkosa #kalender-online #kalenderenkosa,fear
@USER Tadi tanya chatgpt belerang itu sulfur apa bukan ternyata itu sama. Dulu pernah cacar trus pergi ke jawa ke tempat yang ada air sulfurnya. Langsung berubah muka gue di tempat lol jadi lebih bersih. Coba aja kalo rutin mungkin bisa banyak benefit lainnya.,fear
@USER Aku orang jawa lebih suka pakai tulisan lengkap soalnya hurufnya cuman 3 contoh: KON COK ASU,fear
@USER Kalo emang wali9 gada ya agama seluruh jawa sekarang itu hindu/Buddha/animisme/dinamisme orang tapal kuda bahasanya bukan full madura tapi full osing/jawa Tengger gada pesantren gada kejadian kelam 98 gada gus2an gada kerajaan demak islam. dan kalo emg ada nyali bikin ribut,fear
KDM Ajak Sumedang Kembali ke Masa Kejayaan Gubernur Jawa Barat Dedi Mulyadi (KDM) mendorong Kabupaten Sumedang untuk kembali meraih masa kejayaannya dengan memperkuat identitas budaya ekonomi lokal dan kualitas sumber daya manusia... https://t.co/Xu1qmXY2M9,fear
Gak ada sesama orang malaysia yang negur orang ini tiba-tiba rasis ke jawa ya. Lu kalo gak suka sama masakan tetangga tinggal ga dimakan aja gak ada yang nyelundupin juga njir. Lu banyak gak suka sama tetangga tapi bbrp hal tetep lu konsumsi dan di saat bersamaan menghina juga,anger
@USER Songket Palembang hanya sebagai pembanding saja tapi di Jawa Kuno memang ada tradisi tenun dengan tambahan motif benang emas,fear
@USER Gak bisa komentar apa2 Kate gak ngerti bahasa Jawa,fear
@USER @USER Kayaknya setelah baca argumen nya coba bandingkan deh lebih mudah mana menanam padi dengan menanam/memproses tumbuhan pangan pokok asli daerah sana. Karena bisa jadi padi baru beneran mudah ditanam di Jawa perlu beberapa dekade. Terus apakah jadinya sulit?,fear
Jawa sepanas itu soalnya api cemburu gua membara,fear
Breadlin enak banget.. gak pernah ngecewain kue-kuenya. Breadlin sama Istana Mie dan Es ini wajib banget sih buka cabang di mana mana gak cuma di Kebumen atau Jawa Tengah aja.,fear
@USER @USER bisa dipake belanja di alfa indo jg bokap gue pake flazz bca soalnya waktu itu isi buat tol ke jawa taunya kebanyakan ngisinya jadi dibelanjain sisanya,fear
@USER Barat kodepos 16431 KC DEPOK MARGONDA 1 yang berlokasi di Yayasan Al Hamidiyah Jl. Raya Sawangan Km.2 No. 12 Pancoranmas Depok Jawa Barat. Atau kakak dapat mendatangi Mesin ATM wilayah Bogor yaitu KCP DEPOK SAWANGAN SARI PLAZA pada wilayah RS RUMAH SEHAT TERPADU (2/5),love
@USER Assalamualaikum kak Letvaltype Terima kasih atas ketertarikannya terhadap produk Bank Syariah Indonesia untuk mesin ATM setor tunai wilayah Depok kakak dapat mendatangi KC DEPOK MARGONDA 1 yang berlokasi di Ruko Depok Mas Blok A1-2 Jl. Margonda Raya No. 42 Depok Jawa (1/5),happy
@USER Kalau ikut Wikipedia Indonesia even diorang pun setuju pengaruhnya dari Melaka. Cuma ada satu pembezaan penting antara kebaya Melayu &amp; Jawa. Kebaya Melayu memang ambik konsep abaya sebab Melaka memang pusat Islam sebab tu labuh. Kebaya Jawa pula sepadukan kemban &amp; kebaya..,fear
Makan sate atau bakmi jawa yhh? ,fear
@USER @USER Lah wong walisongo itu lebih ke arah islam pesisir kok masih aja nyalahin mataram lu liat tradisi soal walisongo itu lebih banyak di pantura daripada di jawa selatan khususnya jogja. Zaman sebelumnya lagi (majapahit) banyak praktik bhairawa tantra yg aura mistisnya kuat.,fear
@USER sore tadi jawa timur hujan deres,fear
@USER Maksudnya industri apa sih? Trus kalau spt sastra Jawa gitu mungkin ga ada industrinya bakal ditutup?,fear
stress bgt gwehj rasanya mau traveling keliling jawa,fear
@USER gk jawa gak sih,fear
Apa2 hal pun identiti moden Johor yang menjadi asas identiti moden Melayu bukan semata2 dipengaruhi Barat malah terdapat pelbagai pengaruh seperti pengaruh politik Islam dari Uthmaniyyah pengaruh tradisi keilmuan Islam dari Pulau Jawa dan tradisi persuratan Melayu dari Riau.,fear
Dini hari yang harusnya tenang malah jadi tegang Sekitar jam 01.00 seorang pria kepergok warga saat diduga hendak mengambil kotak amal di masjid wilayah Puger Jember Jawa Timur. Sempat kabur dari kejaran tapi yang bikin geleng kepala sekitar satu jam kemudian ia justru https://t.co/qsikkPmQlC,fear
@USER jelas ada yaitu warga lokal sumatera dan kalimantan itu sendiri kami sudah muak dengan parpol Jawa yang tidak mendengar suara kami paham kau?,anger
@USER @USER @USER Betul bahkan sejak zaman Jawa Kuno kata ibu bisa digunakan untuk panggilan perempuan umum tidak selalu orang tua. https://t.co/ubFKWTF47E,fear
@USER @USER Ini videonya dari Klaten Jawa Tengah. Banyak rumah di kampung tepi sungai/selokan di sana yang mirip gini. Cocok buat yang suka hidup deket air tapi rawan banjir ya. ,fear
@USER WKWK aku jg gabisa bhs jawa tp untungnya aku di kota geplak ae pala bapaknya,fear
@USER RIP Sastra Jawa,fear
@USER Btw mereka muslim di pulau Jawa yang terkenal moderat tapi level moderat dalam Islam tetap ada keinginan islamisasi tapi dengan cara berbeda dengan isis dan Al-Qaeda.,fear
@USER HAHAHAHA sorry. aku rasa 80% mootsku ngira aku org jakarta malah . tp aku emg lmyn rutin bolak balik jawa since i got loads of fams throughout the island,fear
@USER Dulu pas covid aku sering explore tempat terbengkalai di Jawa timur - Bali sendirian tapi gapernah nemu penampakan ,fear
#WargiPengayoman sinergi untuk prestasi Jawa Barat kembali hadir melalui kolaborasi penuh energi! Kantor Wilayah Kementerian Hukum Jawa Barat menyelenggarakan Live Podcast Ngopi Pagi bersama Persib Bandung pada Senin 27 April 2026. Bertempat di Persib Store Official https://t.co/dcjGcoNJ5a,fear
@USER Kalo kata orang jawa namanya numplek,fear
hari ini bpku bilek Jawa emang sepanas ini kah biasanya? ,fear
@USER @USER Many companies headquarters are there too its definitely Pulau Jawa,fear
Polda Jawa Timur melalui Ditpolairud Polda Jatim menggelar konferensi pers terkait pengungkapan tindak pidana penyalahgunaan pengangkutan dan niaga bahan bakar minyak jenis bio solar (BBM bersubsidi) Kamis (23/04/26). https://t.co/TEawij9hg5,fear
@USER @USER @USER @USER Semua sejarah bangsa juga gitu. Karena ini masalah jawa maka ini emang masalah internal atau perang saudara doang. Justru bagus mataram yang menguasai karena lebih mempertahankan sekaligus mengadaptasikan budaya jawa ke dalam perkembangan model zaman itu. Yang heran itu indonesia,fear
@USER Trans jawa pokoke,fear
@USER Makan pake sendok meskipun orang jawa tapi terbiasa pake sendok NETJJ WITH BEWITCHED #NetJJBWSpecialTime,happy
@USER @USER Ini lagi masalahin adat. Ga harus jadi Jawa buat memakai adat Jawa. Lagian filosofi nya banyak dan ga melanggar aturan. Sah sah aja,fear
@USER banyakin like rt akun lngshot sekalian posting ttg lngshot kak abis ini lngshot ikut award buat pertama kalinya lumayan juga buat naikin lngshot jg hehehhe maaf meracuni kalo kata orang jawa biar gak spaneng,fear
@USER bs bhs jawa gk,fear
 rts and likes are appreciated &lt;3 ꩜ Open Order ganci rajut miffy tinggal kirim .ᐟ.ᐟ 𖦹 bahan velvet 𖦹 ukuran segenggam tangan Nganjuk Jawa Timur https://t.co/yIPY7dek9h #wts #wtb #zonajajan https://t.co/tj3XnK2mqM,happy
@USER @USER Joke kuli Jawa teruji dengan nampilin gambar candi itu berdasarkan kisah nyata,fear
@USER Gak mau kumpul sama matahari Jawa.,fear
@USER Turunan jawa,fear
@USER @USER Standar kabupaten kecil jawa,fear
Gak cuma di Jawa investasi kini makin merata ke pelosok negeri berkat program hilirisasi. Meski kondisi global tidak menentu Indonesia tetap jadi pilihan utama para investor untuk tanam modal dan dukung transformasi ekonomi yang lebih kuat. 🇮🇩 #InvestasiMerata https://t.co/uFlbVhUAdp,sadness
Pengungkapan kasus ini sekaligus menegaskan komitmen Polda Jawa Tengah untuk terus memberantas kejahatan ekonomi lintas negara khususnya penyelundupan kendaraan bermotor guna melindungi masyarakat serta menjaga stabilitas perekonomian nasional.,sadness
Polda Jateng Bongkar Sindikat Ekspor Ilegal Lintas Negara Selundupkan Ribuan Unit Motor ke Timor Leste Polda Jateng-Kota Semarang | Direktorat Reserse Kriminal Khusus Polda Jawa Tengah mengungkap praktik penyelundupan kendaraan bermotor ilegal lintas negara yang telah https://t.co/e0bVY3spNH,sadness
*Prakiraan Cuaca Jawa Tengah* _Berlaku Tanggal 25 April 2026 Pukul 19.00 WIB s/d Tanggal 26 April 2026 Pukul 07.00 WIB_ https://t.co/0Gz9s0izq7,fear
@.mas mas jawa itu,fear
#WargiPengayoman mari hidup sehat sambil melek hukum! ‍️ Kementerian Hukum Jawa Barat hadir di Stadion Si Jalak Harupat pada 26 April 2026 dalam acara Sport Edutainment untuk memperingati Hari Kekayaan Intelektual Sedunia (IP DAY 2026). Bersama Kakanwil Asep Sutandar dan https://t.co/vmCjziC2Hv,fear
@USER WKEKEKEK TENGKYUUU aku aslinyh gabisa bahasa jawa... Itu di translatein tmn aku,fear
Belajar Belajar Dan Terus Belajar .. Alhamdulillah Putri Persahabatan - Putra Putri Kebudayaan Jawa Timur 2026 Kab.Malang Untuk Jawa Timur https://t.co/vn8MvFBXKH,fear
*Prakiraan Cuaca Jawa Tengah* _Berlaku Tanggal 25 April 2026 Pukul 19.00 WIB s/d Tanggal 26 April 2026 Pukul 07.00 WIB_ https://t.co/hNzxoB0U8F,fear
@USER Makanya fondasi harus dibangun namun yang kita bangun di sana malah sawit bukan industri ma ufaktur yang korelasi dengan mineral langka. Harus berani untuk membuat suasana konsumsi kalau cuman bisa import dari jawa.,fear
@USER padahal gak punya darah jawa lantaran lahir di surabaya identitas kejawaan melekat kuat dalam dirinya bapak sunda ibu keturunan yahudi,fear
rombongan jama'ah haji dari wilayah jawa tengah udah mulai rame lewat depan gang ,fear
@USER @USER @USER Mas nya ga pernah ngerasain di sumatera saya ngerasain di jawa mas saya ngelihat langsung kehidupan masyarakat gimana mas nya ga paham poin yang saya sampaikan karena mas nya bukan anak top PTN juga kan? Bukan orang luar jawa kan? Saya ngerasain hidup di jawa dan luar jawa mas,fear
@USER Ada kak A gift presented to King Rama V from Candi Singhasari on behalf of Dutch Goverment in Jawa https://t.co/MZ4ICvhprF,fear
@USER Yoi banget. Bahkan dulu kebijakan kantor tu ga ada fresh grad yg di Jawa wkwkwkwk,fear
Gempa Jawa Barat M 3.3 25 April 2026 11.02 WIB Kedalaman 10 km-7.990 106.960 | 102 km selatan barat daya Banjar / 119 km selatan tenggara Sukabumi. Bmkg-EMSC https://t.co/tbEcDIl9NS,fear
@USER Rugi sementara? Oh man andaikan jadi mereka harus tetep mengirim ke Jawa mobilnya dengan penduduk 60 persen satu satunya cara sumatra di lirik adalah sumatra harus banyak anak baru industri akan melirik mereka sebagai market dan pembuatan barang,sadness
@USER @USER Solo itu kota majemuk isinya macem-macem nggak cuma abangan dan kejawen Islam garis keras seperti yang buat bom bali ada Jawa non Muslim juga banyak. Malah sejarahnya Solo itu kalem tapi kalau meledak Paling serem. Tahun 65 paling parah di Solo. 1980 ada rusuh anti China,love
@USER Ya betul...bodo Melayu zmn skrg ni stkt ayam gepuk jawa pun nak hype ntah apa2,fear
@USER Banyak juga orang Minahasa yang gabung dengan KRIS (Kebaktian Rakyat Indonesia Sulawesi) dan berperang di Sumatra dan Jawa.,fear
@USER @USER Tp harga petani 5-7rb beras itu d jawa. Keluarga sy petani. Makanya d Papua ga cari beras yg murah. Mahal pun kutuan. Cuma d jawa aja sekejam itu margin harganya. Mana ada yg bandingin sama harga 10th lalu ktny 3-4rb. Berarti secara inflasi aja harga produsen tertinggal jauh,anger
Elang jawa dago pakar Bandung #elang #elangjawa #dagopakar #elang #dago ... https://t.co/ITKXGqu1Z3 via @USER,happy
Mateng jawa,fear
@USER @USER Apaan fokusnya juga pada di Jawa kok ,fear
@USER Aku Jawa???,fear
@USER @USER @USER Aku tahu bung itu yang bahkan aku perjuangakan lewat KEK dan Zona Industri yang meluas di luar jawa dan jaw sendiri bahkan aku juga yang dukung industrialisasi dan hilirisasi di luar jawa,love
@USER Jawa bgt ,fear
@USER jawa metaaalllll,fear
 maw tinggal pulau jawa,fear
Pemerintah Kabupaten Jember melalui Dinas TPHP menegaskan kesiapan menghadapi potensi musim kemarau 2026 sekaligus menjaga stabilitas produksi pangan di daerah yang selama ini dikenal sebagai salah satu lumbung pangan di Jawa Timur.https://t.co/04zFio4cQU,fear
@USER @USER @USER Wkwk ya kaya JAWA buruk rupa ,love
Jyung nyuapinnya ngebut banget kek mau ngejar tol lintas jawa https://t.co/WkXFe4CtKe,fear
Menurut gue selain MBG bakal ada yang lebih gong Koperasi itu. Banyak bangunannya sepanjang jalan di jawa tengah kebetulan lewat desa-desa 3 hari ini.,fear
@USER Jujur aku orang Jawa tp ga bisa Jawa b,fear
@USER nasgor jawa,fear
@USER @USER @USER Lah dikira orang jawa kaya semua kali ya kalo Abang pernah lihat tuh adegan si doel di omelin babeh perkara jadi supir. Ya itu realitanya .,fear
jangan lupa peralatan makan harus ada di kos. peralatan makan yang ini lengkap udah satu set piring mangkok sumpit gelas + harganya murce pol https://t.co/cAQROvsJx2,sadness
in this economy lebih hemat masak nasi sendiri. nah pakenya rice cooker sejuta umat kosan dari miyako. pas buat porsi makan sehari-hari. https://t.co/yrf7t6UM4j,sadness
Harusny engga sih cm tkt ada matkul wajib mbg aja,anger
gapenting ah. yg penting gue makan heheheheh. https://t.co/IdObPniZBd,fear
@USER Dalam agama kita selalu diingatkan jangan sesekali makan sama babi,love
guys ada yang punya tips gak biar gak nervous terus bisa tetep happy terus makan apa ya kira kira biar gak cepet laper,sadness
@USER Maybe sistem pencernaan manusia dan hewan beda terus makanan yang di makan juga beda,happy
@USER Makan sushi lokal itu kek uji nyali,anger
[AFFILIATE] Tempat makan ter-murce yang aku temuin tapi kualitasnya bagus! Spacesnya menurut aku pas dengan 3 compartment karena aku selalu makan nasi lauk sama sayur. https://t.co/4UpXHxLEcU,sadness
IRENEEEE I NEED YOUR NEW VLOG yang makan makan itu,anger
Singkat padat mau makan tp jdi satu semua macaroninya https://t.co/M7ipHeJQJS,sadness
@USER Aduh bang mereka jadi ada Inspirasi proyek baru nih pengolahan sampah terpadu MBG proyek lagi gak tuh.,anger
keracunan makanan sampe masuk igd dan harus di rawat inap. padahal ga pernah makan makanan yang ga bersih makanan yg di konsumsi hari itu juga makanan box sehat ada serat daging dan nasi ‍️,sadness
Gaprnh kena matahari pagi gaprnh keluar siang sore malem. Kerjaan nya diem dikamar mulu. Mau makan tinggal gofood. Mau ini itu tinggal minta pcr. Yaallah nikmat bgt hidup ini,sadness
Leehan makan lukchup,happy
Makan siang by. https://t.co/MkxdPfhjY7,sadness
@USER Negara yang mau ke arah maju kaya china aja mbg nya cmn di pedesaan bukan kaya disini. Oh yah Purbaya mah gede omong doang bea cukai noh masih cegat para TKI yang minim info soal pajak cukai skrg lagi cari dana tuh grebekin ponsel inter,anger
@USER Makan opor buatan kakak https://t.co/abJLJMFXLk,fear
makan bakso urat dulu,happy
makan ayam setiap hari,sadness
@USER semuaah tugasku udah di acc sudahkah km makan siang byy https://t.co/imU5TFS0cr,sadness
@USER Jika benar kami turut sedih. Apa kah duit itu matlamat dan segala nya untuk mereka yang memegang kuasa ketika ini. Harap pagar pagar makan padi?!,sadness
Kirain judul ya MBG https://t.co/l3yQksRx6B,fear
@USER plis makan ak,anger
@USER Skip makan pedes pedes sek yaa,happy
pupu ihhhhh jgn makan dede ,anger
ini namanya MAKAN https://t.co/UmGayycEOe,sadness
@USER @USER @USER @USER @USER @USER @USER @USER @USER @USER @USER : Rincian biaya MBG unt biaya makanan sngt kecil yg besar unt lain-lain https://t.co/8CRMhbE85L https://t.co/bU11bcS2Xp,fear
@USER sudah makan BESARRRR,anger
@USER @USER Semoga lekas sembuh Mamanya Kak. Ingat makan-minum juga Kakaknya.,love
perkiraan diakhir dengan Top LB (1M) vs Saya (7K). kemkinan bila Top Lb mendapatkan hasil akhir senilai $1k berarti saya hanya mendapatkan $7. apakah itu sebanding dengan waktu untuk testnet atau hanya memberi makan orang karena point sistem referal? hanya diskusi @USER https://t.co/nKVBFJqX5I,anger
efek udah mulai jarang makan sayur and buah susah poop (sorry jorok hehe),sadness
@USER kebalikan aku kudu banyak macem lauknya baru semangat makan wkwk,love
Gua yang makan ayam geprek setiap hari:,sadness
@USER Woii jaga makan woiii ,happy
@USER Mbg,happy
Selamat siang semua ️ Menu makan siang kalian hari ini apa ya moots? Kalau aku lagi masak sup ayan hainan ,happy
@USER @USER Tim gemoy ya km? Gk dlu Liat aja ga napsu gmn mau makan wkwk,fear
@USER orang kaya makan sasimi,anger
@USER Kita independent Okie! I pun baru siap makan niii,happy
Seger bgt mbg alias my bojo gue,happy
@USER makasih chii dah makan belum lu?,happy
@USER Sini lu makan tuh makanan belatung jangan bisanya ngomong doang,anger
@USER ⠀ MBG apa bergunanya buat anak-anak stunting? Tsk. Gak apa lah kalau kepanasan atau hujan angin mereka bisa jadi payung lu. Keruntuhan sesuatu juga mereka bakal kena duluan hahaha ⠀ ⠀ ⠀,anger
@USER MAU MAKAN APA MENTIONED !!!!!,anger
@USER Itu murid habis dikasih makan apa ya bisa sampe gt?,fear
@USER Sehari sebelumnya makan seblak terus kemarin malah makan ayam sambal matah dan udahnya minum kopi,fear
Tau ga apa alasannya saat cewek di tanya mau makan apa jawaban nya selelu terserah? Ternyata ada sejarah nya lho! Terakhir kalinya cewek milih makanan malah di turunin ke bumi sekalian cowoknya. Sekarang daripada cewe salah pilih makanan lebih baik dia bilang terserah saat di ajk,anger
#GakHabisHabis Siswa keracunan MBG https://t.co/5z4nkXssaH,sadness
@USER 160-170/day soale sibuk dan ribet masak jadi sekali masak dan sekali makan malamnya aku emjoy kok cuma mikir apa seumur hidup gini ,love
@USER Coba cari day care terdekat disitu aja atau coba minta tolong temen lu buat nemenin adek lu makan dikfc atau mqna kek yg dkt kampus.,anger
namtanfilm selalu bareng sampe cara seneng makan makanan enak pun reaksinya sama ini keseringan terusss lanjutin pls,happy
temen expat gw ke Snezhnaya dia cuman nanya satpam ternyata kembarannya g mampir. makan. pulang. dah gt aja,sadness
memekak je tetiba sambal fetish taknak makan sudah apa la tak bahagia sangat hidup tu,sadness
@USER Aku lebih suka yang pink kak pas aku makan kerasa lebih fresh bahan-bahannya.,love
@USER Oh yang makan nya sambil disuapin ya?,anger
PUSING BGT SCROLL MAU MAKAN APA HUFFFFFFFFFF,anger
@USER capek makan cak ,love
@USER Di gambar kanan sih keliatan gede. Pernah makan yg dubai coklat yg bulet aja aku sharing makannya,fear
Menikmati makan siang sendirian https://t.co/O8AnYQH5N2,sadness
@USER Belum kak males ngantuk waskssksks. Kalo kamu sudah makan siang?,love
@USER hapus nder sebelum aku jejelin ompreng mbg,love
@USER Makan brg aku,love
@USER Harus itu. Biar bisa makan gorengan setiap hari haha. Ayo olahraga Dyah.,love
@USER Kamu udah makan siang belum,love
INI DIA MBG MY BINI GWEH CANTIK DAN MENAWAN SEKALI,love
@USER MENDING AJAK GW MAKAN PUDDING AJA ,anger
PANAS BANGET ASTAGAAA KELUAR BUAT BELI MAKAN DOANG RASANYA KAYA KEBAKAR,anger
@USER CEKIKIKAN Itu sapi nya di kasih makan sampe idul adha tahun depan juga nggak bakal gede ,fear
@USER Karena aku udh lama ga makan naskun jdi aku pilih naskun,love
oke skrg makan sambil nugas karena udah baawa buku percuma kalau bukunya ga dipake,anger
Btw belom makan tapi udah abis 2 cup,sadness
day 3 kerja jdi admin wajar gasii masih ngang ngong planga plongo masihh suka ngelag teruss salah jugaa kalau kerjaa oh iya jam kerjanya 14jam untuk gajinyaa 800k sebuln uang makan 80/hari dan ga ada hari libur sama sekali wkwk kecuali izin cutii https://t.co/MruR7ufZOp,sadness
@USER Bangeeet makan 1 aja gidik gidig,love
@USER ️️ ️️ ️️ ️️ Nggak sampai stunting juga sih dikasih MBG dong nanti gue. Nggak ada sih. Gue paling pendek. Kawan gue 180an ke atas semua. ️️ ️️ ️️ ️️,fear
Piring keramik mah piring orang kaya piring miskin tuh piring beling hadiah detergent (gue lah pemilik piring miskin itu ukurannya lebih kecil dari piring keramik pas untuk porsi sekali makan),sadness
GANTI DULU SIBOTAK INI...PRESIDEN AJA DIA KIBULIN SI BOTAK INI SUMBER MASALAH DI MBG https://t.co/19yNYFOqI4,anger
@USER sini sini makan dimsum,love
@USER Tak bosan bosannya ku mengingatkan utk yg o ya maslah gni: - uang listrik - wifi - dst yg tagihan blnan Mnta suami yg bayar. Uangnya g ush d ksh k istri. Jd istri cma: uang buat makan/masak/blnja bulanan dan kalau suami waras nafkah kbthan istri. Blnja bulanan? Ajak suami,anger
Mungkin Karena makan MBG badannya jadi lebih besar buat lawan gurunya,anger
ampun deh kalo sariawan di bibir. makan gaenak ciuman gabisa,fear
Sampai sekarang #KawanPajak belum lapor SPT? Takut kena denda? Kita kasih paham nih untuk #KawanPajak eitss tapi pantun dulu yaa Anak dara makan sop buntut Pulangnya mampir kerumah cello #KawanPajak jangan takut Sekarang ada relaksasi spt lho! https://t.co/J05jvF4ocJ,fear
@USER Nanti ada pejabat yg s3 di ITB dgn disertasi: Ensuring Food Safety and Nutrition in MBG Through Computer Vision,anger
@USER @USER JELEK KALAU PAKE SIGMA BOY KELIATAN GEN ALPHA KAN AKU MASIH GEN Z ABANG! iya betul abang!! ITU ADALAH MIYANOOOO AHAHAHA ABANG UDAH NONTON BELUM ANIMENYA? AKU UDAH NONTONN makanya aku gambar dia LUCU BANGET itu lagi makan roti aslinya lupa sih scene episode berapa T__T,love
@USER Mbg BUMC https://t.co/UhnXFPoPp7,sadness
kalian makan siang pake apa?,happy
@USER Termasuk anak2 saya sudah hampir 1 bulan ini tidak pernah di makan MBG nya karena anak2 saya pulang sore saya memilih untuk membawakan bekal sendiri. Pihak sekolah sudah protes berkali kali ke pihak SPPG agar menunya lebih bervariatif tdk telor lagi telor lagi dg rasa hambar.,sadness
@USER Ya gimana yaa ada label pecinta femboy tapi gandeng istri cewe tulen serasa bilang gw vegan tapi makan katsu jir ,anger
Nasi goreng diatas piring yang berada di meja makan adalah salah satu makanan paling enak.,sadness
@USER Lagi pesen makan sihh,anger
@USER Sana makan dulu https://t.co/W3Awj14W3m,sadness
@USER Mungkin Karena makan MBG badannya jadi lebih besar buat lawan gurunya,anger
@USER makan donk,happy
akhirnya ngerasa laper juga setelah 4 hari bedridden dan ga nafsu makan mie lethek! baru pertama kali makan hihi aku tau bakal suka sih texturenya mirip soun tapi lbh lembut gitu yah keliatannya kenyal tapi lembut bgt pas dikunyah dan ditelen tuh https://t.co/Mkp9JHnWgI,sadness
ga mood bangun dari kasur even buat makan pun :(,sadness
@USER semangaaaaat kk seyii! jgn lupa makan siang!,love
@USER makan enak,happy
@USER Sayang udh makan?,love
@USER @USER Aku akan mencoba menjelaskan simpelnya dalam agama islam ada berapa makan dan minuman yang tidak boleh di konsumsi seperti khamar ( wine sake dan sejenisnya) daging babi ( apapun olahannya) dan anjing. Hal itu tidak di perbolehkan untuk dimakan dalam agama.,love
@USER Get well soon mamarynn kak maryn jugaa jangan lupa untuk take a rest and makan yang teratur yaa https://t.co/6ZSNnIScZ0,sadness
@USER Dari mata batin saya ini ada hantu pelaut yg rindu makan ayam di Jatinangor. Mungkin Anda sedang di laut?,fear
@USER @USER 1. Oleh Jesus saat dia jalankan Misi-Nya. Contoh : PL : Murid2 Dia makan pake tangan tanpa cuci tangan = Najis. Saat ditegur Dia bilang Yang Najis itu bukan yang masuk ke mulut tapi yang keluar dari mulut seperti maki iri dengki... Ini berarti Roh yang berperan. 2. Berdoa,love
@USER Yang penting mah survive dulu secara umum mbg ini halal dan tidak menyalahi hukum manapun gak usah memperbaiki dari dalam bs memperbaiki keadaan mu aja dulu,love
@USER makan panggang kamu sist?,happy
Ya Allah dimana lagi dpt hrd yg neraktir makan ya sehat sehat buat mas nyaa,anger
Siangg jangan lupa makan siang &amp; streaming https://t.co/om83gCXRTN,fear
ih padahal gw makan enak gw makan cumi sama sop enak bgt enak gw gakboleh nangis,happy
demi allah ni anak dri kmrn selalu ini lngsung makan apa gmn? https://t.co/WSivMnE7kt,fear
pengann makan seblakkk,happy
@USER Ada kalimat keracunan menu MBG yg basi ... Maaf jika basi pasti kan sudah bau yaa... Kenapa tetap dimakan? Makanan bau jgn pernah dimakan... Klu udh bau yaa kembalikan saja lagi ke SPPG nya... Jgn dimakan sama sekali .. risiko bakal keracunan ... Please be smart,anger
this is MBG My Bini Gwejh PHUWIN WITH LOREAL RAFFIA #LOrealRaffiaCushionXPhuwin #phuwintang https://t.co/Us7QKZLRzN,sadness
ada yang mau makan siang bareng di spark ga???,sadness
bisa tuh makan ayam geprek empat hari berturut turut,happy
@USER kenapa pegawe mbg ga ada yg jobdesk nurun naikin ompreng sama bagiin ke murid?,happy
@USER Wanita itu memutar matanya dengan malas sambil menghela nafas panjang. Ya nggak gitu juga... Yaudah apa saja boleh deh toh aku tinggal makan. Tapi sama dessert boleh? Tawarnya lagi sembari menangkup wajahnya sendiri dan memberikan tatapan memohon padamu.,fear
Uda pada makan siang Hun? Apa menunya? Me: Telur orak arik 5 biji + nasi + tauge https://t.co/b0266asjzf,sadness
Bagikan dukunganmu terhadap MBG makan bergizi tepat sasaran. https://t.co/0UtURLqtNb,sadness
@USER @USER Negara mau maju gimana kalo purb4ya malah dukung MBG dukung koperasi merah dan selalu menolak kenaikan gaji guru gaji dokter. Belum lagi awal taun ini diem diem dia bikin utang baru 800 triliun ,anger
@USER Berbahagialah istri2 yg dpt suami&amp;mertua seperti itu.. bukan dapat suami mertua&amp;ipar2 yg berpihak kpd gundik krn sering di kasih uang ma gundik utk ngelunasi hutang&amp;kasih makan ,anger
kupecahkan kepala kau dengan 100 ompreng mbg,anger
@USER @USER looks yummyy met makan ka,happy
@USER @USER Apalagi disuruh makan mie sama nasi Karbo sama Karbo malah jadi rasanya bloated banget kan.,fear
Lebih gampang menghakimi daripada mengajak benerin. Soalnya ngajak dan memperbaiki butuh interaksi butuh usaha yang makan waktu. Menghakimi ga perlu interaksi. Cukup vonis orang lalu selesai. https://t.co/18SSBk2uzs,sadness
@USER @USER KEREN BANGET MBG (My Bdriver GUE) jadi ga sabar menyambut next race. ,love
ngp nafsu makan aku tinggi bah,sadness
@USER sebenere cukup tp ada kalane ngebet makan mewah jd berasa kurengg astaghfirullah,happy
@USER @USER Ke Jepang makan Tikka Masala di Indian shokudō dengan bendera Nepal akan terasa kurang afdol buat kebanyakan turis muslim yang pingin experience Nihon vibe,happy
honestly kalo lagi makan sashimi gapernah makan gitu aja pasti udah direndem shoyu dan makan bareng gari. dan jarang juga sih yg bener2 mentah krn lebih milih nigiri salmon yg atasnya udah ditorch gitu jd udh ada kontak sama api lah atau yg carpacio,sadness
@USER kaya belum makan dari pagi ,fear
@USER makan apa yg marah? takboki ( topoki ),anger
bisa ngopi tiap hari tapi anggap setengah bulan aja bisa lebih dari 500 itu ngopi doang belum jajan sama makan,sadness
In my household ko nak masak apa2 ko beli barang sendiri. Senang takde adegan kutuk2 merajuk2 bila beli barang tak ikut piawaian. Masing2 dah besar boleh pergi kedai sendiri boleh bayar sendiri. Kalau tak sempat beli hari ni beli esok masak esok. Malas beli? Makan luar je.,sadness
Orang depresi itu membutuhkan bantuan meskipun secara paradoks menjauhi siapapun. Jadi cukup hadir disekitar mereka ngingetin makan mandi dan apa gtu dan yg penting lagi bagi yg ngerasa waras DIEM! Muncungnya gaperlu sok nasehatin ini itu gausah nge-judge..,happy
Hari ini bisa makan enak ngga ya... Bobo dulu deh sambil nahan laper bersyukur seenggaknya masih bisa minum heheu semoga bangun nanti aku bisa mam enak（｡&gt;‿‿&lt;｡）,sadness
@USER @USER gk gitu juga kali konsepnya ngasih makan manusia 2026 emng lucu2,fear
Ilmu Asal Bapak Senang yang paling TOP terupdate di 2026 adalah Motong 19.000 ekor sapi dalam 1 hari untuk MBG ...,anger
@USER Yaaa sorry deh sibuk jadi full timer anak rumahan yang cuma bolak balik kamar tidur - meja makan - kamar mandi :],sadness
@USER @USER Siap bantu makan alpukat,love
@USER @USER Kami punya yang halal silahkan makan di kami turis muslim senang yg punya bisnis juga senang dapet duit Simple ya padahal,fear
Dampak Nyata MBG MBG kini dirasakan manfaatnya jadi penggerak kepuasan publik dan ekonomi masyarakat. Transformasi Gizi Bangsa | Pilar MBG Kuat https://t.co/Uusg8U1OHT,sadness
@USER Halo Ayuna udah makan siang?,love
Kegiatan bapak2 wiken ya pagi nyuci baju siang cuci Mobil skalian ngopi Dan makan siang https://t.co/bFRf4xEeQU,love
Giler bodoh penunggang agama ni. Kalau tak sejahtera kenapa berjuta orang luar datang ke Selangor cari rezeki dari kemakmuran negeri? Orang Perlis orang Kedah orang Kelantan orang Terengganu dan ramai lagi berduyun-duyun datang dan duduk sini cari makan. Orang UK pun ada. https://t.co/Dh32TU6tL3,anger
Dukungan Publik 56 0% Mayoritas masyarakat mendukung keberlanjutan MBG. Sehat hari ini kuatkan generasi esok. Transformasi Gizi Bangsa | Pilar MBG Kuat https://t.co/hm5frnPklF,anger
Kalau ada pun keracunan atau belatung di menu MBG Percayalah ‼️ itu cuma bagian dari Proses. https://t.co/v0IsBpa1AP,fear
@USER Haiii makan siang apa kamu?,love
@USER @USER @USER Terlalu pinter kok makan omongan sendiri gausah sok bahas overhate. Kaum pelangi noh kampanye over sampe ke anak2 mikir kalo punya otak. Kaum gay noh jg banyak yg abuse ke anak2 giliran dikatain dibilang dikit2 overhate. Kaga nyampe keknya otak lo,anger
Badan kk io kayak ada layu layunya gitu blm makan kah ,sadness
@USER Dimulai dengan makan makanan manis mungkin?,happy
Bang Madit: MBG Investasi Masa Depan MBG bukan sekadar program tapi investasi jangka panjang untuk generasi unggul. Episode 3 hadir! Transformasi Gizi Bangsa | Pilar MBG Kuat https://t.co/77y5Jy5zOc,anger
@USER KEI ANWIEHWLSUW ANJEOW mikirinnya aja kek gamau makan anjir,anger
@USER GATAUUUUU aku lagi makan tiba tiba patah,fear
@USER @USER Eumm ini sengaja ya biar bikin aku full senyum seharian ?! &gt;_____&lt; aku nggak nolak sama sekali loh kalau bidadari nya kaya gini habis ini kita udah boleh nge date makan mie ayam di gang sebelah kan? :&gt;,love
@USER @USER ini dia MBG yang sangat bergizi alias my bini gwwwjj god bless the dinosaur that died to make fossil fuel that was treated to become petrol for the car that took his mom to the hospital to give birth to someone as beautiful as him,love
Makan gratis gizi lengkap; siap semangat belajar? https://t.co/05Fr11ezTL,sadness
piring ini malah nambah mood buat makan sama piring corak kembang,anger
@USER makan @USER,love
Gizi &amp; Infrastruktur Sama-Sama Prioritas Pemerintah terus jalankan renovasi sekolah lewat APBN/APBD sambil memperkuat program gizi. Keduanya berjalan beriringan demi masa depan generasi. Transformasi Gizi Bangsa | Pilar MBG Kuat https://t.co/QfQVtVDW1d,anger
MBG(My Bini Gw) PHUWIN WITH LOREAL RAFFIA #LOrealRaffiaCushionXPhuwin https://t.co/8GNm89n1FH,sadness
@USER Nitip teteh ambilin makan wkwkwk,happy
@USER @USER @USER singkatnya pas mereka udah abis jatah hidup dair Allah nanti Allah bakal turunin hujan ulat (beneran ulat turun bukan metafora lagi) yang masuk ke sela tubuh dan makan mereka dari dalam,love
kamu bukan bocah yang makan gorengan 5 bayar 3 kan beb LOVE UPON A TIME EP5 #ภพเธอEP5,anger
@USER Kangkung seiket cuma 2 ribu gak perlu daftar nikah juga tiap hari bisa makan kangkung sampe gumoh ,happy
Sedih dengarnya... Jangan mau bodoh lagi jgn mau di tipu dan di manipulasi lagi... Seandainya 19 jt lap kerja terwujud &amp; pemerintah bekerja dgn benar rakyat tdk butuh MBG &amp; BLT... Tapi pemerintah lebih senang jika rakyat miskin &amp; bisa di kontrol demi kekuasaan mereka... https://t.co/SZ08vlk3ho,anger
@USER @USER Gak bingung bakal kena jantung liat pengeluaran tiba2 mbg.,fear
Diabetes Jess nggak baik makan coklat tiap hari.,happy
⠀ ⠀ Yummy. Kapan lagi bangun tidur ku terus makan. &lt;3 ⠀ ⠀,sadness
aku pernah gini sejak itu trauma makan sushi tiap liat sushi di mall langsung mual mau muntah ,fear
Coba tabok pake ompreng mbg kali aja lngsung berakhlak mulia,sadness
@USER tergantung kantor mu untuk yang makan diruangan ya soalnya suka ada yang sensitip idungnya,love
@USER maksutnya apa ya ka tiap hari dipanggil sayang dan makan bareng tp AKU SERING DITINGGAL,love
Nanti dbuatkan program MBG buat anak yang gak sekolah..ya kan dan..dadaaan..daaan mana lu,anger
Di titik beli makanan aja mikir 3x kayaknya (gw butuh apa ngga) sudah jelas gw butuh tapi mikir besok makan apa kalo today beli ini NGAHAHAHA i hate life,anger
Kenapa sih gue ngantukan mulu jdinya makan tidur makan tidur makan tidur,anger
@USER @USER Halah koboi apaan ihsg jeblok main gimik terus ga ada aksi nyata gaberani stop mbg gaberani naikin gaji guru gaberani stop koperasi korup gaberani naikin gaji dokter pedalaman. Omon omon sama kaya junjunganlu kaum 58% ,fear
@USER @USER Aku juga makan coklat sebelum utbk happy fresh dan ga ngantuk tapi ttp oon waktu pk pm,love
semua terlihat murah sejak ada MBG,anger
@USER Makan siang bang,love
@USER Danantara BGN/MBG KDMP itu trio bersaudara dari rahim Wowok penerus Wiwik diajudani Tiwi. Semua uang rakyat lewat himbara &amp; bumn dikumpulkan Danantara uang pajak dari rakyat utk APBN dibelanjakan BGN &amp; KDMP dg anggaran fenomenal jor-joran brutal &amp; ambisius serakahnya.,anger
@USER di cafe pun sebenarnya banyak cowo yang nongkrong kek anak genk motor pada umumnya. dan sumpah mereka tuh kalo nongkrong makan banyak tempat banget anjing ,anger
Gue lagi makan dimsum mentai,happy
@USER kek ny laper tuh makan dlu deh,happy
perseteruan batin antara aku yang beli makan atau megalodon yang beli makan,sadness
@USER sementara di dimensi lain aku mimpi makan siang bareng jaeyong di kebun teh yang sampai sekarang buat aku mikir apa arti mimpi itu,love
Investasi gizi melalui program MBG justru memperkuat fokus siswa dalam meningkatkan mutu pendidikan. #kawalsampai2029 #jakartakondusif #indonesiaaman https://t.co/TorrIcfAdd,anger
@USER akhirnya makan mangga dan pepaya,happy
@USER @USER ni orang kalo dikasih makan daging busuk pasti ttp bersyukur dan bandingannya daripada ga makan hadeh oon,fear
Gue tuh ga bisa kalau weekend² gini keluar cuma makan tok kek mungkin stgh jam dg kondisi sepanas ini. Ga worth it buat gue yg harus effort mandi dulu siap² dandan perjalanan motoran yg ga deket dan melawan panasnya surabaya yang membara ini i can't. Mending rebahan.,anger
@USER Bisa makan berapa banyaak? ,happy
@USER Jepang yang menyusahkan. Zaman makan gaplek kan setelah Jepang berkuasa. Zaman Belanda buyutku kerja dengan mereka nggak terlalu sengsara.,happy
Pada akhir kegiatan mereka Nao menghabiskan air mineralnya dan membawa alat makan yang sudah dipakai menuju tempat yang sudah disediakan. Sekali lagi ia berterima kasih kepada staff sebelum berpisah dengan kedua temannya dan meninggalkan gedung Eiken.,happy
Jujur aja aku makan enak hari ini tapi siang ini aku bingung pengen makan apa :( kasih tau aku makanan yg enak dong pls,sadness
@USER ntr yak tunggu gwa makan,happy
@USER HAPPY BIRTHDAY BYY wish u all the best yaa jangan lupa makan enak hari ini ,happy
Weird.tapi suddenly craving nak makan cheese cake. Baru tadi tibai tiramisu latte ais. Not enough cheesee,happy
jangan lupa makan siang semuanya,sadness
Senangnya makan soto daging di lombok jelas gaada. https://t.co/aaFDShCNRL,fear
mo beli makan bingung bingung karna gada duitnya WKWKKWKWKWWKKWKWKKWKWKWKWKWKWWKWKWKWKWKWKKWKWKWKWKKWKWKWKKWKWKWKWKKWKWKKWKWKEKWKWKKWK,anger
Pengentasan minimnya pendidikan lbh baik daripada sibuk membesarkan MBG yg hanya dinikmati oleh Oknum aparat dan parpol.,sadness
TUTUP DAPUR MBG BIARKAN MOHAN YANG MEMASAAAKKKK️‍,anger
makan siang nya pake ini ternyata:(((,happy
@USER Terima kasih. Jangan lupa makan siang ya,happy
@USER wo kenyang banget pasti makan ini,happy
@USER @USER dinasti atut mengerikan uang rakyat dipakai utk foya2 sedang di berita ada warga banten yg mengais sampah utk cari makan. ketika ditanya wartawan gubernur atut bilang wajar kalau pejabat menikmati uang rakyat. waktu itu wagubnya rano karno.,anger
Selamat makan guys jangan lupa makan sayur biar lancar eek️ https://t.co/0LSboqN8Qr,happy
Nenek bilang jambu biji itu bukan cuma enak tapi juga penjaga kesehatan. Dulu kalau aku mulai batuk atau merasa nggak enak badan pasti disuruh makan jambu.,sadness
Makin MBG,anger
Aku juga kayaknya kalau kuliah gak bisa beli buku sebanyak pas lagi gap year karena walaupun duit jajan di lebih banyak harus tetep irit buat hidup di kos kalau di rumah kan makan di rumah jadi duit jajan bisa di sisihin buat buku,fear
ayam geprek makanan yang gue makan ketika mama gue gak masak atau gue sendirian di rumah ,sadness
@USER season 2nya ampas dan makan banyak duit krn harus buat script ulang dan shooting ulang,happy
Sumpah rezeki itu bukan cuma sekedar materi. Tapi masih bisa bagun besok hari Masih bisa makan sampe malam hari Masih bisa melakukan aktivitas sehari hari Ya walaupun ga munafik gue juga butuh materi. Cukup mensyukuri hal hal kecil mudah mudahan rezeki datang dengan sendirinya.,sadness
pecat semua pegawai mbg let me cook https://t.co/Ky9tajtkAA,sadness
@USER MET makan ka,happy
@USER Meanwhile bapak ku makan aglio olio pake sambal ijo rumah makan padang,happy
Liat lele makan pisang niii keingett temen gue sering bangettt bawain gue pisang bejirrrr mana sambil teriakkk NADDDDD PISANGG ,happy
Siang bolong matahari terik Angin sepoi bawa keringat netes. Makan siang dulu bolo jangan panik Kerja keras nanti rejeki yang bales. https://t.co/Gby9ecqX3d,sadness
Sumpah rezeki itu bukan cuma sekedar materi. Tapi masih bisa bagun besok hari Masih bisa makan sampe malam hari Masih bisa melakukan aktivitas sehari hari Ya walaupun ga munafik gue juga butuh materi. Cukup mensyukuri hal hal kecil mudah mudahan rezeki datang dengan sendirinya.,sadness
Wahh kenyang banget pastinya ya makan haknya 1.900 orang. Apa gak smp muntah2 itu. Naudzubillah,anger
mungkin malu gasiiii pdhal bikinnya pakeee hatii wkwkwkw. tp yaudaaa gpp itu jg mau makan meskipun gamau bawaaa hihiii,sadness
@USER bener kitq mah belum laper ya belum makan eh malah pusing ekek,sadness
@USER Pernah dia streaming seru banget sampai lebih lama dari biasanya. Dia ninggalin streamnya untuk shalat ashar dengan alasan mau makan dulu foya-foyaaaa hehehe . Saya tanya kok nggak ngomong aja kalau stream dipause untuk shalat? Dia jawab: supaya gak ada yang nebak agama.,love
@USER makan jeruk kah wkwk,happy
Jalan pun dia jabanin sambil makan #TleFirstoneFansignInNanJing,happy
Program Makan Bergizi Gratis Untuk Generasi Sehat dan Produktif https://t.co/LJsiKhI9Uu,sadness
@USER Haduhhh mbg kntr kmren siomai lagi takutnya ikan sapu2 isinya ,happy
Desert pun siap .. panas-panas ni nikmat la makan baru keluar dari peti ais . https://t.co/2sMnTMYKxq,fear
@USER tiati kak jgn lupa makan nya juga,fear
Udah. Tidak akan lagi gua ngasih makan engagement ke akun-akun bercentang biru tengil. Mau balik ngewibu aje gua adios.,anger
jangan lupa makan untuk jiwa jiwa yang tersakiti https://t.co/LQ5a7SMeQC,sadness
@USER makan dulu laper.,happy
pecat semua pegawai mbg let me cook https://t.co/Ky9tajtkAA,sadness
@USER MET makan ka,happy
@USER Meanwhile bapak ku makan aglio olio pake sambal ijo rumah makan padang,happy
Liat lele makan pisang niii keingett temen gue sering bangettt bawain gue pisang bejirrrr mana sambil teriakkk NADDDDD PISANGG ,happy
Siang bolong matahari terik Angin sepoi bawa keringat netes. Makan siang dulu bolo jangan panik Kerja keras nanti rejeki yang bales. https://t.co/Gby9ecqX3d,sadness
Sumpah rezeki itu bukan cuma sekedar materi. Tapi masih bisa bagun besok hari Masih bisa makan sampe malam hari Masih bisa melakukan aktivitas sehari hari Ya walaupun ga munafik gue juga butuh materi. Cukup mensyukuri hal hal kecil mudah mudahan rezeki datang dengan sendirinya.,sadness
Wahh kenyang banget pastinya ya makan haknya 1.900 orang. Apa gak smp muntah2 itu. Naudzubillah,anger
mungkin malu gasiiii pdhal bikinnya pakeee hatii wkwkwkw. tp yaudaaa gpp itu jg mau makan meskipun gamau bawaaa hihiii,sadness
@USER bener kitq mah belum laper ya belum makan eh malah pusing ekek,sadness
@USER Pernah dia streaming seru banget sampai lebih lama dari biasanya. Dia ninggalin streamnya untuk shalat ashar dengan alasan mau makan dulu foya-foyaaaa hehehe . Saya tanya kok nggak ngomong aja kalau stream dipause untuk shalat? Dia jawab: supaya gak ada yang nebak agama.,love
@USER makan jeruk kah wkwk,happy
Jalan pun dia jabanin sambil makan #TleFirstoneFansignInNanJing,happy
@USER 3.makan,happy
@USER halo abang lino! udah makan siang belum?,love
@USER tiati kak jgn lupa makan nya juga,fear
Udah. Tidak akan lagi gua ngasih makan engagement ke akun-akun bercentang biru tengil. Mau balik ngewibu aje gua adios.,anger
jangan lupa makan untuk jiwa jiwa yang tersakiti https://t.co/LQ5a7SMeQC,sadness
@USER makan dulu laper.,happy
pecat semua pegawai mbg let me cook https://t.co/Ky9tajtkAA,sadness
@USER MET makan ka,happy
@USER Meanwhile bapak ku makan aglio olio pake sambal ijo rumah makan padang,happy
Liat lele makan pisang niii keingett temen gue sering bangettt bawain gue pisang bejirrrr mana sambil teriakkk NADDDDD PISANGG ,happy
Siang bolong matahari terik Angin sepoi bawa keringat netes. Makan siang dulu bolo jangan panik Kerja keras nanti rejeki yang bales. https://t.co/Gby9ecqX3d,sadness
Sumpah rezeki itu bukan cuma sekedar materi. Tapi masih bisa bagun besok hari Masih bisa makan sampe malam hari Masih bisa melakukan aktivitas sehari hari Ya walaupun ga munafik gue juga butuh materi. Cukup mensyukuri hal hal kecil mudah mudahan rezeki datang dengan sendirinya.,sadness
Wahh kenyang banget pastinya ya makan haknya 1.900 orang. Apa gak smp muntah2 itu. Naudzubillah,anger
mungkin malu gasiiii pdhal bikinnya pakeee hatii wkwkwkw. tp yaudaaa gpp itu jg mau makan meskipun gamau bawaaa hihiii,sadness
@USER bener kitq mah belum laper ya belum makan eh malah pusing ekek,sadness
@USER Pernah dia streaming seru banget sampai lebih lama dari biasanya. Dia ninggalin streamnya untuk shalat ashar dengan alasan mau makan dulu foya-foyaaaa hehehe . Saya tanya kok nggak ngomong aja kalau stream dipause untuk shalat? Dia jawab: supaya gak ada yang nebak agama.,love
@USER makan jeruk kah wkwk,happy
@USER Betul makan itu wajib,anger
karena ada seperti irisan bawang bombay atau helaian batang sawi putih yang sudah terfermentasi. jadi tadi aromanya naik karena isiannya seperti itu dan kinerja bakteri yang masih hidup jadi aktif dan sedang makan apapun yang edible buat mereka; terus kentut. baunya itu. ,happy
@USER Gak juga makan ikan lain emang bukan pemakan ikan aja,fear
gabisa kalo gw gamau kalah gw merasa bisa makan lebih banyak daripada ohyul we're not a team this is a competition,sadness
@USER Selamat makan ka zyyy,happy
@USER Aku sih makan coklat apa es krim hahaha,happy
@USER OHH!!! mau coba bgt ak blm perna makan kue keranjang ak pikir rasanya bakal aneh krn kayak org makanya beberapa ada yg harus digoreng tepung gt,fear
@USER Alhamdulillah jangan lupa makan juga kak,happy
@USER 3.makan,happy
@USER halo abang lino! udah makan siang belum?,love
@USER tiati kak jgn lupa makan nya juga,fear
Udah. Tidak akan lagi gua ngasih makan engagement ke akun-akun bercentang biru tengil. Mau balik ngewibu aje gua adios.,anger
jangan lupa makan untuk jiwa jiwa yang tersakiti https://t.co/LQ5a7SMeQC,sadness
@USER makan dulu laper.,happy
pecat semua pegawai mbg let me cook https://t.co/Ky9tajtkAA,sadness
@USER MET makan ka,happy
pak ustadz apa hukumnya makan sama dedemit https://t.co/3FkNps5o6Q,fear
Dukungan strategis gizi nasional bikin makan sehat nggak lagi jadi privilege tapi hak semua anak Indonesia #PeningkatanKecerdasanAnak https://t.co/iEHWQksEjJ,sadness
@USER mending makan daging babi dripda lu korupsi uang org,anger
@USER MAKAN,anger
timingnya kakak dah kerja disana pas rul masa training kah omg omg kakaakkk tempel itudeh rul longsot pernah makan disini ,happy
@USER Alamak yuk makan dulu yuk abis itu dimakan,happy
@USER Betul makan itu wajib,anger
karena ada seperti irisan bawang bombay atau helaian batang sawi putih yang sudah terfermentasi. jadi tadi aromanya naik karena isiannya seperti itu dan kinerja bakteri yang masih hidup jadi aktif dan sedang makan apapun yang edible buat mereka; terus kentut. baunya itu. ,happy
@USER Gak juga makan ikan lain emang bukan pemakan ikan aja,fear
gabisa kalo gw gamau kalah gw merasa bisa makan lebih banyak daripada ohyul we're not a team this is a competition,sadness
@USER Selamat makan ka zyyy,happy
@USER Aku sih makan coklat apa es krim hahaha,happy
@USER OHH!!! mau coba bgt ak blm perna makan kue keranjang ak pikir rasanya bakal aneh krn kayak org makanya beberapa ada yg harus digoreng tepung gt,fear
@USER Alhamdulillah jangan lupa makan juga kak,happy
@USER 3.makan,happy
@USER halo abang lino! udah makan siang belum?,love
@USER tiati kak jgn lupa makan nya juga,fear
tai tai makan tuh temen. maira kabur nangis lo moja,happy
MBG bikin Siswa bahagia hemat uang jajan nutrisi aman. https://t.co/inOOzlgzqR,sadness
@USER Yg relevan cuman mbg sama kacang ijo (artinya semua jurusan ditutup),anger
@USER Gamau. Daripada bayarnya ga ikhlas terus keluarganya makan uang haram kan. Jd mending ogah Banyak jg org di luar sana yg kerja berangkat subuh naik angkutan umum sumpek2an dll. Emang ada tuh minta ganti uang ongkos ke perusahaan? Kan ngga ,anger
ekspetasi : gweh bakal makan banyak hari ini mukbang nyam nyam nyam realita : (bisa lewatin lautan manusia udh alhamdulillah),happy
@USER Jeruk makan jeruk? ,happy
@USER ya gimana presidennya aja sering banget jalan jalan ke luar negeri menghabiskan jutaan atau bahkan miliaran sama sekretaris pribadinya tapi dampaknya ke Indonesia masih belum bisa dirasakan signifikan dan juga ekonomi negara tertekan akibat MBG dan KDMP. jangan pilih di 2029.,anger
kalau ada makanan di meja Chinon yang ku makan CHIMON FANSIGN HANGZHOU #ChimonFansigninHangzhou,sadness
@USER hi lagi makan,happy
@USER Lah mereka ngarepin apa? Ngarepin tua akan sambut dean plg pake karpet merah dan taburan bunga2 dan makan malam mewah gitu? Masih mending kagak dijadiin empanan megalodon. #OnlyFriendsDreamOnEP9 #JossGawin,love
keracunan makanan ga bisa nafas muntah muntah sampe kering sampe panick attack dan gerd kambuh. combo kirain mau mati saat itu juga udah gaada tenaga banget mau nafas juga susah. padahal ga pernah makan makanan yang ga bersih pada hari itu juga makan makanan yang sehat ‍️,happy
@USER @USER apa boleh gue jadi yang makan?,love
@USER sehat banget ya makan sayuran,love
@USER siap gowo sekalian rombongan kq mbg ne sek turah²,happy
ditemani kamu makan siangnya jadi lebih aduhai #sabtu #ishomatime #happysaturday #happyweekend #lunchbarengemak https://t.co/ckgaKx9vBG,sadness
Dulu prabowo ngomongnya seperti ini . Ternyata sekarang srtelah dia jadi oresidenanggaran malah dihabiskan buat mbg kopdes dan bop serta ultah teddy. Sekarang apbn dikelola ugal2an duit pajak dibuang2 percuma oleh kepala bgn dan menkop tapi tidak berimbas ke ekonomi rakyat. https://t.co/UWjbH55045,sadness
Mawuuuuuu gigit + sun hidung bangirnyaaaah. Pipinyaaaaaa kesayanganku yg mbuy nih gaaaa hilanggg!!!!! ambuyyyyyyyy akunyaaah mauuu unyeng gigit makan kamu! https://t.co/BNz6dw7uYM,sadness
@USER @USER @USER Kita perlu makan dulu kayaknya nun..,love
@USER makan mungil pril,happy
hiburan setelah makan siang : membaca tweet dan koment,happy
@USER Aku dua Minggu ini udh mulai program Nder workout 3-4 kali seminggu makan 3 kali sehari minum susu Dancow full cream 2 kali sehari ngemil dan yap ga makan makanan seblak dan jajanan jajanan pedes pedes gitu yaa. Aku pingin BB aku naik tapi lewat asupan yang baik gpp lama,love
@USER Jadi pengen makan ice cream pas panas gini vidio nya lewat,happy
@USER langsung makan,happy
Aku jam 12:30 akan ninggalin venue nanti akan balik lagi setelah makan tolong kabarin ya thank you,fear
Bawaan pengen makan seblak euy,sadness
Gak make sense ini sumpah buat apa gila???? Muakk banget gue sama mbg mbg ini,anger
Alternatif menghabiskan Sabtu atau Minggu pagi di Bandung ke Tahuraaa. Ke Goa Jepang ngasih makan rusa lihat air terjun atau makan perkedel viral. Hati-hati kalau bawa jinjingan monyetnya suka kepo #Bandung #Tahura #Weekend https://t.co/RRuBc3s6wL,sadness
Pengadaan barang MBG dilakukan secara transparan dan akuntabel untuk menjamin kualitas dan ketepatan distribusi. https://t.co/alX7SkyLhi,sadness
@USER CASAAA SEMANGAT YAAA! semoga dimudahkan dan dilancarkan! ttp jangan lupa makan sama istirahat krn itu perlu okay! good luck ,happy
makasih abang ncan ilovyu meskipun elu makan siomay putihan,happy
presiden kerjanya jalan jalan. ga pernah di negara tinggal di hotel ratusan juta per malam. rayain ultah seskab yg gapenting. mbg ladang korupsi. emang ga ada yg bener,anger
Kepala BGN menegaskan komitmen terhadap kualitas dan keamanan program MBG demi melindungi masyarakat. https://t.co/PMPS2UUV9B,anger
@USER TUJUAN JELAS meningkatkan gizi pelajar meningkatkan kualitas pembelajaran. Mengukurnya dari Peningkatan Prestasi Siswa Peningkatan Postur Ideal sesuai Usia dll. Mengukur Keberhasilan MBG hanya dengan melihat Rekening Pejabat/Pengusaha MBG/SPPG https://t.co/Dt0hRxm5R0,anger
@USER kenapah sang pelukis siank juga byy dah makan belum?,happy
@USER Makan tidur,happy
@USER Ayuk cari makan,happy
@USER recap prestasi mbg jg dong kak,fear
@USER @USER @USER Kita perlu makan dulu kayaknya nun..,love
@USER makan mungil pril,happy
hiburan setelah makan siang : membaca tweet dan koment,happy
@USER Aku dua Minggu ini udh mulai program Nder workout 3-4 kali seminggu makan 3 kali sehari minum susu Dancow full cream 2 kali sehari ngemil dan yap ga makan makanan seblak dan jajanan jajanan pedes pedes gitu yaa. Aku pingin BB aku naik tapi lewat asupan yang baik gpp lama,love
@USER Jadi pengen makan ice cream pas panas gini vidio nya lewat,happy
@USER langsung makan,happy
Aku jam 12:30 akan ninggalin venue nanti akan balik lagi setelah makan tolong kabarin ya thank you,fear
Bawaan pengen makan seblak euy,sadness
Gak make sense ini sumpah buat apa gila???? Muakk banget gue sama mbg mbg ini,anger
Alternatif menghabiskan Sabtu atau Minggu pagi di Bandung ke Tahuraaa. Ke Goa Jepang ngasih makan rusa lihat air terjun atau makan perkedel viral. Hati-hati kalau bawa jinjingan monyetnya suka kepo #Bandung #Tahura #Weekend https://t.co/RRuBc3s6wL,sadness
Pengadaan barang MBG dilakukan secara transparan dan akuntabel untuk menjamin kualitas dan ketepatan distribusi. https://t.co/alX7SkyLhi,sadness
@USER CASAAA SEMANGAT YAAA! semoga dimudahkan dan dilancarkan! ttp jangan lupa makan sama istirahat krn itu perlu okay! good luck ,happy
@USER selamat makan mas,happy
#SMS_Ohyul_Hari_Ini - 250425 | 14.14 KST ‍⬛ *kirim foto* ‍⬛ met makaan ‍⬛ y/n ‍⬛ makan gih ‍⬛ wkwkwk #OHYUL #오율 https://t.co/QqZRs7zMbG,happy
@USER @USER MBGFYglWd3nt0EHltBYaBULK,love
Dulu 'gamau sama brondong ah' sampe nolak dan blokir brondong yg deketin di rl tapi setelah sama Wira ternyata brondong gak seburuk itu akulah orang yg seneng makan ludah sendiri.,sadness
@USER Uda lama banget gak makan lotek hahahaha,anger
ga expect kalo si bakal secinta itu sama kehidupannya bareng klao walaupun kek masih gengsi ngakuinnya wkwk. lucu banget pas dia mau ngasih makan kerbau dia ngomong tunggu ibu nak gemes,happy
Terulang Lagi Puluhan Siswa Keracunan MBG Bakteri E.coli &amp;amp; SOP Buruk Dapur SPPG Ditutup https://t.co/aklEvPji05,fear
@USER @USER Semenjak ada MBG Kader posyandu Bagian dr MENKES Jadi Tak berfungsi,love
makan ubi terus kentutnya bau banget,happy
@USER mau ikut makan bareng,happy
@USER wowo: makan nih embege ,happy
@USER Papnya Astetik banget ya dek @USER enak pasti makan peach jelly. Canci banget papnya dek emang keren selalu deh ZyForce. Btw aku udah set alarm dong biar ga kelupaan MV Team Love #BaleZyin,fear
@USER Ajak makan dong,fear
@USER Apalah kak nyari aku disini aku baru kelar makan nanti aku jemput tempat biasa kan? Kakak jangan cakep cakep plis takutnya ketuker sama ayutingting. Nanti kalo jadi aku jemput kabarin ka ea aja ya contact nya dibio kunci motor aku disimpen sama dia soalnya. I'll see you soon,love
@USER Wow tes kriuk kah. Aku belum makan sih ini,fear
@USER Ttp gue deketin anaknya soalnya bakal punya 10 dapur mbg,sadness
Cuma di Sumatra. Makan ayam ulat,sadness
Ketika kelima ayam itu mulai melambat dan sesekali membersihkan paruh di tepian tempat makan barulah ia berdiri. Sōma meninggalkan kandang itu dalam keadaan tenang sama seperti saat ia datang. Selesai,sadness
@USER dek Mput katanyaa bro Wowo kalo Sabtu mbg ny libur,happy
@USER Hahaha iyaa J gmn²? Udah makan siang blm? Kalo blm makan dulu gih.. udah jam makan siang juga kaann,fear
fuck diet aku akan makan sesuka hatiku hari ini ,fear
Impulsif beli seblak padahal bawa bekel tapi ya tetep makan bekel sih nanti haha hohe huft hidup gini amay.. ,happy
@USER @USER It's not okay. Karena ada anggaran lain yang akan dipotong untuk menambal subsidi BBM. Tentu bukan anggaran MBG yg dipotong,happy
yeu goblog program buat MAKAN bergizi gratis bukan program pengadaan lapangan pekerjaan.,anger
@USER makan tidur kak ,happy
@USER kucing gw kerjaannya cuman minta makan tidur ama buang tai sembarangan,anger
@USER Abis makan akuuuu jommm kita ngobrol panjang x lebar x tinggi @.Uranyuss,love
Objek dananya siswa apa siapa si ngentot bih MBG BABI,anger
@USER kenapah sang pelukis siank juga byy dah makan belum?,happy
@USER Makan tidur,happy
@USER Ayuk cari makan,happy
@USER recap prestasi mbg jg dong kak,fear
@USER @USER @USER Kita perlu makan dulu kayaknya nun..,love
@USER makan mungil pril,happy
hiburan setelah makan siang : membaca tweet dan koment,happy
@USER engga lg makan,happy
Makan agak traugmaaa... Gileeeeèee,happy
@USER dek Mput katanyaa bro Wowo kalo Sabtu mbg ny libur,happy
@USER Hahaha iyaa J gmn²? Udah makan siang blm? Kalo blm makan dulu gih.. udah jam makan siang juga kaann,fear
fuck diet aku akan makan sesuka hatiku hari ini ,fear
Impulsif beli seblak padahal bawa bekel tapi ya tetep makan bekel sih nanti haha hohe huft hidup gini amay.. ,happy
@USER @USER It's not okay. Karena ada anggaran lain yang akan dipotong untuk menambal subsidi BBM. Tentu bukan anggaran MBG yg dipotong,happy
yeu goblog program buat MAKAN bergizi gratis bukan program pengadaan lapangan pekerjaan.,anger
@USER makan tidur kak ,happy
@USER kucing gw kerjaannya cuman minta makan tidur ama buang tai sembarangan,anger
@USER Abis makan akuuuu jommm kita ngobrol panjang x lebar x tinggi @.Uranyuss,love
Objek dananya siswa apa siapa si ngentot bih MBG BABI,anger
@USER kenapah sang pelukis siank juga byy dah makan belum?,happy
@USER Makan tidur,happy
@USER Ayuk cari makan,happy
@USER recap prestasi mbg jg dong kak,fear
@USER @USER @USER Kita perlu makan dulu kayaknya nun..,love
Udah ga nafsu makan manis lagi,anger
Bener banget Awal-awal aku gatahan tiap ada notif pasti pgn kubaca sampe rasanya badan panas kepala panas pening gk nafsu makan pgn nangis mulu. Sekarang hari ke 9 dari pertama telbay agak mendingan. Harus tetep positif dan usaha biar semuanya bisa cepet selesai.,fear
@USER Lagian asem di makan,happy
@USER selamat siang ketua mau makan siang apa ketua,love
@USER Mau nyanyi undang penyanyi atau apalah selama pakai uang mereka ya tak apa. Ini sudah pakai uang rakyat untuk senang2 disebar di medsos pula seperti ngece rakyat yg kerja keras bayar pajak dan rakyat yg makan saja susah.,happy
@USER harus sabar bgt kalo ngasih makan bayi gini,fear
@USER engga lg makan,happy
Makan agak traugmaaa... Gileeeeèee,happy
@USER dek Mput katanyaa bro Wowo kalo Sabtu mbg ny libur,happy
@USER Hahaha iyaa J gmn²? Udah makan siang blm? Kalo blm makan dulu gih.. udah jam makan siang juga kaann,fear
fuck diet aku akan makan sesuka hatiku hari ini ,fear
Impulsif beli seblak padahal bawa bekel tapi ya tetep makan bekel sih nanti haha hohe huft hidup gini amay.. ,happy
@USER @USER It's not okay. Karena ada anggaran lain yang akan dipotong untuk menambal subsidi BBM. Tentu bukan anggaran MBG yg dipotong,happy
yeu goblog program buat MAKAN bergizi gratis bukan program pengadaan lapangan pekerjaan.,anger
@USER makan tidur kak ,happy
@USER kucing gw kerjaannya cuman minta makan tidur ama buang tai sembarangan,anger
@USER Abis makan akuuuu jommm kita ngobrol panjang x lebar x tinggi @.Uranyuss,love
Objek dananya siswa apa siapa si ngentot bih MBG BABI,anger
@USER Kenapa ga pakai sepatu sneakers aja kan kerja lapangan toh lebih fleksibel juga ga mesti sampe pengadaan semir sepatu kirain semir sepatu nya jd menu MBG,anger
Bagi anak-anak di daerah terpencil program Makan Bergizi Gratis bukan sekadar makanan tapi harapan #PenuhiGiziIndonesia https://t.co/pq6ncJJHfx,sadness
@USER wkwkwk jam makan siang makan siang km mana?,love
@USER Terus terakhir makan taste apa? ,anger
@USER @USER @USER Ini karena makanan itu uenak bikin air liur menetes namun apa daya makanan itu lebih haram dari uang korupsi sehingga membuat mereka menderita jika melihat orang lain makan apa begitu arti bikin keresahan?,love
abel ngasih makan ego damien ,happy
hari hari bingung makan apa anjengg ,sadness
@USER @USER Boots udah makan pisang?,happy
Udah ga nafsu makan manis lagi,anger
Bener banget Awal-awal aku gatahan tiap ada notif pasti pgn kubaca sampe rasanya badan panas kepala panas pening gk nafsu makan pgn nangis mulu. Sekarang hari ke 9 dari pertama telbay agak mendingan. Harus tetep positif dan usaha biar semuanya bisa cepet selesai.,fear
@USER Lagian asem di makan,happy
@USER selamat siang ketua mau makan siang apa ketua,love
@USER Mau nyanyi undang penyanyi atau apalah selama pakai uang mereka ya tak apa. Ini sudah pakai uang rakyat untuk senang2 disebar di medsos pula seperti ngece rakyat yg kerja keras bayar pajak dan rakyat yg makan saja susah.,happy
@USER harus sabar bgt kalo ngasih makan bayi gini,fear
@USER engga lg makan,happy
Makan agak traugmaaa... Gileeeeèee,happy
@USER dek Mput katanyaa bro Wowo kalo Sabtu mbg ny libur,happy
@USER Langsung makan naspad enak banget pasti,happy
@USER Kenapa ga pakai sepatu sneakers aja kan kerja lapangan toh lebih fleksibel juga ga mesti sampe pengadaan semir sepatu kirain semir sepatu nya jd menu MBG,anger
Bagi anak-anak di daerah terpencil program Makan Bergizi Gratis bukan sekadar makanan tapi harapan #PenuhiGiziIndonesia https://t.co/pq6ncJJHfx,sadness
@USER wkwkwk jam makan siang makan siang km mana?,love
@USER Terus terakhir makan taste apa? ,anger
@USER @USER @USER Ini karena makanan itu uenak bikin air liur menetes namun apa daya makanan itu lebih haram dari uang korupsi sehingga membuat mereka menderita jika melihat orang lain makan apa begitu arti bikin keresahan?,love
abel ngasih makan ego damien ,happy
hari hari bingung makan apa anjengg ,sadness
@USER @USER Boots udah makan pisang?,happy
Udah ga nafsu makan manis lagi,anger
Bener banget Awal-awal aku gatahan tiap ada notif pasti pgn kubaca sampe rasanya badan panas kepala panas pening gk nafsu makan pgn nangis mulu. Sekarang hari ke 9 dari pertama telbay agak mendingan. Harus tetep positif dan usaha biar semuanya bisa cepet selesai.,fear
@USER Lagian asem di makan,happy
@USER selamat siang ketua mau makan siang apa ketua,love
@USER Mau nyanyi undang penyanyi atau apalah selama pakai uang mereka ya tak apa. Ini sudah pakai uang rakyat untuk senang2 disebar di medsos pula seperti ngece rakyat yg kerja keras bayar pajak dan rakyat yg makan saja susah.,happy
@USER harus sabar bgt kalo ngasih makan bayi gini,fear
@USER engga lg makan,happy
Makan agak traugmaaa... Gileeeeèee,happy
@USER dek Mput katanyaa bro Wowo kalo Sabtu mbg ny libur,happy
@USER Prabowo is handing out people monies to his crownies through MBG and Kopdes - next election would be interesting.,happy
@USER @USER Yang benar maksudnya mau nekan USD) gimana Pak ???.,anger
Joko bak msh presiden aja ya. luar biasa @USER ini. Presiden2 sblmnya mana ada tuh yg pejabatnya atau dianya sendiri datang2in ex sblm mrk buat kasih laporan. Mana para pejabat prabowo hampir semua loyalisnya joko lagi. Hidup jokowkwkwk @USER @USER @USER,anger
@USER @USER Bagus sih kalau ada kritik dari masyarakat jadi pemerintah juga bisa terus evaluasi biar programnya makin tepat sasaran,fear
Presiden @USER Pecat Kepala BGN‼️,anger
@USER @USER @USER Yaqeeennn??? Nanik Deyang = Dadan. Liat rekam jekak dia sangat Brutal halalkan segala cara nyerang lawan politik saat jd buzzer Prabowo dii 2014-2019. BGN/MBG sekarang adalah cerninan asli moral korup dia,love
@USER @USER Ya belum tau om pak prabowo aja yg dikira bisa bikin maju malah diluar nurul pemerintahannya berantakan ga jelas ke isi omprengan mbg.. Udah liat kemenlu belom om..? ,anger
@USER @USER Program-program kayak gini memang butuh waktu buat kelihatan hasilnya tapi arahnya udah jelas buat ningkatin kesejahteraan masyarakat,anger
@USER @USER tenang sodara baru aja 2 th .....masih ada sisa 8 th lg ..haha,love
@USER @USER Lebih baik kita dukung saja kebijakan yang telah dibuat oleh pemerintah,anger
@USER @USER @USER KICAU MANIA,love
@USER @USER @USER @USER Programmnya sendiri ga didengerin Kok mau dengerin programmnya org lain,love
@USER Kerenn wooo @USER koe barang keren bran @USER Duooo gob****** bang****,love
@USER @USER semuanya sih dari Bu Mega pak Prabowo cak Imin Surya Paloh zulhas hanya 2 partai saja yg d parlemen sering berganti ketum nya Golkar dan PKS,fear
@USER bener2 @USER tolol sampe bikin kroni2 tolol begini dari level bawah ke atas ,anger
@USER Pak katanya efisiensi tapi hampir tiap minggu ke luar negeri.. Kalau begini terus yakin saya 2029 anda kalah sama Gibran,anger
@USER wkwkkw prabowo,sadness
@USER @USER Terlalu cepat atas kekhawatiran yang belum tentu terjadi sangat tidak etis menurutku,love
@USER prabowo,sadness
@USER @USER @USER @USER @USER @USER @USER @USER @USER @USER @USER @USER Berita ini ketutup sama serangan netijen ke MBG. Buat nutupin kerjanya gubernur juga. Pahit loh rasanya langsung diambil alih pengerjaannya. Ketahuan gubernur ga punya plan untuk mereka,love
 cape2 01 friendly ke 03 ga bakalan bisa diterima 03 yah. Gw aja dihajar 03 even yg pasti menang 02. Tanpa angin faksi anies pram ya ga bakal gacor di Jakarta. Ngasih tahu aje ye pantes kalian cuman belasan persen. Hidup Jokowi. Hidup Prabowo-Gibran.,anger
@USER @USER Dia mau 2 priode ,love
@USER @USER persamaan kata lain dari omon omon apa ya?,fear
@USER @USER HOAKS dgn narasi bnyk OMON OMONlebih bnyk jalan2 keluar negerieh ternyata TEDDY titipan presiden yg kemaren selama 2 periodeKapan di Makzulkan dgn mosi tidak percaya kepada beliau,anger
@USER @USER Jika dilakukan dngan teliti dan benar maka tidak akan kerjadi kekhawatiran sperti yang di caption,fear
Presiden @USER Pecat Kepala BGN‼️,anger
@USER @USER,love
@USER hey antek2 aseng hidup jokowiii,anger
@USER @USER @USER wkwkwk,love
@USER Aku milih prabowo aku gak bingung knp ada masalah? Asuuu raimu ,fear
Percuma teriak keracunan MBG pemerintah mengangap hal biasa coba klau mereka yang keracunan pasti enggak pakai lama diproses hukum ya ? @USER @USER,fear
@USER @USER @USER @USER kuasa anda apa mau ngeludahin orang?? lu punya tanggung jawab ngurusin rakyat ga?? lu punya mandat dari rakyat yg uda muak ga??,anger
@USER @USER @USER Berbakti untuk negara berujung kriminalisasi. Kalau menolak nanti dibilang tidak nasionalis. Memang betul dulu ada tagar Kabur aja dulu. Lebih baik berbakti untuk negara lain atau korporat asing dibanding di negara sendiri.,anger
@USER @USER Program gede emang butuh pengawasan ketat,anger
@USER Saya hanya mau mengonfirmasikan apa yang disampaikan Bapak Prabowo Subianto itu sangat-sangat benar deep state itu ada di semua kementerian terutama PU ujar Dody kepada wartawan di Solo Jawa Tengah Minggu (29/3).,fear
@USER MBG tidak dicoret? Makin gemuk kepala BGN masa bapak tidak tau harga kaos kaki saja 100 ribu stau saya ya pak kalau urusan makan tidak sangkut paut sama kaos kaki dan motor,anger
@USER @USER Setuju banget perencanaan matang itu kunci,love
@USER @USER @USER Bukan cuma dipecat dihukum mati bolak balik kek di RRT juga gak cukup! Dadan ini sumber Korupsi brutal di MBG,anger
@USER @USER @USER Mantan Wartawan Bodrex si Nanik ini :v,love
@USER kan udah dibilang sama prabowo dan menteri PU kalo disetiap kementerian ada deep state yg mau ancurin dari dalem. emang pada tolol aja malah nyalahin pemerintah dikira pemerintah punya kekuasaan absolut kali wkwk,anger
@USER @USER Omon omon,happy
@USER @USER Kritik sama kekhawatiran itu bumbu demokrasi anggep aja vitamin biar program kayak MBG jalannya makin transparan dan tepat sasaran,love
@USER @USER Sabaaaarr.......,love
Diplomasi Prabowo berhasil!! RI amankan 100 juta barel minyak dari Rusia di tengah konflik global ___ Hari Sabtu Pagii Rebahan Keluarin Chatime Pisah Klok Wardah Staylock https://t.co/aKeK8VpJbi,sadness
@USER @USER @USER @USER oh ya ?,love
@USER @USER @USER Ya daripada lu 2019 pilih prabowo???? Lebih dongo lagi hadehhh,love
Ahhh sudahlah anda ini menyerang sana sini bawa2 perintah menhan @USER udh g benar anda ini apa mungkin menhan org sekampung mu bocorkan info ke anda utk menyerang presiden @USER ???,anger
prabowo,sadness
@USER @USER @USER Laa ilaaha illaa anta subhaanaka inni kuntu minadzolimin Aamiin,happy
@USER @USER @USER @USER,love
@USER @USER Omon omon PHK dimana mana Presiden pekak https://t.co/zBCqbErcOp,fear
@USER salut buat pak prabowo dan polri yang bikin negara makin,happy
@USER ini tuh seharusnya di tarik lebih jauhh.. 2014 knapa pilih jokowi? karena lawan paslonnya hanya prabowo 2019 kenapa masih pilih jokowi? karena lawan paslonnya cuma ada prabowo (lagi). 2024 kenapa pilih prabowo? padahal ada 2 paslon lain?. sampe sini buzzer baru boleh pembelaan,happy
@USER @USER Presiden Konoha mimpi tingkat dewa dah,anger
met makan siang rakyat prabowo https://t.co/sgr1ibQHFi,sadness
@USER @USER @USER @USER @USER @USER @USER @USER @USER @USER @USER @USER @USER @USER Jangan sampai ada yang mencoba menutupi kebenaran di balik kasus ini.,love
@USER @USER pemerintahan prabowo ini memang salah satu pemerintahan terburuk selama Indonesia berdiri. terlalu banyak bentuk korupsi terang-terangan yang disamarkan dengan bentuk pengadaan barang dan jasa. terutama di dalam proyek MBG dan kopdes merah putih.,love
@USER @USER https://t.co/ubp7SQ5bWp,fear
@USER @USER Orang kayak gini harus jadi Menkeu bayangin aja semua yg di bawah organisasi dia makmur hebat loh ini orang. Kalau jadi Menkeu seluruh rakyat Indonesia bisa makmur ayo angkat dia jadi Menkeu dong pak presiden,fear
@USER @USER @USER Rakyat akan lebih senang kalau kurs rupiah Rp. 5.000 / USD $1 dr pada nunggu 5-10 tahun lagi,love
Sebelum tender ada bag perencanaan tehnis 1.harga 2. delivery 3.spesifikasi tehnis 4.after sales service 5.moral Ini diwajibkan semua vendor bisa supplay utk perang harga apalagi barang umum bkn khusus Cc @USER @USER @USER @USER @USER @USER,love
@USER Kalo kamu diberi kesempatan mau nurunin prabowo apa mukulin kepala bgn ? ,fear
@USER MBG itu program bagus banyak negara luar juga menerapkan ini cuma pengelolaannya saja yg jelek harusnya masyarakat mendukung program ini dengan menjadi pengawas yg baik bukan malah rame2 pgn programnya yg bubar sebenernya kalian hanya benci Prabowo aja kan,anger
@USER @USER @USER In sya Allah ada keadilan buat mas Ibam dan mendapatkan vonis bebas murni... Aamiin ya rabbal 'aalamiin... ,anger
@USER @USER @USER @USER @USER @USER @USER @USER @USER @USER @USER @USER @USER @USER keputusan yang dibuat malah menimbulkan polemik di masyarakat.,love
@USER @USER DANA UMAT PUN BAKALAN DISIKAT IBLIS SAJA TIDAK PERNAH &amp; TIDAK SANGGUP MELAKUKAN ITU https://t.co/mYDIbB68be,fear
@USER @USER @USER Ga bisa gibrwn saja jadi wqpres,love
@USER @USER iyain aja omongan badut biar dia senang,love
@USER semenjak anda yg pimpin Rusak NEGARA,anger
@USER @USER Prabowo 2 periode,love
Alhamdulillah Diplomasi @USER Berhasil! RI Amankan 100 Juta Barel Minyak dari Rusia Langkah ini menjadi sangat krusial mengingat kondisi geopolitik global yang kian tidak menentu pasca meningkatnya ketegangan di Timur Tengah. @USER @USER @USER @USER https://t.co/lQZeget1VA,fear
O7 : RAJA NGIBUL 08 : RAJA OMON² @USER @USER,love
Prabowo Subianto.,sadness
@USER jika anak bangsa seperti @USER yang ingin mengabdi kepada negaranya namun ujungnya adalah ketidak adilan di mata hukum gegara fitnah para pelaku korupsi apakah Indonesia masih layak di sebut negara hukum? Buktikan jika anda layak jadi presiden kami!,love
@USER Jujur aja kerja sama sama Prabowo Subianto ke Rusia ini agak bikin khawatir. Soalnya kondisi geopolitik lagi sensitif bisa-bisa Indonesia malah kena imbas tekanan dari negara lain.,fear
@USER Ingat ya guys ini tuh Prabowo kalau yang sekarang Pascabowo makanya beda brandingannya,fear
@USER Prabowo,sadness
Pak Prabowo kunjungan ke Kediri challenge.,sadness
@USER @USER @USER Mohon dibaca pak presiden @USER ... demi masa depan mimpi anak2 indonesia yang kreatif... selama anak2 negeri yang kreatif dibelenggu hukum seperti ini Indonesia tidak akan pernah mendunia... cukup sudah ricky elson dan @USER yg jd korban dengan mobil listriknya (2013),love
@USER @USER @USER @USER @USER @USER @USER @USER pemerintah dan loe yg tolol kalau gitu. sdh tau kalau jenis dan mutu minyaknya ngak bisa diolah di dlm negeri dibeli.,love
baca nih @USER,anger
@USER @USER @USER @USER Tembusan Pak @USER,love
@USER @USER Ada peningkatan ,love
@USER @USER Negara ini hanya mengandalkan pajak dair rakyat jadi tidak mungkin rupiah menang sampai kiamat,anger
#AdiliJokowi atau Ijazah Palsu bikin Hukum RI cium pantat Jokowi @USER DPR RI BEM UI BEM SI BEM ITB BEM UGM Universitas Brawijaya Universitas Diponegoro Universitas Padjadjaran UNAIR Yenny Wahid Najwa Shihab Susi Pudjiastuti Rocky Gerung Kejaksaan RI https://t.co/q3mzMDkvIu,love
Perkuat Stabilitas Nasional: Presiden Prabowo Subianto Terima Laporan Strategis Kapolri di Hambalang https://t.co/IGldGskKnU,sadness
@USER @USER Hari hari jadi warga Indonesia harus terbiasa dg KETOLOLAN pemerintah,fear
@USER @USER @USER @USER @USER @USER Beritanya kurang jelas nama koperasinya apa? Siapa pendiri koperasinya? Orang dalam BNI-kah atau orang luar? Modusnya bagaimana? kenapa yang digeruduk BNI? mereka dapat bukti surat dgn cap BNI-kah? Ini point2 penting yg harus diberitakan tapi yg dihighlight BNInya aja.,love
@USER @USER Tibang ng-zoom aja sampe milyaran ,happy
Menpora lapor ke Seskab Mensos lapor ke Seskab MenKop lapor ke Seskab HIPMI lapor ke Seskab Menkomdigi lapor ke Seskab Dirut BTN &amp; KAI lapor ke Seskab Dirjen Imigrasi lapor ke Seskab ini yang presiden siapa dah? seskab atau prabowo? kok apa apa lapor ke teddy,anger
@USER @USER Dasar batu,love
Cc @USER @USER ,love
@USER @USER salut dengan keberanian pemerintah eksekusi program berskala besar arahnya ke kesejahteraan masyarakatt,love
YLBHI: Prabowo Gagal Penuhi Janji Bongkar Aktor Utama Penyiraman Andrie Yunus https://t.co/7hvS0kIOsg,sadness
@USER @USER @USER Maksudnya nanti periode ke 2.,love
@USER @USER : tenang...kita macan asia tahun depan kita jadi negara hebat,love
@USER @USER saatnya fokus ke hasil dan evaluasi berkalaa,fear
@USER Noh malu Sama unfil dia Aja pasang nama almarhum lah ELU malah begono sadd,anger
@USER @USER kalau transparansi dijaga program strategis ini bakal jdi game changer buat kita semuaa,love
@USER @USER @USER sejak plesiden nya si kucing gendut jompo ,love
prabowo soon,sadness
@USER @USER @USER prabowo ke prancis lobi supaya dapat transfer teknologi militer. biar negara kita aman dan lu bisa tenang ngebuzzer profokasi pemerintah sambil nikmati bbm murah dan beras murah.,love
@USER @USER @USER @USER @USER @USER @USER @USER Tolol Lo Emangnya pemerintah import minyak yang tidak bisa di kelola minyaknya ,love
@USER @USER Tai tai,love
@USER @USER Saya baru bbrp kali ke Kalimantan tapi punya banyak teman di sana. Bahkan ada guru juga dari Aceh yg ngajar di sana. Biasanya sy dapat cerita kondisi Kalimantan dr dia. Saya yakin soal isu daerah spt ini selama terus disuarakan pasti akan didengar dan akan ada orang,love
@USER @USER @USER Mending lu jilatin pantatnya prabowo sama teddy,love
Nadiem: bapaknya lawyer top. Om dari ibunya salah satu pendiri kodel/eks TKN/sohib prabowo. Om dari bapaknya eks kabais. Sohib kakaknya jurnalis punya pengaruh. Masih dikerjain juga. Tapi memang ada beban sejarah di nadiem yang ibam gak punya. Good luck mas ibam.,happy
@USER edan internal Lu ya edannnnnn #nopresiden #nokings,happy
@USER @USER @USER susah nyampe nya soalnya disaring sama [ytta],fear
@USER @USER @USER #Presudenbadut akan membawa kehancuran bangsa ini karena telah nencurangi konstitusi ;; https://t.co/iJSBJV5NNQ https://t.co/hxvbFqY53L,love
@USER @USER @USER @USER Sedih bangett udah pemerintah Dan dpr gk bisa diharap sisa trias politica yudikatif pilar trakhir harapan agar negara gk runtuh ikutan korup betul2 butuh reform besar2an sebelum trlambat,love
@USER @USER Selama Pemimpin rakyat tdk memihak kpd rakyat maka catatan hitam akan muncul bersama Oligarki,love
@USER @USER Menuju Rp 17.845 ️,love
@USER @USER Ad yg yg tau gak sih siapa orng dibalik kriminalisasi Ibam dan Nadiem ?? Kenapa ngebet banget ingin memenjarakan mereka ?,anger
@USER @USER Lah kan elu pemimpinnya,anger
Sudah semestinya APH memburuh penghembus isu uang negara tinggal 120 T karena isu tsb bisa menimbulkan kekacauan. @USER @USER @USER @USER @USER @USER @USER @USER @USER @USER https://t.co/5NzYDx0qQw,anger
melainkan simbol kuat hadirnya political will yang nyata bahwa negara benar-benar berpihak pada kelompok paling rentan. Momentum ini juga menjadi bukti konkret bahwa janji Presiden Prabowo Subianto pada May Day 2025 bukan sekadar retorika. Dalam waktu relatif singkat ,anger
@USER @USER https://t.co/bLNAHn8aHY,fear
@USER Prabowo is a very very very bad person besides.,sadness
@USER @USER Jangan salahkan kalau Masyarakat beranggapan Semakin memperjelas kalau Prabowo masih bisa di setir jokowi,anger
@USER Link zoom ny BGN pake Emas 24 karat kah @USER ?,love
@USER @USER URUS GURU DAN PENDIDIKAN!!!!!,anger
@USER Ni wo @USER https://t.co/MMQapLkbPw,fear
@USER @USER @USER Jenderal aja dipaksa nunggu,love
@USER Udah tau permasalahanya spt itu tp elu tetap jilat prabowo gibran,sadness
Presiden Prabowo Memastikan bahwa pemerintah harus siap dan akan melindungi masyarakat kecil melalui kebijakan subsidi energi tepat sasaran. #ahy #emildardak #prabowo #demokratjatim #pdjombang @USER @USER https://t.co/zeoLwDfbgc,sadness
@USER @USER @USER Yg gila itu Gabungan KAMPRET &amp; Cebong jadi satu Kandang ( TerMul ) Karya Syetan Gorong2. Kolaborasi 10 Thn sejak 2014 dgn Banteng ngancurin Indonesia Sekarang diteruskan lagi agar Indonesia Bubar 2030 seperti Prediksi @USER,love
@USER @USER @USER @USER @USER @USER @USER @USER itulah totolnya orang sotoy. dipikirnya spec kilang itu untuk semua jenis minyak mentah.,love
@USER @USER Terus saja buang2 duit pajak!! Duit pajak seharusnya kembali ke rakyat dalam bentuk pembangunan yang bermanfaat buat kesejahteraan rakyat bukan dibuang2 percuma di tengah efesiensi anggaran yg diminta presiden. Banyak sekolah rusak. Banyak jembatan rusak. Banyak anak tidak bisa https://t.co/q5tkhEe6gQ,anger
Semoga Pak Prabowo mendengarkan ini https://t.co/ic8TkRb16V,sadness
@USER @USER Itulah k3banggaan kemaren yg memilih....,love
@USER @USER Komunikasi Publik tapi menutup pintu komunikasi https://t.co/WRGuwrw3W6,fear
Kayak biji Prabowo https://t.co/HTPYDwgEHI,sadness
@USER @USER Arahnya naik bukan turun baru 1.5 tahun bayangin 5 - 10 tahun CAGR 3.5% per tahun 5 tahun jadi Rp 20.476 kalau 10 tahun jadi Rp 24.320,happy
Kasat Resnarkoba Polres Sukoharjo AKP Ari Widodo mewakili Kapolres Sukoharjo AKBP Anggaito Hadi Prabowo mengatakan pihaknya akan terus mengembangkan kasus tersebut untuk mengungkap jaringan yang lebih luas.,sadness
@USER @USER @USER @USER @USER @USER @USER @USER Ya kan elo tolol sementara waktu minyak import nya bisa dikelola di kilang kilang yang sudah ada di Indonesia,love
@USER @USER Kekhawatiran publik bisa dilihat sebagai kontrol sosial yang penting dalam demokrasi.,love
@USER @USER Oke naikin lagi dong lumayan soalnya investasi gua dalam dollar,fear
@USER @USER @USER Berperan ??? Hahahaha lucu kau. Jelas jelas Prabowo lawan Jokowi di pilpres. Berperan dari mana???,fear
prabowo netanyahu hentikan kemacetan di ciledug,sadness
@USER @USER @USER SOP'nya dlm MBG gimana ya...dah banyak yg asal asalan..ini ada cacingnya... Tolong di kaji ulang dan lebih di perketat di lapanganya..jgn asal terima laporan saja..tanpa ngecek ke bawah https://t.co/AyNjVHLsdy,anger
@USER @USER Program seperti Makan Bergizi Gratis dan Koperasi Desa Merah Putih memang dirancang untuk mendorong kesejahteraan masyarakat.,love
Efek pak purbaya tolak bantuan IMF om..asing ramai ramai tarik dana dari bursa saham kalo si om punya dana 20 T bisa tuh turunkan harga dollar dan naikkan IHSG. Mudah2an pak @USER dan jajaran danantara mau guyur bursa saham supaya tidak di kuasai asing.,anger
@USER I bet you 1 000 euro the reality is different from what Purbaya said. Dua yang dicopot are good people. It's Purbaya (and more importantly Prabowo) yang gak kompeten.,anger
Di Filipina google telah meningkatkan teknologi tercanggih chrome browser disana kok Indonesia tidak minta yang lebih paksa google kalau tidak adil blokir saja mereka @USER @USER @USER @USER,anger
Pak @USER,love
@USER @USER @USER Itu kan jabatan politik ya ga perlu sesuai pendidikan nya lah boy kecuali dirjen dan sebagai baru harus sesuai boy,love
@USER kalau mau sukses habisi gerbong lama,happy
Demokrat ajak Kader selalu di tengah Masyarakat #ahy #emildardak #prabowo #demokratjatim #pdjombang @USER @USER https://t.co/fwWLlsjcKA,sadness
@USER @USER @USER ,love
prabowo,sadness
prabowo,sadness
@USER @USER @USER Terus Semangat Om Walopun kecil kemungkinannya di Negeri para bedebah Negeri penuh Konspirasi ini,love
@USER @USER HALU,fear
@USER @USER @USER @USER @USER @USER @USER @USER tolol tuh elo krn skdr penjilat pantat yg ngak tahu tapi sotoy. emangnya. bangun kilang baru sebulan jadi dan beroperasi.,love
@USER Kunjungan Prabowo Subianto ke Moskow jadi bagian dari diplomasi energi yang adaptif.,happy
@USER @USER @USER semoga viral,love
@USER @USER @USER @USER Tertampar fakta ya,love
@USER Bohongin @USER ngga kena pasal? Apa dah buta tuli semua pejabat RI? @USER @USER,love
@USER @USER @USER Dia berhalusinasi... maklum .. demensianya makib parah,love
@USER Tapi kan ini presiden ,anger
@USER @USER @USER Maaf btw Emang mau baca? Yg ada cuman mo dengerin pengandaian Fak Dadan https://t.co/TDEzkIPI5G,fear
@USER @USER @USER ini bener? https://t.co/vselPmFgO2,love
Semoga Prabowo Presidennya. https://t.co/GMCKigaFad,sadness
@USER @USER @USER @USER @USER @USER @USER BNI lagi,love
@USER @USER hmmm kata @USER sebelum jadi presiden https://t.co/nicacPlNcA,fear
@USER Prabowo takut rakyat bergerak... perintahkan kapolri utk tembak ditempat jika terjadi kerusuhan,fear
@USER Seenggaknya dia masih main X gak kaya @USER medsosnya dipegang buna,sadness
@USER @USER kata prabowo sendiri sih..prabowo sebelum jadi presiden. klo sdh jadi presiden ya...beda lagi wkwkwkwk https://t.co/cqN9fWfRCu,fear
@USER @USER @USER Minta bantu sebarkan juga nih bang ke bang ferry irwandi. Dia ga ada twitter yak?,love
calon-calon nt lagi dah ini evos ntar lawan btr kalo yang main prabowo lagi.. tailah evos roamer mungkut di komun,happy
@USER @USER Mau 17.000 atau 20.000 si momon itu gak akan bisa berbuat banyak... Lha wong paham aja enggak kok.,anger
@USER @USER knp makin hari makin ngaco sih?,fear
@USER @USER @USER #KawalTerus,love
@USER @USER Tidak ada visi &amp; misi menteri. Adanya visi misi presiden. Presiden nya yg patut di ganti!!!,anger
@USER Kemana aja @USER @USER? Dr awal MBG ngga pernah diaudit? Emang harusnya #StopMBG sekarang juga. @USER @USER @USER @USER,love
@USER prabowo kan ya?,sadness
@USER @USER @USER @USER @USER Aku cuma pengen kasih tahu ke @USER @USER @USER @USER @USER @USER @USER @USER dan Megawati --- Berdamailah dengan @USER Dia bukan orang yang sempurna tapi dia menguasai hati di bawah (at least u 5 tahun lagi kedepan).,love
@USER @USER Sama aja dulu kan minta prabowo diadili juga eh sekarang malah jadi presiden ya gak heran kalo minta pelanggar ham buat mundur,anger
Yg dibutuhkan seorang penguasa. Abdi yang loyal. Presidennya Prabowo tapi..... https://t.co/P36bn4NDu8 https://t.co/G7nUBUVxaZ,sadness
Bangsatnya prabowo ga gemboran apapaun,sadness
@USER @USER Nggak ngaruh kata presiden krn rakyat kecil ga pake dolar tapi pake daun.,fear
@USER @USER Korban itu hanya 0 0000 . . . dari puluhan juta penerima mbg. Tdk usah dibesar2kan. Kata rezim bobrok botol gendut korup tamak.,fear
prabowo ini arahnya kemana ya?,sadness
@USER @USER this government are not transparent and anti critics.,happy
Presiden Prabowo Panggil Kapolri ke Hambalang https://t.co/AT5So8SBYG @USER,sadness
@USER ini mah prabowo jir,sadness
@USER あんたの国のクズが日本で最低な行為を繰り返しています。あなたの国から声明はなにもありませんが、ほっとく気ですか？本当に迷惑です。インドネシア人はこういうヤツらばかりですか？,anger
@USER Normalize blaming Prabowo,sadness
@USER @USER kalo presidennya Anies pasti jongosnya gak gini,fear
@USER @USER @USER Yg kmarin nyobols dia..smoga da penyesaln mndalm..,anger
@USER @USER @USER Sy lbh yakin usia bapak 5th ke depan 79thn 10thn ke depan 84 itupun klau diberi usia panjang. ? Masih punya kesempatan 3thn lg pak buat halan-halan uang rakyat Insya Allah msh bnyk untuk di habiskan bapak ,love
@USER @USER Kekhawatiran publik justru bisa jadi kontrol yang positif,love
Di DIY Menko AHY Tinjau Sekolah Rakyat Revitalisasi Permukiman dan Dorong Green Corridor di Jalan Tol untuk Hadirkan Pembangunan Berdampak Langsung Menko AHY di lapangan bertujuan memastikan implementasi program berjalan sesuai rencana dan Asta Cita Presiden Prabowo. #ahy https://t.co/mPIjqXpp6I,sadness
@USER Ngapain sekolah wong orang tuanya masih milih prabowo juga.,anger
@USER @USER Bagus kalau ada pengawasan supaya tetap berjalan optimal,fear
@USER @USER @USER @USER @USER Apakah dia juga yang sempet rame soal blacklist talent jugaa?,love
@USER @USER Program besar memang butuh waktu dan proses yang matang,anger
Polres Belitung Timur Mengikuti Kegiatan Zoom Meeting Launching Program Quick Wins Akselerasi Tranformasi Polri Untuk Masyarakat TW II Tahun 2026 oleh Posko Presisi Mabes. Bertempat di Ruang Aula Tengah Polres Belitung Timur. @USER @USERkindonesia https://t.co/qOF4YsopWi,fear
@USER @USER kita negara besar atau negara omong besar sehhhhh,fear
@USER @USER Kelamaan 5 - 10 tahun segera spt Pak Habibie,fear
@USER @USER @USER @USER @USER @USER @USER @USER Elo itu tolol Rusia mau bangun kilang minyak di Indonesia untuk mengelola minyak dari Rusia,love
YA ALLAH DHZALIM BETUL @USER HENTIKAN MBG!!!,anger
@USER @USER Inisiatif Koperasi Desa Merah Putih juga menarik untuk mendorong ekonomi desa,love
@USER @USER @USER @USER sudah lupa kah???,love
@USER @USER Program seperti Makan Bergizi Gratis memang punya dampak langsung ke masyarakat,fear
@USER Ada apa ya hubungan Prabowo Deng Teddy ??? Semesra itu .....wkwkwmwk,anger
Jika aku amit amit tidak lolos utbk itu karena prabowo Jika aku amin lolos utbk itu karena Tuhan yang maha besar,sadness
Padahal mau nganggur dgn tenang dulu tpi ngeliat keadaan kyak gini jadi mulai appy loker lg. Fuck you @USER,sadness
Ini Pak Prabowo gada niat mau pecat kepala BGN kah??? Kesel bgt tiap liat berita BGN nganggarin miliaran mpe triliunan cuma buat kegiatan yg ga pntg !!! Tulul bgt masih dipertahanin pejabat kek gt!!! Stress bgt liat pemerintahan yg amburadul gini ,anger
@USER @USER Makin lama makin gw mikir. Gw emang barisan 01 tapi itu dulu. Sekarang malah jd ilfil sama orangnya. Tapi bukan berarti sekarang gw berubah jadi pro Prabowo. Makanya 2029 siapa aja bebas dah nyalon asal bukan Prabowo lagi. Tapi bukan mantan 01 juga. Lu aja bang wkwk,love
@USER Mr president @USER Tolong balaskan darah2 TNI yg ditumpahkan zionist israhell,anger
@USER @USER BGN itu mikirin gizi cuman 10% sisanya pesta pora yg gada hubungan dgn gizi anak,anger
@USER @USER @USER Cari yang berkompeten dunia permakanan bobon santoso misalnya dia akan dikenal dan dikenang sby orang pertama di MBG dan BGN khan bagus,love
@USER @USER Maksud beliua 50000 tadi kelupaan tambahi 0 nya https://t.co/zXEM3sV5Km,fear
anak buah prabowo kerjaannye pada kek orang idiot. Kebocoran data lu pada diem pas ktp hilang suruh denda bikin surat kehilangan di polisi keluar duit lagi. idiot emang lu semua,sadness
1. Megawati (33 thn) 2. Muhaimin Iskandar (21 thn) 3. Surya Paloh (15 thn) 4. Yusril Ihza Mahendra (16 thn) 5. Prabowo (12 thn) Jokowi..? Cukup jdi orang kampung dan momong cucu saja. ( Tapi juga tetap harus disalahkan ). https://t.co/kyPTHXi0h6,sadness
@USER @USER @USER,love
@USER mana statement lu wok?,anger
@USER @USER @USER Contoh riil manusia munafik,love
Pak Prabowo dimanfaatkan oleh orang² kepercayaannya. suatu saat mrk berpotensi jadi brutus dan gaius.,sadness
@USER @USER Hai Pak @USER saya datang dari masa depan ternyata tweet anda berbeda dg yg anda lakukan ketika jadi Presiden...,love
@USER @USER pelan pelan aja asal arahnya jelas program begini bisa bantu banyak orang,anger
THANKS PAK PRABOWO semenjak indonesia dipimpin bapak banyak sekali rekor sejarah terpecahkan. 1. kurs usd/idr hampir rp 17.200. paling terpuruk dlm sejarah. 2. utang jatuh tempo di 2026 sebesar rp 833 t. tertinggi dalam sejarah. 3. defisit apbn paling lebar dalam sejarah.,sadness
@USER Please do not grant free access to the foreign military from ANY country. Whether by land sea or air. The blanket overflight is never a good idea &amp; against the will of Indonesian people. Even the US's allies don't provide free unlimited access for the US. https://t.co/Ey7P2qDr6X,anger
Bukti paling konkret bahwa konten-konten sidak BGN hanyalah tipu-tipu dan sekadar upaya pengharuman citra yang terlalu dipaksakan adalah kolom komentar yang dibatasi. Halo ndut @USER. Inikah seorang 'Ibu galak' yang kamu maksud itu? bagi kami nanik s deyang hanyalah seorang https://t.co/EaVIdMF2Nf,anger
@USER kalo gak salah dulu pak Prabowo bilang bahwa korupsi pajak itu sekitar Rp.500 Trilyun / Tahun. benarkah?,happy
@USER @USER dipanggil ndut,love
@USER @USER Tdk usah takut nilai ekspor kita lebih tinggi dari impor. Mata uang rupiah melemah maka harga barang kita competitive dan barang barang Amerika bakalan tidak competive krn harga nya tinggi maka produk us tidak bisa bersaing dengan produk lokal. Lu kebanyakan di cuci otak nya,fear
Presiden Prabowo Subianto memanggil Kapolri Listyo Sigit Prabowo di kediaman Hambalang pada Jumat 24 April 2026. Pertemuan yang berlangsung sekitar satu jam tersebut membahas berbagai isu terkait keamanan nasional serta kondisi umum situasi,sadness
@USER @USER yang penting transparan sama konsisten biar hasilnya kerasa ke masyarakat,love
@USER Saya pilih Anies karena rasional saja Orang Baik dan taat Agama pasti Anti korupsi. Saya gak pilih Prabowo karena Wapresnya. Saya gak pilih Ganjar karena gak cocok dgn Partainya.,anger
Menteri desa Bapak Yandri Susanto melaksanakan peletakan batu pertama pembangunan gerai KDMP di desa Gunungkuning kecamatan Sindang Kabupaten Majalengka Jabar #MenteriDesaKawalKDMP #PendampingDesakawalKDMP #KDMPUntukKesejahteraanRakyat @USER @USER @USER https://t.co/R7yPByKfqx,fear
jokowi prabowo prabowo jokowi (ini yang gue denger) https://t.co/4RlPWgD5gd,sadness
@USER @USER @USER Alhamdulillah masih sangat kecil emg lu mau segede apa buset gue kesel bgt sm ni kebijakan,love
@USER Data kayak gini tuh Prabowo gak dikasih tau ya sama Seskab? Aneh bgt aneh,fear
@USER @USER @USER @USER baca wooo jangan main Roblox teruuus,love
@USER prabowo,sadness
@USER @USER pemerintah juga pasti evaluasi kok gak mungkin dilepas gitu aja,fear
@USER @USER Agar Termul pada mingkem atau mati harus dimatikan dari Kepala Termul itu sendiri.,love
Hebat ya.... Prabowo gitulah. 58%.,sadness
@USER @USER @USER Semua gara gara seorang perempuan yang tersinggung dan laki laki yg berdarah pengkhianat,love
Hendi Saputro remaja asal Sragen yang sempat putus sekolah akibat keterbatasan ekonomi keluarga kini kembali melanjutkan pendidikan melalui program Sekolah Rakyat gagasan Presiden @USER Subianto. https://t.co/dHQraYQwVu,sadness
@USER @USER wajar kalo ada kritik justru itu bikin program makin matang kedepannya,fear
@USER liga 1 masuk Adhyaksa FC (klub Kejaksaan) dan Garudayaksa FC (klub yang didirikan Prabowo Subianto/Presiden) dah lah semua menyingkir kalau tidak ada kekuatan dalam politik,anger
@USER @USER @USER @USER Aku yang ane komen sering hoak contoh ijazah sekarang kalian lagi sibuk provokasi terkait JK,love
@USER @USER prabowo suka buah air sih ka,love
@USER @USER Bisa aja asal seleksi jadi presiden lebih ketat daripada seleksi asn karyawan swasta dan buruh serabutan biar adil ,love
@USER @USER @USER @USER Semangat terus Mas Ibam.....,love
@USER @USER @USER WITH THE LIGHTS OUT OMPRENG ACTS OUT HERE WE ARE NOW CORRUPTED GOVTS I FEEL STUPID AND CONTAGIOUS THE FOREIGNERS MISUNDERSTOOD ME YEAHHHHHH https://t.co/ierVsOQqko,love
@USER @USER baru tahu ini klo prabowo turunan minahasa,fear
@USER @USER bener sih program gede emang harus diawasi tapi niat awalnya udah bagus tinggal diperbaiki aja,anger
@USER @USER ,love
@USER @USER @USER @USER @USER @USER @USER @USER @USER @USER @USER @USER Buzzerkek kamu bikin negri ini makn miskin dan kacau segala kekritisan selalu ditutupi dengan narasi yg konyol oleh suruhan rejim yg lebih mengandalkan buzzer daripada tim public relation resmi-nya sendiri .....,love
@USER @USER Innalilahi wa innailaihi rojiun ,happy
@USER @USER Diawal @USER bilang efisiensi tapi kabinet nya boros mbg nya boros rakyatnya disuruh sabar.,fear
@USER @USER @USER Ihhh setujuuuu,love
@USER kayak nya sie prabowo di tutup rapat2 data asli di lapangan oleh lingkaran nya genk Solo. agar masyarakat geram dan menuntut pengunduran diri nya prabowo sehingga gibran dengan mudah naik ke singgasana tinggi. hindari itu dan atur strategi fokuskan dulu makzulkan gibran &amp; gank.,fear
@USER Kemarin RS Indonesia dikuasai IDF sekarang prajurit TNI meninggal LG setelah diserang IDF. Masihkah @USER membela Israhell???,anger
@USER @USER @USER Hati yg bersih akan membuat hidupmu tenang &amp; hati yg kotor akan membuat hidup gelisah. Belajarlah untuk tidak berburuk sangka dan tidak mengganggu orang yg ingin berbuat baik karena menghalangi orang berbuat baik itu pasti berasal dari hati yg kotor akibat menuruti bisikan setan,love
@USER @USER @USER @USER Min @USER pasti bisa bantu menyampaikan nih....,love
@USER bener jadi puas2kan ngehina prabowo sekarang soalnya kalo udah mati susah ntar kena dosa,sadness
@USER @USER @USER @USER Apelagi tambahannye?,love
@USER Kalau para jendral sudah kompak melengser kan Prabowo itu sudah jalan yg benar. kebodohan prabowo dalam politik luar negeri dan dalam negeri mengharuskan dia mundur dari jabatan yg bukan haknya dia naik atas kecurangan KPU yg dikendalikan anak mei wha yg mengaku joko widodo.,anger
@USER Sebelum asn pada keluar lu duluan yg diberhentiin Prabowo ,anger
@USER negara terlalu tutup mata sampe perusahaan itu bisa seserakah yg owner mereka mau. punya pengalaman banyak expert usia muda di gajih kecil dikasih kerjaan melebihi beban terus kalo salah sedikit langsung kasih SP. @USER pak tolong lah ya,anger
@USER @USER OWWW owwwww MACEM MANE INIIII,anger
@USER @USER @USER @USER @USER @USER @USER @USER @USER @USER @USER @USER Apresiasi setinggi - tingginya untuk Presiden Prabowo yg telah mewujudkan mimpi - mimpi anak - anak yg kurang beruntung dgn adanya sekolah rakyat ini . Shg mereka bisa fokus belajar tanpa harus mengkhawatirkan kebutuhan sehari -harinya .,love
@USER @USER @USER @USER @USER Ealah skrg mulut 'perempuan' @USER lamis anggap dirinya goblog. Wajarlah kalo gak tau kalo dirinya goblog. Pantesan bibir tipisnya lamis sebar dusta ke mana tebar kebohongan seNusantara. Gemar karang cerita goreng narasi berdasar asumsi sendiri tiap hr. Waras dab?! https://t.co/Y3SNtnTNur,love
Saya menyerah melihat berita Prabowo dan BGN. Malah saya yang gila,anger
@USER presiden kok mau digoblokin sama menterinya,fear
@USER @USER @USER Ini salah satu bukti penutupan SPPG agar kedepannya MBG bisa sesuai dengan standar yg ditetapkan. https://t.co/Vk8dCUYk90,love
@USER @USER @USER @USER ,love
@USER @USER @USER @USER Koruptor tidak ditindak tegas? Udah banyak kasus korupsi diselesaikan tersangka udah banyak masuk bui uang rampasan dari koruptor udah banyak bilang ga tegas si riza Chalid saja udah di jadikan buron dan orang yang udah ganti wna aja pasti bangga ama timnas jd ta spesial u.,anger
Ada pula sosok Kapolri Jenderal Listyo Sigit Prabowo yang secara konsisten membuktikan bahwa dirinya adalah tipe pemimpin yang lebih banyak bekerja ketimbang bersuara. Peningkatan citra dan kinerja Polri dapat dirasakan langsung dampaknya oleh masyarakat luas.,anger
Memang di awal pemerintahan Presiden Prabowo Subianto masih ada pekerjaan rumah di sana-sini. Namun objektivitas menuntut kita untuk melihat prestasi besar yang sedang dicetak ,sadness
@USER Oh ini jga alasan prabowo bolak balik ke prancis?,sadness
@USER Rezim Prabowo?,sadness
@USER Setuju semuanya salah Prabowo,sadness
pak @USER mewakili kami semua anak-anak teknologi 🇮🇩 ibam adalah representasi terbaik dari kami ikhlas mengabdi untuk negeri melepaskan tawaran milyaran gaji dari luar negeri jika tiada keadilan &amp; betapa kejamnya ia didholimi niscaya tiada lagi dari kami mau mengabdi,love
@USER Masih gagal paham ama dodi apakah karena progres baru 15% = ga nurut ama prabowo? Ditambah Ke proyek bukannya pake APD malah pake sarung,anger
@USER @USER @USER Upayanya sudah tepat dengan bersurat kepada presiden.. berharap akan hasilnya boleh tp harus bersiap juga dengan kemungkinan lain ya.. Soalnya ini negara dagelan Bukan negara beneran Apalagi urusan hukum yg mana paling filthy dan ga kredibel GBU mba Dwi &amp; keluarga.,anger
@USER Elu Trump jgn bilang org indonesia dong yg munafik itu cocoknya rejim ini dibwh prabowo..,anger
@USER Ini termasuk sewenang-wenang kapal PERANG AS di belawan kesewenang-wenangan presiden menjual kedaulatan Laut ke AS @USER @USER @USER https://t.co/rTIs9zZBBZ,fear
@USER @USER @USER @USER Faktanya kamu tak bangga sma skali dan langsung nangis bombay tapi happy banget kalo bangsa ini susah misal ada gempa bumi dan negatif negatif lainnya karena itu waktunya kamu nyerang bayangkan saja lah wong ada musibah kok dijadikan bahan tuk nyerang.,love
Wacana penambahan konser K-Pop di Indonesia kembali ramai diperbincangkan setelah pemerintah mengungkapkan rencana tersebut. Baca selengkapnya : https://t.co/sOYNeYKNw8 #prabowo #konser #kpop #fans #sorotan #tiket #acara #indonesia #YouandAICan #S26StaysUnseen Klok,sadness
 Presiden Prabowo menginginkan bahwa hilirisasi tidak hanya di bidang energi dan mineral tetapi juga harus diperluas di bidang pertanian katanya Teddy dalam keterangan akun Instagram Sekretariat Kabinet.,sadness
 Terima kasih Bapak Presiden @USER atas arahan terkait percepatan hilirisasi dan penguatan program prioritas Danantara hari ini di Hambalang kata Rosan.,happy
Momen pertemuan itu diunggah Rosan dalam akun Instagram resminya Jumat (24/4/2026). Terlihat keduanya bertemu di dalam sebuah ruangan. Prabowo dan Rosan tampak duduk berhadapan. Keduanya terlihat membaca dokumen di meja.,anger
Presiden Prabowo Subianto menggelar pertemuan dengan Menteri Investasi dan Hilirisasi/Kepala BKPM Rosan Roeslani di kediamannya di Hambalang Bogor Jawa Barat. Prabowo memberikan instruksi mengenai percepatan hilirisasi dan penguatan program prioritas Danantara.,fear
Prabowo Bertemu CEO Danantara di Hambalang Bahas Percepatan Hilirisasi #prabowosubianto #terimakasihpakbowo #jagaindonesia https://t.co/QGmtdWfjiA,sadness
@USER @USER Tolong laaahhh .... Bilangin ke Bos klen @USER Klo orang2 disekeliling nya itu BANGSAT2 semua... Ini Bos klen udah tau ATAU pura2 gk gak tau sich.....?!?!? #SeriusNanya,anger
Menteri tenaga kerjanya dr @USER @USER cuman bisa nikmatin gaji n fasilitas negara doang yak hahahaaaa pejabat menteri pilihan @USER cuman sampah bangsa benalu negara,love
@USER @USER Omon omon,happy
Kayanya ini salah satu kesepakatan antara @USER dan @USER Prabowo boleh jadi presiden tp harus sering keluar negeri urusan dalam negeri biar Jokowi yg ngurus.,sadness
elu babinya @USER,anger
@USER @USER Jadi begini bung ekonomi bangsa telah salah urus. https://t.co/1D69Mc681p,fear
@USER @USER @USER Tapi Prabowo Presiden 2029 Tetap Pilihanku!!!,anger
@USER @USER @USER TNI nya nyirem air keras polisi nya perkosa wanita jaksa nya rekayasa dakwaan pemerintah nya jadi pahlawan kesiangan mulu selama kapolri kajagung nya ga di ganti ... akan selalu ada ibam2 lain nya yg jadi korban..,anger
@USER @USER @USER Waspadai yg sesat² supaya gak ikutan tersesat,love
@USER Entah u apa si wowo @USER buat duta²an ngabis²in anggaran pdhl hutang negara menumpuk.. Otak jarang dipakai,anger
@USER @USER MANTEP BENER,love
Kementerian Energi dan Sumber Daya Mineral (ESDM) menyampaikan Indonesia mendapatkan komitmen pasokan minyak sebanyak 150 juta barel dari Rusia. Komitmen ini didapatkan usai pertemuan antara Presiden Prabowo Subianto dan Presiden Vladimir Putin beberapa waktu lalu.,anger
@USER @USER login pascabowo,love
https://t.co/M3sTOluiKE pak @USER gimana nih responnya?,sadness
@USER @USER Kapan bapak ini selesai menjabat? Abis itu ada sapaan dari kejaksaan gimana kabarmu?,love
@USER @USER Baiq,love
@USER Orang itu adalah PresideN PRABOWO SUBIANTO Presiden Omon Omon,anger
@USER Bukan kurang gizi Tidak jg butuh MBG Mereka hanya butuh sekolah gratis sampai perguruan tinggi Sebelum Prabowo jadi presiden Ayah dan ibu mereka tau makanan yg bergizi Sayangnya negara tidak pernah membuat mereka sejahtera Stop MBG program paling jadi TAIK tuuu,anger
@USER @USER Loh kok terus berlari ra mundur jadi 5000,fear
temen temen aku kaget keluarga aku kaget sahabat aku kaget mbg kaget firaun kaget jokowi kaget prabowo kaget semua kaget aku jd sohee yang ga kaget aldi taher mungkin kaget mungil,love
@USER Ini lokasinya di Istana Negara Jakarta di lorong sebelah utaranya ruang resepsi yg biasa dipakai buat pelantikan menteri/pejabat tinggi. Kalau dilihat daru warna karpet dan gordynnya berarti video ini diambil sebelum jamannya Presiden Prabowo berkuasa. Sekarang serba biru.,anger
@USER @USER @USER Tujuannya supaya videonya pendek dan menimbulkan multitafsir dan opini liar dalam masyarakat... #Ngik,love
Menyikapi arahan Presiden Prabowo Subianto kini makan bergizi gratis (MBG) diprioritaskan bagi wilayah dengan angka kemiskinan dan prevalensi stunting tinggi.,sadness
Prabowo Minta MBG Fokus ke Kelompok Prioritas Ini yang Bakal Dapat #prabowosubianto #terimakasihpakbowo #jagaindonesia https://t.co/cl9TU0CrT0,happy
@USER @USER @USER Sudah diresmikan 166 Sekolah Rakyat Gratis di 34 provinsi yang masih akan ditambah hingga 500 Sekolah Rakyat Gratis. Kalo kamu selalu punya makanan maka bersyukurlah karna tidak semua orang seperti dan jangan ganggu orang yg mau membantu mereka yg butuh makan termasuk melalui MBG,love
@USER @USER Percaya !!! Mungkin bisa 3.000 atau 2.000 Caranya gimana? Pokoknya ada,love
@USER bapak baik banget pikiran dan semangat utk Bangsa ini klau jadi presiden nah semoga skr semuanya di realisasikan aamiin,anger
@USER @USER Ini proyek Prabowo,love
Presiden Prabowo Subianto memanggil Kapolri Jenderal Polisi Listyo Sigit Prabowo di kediaman Hambalang Jumat 24 April 2026. Dalam pertemuan sekitar 1 jam tersebut dibahas beberapa hal terkait keamanan nasional dan kondisi umum situasi nasional. https://t.co/Rn6xMPvXxO,sadness
@USER saya ingin SPT ini dan direalisasikan full speed full power Insya Allah banyak perbaikan dan kemajuan bagi Bangsa Indonesia aamiin,love
Menyikapi arahan Presiden Prabowo Subianto kini makan bergizi gratis (MBG) diprioritaskan bagi wilayah dengan angka kemiskinan dan prevalensi stunting tinggi.,sadness
Prabowo Minta MBG Fokus ke Kelompok Prioritas Ini yang Bakal Dapat #prabowosubianto #terimakasihpakbowo https://t.co/CntY6zUMTa,happy
@USER dadan tol0l prabowo tl0l semua pihak yg ikut campur dan pernah nyicip duit mbg sedikit pun semoga cepet sengsara karena ya pasti bakal sengsara si cuma gw minta dicepetin dilamain aja durasinya sampe mereka m4ti,happy
 Rp633 JUTA PER BULAN cuma buat ZOOM? Itu setara 42.200 porsi makan bergizi gratis buat anak stunting setiap bulan! BGN bilang enterprise buat 50.000 peserta tapi rakyat lagi bayar pajak buat gizi bukan buat Zoom VIP. @USER Tolong audit transparan &amp; jelasin detail,anger
@USER @USER @USER Kerajaan Sie #kerajaansea #seabank,love
@USER @USER @USER Mohon atensinya bg @USER,love
@USER JENDRAL PECATAN @USER DIDUKUNG ORANG PEMALSU IJAZAH @USER . INI NEGARA DIKELOLA ORANG YG GK PAHAM PERJUANGAN PENDAHULUNYA. ASAL TEMAN2 MEREKA KUMPUL DIKABINET.,anger
@USER postingan orang biadab loe anggap semua yg pilih Jokowi tolol padahal anis ganjar kgk menang dan tanpa campur tangan jokowi prabowo kgk menang berarti yg goblok siapa anjing loe bangsaaat jancukk,anger
Lahan zona pertanian pangan pada peta gistaru desa Ngemplak Kecamatan Kartasura Kabupaten Sukoharjo provinsi Jawa Tengah didirikan bangunan apakah diperbolehkan Pak? peta Gistaru itu gunanya untuk apa Pak ? @USER @USER @USER BBCA https://t.co/DupseoPhBs,fear
Kementerian Energi dan Sumber Daya Mineral (ESDM) menyampaikan Indonesia mendapatkan komitmen pasokan minyak sebanyak 150 juta barel dari Rusia. Komitmen ini didapatkan usai pertemuan antara Presiden Prabowo Subianto dan Presiden Vladimir Putin beberapa waktu lalu.,anger
@USER @USER dahsyat,love
@USER @USER @USER,love
Persamaan Soedirman dan Prabowo Soedirman = jenderal BESAR Prabowo = bacot BESAR Pagii Klok Kokumi Chatime https://t.co/SNoRjJC45r,sadness
MATAANEEE EDAANNN TEMENANN BAGUSSS BANBET GILAA ANJIRRR. prabowo harus baca.,anger
@USER @USER @USER 2 kata lucu. prabowo ngerp,love
@USER Berani ngusik iparnya prabowo,happy
Selagi prrsidennya Prabowo gak bakalan bangun jembatan. Prabowo lbh memilih MBG. Proyek ompak2an tanpa bisa diaudit. @USER @USER @USER @USER,sadness
@USER @USER Klo pilihan semua salah nggak ada bang,fear
Istana menjadi ruang belajar! 🇮🇩 Ratusan pelajar dari SMAN 2 Jakarta SMP Negeri 60 Jakarta dan mahasiswa Institut STIAMI berkesempatan mengenal lebih dekat pusat pemerintahan melalui program Istana untuk Anak Sekolah inisiasi Presiden Prabowo Subianto pada Selasa https://t.co/a0axA9B3cF,anger
 Presiden Prabowo menginginkan bahwa hilirisasi tidak hanya di bidang energi dan mineral tetapi juga harus diperluas di bidang pertanian katanya Teddy dalam keterangan akun Instagram Sekretariat Kabinet.,sadness
Janji ini akan di ucapkan @USER 2029 saat dilantik gantikan @USER,sadness
 Terima kasih Bapak Presiden @USER atas arahan terkait percepatan hilirisasi dan penguatan program prioritas Danantara hari ini di Hambalang kata Rosan.,happy
Momen pertemuan itu diunggah Rosan dalam akun Instagram resminya Jumat (24/4/2026). Terlihat keduanya bertemu di dalam sebuah ruangan. Prabowo dan Rosan tampak duduk berhadapan. Keduanya terlihat membaca dokumen di meja.,anger
Presiden Prabowo Subianto menggelar pertemuan dengan Menteri Investasi dan Hilirisasi/Kepala BKPM Rosan Roeslani di kediamannya di Hambalang Bogor Jawa Barat. Prabowo memberikan instruksi mengenai percepatan hilirisasi dan penguatan program prioritas Danantara.,fear
Prabowo Bertemu CEO Danantara di Hambalang Bahas Percepatan Hilirisasi #prabowosubianto #Terimakasihpakbowo #jagaindonesia https://t.co/loESvX7HNx,sadness
Presiden Prabowo panggil Kapolri dan Mentri hilirisasi ke Hambalang! ___ Pagii Rebahan Keluarin Chatime Pisah Klok https://t.co/vZqt2xHmOm,sadness
@USER @USER @USER Masalahnya klo gak ada tumbal kasusnya nanti langsung berbelok ke geng solo,love
@USER @USER @USER Merekayasa dan memelintir ceramah hanya untuk menjatuhkan @USER https://t.co/d66fnxy0gL,fear
Pak Presiden @USER Segeralah Bertindak Jangan Terlambat Rakyat Yang Menanggung Semua Ini Bukan Anda Dan Kroni² Anda Jangan Menunggu Rakyat Marah‼️ https://t.co/JIdoVB9Yx5,anger
@USER Indo mah ikut semuanya. Pengen foto foto prabowo ama president lain biar keliatan kalo dia president Indonesia. Cita cita 20 tahun cuy....,love
@USER @USER did not condemn Israel for killing his soldiers. The great nation of Indonesia was underestimated by Israel.,happy
@USER @USER @USER Baru tau aq klo Indonesia itu kerajaan macan lancia,love
@USER @USER @USER @USER @USER @USER @USER @USER @USER @USER @USER Sklh rakyat ini cm buang2 duit aja buat jd DALIH MBG,love
@USER @USER @USER @USER Takut https://t.co/wp47Y9Lneq,fear
Janji yang di tepati. Saat 2013 kritik banyak nya pejabat studi banding keluar negeri. Saat jabat... Presiden Prabowo buktikan kebijakan efesiensi anggaran. Keren nya Presiden Indonesia 🇮🇩 https://t.co/ESdgWNXksM,sadness
@USER @USER Ngatur pilihan orang deh Lu juga ga mau pilih Prabowo karena ga suka dia pelanggar HAM kan?,anger
Jangkauan yang luas dari koperasi desa merah putih menunjukkan bahwa upaya pemerintah untuk memberikan manfaat ekonomi sangat jelas. Ayo dukung! #kdmp #koperasidesamerahputih #indonesiamaju #prabowo #astacita https://t.co/NAkPJXPzPq,love
@USER @USER @USER @USER,love
@USER @USER @USER @USER mari dibaca.,love
@USER @USER,love
@USER @USER @USER Ada bukti penutupan? ada bukti tindakan langsung bahkan kasus nya bulan Januari 2026 prosesnya di bulan Maret-April apakah ditutup jelas dari sini ada niat mengurangi populasi masyarakat kn atau anda mendukung itu agar kebagian lahan sauwit ,fear
@USER @USER @USER @USER @USER Ga ada yang bahas masalah suara yang gua pertanyakan adalah sampe detik ini kerjanya becus ga? Wkwkwkwk,love
@USER @USER @USER Semangat Mas Ibam semoga dibaca sama Pak @USER dan mau membenahi @USER agar kasus seperti ini tidak terulang lagi.,love
@USER @USER Ngeri emang mainnya termul,fear
@USER @USER @USER @USER @USER @USER Kita tdk bicara berhasil yg saya sampaikan proses daripada kritisi dari luar tapi kita tdk tahu masalah apa di dlm,love
@USER @USER @USER @USER Abis nonton yutub ferry ttg mas ibam. Bener bener sedih dan ikut kemaki juga.,love
@USER @USER @USER @USER @USER @USER Dr dulu putri tdk tertarik investasi beginian setiap masuk ke Bank BNI slalu di tawarin ,love
@USER @USER @USER Emang gada isi kepalanya mereka itu,love
@USER @USER @USER @USER @USER @USER LAGI LAGI OKNUM,love
@USER @USER TerMul berharap banget Prabowo dilengserkan lalu naik fufufafa menggantikan Presiden.,happy
@USER sebaiknya akun bpk jangn kasih admin saja. Pantesan gak tau kondisi bawah.,anger
@USER @USER Kalau cuma bandingin angka doang emang kelihatan parah tapi situasinya lagi banyak faktor.,anger
@USER @USER @USER @USER @USER @USER @USER Sebutkan orang yang berhasil memperbaiki dari dalam di rezim sekarang,love
@USER @USER @USER Godspeed for you guys ️,love
@USER @USER @USER @USER @USER Sampai hari ini aku gak yakin kalau kedua lembaga tersebut berani menyentuhnya ️,love
YANG BENER AJAA PRABOWO,anger
@USER @USER @USER @USER Masalah sebenarnya adalah kalian menganggap pak prabowo itu dibawah kendali pak jokowi. Itu masalahnya,love
@USER @USER @USER @USER Kalo sdh lapar mana bisa sabar,love
@USER @USER Gak cuma kita kok mata uang lain juga lagi pada turun lawan dolar,anger
@USER @USER @USER @USER @USER BGN sudah menjadi super body yg untouchable dan presiden sendiri yg konon selalu melakukan kros cek atas data dan info yg disajikan toh sampai hari ini terkesan merestui segala sepak terjang BGN yg nyata di depan mata menghamburkan uang negara.,love
@USER @USER @USER @USER Bismillah. Mbak Ririe Mas Ibam keluarga kami berdiri di belakang kalian Bayangin: ninggalin gaji gede di luar negeri pulang bantu digitalisasi anak Indonesia. Hasilnya? Dituntut 15 tahun + Rp16 9 Miliar (22 5 tahun total) padahal TIDAK ADA aliran dana ke dia.,love
Innalillahi wa innailaihi rojiun ndut liat ndut @USER,sadness
@USER @USER Tanpa dampak ke siswa jg menu makanan dan kualitas gak naik2.,fear
Nak wes muleh tak rampong ne iku @USER https://t.co/yJIPZ8AvIR,sadness
@USER Sejarah mencatat keris Mpu Gandring selalu hadir di TKP menancap ditubuh korban Kok bisa ijazah absurd @USER bisanya mangkir dipersidangan tp tetap mencabut hak kebebasan rakyatnya @USER,love
prabowo mengomentari kelakuan pascabowo,sadness
Desa Jintung Kecamatan Ayah CC: @USER Ora arep CC Prabowo Bupati Kebumen Sugih koo https://t.co/JkzjKzO61C,sadness
berharap prabowo lebih baik dari jokowi tuh termasuk perbuatan mengundi nasib.,sadness
@USER kerjaan siapa ini? @USER,love
@USER @USER @USER Setiap kunker LuarNeger Adek &amp; putri nya(Rahayu) selalu ikut. Terutama ke Amerika &amp; Perancis.,love
Melalui BUMDes Bangun Desa Bangun Indonesia @USER @USER @USER @USER @USER https://t.co/5LKcxaWjU0,fear
@USER LAPORAN PENTING... Ini kerjaan baru... Melindungi mengayomi menafkahi rakyat mu... SEGERA BERTINDAK... ACTION.... Cepat.,anger
@USER @USER @USER @USER @USER @USER Ada apa dengan BNI,love
@USER @USER Sekarang lagi banyak duit balik ke US makanya dolar makin kuat,anger
Ini merupakan kali kedua Rosan menghadap Prabowo dalam sepekan. Sebelumnya pada Selasa 21 April 2026 yang lalu Rosan juga menghadap Prabowo di Istana Kepresidenan Jakarta Pusat. Kala itu dia melaporkan realisasi investasi kepada Prabowo.,sadness
 Terima kasih Bapak Presiden @USER atas arahan terkait percepatan hilirisasi dan penguatan program prioritas Danantara hari ini di Hambalang ujar Rosan dikutip dari unggahan di Instagram resmi @USER Jumat (24/4/2026).,happy
Dalam pertemuan itu pria yang juga merupakan CEO BPI Danantara itu mendapatkan arahan dari Prabowo soal percepatan hilirisasi dan penguatan pada sejumlah program prioritas yang tengah dijalankan Danantara.,anger
Menteri Investasi dan Hilirisasi/Kepala BKPM Rosan Roeslani menghadap Presiden Prabowo Subianto di kediaman pribadinya Hambalang Bogor Jawa Barat hari ini.,fear
Di Hambalang Prabowo Kasih Arahan Khusus Soal Hilirisasi ke Rosan #prabowosubianto #terimakasihpakbowo #jagaindonesia https://t.co/2ubJRNPv6c,sadness
Menjadi dosen memang merdeka pk @USER tapi jika ingin benahi hukum yg saling tindih memang hrs masuk kedlm dg konsekuensinya.Kelebihan ASN tdk bisa dipecat beda sama swasta.Argumentasi hukum hrs jelas Cc @USER @USER @USER @USER @USER,love
@USER @USER Enak aja cuma dipecat. Dikandangin dulu 15 th.,fear
@USER @USER @USER Don't be tolol like most brainless Indonesian it's so embarrassing. Your comment shows how low your IQ. Our country already established itself as a non-aligned country since independence in 1945. that doesn't want to be involved in war with anyone or take sides with anyone.,love
@USER Coba om @USER coba diperhatikan masalah ini jgn cuma dapat laporan ABS,anger
prabowo tidur besuk jilat aseng,sadness
@USER @USER @USER @USER Cuma bs bantu repost kak semoga gusti Allah buka kan bobrok nya mereka semua di khalayak,love
Ada pula sosok Kapolri Jenderal Listyo Sigit Prabowo yang secara konsisten membuktikan bahwa dirinya adalah tipe pemimpin yang lebih banyak bekerja ketimbang bersuara. Peningkatan citra dan kinerja Polri dapat dirasakan langsung dampaknya oleh masyarakat luas.,anger
Memang di awal pemerintahan Presiden Prabowo Subianto masih ada pekerjaan rumah di sana-sini. Namun objektivitas menuntut kita untuk melihat prestasi besar yang sedang dicetak ,sadness
Pendekar Prabowo: Ketika Kerja Nyata Bersuara Lebih Nyaring #prabowosubianto #terimakasihpakbowo #jagaindonesia https://t.co/R0h9oTyGYg,sadness
@USER @USER @USER Yang penting loyal kepada Prabowo. Habis perkara.,love
Padahal lagi nyindir Trump sama Prabowo lah kok yang nimbrung suporter bola ,anger
Boyolali Sarjo 50th penyandang disabilitas yg sehari2 memulung barang bekas serta berjualan pakaian bekas skrg terbantu program SEKOLAH RAKYAT anak2nya bisa bersekolah dan tinggal di asrama scr gratis.. Ane minta diperbanyak inih Sekolah Rakyat ini.. @USER @USER https://t.co/TGDfZ9tice,sadness
@USER Wajar kl @USER frustasi Ini gambarkan Prabowo ga tahu skala prioritas Usul SmartTV pdhl bnyk sekolah yg kondisinya msh memprihatinkan Dan sialnya lg dr menteri smp KaBIN lapor ke Teddy Jd jangankan rakyat dgn presiden Presiden dgn menteri sj tdk ada komunikasi,anger
@USER @USER Innalillaahi wainna ilaihi roji'uun Allaahummaghfirlahu warhamhu wa'afihi wa'fuanhu wawasi'madkholahu wa akrim nuzulahu Aamiin yaa Robbal'aalamiin ,happy
@USER @USER @USER Tetap semangat ya mbak. Kebenaran akan menemukan jalannya Amin ,love
@USER @USER @USER Tapi kalo mundur repot juga... Masalahnya Gibran bang wakilnya ,love
Wok Prabowo temuan netizen https://t.co/2eS7KBvZlH,sadness
@USER @USER @USER Silahkan pak ceo MBG. Waktunya jadi pahlawan Pak ,fear
@USER @USER @USER @USER Cok lucu tenan siapa yang gak bangga liat bangsa sendiri maju berkembang contoh hal kecil liat perjuangan timnas berjuang buat pildun aja bangganya bukan main. Framing lu basi murahan Negara dengan koruptor yang tidak ditindak tegas emang negara korup. Suk ternak buzzer. ckck,love
@USER @USER Bener turun harga rupiah dimata orang asing ,anger
soon si babi prabowo nyusul BUT ABSOLUTELY STRAIGHT TO HELL! https://t.co/VXfbiRXItZ,anger
@USER @USER @USER @USER superwok bangun superwok,love
@USER @USER @USER @USER @USER @USER Nasabah dibikin resah.,love
@USER @USER @USER GK bkl d dnger https://t.co/kun0FxceBR,fear
@USER Ya gak nyambung dodol JK juga bukan ketum partai th 2012 itu. JK ketum partai golkar periode 2004 2009. Malah saat pilpres 2014 - dia pasangan dg jokowi partainya dukung Prabowo Hatta. Jadi ternak jokowi memang mesti guoblok sih ya.,anger
@USER @USER Tuk 1$ hrs ngumpulin sekarung rupiah.tak berharga bngt.,anger
@USER @USER Terlalu banyak janji rakyat tidak makan janji tapi nasi.,fear
@USER @USER @USER @USER @USER @USER @USER @USER @USER @USER Bnyk bro,love
@USER @USER @USER Yg sibuk fitnah sana sini ujannya kaum elo,anger
@USER @USER @USER @USER @USER @USER @USER @USER @USER Salah lagi.... seperti trump yang memang idiot yang goblok adalah maga pemilihnya. Sama halnya disini 02 (dan menyusul 01 krn sebenarnya 1 dna) tanpa mereka wowo cs cuman seonggok pecatan yg kabur jadi antek jordan. Tapi ini adalah demokrasi loreng. Beginilah konoha beriman,love
Entahlah kenapa Pak @USER masih mempertahankan beliau. Rapat daring Rapat online berkualitas membutuhkan kamera mikrofon pencahayaan dan laptop yang mumpuni agar komunikasi lancar. Tapi lisensi Zoom meeting kok jd semahal itu?! 5M?! Seriusan gaes?!,sadness
@USER @USER Betul! Polanya kebaca: setelah gaduh soal ijazah sekarang 'Termul' coba adu domba umat Kristen dengan Pak JK. Ini jahat banget.,anger
@USER adl yg gw dukung di 2014 dan 2019. Pascabowo @USER @USER @USER adl pemuja garis keras jokowkwkwk #FufufafaBencanaNasional,love
Presiden Prabowo Subianto memanggil Kapolri Jenderal Polisi Listyo Sigit Prabowo di kediaman Hambalang Jumat 24 April 2026. Dalam pertemuan sekitar 1 jam tersebut dibahas beberapa hal terkait keamanan nasional dan kondisi umum situasi nasional di berbagai sektor strategis. https://t.co/TvuPoKiKgs,sadness
@USER @USER 3 periode tah..? Mang sampe,fear
Mohon perhatiannya Mr. President @USER,sadness
@USER Dia dulu yang bilang kalo Prabowo kepilih gaji guru honorer minimal 2 juta kan? Bacot anjing!,anger
Ini merupakan kali kedua Rosan menghadap Prabowo dalam sepekan. Sebelumnya pada Selasa 21 April 2026 yang lalu Rosan juga menghadap Prabowo di Istana Kepresidenan Jakarta Pusat. Kala itu dia melaporkan realisasi investasi kepada Prabowo.,sadness
 Terima kasih Bapak Presiden @USER atas arahan terkait percepatan hilirisasi dan penguatan program prioritas Danantara hari ini di Hambalang ujar Rosan dikutip dari unggahan di Instagram resmi @USER Jumat (24/4/2026).,happy
Dalam pertemuan itu pria yang juga merupakan CEO BPI Danantara itu mendapatkan arahan dari Prabowo soal percepatan hilirisasi dan penguatan pada sejumlah program prioritas yang tengah dijalankan Danantara.,anger
Menteri Investasi dan Hilirisasi/Kepala BKPM Rosan Roeslani menghadap Presiden Prabowo Subianto di kediaman pribadinya Hambalang Bogor Jawa Barat hari ini.,fear
Di Hambalang Prabowo Kasih Arahan Khusus Soal Hilirisasi ke Rosan #prabowosubianto #terimakasihpakbowo #jagaindonesia https://t.co/rRqRDW0lQi,sadness
Yearite handsome ini mah suami bule yang mau dibotakin istrinya kalo Prabowo menang,sadness
@USER Prabowo,sadness
@USER @USER Gue perhatiin sama poto yg sok2 imut yg lagi viral belakangan ini dia menggendut bgt ya dari abis pelantikan,love
@USER @USER Kebanyakan ngehalu,love
@USER Baca lagi tuk @USER,love
Iran dakwa sebahagian besar peluru berpandunya belum digunakan dalam perang dengan AS #BHdunia Jurucakap Kementerian Pertahanan Iran mendakwa tentera negara itu mengekalkan kelebihan sepanjang konflik dengan AS. https://t.co/oLt16S0Ak7,sadness
Laporan medis Netanyahu menyebutkan bahwa penjahat perang itu menjalani terapi radiasi untuk kanker prostat stadium awal. @USER @USER https://t.co/Bd0ILh5ioq,fear
@USER Ga ngerti kenapa akun cenblu malah bikin perang gender gini. Itu awalnya mas yg korban ngomong sini lo turun ke si boti makanya si mba juga teriak nyuruh keluar kebetulan videonya mengarah ke korban kesannya nyuruh korban keluar aslinya emang 2 2 nya diminta keluar.,anger
Warga di Khan Yunis telah membuka kembali pusat kebugaran yang sebagian hancur akibat perang memperbaiki peralatan yang rusak untuk menciptakan ruang latihan sederhana. Pemilik pusat kebugaran mengatakan keputusan untuk membangun kembali didorong oleh kebutuhan daripada https://t.co/lZKkUPfF7k,sadness
Gaza kembali merayakan pesta pernikahan massal Thaub Al-Farah 2 (pakaian kebahagiaan) pada Jumat (24-4-2026) yang melibatkan 300 pengantin pria dan wanita mengembalikan suasana kebahagiaan bagi warga Gaza meski di tengah duka kesulitan dan kehancuran perang. @USER https://t.co/bvQMVMNLil,sadness
terlalu iconic di iwo jima makanya dicasting terus buat setting perang ,sadness
@USER Lalu di jawab kakak MBS tunjukkan ijazahmu pasti perang selesai ,fear
@USER Ini termasuk sewenang-wenang kapal PERANG AS di belawan kesewenang-wenangan presiden menjual kedaulatan Laut ke AS @USER @USER @USER https://t.co/rTIs9zZBBZ,fear
@USER @USER LCS udah dikuasai China kalau selat Malaka diserahkan ke Amrik ya bakal perang,anger
Perang terosss,anger
@USER @USER Berdasarkan mandat PBB Blue Zone tetap berlaku tetapi fungsi perlindungannya hilang saat perang terjadi. Wilayah tsb berbahaya bagi UNIFIL maupun warga lokal. Logisnya kita bisa menarik pasukan dari blue zone. Kalo gak ditarik korban prajurit kita akan terus berjatuhan.,love
@USER selamat beristirahat habis perang mou,anger
Perang sedang terjadi. Krisis energi banyak melanda negara luar. Ketersediaan migas dlm negara aman krn Presiden punya hubungan baik dg banyak negara. Pantas Anak Wabah susah sembuh nya dari hipnotis. Karena pentolan Anak Wabah bersama kaum pecatan terus framing membodohi. https://t.co/14mmz5F1NZ,anger
@USER Udah turun sih sekarang sebelum perang meletus bahkan lebih dari 3jt tu antam,sadness
@USER dah siap perang....,anger
@USER @USER perang agama ajalah blum tentu masuk surga smua aja ribet amat smua agama benar dan akan masuk surga menurut pengikutnya sdh beribut aja terus kayak persija sma persib wasitnya mui,love
Iran dakwa sebahagian besar keupayaan peluru berpandunya 'belum digunakan' dalam perang dengan AS #SHGlobal Jeneral Reza Talaei-Nik berkata sebahagian besar keupayaan peluru berpandu Iran masih belum digunakan #SinarHarian #global #perang #Iran #AS #Israel,sadness
#BBCA sudah dari desember 2025 sebelum ada perang blablabla... saya sudah ingatkan di posisi ini.. #indonesia sekarang dengarkan dan follow akun saya saya kasih insight yang belum orang pernah kasih... https://t.co/BUkKJaPGoX,anger
@USER MENHAN KONOHA KEMANA . . KAPAL PERANG ITU LEWAT SUDAH BAYAR KARCIS MASUK KAH .. KONOHA KAN DI KENAL SBG NEGRI SARANG PENYAMUN ADA DUIT URUSAN LANCAR https://t.co/9PUdbyzgmG,love
genosida umat Islam dan yahudi di Andalusia tahun 1300-an sampai 1500-an mgk sekitar 2 jutaan Umat Muslim terbunuh oleh Katolik. Inkuisisi berdarah yang diajarkan Injil Perang salib pertama dipicu Paus Urbanus II pada 27 Nov 1095.Banyak Muslim terbunuh belum perang timur tengah,fear
@USER genosida umat Islam dan yahudi di Andalusia tahun 1300-an sampai 1500-an mgk sekitar 2 jutaan Umat Muslim terbunuh oleh Katolik. Inkuisisi berdarah yang diajarkan Injil Perang salib pertama dipicu Paus Urbanus II pada 27 Nov 1095.Banyak Muslim terbunuh belum perang timur tengah,fear
pembebasan termasuk perang di jalan Allah ). Terjemahan fitnah sebagai penindasan dibenarkan karena istilah ini digunakan untuk semua bentuk gangguan yang dapat menyesatkan manusia dan membuatnya kehilangan nilai-nilai spiritual (Lisan al- Arab). ¹⁶⁹. Rujukan pada,sadness
vote di mnet+ berasa perang ajg ,sadness
Kenapa kalo pas tidur siang mimpinya tuh aneh-aneh kalo gak kematian perang dan bencana,sadness
@USER Mending semua pejabat kirim ke gaza aja biar ngrasain perang... negara biar rakuat aja yg kelola...,anger
Iran udah loyo ukhti akhi. klo masih punya stock duit &amp; senjata ngapain presidennya ngemis² ke garda revolusi minta perang berhenti. ,anger
Rakyat Palestin mengundi dalam Pilihan Raya Perbandaran pertama sejak perang Gaza #BHdunia Pilihan raya itu berlangsung dalam keadaan pilihan calon yang terhad dan ramai rakyat dilihat kecewa dengan situasi semasa. https://t.co/V9Ijn4jtmZ,sadness
@USER @USER @USER SG ga bisa bikin senjata sendiri. Indonesia bisa bikin kapal perang nanti KAAN PT PAL dan PT DI udah matang. Coba lihat UAE dan negara teluk punya manan canggih barat cuma buat pajangan untuk dihantam rudal buatan Iran. Kita bisa upgrade roket RX jadi rudal balistik btw,love
@USER @USER Jd kemaren perang yg menang siapa ya dej,anger
@USER @USER @USER Pemberontakan tentu ada seperti pada Perang Tondano I dan Perang Tondano II tetapi Minahasa cepat dinetralisir karena adanya juga conflicts of interest antara para ukung maupun antara para sub-suku.,anger
@USER okeee aku sama igoy tungguin kamu di medan perang.,love
Diplomasi Gagal Perang Sampai Kapan? https://t.co/ns981QsnHB via @USER,sadness
ini kok gak nyambung ya. kalian ini yang apa2 dikaitkan jadi perang gender apa ga pernah bersosialiasasi sih? kayak orang yang tau hidup dalam sosmed doang. kayak kaitan hidup ga ada pertimbangan lain misalnya faktor ekonomi kek semua nyambungnya ke gender. astagaaa gusti.,anger
@USER itu cm kek tes fisik doang bjir kek anggaplah olahraga bukan kek perang mau masuk tni wkwkwk,anger
GUYS ini bukan drama biasa. Ini perang dalam di Kemenkeu yang bikin negeri kita sakit beneran Bocoran kas negara cuma 3 minggu 40 perusahaan China under-invoicing + diduga ada oknum dalam yang lindungin Menteri tanda tangan e-sign kebijakan yang dia sendiri baru tau,anger
Mungkin Amerika Serikat sudah mengantisipasi untuk mengawasi 3.000 kontainer milik Iran yang akan dikirim via darat dari Pakistan yang diduga berisi amunisi perang/militer. Blokade laut udara darat oleh Amerika terhadap Iran akan membuat Iran menyerah.,sadness
@USER Salah siapa? Ya rasanya salah kokowi kaka. Wong perang iran vs us juga salah kokowi.,sadness
@USER @USER @USER Iya bang benar emang lbh oke afgan kok dr indonesia di afgan mah cwokk cwoknya jd taliban perang mati sahid di indonesia mah rebahan main x yaping di afgan mah perang laki banget disini cewek mah wara wiri ke mall kmnamna di afgan mah di atur bang pokoknya mah enak di afgan,love
Minyak g naik banyak karena perang setelah itu banyak pabrik yang meledak dalam bulan ini sebuah kebetulan wow jika anda berfikir itu sebuah kebetulan anda sangat luar biasa jadi kita akan dipaksa lockdown part 2 akibat krisis minyak,anger
Di Jakarta saat fajar Wakil Duta Besar 🇦🇺 Gita Kamath bergabung dengan anggota angkatan bersenjata 🇦🇺 🇳🇿 &amp; 🇮🇩 untuk upacara #AnzacDay memperingati personel militer 🇦🇺 &amp; 🇳🇿 yang telah bertugas di masa damai dan perang. #LestWeForget. https://t.co/T3wuL7hOvq,sadness
@USER asik mulai pada perang sendiri2 ,anger
Di Jakarta saat fajar Wakil Duta Besar 🇦🇺 Gita Kamath bergabung dengan anggota angkatan bersenjata 🇦🇺 🇳🇿 &amp; 🇮🇩 untuk upacara #AnzacDay memperingati personel militer 🇦🇺 &amp; 🇳🇿 yang telah bertugas di masa damai dan perang. #LestWeForget. https://t.co/rQY077hrmQ,sadness
@USER @USER Tapi dia PM yg paling banyak perang. Netanyahu+Trump itu kombinasi yg mematikan,anger
@USER Loh dia jauh lebih munafik lho Menaikan harga ehem alih alih perang,sadness
@USER Iyaa aku semangat sambil ga sabar gesa perang sama efendi,love
● TRUMP Mungkin Akan Menanggung Konsekuensi Lebih Besar Dalam Perang Dengan Iran Menurut Senator Chris Murphy Penolakan Trump Untuk Mengakhiri Perang Akan Memperkuat Kendali Iran Atas Selat Hormuz dan Mempertahankan Harga Energi. https://t.co/FBB5aHxqrG,sadness
Pak Pur bisa bicara apa saja tentang ekonomi. Tetapi ia hanya tidak mampu menjaga kurs rupiah. Lalu perang Asia Barat dijadikan alasan padahal negeri jiran mata uangnya kokoh. Ayo Pak beresi kemelut!,sadness
@USER Waktu bangun berasa lagi di zona perang mungkin saya masih trauma,sadness
Lokasi persembunyian pejabat Israel selama perang berlangsung.,anger
@USER @USER Hahaha bayangin aldi taher masuk ke dunia naruto kykny pas perang dia bakal bilang kyk gitu deh,love
@USER Pasti itu lagi perang batin ma logika otak. Isinya ini klo ku pegang tangannya boleh ga si? Ini kalo ku cium brutal aman kan ya? ,anger
https://t.co/CBVooWZGjH Kelakuan penjahat terkutuk musuh manusia waras sedunia. Gara2 pembunuh ini perang dunia 3 bisa terjadi. Lucu dan gilanya ada saja buzzers pendukungnya yg gila dan goblok setengah mati.,sadness
Ini nenek dulu sebelum perang dunia ke 3,sadness
Di masa depan film dokumenter mengenai kegilaan Amerika Serikat dan Israel dalam perang Iran akan sangat epik.,sadness
Itulah sebabnya dia begitu bengis dan gemar melakukan pembantaian terhadap warga Palestina intinya semua ini hanya pelampiasan akibat sakit yang selama ini dirasakannya. Kendati demikian saat perang berlangsung dia lebih memilih untuk bersembunyi ke dalam bunker yang terletak https://t.co/9ZDxNLnUms,sadness
Indonesia Kutuk Keras Israel atas Gugurnya Praka Rico Pramudia Anggap sebagai Kejahatan Perang https://t.co/15vXp9VxST,sadness
@USER Dampaknya sangat mengerikan klo Raksasa Nuklir Dunia sampai perang https://t.co/ZE1Z5RN2Wh,sadness
Breaking !! Penumpukan terbesar Armada Perang AS sejak Perang Irak sekarang sedang berlangsung di Timur Tengah AS bersiap untuk putaran perang lagi dengan Iran Kemarin 25 pesawat pengisi bahan bakar dan pesawat angkut militer AS mendarat di Tel Aviv https://t.co/o30fsEenBZ,sadness
mari perang dengan laporan bulanan akhir ,anger
Inilah alasan mengapa Iran begitu optimis untuk menghadapi skenario perang berikutnya selama 40 hari bertempur melawan koalisi AS dan zionis belum banyak stok rudal yang dikerahkan oleh Iran namun hasilnya mampu membuat AS kedodoran. Pada perang sebelumnya Iran hanya https://t.co/BpSSVPpVj0,sadness
Mendengar dan menyerap banyak cerita luar tanpa rasa kritis jg bikin kita disetir emosi dan populasi. Contoh : membaca hoax di medsos ikut perang gender. Tolong ya udah tua. Sukanya kok dikasih makan informasi kalau salah kita ikut luruskan.,anger
@USER W punya kawan org lebanon dia crita hidupnya skrg ketar ketir mau pergi dri negaranya jg gimna soalnya kluarga di sna. Hidup berat tabungan lama2 terkuras akibat perang pdhl sm lokasi perang lumayan jauh. Gaji dia 12jt/bulan ttp g bikin dia secure,sadness
@USER Nah ini kalo hobi perang beda lagi nih wak,fear
@USER @USER @USER Taiwan juga malah buku panduan menghadapi perang DRI pemerintah aj udah disebar DRI Thun kemarin,love
@USER @USER @USER @USER @USER @USER @USER @USER @USER @USER @USER @USER @USER @USER @USER @USER @USER @USER @USER @USER @USER @USER @USER @USER Mgkn maksudnya nafsu wikwiknya yg besar soale tiap ada rampasan perang maka 32 tawanan wanita harus disisihkan sebagai JATAH TAIHAN utk memenuhi aspirasi urusan Selangkangan doi.. Saat disalif mewek minta ditemenin Bapanya giliran ada rampasan wanita.. GAGAH PERKOSA doi https://t.co/WDZCbsPRla,love
Senang bergabung dengan keluarga tentara 🇦🇺 yang gugur di 🇮🇩 timur &amp; tamu lainnya di upacara #ANZACDay di Ambon di mana 1.000+ 🇦🇺personil dibaringkan selama Perang Dunia II. Saya menghormati anggota ADF yang terus menghadapi situasi berbahaya di seluruh dunia. #LestWeForget https://t.co/2aQfhdCi5a,anger
@USER @USER @USER Lebih beban hinata ga sih yg cuma modal naruto-kun trs jadi layang2 pein eh habis itu diobatin sakura bahkan pas perang ada mayat neji di depannya eh malah cuma mikirin naruto,fear
Si KB 1 M itu siapa sih.. Dikira jalanan serdam punya dia kah. Dikira di sabtu pagi yg hujan ini cuman dia kah yg terburu buru... Sagala pake pengawas kah pengawal tadi. Kelasonnya pun melebihi ambulan.. Bukan juga pegi perang.. sabar sabar. Jalan juga lagi ng rame pun.,sadness
@USER @USER @USER Laki yg di TKP aja malah pada bentak si korban wkwkwk. Di Twitter bukannya speak up malah mancing perang gender.,anger
@USER Anda mengatakan anda yang menghentikan perang itu adalah kebohongan. Justru anda yang memulai perang ilegal anda,anger
Belum sehari toky didunia tapi lu udh menciptakan perang antar mascot,anger
@USER @USER karena ingin menjalankan bebas aktif SE aktif. Aktifnya tentara kembali jadi korban Israel yg justru dilindungi lua biasa semoga saja ga lanjut lagi 2 periode atau jangan ada lagi presiden tanpa wawasan kenegaraan hanya tau wawasan perang karena ga ada lagi,anger
@USER Bojan bilang tekanan ada di lawan cuma psywar kawan2 ya itu perang urat saraf ,anger
Perumpamaannya kurang tepat... Pertumbuhan &gt; 5% iyu bukan perkara gelas setengah penuh dalam situasi diujung perang dunia yg mengembargo supply chain semua negara yg msh bisa tumbuh adlh neg tangguh... Hanya kesombingan yg tak mau mengakuinya atau blm mendpkan kue pertumbuhan,anger
@USER @USER Loh tradisi scalping sebagai ritual perang first nation sih ya emang ada sebagaimana semua kebudayaan di dunia punya tradisi brutalnya masing2. Yang jadi perhatian adalah kamu langsung menyodorkan trivia ini untuk merespon pada kolonialisme puritan ke mereka ,love
Lanjut Perang atau Damai Iran https://t.co/JIcWlJY9FE,sadness
Sekarang kita ga lagi perang senjata tapi perang ekonomi ideologi dan pemikiran.,sadness
@USER Ceplos ceplos buat-buat buta bisu pekak pulak panglima perang @USER rentung kena bakar. Masa pemilihan jilat kemain Naratif gagal menembusi audiens ke? @USER @USER @USER @USER @USER @USER Dato @USER @USER https://t.co/AvnjLRygNX,fear
@USER Ngapain latihan perang dari mulai masuk sampai jadi tentara! Klo Cuma hanya ngurusin koperasi!! Jadi Indonesia Bubar...,anger
murid ranking 35/36 ditanya cita-cita: kau mau jadi apa? apa cita2mu? tentara pak TNI ya belajarlah kau jd tentara kan ga kuat fisik aja hrus pintar juga to? hitung jarak susun strategi. klo pelajaran pun gk bisa kek mana mau perang kena tembak lngsung mati nanti gitu? ,anger
@USER Kadrun bilang Amerika udah kalah perang. Kadrun bilang AL Amerika udah diusir,anger
@USER Rest in peace. Gak ada rencana penarikan pasukan TNI dari UNIFIL kah? Lebanon sedang dlm zona perang gak ada lagi zona Blue Line.,anger
@USER Selama ini tak satu pelurupun meledak di negara akibat perang kali ini siap2 dibumihanguskan,anger
PBB: Perang Iran vs AS-Israel Ancam 30 Juta Orang Jatuh Miskin #kelaparan #KonflikGlobal #PerangIran #popularitascom ==================== Follow us on: Facebook: https://t.co/mxaH3WD9pO instagram: https://t.co/g5PyQGt7Nw X: https://t.co/gWar2ZfoZp tik... https://t.co/hez2QdLpKO,anger
Perang saudara awokawok,sadness
Oh god.... Dah mulai aja ya kuliah pembekalan KKN-T IPB nya... Perasaan baru kemaren denger MC ngomong WOW WOW WOW TRIDHATA BRATASENA..... keknya baru kemaren deh gw ikut perang yel yel as anak Pramudya si biru yang selalu di depan itu... https://t.co/CtMUn21KQn,anger
@USER @USER @USER Satu aja indikasinya ayo kita taruhan bisa nggak Amerika kuasai selat Hormuz itu aja dulu ? Kalo deal kita taruhan berapa ? Mumpung belum perang kita deal aja dulu gimana mau nggak ?,love
@USER @USER Perang AI,anger
@USER @USER Dewi perang?,anger
@USER @USER @USER Sekarang Iran tinggal main kan waktu saja makin lama perang as dan Israel makin kelimpungan kehabisan amunisi mau berhenti perang malu mau lanjutkan rugi besar ini seperti buah simalakama ,anger
Perang dunia kelima nih,sadness
@USER Kapal perang AS patroli di Belawan. Terus menlu bilang biasa. Oh jadi klo kapal perang AS patroli di wilayah Indonesia itu biasa ya ? ,anger
@USER Yang kiri paling tontonan favoritnya jjk kny &amp; solev. Sedangkan yang kanan veteran perang kang kue vs Gorilla.,anger
Pada #AnzacDay di Balikpapan saya bergabung dg veteran &amp; warga 🇦🇺 setempat utk menghormati mereka yg telah mengabdi bagi 🇦🇺 dalam perang konflik &amp; misi pemeliharaan perdamaian. 229 warga 🇦🇺 gugur dlm pertempuran Operasi Borneo Ketiga pada Juli 1945. Jangan sampai kita lupa. https://t.co/mil3nH9ddf,sadness
Gengs setelah gagal dalam perundingan pertama Iran dan Amerika sebenarnya dijadwalkan akan kembali bertemu dan berunding untuk mengakhiri perang. Tetapi ternyata ini juga dibatalkan. Sepertinya perang ini bakal lama. Apa kabar harga minyak? ,sadness
@USER Wibu pasca covid gabakal ngerasain seberapa serunya perang waifu dulu (gw tim chitoge btw),happy
Padahal beberapa minggu lalu berita soal perang mencuat banget. Tapi sekarang nggak kedengeran lagi. Jujur agak ngeri dikit. Kayak ketenangan sebelum badai,fear
@USER @USER @USER Banyak alasan bilang aja takut sama Tendo Pain. Giliran lawan Sasori dipuja-puja itupun jadi boneka chiyo. Di perang jg banyak yg mati katsuyu lu ga guna lebih berguna chakra kyubinya Naruto. Kuchiyose lemot aja bangga Liat noh Kakashi mati tapi dia berguna mau lawan Tendo Pain,love
Tapi xie zheng tuh profesional banget loh. Abis ditolak changyu pulangnya masih bisa diskusi soal strategi perang dan linghe bisa deliver semua perasaannya itu ke penonton. Keren banget.,anger
@USER Udah biarinin aja Indonesia ingin menjadi polisi Asean mencontoh AS yg sok jd polisi dunia maka alutista dibeli terus jumlah tentara ditambah terus. Kelamaan ga perang tar tuh roda tank pd karatan peluru pd kadaluwarsa kapal selam6 cuma bekerja spt ikan sapu2,anger
@USER @USER @USER Katanya angkatan laut Iran udah hancur eh faktanya biar mau lewat Hormuz aja takut bikin blokade jauh sekali sekitar 200 km lepas pantai Oman emang ini yg Iran tunggu tunggu perang lagi kemarin aja coba coba mau nyuri uranium di Isfahan gagal total malah hancur hancuran,love
@USER @USER Sebenarnya gua kasian sama bapak lu udah ngelonte cape² buat biayain lu kalian itu suka playing victim kalau kalah awal dengar berita 9/11 kalian bersorak Sorai kayak menang perang gitu giliran sekarang buatan Amerika-israhell buat memfitnah kaum muslimin ,anger
Gimana perasaan Adek kalau mas berangkat perang sambil nyanyi lagu ini buat Adek? @USER https://t.co/keNPFbIzB0,anger
Jadi peristiwa ini: Penangkapan penjahat perang Suriah yang videonya sempet bikin geger dunia. Ini bukti preman yang dipake negara buat bunuh rakyat akhirnya ketangkep juga.,anger
@USER Perang salib aja ratusan tahun gak merubah legitimasi Al-Aqsa eh arjuna pesek bikin narasi halu..wkwk,sadness
Kalau mau tahu soal perang Iran lawan salibis amerika dan zionis israel yg dibantu negara teluk penghianat kita bisa lihat video2 lego buatan Iran itu lebih terpecaya dibanding berita2 dari media2 barat dan arab teluk soal sikap orang arab kita bisa lihat parodi2 dari yaman https://t.co/RVwkVTJJpP,sadness
@USER @USER Ini butuh peran serta negara. Seperti kasus India menekan negara Kamboja buat melepaskan warganya yang dipake sebagai alat penghasil perjudian. Negara India mengancam dan meminta untuk ada penangkapan besar-besaran kalau tidak mau perang terjadi. Hasilnya Kamboja ngeper &amp; nurut,anger
@USER Parlemen tapi isinya kek mw perang semua ,anger
@USER Ga pernah terbayang negeri ini suasananya seperti sekarang gerakan vangke apa ini !?? gerombolan besar manusia bikin carut marut hiruk pikuk politik negeri ini tiada henti perang kata yang tidak berujung disanjung dibela sedemikian rupa didatangin diramein tiap hari.,anger
Clair de lune l. 32 will always have a place in my heart smbil bayangin idup di jaman perang,sadness
Jangankan menebas melihat mereka saja warga desa tidak mampu. Seluruh perapal mantra di desa tersebut akhirnya berkumpul. Mereka membentuk pasukan sihir untuk menghadapi perang astral. Pasukan tersebut dipimpin oleh seorang pertapa yang bernama Zephyr Sorolix.,sadness
Ketika bom atom dijatuhkan bukan hanya manusia yang jadi korban. Kucing-kucing di Hiroshima &amp; Nagasaki ikut mengalami panas ekstrem radiasi kelaparan dan kehilangan pemilik. Tragedi perang sering melupakan mereka yang tak punya suara.,sadness
@USER Jangan baper bos sudah ada yg ngurus. Hampir semua negara bergejolak karena faktor perang timur tengah jantung minyak dunia. Tiap negara berbeda-beda masalah ekonomi nya.,anger
Retorika Perang AS Tak Lagi Berkelas Kini Terasa Murahan! https://t.co/tpINIj7cDc,sadness
@USER Sudah seharusnya tentara Fokus perang tiap harinya bukan pertanian. Sudah ada petani. MBG juga seharusnya biar diurus bgn saja tidak ormas ormas atau yayasan institusi lain. Jangan sampai kalonperang kalahan,anger
@USER @USER Sebenarnya doi org mana sich kemarin viralbngaku l telponan sama kakaknya yg Raja UEA tanya perang Iran bangga dong saya presiden7🇮🇩 keluarga rajaArab eh sekarang ngaku orang kampung jangan bohong pak sebenarnya Bpk kel raja Arab apa org kampung boong dosa lho gak takut dosa?,anger
@USER @USER @USER @USER @USER @USER @USER @USER @USER @USER @USER @USER Harga khusus perang maksudnya... ,love
@USER lol sekali sekala perang apa salahnya us dah patut lama buat ini..us tak patut even negotiate just block hormuz unless boleh buka hormuz ke prewar level terus block even patut torpedoe satu kapal yg cuba menyelinap sebagai amaran,anger
Mau cerita kebaikan Allah buat gue Ini rabu kemaren awal perang dingin gue dgn ibu ibu gue nyuru sesuatu yg menurut gue gak masuk di logika gue dia cuma yakinin gue percaya sama Allah nanti ada rezekinya . Gue menentang dilogika gue semua harus ada aksi nyata dulu bukan https://t.co/gLlBpyHRhc,fear
@USER Kocak kemarin viral telponan sama kakaknya raja UEA masalah perang Iran bangga saya🇮🇩presiden7 ngaku keluarga raja Arab kok sekarang ngakunya Orang Kampung pak jangan bohong sebenarnya bpk kel rajaArab atau org kampung bohong dosa lho gak takut sama dosa nya pak? ‍️‍️‍️,anger
Cari pasangan yang bisa kamu ajak diskusi manajemen resiko bukan yang cuma mau diskusi liburan kemana. Hidup ini perang pastikan pendamping hidupmu kelak tahu manajemen resolusi konflik dan ahli strategi perang.,anger
Iblis andalkan Perang. Yesus andalkan Kasih. Kasih menang. Lihat video Hotman Vomby Sihombing! #TikTok https://t.co/F1Ntd8Ohvl,sadness
@USER Haha malah perang,anger
@USER Perang budaya yang tidak pantas bagi masyarakat modern.. lebih nyaman pakai mobil Tesla keliling Gaza Israel Ukraina Iran sampai seluruh jalan di benua Eropa Asia Amerika Australia,anger
@USER Mas jangan lewat depok dlu ya ada perang @USER tolong di koordinasi negaranya @USER,anger
Ancaman Perang Baru Trump Mau Jatuhkan Bom Tarif ke Inggris https://t.co/xPIQvAJtX9,sadness
@USER Bodohnya mereka diundang ke Medan perang dengan modal hanya pengin dapat rumah yg bisa dibom kapan saja,sadness
Omed-Omedan Bali: Tradisi Perang Ciuman yang Ternyata Bukan Sekadar Permainan https://t.co/09R2ORnmn7 #mitrapalupi,sadness
@USER @USER salah kita punya prabowo. inisiator MBG kita fokus MBG aja lumayan 6jt sehari. gak urus perang soal minyam kita percayakan saja ke kanda bahlil hidupp jokowiii,anger
Setelah 20an episode baru terasa seru dan menegangkannya terutama soal kejar2an identitas antara Changyu dan Xie Zheng di medan perang. Cina emang rajanya bikin film dgn latar perang kolosal Skalanya besar dan strateginya gak abis2.,sadness
@USER @USER iya bener kalo mau perang kalian aja kami lagi fokus MBG lumayan 6jt sehari. hidupp jokowiii,love
@USER Walau tingkahnya kek gitu tni ada manfaatnya juga loh. Misal ada perang mereka yang lebih dulu ngelindungi masyarakat. Beda lagi sama si abu abu gelap yang itu..,fear
@USER @USER Muak bgt sbnrnya dg kata2 itu. Iya kalo keduanya beneran sadar utk ttp bareng demi anak keluarga dijaga biar ttp harmonis. Lah kalo tiap hari cuma jd medan perang dingin ato panas huru-hara membara krn saling caci maki? Anaknya broken home anjir.,fear
@USER Justru enak malah diskon gede gitu apalagi saham bank gabakal mungkin ancur sebelum perang dunia.,anger
Udhn dulu please perang dunianya aku mau keliling dunia dulu️,sadness
Yasin Malaysia jatuh ketika biaya hidup naik JOhnson dan TRuz di Inggris juga sama. Eropa barat menjauh dari aMRIK juga khawatir ada jurang krisis ekonomi energi. Ditambah lagi abad 21 ada trend sosial kemanusiaan dunia yang membenci kekejaman perang dan empati kelaparan,fear
Welldone Iran Perlakukan dengan baik negara yang berkelakuan baik negara yang menentang ajakan perang USA dan Israel,anger
@USER Negara suka perang itu Israel dan Amerika Bro Afghanistan berperang karena diperangi Bro Jika diperangi ya Harus Melawan Bro,sadness
Perang Melawan Narkoboy #bripkarichisagita #notodrugs️ #poldariau #polriuntukmasyarakat #menjagatuahmelindungimarwah https://t.co/uf4LriwIv3,sadness
Iran Ungguli AS dalam Perang Propaganda AI Konten Viral Capai Miliaran Tayangan https://t.co/iFyKWclFP6 lewat @USER News https://t.co/MqgAVS84jz,sadness
@USER Ditaiwan juga kak penerbangan internasional di 58 negara bakalan di potong kuota gara2 perang Iran mulai bulan 5-bulan7,fear
@USER Ah... Ajak perang aja dulu. Kalah baru nyerah. Lalu nurut.... Masa Indonesia jagoan gak ada nafsunya.... Wkwkwk,fear
@USER Gak ada perang makanya setiap bulan ada aja berita TNI melakukan tindak kriminal,anger
10 syarat gencatan senjata tdk ada 1 pun yg menyatakan kemerdekaan Palestina menyinggung hak2 palestina sedikit pun tidak. Jd perang selama ini yg di gembar gemborkan sama buzzer iran apa katanya utk kemerdekaan palestina ternyata kalian kena prank syiah. Syiah kok di percaya https://t.co/ySsNZZrHh8,sadness
KOLUM | Perang jadikan Iran kuasa dunia https://t.co/9P9Ansg3mn,sadness
Iran dan israel sama sama bertekad mengembalikan ke jaman batu perang juga antar navy hormus us hanya,happy
It may make anxious LORD SANA NGA DI KO NA LANG NAKITA bat kasi di nya pa ako iunfriend noon pa... LORD PERO PLEASE IBALIK YUNG PERANG NAWALA SA AKIN LORD. PERO AFTER A WEEK IF WALA PA RIN OKAY I UNDERSTAND GANON SYA KA WALANG ACCOUNTABILITY,anger
@USER @USER Kan memang begitu lho kalau memang mau memenangkan politik salah satunya harus memangkan suara masa lho kalau sudah di himpun rakyat kan bisa di gunakan si pengguna tsb entah di ajak perang dll salah satu cara untuk menjadi top puncak raja kan dia harus punya legitimasi,anger
@USER sinong tao kayong mga trolls lang ang nag debunk pero no bearing at all. Saan galing ang bilyones na pumasok at saan dinala ang inilabas - simpleng explanation kung lahat ng bank txn ang baseham sure baka aabot ng 10b yan. kung madaming perang pumasok bakit 0 sa saln,love
Gak cuma istri dituntut taat suami kita suami juga mesti taat istri. Perang dunia batal kalo prinsipnya spt ini.,sadness
Setiap tahun pada tgl 25 April 🇦🇺🇳🇿bergabung utk memperingati #AnzacDay utk mengenang mereka yg telah mengabdi kepada bangsa kami dalam semua perang konflik &amp; operasi pemeliharaan perdamaian. Kami menghormati pengabdian &amp; pengorbanan mereka. #JanganSampaiKitaLupa #IKAHAN15years https://t.co/5Pxci6EK0b,sadness
Walaupun negeri melaka melambangkan pesatnya laluan selat melaka sebagai laluan strategik perdagangan dunia. Kita kena sedia bila perang iran 🇮🇷 dan usa 🇺🇸 bermula fasa kedua di asia barat / middle east region Banyak lagi fasiliti strategik di timur tengah akan dimusnahkan,sadness
 CFTC vs New York: Perang Regulasi Prediksi Pasar Masuk Babak Baru Konflik regulator AS dengan negara bagian New York soal prediksi pasar crypto memanas mencerminkan ketegangan global antara inovasi DeFi dan kontrol. https://t.co/enFtTtC9wk #Web3 #Blockchain https://t.co/2KYt22mliW,sadness
Pada 1 Mei 2026 penentu masa depan perang Trump terhadap Iran #shorts https://t.co/95FTFUb1ky via @USER,sadness
Bantu PKS serap tekanan kos akibat krisis harga bahan api #BHnasional Gelombang gangguan akibat perang sudah sampai ke pintu ekonomi negara https://t.co/gFfkXLpNYL,sadness
@USER Iran punya cara sendiri dalam strategi perang tdk terpancing dengan org yg suka menebar ancaman.karna bts kekuasaan trump hanya 60 hari setelah perang dimulai setelah itu kekuasaan akan diambil alih pemerintahan.saat ini trump gelisah ,anger
Ahmad-Reza Radan kepala polisi rezim menyebut pembantaian ribuan warga Iran sebagai perang perkotaan &amp; perang kedua. Dia BANGGA menumpahkan darah mereka. Rezim di Iran bukanlah pemerintah tapi adalah grup teroris pendudukan yang melancarkan perang militer ke warga sipil.,anger
Diajak serang iran bilang netral tapi yg lainnya cendrung pro USA memang perang itu cuma militer,anger
Ha ha ha ... dia bawa berita DUSTA. Padahal Kebenaran d dusta Tidak bisa bersatu . dia sampaikan DUSTA anak kecil tewas karena perang di LEBANON. Tapi Kebenaran PULUHAN RIBU rakyat Iran yg demo Januari kemarin. dia TIDAK PEDULI . Ampuni dia TUHAN ,anger
Sama persis kek diskursus posisi perempuan sebagai tentara atau keterlibatan dlm perang - PERANG ITU IDEALNYA NGGAK ADA DAN WAJIB DITENTANG LAH GOBLOK bukannya malah diframing sebagai hAK pRogResiF. Kekerasan laki2 thd perempuan masih banyak nggak usah kedistract sama isu tolol,anger
@USER @USER Ini sebenarnya aku pernah baca cuma lupa nama bukunya sebenarnya nabi Muhammad itu entah mendengar atau melihat bangsa Mongol nah zirah perang mereka memang menakutkan seperti monster jumlah mereka sangat banyak tp kan sastra org jaman dulu memang selalu meromantisasi,love
Ini perkara keran aja berantem. Gimana mau deeptalk jelas bakal perang dunia.,anger
Hoy mga bobong Bisaya at DDS ang pinakaimportanteng tanong na dapat niyo itanong kay Sara para may konting respeto pa kayo sa mga sarili niyo ay ito: Saan galing ang mga bilyones sa mga bank account mo at kung legal ang sources ng mga perang yan bakit wala sila sa SALN mo?,love
perang typo segala,sadness
sentimen~ agama lu x mau cakap~ sebab lu boh faham~ nanti perang~,anger
@USER Yak dalam negeri indon mau perang,anger
Wkwkwkwk jadi penasaran yang menang perang ini siapa kalo begini? Apa tetap pak bos satu itu?,anger
Perang Iran versus AS dan Israel hari ini bukanlah perang nuklir. Ini adalah perang pembongkaran sistematis terhadap sebuah negara. Dan Israel bukan Amerika Serikat adalah aktor utamanya. Ada tiga lapis tujuan tersembunyi yang patut dicermati. https://t.co/0FoBydVzYd,sadness
@USER 1967 Israel di kepung 5 negara arab. Dan mereka menganggap dalam perang 6 hari. Bayangkan jika 6 ngera asia mengepung Konoha dan kamu di garda paling depan melawan 5 negara sekaligus dengan jumblah pasukan mu yg terbatas,fear
Dunia pinggirkan Perang Sudan #SHGlobal Krisis kemanusiaan di negara Afrika Utara itu capai tahap kritikal kira-kira 14 juta hilang tempat tinggal #SinarHarian #global #perang #Sudan https://t.co/6f3xxYJE1c,sadness
@USER niat amat ngejelasin dah tau karakter celetukan orang indo itu abu abu bisa ya bisa dongeng lagian mikir juga kali kecuali malaysia dan singapore banyak tingkah kita bisa blok sepihak untuk mereka. mending perang biar dunia di reset kembali yang kaya jadi nol yang miskin nol https://t.co/KIgvSIcDaW,anger
@USER Kerja sama dg bajak laut ? Teroris dan penjahat perang? Itu bomb dan semua amunisi yg buat ngebantai gaza libanon dan Iran dari mana kalau bukan amerika ...? Istighfar Pak kalau anda Muslim brp lama lg sih umur di dunia..,anger
🇺🇸 Apakah Anda khawatir tentang perdagangan orang dalam (insider trading) yang dilakukan putra Trump di pasar prediksi terkait perang ini? TRUMP: Dunia ini adalah sebuah kasino. Apa mau dikata memang begitulah kenyataannya. https://t.co/Jd2E6NskQz,fear
Kami turut berdukacita mendalam atas gugurnya(lagi) prajurit Indonesia ; Praka Rico Pramudia anggota @USER krn serangan Israel di Libanon. Mestinya PBB segera jatuhkan sanksi thd Israel yg lakukan kejahatan perang dg serangan mematikan thd pasukan penjaga perdamaian PBB itu.,sadness
Rakyat Rusia ikut G20 lebih di untungkan daripada di Brics. kerugian Rusia akibat di blok Amerika dan Eropa Krn perang Ukraina. @USER @USER @USER @USER @USER @USER @USER @USER @USER @USER https://t.co/PC8rFmI56g,fear
@USER Iran tak kekurangan tentara... M emang Israel untuk perang saja cewek open bo jg sampai turun https://t.co/1jXHOp8JfY,sadness
@USER @USER jembut malaysia sekutu inggris singapur tempat naro duit orang2 kaya ga perlu ngapa2in pasti dilindungin indonesia non blok jadi bebas mau kemane aje yg penting bisa bikin aman dikondisi perang,happy
@USER Agenda pekanan Twitter/X : Perang Gender ,anger
The Guardian: Masalah terbesar Washington adalah Iran tidak merasa perlu untuk memberikan konsesi dan Trump mendapati dirinya terjebak di antara melanjutkan perang yang mahal atau bernegosiasi dengan hasil yang tidak berarti. AS telah gagal memaksa Iran menyerah melalui https://t.co/ovvG7DDrAk,sadness
@USER More than enough sa mga gunggong na mga bayaran sa kongreso pero pagdating sa senado basura ang mga yan. At wala ng male-maletang perang pambayad si Tambaloslos dahil frozen na ang mga bank accounts assets at insurance policies nya. Wala ng boboto sa plenary. Gabaan. ,love
@USER Beginilah nasib anak broken home mamah gonta ganti paph ikut perang gak balik balik.,anger
@USER keadaan dunia si lebih tepat nya nder kita bener bener ada di akhir zaman tanda tanda nya udh makin banyak apalagi skrg perang waduhhh kuatin iman kalian masing masing,anger
@USER @USER di SG kondisi nya gimana ka? ini emg dunia ya gk baik baik aja karna efek perang,anger
# Gawat! Jangan-Jangan Terjadi Perang Dunia Ketiga Ketegangan global kembali meningkat konflik di berbagai wilayah semakin terbuka dan wacana tentang kemungkinan perang besar mulai sering terdengar. Simak Selengkapnya: https://t.co/iZ2rBSI9RL https://t.co/URaqFJVize,sadness
@USER @USER see tetap konteksnya perang. gue bisa membunuh orang yg menyerang gue dan mau memperkosa anak gue agama lo gak ngebolehin gue membunuh orang yg mau memperkosa anak gue mkanya agama lo agama FAILED gak sesuai hukum TORAH AWOKOKWOKOK,love
@USER Halah Jenderal jaman sudah merdeka paling 99% dari kalian cuma perang di Tim Tim Aceh dan Papua jd pasukan Garuda juga blm tentu kalah sama kakek Pakde bapak q.. Pangkat kecil cuma perwira pertama tapi di makam kan di TMP pahlawan perang melawan penjajah jadi jgn sombong,anger
@USER @USER konteks quran juga perang Tuhan kau tiga gak ada perintah moses nyembah tuhan tiga awokwokwowkok,love
Kalau China takut perang buat aja proxy di Timur Tengah untuk melakukan tindakan ofensif ke Israel.,fear
@USER Amal al Khalil semasa hidupnya katakan bhwa dia mendapat ancaman dibunuh bhkan jauh sebelum perang US-Iran. https://t.co/B3gPrNJuvA,sadness
@USER Sekilas gw bacanya komedian perang. Efek bangun tidur ,anger
Adanya perang Iran AS yg menyebabkan selat Hormuz ditutup membuat penjualan mobil listrik meningkat tajam dibeberapa negara sprti Australia dan Jepang.Diantara 3 pabrikan(TESLA KIA BYD) coba tebak mana yg paling CUAN,anger
@USER @USER Itu konteks karena perang. Tapi secara spesifik dilarang. Tidak ada perintah untuk diperbolehkan membunuh tidak seperti di alquran yg ada bilang boleh membunuh. Balik ke 10 perintah Allah ini ditulis Tuhan loh kok dikitab anda ga ditulis?,anger
@USER Duit nya buat si ono hasil rugi perang,anger
@USER perang belum usaii ,anger
DUA VISI PERANG DAN KEKUASAAN https://t.co/Z8ydWu2gbP,sadness
sehat sehat kak perang sama orang gila gambar kucing ,anger
Penyembahan berhala emang harusndi. hancurkan Serangan terhadap Kaabah bukan oleh Kristen saja banyak nih saya berikan data dari https://t.co/1TTDyJtTrj 5 Peristiwa Sejarah Ka bah Ditutup dari Perang hingga Wabah https://t.co/nxrMPUFR6u,sadness
Morning all baru membangun mimpi gw super duper random anjir masa gw jadi bagian perang dan kena bom ,sadness
@USER Kalo melaporkan sudah best banget seperti jurnalis perang,fear
@USER @USER @USER surga kristod perang lawan naga ya om ? trus nyanyi2. krna di dunia udh enak ngws sana sini makan makanan yg dilarang di agama Abrahamik dan melakukan bnyak kenikmatan. dosa udh ditebus ya om ? jdi di dunia bebassss. agama yg gda aturannya kitab aja anonim,love
@USER @USER Urgensinya membentuk batalyon sebanyak itu apa ? Mau perang ? Saat ini banyak perwira tanpa meja alias gak punya jabatan. Apakah pembentukan batalyon baru ini untuk mengakomodir para perwira tanpa jabatan itu ? Sdh tau byk perwira non job tp penerima Akmil makin banyak ?,anger
Buti pa ito nagsoli na ng perang ninakaw niya. Eh si BOBOng Revilla sinoli na ba niya ang P124M na pinapasoli sa kanya ng korte ilang taon na? O sadyang makapal lang talaga ang pagmumuka niya? === https://t.co/fKTImMFoxb,sadness
Trump suruh bikin kopdes jg biar ga perang mulu!,anger
@USER 2) grgr war? Ini mah indo ga bisa antisipasi apa² murni di luar kendali. Selama ada perang RP kita lemah itu udh pasti karna kita masih negara berkembang. 3) grgr ponakan 08 jd direktur BI? Dan ini makin memperparah track record Indonesia blass pokonya.,anger
04:36 WIB ... Waktunya Shalat #Subuh Dan sungguh Allaah telah menolong kamu dalam Perang Badar padahal kamu dalam keadaan lemah. Karena itu bertakwalah kepada Allaah agar kamu mensyukuri Nya. (QS. Ali Imran : Ayat 123) #Qabliyah #Dzikir_Pagi,happy
@USER Ancaman ini sama aja dg mereka adalah penjahat perang ngelunjak!,love
@USER Gw mbantah Islam ?? Justru gw mnyampaikan Sejarah Islam Apa Adanya Tanpa Sensor. Kubu Abu bkr n kubu Ali tidak Mufakat utk mnentukan siapa Khalifah pasca Mhmd mati Puncaknya adlh Perang Jamal 656 Aisyah-Putri Abu bkr vs Ali. Elu yg mbantah Sejarah Agamamu sendiri. ,anger
@USER Iya sih ditambah perang jg apa2 makin mahal... Duh gws deh,anger
Bnran lagu perang bjir siapa sangka,anger
perang lagi yak? Bisa ngga ya? bapak doain adek dari sana ya,sadness
Iran Terbelah: Pilih Perang atau Damai Usai Trump Perpanjang Gencatan Senjata https://t.co/W1E2t8rV2V,sadness
@USER Drpd nganggur ngga kepake buat perang mending ngerjain kerjaan sipil yekan,anger
dan sekarang aing sadar buat gak terbawa sejauh nanti nya buat mencegah konflik yg bisa memicu perang Shinobi yang melibatkan TNI sehingga memaksa negara mengirimkan MBG agar tidak kehabisan cakra,anger
@USER Lebih setuju modernisasi alusista sih karena sekarang 1 drone bisa hancurkan 1 markas kalau lihat perang Iran vs Israel.,happy
Australia is THE BEST THING from nuclear attack preparation siapin duit 10-15 miliar untuk satu rumah titik terjauh dari zona Perang Nuklir Asia Indonesia adalah Mercusuar dan Benteng Terakhir counter ICBM Nuklir(jangwe nyasar) first BRAHMOS next PATRIOT AUSTRALIA ENGLAND DOME https://t.co/4BuICB2Vnx,love
faza diup di ig ims kayak mau perang baratayudha,sadness
Gilaaa Orang Indonesia LAGI SEBAR MASSAL DEMAM KETAKUTAN! Masiv BANGAT GERAKAN JATUHKAN PEMERINTAH lewat EKONOMI..! Kalau RI TEGAS dan PERANG WATAK di SELAT MALAKA mk NEGARA yg sdg PERMAINKAN INDONESIA akan LIHAT TARING NISANTARA https://t.co/sjW8s11kzn,anger
@USER @USER Ya benar. Dan itu dinamika yg tidak menjadi landasan fixed karena tidak tercatat dalam kitab suci. Saat dibidatkan malah terjadi perang bukan bekerja sama. Tp nabimu bersahabat dengan yg Anda bilang sempalan.,anger
@USER @USER @USER Dulu aja waktu perang tarif lawan China Amerika yg KO diembargo logam tanah jarang nangis Bombay kenapa demikian Krn 90 persen industri militer dan hight technologi Amerika bergantung ke China kita liat aja nanti Paing juga nangis Bombay lagi,love
@USER @USER @USER Menurutmu faktanya selama perang seluruh rakyat Iran berbondong bondong dukung rezim malah skrg udah 30 JT rakyat Iran siap jadi wajib militer dan udah mendaftarkan diri ini bukti kecintaan mrk ke rezim ,anger
@USER @USER @USER Dia hanya menunggu aja sampai tgl 1 mei nanti Amerika skrg panik sendiri waktu makin mepet smtr semua tujuan perang gagal semua,love
@USER @USER @USER Harga naik itu bukan cuma faktor pemerintah. Ada global. Harga energi dan pangan dunia memang lagi naik. semoga aja kelar itu main perang perangannya,anger
@USER lah dia yg mulai perang kurang ajar,anger
perang batin lagi kalau diputusin nanti aku gimana kalau ngga diputusin makan ati terus,anger
@USER Kenapa tentara ngurusin kebakaran ya? Ada jg tentara disuruh nanam2 ada jg yg jd tukang masak.. Latihan pak.. kalo ada perang kan ga akan urus kebakaran..,anger
@USER Biarin aja...xrpd gak ada kerjaan. Maju ke medan perang? Kan enggak ada perang. Lagian kalo jd damkar mungkin akan lebih HUMANIS dan jadi multi talenta. Bisa nolongin nyelametin kucing nolongin orang ambil kunci yg kecebur got nangkep uler nerima curhatan rakyat dll,anger
@USER @USER ya sama2 menguntungkan dan sama2 ga ada yg perlu di permasalahkan. berbeda itu bukti bahwa kita hidup berdampingan dengan orang lain. Bukan syarat untuk malah menjadi perselisihan sampai saling menyerang. kalau kaya gitu beda warna kulit dkit bisa perang nanti.,fear
@USER ekonomi perang pemerintah indon yg gjls bikin badmood shibal,anger
#BrothersUnderFire (Highland/2026) sut Justin Chadwick. Peleton dpp Kapt Jordan veteran perang Suriah pulang ke AS. Anggotanya Alberto menikahi Isabella di Meksiko. Bentrok dg kartel. Pecah perang lokal melawan puluhan preman. Skrip n gaya tutur gampangan ala wildwest modern https://t.co/Sh0EMRjUMt,sadness
Akun ini tl nya masih aktif ngomongin politik indonesia keadaan rupiah yang makin ancur dan perang. Idup gue di akun sebelah bener-bener isinya bangtan aja kaya damai aman sentosa. Balik kesini puyeng lagi inget kenyataan,anger
@USER Wihhh Perang dunia ketiga nih padahal terkenal banget si cetang biru itu,anger
Cuma bisa menghela nafas dari kemarin X isinya rupiah makin turun harga buah yang mahal perang IHSG MBG KS dll. I have no words semoga kita semua bisa bertahan di kondisi seperti ini.,anger
@USER tapi ni bocil sadar aja mulutnya asbun bgt keknya bahaya deh klo mabora sambil live bisa² strategi perang jga dia spill,anger
Ketemu org yg bisa diajak ngobrol dari receh sampe ke perang dunia ketiga,sadness
@USER Dikanaan mula2 ada bangsa Phillistine yg diperangi Israel utk dikuasai tanahnya. Krn kalah perang suku suku aslinya ngikut membaur ada yg jatuh cinta nikah beranak pinak walaupun saat itu Allah melarang krn Allah tau bakal tergoda ikut paganisme tnyata benar &amp; terjadi,love
seperti perang di kepala lagiiii,anger
Dikritik Pangeran Harry soal Perang Ukraina Trump: Dia Tak Mewakili Inggris https://t.co/cY7ucrMMET,sadness
Pikiranku perang setiap hari ,sadness
@USER Gibran wapres sudah mempunyai program Coding AI Asimetris infra merah Hidup @USER Kalau amarika punya kapal perang nuklir Indonesia punya kapal perang Biodesel,anger
Netanyahu mengungkap perawatan kanker prostat stadium awal saat Israel masih menghadapi tekanan perang dan sorotan atas transparansi kesehatannya. https://t.co/CzOxVX7qvE,sadness
@USER top five dari aku so far: bertamu dalam perang giza tsunami tentang aku naik,love
@USER waktu KKN kah ini? Asli yakin gw langsung absurd si cowo langsung tiap denger suara si cewek yg dia mau langsung panas dan pengen sendiri mulu. Kocak bener nt nt Dann selama balik ke kampus pasti perang sama pikirannya sendiri,fear
PERANG ANTAR ROBOT YG MENGHANCURKAN BUMI | Alur Film Nine (2009),anger
Perang dunia ke 3 aja deh udah ga tau progresnya smpai mna ini https://t.co/PjYR5W5eUX,sadness
@USER Sebelum menyalahkan asap permasalahkan dulu apinya. Dan sebelum bicara UNCLOS bicara dulu tentang Piagam PBB atau mundur ke belakang Piagam Den Haag 1907 tentang perang. Apakah Iran harus diam saja setelah 47 tahun dicekik AS lalu diserang tanpa deklarasi perang dengan,sadness
Sebagai survivor perang besar lovelive vs imas dan vs bangdream. This is valid,sadness
@USER @USER @USER Akhirnya utk menyelesaikan perang suksesi tsb VOC mempertemukan 3 pihak yang bertikai dalam sebuah perjanjian yg disebut perjanjian Giyanti. Yaitu membagi wilayah Mataram Kartasura menjadi 3 (Palihan Nagari) Kasunanan Surakarta Kasultanan Yogyakarta Kadipaten Mangkunegaran.,anger
@USER Ajaran islam diperbolehkan berbohong dalam 3 hal terutama didalam perang jadi jika Iran kalah menyatakan diri menang itu jadi bahan tertawaan dunia kecuali mereka yang bodoh yang percaya pernyataan propoganda mereka bshwa mereka menang,love
@USER Langsung perang dunia ke 4 sih Niel,anger
Turut berduka cita. Berhentilah perang ini,sadness
ni kasur dh kek battlefield isinya darah krn abis perang sama nyamuk,sadness
Siapa la buat content kata perang dunia kalau berlaku kawasan ASEAN paling selamat . ,anger
@USER Mau perang ama siapa ahh MoD,anger
@USER Outflow dari asing soalnya dari msci kmrn trus perang kakek jadi ny asing lebih milih megang usd,fear
-Krisis 1998? itu memang badai global IMF turun tangan. -Pandemi 2020? Semua negara babak belur. Sekarang? rekor nilai rupiah teranjlok sepanjang sejarah republik ini berdiri. Gaada pandemi gaada perang di halaman kita. Tapi rupiah tetap di titik ini yg disalahin tetep asing,anger
@USER Usum perang eg,anger
And if you know top issue global saat ini bakalan lebih overthinking lagi!! Why??? Karna negara kita mostly impor semua hal. So semua issue global bahkan yang bukan karena perang aja harusnya jadi big concern to masing-masing mentri. Banyak lho masalah kita gesss,anger
lebih sayang sama diri sendiri. notice hal baik yg dimiliki diri sendiri kalian tuh ada plusnya masing masing loh. acknowledge itu ! km tuh manusia ada minus pasti ada plus badanya jangan di pakai perang terus. kasih istirahat . https://t.co/JtgSxwtovq,love
@USER @USER Mungkin dia pengen jd wni biar gak kena perang kali,love
Investasi Anthropic oleh Alphabet menandai babak baru perang AI saat modal cloud dan komputasi menjadi senjata utama industri global modern. https://t.co/I7LJh9x62t,sadness
Ini gmna yaa? Kek udh ngeri smua. Appa2 mahal perang juga td gw beli pertalite di eceran udh gak jual ktanyaaa langkaaa.,fear
@USER Your country Boleh sebab on perang kat selat melaka why tf did your president sign that deal with usa???,anger
@USER Kalo bukan utk perang lawan asing ini kayaknya utk mempertahankan diri dari rakyatnya sendiri deh karena tau jumlah rakyat masih jauh lebih besar,sadness
@USER PERANG BGT KAK?,anger
kurang ajar tweet ini lwatnya tengah malem plus lagu perang telah usai anjiir ,sadness
https://t.co/zG1iI3m9TG #video​ #tenismeja​ #pingpong​ #tabletennis​ #olahraga​ #sport​ #pingpong​ #smash​ #spin​ #rajawali​ #ptmrajawali​ #bekasi​ #indonesia​ #iran​ #khamenei​ #israel​ #amerika​ #amerikaserikat​ #perang,sadness
Ternyata emang udah di setting perang jadi lama https://t.co/wln5IzY8B5,sadness
tapos di pa din maintindihan ng mga bobong du30 supporters yan. panay paniwala pa din na malinis ang mga perang pinanggalingan ng mga du30 kahit napaka imposibleng kitain yan sa maikli o mahabang panahon pa man. fck du30 and their supporters!!! wake up!!!!,sadness
@USER @USER ini lanjutan 10 alasan kenapa lu ga boleh perang ,anger
@USER Smua diajak perang sama anjing benhan,anger
@USER @USER bayangin aja jaman perang china dulu (battle of changping) 400ribu orang dikubur hidup2 harusnya juj majuj dan dajjal bakal bikin kerusakan lebih parah daripada itu ya jauh,love
@USER FLISHHH AKULAH SI DUTA MEME ITU MARI KITA PERANG MEME https://t.co/WVWnoFYHQh,anger
Sudah eps 20. Pantes episodenya banyak mampir dulu ke Medan perang kejar2an di berbagai lokasi pula Sampai sini mulai apal nama wajah dan nama karakternya yg banyak itu gak cuma ada second lead couple bahkan ada 3rd couple Luar biasa. Penulisnya kepikiran aja bikin plot,sadness
Apa gw bikin Poppy War au sekalian deh Su watch Boo defect dari Su Daji krn keluarganya mati pas perang pertama tp Su masih kekeh kalau they're on the right path.,sadness
@USER Bokap gua yg veteran perang ng dumel mulu dan geleng2 kepala terus liat kelakuan pejabat militer sekarang,anger
Mulai perang strategi emang pas sih Kim/Seo dipecah jadi MD1 &amp; MD2 sama kuat untuk perpanjang nafas let's see apakah MS berhasil dikunci DEN atau KOR bisa rebut karena kalo MD condong ke KOR,anger
Di tahun 2026 ini ada perang USA - Israel vs Iran. Bahan Pokok pada naik terjadi krisis global,anger
krn kalo diterusin ni jd perang dunia beneran broookkkkk ngentoooottt,sadness
@USER Kereen tapi saran gue jangan beli saham yang terkait perang kaya Palantir Raytheon dkk bro itu duitnya dipake buat ngebantu ngebom Palestina &amp; Iran. Cmiiw,anger
@USER WKWKWK EYI GAK BISA BGT INII (kebalikan km) beneran gak cocok perang si eyi karna dia boker aja milih-milih tempatnya,anger
Wah nantangin dewa perang modern ni negara radesh UK tu kecill hee ngaca britis peler,sadness
Donald Trump Ngamuk ke Wartawan saat Ditanya Akhir Perang Iran: Jangan Desak Saya! https://t.co/ApmTRtxdAQ,sadness
Bayangkan jadi seorang pemegang tombak barisan terdepan. Maju perang bertahan hidup tapi kalah.. Pulang kampung dan meletakkan senjata. Memberi cerita ke anak cucu tentang perang yang agung menutupi kekalahan ,sadness
https://t.co/8VChAhMKzO #video​ #tenismeja​ #pingpong​ #tabletennis​ #olahraga​ #sport​ #pingpong​ #smash​ #spin​ #rajawali​ #ptmrajawali​ #bekasi​ #indonesia​ #iran​ #khamenei​ #israel​ #amerika​ #amerikaserikat​ #perang,sadness
@USER @USER Yaa berarti masa itu kelak terlampau jauh dari masa sekarang bisa ratusan atau ribuan tahun lagi. Kalo back ke zaman batu ya pasti after perang nuklir,fear
dah paling bener taruh di snp500 mo perang sekalipun besoknya langsung ath,anger
@USER Perang sekarang lebih dominan rudal hipersonik dan sistem senjata pertahanan udara dengan rudal dan radar canggih bila ingin diperhitungkan oleh bangsa asing.,sadness
@USER @USER Sama-sama takutnya tapi ni negara ancur karena pemerintahannya sendiri bukan karena perang dll.,anger
perang nya ga jadi usai dan belum usai usai hiks i hope besok perang sudah usai guys ,anger
@USER Ini yang terjadi sama BBRI BBNI (dan seharusnya juga BMRI) tahun lalu. BBCA terlambat mengalaminya karena 2 tahun kemarin sepertinya masih merasa di atas angin padahal kondisi perang suku bunga sangat sengit.,anger
@USER Kalau perang lawan opm lari terbirit birit ,anger
Konsep perang di kepala Prabowo tuh gimana ya? Rekrutmen kroco TNI digenjot sembari buka dapur umum (embege) dan distribusi logistik yg juga dihandle sama loreng alias kopd*s putih merah Gak nyampe otakku,sadness
@USER siapa yg perang,anger
tbh I don't think 2045 kita masih exist perang makin parah ekonomi turun terus AI ambil kerjaan dari manusia bisa bayangin 20 tahun ke depan kondisi dunia gmn?,sadness
@USER Suka tdk suka semua negara islam dunia. Saat ini yg mampu melawan israel hanya iran. Yg lain hanya sebatas kecaman. Perang lawan israel berarti harus siap berperang lawan amerika dan itu fakta. Bukan tdk berani tp itu konyol. Kl hanya alasan solidaritas agama,anger
@USER gue masuk sebelum isu WW3 naiknya ampe sekarang ga signifikan. yang naik gila gara2 perang itu PLTR dan CRWD,anger
@USER Mengungkap Kenapa Harga BBM Indonesia Tidak Naik Saat Negara Lain Sudah Menaikkan Lebih Dulu Harga BBM akibat Perang di Iran https://t.co/sesMHmBSmN,anger
@USER Hahahaaaa..... Itu fakta tanpa timteng mogok itu alat2 perang canggih...... Paham lu ?!!! ,anger
@USER Mengungkap Kenapa Harga BBM Indonesia Tidak Naik Saat Negara Lain Sudah Menaikkan Lebih Dulu Harga BBM akibat Perang di Iran https://t.co/sesMHmBSmN,anger
@USER @USER Pembawa berita masa ikut perang,anger
@USER gayanya anti penjajahan Cyprus dianeksasi Turki diem Kaliningrad Kuril Shakalin dan Crimea dianeksasi Rusia pura-pura buta 1950 West Bank di aneksasi Jordan mau dijadikan istana musim dingin Abdullah I pura-pura lupa. Begitu Israel rebut dari perang defensif langsung,sadness
Saham2 pada bullish rupiah makin lemah perang iran amerika belum jelas kapan kelarnya. Siapin tabungan kali ya,sadness
@USER Saranku mending kita memulai perang di kawasan Asean. Capek lihat mbg kopdes yg spt org mabok-siapa aja yg didepan gw...gw tabrak. Capek lihat usaha babi didemo Capek lihat org kecil berjuang di pengadilan Biarlah tentara menjalankan keahliannya rakyat sipil akan support.,anger
@USER Hahahaaaaa...... Siapa yg datang jauh2 dg segala alat perang canggih utk memerangi di timteng untuk merampas ladang2 minyak2.....mayoritas agamanya apa itu ???,anger
Damn nih cerita deep bgt asli ‍️ bukan cm sekedar au romance perang dll tpi bnrn ngajarin biar ga selalu lupa siapa Tuhan kita dan jgn jdi arogan ‍️ keren bgt kak ceritanyaaa ,fear
@USER Elo pikir agamamu gak pernah menjajah membantai? Teroris sekarang mayoritas dari agama apa? Perang di timteng arab saling bantai antar agama apa? Buka matamu cek agamamu sendiri jangan cuma liat agama orang lain...,anger
@USER BIAR DIJELASIN sebelum tl menjadi medan perang,anger
@USER @USER Kak kenapa kacau? Harga plastik naik itu krn perang harga bahan baku naik pasti pengaruh ke harga2 yg lain,anger
Menteri Pertahanan Israel Israel Katz mengatakan pada 23 April bahwa negaranya siap untuk melanjutkan perang melawan Iran dan sedang menunggu lampu hijau dari AS. Ia mengatakan militer Israel telah menandai sasaran dan siap untuk melakukan pertahanan maupun serangan. https://t.co/XNzdCkG6s5,sadness
@USER Perang peraaa si YG,anger
@USER Efek perang timur tengah semakin memanas Rudal vs Rudal kalo satpamnya satpam Laker's tanpa pikir panjang langsung di getok tuh palanya yg kameja biru..,anger
Gencatan senjata adalah taktik Amerika Serikat untuk membuat persiapan perang selanjutnya. https://t.co/WdHpTr84q0,sadness
nakaka burnout mga nangyayari . tapos sasabihan ka pa na para saan ang perang sinasahod ko parang walang katuwang You made me realize that all my sacrifices are worthless to you and that I am not your partner in everything.,sadness
Lah min kamu gatau aja ditempatku kerja lagi ngobrolin situasi geopolitik perang. Ada yang nyeletuk Loh kak emang perang dunia 2 udah selesai? ,sadness
@USER Wartawan itu mayoritas berideologi sjw sama seperti sejarawan dan bagi mereka mengekpos kejahatan kaum muslim adalah islamophobia Inilah mengapa orang kristen disalahkan ketika melakukan perlawanan terhadap jihad pada perang salib pertama.,love
@USER Yeee perang,anger
Kirain kondisi global udah paling chaos. Tp ternyata ada 1 negara konoha yg pdhl ga ikut perang katanya non blok sumber alam kaya lokasi strategis dsb.. Tp kondisinya lebih chaosss. Cuma gegara pimpinan gov dan antek pejabutnya segila itu.,anger
@USER @USER @USER @USER pls sebelum tl berubah jadi medan perang,love
@USER @USER @USER @USER @USER @USER @USER @USER @USER @USER @USER @USER @USER @USER Perang krn memusuhi dakwah nabi Muhammad SAW diperangi kalau tidak mau mati sia-sia ya melawan makanya dilawan dan terjadi perang sbg konsekuensi kalah perang ya ada harta rampasan bahkan ada tuhan yg minta bagian perawan lu kgk protes.....gimana komentarmu..... https://t.co/ffaFfLb7fh,love
@USER @USER @USER @USER @USER @USER @USER @USER @USER @USER @USER @USER @USER @USER @USER @USER @USER @USER @USER @USER @USER @USER @USER @USER @USER @USER Dalam kondisi perang pilihannya MEMBUNUH atau DIBUNUH️ Oten @USER berharap apa disituasi tsb? Mereka main HOM PIM PAH ato Petak Umpet geto? Saat perang Islam melarang membunuh ANAK² ORTU HEWAN bahkan MERUSAK TANAMAN Cuba Oten bandingkan dgn kelakuan Tuhan ini https://t.co/195HjQpL8N,love
@USER @USER @USER @USER ngapain takut kalau masalah kedaluatan dan kesejahteraan rakyat kedua negara perang ekonomi? sama siapa? siapa yang mau perang ekonomi? emang siapa yang ga terima jelas kok untuk kepentingan lingkungan kocak ,fear
sutradara jepang mencari cast untuk peran utama film berlatar perang dunia dua: ninomiya kazunari https://t.co/VmUHqj7Bc3,sadness
perang dulu sama tugas tugas UTS yg bikin puyenggggg ini ‍ hadiahnya besok ketemu yang ganteng ganteng~,happy
@USER Aku lg kepincut jendral perang di dracin teh https://t.co/HDFO73h7Jn,fear
inget bgt struggle nya dia gmn trs dia marah marah krn mimpi aku punya cowok (pdhl cmn di mimpi) eh kenyataan nya malah dia yg nikah duluan p mkst?!!! tp tp tp aku turut berbahagia perang telah usai teteh selamat yaa luvvv ak happy bgt sambil iri dikit,happy
perang batinnya ada bgt tiket kodaline lalalafest masih available mana first entry ,sadness
Perang Iran Picu Kiamat Baru Harga Baju H&amp;M-Zara Cs Bakal Meledak? https://t.co/Q3qSELXNb8,sadness
#cambros si anak kelas sebelah; akhirnya masuk ke medan perang (re:utbk) https://t.co/tWJeHkNMjH,sadness
@USER @USER @USER @USER ya artinya lu gak ngerti perang ekonomi itu apa. klo keluarga lu punya toko terus ada krisis moneter kena jarah gak usah komplain ya?,love
@USER @USER Kalo mau keluar UNCLOS ya kita mesti punya power terutama power militer yg ya Taulah bakal ada suara2 sumbang yg bilang Mau perang sama siapa ,anger
Bayangin kebanyakan pabrik diindo masi impor Raw material dan Raw packaging dan transaksinya pake usd pasti Sebengkak operational costnya mana ada isu perang naiknya gila gilaan ,sadness
Laut Jawa mendadak mencekam pada Kamis (23/4/2026). TNI menunjukkan taringnya dalam menghadapi era peperangan modern melalui skenario penghancuran sasaran strategis yang melibatkan 20 Kapal Perang Republik Indonesia (KRI) dan jet tempur F-16 TNI AU. Hasilnya? Eks-KRI Teluk Hading https://t.co/RWIUDoypfk,fear
@USER Perang?,anger
Perang DEX 2026 makin panas Solana masih #1 (~30 6%) tapi mulai melemah Ethereum naik cepat &amp; siap ambil alih BNB Smart Chain mulai tertekan Layer-2 seperti Base &amp; Arbitrum makin penting posisi #1 di crypto bisa berubah kapan saja. https://t.co/z10pl8cMhU,sadness
@USER MUNGKIN DUNIA BAKAL PERANG KRNA MAU NGEREBUTIN WANITA CANTIK YG KANAN ENIH ,anger
@USER Gamauu perang maunya tidorrr,anger
kata aku mah tutipo cepetan ngaku aja dah sebelum ini tl jadi medan perang https://t.co/SyNqZ9zFzk,sadness
@USER @USER @USER @USER @USER @USER @USER @USER @USER @USER @USER @USER @USER @USER @USER @USER @USER @USER @USER @USER @USER @USER @USER @USER @USER @USER Gimana kagak diracun jika ini perempuan kapir tau siapa yang membunuh suami bapak dan pamannya tanpa ampun. Ibu rumah tangga kan kagak mungkin adu jotos dengan seorang panglima perang. Lagian mencuri aja potong tangan apalagi membunuh anggota keluarga orang. https://t.co/h37jHqt7tj,love
~Nadin : di akhir perang ,anger
ehh sumpah gue bukan bermaksud fear mongering tapi ngeri juga baca riset dari Bridgewater alias hedge fundnya @USER yang bilang kalo perang Iran AS ini ga akan bisa selesai cepet. berarti harga minyak bakal naik terus dalam waktu yg ga sebentar. dollar makin kuat dan apa https://t.co/RNlEFTdEcI,fear
@USER Pulang dulu ayok nanti hyung bantu mengatur siasat perang /g,love
@USER @USER @USER @USER @USER @USER @USER @USER @USER @USER @USER @USER @USER @USER sama kayak Mamad yg diizinkan untuk merampas orang2 non muslim. Bahkan salah satu surat qur'an yaitu Al-Anfal artinya rampasan perang. Mamad &amp; pengikutnya itulah penjajah sebenarnya @USER @USER @USER @USER https://t.co/N2fQR2AKcK,love
BUMC perang dunia tetep disuruh masuk,sadness
@USER @USER Kalo ga salah denger apa yg mereka rusak sama seperti yg kita lihat sekarang di zaman perang. Seperri memperk**a membunuh merusak dan bahkan ngeringin danau saking rakusnya. Ya contohnya udah ada cuman ini versi lebih sadis parah dan banyak pelakunya,fear
@USER Iya beneran ya ampun kemarin malah nontonin game perang dan ngira itu perang rusia ukraine ,fear
Modifikasi sepeda motor untuk dijadikan kendaraan inspeksi rel (dresin) ternyata sudah dilakukan sejak lebih dari 50 tahun lalu. Dresin dalam foto dimodifikasi dari sepeda motor Zündapp KS 750. Diperkirakan difoto di Ukraina atau Belarusia pada Perang Dunia II. https://t.co/F0VBuMIeH5,anger
3 device gue siap perang,sadness
Harga kondom sarung tangan getah melonjak akibat perang di Asia Barat #BHbisnes Karex yang membekalkan kondom untuk jenama seperti Trojan dan Durex terpaksa menaikkan harga sehingga 30 peratus manakala kos Top Glove naik dua kali ganda. https://t.co/HaD8QDzzhY,sadness
Faktanya informasi tersebut tidak benar (hoaks). Video yang beredar merupakan potongan lama pidato Kim Jong Un yang telah diedit dan diberi narasi baru di luar konteks aslinya. Tidak ada bukti valid bahwa Korea Utara mengirim kapal perang nuklir seperti yang diklaim.,sadness
Narasi dalam unggahan tersebut menyebutkan bahwa situasi dunia kini berada di ambang konflik besar bahkan diklaim sebagai awal dari perang nuklir yang selama ini dikhawatirkan oleh negara-negara Barat.,sadness
@USER Udah jelas mereka melakukan kejahatan perang tapi gak ada hukuman apa-apa dari pbb,anger
Buku 1965: Indonesia and the World yang disunting oleh Bernd Schaefer dan Baskara T. Wardaya mengungkap bahwa tragedi 1965 di Indonesia bukan hanya persoalan domestik melainkan bagian dari dinamika global Perang Dingin. https://t.co/5494sTrgHH,sadness
@USER Diorang baru lepas tengok drama bersiri Generation Kill. Inzal lepas tengok Sarjan Mejar Sixta duk merentan pasal grooming standard dekat tengah-tengah medan perang.,sadness
@USER @USER Sabar kak Dia blm tau (malah mungkin gk pernah liat) tari Jawa klasik kek gimana apalagi versi yg lembut. Pdhl itu jg utk kamuflase latihan bela diri sejarahnya. Alamat tidur klu nonton dia ntar. Tp justru org begini malah gampang bwt dibunuh dlm perang sih krn mudah dikibulin.,fear
@USER @USER Ud pernah kesana dan nonton match kesana jaman coutinho messi dkk. Dah gak kepikiran bisa kesana lg krn euro makin meroket dan perang bikin mahal tiket. Plus makin sulit waktunya skrg. Syediihhnyaa.,anger
@USER bahas geopolitik dan ancaman perang ini opsi narasi paling normal menurut gw .,anger
@USER huhu sama sama kaa aku nganggep ini bcw s3 s2 nya yg azab. dan gaada yg ngalahin bcw era 2025 sama bgt ka kalo lagi ga ngapa2in tu pasti berasa banget kangennya. aku berani rewatch dari eps 1 stlh ±sebulan perang batin kdg masih sesekali liat trailer ,love
Israel Sesumbar Siap Lanjutkan Perang dengan Iran Tunggu Lampu Hijau dari AS untuk Serangan Mematikan https://t.co/rtTS5HkkjJ,fear
Yaelah emak² kang gosip aja di suruh perang ,anger
@USER ituuuuu masih bahasan perang dingin ,anger
@USER @USER masih perang fir gak masalah para pemimpin mati yg penting masih ada wakil2nya.,anger
@USER iyaa udah 3 bulan kak Juni nanti balik cuma ya tiap bulan harus perang dengan mood nya yang berubah ubah,fear
@USER HIZBULLAH ITU SYIAH. HUSEN GOBLOK LU HARUSNYA SENENG SYIAH DAN YAHUDI SALING PERANG KECUALI SI HUSEN ITU SYIAH LAKNAT ,anger
Sibuk perang lupa ng3nt0d aki2 banksad satu ini. Moga cpt ji'ut lah ya... https://t.co/ps0dubLDgM,sadness
10 alasan Nara gak bisa diajak perang kookv lokal AU || MAHAMERU one tweet AU https://t.co/vUhyRzwag3,sadness
now playing - perang telah usai https://t.co/9rWzGyPjR0,sadness
Sudah tidak diundang ke meja perundingan Islamabad padahal paling duluan ngajuin diri jadi mediator sejak awal perang meletus tapi dipaksa membayar tagihan perang orang lain lagi. Sabar. Sabar. Sabaaaaaarrrrrrr .,sadness
 Awalnya Jepang menyerbu Asia Tenggara untuk mendapatkan sumber daya perang lalu membangun ide bahwa Jepang adalah pemimpin Asia yang ingin membebaskan Asia dari Barat meski tidak memikirkan wilayah yang sudah dijajahnya @USER https://t.co/u2oKmFu5Yp,sadness
Dan pemerintah Iran yang sebelumnya diserbu narasi goyah justru mendapat konsolidasi nasionalisme dari perang ini. Indonesia?,sadness
@USER Bihira akong mainis.. pero nung nakita ko report talaga nainis ako nawala antok k. fair daw treatment nila sa lahat ng pairing. Anak ng saan ang fair doon. Halatang may paborito. Kayod kalabaw gawa ng LO laki ng perang ipinapasok company nila tapos ganyan trato nila. ,love
Yang lebih mencemaskan: menurut intelijen Pentagon butuh enam bulan membersihkan ranjau laut dari Selat Hormuz bahkan setelah perang selesai sekalipun. Enam bulan.,sadness
@USER ok for this case memang brand nya yang agak stupid tapi shrinkflation udah terjadi dimana-mana guys. perang iran lawan us-israel itu beneran terasa guys sampai semua sektor tanpa terkecuali.,anger
 Pendudukan Jepang mengubah ekonomi Jawa dengan mengarahkannya untuk kepentingan perang mengeksploitasi sumber daya dan memberi beban berat pada rakyat sehingga kondisi pangan memburuk @USER https://t.co/21iD0d79Ue,sadness
@USER kalo perang gua belanjain juga udah susah itu duit mau ke alfamart ngeri di rudal,fear
Speedrun ikut perang kah ?,sadness
Dua ribu kapal terjebak di Teluk Persia. Garda Revolusi Iran berjaga dengan speedboat bersenjata di satu sisi. Dua belas kapal perang AS menghadang di sisi lain. Iran tidak akan buka selat sebelum AS cabut blokade. AS tidak akan cabut blokade sebelum Iran buka selat. Dan kita?,fear
wajah pemicu perang bharatayuda https://t.co/3XpE6F2SJe,sadness
@USER @USER @USER aku tim di akhir perang,love
Kita Tidak Ikut Perang Tapi Harus Bayar Tagihannya! Kita tidak ikut perang. Tapi kita yang membayar. Indonesia tidak menembakkan satu rudal pun ke Timur Tengah tidak mengirim kapal perang ke Teluk Persia dan seharusnya tidak punya utang politik dengan Iran atau AS. Tapi ..,sadness
4 Ia turut serta dalam Perang Jarab. Setelah ia menjalin komunikasi dengan Raja Abdulaziz Raja menunjuknya sebagai wakilnya di wilayah Syam. #Bersambung #تدل_دربها #الرياض #النصر #العالمي #CR7 #Indonesia #Malaysia #Brunei #Singapura #Salafiyyah #Salafiyah https://t.co/RlqSNLK8J5,sadness
@USER balik ke perut lg aj bntr lagi perang dunia,anger
@USER Ga ada tutup nya jir warung komis mah mau negara ancur perang juga perut tetep butuh makan ,anger
@USER Konsekuensi perang ya gitu. Makanya jangan kalah,anger
@USER Makakapatay ka talaga ng tao pag nababasa mo kung papaano sila gumasta ng perang hindi sa kanila.,happy
@USER Jangan Anda mempropaganda negara Asean ikut terlibat dalam perang negara lain.asean cinta damai,love
@USER @USER @USER ada bang kalo jaman perang apalagi pahlawan pahlawan dulu tapi kalo era reformasi ini ya super duper susah bisa di bilqng mustahil,love
@USER MACAM GINI MAU MENANG PERANG DI ERA SERBA AI?!,anger
@USER ka mau request dong isha nanya ke jay 10 alasan aku ga bisa ikut perang hehehhe,fear
Rilll cuy perwakilan Konoha paling tepat saat itu ya Kakashi. Kontribusinya pas perang saat itu pun juga paling oke.,sadness
@USER @USER Perang,anger
@USER Ya kan kayak ?? aku pas baca part itu langsung weh projection kah ini. Mereka tau biasnya milih out di tengah kontrak buat pursue persobal growth itu selfish dan aneh di kpop makanya perang batin sendiri. Padahal mah kalau legowo dan respek sama prinsip masing2 mah aman aja.,fear
Ahli Biro Politik Hamas Dr Basem Naim memberi amaran bahawa sebarang usaha melucutkan senjata gerakan itu akan membuka ruang kepada genosid berterusan oleh Israel terhadap rakyat Palestin serta berpotensi mencetuskan perang saudara besar di Gaza. https://t.co/uXlfZ8EXBS,sadness
@USER Perang bisnis,anger
yang lain sibuk fanwar meanwhile shotties perang jj kicau mania antar gdm,sadness
@USER Yakin deh perang hormuz akan jadi alasan negara gagal.,fear
Reza Pahlavi putra pengasingan dari raja terakhir Iran disiram cat merah oleh seorang aktivis di luar Konferensi Pers Federal di Berlin pada 23 April. Demonstran tersebut menegurnya terkait sikapnya terhadap perang di Iran sebelum ditahan dan diamankan oleh polisi. https://t.co/PScQsj0CTB,fear
@USER PLS AK KETINGGALAN knp perang line ini bisa terjadiii,anger
Paus Leo XIV: Saya membawa di saku saya gambar seorang anak Muslim yang terbunuh di Lebanon... Saya tidak bisa mendukung perang. https://t.co/FSdYOAMEbe,sadness
Baca di sini: https://t.co/l91nbqSgvs Menteri Pertahanan Israel Israel Katz mengatakan bahwa Tel Aviv menargetkan pemimpin tertinggi baru Iran dan situs energinya jika perang berlanjut. Menurut laporan Al Jazeera Jumat (24/4/2026) Katz menyebut pasukan Israel sedang https://t.co/D8F0CcG1T4,sadness
@USER Gmn mau kelaksana klo ga diteken? Yg diteken bangun tol melulu. Jalur rel lingkar selatan ga ada kosambi-ciwidey ga ada. Logistik dan tata kota itu yg bikin menang perang dan ekonomi efisien. Masalahnya TNI Polri main properti n pajak mobil.,anger
Sek kalo perang pasifik lagi bakal kena invasi ga nih kek tarakan dulu?,anger
@USER Anu ka vibesnya kayak lagi perang dunia ,anger
Doakan aku malam ni geng. Aku ada match perang niiii .. ,sadness
@USER @USER @USER Perang Ambon yg berawal dari keributan preman di Jl. Ketapang Jakarta pusat adlh pengulangan Poso98 dan Timtim99. Tujuannya memecah Indonesia timur dg menguasai ALKI II (selat Makasar-Lombok) &amp; ALKI III (Pasifik-Laut Banda-Samudra Indonesia).,love
@USER Baguslah kalau perang biar mereka aja yg berangkat guwe mah ogah,anger
@USER Komcad udah asn wamil ada lalu rekrutmen jln trtus pdhl bkn dlm kondisi perang yg ada sj msih dialih fungsikn trrus anggaranya dari mana?,anger
@USER Please whoosh itu levelnya kayak naek pesawat jgn dibandingin sama kereta biasa yg gak murah2 amat juga. Apalagi travel jkt-bdg yang perang harga.,anger
@USER @USER Perang dah,anger
@USER takut langsung perang dunia,fear
@USER Ini seller penganut perang harga paket banyak asal kesohor. Kwkw.,anger
Operasi tersebut ditujukan terhadap kejahatan terorganisasi transnasional terkait China. Operasi itu disebut medan perang baru pemerintahan Trump. #Internasional #AdadiKompas https://t.co/7L35wsf2Vl,sadness
Operasi itu ditujukan terhadap kejahatan terorganisasi transnasional terkait China. Operasi itu disebut medan perang baru pemerintahan Trump. #Internasional #AdadiKompas https://t.co/y98P2P6Ywn,sadness
kenapa kita takleh gi perang? https://t.co/Rv78tvH0JH,sadness
Plastik naiknya 2x lipat sendiri katanya efek perang busettt,anger
Boleh cek tweet gw dan reply gw. Tweet kali ini mau semakin curiga karena dia sibuk ke LN mungkin nyari penawar tertinggi pada wilayah negara. Ingat bahwa tujuan akhir sebuah perang adalah menguasai daratan negara yang diserang.,anger
Operasi tersebut ditujukan terhadap kejahatan terorganisasi transnasional terkait China. Operasi itu disebut medan perang baru pemerintahan Trump. #Internasional #AdadiKompas https://t.co/n5ScC61Yak,sadness
Perang dunia juga #PerfectCrown #PerfectCrownEp5 https://t.co/b5Wle5J5Is,sadness
@USER @USER Lawak kondisi perang bukannya malah tetap di posisi non block malah nyepong amerika jadinya kapal pertamina ga boleh lewat hormuz. presiden siapa sih?,anger
@USER siapin kopi golda kalian bsk kayaknya ada perang sahabat nih,fear
Latihan skala besar ini melibatkan sedikitnya 20 Kapal Perang Republik Indonesia (KRI) dan pesawat tempur F-16 milik TNI Angkatan Udara. Operasi penghancuran sasaran terbagi dalam dua tahap utama. Tahap pertama dimulai dengan penembakan Rudal Exocet MM40 Block 3 oleh unsur KRI https://t.co/cAdcn6q4rE,sadness
@USER @USER @USER Itu penafsiran mu manusia tolol beda penafsiran saat konflik ambon poso maka dikristen itu ada bidat karena salah tafsir..jd maksud konflik ambon poso perang apa kalau bukan perang agama..saksi fakta pun mau kau sangkal mengakui bawa agama.. Dasar tolol,love
@USER Sepertinya yang namanya Impor mulai jarang kedengaran kecuali migas karena dampak perang kemarin.,anger
aku nanya ke teman ku menurutmu apa alasan aku gabisa ikut ke medan perang DAN DENGAN ASBUN NYA DIA JAWAB karna medan lagi ga perang ,sadness
anjer ngajak perang cok ,anger
Bayangin kamu lagi di tengah perang besar kayak di Perang Kurukshetra suasananya kacau penuh strategi dan semua orang lagi setengah mati perang all-out. Nah di situ ada satu senjata yang bisa dibilang kartu AS terakhir milik Karna namanya Vasavi Shakti. Ini senjata kaga https://t.co/OvM2QtvZj8,sadness
PERANG DUNIA JIRRRRRR #PerfectCrown #PerfectCrownEp5 https://t.co/ALl0LCYGjU,sadness
Wawancara CNN dengan tim kreator video Lego Iran Para kreator Iran membanjiri jejaring sosial dengan video bergaya Lego untuk menjelaskan kondisi sebenarnya dari Perang Iran vs AS-Israel kepada dunia terkhusus publik AS. Mereka menggunakan lagu-lagu ala rap dan hip hop agar https://t.co/OkzW87FpOt,sadness
Analis: Ini yang Menjadikan Kekalahan AS Hadapi Iran Mirip dengan Perang Melawan Vietnam https://t.co/9PpCrSislM https://t.co/qqWnLqUwp2,sadness
YA ELUUUU PERTANYAANNYA ADA-ADA SAJA Intinya mah no 10. Lu gabisa jauh dari TUNANGAN lu itu Ey. Dahlah gausah perang ga cocok jg Duh kangen bgtttt. 10 tweets bisa gasih?? Masa my MBG cuma 2 tweets ,anger
capek perang batin mulu,sadness
Sana po matulungan natin @USER dahil yung perang pinang SUGAL ni @USER tinakbuhan lang nya. Nireport pa nya yung account ng nagpautang na si madam @USER #UAAPSeason88 #PVL2026 https://t.co/JH4hK8lgMW,sadness
@USER Wkwk berasa main perang perangan,anger
#pnp Konflik geopolitik global seperti perang sekatan ekonomi dan ketegangan perdagangan antara kuasa besar turut memberi kesan tidak langsung yang signifikan kepada pasaran hartanah di Malaysia. https://t.co/W2bpN4N96O https://t.co/PtkEm079R4,sadness
@USER Menolak = perang ️,anger
@USER Bisa kalo terlibat perang,anger
@USER Bukannya kemarin ngaku nya ade Raja UEA kan viral telponan sama kakaknya di UEA tanya perang Iran bangga sy 🇮🇩 punya presiden kel raja Arab kok skarang ngakunya Orang Kampungpak yg benar dong keluarga raja atau orang kampung boong dosa lho pak gak takut apa sama dosa ‍️‍️‍️,anger
@USER Siap² perang perang lawan rakyat???,anger
TERKINI | Pesawat perang Israel melancarkan serangan udara ke atas sekumpulan rakyat Palestin berhampiran persimpangan Behloul di kawasan kejiranan al-Nasr barat Bandar Gaza. https://t.co/MVQ6u2pB45,sadness
Etapi bukannya dalam perang modern sekarang yg dibutuhkan adalah teknologi dan kualitas manpower? Kita sudah banyak menyaksikan bagaimana zombie2 berdarahdingin itu dipites dengan mudahnya oleh teknologi. Kecuali mungkin kalo musuhnya sama primitifnya atau lebih primitif ,sadness
SPACE LEMBAGA KERIS Eps. 5 Dari Medan Tempur ke Meja Diplomasi: Analisis Pembelajaran Perang Iran Bagi Indonesia sebagai Negara Kepulauan. Jumat 1 Mei 2026 19.00 21.00 WIB Live di Space X @USER https://t.co/DOvJ87GPDI,sadness
@USER OMGG MODERN DAY HELEN OF TROYY ADALAH BIKIN DEBAT KUSIR HEBAT DI COMMENT SECTION TIKTOK DISCOURSE 7 HARI 7 MALEM DI TWITTER DAN PERANG BALES2AN IG STORY,love
Serius ga anjir pernah nanya chatgpt katanya bakal susah bikin seri ini krn full perang dan naga. Kalo beneran sih gwej berekspetasi tinggi.,anger
Peralatan perang militer AS mulai terkumpul di bandara Ben Gurion. Semua itu tidak lama lagi akan menjadi tumpukan besi rongsok dihantam rudal2 kiriman @USER https://t.co/QRexrg0nAl,sadness
AS saat ini telah mengerahkan 3 kapal induk di sekitar Iran bersama 200 jet tempur dan 12 kapal perang. Meski begitu AS tidak memiliki keberanian untuk memasuki Selat Hormuz atau Teluk Persia. Itu masih 200 kilometer jaraknya dari pantai Iran karena takut diserang IRGC Iran. https://t.co/HoEFXI7rwm,fear
SPACE LEMBAGA KERIS Eps. 5 Dinamika konflik Iran Amerika Serikat Israel menegaskan perubahan karakter perang modern melalui penggunaan teknologi dan operasi multidomain yang berdampak pada stabilitas kawasan serta jalur energi dan perdagangan global. Bagi Indonesia sebagai https://t.co/JAfHvpjHNt,sadness
Pada acara awam pertamanya di Algeria Sri Paus Leo XIV telah melawat Monumen Syuhada Maqam Echahid yang memperingati mereka yang kehilangan nyawa dalam Perang Kemerdekaan Algeria pada tahun 1954 - 1962. https://t.co/tAkWly3tVh,sadness
@USER @USER Sejak perang Ukrania gara-gara macron gagal mengambil jalur diplomasi. @USER,love
@USER Miliaran hanya untuk pengalaman bodoh oh ya sekaligus membiayai senjata untuk perang juga tentunya ,anger
@USER NAIK GIZA 2 Jam dalam Studio Bawa Ombak Laju Bertamu Dalam Perang tp jujur basslinenya Bawa Ombak Laju kukira sama kaya yg versi live ultah ONAR ternyata beda,anger
Yg pertama pk @USER bukan pejabat publik dan posisinya sbg rakyat biasa berkumpul dikelompoknya melakukan parameter kasus perang agama dimaluku.Jika bicara kasih napa ada perang us vs iran dll Cc @USER @USER @USER @USER @USER @USER,love
Binabalak pa talaga ng Bise presidente ng Pilipinas na mag World tour?? Sobrang kapal sa sobrang daming perang winaldas mo at ng administraysong ito Habang nasa Krisis Ang Bansa gusto mong nag lalakwatsiya sa iBang Bansa NathanielCesar Palacios,sadness
Surat kabar Prancis Le Monde: Netanyahu semakin menjauhkan Israel dari sekutu-sekutu Eropa dan Amerikanya. Semakin banyak perang yang dilancarkan Israel semakin terisolasi negara itu. Pendekatan militeristik pemerintah Netanyahu telah meningkatkan isolasi internasional https://t.co/SqZz98a1dx,sadness
Kemarin 25 pesawat pengisian bahan bakar militer AS mendarat di Tel Aviv. Sepertinya perang berlanjut. https://t.co/gmfu4BXyUE,sadness
@USER Harusnya pemuda Pancasila diterjunkan ke selat hormuz untuk mendamaikan perang USA vs Iran,anger
NUKLIR &amp; ENERGI: (Jika) Perang Nuklir Terjadi Pasokan Energi Abad Ke-21 Terhenti? Ruang Pakar Ke-3 Perhimpunan Kajian Keamanan Dunia (RP3-PKKD) 1).Muhadi Sugiono 2).Hendra Manurung 3).Robi Sugara 4).Irawan Jati 5).Tia Panca Rahmadhani Sabtu 25 April 2026 15.30-17.30 WIB. https://t.co/6InhZsiP5z,anger
@USER Kmungkinan perang darat yg di kerah kan bila tdk damai krna tuk mengalahkan rudal hanyalah perang trbuka,anger
#Izin pak presiden Trump @USER udah lahh main perang perangan nya pakk. Fokus ke visi misi pas kampanye sebelum jadi presiden untuk menjadikan Make America Great Again dan Make Earth Great Again . Kemudian rencana nesara gesara juga itu. . Okeh mungkin media lagi,anger
Mengapa gencatan senjata dan negosiasi yang mengambang potensial menarik Iran dan AS kembali ke tepi jurang perang? Simak pembahasan selengkapnya dalam #BolaLiar malam ini pukul 20.30 WIB hanya di KompasTV! ▶️ https://t.co/rUTSoY7Gv2 https://t.co/TpIwT5erij,sadness
Ihsg merah boleh salah Trump pemerintah perang harga bbm kurs psp atau orang lain tapi kalau sampai portofolio saham kita merah 1000% salah kita sendiri!,anger
@USER Kelihatan disini perang agama + politik bukan karena kemanusiaan toh negara2 uzlims gak pernah peduli pembantaian sesama muslims di Sudan Afganistan dll. Di sudan mesjid byk dibakar oleh pasukan msulim lainnya krn beda paham pemimpin2 iluzlims hanya diam,anger
@USER @USER Hanya Thailand yg berani perang kamboja,anger
@USER @USER @USER Syahid itu hanya pengucapan bahas arab ketepan JK islam tahu syahid kalau kristen ada kata martir dari bahas yunani bnyak bidat kristen asal tafsir &amp; fakta terjadi pada perang salib &amp; terjadi ambon poso maka bidat itu terpecah denom akibat sesuka hati menafsir alkitab sembarang,love
perlu digarisbawahi kalau ekspektasi investor terhadap big banks dilandandasi oleh faktor-faktor yang sama dalam mendukung pertumbuhan ekonomi bukan jika saham big banks anjlok maka perekonomian indonesia sedang butuh perhatian lebih lanjut faktornya (personal opinion),fear
gws perekonomian indonesia,sadness
Perekonomian Indonesia membaik dan WNI dapat presiden serta pejabat kompeten dan jujur.,anger
Menko Perekonomian Airlangga Hartarto memaparkan strategi Indonesia dalam menghadapi tekanan ekonomi global. Menurutnya ketahanan ekonomi nasional ditopang konsumsi domestik investasi dan penguatan sektor industri. https://t.co/XjfEZqJLZY,sadness
@USER Gerombolan Prabowok msh Ngeles Perekonomian Indonesia Baik2 Saja pdhl perekonomian Suatu negara Baik2 sj bisa dilihat dr Daya Beli Masyarakat diPasar ini FAKTA REAL nya di Pasar Sepi &amp; Para Pelaku Usaha udh Teriak2 https://t.co/qEo1tIbl4P,anger
@USER @USER Betul USD kini tembus 17.300 rupiah. Makin kacau perekonomian Indonesia semua barang melonjak naik. Yang kagak naik cuma satu yaitu gaji maupun pendapatan rakyat.,anger
@USER Perekonomian Negara Baik2 sj bisa dilihat geliat Perputaran Ekonomi dipasar2 Pasar2 Tradisional aj udah sepi begini jadi pemerintah kalau msh ngeles Indonesia Baik2 Saja OMG https://t.co/jeDnPtjlqx,sadness
Pemerintah Indonesia mengubah pendekatan dalam mengelola perekonomian nasional dengan menerapkan strategi mode bertahan atau survival di tengah meningkatnya tekanan global. Baca Selengkapnya: https://t.co/ZCpZPeLCrD https://t.co/tzbZMLl4Yk,sadness
Menteri Keuangan (Menkeu) Purbaya Yudhi Sadewa menegaskan bahwa fluktuasi nilai tukar rupiah belakangan ini bukan mencerminkan kondisi fundamental ekonomi Indonesia yang menurun. Menurutnya perekonomian domestik saat ini masih menunjukkan ketahanan yang relatif lebih kuat https://t.co/sf5BD6jfS1,sadness
Lebih dari sekadar pencapaian penghargaan ini menjadi penguat komitmen Fraksi Partai Demokrat untuk terus menyuarakan aspirasi masyarakat meningkatkan kesejahteraan rakyat dan berperan aktif dalam menjaga perekonomian Indonesia agar tetap stabil dan berkelanjutan. #Demokrat,love
Jakarta 23/4/2026 Kemenkeu Wakil Menteri Keuangan (Wamenkeu) Juda Agung menegaskan bahwa kondisi perekonomian Indonesia tetap stabil dan tangguh di tengah meningkatnya ket... https://t.co/6wTlGmudfG,sadness
Menteri Keuangan (Menkeu) Purbaya Yudhi Sadewa menilai pelemahan nilai tukar rupiah bukan mencerminkan kondisi fundamental ekonomi Indonesia yang memburuk. Justru perekonomian domestik masih relatif kuat dibandingkan negara lain di kawasan. Tapi untuk saya sih ini (pelemahan https://t.co/1iNZ5TkBRC,sadness
Menteri Koordinator Bidang Perekonomian Airlangga Hartarto mengungkapkan 60 persen investasi di Indonesia menghasilkan laba. Kondisi ini dinilai menjadi daya tarik bagi investor yang mau menanamkan modalnya ke Tanah Air. Airlangga mengatakan kondisi ini membuat Indonesia lebih https://t.co/5iWOAdVxU3,sadness
[SUBTEMA IEO 27: SEKTOR FISKAL] Halo Young Policy Makers! Sejalan dengan upaya penguatan perekonomian Indonesia di tengah ketidakpastian strategis Indonesia Economic Outlook 2027 mengangkat fokus pada sektor fiskal dengan mengusung subtema: https://t.co/EABFm6juiU,sadness
[SUBTEMA IEO '27: SEKTOR MONETER &amp; FINANSIAL] Halo Young Policy Makers! Sejalan dengan upaya penguatan perekonomian Indonesia di tengah ketidakpastian strategis Indonesia Economic Outlook 2027 mengangkat fokus pada sektor moneter dan finansial dengan mengusung subtema: https://t.co/uEBwlMJ6WS,sadness
[SUBTEMA IEO '27: SEKTOR RIIL] Halo Young Policy Makers! Sejalan dengan upaya penguatan perekonomian Indonesia di tengah ketidakpastian strategis Indonesia Economic Outlook 2027 mengangkat fokus pada sektor riil dengan mengusung subtema: https://t.co/H4RwYLGeM3,sadness
Baru tadi siang gue ngobrol tentang perekonomian Indonesia dan diwanti-wanti buat ga pakai uang dingin dulu. Fawk it i guess https://t.co/ScM1c7jlVP,sadness
@USER Kalau yang aku pelajari di buku2 waktu SMP IPS Ekonomi bahwa Investasi ( penanaman modal asing ) manfaatnya untuk transfer teknologi. Waktu aku baca buku Gie bahwa Investasi dibuka zaman Suharto Sumitro Menteri perekonomian saat itu mulai rusaknya Indonesia.,anger
@USER Itu daerah kepulauannya salah satu penghasil cengkeh dengan harga jual tinggi tapi akhirnya hancur akibat anak presiden memonopoli perdagangan cengkeh di Indonesia. Alhasil setelah itu perekonomian disana hancur lebur karena cengkeh adalah pendapatan utama warga.,anger
https://t.co/UGw1z5oXah indonesia Hari Ini : Penurunan tingkat pengangguran terbuka kerap dibaca sebagai kabar baik bagi perekonomian nasional. Dalam berbagai rilis resmi Badan Pusat Statistik indikator ini menunjukkan tren membaik .. https://t.co/QVbByY4exU,sadness
Menteri Koordinator Bidang Perekonomian Airlangga Hartarto menilai laporan JP Morgan Asset Management yang menempatkan Indonesia sebagai negara paling tahan guncangan energi mencerminkan ketahanan energi nasional. Sebagaimana diketahui laporan terbaru Eye on the Market bertajuk https://t.co/f1d9x7F29u,anger
@USER Dr pertama sy nggak bgt percaya dg Purbaya walau awal2 dia terkesan sgt merah putih tp sy selalu ingat apa yg pernah dikatakan Alm RR bhw menkeu dan menko perekonomian itu dlm kendali aseng dan asing jd tak mgkn bekerja utk membela kemandirian dan kesejahteraan bsngsa Indonesia..,love
Pemerintah lagi gencar jaga ketahanan pangan guys! Yuk dukung langkah ini biar Indonesia makin sejahtera! Dengan data yang oke perekonomian kita pasti maju! https://t.co/u9kSnLwVpS,sadness
Realisasi investasi pada kuartal I 2026 yang mencapai Rp498 79 triliun melampaui target Rp497 triliun menjadi sinyal kuat kepercayaan investor terhadap perekonomian Indonesia. #InvestasiTumbuh #EkonomiKuat #IndonesiaMaju https://t.co/GKOWbFHOnS,love
Realisasi investasi pada kuartal I 2026 yang mencapai Rp498 79 triliun melampaui target Rp497 triliun menjadi sinyal kuat kepercayaan investor terhadap perekonomian Indonesia. #InvestasiTumbuh #EkonomiKuat #IndonesiaMaju https://t.co/NTCav1lquG,love
Realisasi investasi pada kuartal I 2026 yang mencapai Rp498 79 triliun melampaui target Rp497 triliun menjadi sinyal kuat kepercayaan investor terhadap perekonomian Indonesia. #InvestasiTumbuh #EkonomiKuat #IndonesiaMaju https://t.co/d3PHGy9PCI,love
@USER Tidak akan memulihkan perekonomian Indonesia cokkk,love
@USER Berdasarkan Pasal 33 UUD 1945 sistem perekonomian Indonesia dirancang bukan berdasarkan kapitalisme murni melainkan demokrasi ekonomi yang berlandaskan asas kekeluargaan dan gotong-royong. namun hal yang telah di jelaskan di atas di jalan secara capitalism.,sadness
@USER @USER Akhirnya ada juga yg naik di perekonomian Indonesia .,love
Realisasi investasi pada kuartal I 2026 yang mencapai Rp498 79 triliun melampaui target Rp497 triliun sinyal kuat kepercayaan investor terhadap perekonomian Indonesia. ini tidak hanya mencerminkan iklim usaha yang semakin kondusif. #InvestasiTumbuh #EkonomiKuat #IndonesiaMaju https://t.co/d4eQoU5L5r,love
Kemudian pada pict 2. dijelaskan juga oleh Rikopedia (flowchart pic not mine) bahwa glowchart pengaruh kenaikan harga minyak diatas $80/barel terhadap perekonomian dan sektor di Indonesia. yang mana hal tersebut turut melemahkan nilai tukar rupiah.,sadness
Kami akan berkolaborasi untuk bersama-sama memajukan perekonomian di Jabar memberantas kemiskinan dan menghadirkan kesejahteraan. Karena Jabar adalah tulang punggung Indonesia maka jika Jabar maju dan sejahtera maka Indonesia juga akan maju dan sejahtera juga.,happy
@USER @USER @USER @USER @USER @USER @USER @USER @USER @USER @USER Bantalan RI kokoh perekonomian Indonesia menyala: Maka menyalalah: 1. Rupiah 17.300 terlemah di dunia 2. Utang jatuh tempo + bunga yg harus dibayar 1.435T. 3. CAD Q1: 240T. 4. Asing kabur kencang Menyala ,love
dan gotong royong untuk mewujudkan perekonomian Indonesia yang lebih inklusif dan berkelanjutan. Turut hadir Wakil Presiden ke-11 Bapak Prof. Boediono.,sadness
Menteri Koordinator Bidang Perekonomian Airlangga Hartarto mengatakan India dan Filipina berminat mengimpor pupuk urea dari Indonesia seiring posisi produksi nasional yang saat ini mengalami surplus sejauh ini. Pupuk kita mengalami surplus sehingga beberapa negara seperti https://t.co/4sacJeC6dL,sadness
kalo tanya ke atasan jawabannya kondisi perekonomian indonesia memang sedang tidak baik-baik saja kita bisa apa? semua sektor emang lagi kaya gini tunjangan saya juga malah dipotong ..,anger
Direktur Hilirisasi Hasil Perkebunan Kementerian Pertanian (Kementan) Kuntoro Boga Andri menyampaikan posisi strategis komoditas kelapa sawit bagi perekonomian nasional saat ini tidak hanya untuk sektor pangan tetapi juga energi. Selain itu kata dia sawit Indonesia https://t.co/QUutqoebkc,sadness
Menteri Koordinator Bidang Perekonomian Airlangga Hartarto menanggapi pelemahan nilai tukar rupiah yang tembus Rp17.300 per dolar Amerika pada perdagangan Kamis (23/4/2026). Airlangga mengatakan bahwa menjaga stabilitas nilai tukar merupakan tanggung jawab Bank Indonesia. Namun https://t.co/zqAbtZBW7o,sadness
anjing w abis menganalisis perekonomian di indonesia NGELUU COKK NGAPA SI GUE PUNYA PEMIMPIN DAN JAJARAN YG SANGAT SERAKAH???? ANJING LO,anger
Menko Perekonomian: Fundamental Ekonomi RI Tetap Kuat Di tengah dinamika global yang masih penuh ketidakpastian fundamental ekonomi Indonesia tetap terjaga solid. https://t.co/P5bfOkwHJ3,sadness
bismillah semoga capcay hari ini bisa bikin perekonomian indonesia membaik,sadness
@USER Semoga pak Mentri berserta Jajarannya sukses dalam meningkatkan perekonomian Desa dan Indonesia,love
untuk melihat aktivitas perekonomian perikanan. EKONOMI BIRU UNTUK INDONESIA EMAS 🇮🇩 PPS KENDARI LUAR BIASA! SOSOITO! #PPSKendariluarbiasa #PanganBiru #2026KKPGrowStronger #SailBeyondWithBlueEconomy #EkonomiBiruUntukIndonesiaEmas,love
apapun yang terjadi pastinya papua akan diperhatikan karena Papua adalah bagian dari indonesia. presiden akan kerahkan tenaganya agar bisa menumbuhkan perekonomian yang baik Cendrawasih Makin Modern #PapuaGoDigital https://t.co/th6Z8GMMwv,love
Selain Australia Pemerintah Sebut Filipina dan India Minati Pupuk Urea Asal Indonesia Jakarta - Menteri Koordinator Bidang Perekonomian Airlangga Hartarto mengatakan India dan Filipina berminat mengimpor pupuk urea dari Indonesia seiring posisi produksi nasional yang saat ini,happy
IMF SALAH MENILAI PEREKONOMIAN INDONESIA YG TERNYATA INDONESIA MAMPU MEMPERKUAT DAN MENJAGA STABILITAS PEREKONOMIANNYA DI MANA DUNIA SEDANG MENGALAMI KRISIS #jagaindonesia #jagaekonominasional #indonesiatangguh #tolakpesimisme #validasiglobal https://t.co/cdXt2Lm7QO,anger
Opimisme ini disampaikan Menteri Koordinator (Menko) Bidang Perekonomian Airlangga Hartarto. Ia memprediksi ekonomi Indonesia tumbuh mencapai 5 5 persen pada kuartal I 2026 atau tumbuh tipis dari laporan akhir 2025 lalu dimana pertumbuhannya 5 2 persen. https://t.co/kPZGOtgMWM,sadness
@USER Indonesia (atas resep IMF) sudah terlalu lama terus mengintervensi nilai tukar Rupiah sehingga overvalue. Sudah saatnya Rupiah dibiarkan menuju nilai riilnya tanpa intervensi berlebihan. Akan lebih sehat juga untuk perekonomian.,anger
INDONESIA MAMPU MENJAGA DAN MEMPERKUAT KESTABILITASAN PEREKONOMIAN DI MANA NEGARA2 LAIN SEDANG MENGALAMI KETERPURUKAN DENGAN EKONOMI #JagaIndonesia #jagaperekonomiannasional #indonesiatangguh #tolakpesimisme #kementrian https://t.co/EdxtE0tRDA,anger
Danantara masa depan perekonomian Indonesia #InvestasiBerkelanjutan #EkonomiNasional #BPIDanantara https://t.co/I2Gb7Xm78y,sadness
Ketua Dewan Ekonomi Nasional Luhut Binsar Pandjaitan menyampaikan kepada Presiden Prabowo bahwa pertumbuhan perekonomian Indonesia masih terjaga di tengah gejolak dunia. Selama tiga bulan ke depan perekonomian Indonesia tetap melaju sehingga APBN masih terkendali. #SmartNews https://t.co/vGmKU5CyNm,sadness
Malu gw Masa perekonomian Indonesia harus makin jeblok lagi? Cukup MBG aja yg jd black hole perekonomian Indonesia,sadness
Danantara masa depan perekonomian Indonesia! https://t.co/z2pkiXDnTz,sadness
@USER Bank Indonesia bisa kerja gak sih? Presiden masih ngotot dengan MBG nya? Menko Perekonomian kerjanya ngapain aja? Ketua DEN kenapa gak ada suaranya? Andre Rosiade nongol hanya untuk pencitraan rupiah turun dia ngumpet?,anger
@USER Kocak ini warga X apapun yang dilakukan Pak Presiden Prabowo bakal salah memang betul di X ini sarangnya penyakit hati semua dijelek-jelekin padahal konser itu bisa mendorong perekonomian negara dan menguntungkan daya tarik wisatawan apalagi orang luar banyak yang ke Indonesia.,anger
@USER Kocak ini warga X apapun yang dilakukan Pak Presiden Prabowo bakal salah memang betul di X ini sarangnya penyakit hati semua dijelek-jelekin padahal konser itu bisa mendorong perekonomian negara dan menguntungkan daya tarik wisatawan apalagi orang luar banyak yang ke Indonesia.,anger
@USER Kocak ini warga X apapun yang dilakukan Pak Presiden Prabowo bakal salah memang betul di X ini sarangnya penyakit hati semua dijelek-jelekin padahal konser itu bisa mendorong perekonomian negara dan menguntungkan daya tarik wisatawan apalagi orang luar banyak yang ke Indonesia.,anger
@USER Kocak ini warga X apapun yang dilakukan Pak Presiden Prabowo bakal salah memang betul di X ini sarangnya penyakit hati semua dijelek-jelekin padahal konser itu bisa mendorong perekonomian negara dan menguntungkan daya tarik wisatawan apalagi orang luar yang ke Indonesia.,anger
Masih soal strategi menghadapi krisis dampak situasi di Timur Tengah pada perekonomian Indonesia. #tanyAnin kali ini kita tanya WKU Bidang Perhubungan Pak Adrianto Djokosoetono soal efisiensi dan strategi menghadapi kenaikan BBM di sektor perhubungan dan sebagainya. https://t.co/lxtkdy8Ih9,sadness
Pemerintah terus menjaga utang dengan bijak memastikan perekonomian Indonesia tetap stabil dan tumbuh. Bersama kita menuju masa depan yang lebih cerah dan sejahtera! https://t.co/GPeEtrn08F,sadness
Hai rekan-rekan jurnalis! Bisnis Indonesia Group menyelenggarakan Journalits Writing Competition dalam rangka perjalanan 80 tahun BNI dalam mendukung perekonomian Indonesia. Yuk bagikan karya terbaikmu dalam BNI Journalists Writing Competition yang https://t.co/RFhHHHDblZ https://t.co/QVk9slCuDh,sadness
Menteri Koordinator Bidang Perekonomian Airlangga Hartarto menyatakan Indonesia menargetkan pertumbuhan ekonomi di atas 5 persen untuk mencapai status negara berpenghasilan tinggi pada 2045 bahkan perlu didorong hingga 6 7 persen di tengah ketidakpastian global yang semakin https://t.co/4T1INR9jww,sadness
Menteri Koordinator Bidang Perekonomian Airlangga Hartarto menekankan soal Indonesia yang menjadi salah satu negara yang responsif dalam menghadapi ketidakpastian global. Di bidang energi tengah dilakukan diversifikasi sumber pasokan dan pengurangan ketergantungan pada kawasan https://t.co/J2LI0MhPo6,sadness
Konflik Iran Israel AS Picu Tekanan Ekonomi DPR Soroti Dampaknya ke Indonesia Konflik yang melibatkan Iran Israel dan Amerika Serikat disebut memberikan tekanan terhadap perekonomian global maupun nasional. Hal ini disampaikan Ketua DPR RI Puan Maharani pada Selasa https://t.co/ITCSIyFU3g,sadness
Hai #SahabatEkon. Pembahasan seputar kondisi ekonomi Indonesia saat ini semakin dinamis dari waktu ke waktu. Bagaimana sebenarnya kondisinya? Simak penjelasan Pak Menko Perekonomian @USERto_official dalam video #Presspoint berikut! #EkonomiLaju #IndonesiaMaju https://t.co/aPiji4WobO,sadness
Program MBG bener-bener jadi booster buat perekonomian kita! Yuk bareng-bareng kita dukung pertumbuhan ekonomi Indonesia! 🇮🇩 #MBG #EkonomiMaju https://t.co/mI29lBc2bX,happy
Indonesia dan Singapura sepakat untuk memperkuat kerja sama di sektor ekonomi hijau (green economy) terutama energi hijau. Kerja sama tersebut diharapkan dapat mendorong perekonomian Indonesia sekaligus mendukung target Net Zero Emission (NZE). Menteri Investasi dan https://t.co/dMZ72Mx8Lq,sadness
Rabu 22 April 2026 Dalam rangka mendukung pengembangan energi baru terbarukan Perum Jasa Tirta II menerima kunjungan dari Kementerian Koordinator Bidang Perekonomian Republik Indonesia. #JasaTirta2 #PLTSJatiluhur #EnergiTerbarukan #BUMNUntukIndonesia https://t.co/3xz5jiNJz4,sadness
MBG siap dorong ekonomi Indonesia! Yuk dukung program ini biar perekonomian makin ciamik! #EkonomiMaju #MBG https://t.co/bDfaWtIO20,sadness
@USER @USER @USER @USER Selain memberikan makanan sehat dan bergizi bagi anak anak Indonesia MBG terbukti mampu mendorong perekonomian masyarakat setempat. #LanjutkanMBG,love
Situasi di Timur Tengah juga membawa dampak yang tidak mudah pada perekonomian Indonesia. Juga terjadi gangguan di sektor migas atau energi plastik dan komoditas strategis lainnya. https://t.co/XNFoMATJJD,sadness
️ Ke depan berbagai kebijakan Pemerintah dan Bank Indonesia perlu terus diperkuat di tengah menurunnya prospek perekonomian global. ️ Berbagai program prioritas Pemerintah untuk menyerap tenaga kerja meningkatkan permintaan domestik dan tetap memperkuat ketahanan fiskal,sadness
Perekonomian Indonesia masih bertumpu pada konsumsi rumah tangga yang pada 2025 mencapai Rp12.835 triliun atau 53 9% dari PDB menjadikannya motor utama aktivitas ekonomi nasional. https://t.co/rf9eFW1hpZ,sadness
Purbaya DEBAT seru dengan Bank Dunia &amp; IMF di Washington DC Menkeu memaparkan kekuatan perekonomian Indonesia yg MENYALA di saat Dunia gonjang ganjing Ujungnya mereka menawari hutang RI... Langsung ditolak Menkeu bilang bantalan RI kokoh dia masih punya Rp 420 trilyun di https://t.co/Z7k3PCwzCj,anger
*Program Pendidikan Kebanksentralan Bank Indonesia Tahun 2026 resmi dibuka!* Semeton Bank Indonesia membuka kembali kesempatan bagi mahasiswa yang ingin memperluas wawasan meningkatkan kapasitas diri dan memahami peran strategis bank sentral dalam perekonomian. https://t.co/2ZrminE9Vl,sadness
Menteri Keuangan Purbaya Yudhi Sadewa menyatakan bahwa IMF memuji Indonesia sebagai salah satu titik cerah (bright spot) dalam perekonomian global karena fundamental ekonominya yang kuat. IMF memuji Indonesia sebagai salah satu bright spot dalam perekonomian global karena https://t.co/cePGRy1KQk,sadness
Kegiatan ini dilanjutkan sesi Talkshow bersama Para Perempuan Inspiratif dari berbagai macam latar belakang yang turut memajukan perekonomian Indonesia. https://t.co/C2nNDVj6Zy,sadness
@USER TIDAK ADA BUKTI bhw Bank Dunia minta maaf. Forecast Bank Dunia mencakup banyak negara disusun olh Tim Ekonomi mereka terdiri dari 114 halaman. Ada ulasan lengkapnya khusus mengenai perekonomian Indonesia di Podcast Awalil Rizky.,anger
Katanya Perekonomian Indonesia bakal to the Moon. Tapi nyatanya? https://t.co/xG6rZXeIEh,sadness
@USER @USER Berarti memang tidak bisa mengelola anggaran harusnya bisa untuk memperkuat pertanian Indonesia. Malah untuk impor yg justru merusak perekonomian,love
Presiden Prabowo tegaskan MBG dorong Pertumbuhan Ekonomi dari lapisan paling bawah. Presiden Prabowo memaparkan dampak positif kebijakan Makan Bergizi Gratis (MBG) terhadap perekonomian Indonesia khususnya dari lapisan masyarakat paling abwah https://t.co/TB4J5DB6PU,sadness
Presiden Prabowo tegaskan MBG dorong Pertumbuhan Ekonomi dari lapisan paling bawah. Presiden Prabowo memaparkan dampak positif kebijakan Makan Bergizi Gratis (MBG) terhadap perekonomian Indonesia khususnya dari lapisan masyarakat paling abwah https://t.co/zFppx3b1q3,sadness
Presiden Prabowo tegaskan MBG dorong Pertumbuhan Ekonomi dari lapisan paling bawah. Presiden Prabowo memaparkan dampak positif kebijakan Makan Bergizi Gratis (MBG) terhadap perekonomian Indonesia khususnya dari lapisan masyarakat paling abwah https://t.co/oqk3yCboEQ,sadness
Presiden Prabowo tegaskan MBG dorong Pertumbuhan Ekonomi dari lapisan paling bawah. Presiden Prabowo memaparkan dampak positif kebijakan Makan Bergizi Gratis (MBG) terhadap perekonomian Indonesia khususnya dari lapisan masyarakat paling abwah https://t.co/hfT3PriPeq,sadness
Danantara membawa optimisme baru bagi perekonomian nasional. Setiap investasi yang dikelola hari ini menjadi langkah penting menuju Indonesia yang lebih maju dan berdaya saing. #Danantara #PertumbuhanEkonomi #IndonesiaMaju #InvestasiNegara https://t.co/QOFbIb3wTH,happy
Kesenjangan pendanaan masih menjadi tantangan signifikan bagi perekonomian nasional. Berdasarkan data Statistik Sistem Keuangan Indonesia (SSKI) dari Bank Indonesia kebutuhan kredit UMKM diproyeksikan mencapai Rp4.300 triliun pada 2026. Selengkapnya di https://t.co/skFmIWDYUe https://t.co/yZibeM3VYg,sadness
Lagi mager keluar rumah? Tinggal klik. Pesan. Tunggu di rumah. Tanpa sadar kebiasaan sederhana ini ikut menggerakkan perekonomian. Yuk sukseskan Sensus Ekonomi 2026 Mencatat Ekonomi Indonesia. Video oleh @USER #SadarStatistik #SE2026 #MencatatEkonomiIndonesia,happy
Pemerintah kembali memberi sinyal kuat terkait kelanjutan proyek mobil nasional (mobnas) di Indonesia. Kali ini pengembangannya disebut sudah memasuki tahap persiapan dengan melibatkan industri dalam negeri. Menteri Koordinator Bidang Perekonomian Airlangga Hartarto https://t.co/XnUkUf4STa,sadness
Semakin kesini pemerintahan dan kondisi perekonomian Indonesia semakin bajingan ~ keparat ~,love
@USER Harus nya 15% agar anggaran MBG bisa berjalan lancar dan menciptkan lapangan kerja baru bagi rakyat dan akan menumbuhkan jumlah pengusaha pengusaha baru dan pada akhirnya akan memperkuat pondasi perekonomian indonesia,love
Hari Kartini 2026: Perempuan Berdaya di Balik Kekuatan UMKM Indonesia Peringatan Hari Kartini menjadi momen reflektif dalam memperjuangkan aspek dasar dalam kehidupan bernegara tak terkecuali perekonomian negeri. Baca selengkapnya di https://t.co/3gXcmcgIyg https://t.co/WiHCGiratQ,sadness
Di tengah perekonomian global yang tidak menentu Indonesia berhasil meyakinkan Bank Dunia IMF dan investor global bahwa ekonomi Indonesia baik-baik saja. Di New York dan Washington DC Amerika Serikat dunia percaya kepada Indonesia Saksikan TOP ECONOMY dengan tema INVESTOR https://t.co/1ZdQei8xQD,sadness
Dalam kondisi global yang diliputi ketidakpastian strategis perekonomian dunia diwarnai oleh persaingan kebijakan antarnegara. Kondisi ini berdampak pada stabilitas ekonomi negara termasuk Indonesia yang tercermin dalam fluktuasi nilai tukar serta tingginya suku bunga global.,sadness
Dampak Positif Kebijakan Makan Bergizi Gratis (MBG) terhadap perekonomian Indonesia Khususnya dari lapisan masyarakat paling Bawah. MBG Penggerak Ekonomi Rakyat. #GenerasiSehat https://t.co/g8rrAwClTG,sadness
Dampak Positif Kebijakan Makan Bergizi Gratis (MBG) terhadap perekonomian Indonesia Khususnya dari lapisan masyarakat paling Bawah. MBG Penggerak Ekonomi Rakyat. #IndonesiaSehat https://t.co/ff0LPSRKbN,sadness
Dampak Positif Kebijakan Makan Bergizi Gratis (MBG) terhadap perekonomian Indonesia Khususnya dari lapisan masyarakat paling Bawah. MBG Penggerak Ekonomi Rakyat. #SehatBersamaMBG https://t.co/6zkFIBKKD6,sadness
Menteri Koordinator (Menko) Bidang Perekonomian Airlangga Hartarto buka suara soal rencana membuat mobil nasional (mobnas) di Indonesia. Dia mengklaim kendaraan anak bangsa itu akan diproduksi PT Pindad di pabrik Karawang Jawa Barat. ------- Pabrik Pindad di Karawang https://t.co/ZghqSSWIw5,fear
Rupiah meluncur melewati level 17.000 per USD mencapai level 17.125 hari ini. Tekanan semakin meningkat karena angka tersebut semakin jauh dari target pemerintah pada tahun 2026. Apa langkah selanjutnya bagi perekonomian Indonesia? #Rupiah #EkonomiIndonesia #Forex #USD https://t.co/7g7H8QaU52,fear
@USER @USER Beli di umkm aja biar perekonomian indonesia muter,love
Rapat Kerja Nasional VIII Ikatan Pengusaha Muslimah Indonesia (IPEMI) di Jakarta (21/04). Saya menyampaikan apresiasi atas peran strategis para pengusaha muslimah yang terus bergerak berinovasi dan memberi kontribusi nyata bagi perekonomian bangsa. https://t.co/JLjVExP7fM,sadness
optimis generasi muda dan perekonomian papua punya masa depan cerah kalau terus didukung seperti sekarang dan langkah ini jadi Bukti Cinta Prabowo untuk indonesia yang lebih merata #BaktiNegeriDiPapua,love
Pertumbuhan kredit nasional Indonesia mencapai 10 42 persen secara year-on-year (yoy) hingga akhir Maret 2026 menunjukkan kinerja intermediasi perbankan yang tetap kuat dan stabil. Data dari Kementerian Koordinator Bidang Perekonomian (Kemenko Perekonomian) ini mencerminkan,sadness
Keren banget Prabowo ketemu Putin! Langkah strategis buat rakyat dan perekonomian Indonesia. Semoga makin maju! 🇮🇩 https://t.co/NCjlic09fW,sadness
Selamat Hari Konsumen Nasional 2026 Yuk jadi konsumen yang cerdas dengan bangga menggunakan produk buatan Indonesia. Bersama kita dukung UMKM dan perkuat perekonomian nasional #harikonsumennasional https://t.co/pmjjFiqjxm,happy
#SobatRupiah kenaikan harga minyak dunia bukan hanya isu global dampak rambatannya akan turut memengaruhi perekonomian Indonesia. Lalu apa langkah yang ditempuh Bank Indonesia dalam #RDGBI untuk tetap menjaga stabilitas sekaligus mendorong pertumbuhan? Saksikan DUA HARI https://t.co/xxAhlTdnh7,sadness
Di tengah ketidakpastian global Composite Leading Indicator (CLI) berperan krusial sebagai sistem deteksi dini. Instrumen ini mengolah data komposit dari berbagai sektor untuk memproyeksikan arah kinerja perekonomian suatu negara termasuk Indonesia. https://t.co/yWR1lbXc1S,sadness
Saat banyak negara menyesuaikan harga energi Indonesia tetap berupaya menjaga kestabilan demi rakyat dan perekonomian nasional. #BBMSubsidiTidakNaik Pemerintah Jaga Daya Beli https://t.co/lQ606OT8hv,sadness
@USER Karena orang Indonesia hanya dibutuhkan saat pemilu saja karenaaa masih banyak yg bisa dibodohi dengan sedikit uang Indonesia tidak mau pemimpin cerdas yg bisa memperbaiki keadaan negara dan perekonomian rakyat banyak warganya yg cuma butuh sedikit kucuran suap yg penting dikasih,anger
@USER @USER Tetep ajah ada pengaruhnya yg pakai non subsidi orang-orang yg sebagian besar menggerakkan perekonomian bangsa Indonesia.,love
@USER Perekonomian Indonesia nggak gampang goyah pertumbuhan 2025 buktinya #EkonomiIndonesia,love
Jusuf Kalla Group udah lunasin hutang ke bank pemerintah! Keren banget guys! Kita dukung terus langkah positif buat perekonomian Indonesia! 🇮🇩 https://t.co/pRRyTiTQFy,sadness
Investasi di Indonesia makin menggeliat! Ciptakan lapangan kerja tingkatkan perekonomian dan bikin hidup rakyat lebih sejahtera. Yuk dukung langkah positif ini! https://t.co/iZcnF2ClVf,anger
Jusuf Kalla Group berkomitmen bayar utang ke bank pemerintah! Ini langkah positif untuk perekonomian kita. Yuk dukung terus keberlanjutan pembangunan Indonesia! 🇮🇩 https://t.co/v3xvhgDSUz,sadness
BBM naik? Tenang guys! Ini langkah strategis buat perekonomian kita. Yuk dukung pemerintah demi Indonesia lebih maju! https://t.co/HAIApQKaT6,sadness
Gatekeep perekonomian indonesia dari lagu TTM. Jadinya barangnya bisa diliat tapi ga bisa dibeli.,sadness
Aku tilfunan sm pacar aku kan ya obrolan kita tuh siklusnya suka ga selesai dah ganti topik wkwkwk misal lg bahas perekonomian Indonesia yg lg kyk gini trs tiba-tiba persekian detik gini mandi sana LONCAT BGT LONCATTT PEMBAHASAN WKWMWKWK,love
@USER Perekonomian Indonesia udah kolaps dulu wak,love
eh lu semuaa yah sekali lagi gw ingetin URUSIN BIAS LU AJA CUKI konten bias kalian kan banyak kok sibuk banget ngurusin member yang left as if dengan leftnya hs merusak roda perekonomian hidup lu lu idup di indonesia tiap hari dientot pemerentah sama kebijakan jelek,anger
@USER @USER @USER Kota Medan sebagai gerbang utama Indonesia bagian barat seharusnya dibangun selayaknya etalase negeri. Belawan tidak ada apa-apanya dibandingkan PTP dan POS. Demikian juga KNO yang kalah menarik dibandingkan KLIA dan Changi. Medan harus jadi magnet perekonomian at least in ASEAN,love
DENGAN ADANYA KERJASAMA BILATERAL ANTAR NEGARA INDONESIA MAMPU MENJAGA STABILITAS PEREKONOMIAN #jagaindonesia #jagaekonominasional #lapangankerjauntukrakyat #lokerbukalebar #ekonomi https://t.co/XLz18UJy6Y,anger
INDONESIA MAMPU MEMPERTAHAKAN PEREKONOMIAN DAN KESTABILITASAN POLITIK TERHADAP TEKANAN GLOBAL #jagaindonesia #jagaekonominasional #lapangankerjauntukrakyat #lokerbukalebar #ekonomi https://t.co/XhkmyXcwWE,anger
@USER @USER Semoga berbagai diplomasi membawa dampak positif bagi perekonomian Indonesia,love
Kabar baik ini tentunya dapat membawa dampak positif bagi perekonomian Indonesia #jagaindonesia# https://t.co/snZEMYGasD,sadness
Kabar baik ini tentunya dapat membawa dampak positif bagi perekonomian Indonesia #jagaindonesia# https://t.co/Pa0gKBytLr,sadness
Investasi di Indonesia itu keren bro! Bukan cuma buat perekonomian tapi juga ciptakan lapangan kerja buat kita semua! Yuk dukung! https://t.co/WSKSvD9fhu,anger
Indonesia dan Rusia makin kompak! Kerja sama lintas sektor bikin perekonomian kita tumbuh pesat. Yuk dukung upaya ini untuk ketahanan nasional kita! https://t.co/ajGRViHhNS,sadness
@USER @USER Kalau subsidi bbm masih tertolong indonesia exportir komoditas lainnya seperti batubara nikel dsb. Kalau MBG kan sebenernya masih ada efek positif ke perekonomian misalnya ke petani dsb,anger
@USER Eh termul goblok apa kaitan nya org mempertanyakan keaslian ijazah Jokowi sama perekonomian Indonesia???? Emeng Jokowi siapa? Dia cmn bekas presiden yg ijazah nya palsu dan gak mau nunjukin ijazahnya di pengadilan. Termul bloon lu,anger
@USER @USER karo mbuka warkop poo ben mlaku perekonomian indonesia.,love
@USER ㅤ ㅤㅤㅤ ㅤㅤㅤㅤ 𝗫 𝗖𝗵𝗮𝘁 ㅤㅤ Ares. ﹫SWEETCHBLADES K! ﹫eunoialogy : Oh iya? Tapi memang orang sini sering minta foto even ke turis random. : Kamu iyakan? : OKAAAAY FACE ECONOMY. Can you please menyokong perekonomian Indonesia as well? : Okaay. Kabarin ya! ㅤ,love
@USER Mas Cenul... benci kali sekarang kau sama Jokowi... Cobalah sekali-kali ikuti perkembangan IKN dan infrastruktur yg telah dibangun dan yg kelak bakal menjadi pusat perekonomian Kalimantan khususnya Wilayah Indonesia Timur umumnya... Be a positive thinker please...,love
Ini bukan sekedar opini loh. Kemenkeu dan Kemenko Perekonomian udah highlight juga. Ini juga menunjukkan bahwa informalisasi dan deformalisasi ekonomi di Indonesia itu riil. Banyak pengusaha sengaja ga mau naik kelas karena bebannya banyak sudahlah harus bayar karyawan UMR + https://t.co/BfYNkT6J7f,sadness
tolong dong orgorg biadab di indonesia dimatiin aja... gue udh capeeeeekk bgt sm perekonomian anjlok ini. gue paling benci kalo ada orang yang pas diajak bahas ginian malah masih ada space buat ngebela,anger
A YO 'perekonomian' Indonesia makes it debut on Music Core wasn t on my 2026 bingo card,sadness
@USER Wlpn menjabat 3th Mak Banteng mampu menjaga perekonomian Indonesia Krismon 98 &amp; mampu klr dr Jeratan Renteenir IMF Indonesia,sadness
@USER Apa ini berkat lobi cina ke iran setelah tau amerika dan Indonesia berpotensi memanfaatkan selat Malaka yg bisa ngebunuh perekonomian cina?,love
@USER Bakal makin pelit perekonomian Indonesia selain Rupiah juga anjlok,love
Makin pelik perekonomian Indonesia ,sadness
Danantara menunjang perekonomian Indonesia di Masa Depan https://t.co/QmpxQUK2bI,sadness
Danantara menunjang perekonomian Indonesia di Masa Depan https://t.co/IUJ4cPlLhQ,sadness
@USER Beliau malah menekankan pada hilangnya potensi ekonomi yang sudah mah dikorupsi/bisnis haram/rent seeking makin hilang lagi karena uangnya tidak berputar di perekonomian Indonesia. Kalau disimpan di perbankan domestik uang tersebut masih bermanfaat buat perekonomian Indonesia.,sadness
@USER Itu juga benar tapi intinya keduanya sama-sama jahat karena udah mah uangnya korupsi ga keputer di perekonomian Indonesia.,fear
Di tengah gejolak global kebijakan presiden menunjukkan dampak positif bagi perekonomian Indonesia. Stabilitas dan kekuatan kita semakin terjaga! 🇮🇩 https://t.co/r4oaLJMzDm,sadness
Bergabunglah dengan Koperasi Merah Putih! Kesempatan emas untuk putra terbaik Indonesia tanpa KKN. Mari bersama membangun perekonomian yang lebih baik! https://t.co/uK3QO2Qtes,happy
Dengan kontribusi Jawa Timur yang mencapai lebih dari 14% secara nasional pelaksanaan sensus ini menjadi tolok ukur penting bagi perekonomian Indonesia.,fear
Wakil Kepala Badan Gizi Nasional (BGN) Sony Sanjaya menyebutkan 65 persen masyarakat Indonesia memerlukan Program Makan Bergizi Gratis (MBG) karena berhasil meningkatkan asupan gizi penerima manfaat dan memperkuat perekonomian di daerah. Alhamdulillah berdasarkan survei https://t.co/v2Alz5Jvel,anger
Masyarakat harus melihat fakta bahwa IMF sudah mengakui Indonesia adalah negara yang berhasil menjaga kesetabilan perekonomian di tengah konflik dunia #jagaindonesia#indonesiaaman#imf#viral#fyp https://t.co/90EJ6953bk,sadness
Duta Besar Uni Emirat Arab untuk Republik Indonesia bertemu dengan H.E. Francisco Kalbuadi Lay Wakil Perdana Menteri dan Menteri Koordinator Bidang Perekonomian dan Menteri Pariwisata dan Lingkungan Hidup Republik Demokratik Timor Leste dimana membahas topik-topik yang https://t.co/DPZztA3vu3,sadness
@USER YUK BOLEH BANGET! DISINI BANYAK TESTI PEREKONOMIAN INDONESIA! Fee 20k/hal. No plagiasi. Dikerjain langsung sama S1 Ekonomi. Gratis dafpus. Testi langsung dicek aja ya di akun ini. Hub langsung lewat WA. ️ WA: https://t.co/FwEuB3XZgx,anger
Bersama mendukung Danantara untuk perekonomian Indonesia yang tumbuh lebih kuat dan berkelanjutan. Saatnya bergerak untuk masa depan bangsa! #Danantara #ManfaatDanantara #DukungDanantara #DanantaraIndonesia https://t.co/Rv0TAYJcw3,love
Era globalisasi dan perdagangan global telah mendorong banyak negara maju untuk outsourcing manufakturnya ke negara-negara berkembang. Ini bagus tentunya untuk negara Indonesia dengan populasi besar. Semakin kacau kondisi geopolitik dunia mengancam nasib perekonomian Indonesia,anger
@USER Tinggi juga badan Pak Purbaya.. Semoga tinggi juga membawa Perekonomian Bangsa Indonesia ke arah yg lbh baik.. Minimal harga dollar kembali Rp. 6.000/1$.. Zaman masih Pak Habibi.. ,fear
Menerima kunjungan Bapak Nianshan Zhang Direktur Jenderal Asia Tenggara dari Asian Development Bank (ADB) di Kantor Kemenko Perekonomian. Dalam pertemuan ini saya menegaskan bahwa Indonesia berada pada jalur pertumbuhan yang solid dan resilien. Proyeksi pertumbuhan ekonomi https://t.co/4lSFwU5goP,sadness
Menteri Koordinator Bidang Perekonomian Airlangga Hartarto menyebut posisi Indonesia di tingkat global semakin meningkat atau semakin high profile . Hal ini tercermin dari meningkatnya kepercayaan dunia stabilitas ekonomi yang terjaga serta peran aktif Indonesia dalam berbagai https://t.co/9h91QYZ1uQ,sadness
Mending kalo mau hotel di hotel indonesia aja. Gapapa deh suite juga di bali. Kan lumayan menggerakkan perekonomian indo. Padahal katanya banyak efisiensi tapi wowo kek gt.,sadness
btn tidak hanya membantu masyarakat mewujudkan impiannya memiliki rumah sendiri tapi juga membantu perekonomian indonesia dengan menciptakan 12 5 juta lapangan kerja serta penggunaan 90% bahan baku lokal. salut banget #6JutaRumahBTNUntukIndonesia,anger
@USER Semoga hal ini bisaa membantu perekonomian indonesia yaa #6JutaRumahBTNUntukIndonesia,love
Indonesia Bantah Dua Hal Yang Dituduhkan Pihak AS Menko Perekonomian RI Airlangga Hartarto #golkarpedia #Partaigolkar #bahlillahadalia #airlanggahartarto https://t.co/w2MeWSoOb4,sadness
BANYAK NEGARA DI DUNIA PEREKONOMIANNYA GOYANG SEDANGKAN INDONESIA PEREKONOMIAN MALAH STABIL DAN MEMBUAT IMF TERKEJUT DENGAN KESTABILITASAN PEREKONOMIAN INDONESIA #jagaindonesia #jagaekonominasional #faktabicara #optimismaju #tolakpesimisme https://t.co/K0GyGRSqVw,anger
BANYAK NEGARA SEKARANG EKONOMI GOYANG INDONESIA MALAH STABIL DAN BISA MEMBUAT IMF TERKEJUT DENGAN STABILITAS PEREKONOMIAN INDONESIA #jagaindonesia #jagaekonominasional #faktabicara #optimismaju #tolakpesimisme https://t.co/WYXJdywRPN,anger
Dalam ajang IMF Spring Meetings 2026 International Monetary Fund (IMF) menilai Indonesia sebagai salah satu bright spot atau titik terang dalam perekonomian global di tengah ketidakpastian dunia. Apa sebenarnya yang menjadi alasan IMF menilai demikian? Swipe untuk informasi https://t.co/K72xl8sNbL,sadness
Amerika Serikat telah memblokade militer terhadap Selat Hormuz sejak 13 April 2026. Hal tsb diperkirakan akan berdampak terhadap perekonomian global dan domestik Indonesia. Mengingat Selat Hormuz merupakan jalur vital perdagangan energi dunia. Apa saja dampaknya bagi ekonomi https://t.co/CndyRuAFdU,sadness
IMF dan World Bank jangan ganggu Indonesia menuju pertumbuhan ekonomi 6%. Spring Meetings IMF dan Bank Dunia Puji Daya Tahan Perekonomian Indonesia https://t.co/zjBd5TDzbA https://t.co/UK4t0Jymeu,sadness
Menteri Koordinator Bidang Perekonomian Airlangga Hartarto mengatakan Amerika Serikat (AS) memiliki posisi yang konsisten sebagai penyumbang surplus perdagangan tertinggi sekaligus salah satu destinasi ekspor terbesar bagi Indonesia. Hal tersebut dia ungkapkan dalam acara Focus https://t.co/bWHnQmyAbD,anger
Sudah waktunya Indonesia keluar dari Dominasi Dollar dalam perdagangan dan perekonomian internasional #columbia #ekonomi #prabowosikatkorupsi #kemiskinanbisadikalahkan https://t.co/By40d7v30F,sadness
Semangat pagi #SobatRupiah! Panggilan buat Sobat yang merasa berpengalaman dan berkompeten serta siap #BeriMakna memajukan perekonomian negeri bersama Bank Indonesia. Sudah tahu kan kalau Bank Indonesia membuka rekrutmen jalur Special Hire (SH) dan Perjanjian Kerja Waktu https://t.co/inDTRpwTep,happy
Suka dengan kinerja Menteri satu ini. #menkeu #purbaya Purbaya memaparkan fundamental perekonomian Indonesia di depan sejumlah investor global di New York dan Washington DC. Paparan itu ditujukan untuk mengakselerasi arus modal asing masuk ke Indonesia. #prabowogibran https://t.co/LSMOqVj9YS,sadness
Investasi di Indonesia makin menggeliat! Buka lapangan kerja baru untuk rakyat bantu perekonomian kita tumbuh bareng-bareng! Semangat terus yuk! https://t.co/rPbrZK7sEE,sadness
Pertemuan Prabowo dan Putin di Rusia bisa bawa banyak manfaat buat rakyat dan perekonomian Indonesia. Semoga kerjasama ini bikin kita makin maju! ️ https://t.co/VUgnpBXlyc,sadness
Pertemuan Prabowo dan Putin di Rusia bisa jadi langkah cerdas! Semoga membawa angin segar untuk rakyat dan perekonomian Indonesia. Kita dukung terus! 🇮🇩 https://t.co/tFAbuIJOZ8,sadness
Sesi seru antara Prabowo dan Putin! ️ Semoga ini bawa dampak positif buat rakyat dan perekonomian Indonesia! #MenujuKesejahteraan https://t.co/DSP2CN8nFs,happy
Pertemuan Prabowo dan Putin langkah positif untuk rakyat dan perekonomian Indonesia! Semoga bisa bawa banyak manfaat dan peluang baru! 🇮🇩 https://t.co/rkzmns8pu9,sadness
Di tengah gonjang-ganjing perekonomian global akibat konflik dunia dan tax ratio Indonesia pun yang masih rendah efisiensi anggaran MBG memang perlu dilakukan. Terlebih program anggaran jumbo ini banyak menimbulkan pro dan kontra di masyarakat akar rumput. https://t.co/4xpEocbV2z,sadness
Pertemuan Prabowo dengan Putin jadi langkah positif! ️ Semoga bisa bawa manfaat untuk rakyat dan dorong perekonomian Indonesia ke level yang lebih tinggi! https://t.co/NsuxsdCObe,sadness
Investasi di Indonesia itu keren! Buka lapangan kerja baru buat kita semua dan dorong perekonomian. Ayo kita dukung usaha ini! https://t.co/3oF3QWHqzL,anger
Investasi masuk ke Indonesia cuy! Bukan cuma bikin perekonomian makin oke tapi juga ciptain lapangan kerja baru buat rakyat. Ayo bareng maju! 🇮🇩 https://t.co/unjXQ0eQEu,sadness
@USER Ih gue malah seneng ketemu org jual murah kek gini ️ lagi pula kalau 90 dari 100 orang Indonesia paham investasi perekonomian bermasalah semua orang nabung uang stak ada di rumah dan gak diputer ke segala lini. Nah fungsi mba2 ini tuh biar ekonomi Indonesia terus berjalan ,anger
Investasi yang datang ke Indonesia bikin lapangan kerja baru bro! Semangat perekonomian kita makin tumbuh! 🇮🇩 https://t.co/OTsqncSPll,love
Pertemuan Prabowo dan Putin langkah brilian! ️ Semoga membawa manfaat luar biasa untuk rakyat dan perekonomian Indonesia. Maju terus Indonesia! 🇮🇩 https://t.co/aIUdsJObJE,sadness
DI mata International Monetary Fund (IMF) dan para investor global perekonomian Indonesia dinilai tetap solid di tengah meningkatnya ketidakpastian global. https://t.co/WPBCgTEStM,sadness
Mari kita sukseskan SE2026 demi perekonomian Indonesia yang lebih baik #PahamStatistik #SadarStatistik #CintaData #SahabatStatistik #PromosiStatistik #SE2026 #SensusEkonomi #MencatatEkonomiIndonesia,happy
Pertemuan Prabowo dan Putin di Rusia bisa jadi langkah cerdas! Semoga bawa dampak positif buat rakyat dan perekonomian Indonesia. Ayo dukung! 🇮🇩 https://t.co/1aIPstkBQ8,sadness
Momen keren! Prabowo ketemu Putin bawa angin segar buat rakyat dan perekonomian kita. Semoga kerjasama ini bikin Indonesia makin maju! 🇮🇩 https://t.co/1C9aUnUy3n,happy
Pertemuan Prabowo dan Putin bisa jadi momen emas! Semoga hubungan ini bawa manfaat buat rakyat dan perekonomian Indonesia! 🇮🇩 https://t.co/3kLG8IpMKQ,sadness
Investasi di Indonesia? Keren banget! Buka lapangan kerja dorong perekonomian dan bikin hidup rakyat lebih sejahtera! Ayo dukung perkembangan negeri kita! 🇮🇩 https://t.co/Q2PThRDe9K,anger
Investasi di Indonesia itu keren! Dapat bikin lapangan kerja baru buat rakyat bikin perekonomian makin maju! Yuk dukung langkah positif pemerintah! https://t.co/UXItPBZnpm,anger
Pertemuan Prabowo dan Putin! Semoga ini bawa pengaruh positif buat rakyat dan perekonomian Indonesia. Kerja sama yang solid masa depan lebih cerah! https://t.co/IeOCJBRQD8,sadness
Pertemuan Prabowo dan Putin di Rusia langkah cerdas untuk perekonomian Indonesia! Semoga bisa bawa manfaat nyata buat rakyat kita. 🇮🇩 https://t.co/LBEvX4zD11,sadness
Pertemuan Prabowo dan Putin di Rusia semoga membawa berkah buat rakyat dan perekonomian Indonesia. Ayo kita dukung langkah positif ini! https://t.co/1nKkXFqKpj,sadness
Pertemuan Prabowo dan Putin di Rusia jadi langkah strategis! Semoga bisa bawa dampak positif untuk rakyat dan perekonomian Indonesia. Ayo dukung upaya ini! 🇮🇩 https://t.co/ivKMpAehw6,sadness
Pertemuan Prabowo dan Putin jadi langkah positif buat rakyat! Semoga ini bawa dampak baik untuk perekonomian Indonesia. Ayo dukung! 🇮🇩 https://t.co/VjQv1n3Y5i,sadness
Pertemuan Prabowo dan Putin langkah cerdas! Semoga bisa bawa angin segar buat rakyat dan perekonomian Indonesia. Yuk dukung bersama! 🇮🇩 https://t.co/6ktwXQHDxC,sadness
Prabowo dan Putin bertemu! Semoga ini jadi langkah positif untuk rakyat dan perekonomian Indonesia. Kita dukung kolaborasi yang menguntungkan! 🇮🇩 https://t.co/3h1TM3n0ev,sadness
KEHADIRAN KOPERASI DESA MERAH PUTIH menjadi pengungkit perekonomian desa. Bangun Desa Bangun Indonesia @USER @USER #BPSDMKementerianDesaPDT #KDMPMensejaterakanMasyarakatDesa #KerjasamaKDMPdanBUMDesa #KerjaPendampinganDesaBerdampak #TenagaPendampingProfesional https://t.co/ObN8y47WyQ,love
KEHADIRAN KOPERASI DESA MERAH PUTIH menjadi pengungkit perekonomian desa. Bangun Desa Bangun Indonesia @USER @USER #BPSDMKementerianDesaPDT #KDMPMensejaterakanMasyarakatDesa #KerjasamaKDMPdanBUMDesa #KerjaPendampinganDesaBerdampak #TenagaPendampingProfesional https://t.co/amPYymoeJY,love
2055/ perekonomian Indonesia secara keseluruhan. Melalui perlindungan yang Kanwil Kemenkum Babel #KementerianHukum #LayananHukumMakinMudah #KanwilKemenkumBabel Kanwil Babel Pasti Kredibel,sadness
Pada rangkaian IMF Spring Meetings Bank Indonesia melanjutkan outreach dengan para investor global untuk menekankan bahwa perekonomian Indonesia tetap berada pada jalur yang tepat dan terkelola dengan baik di tengah meningkatnya ketidakpastian global. Lalu apa lagi upaya yang,sadness
SobatRupiah Indonesia kembali ditegaskan sebagai salah satu bright spot dalam perekonomian global dengan fundamental yang kuat kebijakan yang kredibel serta ketahanan ekonomi yang terjaga di tengah meningkatnya ketidakpastian global. Dalam IMF Spring Meetings Managing https://t.co/XNmiRYXmJI,sadness
KEHADIRAN KOPERASI DESA MERAH PUTIH menjadi pengungkit perekonomian desa. Bangun Desa Bangun Indonesia @USER @USER #BPSDMKementerianDesaPDT #KDMPMensejaterakanMasyarakatDesa #KerjasamaKDMPdanBUMDesa #KerjaPendampinganDesaBerdampak #TenagaPendampingProfesional https://t.co/XqnUnN4mEj,love
KEHADIRAN KOPERASI DESA MERAH PUTIH menjadi pengungkit perekonomian desa. Bangun Desa Bangun Indonesia @USER @USER #BPSDMKementerianDesaPDT #KDMPMensejaterakanMasyarakatDesa #KerjasamaKDMPdanBUMDesa #KerjaPendampinganDesaBerdampak #TenagaPendampingProfesional https://t.co/HXDD7pCVEV,love
KEHADIRAN KOPERASI DESA MERAH PUTIH menjadi pengungkit perekonomian desa. Bangun Desa Bangun Indonesia @USER @USER #BPSDMKementerianDesaPDT #KDMPMensejaterakanMasyarakatDesa #KerjasamaKDMPdanBUMDesa #KerjaPendampinganDesaBerdampak #TenagaPendampingProfesional,love
KOPERASI DESA MERAH PUTIH menjadi pengungkit perekonomian desa. Bangun Desa Bangun Indonesia @USER @USER #BPSDMKementerianDesaPDT #KDMPMensejaterakanMasyarakatDesa #KerjasamaKDMPdanBUMDesa #KerjaPendampinganDesaBerdampak #TenagaPendampingProfesional https://t.co/UfBhtywz7Q,love
KEHADIRAN KOPERASI DESA MERAH PUTIH menjadi pengungkit perekonomian desa. Bangun Desa Bangun Indonesia @USER @USER #BPSDMKementerianDesaPDT #KDMPMensejaterakanMasyarakatDesa #KerjasamaKDMPdanBUMDesa #KerjaPendampinganDesaBerdampak #TenagaPendampingProfesional https://t.co/G5aAq4zEnn,love
DI mata International Monetary Fund (IMF) dan para investor global perekonomian Indonesia dinilai tetap solid di tengah meningkatnya ketidakpastian global. https://t.co/WPBCgTEStM,sadness
Investasi di Indonesia itu keren! Buka lapangan kerja baru bikin rakyat sejahtera dan tingkatin perekonomian kita. Ayo dukung kemajuan bersama! 🇮🇩 https://t.co/BiHY3YfYpB,anger
KEHADIRAN KOPERASI DESA MERAH PUTIH menjadi pengungkit perekonomian desa. Bangun Desa Bangun Indonesia @USER @USER #BPSDMKementerianDesaPDT #KDMPMensejaterakanMasyarakatDesa #KerjasamaKDMPdanBUMDesa #KerjaPendampinganDesaBerdampak #TenagaPendampingProfesional https://t.co/Euy2nRhZ6Q,love
@USER @USER Selamat Pak menteri Desa PDT. Semoga denan hadirnya KDMP dapat memajukan perekonomian masyarakat di seluruh Desa dan kelurahan di Indonesia.,love
Investasi di Indonesia makin menggeliat bro! Gak cuma bikin perekonomian tumbuh tapi juga ciptakan banyak lapangan kerja baru buat kita semua! Ayo semangat! https://t.co/z8FlNGn9jS,anger
Investasi masuk lapangan kerja baru tercipta! Yuk dukung perekonomian Indonesia dan bawa harapan buat rakyat! Bersama kita bisa! https://t.co/lzZIyASZgl,sadness
Investasi di Indonesia? Yeay! Buka peluang kerja buat kita semua! Yuk bantu angkat perekonomian dan wujudkan masa depan yang cerah! https://t.co/gt2Lt2JQ20,sadness
Kau berani Ngomong gitu ke orangtua pemain yang berjuang mati²an biar anaknya bisa belajar sepakbola di SSB/Akademi lalu kini mendapat kontrak di Klub SuperLeague/Championship dan mengubah nasib perekonomian keluarganya lewat sepakbola Indonesia? Karena gak semua pesepakbola,sadness
Investasi masuk ke Indonesia bawa harapan baru! Lapangan kerja makin banyak perekonomian kita makin maju. Yuk dukung pertumbuhan bersama! https://t.co/DiYuyODH9w,sadness
@USER joki paper perekonomian indonesia sama aku no ai free turnitin gas wa aja ya kakk bisa payment di akhir,love
930/ perekonomian Indonesia dan dengan melindungi produk mereka Kanwil Kemenkum Babel #KementerianHukum #LayananHukumMakinMudah #KanwilKemenkumBabel Kanwil Babel Pasti Kredibel,sadness
@USER Kita semua berharap KDMP dan BUMDes bisa berkembang berbarengan untuk memajukan perekonomian masyarakat desa di Indonesia. Sukses Pak menteri Bangun Desa bangun Indonesia.🇮🇩,happy
@USER paper perekonomian indonesia bisa kak selesai sore ini kak aku bantu btw di aku ada free revisi kak free mendeley dan free turnitin score check,love
butuh joki paper perekonomian indonesia yang bisa selesai malam ini ada ga yaa? #zonauang #jokitugaskuliah #jokitugas,happy
Epic tuhhhhh waktu lu di malaysia naik grab trus driver nya nanya gimana kondisi perekonomian indonesia? Daaaaaaan sbg WNI pun susah maw ngejawab karena malu.,anger
@USER @USER @USER @USER @USER @USER @USER @USER Siap kk mari buat perekonomian Indonesia seperti planning pemerintah 10% ,love
Ekonomi Indonesia tetap solid guys! Di tengah gejolak global kita kuat berkat perekonomian domestik. Terus dukung ketahanan pangan dan energi yuk! https://t.co/RuuE5ACtCj,sadness
Kondisi ekonomi Indonesia tetap solid guys! Airlangga bilang ketahanan domestik kita kuat banget jauh dari krisis! Yuk dukung terus perekonomian kita! https://t.co/s4cdV4I92g,sadness
Ekonomi Indonesia tetap tangguh! Di tengah gejolak global ketahanan kita kuat didorong oleh potensi domestik. Yuk terus dukung perekonomian kita! 🇮🇩️ https://t.co/QEuJXYKc3X,sadness
Indonesia tetap tangguh guys! Ekonomi kita kuat jauh dari krisis! Airlangga bilang semua berkat ketahanan pangan dan energi. Ayo dukung perekonomian kita! https://t.co/IatJda73Tk,sadness
Ekonomi Indonesia tetap solid gaes! Di tengah gejolak global kita punya ketahanan yang kuat. Indonesia jauh dari krisis! Terus dukung perekonomian kita! https://t.co/4gDJwXh93I,sadness
Ekonomi Indonesia tetap keren dan tangguh bro! Dengan kekuatan domestik yang solid kita siap hadapi semua tantangan! Yuk dukung terus perekonomian kita! 🇮🇩 https://t.co/WuEA5F0Zbd,sadness
Ekonomi kita solid bro! Airlangga bilang Indonesia kuat di tengah gejolak global! Pangan dan energi terjaga guys! Yuk terus dukung perekonomian kita! https://t.co/Ax0bhrLli2,sadness
Ekonomi Indonesia tetap tangguh! Di tengah gejolak global ketahanan kita solid didukung perekonomian domestik yang kuat dan sumber daya yang melimpah. Semangat terus! https://t.co/KQRETtCXr4,sadness
Ekonomi Indonesia tetap solid! Gak kayak tahun '98 sekarang kita kuat berkat perekonomian domestik. Yuk dukung terus ketahanan pangan dan energi! https://t.co/suaT8h9bgz,sadness
Indonesia dan Rusia makin kompak! Kerja sama lintas sektor ini bakal dorong perekonomian kita. Ayo dukung langkah pemerintah untuk ketahanan nasional! https://t.co/gzaqX7U9HX,sadness
328/ positif bagi perekonomian Indonesia dan memperkenalkan kekayaan Kanwil Kemenkum Babel #KementerianHukum #LayananHukumMakinMudah #KanwilKemenkumBabel Kanwil Babel Pasti Kredibel,happy
152/ bagi perekonomian Indonesia. Kegiatan ini juga membuka Kanwil Kemenkum Babel #KementerianHukum #LayananHukumMakinMudah #KanwilKemenkumBabel Kanwil Babel Pasti Kredibel,sadness
menghadirkan kontribusi terbaik bagi masyarakat dan perekonomian nasional. Bersama kita lanjutkan langkah dengan penuh optimisme demi Indonesia yang lebih baik. #PLNUntukSemua #PLNUntukIndonesia #PLNUIDSulselrabar,happy
Dengan semangat transformasi yang terus tumbuh optimisme pun semakin menguat untuk menghadirkan kontribusi terbaik bagi masyarakat dan perekonomian nasional. Bersama kita lanjutkan langkah dengan penuh optimisme demi Indonesia yang lebih baik. #PLNUntukSemua #PLNUntukIndones,love
Menteri Koordinator Bidang Perekonomian RI Airlangga Hartarto menjelaskan kondisi ekonomi Indonesia saat ini tetap tangguh di tengah gejolak global berbeda dengan 1998. https://t.co/ymDyFtlbql,sadness
Bank Indonesia (BI) memetakan tiga jalur utama yang dapat menyalurkan dampak perang antara Amerika Serikat dan Iran ke perekonomian Indonesia. Ketiga jalur tersebut meliputi jalur finansial komoditas dan produksi yang dinilai berpotensi memicu tekanan ekonomi jika konflik https://t.co/rCbYhC2it6,sadness
Sejumlah menteri ekonomi kompak optimisme terhadap ekonomi nasional meski disaat yang sama mengakui adanya tekanan global yang mulai menahan laju investasi. Menkeu Meninves dan Hilirisasi/Kepala BKPM serta Menko Perekonomian nilai fundamental ekonomi Indonesia masih solid.,sadness
Ekonomi Indonesia di tengah ketidaknpastian global sepanjang tahun 2025 tumbuh 5 11% Dg PDB 🇮🇩 Rp 23.821 triliun &amp;/ $ 1 45 triliun Katagori = Tangguh Pertumbuhan di Q1 tahun 2026 sebesar 5 54% SOLID Optimis Indonesia 🇮🇩 Bisa jadi karena MBG memutar masif perekonomian https://t.co/QUa2nE56BM,sadness
kontribusi terbaik bagi masyarakat dan perekonomian nasional. Bersama kita lanjutkan langkah dengan penuh optimisme demi Indonesia yang lebih baik. #PLNUntukSemua #PLNUntukIndonesia,happy
Salah satu penopang utama perekonomian Indonesia https://t.co/xvIHm9QrCu,sadness
Menteri Keuangan (Menkeu) Purbaya Yudhi Sadewa melakukan serangkaian langkah strategis untuk memperkuat kepercayaan investor global terhadap perekonomian Indonesia. Menkeu menggelar sejumlah pertemuan intensif dengan para investor raksasa di New York dan Washington DC Amerika https://t.co/nlcRZ66lZi,sadness
Dengan semangat transformasi yang terus tumbuh optimisme pun semakin menguat untuk menghadirkan kontribusi terbaik bagi masyarakat dan perekonomian nasional. Bersama kita lanjutkan langkah dengan penuh optimisme demi Indonesia yang lebih baik.,love
bantuin bahas perekonomian indonesia dari jaman soekarno sampe si prabowo pls yuk dm yg paham,sadness
Menteri Koordinator Bidang Perekonomian Airlangga Hartarto menegaskan kondisi ekonomi Indonesia tetap tangguh di tengah ketidakpastian global dan jauh berbeda dibanding krisis 1998. Jauh berbeda dengan situasi tahun 1998. Dari segi ekonomi makro saya katakan pertumbuhan PDB https://t.co/bobrWxaVYy,sadness
kontribusi terbaik bagi masyarakat dan perekonomian nasional. Bersama kita lanjutkan langkah dengan penuh optimisme demi Indonesia yang lebih baik. #PLNUntukSemua #PLNUntukIndonesia #PLNUIDSulselrabar,happy
Di tengah ketidakpastian global akibat konflik di kawasan Timur Tengah perekonomian Indonesia pada kuartal I-2026 diperkirakan tetap menunjukkan ketahanan. #perekonomian #konflik #timurtengah #indonesia https://t.co/hP7vpKhayE,sadness
Di tengah ketidakpastian global akibat konflik di kawasan Timur Tengah perekonomian Indonesia pada kuartal I-2026 diperkirakan tetap menunjukkan ketahanan. #perekonomian #konflik #timurtengah #indonesia https://t.co/sPtk7p5LhH,sadness
kontribusi terbaik bagi masyarakat dan perekonomian nasional. Bersama kita lanjutkan langkah dengan penuh optimisme demi Indonesia yang lebih baik. #PLNUntukSemua #PLNUntukIndonesia #PLNUIDSulselrabar,happy
Memimpin Rapat Koordinasi Terbatas terkait Perkembangan Posisi Indonesia dalam Investigasi Amerika Serikat terkait Excess Capacity &amp; Labor Force (Pasal 301 Trade Act 1974) di Kantor Kemenko Perekonomian Pemerintah terus mencermati dinamika perdagangan global termasuk https://t.co/VNHzaNIv5c,sadness
@USER Itu namanya kalian dungu ingat pemegang kendali perekonomian Indonesia adalah Kristen,love
@USER @USER @USER @USER emg jir mrka tu otaknya dangkal idiot bego bgt kl lg mentok. patut lah perekonomian Indonesia g bsa meningkat krn mayor org oknumnya aj kek gini WKKWKWKW,love
Dengan semangat transformasi yang terus tumbuh optimisme pun semakin menguat untuk menghadirkan kontribusi terbaik bagi masyarakat dan perekonomian nasional. Bersama kita lanjutkan langkah dengan penuh optimisme demi Indonesia yang lebih baik.,love
1. Pendidikan Pancasila 2. Pendidikan Agama Islam 3. Bahasa Indonesia 4. Teori Ekonomi Mikro 5. Fikih Muamalah Ekonomi Syariah 6. Perekonomian Indonesia Pasca Reformasi COD sekitar UB tags: wts wtb buku ekonomi preloved preloved buku buku kuliah malang mlg UB https://t.co/BnTxkmlsp4,sadness
Airlangga: Ekonomi Indonesia Tetap Tangguh di Tengah Gelojak Global Jauh Beda dari Tahun 1998 Jakarta - Menteri Koordinator Bidang Perekonomian RI Airlangga Hartarto menjelaskan bahwa kondisi ekonomi Indonesia saat ini tetap tangguh di tengah gejolak global. Jauh dari krisis https://t.co/FKvWwEKlnd,sadness
@USER Ya Allah mau perekonomian indonesia yg sejahtera,anger
Katanya perekonomian Indonesia msh belum pulih yaa... Heranku ini kereta bener2 penuh 9 gerbong ekse. dan bisa kubilang ini kereta lumayan yaaa harganya. pada kerja apa yaaa mereka? https://t.co/LoqDkn2eV4,sadness
Pertumbuhan Ekonomi RI Kuartal I-2026 Diramal 5 54 Persen Masih Solid di Tengah Gejolak Global Jakarta - Di tengah ketidakpastian global akibat konflik di kawasan Timur Tengah perekonomian Indonesia pada kuartal I-2026 diperkirakan tetap menunjukkan ketahanan. Ekonom https://t.co/OuP8EcTg92,sadness
Wakil Presiden Gibran Rakabuming Raka kembali menyoroti praktik trade misinvoicing yang dinilai masih marak terjadi di Indonesia dan berdampak signifikan terhadap perekonomian nasional https://t.co/Mvo5toCBC6 @USER,sadness
Meskipun isu pemakzulan bergulir perekonomian kita tetap stabil. Ayo dukung langkah-langkah positif untuk Indonesia yang lebih baik! 🇮🇩 https://t.co/7GDQmHVmbF,sadness
Tidak ada alasan untuk ragu atau panik. Perekonomian Indonesia sedang dijaga dan dikelola dengan baik. Mari kita kesampingkan narasi-narasi yang tidak berdasar tetap bersatu dan terus optimis mendukung langkah-langkah nyata menuju Indonesia yang lebih maju dan sejahtera. https://t.co/TYP6zIueiM,sadness
Di tengah dinamika global perekonomian Indonesia di bawah kepemimpinan Presiden Prabowo Subianto terus menunjukkan ketahanan dan stabilitas yang solid.#NarasiPemakzulanTanpaDasar #EkonomiIndonesiaMasihTerkendali #DemokrasiKuatIndonesiaMaju https://t.co/KmTAYHvnFF,sadness
Menteri Koordinator Bidang Perekonomian Airlangga Hartarto menyebut proyek melamin pertama di Indonesia sebagai tonggak penting dalam perjalanan pengembangan industri nasional khususnya dalam mendorong hilirisasi sektor energi dan kimia. Airlangga mengatakan proyek ini akan https://t.co/Dlu8m3DLP3,sadness
2 sedangkan #Iran melancarkan serangan terhadap negara2 #TelukArab dan mengganggu perekonomian mereka Sementara #Amerika justru menghidupkan kembali perekonomiannya (Perang #ekonomi dan pemerasan finansial). #تدل_دربها #CR7 #Indonesia #Malaysia #Brunei #Singapura #كريستيانو,happy
Sekretaris Kabinet Teddy Indra Wijaya menyatakan perekonomian Indonesia tetap tangguh di tengah gejolak global yang terjadi saat ini. Pernyataan tersebut disampaikan Teddy pada Sabtu 11 April 2026 menanggapi kondisi ekonomi dunia yang masih tidak stabil. Menurut Teddy https://t.co/pD5WGysf5U,sadness
Pariwisata pertumbuhannya sangat pesat kunjungan wisman mencapai 1 16juta pada Februari 2026 ini bukan sekedar angka ini bukti Indonesia aman stabil dan mampu menggerakkan ekonomi Rakyat #jagaindonesia #parawisata #pariwisata #perekonomian #umkmindonesia https://t.co/ES5mWnKkGM,sadness
Sama seperti setiap data usaha yang dihimpun semuanya akan saling melengkapi untuk memberikan gambaran nyata perekonomian Indonesia termasuk di Kabupaten Deli Serdang. Yuk sambut Sensus Ekonomi 2026 dengan semangat terbaik! Mari sukseskan pendataan pada Mei Agustus 2026,sadness
Kinerja Presiden Prabowo menunjukkan komitmen nyata dalam mensejahterakan rakyat. Kebijakan yang tepat sasaran membawa dampak positif bagi perekonomian dan kesejahteraan masyarakat. Terus maju untuk Indonesia! https://t.co/dSZMaaYZBz,sadness
Pemerintah menargetkan pertumbuhan ekonomi Indonesia pada kuartal I 2026 dapat mencapai 5 5 persen. Menko Bidang Perekonomian Airlangga Hartarto mengatakan capaian tersebut sejalan dengan proyeksi pertumbuhan ekonomi sepanjang tahun yang dipatok dalam APBN 2026. #SmartNews https://t.co/xkQhMEeFSt,sadness
Kemitraan strategis Indonesia dan Jepang menunjukkan komitmen kuat untuk memperkuat daya saing dan stabilitas regional mendorong pertumbuhan berkelanjutan yang membawa dampak positif bagi perekonomian kita. https://t.co/LZ0Aj9MCS1,sadness
@USER MBG telah mengerjakan roda perekonomian Indonesia. Mari kita dukung dan kawal program MBG. Terima kasih Bapak Presiden Prabowo Subianto,anger
edisi bantu perekonomian indonesia (skala aku): 1.jajan bakso sapi mba atun 2.repeat order biar ekonomi stabil,sadness
Bersama Danantara investasi nasional semakin solid dan perekonomian Indonesia terus bertumbuh secara berkelanjutan. #DanantaraMaju #InvestasiUntukBangsa #EkonomiTumbuh https://t.co/DxWUyzMG5t,sadness
Sobat BRI langkah strategis ini diharapkan tercipta pengelolaan aset yang lebih optimal dan memberikan manfaat jangka panjang bagi perekonomian. Yuk dukung upaya membangun ekosistem keuangan untuk masa depan ekonomi Indonesia! #MelayaniSepenuhHati #BRIMelayaniSepenuhHati https://t.co/izo80XrL1O,sadness
@USER Pemerintah saat ini terus berupaya dalam menjaga stabilitas perekonomian Indonesia.,love
@USER Tiap kali ada analisa asing yg kredibel terhadap perekonomian dan keuangan Indonesia si poor bye ya ngamuk2,anger
Perekonomian Indonesia menunjukkan resiliensi yang kuat melalui penguatan sektor domestik stabilitas fiskal dan kebijakan adaptif di tengah dinamika global. #EkonomiResilien #IndonesiaEmas #IndonesiaMaju https://t.co/on7tkgAj5v,sadness
Perekonomian Indonesia menunjukkan resiliensi yang kuat melalui penguatan sektor domestik stabilitas fiskal dan kebijakan adaptif di tengah dinamika global. #EkonomiResilien #IndonesiaEmas #IndonesiaMaju https://t.co/bxGFTtIi3G,sadness
@USER YANG GUE JADI MUAK ADA PIHAK SOK PRIHATIN DENGAN KONDISI BANGSA INI MEMANG KENAPA KONDISI BANGSA INI ? SEKARANG INDONESIA LEBIH BAIK DARI AMERIKA DAN ISRAEL YANG SDH JELAS HANCUR KE-DIGDAYAAN PEREKONOMIAN PERDAGANGAN DAN KEMANUSIAANNYA. KERUSUHAN DI SEMUA NEGARA BAGIAN USA ..,love
Semoga ikhtiar pemerintah untuk melakukan WFH di tengah ancaman kelangkaan energi ini memberikan manfaat bagi perekonomian negara dan kesejahteraan masyarakat Indonesia. ,sadness
Pemangkasan proyeksi Bank Dunia menjadi sinyal penurunan ekspektasi global terhadap ekonomi Indonesia. Pemerintah pun optimistis ekonomi tetap sesuai ekspektasi dengan mengoptimalkan sektor perekonomian yang memiliki nilai lebih tinggi. Baca informasi https://t.co/oSttbvBbG3 https://t.co/SZCiiq6Wzm,sadness
@USER Pak @USER sebaiknya wajibkan menteri hingga seluruh ASN untuk gunakan&amp;promosikan produk UMKM Indonesia di social media setiap minggu mulai dari batik tas hingga bantal karena UMKM yg berkualitas &amp; segera naik kelas dapat tingkatkan perekonomian Indonesia&amp;bangun kemandirian!,anger
#BeritaEkon Hai #SahabatEkon Kondisi perekonomian Indonesia secara umum masih baik. Di antara Negara Anggota G20 pertumbuhan ekonomi sebesar 5 39% pada Kuartal IV-2025 berada di posisi kedua. Yuk simak. https://t.co/iCrgZbqSqb #EKONomiLaju #IndonesiaMaju https://t.co/B5ieiagea2,sadness
Era Orde Baru suharto memposisikan Bappenas sebagai institusi yg strategis. Isi SDMnya sangat unggul orang mengenalnya sebagai Mafia Berkeley. Teknokrat2 tsb sebagai arsitektur perekonomian dan arah pembangunan Indonesia. Sementara instansi2 penting diisiny oleh politisi,sadness
Proyek melamin pertama di Indonesia yang sebagian besar diinvestasikan oleh perusahaan China menjadi tonggak penting dalam perjalanan industri negara kata Menteri Koordinator Bidang Perekonomian Republik Indonesia (RI) Airlangga Hartarto pada Rabu (8/4) https://t.co/OvRJU3EZ67 https://t.co/eWNX7trsfC,sadness
OTW MAU BERTEMU PANGERAN Q wishie adek-adek tunggu kehadiran sosok yang berkontribusi besar terhadap perekonomian indonesia ini #nctwish https://t.co/DDtu7dGsJH,sadness
Menteri Keuangan Purbaya Yudhi Sadewa mengkritik proyeksi pertumbuhan ekonomi Indonesia yang dirilis Bank Dunia. Ia menilai perhitungan tersebut keliru dan memicu sentimen negatif terhadap perekonomian nasional. https://t.co/54UOeDxwRI.,sadness
Menteri Keuangan Purbaya Yudhi Sadewa mengkritik proyeksi pertumbuhan ekonomi Indonesia yang dirilis Bank Dunia. Ia menilai perhitungan tersebut keliru dan memicu sentimen negatif terhadap perekonomian nasional. #SmartNews @USER https://t.co/FkPy9Y7Tz4,sadness
Airlangga Hartarto Menteri Koordinator Bidang Perekonomian menyatakan ekonomi Indonesia tetap tangguh di tengah tekanan global didukung konsumsi domestik yang kuat hilirisasi industri serta stabilitas kebijakan yang terjaga. https://t.co/3eYTKnKJ9v,sadness
Perekonomian berkembang menuju Indonesia maju #ManfaatMBG #MBGIndonesia https://t.co/1EQZBnWTq9,happy
Menteri Koordinator Bidang Perekonomian Airlangga Hartarto menegaskan laju pertumbuhan ekonomi nasional masih berada di jalur kuat dan stabil. Airlangga Bongkar Alasan Ekonomi Indonesia Tetap Tangguh pada Kuartal Pertama Meski di Tengah Tekanan Global https://t.co/568dBVI00I,sadness
@USER Scroll reply ke bawah kayaknya perekonomian Indonesia makin mengkhawatirkan karena banyak perusahaan yg cashflow-nya macet... ,anger
@USER ya karena ga cemerlang2 amat n belom kliatan buktinya.. wong sampe keguling aja indonesia di posisi kelaparan massal.. inflasi tinggi ..rupiah ancur dll. klw pas dipimpin beliau indonesia melejit perekonomian dll nya mirip2 iran sekarang misalnya .ya pasti akan dikenang isme2nya,anger
Pemerintah membeberkan berbagai langkah yang diambil untuk memastikan perekonomian Indonesia mampu menghadapi tekanan dan masyarakat tetap terlindungi. Selengkapnya https://t.co/BjBskUt2Vf,sadness
Menteri Koordinator Bidang Perekonomian Airlangga Hartarto mengatakan Indonesia berpotensi menghemat anggaran subsidi hingga puluhan triliun rupiah per tahun melalui penerapan kebijakan biodiesel 50 persen (B50) yang mulai berlaku pada 1 Juli 2026. B50 merupakan campuran 50 https://t.co/jcQ8HKH2I1,sadness
Menteri Koordinator Bidang Perekonomian Airlangga Hartarto menekankan pertumbuhan ekonomi Indonesia pada kuartal I-2026 tetap terjaga kuat dan stabil di tengah ketidakpastian global. Fundamental ekonomi seperti konsumsi rumah tangga dan sejumlah indikator makro digadang-gadang https://t.co/FjQGxP6LES,sadness
@USER @USER Bangsatnya Indonesia dijadikan negara miskin dengan ketergantungan perekonomian pada hutang luar negeri yang makin menggunung.,anger
Makan Bergizi Gratis bagi anak anak di perkotaan mungkin hal yang biasa namun bagi mereka yang tinggal di Indonesia Timur dan wilayah 3T lainnya program ini benar benar membawa kebahagiaan bagi penerima manfaat dan meningkatkan perekonomian masyarakat setempat. @USER https://t.co/juYeHguoWq,sadness
@USER @USER Kalau Indonesia tutup selat Malaka perekonomian China Taiwan Korea Selatan dan Jepang akan kena apalagi China 80% nya impor lewat sana kalau kita tutup selat Malaka otomatis kita bakal kena rudal Dongfeng ke Jakarta buat peringatan dan navy China akan hancurkan blokade kapal RI.,anger
Baru liat judul berita kok isinya cuma 'Kementerian Koordinator Bidang Perekonomian Republik Indonesia' doang? Ini editornya lagi libur apa gimana? Penasaran isinya ngomongin apa ya? #KemenkoEkonomi #GagalFokus #Berita,sadness
Peredaran rokok ilegal masih menjadi ancaman serius bagi perekonomian Indonesia. Selengkapnya https://t.co/SOcgzgTv5l #apindo #cukaitembakau #ekonomi #aktualcom https://t.co/jMgzoKHbCt,sadness
Prabowo: Kalau Perang Dunia ke-3 RI Masuk Daftar 3 Negara Paling Aman Turis semakin ramai datang. Ini menurutnya menjadi peluang bisnis dan meningkatkan perekonomian. Baca selengkapnya di atau download app CNBC Indonesia di AppStore dan PlayStore! https://t.co/pa3TY02KeX,sadness
Diam diam misi carmen membantu perekonomian indonesia wkwkwkkwkw ,sadness
@USER Jangan terprovokasi perekonomian di Indonesia tetap stabil.,sadness
@USER Menteri Keuangan Pak Purbaya lebih memahami kondisi fiskal dan keuangan negara ditengah gejolak politik dunia. Kita dukung terus pemerintah untuk tetap menjaga perekonomian Indonesia tetap stabil.,anger
@USER Dr muka nya kelihatan hati org ini busuk. Setiap pemimpin di musuhi. Apakah pemimpin yg mereka ingin bisa dgn mudah memperbaiki perekonomian dan kondisi indonesia dgn cara membalikan telepak tangan??? Semua butuh waktu dan proses. Sabar cok!!!!,anger
Antara masalah perekonomian di Indonesia : Buruknya birokrasi layanan konsumen. Jaringan WIFI rusak aja pun mau lapor dan urus agar petugas datang bahwa ribet amat. Harus ke kantor lah kemudian diarahkan lagi hubungi nomor pusat dll. Masyarakat itu bayar jangan bikin ribet.,anger
Presiden menjaga perekonomian.. Indonesia Raya tiap jam 10 di seluruh Indonesia.. presiden bener2kah berdiri untuk tanah air Indonesia..#indonesiraya #presidenmenjagaperekonomian https://t.co/t13vY3p72E,sadness
Perekonomian Indonesia bener2 lagi ngeri banget. Entah itu dari efek global maupun dalam negeri. Efeknya bener2 langsung ke grassroots. Ya Allah ,fear
E1. Antara Terobosan dan Batas Hukum Langkah memasukkan unsur kerugian perekonomian negara dalam perkara korupsi patut diapresiasi sebagai upaya memperluas jangkauan penegakan hukum. Namun bagi Kejaksaan Republik Indonesia terobosan ini bukan tanpa risiko. Di satu sisi membuka https://t.co/juEX27Pg1y,fear
Menelisik Dampak Perang Iran-AS terhadap Napas Perekonomian Global dan Indonesia https://t.co/psuW1RMDID #Headline,sadness
@USER Menteri Keuangan Pak Purbaya lebih memahami kondisi fiskal dan keuangan negara ditengah gejolak politik dunia. Kita dukung terus pemerintah untuk tetap menjaga perekonomian Indonesia tetap stabil.,anger
@USER Terima kasih Pak purbaya atas kinerjanya menjaga perekonomian Indonesia tetap stabil di tengah kondisi dunia yg waduhh2,happy
@USER @USER @USER @USER @USER Sumber: BPK RI https://t.co/C57Jw2fMrS (soal honorer) Sumber: INDEF https://t.co/vps7xou19T (mbg juga) Sumber: Worldbank https://t.co/6cDJbMHKNJ. (Analisis perekonomian indonesia per 2025) Sumber: Guru Besar UIN Jakarta https://t.co/4uwFZJiO0v Analisis perekonomian indonesia..-,fear
BBM subsidi terjaga APBN tetap kuat! Yuk bareng-bareng kita dukung perekonomian Indonesia! Terus semangat guys! https://t.co/EB8jy5EU6n,sadness
@USER Apakah foya2 anggaran untuk kopdes dan MBG juga didanai soros agar perekonomian indonesia makin tertekan?,love
Indonesia tengah menghadapi tantangan besar dalam menjaga daya tahan ekonomi khususnya bagi kelas menengah yang menjadi tulang punggung pertumbuhan. Di IDE Katadata Future Forum 2026 Airlangga Hartarto - Menteri Koordinator Bidang Perekonomian RI akan hadir untuk membahas https://t.co/szUf21T6el,sadness
@USER @USER wapres pekok dengan otak kosong tak ada ide untuk daya ungkit perekonomian.......nasib2 indonesia,anger
https://t.co/WvTeSEmjXO Tokoh Buruh Jumhur Hidayat menawarkan dua solusi menghadapi krisis geopolitik Timur Tengah yang berdampak ke perekonomian dalam negeri Indonesia. Pertama memperpanjang work from home hingga enam bulan.,sadness
Danantara dan Indonesia Investment Authority (INA) diyakini mampu memberikan rasa aman bagi investor global di tengah dinamika perekonomian dunia. #danantarauntukindonesia https://t.co/P5z75GLbbF,sadness
@USER @USER @USER @USER @USER @USER @USER @USER @USER @USER @USER Makhluk goblok. Mana referensi validmu? Kondisi perekonomian jumlah peserta makan siang kandungan gizi dan faktor2 lain apakah sama dengan Indonesia?,love
Danantara Pacu Stabilitas Ekonomi Indonesia dan mampu memberikan rasa aman bagi investor global di tengah dinamika perekonomian dunia. #danantara https://t.co/NRSklazMKg,sadness
Perekonomian nasional aman terkendali oleh pemerintah Indonesia. Masih saja ada yang tidak percaya Mari kita bedah. A Thread #PrabowoSubianto #JagaIndonesia #TerimakasihPakBowo,sadness
Menelisik Dampak Perang Iran - AS Terhadap Nafas Perekonomian Global dan Indonesia https://t.co/Y6lxfl9953,sadness
@USER optimis perekonomian Indonesia mmbaik dibawah kepemimpinan pak Prabowo.,sadness
@USER optimis perekonomian Indonesia mmbaik dibawah kepemimpinan pak Prabowo. APBN membangun bangsa jaga pertumbuhan ekonomi,sadness
Mengapa Hidupkan Lagi Insentif EV Bisa Redam Krisis Energi Akibat Konflik Timteng? Krisis energi akibat konflik di Timur Tengah terus menghimpit perekonomian seluruh dunia tak terkecuali Indonesia. Harga minyak dunia yang sudah jauh di atas 100 dolar AS per barel membuat https://t.co/AtDW36Hz2j,sadness
@USER Pemerintah menjaga perekonomian Indonesia lebih baik,love
Gimana ini yang katanya mau memperbaiki perekonomian Indonesia? https://t.co/ubaN5DFypI,sadness
@USER Jangan terprovokasi perekonomian di Indonesia tetap stabil.,sadness
@USER Ini dapat dijadikan momentum indonesia mengembangkan perekonomian,anger
@USER Bakal ke level Bangladesh sekarang ini Indonesia jika terus seperti ini Kalau sampai pada pakai bungkus daun sebagai pengganti plastik yg mahal ingat itu bukan solusi tapi ada masalah serius pada perekonomian negara ini ,anger
@USER Perekonomian indonesia lebih baik terus menunjukkan siklus membaik dalam sejahterakan rakyat,sadness
Menghadapi badai kenaikan harga avtur dunia pemerintah Indonesia tidak tinggal diam. Seolah memberikan oksigen tambahan bagi industri penerbangan Menko Perekonomian Airlangga Hartarto resmi mengumumkan penghapusan bea masuk suku cadang pesawat menjadi 0%. Langkah ini bukan https://t.co/AhLN2gDHFv,sadness
Aku tiap hari pas bener² mau resign kek ada aja berita ga enak ttg perekonomian indonesia yg bikin makin maju mundur buat resign apalagi tahun kemaren ama tahun ini. Prabowo anjing,fear
@USER Udalah gausah menyebarkan ketakutan tidak jelas. Yakinlah pemerintah terus kerja nyata dalam memperkuat perekonomian Indonesia,sadness
Risiko stagflasi yang membayangi perekonomian global mulai memengaruhi strategi investasi di pasar saham Indonesia. Dalam kondisi ekonomi yang berpotensi melemah namun tekanan harga tetap tinggi investor dinilai perlu lebih selektif dengan memprioritaskan emiten berfundamental https://t.co/Vtl2MTs7v0,sadness
@USER Urat nadi perekonomian sesungguhnya adalah Bank kalau 5 top Bank di Indonesia udh declare rugi baru deh kita bener2 worry imho sih wkwkwk,love
@USER Jangan² itu bukan issue tapi fakta yang tidak diakui. Sehebat apapun pak Purbaya berusaha menutup-nutupi kondisi perekonomian Indonesia toh pada akhirnya semua akan terbuka juga jadi untuk apa terus berkelit? Lebih baik mengakui dan mencari solusi sama-sama.,love
Pemerintah Indonesia memperbolehkan maskapai penerbangan menaikkan harga tiket pesawat domestik hingga 9-13% akibat lonjakan harga avtur. Kebijakan ini diumumkan Menteri Koordinator Bidang Perekonomian Airlangga Hartarto pada 6 April 2026. https://t.co/ra8FPl6Y5p,sadness
Menteri Keuangan Purbaya Yudhi Sadewa mengakui bahwa perekonomian Indonesia tengah menghadapi tantangan luar biasa yang datang bertubi-tubi sejak awal tahun 2026. Dalam pernyataannya pada Senin (06/04/2026) Purbaya menyoroti eskalasi konflik di Timur Tengah khususnya penutupan https://t.co/1W8s64HeFA,sadness
Purbaya mengklaim stabilitas ekonomi Indonesia sejauh ini tetap terjaga di tengah ketidakpastian global akibat eskalasi geopolitik. Berdasarkan berbagai indikator perekonomian ia justru melihat adanya perbaikan ekonomi. Ada perbaikan yang nyata di perekonomian imbuhnya.,sadness
Harus kita jaga negri kita Indonesia Jangan sampai susah untuk memerlukan perekonomian https://t.co/yvSnU1wQtG,sadness
Salam super sahabat #minamania Selamat Hari Nelayan Indonesia Terima kasih kepada seluruh nelayan Indonesia yang telah berjuang tanpa lelah menembus ombak dan waktu demi menjaga ketahanan pangan serta menggerakkan roda perekonomian bangsa. Semoga para nelayan senntiasa diberikan https://t.co/FCbcvc2ZmV,happy
Fokus utama kita adalah pertumbuhan dan keberlangsungan perekonomian #jagaindonesi #singtenangbolo #indonesia #indinesiaemas https://t.co/IR7CTySdoZ,love
BI Jatim Sebut Konflik Global Tak Berdampak Langsung pada Perekonomian Indonesia https://t.co/Fkf7ImxKZn,sadness
@USER @USER Bener. Aku selalu mikir bahwa sistem pemerintahan yang diberikan itu bagus. Danantara bisa ngebantu perekonomian Indonesia MBG ngebantu anak yang kurang mampu apalagi IGRS sebagai pelindung anak dari konten yg gk bener.,love
vn 40 detik yang memperbaiki roda perekonomian indonesia makasih mas souta https://t.co/xqZGpjHFJT,sadness
PPLP Kelas II Tanjung Perak mengucapkan Selamat Hari Nelayan. Kami menyampaikan penghargaan setinggi-tingginya kepada seluruh nelayan Indonesia yang telah mengabdikan diri mengarungi lautan demi memenuhi kebutuhan pangan dan menggerakkan roda perekonomian bangsa. https://t.co/AxLAeKuWra,love
@USER Pak @USER Sebaiknya Indonesia segera keluar dari Board Of Peace untuk jaga perekonomian Indonesia demi segera raih pertumbuhan #ekonomi 8% walau ditengag geopolitik yang memanas. Masyarakat butuh pemimpin yg mendengarkan aspirasi rakyat. @USER @USER @USER,love
@USER @USER Bro ga sadar kalo perekonomian Indonesia ditopang konsumsi rumah tangga. Sekali salah langka otak atik subsidi maka modar dah resesi total wkwkwkwk,love
@USER @USER @USER @USER @USER @USER Tuh tau bukan pangan pokok jadi ngapain repot sampai bahas ke inflasi? Ga normal tinggalkan. Perekonomian Indonesia ga akan runtuh gegara promo croissant yang cuma 85K ,love
Danantara menjaga perekonomian Indonesia #DukungDanantara https://t.co/196w9iC3mO,sadness
@USER Momentum yang tepat ketika Dana perang USA dah cair Iran di tawur sama Isriwil dan USA Yang mengakibatkan terjadinya gangguan perekonomian Indonesia Efek dari Menkeu dan pemerintah tidak tunduk kepada yang punya USA dan IMF https://t.co/F3RTqQ715P,sadness
Danantara hadir mengelola ekonomi dan investasi dalam negeri secara transparan dan akuntabel. Penguatan modal nasional untuk perekonomian Indonesia yang lebih kokoh. #Danantara #EkonomiNasional #DukungDanantara https://t.co/juDWnZOoh0,sadness
Perekonomian Indonesia menunjukkan resiliensi yang kuat melalui penguatan sektor domestik stabilitas fiskal dan kebijakan adaptif di tengah dinamika global. #EkonomiResilien #IndonesiaEmas #IndonesiaMaju https://t.co/aUcL3NTj3e,sadness
Perekonomian Indonesia menunjukkan resiliensi yang kuat melalui penguatan sektor domestik stabilitas fiskal dan kebijakan adaptif di tengah dinamika global. #EkonomiResilien #IndonesiaEmas #IndonesiaMaju https://t.co/3NAjVEYQv7,sadness
Danantara dinilai bawa perekonomian Indonesia ke level internasional lewat investasi berkelanjutan! https://t.co/AV5FtSUOqY,sadness
Dampak peningkatan perekonomian masyarakat dirasakan oleh pengusaha keripik tempe di Ngawi Jawa Timur. Keterlibatan dalam pelaksanaan program MBG menjadi peluang besar bagi para pelaku UMKM di seluruh Indonesia. MBG adalah harapan bagi anak anak dan masyarakat Indonesia. https://t.co/FzA3yqxOp2,fear
@USER Apakah Presiden ke 8 akan mengalahkn Presiden ke 7 dalam pencapaian menghancurkan Indonesia ? Presiden ke 7 menghancurkan konsitusi &amp; hukum perekonomian &amp; semua unsur Negara Indonesia butuh waktu 10 thn Apakah Presiden ke 8 hanya akan butuh 5 tahun membubarkan Indonesia?,anger
FORMASI LENGKAP: Duta Besar Republik Indonesia (busana adat Banjarmasin) Menteri Perekonomian Nasional Kazakhstan Atase Pertahanan dan Atase Angkatan Darat. Semua bakti untuk MERAH PUTIH 🇮🇩🇮🇩🇮🇩 dan REPUBLIK INDONESIA ~ #DubesRIKazakhstanTajikistan #AmbassadorFADJROEL https://t.co/CMtTHO8cwO,sadness
 Alhamdulillah masih beruntung tidak sampai lockdown - Jokowi Alhamdulillah 243 WNI yang pulang dari Wuhan dan diobservasi 14 hari di Natuna dinyatakan bersih dari corona. Dalam kelakarnya Menko Perekonomian Airlangga bilang karena perizinan di Indonesia berbelit-belit maka,happy
Solusinya kata ibu connie ialah meminta satu dunia harus bisa mendamaikan US agar tak berperang u/ menormalkan ekonomi dunia dan khususnya u/ perekonomian indonesia !,sadness
@USER samapdhl bisa buat sendiri tp entah knp ak bernapsu skli menggerakkan perekonomian indonesia dgn rutin membeli es teh,love
@USER Saran Pak @USER Sebaiknya dihapus u/ perpanjangan SIM demi jaga kepercayaan masyarakat terhadap pemerintah &amp; tingatkan daya beli hingga #perekonomian Indonesia di tengah #ekonomi yang sedang fluktuatif. @USER @USER @USER @USER @USER @USER,love
Menteri Koordinator Bidang Perekonomian Airlangga Hartarto membawa komitmen investasi besar usai kunjungan kerja ke Korea Selatan dalam forum Indonesia-Korea Partnership for Resilient Growth. Dalam agenda tersebut tercatat penandatanganan 10 nota kesepahaman (MoU) dengan total,sadness
BBM aman cadangan minyak bertambah! Langkah besar buat kestabilan energi dan perekonomian Indonesia. https://t.co/dxNvVkkwKU,sadness
https://t.co/UGw1z5oXah Indonesia Hari Ini: Penutupan enam Bank Perekonomian Rakyat (BPR) oleh Otoritas Jasa Keuangan (OJK) sepanjang Januari Maret 2026 bukan sekadar kasus individual. Fenomena ini .. https://t.co/wfkP1PQKNE,sadness
BBM tidak naik: Apa dampaknya terhadap perekonomian Indonesia? https://t.co/UIlksZABqO,sadness
Kunjungan kenegaraan ke Jepang dan Korea Selatan membawa kabar baik bagi perekonomian Indonesia! Kerja sama strategis ini berhasil menghasilkan komitmen investasi senilai Rp575 Triliun. #PresidenKhatulistiwa https://t.co/Ynu7RGrODN,sadness
@USER Jangan terprovokasi dengan narasi seperti ini. Perekonomian di Indonesia akan selalu terjaga stabilitas.,love
@USER Lebih baik skrg kita beri dukungan kpd pemerintahan Presiden Prabowo utk memajukan perekonomian Indonesia,sadness
Sorry yah Untuk pendekatan Ekonomi lebih bagusan SBY yah daripada Jokowi. Apalagi bapak SBY mah selalu memilih wakilnya yg merupakan pakar Ekonomi fiskal makanya dlm hal perekonomian Indonesia SBY jauh lebih bagus,happy
@USER patut menjadi inspirasi tp dengan realita perkembangan global sekarang tantangan pasti ada. belum lagi dengan adanya konflik timur tengah yg mempengaruhi ekonomi internasional. semoga perekonomian indonesia semakin membaik,fear
@USER Alangkah baiknya saat ini kita beri dukungan kepada pemerintahan Presiden Prabowo untuk memajukan perekonomian Indonesia,love
Inflasi kerap dipersepsikan sebagai sesuatu yang menakutkan karena identik dengan kenaikan harga. Padahal dalam kondisi tertentu inflasi dapat jadi sinyal positif bagi perekonomian. Pada Maret 2026 inflasi Indonesia tercatat 3 48%. Lalu apa arti angka ini bagi perekonomian? https://t.co/43pt00pPIX,sadness
Kata para penghasut Indonesia mengerikan perekonomiannya Tapi realitanya libur gandeng puncak macet warga siapkan uang lebih untuk belanja2 Alhamdulillah Kalian yg banyak uang jangan disimpan2 uangnya tapi belanjakanlah agar perekonomian rakyat berputar https://t.co/yY4XlqvQ3y,sadness
Kesiapan Pemerintahan Presiden Prabowo Subianto dalam mengantisipasi dampak krisis global patut diacungi jempol karena sejauh ini kondisi perekonomian stok BBM stok pangan Indonesia dalam posisi yang aman. Permasalahan yang cukup pelik justru ada dari dalam negeri rongrongan https://t.co/vHAbAdYgon,sadness
@USER @USER Gw yakin bang bandit-bandit politiknya itu pun juga campur tangan *n*ek *n*ek asi*g (aaa) sengaja biar negara indonesia cepat jatuh. 17 bulan cuy bikin perekonomian suatu negara deflasi (cmiiw) dari 17k jadi 7k aaa mana yang mau ada saingan negara baru mana berkembang lagi.,anger
Keberadaan PT Freeport Indonesia memberikan kontribusi terhadap perekonomian pembangunan infrastruktur serta penciptaan lapangan kerja bagi masyarakat Papua. #Freeport #EkonomiIndonesia #PapuaNKRI #IndonesiaTangguh #Tüik #infrastructure https://t.co/lQAwE07fzY,anger
@USER @USER Sumber: - Kementerian Koordinator Bidang Perekonomian Republik Indonesia https://t.co/fetkRrOYMH padahal kalo Lo mau cari tau smua ada jawabannya emg Lo aja dasar nya bodoh makan fitnah Mulu skrng gue tanya negara dengan utang terbesar siapa sih blok?,anger
Program makan bergizi gratis menjadi penggerak perekonomian serta mensejahterakan masyarakat Indonesia. https://t.co/aX7ymocWhu,sadness
@USER Indonesia berupaya menuju kemandirian ekonominya sebagai upaya menambah pendapatan negara ini juga diharapkn sbgai pilar strategis perekonomian nasional sumber devisa negara terbesar dari ekspor Crude Palm Oil (CPO) serta penggerak kesejahteraan masyarakat pedesaan.,anger
Presiden Prabowo Subianto merampungkan kunjungan ke Jepang dan Korea Selatan (Korsel). Dari kunjungan ke dua negara itu Indonesia mendapatkan investasi Rp574 triliun. Menteri Koordinator Bidang Perekonomian Airlangga Hartarto mengatakan soal peningkatan investasi yang https://t.co/45pYsGhQKR,sadness
Kinerja ekspor Indonesia positif di situasi tak kondusif Kinerja ekspor Indonesia pada Februari 2026 mencatatkan hasil positif di tengah situasi perekonomian global yang sedang tidak kondusif dibuktikan dengan kenaikan dibanding bulan sebelumnya. https://t.co/8o7VgTVphD https://t.co/c6XwfgfRom,sadness
Kunjungan Presiden Prabowo Subianto ke Jepang membawa sinyal positif bagi perekonomian Indonesia. Dalam forum bisnis Indonesia Jepang Presiden mengajak para pengusaha Jepang untuk memperluas investasi di berbagai sektor strategis di Tanah Air. Langkah ini dinilai dapat https://t.co/Oogq6uwoIx,sadness
Kenaikan harga minyak global telah menciptakan efek domino bagi perekonomian banyak negara di dunia termasuk Indonesia. Namun peristiwa kenaikan harga minyak ini bukanlah yang pertama kalinya terjadi. Selama hampir satu abad sejumlah peristiwa https://t.co/yxNHj8ESm8 https://t.co/dJB7ZgR3rG,sadness
@USER mengguncang perekonomian indonesia,love
 Impor mobil pickup untuk koperasi Merah Putih adalah langkah cerdas! Meningkatkan kesejahteraan rakyat dukung perekonomian lokal dan wujudkan cita-cita bersama. Ayo majukan Indonesia! 🇮🇩 https://t.co/NHDv9XUSVD,love
Perekonomian Indonesia mencatat tekanan harga yang meningkat pada Maret 2026 dengan inflasi tahunan mencapai 3 48 persen menurut data resmi yang dirilis Badan Pusat Statistik (BPS) pada Rabu (1/4). https://t.co/nYploXZGGs,sadness
Kata gw elu yang stop kerja dari pemerintahan ya bahlul perekonomian di Indonesia bisa gerak ya salah satunya karena indomart &amp; alfamart ada mrk gak ngerugiin negara samsek krn brg jualnya gak ada yg expired dan berulet macem MBG,sadness
Dalam prosesi ini Gubernur Perry menyampaikan bahwa peresmian ini menjadi langkah penting dalam mewujudkan visi bersama Indonesia dan Korea Selatan untuk membangun sistem pembayaran yang terintegrasi efisien dan inklusif sebagai fondasi konektivitas ekonomi digital kedua,sadness
Gelombang Work From Home (WFH) kembali melanda dunia namun kali ini dipicu krisis energi global akibat konflik di Timur Tengah yang mendorong harga minyak mentus USD 100 per barel. Sejumlah negara mulai mengurangi mobilitas pekerja untuk menghemat energi. Di Indonesia https://t.co/QWTjj7EsCx,sadness
Ngarijan Salim Pemilik PT Al Ichwan Garment Factory mengujikan konstitusionalitas Pasal 603 dan Pasal 604 Undang-Undang Nomor 1 Tahun 2023 tentang Kitab Undang-Undang Hukum Pidana (KUHP) terhadap Undang-Undang Dasar Negara Republik Indonesia (UUD NRI) Tahun 1945 ke Mahkamah https://t.co/HwIX2kQ1Tt,sadness
 Yang perlu ditekankan bahwa di tengah dinamika global yang penuh tantangan Indonesia berfokus pada penguatan gerakan peningkatan produktivitas..... Menko Perekonomian Airlangga Hartarto #partaigolkar #bahlillahadalia #golkar2029 #61TahunGolkar https://t.co/Ip1DgOAHiv https://t.co/Sqy4CaoBP0,sadness
Saya adalah orang yang sangat percaya bahwa kemajuan suatu negara adalah berbanding terbalik dengan tingkat korupsi. Semakin korupsi bisa ditekan semakin besar potensi yang bisa didapat dan semakin baik perekonomian negara. 1 tahun lalu banyak berita terkait dengan investment,love
Berdasarkan data @USER neraca perdagangan Indonesia pada Februari 2026 mencatat surplus sebesar 1 27 miliar dolar AS meningkat dibandingkan surplus pada Januari 2026 sebesar 0 95 miliar dolar AS. - Surplus yang berlanjut ini terutama bersumber dari surplus neraca https://t.co/yTVOuhO0EG,sadness
Mendukung kebijakan impor mobil pickup untuk koperasi Merah Putih! Bantu rakyat maju dan perekonomian kita tumbuh! Yuk bareng kita majukan Indonesia!,love
saking sulitnya perekonomian di indonesia sampe public space yg seharusnya nenangin malah bikin pusing karena kebanyakan diisi sama penjual dan berujung banyak sampah ,anger
sumpah randomnya bener-bener nyamain bapak-bapak RT001 lagi ngeronda mulai dari jokes makin malem yang dibahas tentang perekonomian indonesia dan perdebatan tentang bulat atau datarnya bumi serta apakah Adam dan Hawa turun ke bumi saat dinosaurus masih hidup. https://t.co/MLOHuA79Vi,sadness
Danantara bersama Qatar Investment Authority (QIA) resmi mengumumkan investasi strategis di Labuan Bajo Nusa Tenggara Timur untuk mengembangkan destinasi pariwisata super prioritas sekaligus memperkuat daya tarik Indonesia di kancah global. Investasi tersebut akan difokuskan https://t.co/XtB6GGeDIS,sadness
Yah masih kecil lah pak dibanding dwngan mbg.. tapi berdampak besar bagi perekonomian Indonesia,sadness
Dukung koperasi Merah Putih dengan impor mobil pickup! Bantu rakyat dan perekonomian semangat kolaborasi untuk Indonesia maju! 🇮🇩 https://t.co/dzI5CCjgsX,love
Lebih lanjut Prabowo mengajak Jepang berpartisipasi dalam membangun perekonomian Indonesia dengan kerja sama di sejumlah sektor. Di antaranya membangun kemitraan di bidang mineral kritis dan logam tanah jarang.,sadness
# selamat hari april f00lz bagi yang merayakan dan bagi wni dan juga teruntuk ((any) sistem (bukan struktur)) perekonomian indonesia dan pula terkhususnya personalities setiap WNIs,sadness
Mari bersiap menjadi bagian dari pendataan ekonomi di seluruh Indonesia . Pastikan usaha Anda tercatat untuk membantu pemerintah merumuskan kebijakan yang efektif dan berdampak bagi kemajuan perekonomian bangsa. #SadarStatistik #SE2026 #SensusEkonomi https://t.co/9tNUZKbJVY,sadness
Pemerintah Indonesia menetapkan 8 kebijakan hemat energi sebagai respons terhadap dinamika global termasuk perang Iran-Israel. Sebanyak 8 kebijakan tersebut merupakan arahan Presiden Prabowo Subianto. Menteri Koordinator Bidang Perekonomian Airlangga Hartarto menyebut kebijakan https://t.co/Fa4Oh1vYgJ,sadness
Terlihat Prabowo membawa delegasi Indonesia yakni Menko Perekonomian Airlangga Hartarto Menteri Luar Negeri (Menlu) Sugiono dan Sekretaris Kabinet (Seskab) Teddy Indra Wijaya.,sadness
Lebih lanjut Prabowo mengajak Jepang berpartisipasi dalam membangun perekonomian Indonesia dengan kerja sama di sejumlah sektor. Di antaranya membangun kemitraan di bidang mineral kritis dan logam tanah jarang.,sadness
Di tengah lonjakan harga minyak dunia pemerintah Indonesia menerapkan serangkaian kebijakan strategis mulai 1 April 2026. Termasuk penerapan skema kerja dari rumah atau work from home satu hari dalam sepekan bagi aparatur sipil negara (ASN). Meski demikian Pemerintah https://t.co/U2ucpFBcsS,sadness
Lebih lanjut Prabowo mengajak Jepang berpartisipasi dalam membangun perekonomian Indonesia dengan kerja sama di sejumlah sektor. Di antaranya membangun kemitraan di bidang mineral kritis dan logam tanah jarang.,sadness
@USER Jangan menyebarkan narasi provokatif yang hanya buat gaduh.. Percayalah pemerintah kerja nyata dalam menjaga stabilitas perekonomian Indonesia,love
@USER Tapi kenaikan BBM ini tidak hanya di ruang lingkup BBM saja karena bisa memberikan efek menjalar ke segala penjuru perekonomian seluruh masyarakat Indonesia kecuali Prabowo yang sering keluar negeri dan Gibran malah asik liburan.. BBM naik berarti semua barang bisa harga naik.,anger
Bersama mendukung Danantara untuk perekonomian Indonesia yang tumbuh lebih kuat dan berkelanjutan. Saatnya bergerak untuk masa depan bangsa! #Danantara #ManfaatDanantara #DukungDanantara #DanantaraIndonesia https://t.co/mJEBNTYG3l,love
Pemerintah Indonesia menegaskan komitmennya untuk menjaga stabilitas ekonomi nasional di tengah tekanan dinamika global yang terus berkembang. Melalui konferensi pers secara hibrida pada Selasa (31/3) pemerintah mengumumkan serangkaian kebijakan strategis sebagai langkah https://t.co/92deYwxjkf,sadness
Danantara dan Indonesia Investment Authority (INA) berpotensi menjadi katalisator bagi masuknya investasi asing ke Indonesia. Kedua lembaga Sovereign Wealth Fund (SWF) itu diyakini mampu memberikan rasa aman bagi investor global di tengah dinamika perekonomian dunia. https://t.co/LAXSAe0tOs,sadness
Danantara dan Indonesia Investment Authority (INA) berpotensi menjadi katalisator bagi masuknya investasi asing ke Indonesia. Kedua lembaga Sovereign Wealth Fund (SWF) itu diyakini mampu memberikan rasa aman bagi investor global di tengah dinamika perekonomian dunia. https://t.co/I875B8tmIB,sadness
Danantara dan Indonesia Investment Authority (INA) berpotensi menjadi katalisator bagi masuknya investasi asing ke Indonesia. Kedua lembaga Sovereign Wealth Fund (SWF) itu diyakini mampu memberikan rasa aman bagi investor global di tengah dinamika perekonomian dunia. https://t.co/N1dgYwmdld,sadness
Danantara dan Indonesia Investment Authority (INA) berpotensi menjadi katalisator bagi masuknya investasi asing ke Indonesia. Kedua lembaga Sovereign Wealth Fund (SWF) itu diyakini mampu memberikan rasa aman bagi investor global di tengah dinamika perekonomian dunia. https://t.co/Q1cwNdPa9O,sadness
Pemerintah Indonesia resmi meluncurkan strategi Jumat Digital sebagai langkah revolusioner menghadapi dinamika global. Menko Perekonomian Airlangga Hartarto dalam konferensi pers virtual pada Selasa (31/3/2026) mengungkapkan bahwa kebijakan bekerja dari rumah (Work From https://t.co/kNcYam99QM,sadness
Perekonomian Indonesia menunjukkan resiliensi yang kuat melalui penguatan sektor domestik stabilitas fiskal dan kebijakan adaptif di tengah dinamika global. #EkonomiResilien #IndonesiaEmas #IndonesiaMaju https://t.co/5PzuZbYvL7,sadness
Perekonomian Indonesia menunjukkan resiliensi yang kuat melalui penguatan sektor domestik stabilitas fiskal dan kebijakan adaptif di tengah dinamika global. #EkonomiResilien #IndonesiaEmas #IndonesiaMaju https://t.co/e5NiDittJX,sadness
Perekonomian di Indonesia sedang baik baik saja,sadness
@USER Yg beli juga susah penghasilan segitu2 aja yg jual juga bingung harga engga naik engga ada untung di naikin pelanggan pada kabur cuma bisa berdoa semoga perang segera berakhir perekonomian khususnya Indonesia baik2 aja,fear
@USER @USER Hati hati tanah tanah Indonesia tahu tahu menjadi daerah pendudukan Israel... mereka jago menguasai perekonomian perbankan dan investasi... seperti mereka menguasai US,love
Pemerintah Indonesia siap mengukir sejarah baru dalam kemandirian energi nasional. Menko Perekonomian Airlangga Hartarto dalam konferensi pers pada Selasa (31/3/2026) mengumumkan bahwa implementasi kebijakan B50 akan resmi berlaku mulai 1 Juli 2026. Langkah berani ini diambil https://t.co/CLxMCraWJ9,sadness
Pemerintah Indonesia resmi meluncurkan strategi Jumat Digital sebagai langkah revolusioner menghadapi dinamika global. Menko Perekonomian Airlangga Hartarto dalam konferensi pers virtual pada Selasa (31/3/2026) mengungkapkan bahwa kebijakan bekerja dari rumah (Work From https://t.co/rIySsd0x7x,sadness
Industri Sawit Jadi Penopang Ekonomi INDEF: Kontribusi Capai 6 47 Persen dan Serap 18 Juta Tenaga Kerja Jakarta Industri kelapa sawit kembali ditegaskan sebagai salah satu sektor paling strategis dalam menopang perekonomian nasional. Ekonom Senior Institute for Development of https://t.co/IwLx7zsyEX,sadness
@USER Orang ini Sok-sokan negara agamis tapi ngebom negara orang biar perekonomian Indonesia saat itu hancur dan kita jadi pekerja kasar lalu disiksa di negara mereka. Kata orang asing nih negara gak rekomen banget banyak umat Islam konservatif dan rasis antar ras. https://t.co/FGoYBB7QfO,anger
Pemerintah Indonesia resmi menerapkan kebijakan Work From Home (WFH) bagi Aparatur Sipil Negara (ASN) selama satu hari setiap Jumat mulai berlaku 1 April 2026. Kebijakan ini diumumkan oleh Menteri Koordinator Bidang Perekonomian Airlangga Hartarto dalam konferensi pers virtual,anger
Prabowo Subianto Tiba di Korea Selatan Lanjutkan Diplomasi Asia Timur Seoul Presiden Republik Indonesia Prabowo Subianto tiba di Seoul Air Base (Seongnam Airbase) pada pukul 19.15 waktu setempat atau pukul 17.15 WIB dalam rangka melanjutkan kunjungan resmi kenegaraan ke https://t.co/X2G4emyQZb,sadness
𝐇𝐞𝐦𝐚𝐭 𝐄𝐧𝐞𝐫𝐠𝐢 𝐍𝐚𝐬𝐢𝐨𝐧𝐚𝐥 : 𝐀𝐒𝐍 𝐖𝐅𝐇 𝐓𝐢𝐚𝐩 𝐉𝐮𝐦𝐚𝐭 𝐇𝐢𝐧𝐠𝐠𝐚 𝐏𝐞𝐧𝐠𝐠𝐮𝐧𝐚𝐚𝐧 𝐊𝐞𝐧𝐝𝐚𝐫𝐚𝐚𝐧 𝐃𝐢𝐧𝐚𝐬 𝐃𝐢𝐩𝐚𝐧𝐠𝐤𝐚𝐬 𝟓𝟎 𝐏𝐞𝐫𝐬𝐞𝐧 Pemerintah Indonesia resmi mengambil langkah berani dalam menghadapi dinamika global melalui https://t.co/ztwEIidrcr,sadness
sudah lama sekali tidak mendengar kalimat AD/ART dan SOKO GURU PEREKONOMIAN INDONESIA ,anger
gelap banget kek perekonomian indonesia kalo masuk koridor gitu zombienya kagak nampak kadang,sadness
Efek Domino Penetapan Status Proyek Strategis Nasional (PSN): Mengurai Dampak Luasnya bagi Perekonomian Indonesia https://t.co/NTdBzPBM6d,sadness
Gimana perekonomian Indonesia bisa lebih baik jika duit yang seharusnya diputar dan dinikmati rakyat malah dirampok secara tidak langsung oleh para penjahat keuangan? Zeran b4ngs4t bener mereka. https://t.co/HfXpVoBnEZ,sadness
Terlihat Prabowo membawa delegasi Indonesia yakni Menko Perekonomian Airlangga Hartarto Menteri Luar Negeri (Menlu) Sugiono dan Sekretaris Kabinet (Seskab) Teddy Indra Wijaya.,sadness
Presiden Prabowo Subianto menandatangani kerja sama ekonomi senilai 22 miliar dolar Amerika Serikat atau sekitar 370 triliun rupiah dengan Jepang dalam kunjungan resminya ke Tokyo pekan ini. Kesepakatan tersebut diteken dalam forum ekonomi Indonesia-Jepang dan disebut menjadi https://t.co/cdiMAZj7GA,sadness
Harga minyak global yang terus merangkak naik menjadi tantangan besar bagi perekonomian Indonesia. https://t.co/znzNg7GZUL,sadness
Kebahagiaan dirasakan Sarjo (50) seorang pemulung di Boyolali setelah anaknya yang sempat putus sekolah kini bisa kembali melanjutkan pendidikan melalui program Sekolah Rakyat Terintegrasi 78 Sragen Jawa Tengah. Keterbatasan ekonomi yang dihadapi bahkan membuat salah satu https://t.co/HaR8AL4vPg,sadness
beneran pendidikan yg selalu dikorbanin???,sadness
@USER Pendidikan oh pendidikan,love
@USER Bobroknya karakter dan moral bangsa dari Rumah Tangga Dunia Pendidikan (Sekolah) Lingkungan Sosial Masyarakat hingga Dunia Pekerjaan K/L Pemerintahan sudah lengkap tergambarkan.,love
Sahabat Humas dukung kemajuan pendidikan! Aipda Nanang Eka wakili Polsek Serang Baru hadiri musyawarah rencana pembangunan 8 ruang kelas baru SMPN 03 Serang Baru Perum KSB Blok F Ds. Sirnajaya Jumat 24/04/2026 pukul 09.00 WIB. https://t.co/hdlhCB38Wd,sadness
kan pendidikan gak penting️️️,anger
Bentar mau julid .. ternyata pendidikan tinggi dan pekerjaan di ranah kementrian gak bisa luput dari mitos jadul ngurus anak anjrit aku SYOK temenku ada yg masih ngobatin anaknya bapil pake irisan BAWANG MERAH?? ,anger
Emang pendidikan jadi prioritas utama pemerintah??,anger
@USER Nggak usah kaget di negara kita menteri pendidikan aja korup wkw,anger
@USER inilah pentingnya sekolah bisa belajar moral dan etika selain punya ilmu pengetahuan moral dan etika bukan cuma anak kepada orang tua/mertua tapi sebaliknya sekarang fahamkan banyak orang lebih memilih pendidikan dari pada makan,love
@USER R.I.P dunia pendidikan... Kembalikan metode dedi mulyadi? Pondokan di barak militer,happy
@USER @USER Pendidikan nya jelas.?? Emang nya Kumu udah lihat semua ijazah nya..mana bukti semua yang kau katakan..kalau cuma ngomong aja mah..bocah baru lahir pun bisa ngomong.. ,anger
Kasus penyimpangan dalam seleksi pendidikan menjadi pelajaran penting: jangan hanya fokus pada hasil ujian tapi mulai serius menelusuri bakat anak sejak dini. Banyak persoalan muncul karena anak dipaksa masuk jurusan tertentu yang belum tentu sesuai potensinya. Pemetaan bakat https://t.co/6PrknvRNtZ,sadness
Kan pendidikan itu gak penting,anger
Beginilah jika MBG lebih penting dari Pendidikan https://t.co/DITMRIAM6o,sadness
Menempuh pendidikan S2 di Korea adalah salah satu my dream. Bimillah tahun 2027 bisa terwujud,sadness
Langkah nyata Pembangunan Papua terlihat dari meningkatnya fasilitas pendidikan kesehatan dan infrastruktur yang menjangkau hingga pelosok daerah. #PembangunanPapua #PapuaCerdas #PapuaSehat #IndonesiaMaju #PapuaKuat https://t.co/Oyq4bqrOP4,love
Duta sekolah rakyat ga pernah ngerasain di sekolah ga layak dan susah nya bayar dana pendidikan malah sibuk keluar negeri dan ngurus MBG ~,anger
di Aula Dinas Pendidikan Kota Binjai Jln. Gn. Merapi Kel. Binjai Estate Kec. Binjai Selatan Kota Binjai wilkum Polres Binjai. https://t.co/taijize0Qu,sadness
@USER apa yg diharapkan dari pendidikan&amp; kesehatan yg ga dijadiin prioritas,fear
Daripada MBG yg ngaco itu lebih prioritas menjemput anak² untuk masuk sekolah dan perbaikan semua sarana-prasarana pendidikan serta gaji guru &amp; honorer gak perlu sampai 335 trilyun loh asal integritas jujur dan transparan..,anger
@USER Aku dlu jg ditinggal pak su ke jogja (gathering bbrp hari) ke sby pendidikan hampir seminggu ya aku nginep ke rumah tante ku yg msh deket sini cuman butuh temen aja. Sdgkn kamu uda ada mertua yg baik juga. Kataku coba naik turun kan pikirannya. Krn yg butuh support gk cuma,fear
@USER Pendidikan adalah kunci Kunci untuk bikin pintar rakyat Kunci untuk bikin rakyat ngerasa pinter ,love
Hendi Saputro remaja asal Sragen yang sempat putus sekolah akibat keterbatasan ekonomi keluarga kini kembali melanjutkan pendidikan melalui program Sekolah Rakyat gagasan Presiden @USER Subianto. https://t.co/dHQraYQwVu,sadness
@USER Kesuksesan pendidikan diindonesia Mantab ,happy
pendidikan number 1 anak number 1 gk peduli secapek apa pokoknya kerja untuk anak dan masa tua,sadness
@USER Yesssss betull MBG aja yg dikebut soal pendidikan pemerintah butaaa. Salah pemerintahh,anger
Otoritas AS telah membuka penyelidikan hak-hak sipil terhadap Departemen Pendidikan Kota New York menyusul pengaduan terkait kegiatan pendidikan dan komunitas pro-Palestina di sekolah-sekolah umum. Penyelidikan diluncurkan setelah muncul laporan bahwa sebuah kelompok yang https://t.co/3eiwGDeDbb,sadness
@USER Di sini kenapa murid suka bully temen karena di lingkungan sekolah tak ada yang perduli yang ada tukang nonton dan tukang rekam dan tukang upload ke media sosial itu wajah pendidikan Indonesia,love
@USER Pentingnya pendidikan dasar agama dalam keluarga...Setidaknya saat terpuruk agama dan keluarga lah yang jadi sandaran...,love
Haiy haiy joki jasa design poster untuk hari buruh hari pendidikan dan lainnya Bisa request sesuai keinginan Template poster start from 10k Design dari 0 poster start from 30k Revisi &amp; link GRATIS ️ https://t.co/iiznEiZNlA #jasadesign https://t.co/Zgs44ylWMs,sadness
ㅤㅤ ... pendidikan setinggi mungkin ia masih saja memenuhi setiap harinya dengan kesibukan pelayanan. Ismaya biasanya kalau mau liburan sendirian saja memilih ke mana? Sekarang ia membutuhkan ... ㅤㅤ,sadness
@USER Ya mau jualan apalagi? Pendidikan nol kerjaan nol yaudah pake cara pemain watak kerjaan lu tinggal nyebokin,anger
@USER Skripsi pendidikan bahasa inggris di aku bisa banget nih kakk. Yuk wa aja biar fast respon testi udah banyak sampe 5k+ dan open sejak 2022,love
Langkah nyata Pembangunan Papua terlihat dari meningkatnya fasilitas pendidikan kesehatan dan infrastruktur yang menjangkau hingga pelosok daerah. #PembangunanPapua #PapuaCerdas #PapuaSehat #IndonesiaMaju #PapuaKuat,love
 Congratulations! Puteri Indonesia : Agnes (Banten) Puteri Indonesia Lingkungan : Vicky (Bali) Puteri Indonesia Pariwisata : Karina (Dki 3) Puteri Indonesia Pendidikan : Gisela (Dki 2) https://t.co/rCHQop5yIY,sadness
Jujur senang lihat Papua makin maju pelan-pelan tapi nyata. Kalau akses makin bagus pendidikan dan kesehatan makin kebantu terus potensi lokal juga ikut tumbuh itu tuh bukan cuma soal pembangunan di atas kertas. #Papua #PapuaMaju #PapuaBangkit #PembangunanPapua #TanahPapua https://t.co/KaTrcmdEy5,anger
Bagaimana mau sakses kalau waktu pendidikan malah baca au mana senyum senyum sendiri (tapi tolong doakan sakses ya gais bisa lolos ujian one shot besok juli biar lgsg internship),sadness
@USER Setuju untuk prodi2 pendidikan (keguruan) sudah kebanyakan inflasi lulusan jadinya.,anger
@USER Menarik dikaji kenapa ortu Batak bisa mementingkan pendidikan anak2nya. Mereka percaya pendidikan bisa mengubah nasib. Mungkin dari pengaruh para penginjil atau faktor sosial budaya?,love
 WE ARE HIRING Tutor Bimbel Pionir Mandala Punya passion mengajar dan ingin jadi bagian dari tim pendidikan yang berkembang? Saatnya bergabung bersama *Bimbel Pionir Mandala* sebagai Tutor terbaik kami! https://t.co/zyRnMAXawo,sadness
@USER Sekolah berkedok pendidikan,love
Udah rusak ya pendidikan di negri ini semua karna em bhe ge!,sadness
makanya pendidikan gratis ,sadness
((( pengusaha ))) tapi digaji negara lewat APBN yang ngambil jatah anggaran pendidikan dan sektor lainnya yang udah dikasih insentif tapi masih ngambil margin. Pengusaha ususmu mbledos!,anger
@USER kiamat pendidikan...,love
@USER Fakultas keguruan dan ilmu pendidikan: Adios ,love
Sampai melupakan bahwa anak juga perlu pendidikan dari tangan kita sendiri. Jadi orang tua memang tak mudah kita harus seimbang antara sibuk mencari uang dan komunikasi dengan anak.. memberi kasih sayang juga termasuk kebutuhan pokok dan kewajiban kita selain memberi materi..,love
memang skrg pendidikan jadi nomor terakhir konyol bgtt,anger
selain kedua hal di video ini tugas istri itu Tarbiyah atau pendidikan anak. simple tapi semoga bisa menjadi insight buat warga X di sini daripada makan opini-opini liar si paling rumah tangga dan menambah trauma. https://t.co/wtm6LjLqsu,fear
@USER @USER Kalo buat pendidikan dan kesehatan nantinya masyarakatnya pada pintar dan melawan. Ehhh,love
@USER Salah itu min DKI JKT 2 dapet gelar Puteri Indonesia Pendidikan,anger
Bukti sistem pendidikan di Indonesia masih SANGAT jelek btw. Sistem pemerataan tidak jelas kurikulum acakadul. Makes these kids have to pay a lot of money to get better access and experience. Then how about those who can't afford better experience? -c,anger
Jangan pernah daftar kuliah kesehatan dan pendidikan ini buktinya GURU TIDAK PERNAH DIHARGAIN ngapain kalian capek capek jadi guru buat pintar anak orang biar aja TO LOL dan MAMPUS situ enakkan jadi karyawan EM BE GO 6 juta ditangan.,anger
Kalau emang jadi nih narikin pajak di selat malaka yang ada kita bisa diembargo sama negara-negara lain. Bayangin udah apa-apa impor pendidikan blangsak pengangguran jutaan industri gak berkembang rupiah makin merosot terus kena embargo. Bubar kita wkwkw.,sadness
@USER @USER Setuju kak Sebagai yang yatim dari kecil ibuku bener2 mendidik aku supaya bisa mandiri/berdaya memang alhamdulillahnya pas ayah meninggal ibu ada usaha katering &amp; jahit jadi masih ada pemasukan. Uang asuransi tahun 90an dulu gak seberapa habis buat biaya pendidikan.,love
Jujur senang lihat Papua makin maju pelan-pelan tapi nyata. Kalau akses makin bagus pendidikan dan kesehatan makin kebantu terus potensi lokal juga ikut tumbuh itu tuh bukan cuma soal pembangunan di atas kertas. #PapuaPunyaCerita #PapuaHebat #UntukPapua https://t.co/g1zFWmZwZy,anger
Mau disleksia atau pun kehilangan kesempatan untuk pendidikan berkualitas keduanya adalah tanda sistem pendidikan yang gagal. Gagal mengakomodir disleksia gagal memenuhi kualitas pendidikan yang cukup untuk penuhi standard kompetensi yang neurotipikal.,fear
Partisipasi UI Dalam The Asia Summit Tegaskan Komitmen Pada Pendidikan Global yang Aksesibel https://t.co/sZndHg3mAO,sadness
Benaran ini gk ada yg relai? Atau just konten doang. Dunia Pendidikan jg ikut2 bobrok kek gini hadeh ,anger
Padahal bisa ini buat penunjang pendidikan perkuliahan akses publikasi dll tapi malah :((( Ampas bgt dah pemerintah malah mrngutamakan proker katering,sadness
Gue iril lulusan UI kerja jd expat dah jadi supervisor. Lebih dr 5 taun jd data analyst di luar. Selain jual e course dan custom gpt hobi gue ngekritik pemerintah. Gue jual skill2 gue dengan harga terjangkau karena emg targetnya pendidikan sekunder untuk org2 indonesia for https://t.co/65Mq69iSgE,fear
Heritage Aisyiyah bukan sekadar cerita tapi napas panjang perjuangan perempuan yang terus hidup sampai hari ini. Dari ruang-ruang sederhana lahir gagasan besar tentang pendidikan kesehatan dan pemberdayaan. #aisyiyah #sejarah #muhammadiyah #tkaba #budaya https://t.co/DNVpSXmvut,sadness
mbg gizi ga terpenuhi dan para siswa keracunan bahkan nyawa terancam tapi boros anggaran. sedangkan guru yang merupakan peran penting dalam pendidikan dari pendidikan bisa meningkatkan sdm dan punya manfaat lain jangka panjang tapi gajinya kecil bahkan ada yang ga digaji.,anger
Guru Besar Tonggak Kecemerlangan Pendidikan Luar Bandar Berita penuh boleh didapati di pautan EDISI UKAS berikut : https://t.co/8nJQ1MNUG4 #UKASnews #SaluranInformasiRakyat #SarawakMajuMakmur https://t.co/zaGOajNElJ,sadness
Otsus dan DOB bukan sekadar program tetapi langkah nyata dalam meningkatkan kualitas pendidikan demi generasi Papua yang lebih unggul. https://t.co/soi4F73ibj,sadness
@USER Mau SD SMP SMA SMK PT UNIV itu cuma gelar gelar klo kita pernah belajar biar kita g buta huruf.. g prlu malu dg sebatas gelar pendidikan malu lah klo gelar pendidikan itu g prnh dipakai buat berfikir dan dipakai untuk hal yg gak bermanfaat bagi sesama,anger
Terlihat terang benderang korupsinya itu sekeluarga. Jangan lupa dan jangan berhenti sampai sekeluarga membayar kembali uang warga Kalimantan Timur yang mereka pakai untuk kepentingan pribadi. Kalimantan Timur tidak kekurangan dana pendidikan kesehatan dan pembangunan!,happy
miris kejadian yang sebetulnya tidak perlu terjadi di dunia pendidikan . ini daerah mana ya ?,anger
@USER Hasilnya ya gitu gitu aja gak heran jadi negara terbelakang lagi. Perempuan dikasih hak pendidikan yang setara nggak?? Itu aja dulu,anger
Pembangunan Sekolah Rakyat di Jawa Timur adalah pondasi penting untuk masa depan yang cerah di mana gizi dan pendidikan berjalan beriringan. Upaya Kementerian PU di bawah kepemimpinan Menteri Dody Hanggodo ini adalah bagian integral dari Transformasi Gizi Bangsa. https://t.co/SUCZwZHcSl,fear
peran kepala sekolah dalam pengembangan kompetensi GTK dan supervisi akademik serta penguatan kompetensi sosial kepala sekolah beserta materi penunjang lainnya. Melalui pelatihan ini diharapkan para peserta mampu menjadi pemimpin pendidikan yang adaptif inovatif https://t.co/kbomJUGQLQ,anger
Berbagai materi strategis diberikan untuk memperkuat kompetensi peserta meliputi penguatan kompetensi kepribadian dan profesional kepala sekolah pengelolaan satuan pendidikan penguatan jiwa kewirausahaan (entrepreneurship) dalam kepemimpinan sekolah https://t.co/CsiGzgd6AC,sadness
Halo #SobatGaruda Dalam upaya memperkuat kapasitas kepemimpinan pendidikan Kemdiktisaintek melalui Ditjensaintek bersama Direktorat Jenderal Guru dan Tenaga Kependidikan Kemdikdasmen menyelenggarakan Pelatihan Bakal Calon Kepala Sekolah (BCKS) SMA Unggul Garuda Baru. https://t.co/Hc2Acu4bip,sadness
@USER ya ini lah efek klo pendidikan ga jadi prioritas pemerintah BOBROK,anger
Kepada kalian semua yg pro maupun benci Presiden @USER Bila melihat anak tetangga hidup di jalanan (mulung ngamen tidak sekolah) tolong koordinasi RT RT Kepala Desa untuk dihubungkan ke Dinas Sosial agar anak2 itu mendapat pendidikan perlakuan manusiawi dan memiliki masa https://t.co/FWJNV2VShK,sadness
@USER @USER kalo ga terjun lngsng di dunia pendidikan (ngajar) ga bakal bilang ga bisa menyalahkan salah satu pihak wkwkk krna realitants yg rusak skrg bkn cuma moral anak tpi emg ortunya ga mendidik anaknya dan banyak ortunya jga yg rusak moralnya jadi guru akhirnya serba salah terus ‍️,anger
Aku lulusan Magister Pendidikan (S2) tahun 2025. aku open jasa bantuan akademik untuk all jurusan (S1 S2 dan S3). Melayani pengerjaan: Paper Makalah Laporan Praktikum Skripsi Tesis Disertasi Paraphase Turnitin Japri wa dibio untuk fastrespon yo 71 #Zonaba #zonajajan #zonauang,sadness
Salah semua yang benar adalah untuk meningkatkan kualitas pendidikan kita butuh makan siang gratis! 1 tahun makan gratis bisa menaikkan IQ seorang anak sebesar 5 point #LanjutkanMBG,sadness
Aku lulusan Magister Pendidikan (S2) tahun 2025. aku open jasa bantuan akademik untuk all jurusan (S1 S2 dan S3). Melayani pengerjaan: Paper Makalah Laporan Praktikum Skripsi Tesis Disertasi Paraphase Turnitin Japri wa dibio untuk fastrespon yo 70 #Zonaba #zonajajan #zonauang,sadness
Semoga pertemuan ini membawa keberkahan bagi pengembangan dakwah dan pendidikan Islam di Indonesia https://t.co/UTPoUzHWXI,sadness
@USER @USER @USER Dengan meningkatnya Kekristenan dan aliansi para ukung Minahasa menjadi lebih mudah menerima pemerintahan Liberal dan pendidikan Pencerahan. Kekristenan Pencerahan dan Desentralisasi kepemimpinan tiga faktor besar untuk meluasnya peradaban Belanda. https://t.co/i5lF210gvS,love
JADWAL AKSI BULAN MEI 1 Mei hari buruh demo buruh 2 Mei hari pendidikan demo mahasiswa 13 - 14 Mei peringatan tragedi 98 demo anti soeharto dan anti Neo Orba 20 Mei hari kebangkitan nasional demo pro demokrasi 21 Mei peringatan jatuhnya Soeharto demo anti Soeharto dan,sadness
huh i want too... tapi gw adalah seorang mahasiswa fakultas pendidikan dan jurusan keguruan sd and wich mean gw harus memakai seragam dan tidak mengenal apa itu outfit (kecuali hari jumat tapi hari jumat gw libur kuliah) #mahasiswamenujusemesterakhir #jamkuliahtaksetiaphari,sadness
@USER Membangun karakter dulu baru dikasi pendidikan. Bukannya dikejar bisa calistung dulu karakter dirumah. Ortu banyak yg gak becus ngajarin anaknya. Miris banget lihat kondisi pendidikan disini. Guru gak ada harga dirinya,sadness
Suara pendidikan : Guru SMAN 2 Jakarta apresiasi program Presiden ️️ Justice For Poppy Minum Air Anget Aja Klok BBCA https://t.co/He7jue6QfG,sadness
@USER Kesalahan sistem pendidikan secara keseluruhan sih menurut aku kak,sadness
@USER bener apa kata orang jepang pendidikan no 2 Adab no 1,love
Anak anak studytwt nih pada classist af. Padahal beruntung aja mereka lahir dari keluarga kaya raya. Padahal pendidikan dan ilmu itu hak semua orang. Sok banget ajg budak kapitalis aja bangga bgt,sadness
Aku lulusan Magister Pendidikan (S2) tahun 2025. aku open jasa bantuan akademik untuk all jurusan (S1 S2 dan S3). Melayani pengerjaan: Paper Makalah Laporan Praktikum Skripsi Tesis Disertasi Paraphase Turnitin Japri wa dibio untuk fastrespon yo 69 #Zonaba #zonajajan #zonauang,sadness
@USER Permohonan atau kemas kini permohonan jawatan Pegawai Perkhidmatan Pendidikan (PPP) Gred DG9 dan DG41 melalui Sistem mySPP boleh dilakukan sepanjang tahun tanpa had bilangan kali. Portal rasmi https://t.co/w9NDzXxyrb dibuka 24 jam sehari 365 hari setahun. Namun pertimbangan,sadness
Salah satu hal yang ga boleh kita normalisasikan harganya mahal: Pendidikan ,sadness
Aku lulusan Magister Pendidikan (S2) tahun 2025. aku open jasa bantuan akademik untuk all jurusan (S1 S2 dan S3). Melayani pengerjaan: Paper Makalah Laporan Praktikum Skripsi Tesis Disertasi Paraphase Turnitin Japri wa dibio untuk fastrespon yo 68 #Zonaba #zonajajan #zonauang,sadness
Aku lulusan Magister Pendidikan (S2) tahun 2025. aku open jasa bantuan akademik untuk all jurusan (S1 S2 dan S3). Melayani pengerjaan: Paper Makalah Laporan Praktikum Skripsi Tesis Disertasi Paraphase Turnitin Japri wa dibio untuk fastrespon yo 67 #Zonaba #zonajajan #zonauang,sadness
Aku lulusan Magister Pendidikan (S2) tahun 2025. aku open jasa bantuan akademik untuk all jurusan (S1 S2 dan S3). Melayani pengerjaan: Paper Makalah Laporan Praktikum Skripsi Tesis Disertasi Paraphase Turnitin Japri wa dibio untuk fastrespon yo 66 #Zonaba #zonajajan #zonauang,sadness
@USER @USER Guru harus tegas.. bedakan urusan mbg dan urusan pendidikan. Harusnya disamping sekolh ruang khusus pake biaya mbg seperti kantin.. jadi jam istirahat siswa bisa langsung ke ruang makan mbg..,fear
teriak2 soal pendidikan gratis dari pemrenta tp bank soal aja elitis bjir ,sadness
@USER @USER @USER @USER Berani berantas DC ga?? atao cuma beraninya MALAK sumbangan PENDIDIKAN pada pengusaha? Kalo ga berani mending diMUTASI aja ganti sama yg LEBIH BERANI &amp; BERINTREGITAS. Dan Yg ga MALAK SUMBANGAN PENDIDIKAN untuk naek PANGKAT.,love
@USER @USER @USER Pendidikan lebih penting daripada keracunan paham aku aja dirumah gampang cari lauk yang dibutuhkan hanya yg bisa dipakai lumayan lama seperti beras minyak gas dan alat masaknya untuk bahan lauk malah lebih enak daripada MBG,love
Negara perlu dengan sungguh-sungguh melaksanakan apa yang sudah termaktub pada konstitusi. Berdasarkan Pasal 31 UUD 1945 negara wajib memberikan pendidikan khususnya pendidikan dasar dan pemerintah berkewajiban membiayainya. Hal ini bertujuan mencerdaskan kehidupan bangsa https://t.co/vrTWs7pZtd,anger
Hari pertama Pendidikan dan Latihan Dasar (Diklatsar) Korps Sukarela (KSR) PMI Kota Jakarta Utara resmi dimulai pada Jumat 24 April 2026. Kegiatan ini menjadi langkah awal dalam membangun generasi muda yang tangguh siap menghadapi berbagai risiko bencana. #KSRPMI #RelawanMuda https://t.co/ec8cdD0a5y,sadness
Gue bingung sama cewek yg background oke tapi mau2nya melakukan hal konyol begini gue yg pendidikan belum setinggi ini aja udah set harga diri setinggi langit pacaran di game aja udah jadi AIB buat gue,fear
News :MENYEDIHKAN!!! Di Jawa barat 3.823 Honorer pendidikan Belum digaji dua bulan karna terbentur aturan. https://t.co/hsPJ8amCD5,fear
bpjs masih iuran tiap bulan banyak orang miskin minim pendidikan sdm rendah dolar naik rupiah lemah ihsg turun saham anjlok bpom ga ada duitnya asn jadi korban pemangkasan tunjangan tapi duitnya yang bisa semuanya itu malah dipake foya2 di mbg,anger
Pemerintah memastikan renovasi sekolah dan program gizi tetap berjalan paralel menggunakan anggaran pendidikan (APBN/APBD). Infrastruktur yang layak + Gizi yang baik = Kunci siswa berprestasi. https://t.co/nRAIU54CgB,sadness
Mirisnya makinn kesini makin banyak iklan pinjol di YT bahkan ada yg narasinya bisa pinjam dana pendidikan like what.. ini pelajar2 indo sengaja digiring buat pinjol kahh? Apalagi syaratnya cuma KTP doang.,happy
@USER @USER @USER Kurang nya pendidikan beretika di sekolah...,love
Astagaaaa para siswa ini rata2 nggak tahu ilmu pembagian !! Tapi kog mereka bisa sampai SMP ya kalo pelajaran dasar matematika saja gak bisa Kalo jaman dulu gak pinter ya gak naik kelas. Miris banget lihat dunia pendidikan jaman sekarang. Ini pemerintah harus serius https://t.co/fMHO97xu58,anger
Dunia pendidikan bener-bener juga ikutan gak baik ‍,sadness
@USER Polisinya kurang menguasai keadaan. Pelawan arahnya kurang pendidikan,happy
Kodam IX/Udayana lantik 137 Bintara Infanteri Pendidikan Pertama Bintara (Dikmaba) Infanteri TNI AD Gelombang I Tahun Anggaran 2026. https://t.co/S88jkXV7AJ,sadness
@USER Itu krna kurang nya pendidikan tentang etika... sudah waktu nya Indonesia kembali ke jaman era 80an utk pendidikan etika yaitu digerakkan kembali penataran p4.. lht lah jaman dlu gk ada hp tp pada pinter2 ketimbang yg skrg...,anger
Terokai pelbagai laluan pendidikan melalui UP_TVET. Ayuh jadikan TVET Pilihan Utama Kerjaya anda! Catat butiran berikut: Tarikh: 25 - 26 April 2026 (Hari ini &amp; Esok!) ⏰ Masa: 11:00 Pagi - 6:00 Petang Tempat: Dewan Tanjung Puteri PERSADA Johor,anger
Program MBG menjadi bukti komitmen pemerintah dalam sektor kesehatan dan pendidikan https://t.co/ScjCfBbT5p,sadness
@USER Nggak mau gue ga mau bertanggungjawab atas keracunan dan kebobrokan pendidikan. Lagipun ga ada yang menjamin ketika lu join program itu pikiran lu akan tetep kritis ke mbg. Kita bisa terpengaruh dengan sekitar kita.,anger
Hasil program MBG. Memakan barang syubhat rebutan proyek dan belum jelas asal duitnya. Mau dibuat bergizi sekalipun pastilah hanya akalnya saja yg dapet. Padahal tujuan pendidikan itu ada tiga Akal Tangan dan Jiwa. Kalau jiwanya dikasih makan kotoran jadinya seperti ini.,anger
Gratis tuh gratis biaya pendidikan buat S2 gitu loh kok kangkung 1 iket apaan dah ,anger
@USER @USER Pertanyaannya apakah saat ini pendidikan masih jadi prioritas? Atau justru mencerdaskan kehidupan bangsa saat ini dilakukan melalui program prioritas embege?,love
@USER Itulah gunanya sekolah/pendidikan tinggi ygy ,anger
Sementara itu Wakasek Humas I Ketut Ariawan didampingi Kadek Widiastrini mengucapkan terimakasih atas kehadiran KPU sebagai lembaga yang memiliki tugas menyampaikan pendidikan pemilih berkelanjutan. Sehingga nantinya ada modal awal bekal bakal calon pemilih https://t.co/7akpbOkwxw,sadness
Kenapa ini penting? Karena VR membantu Indonesia maju di Industri 4.0: Training karyawan lebih aman &amp; murah Pendidikan lebih interaktif &amp; merata Pariwisata bisa diakses semua orang Ini bukan cuma teknologi tapi alat pemerataan kesempatan.,anger
Kenapa ini penting? Karena VR membantu Indonesia maju di Industri 4.0: - Training karyawan lebih aman &amp; murah - Pendidikan lebih interaktif &amp; merata - Pariwisata bisa diakses semua orang Ini bukan cuma teknologi tapi alat pemerataan kesempatan.,anger
Di dunia pendidikan juga gila perkembangannya. Universitas Indonesia (UI) pakai VR untuk simulasi bullying di sekolah terapi okupasi pasien demensia dan bahkan virtual lab untuk mahasiswa keperawatan. Anak-anak &amp; mahasiswa sekarang bisa merasakan situasi nyata lewat VR jauh https://t.co/5Wke2NRHhf,sadness
 Dengan aktifnya siswa menandakan materi yang kita berikan menarik dan dapat diterima. Semoga saja ini menjadi modal awal sebagai bakal calon pemilih pemula ucap Ketua Divisi Sosialisasi Pendidikan Pemilih (Sosdiklih) https://t.co/ut74re5Fcu,sadness
Antusias Respon Balik Sosialisasi KPU Karangasem #TemanPemilih siswa - siswi SMPN 2 Manggis merespon balik sosialisasi pendidikan pemilih yang dilakukan KPU Karangasem Sabtu (25/4) pagi. Peserta yang berasal dari kelas IX itu merespon dengan menjawab dan aktif bertanya. https://t.co/zUSbPRUQRS,sadness
Bersama Kelas Hitung Cepat Gemari Tematik PR matematika bisa beres 3x lebih cepat tanpa drama! Di sini anak belajar dengan cara yang seru praktis dan mudah dipahami bukan sekadar menghafal tapi benar-benar mengerti. #pendidikan #matematika #zonauangㅤ https://t.co/WuLuw1iCl5,sadness
biaya pendidikan kedinasan tuh semahal itu ya ternyata,sadness
26. halo semua timku open joki tugas psikologi tutor bimbingan skripsi dikerjain oleh lulusan psikologi: Skripsi Metopen kuali kuali Cari jurnal Konstuksi alat ukur Lap alat tes Biopsikologi Psiko klinik eksperimen sosial pendidikan Psikometri Intervensi Kode etik JASP,happy
@USER @USER Keluarkan ! Coret dari seluruh lembaga pendidikan !,love
@USER @USER @USER @USER @USER @USER @USER @USER @USER @USER Thanks infonya nanti sy twit langkah agar anak2 itu mendapatkan haknya pendidikan Di sinilah pentingnya kepedulian kpd orang2 terdekat seperti tetangga yg kurang beruntung Alhamdulillah Presiden @USER sangat peduli hal ini makanya didirikan sekolah rakyat,love
@USER Kalo di Jepang iming punya anak gratis pendidikan dll disini yg dibahas perut mulu.,fear
Isu ini udah aku bahas dan dibahas banyak aktivis sejarah pas kebijakan ini baru berlaku. Tapi tetep aja masyarakat kayaknya kurang aware terkait pendidikan indonesia terutama bidang sejarah. Karena sebagian berpendapat ah barang sejarah ngapain diurusin atau yaudah lagian-,sadness
@USER bertanggung jawabbb selalu mengusahakan apapun untuk anaknyaa walaupun lagi sakitt berpikir kritis untuk anaknya selalu mendapatkan pendidikan yang layak walaupun beliau hanya lulusan SMP satu lagi nderr kelebihan lemakkk hehe ,love
Koperasi yang berkembang menjadi penggerak utama kemajuan kesejahteraan masyarakat. Melalui Koperasi Desa Merah Putih warga desa dapat tumbuh dan berkembang bersama membuka peluang usaha dan pekerjaan meningkatkan penghasilan hingga menjamin masa depan pendidikan anak. https://t.co/39sUPseuFl,sadness
Dan dlu waktu salah satu seminar pendidikan yg saya hadiri memang kualitas pendidikan itu ada di tangan guru. Bukan di tangan murid. Masalahnya banyak orang jd guru krn itu cara cepat kerja dan ga semua orang pintar COCOK jdi guru .... sekali lagi saya ulangin,anger
Sebagai pasien dengan berbagai penyakit kronik dan kongenital serta anak kedokteran yang berniat melanjutkan pendidikan hingga gelar dr. itu Indonesia sangat tidak ramah dengan perempuan apalagi para penderita penyakit kronik.,sadness
Ketua DPRD Gowa Hadiri Penutupan Pendidikan Bintara Infanteri TNI AD Gelombang I TA 2026 https://t.co/x1xYSridHs,sadness
@USER Bener najiss liatnye makanye pendidikan mahal biar ga bs sekolah klo rakyat bodoh jd bs diatur seenaknye negara lain saling berlomba utk majuin negara dn rakyatnye konoha malah sebaliknye.Untung ga milih manusia2 rakus ini klo kaga ape yg hrs gw jwb di pengadilan akhir nnt.,anger
Sumpah! Ini gimana bisa kayak gini? Pendidikan karakter udah ga ada kah?,anger
@USER @USER Gila yaaa Indonesia sekarang. Pemerintah sukses melestarikan kuakitas pendidikan rendah dan tidak merata rakyat mudah dibodohi KKN lestari ,love
@USER Ini harus evaluasi Total dunia Pendidikan @USER @USER @USER FATAL dan hal serius ini. Bukan hal pertama ini sdh sering berulang2 hal spt ini!!! Ada yg salah dng sistem pendidikan sekarang!,fear
orang2 kaya gini gw doain laga lulus utbk pilihan berapapun ga lulus ujian mandiri iup dan jalur masuk lainnya. gimana mau ke level pendidikan tinggi kalo masih mikir ilmu itu properti milik pribadi yang membayar? rugi amat lu kayanya ngeshare latsol dari bimbel doang. najis.,anger
@USER @USER @USER Ga apa2 bang.. Negara skrg yg punya @USER bebas mau apa aja dr duit negara. Ga peduli ketimpangan dr sisi pendidikan &amp; sosial. Jd menteri/stafsus yg penting jd team sukses pilpres &amp; ngejilat,anger
Diskursus tahunan yang akar masalahnya adalah karena pendidikan ga bisa menjangkau semua kalangan.,love
@USER makanya pendidikan yg harusnya gratis aja masih suka suruh bayar belom infrastruktur sekolah yg sering ga layak... kaya gini kok malah bikin sekolah rakyat,anger
bukti pentingnya pendidikan,anger
@USER 10 tahun Pendidikan Moral Pancasila yang sudah dihapus dari Kurikulum pendidikan.,love
Gini nih hasil revolusi mentalnya jkw dulu 10 tahun ngerusak dunia pendidikan doang,happy
@USER guru sudah kehilangan maruah di dunia pendidikan negara ini,anger
@USER Sebenarnya lebih penting mana pendidikan kesehatan dibanding usul usul spt ini?!,love
@USER Menuju Indonesia cEMAS 2045 PRESIDEN SOEHARTO TOKOH PENDIDIKAN INTERNASIONAL HM Soeharto https://t.co/h6DBmYOiW3 Bukannya genjot industrilisasi mlh pilih hilirisasi yg justru makin meredupkan ditambah slh arah mbg lbh penting dr pembukaan lapangan kerja hingga apbn pun disunat https://t.co/4vEXPY4o7g,anger
@USER @USER betul kak. 22 des itu hari kongres perempuan I di jogja yg bahas kesetaraan hak perempuan specifically di bidang pendidikan &amp; peran sosial politik. tp ya krn era soeharto smw hal berkaitan perjuangan perempuan dianggap golongan kiri &amp; dipaksa bungkam lwt ibuisme negara,fear
@USER @USER Yes banyak sekali yg seperti itu. Jika terlihat jelas tanda2nya mudah bagi kami tuk menghindari. Sehingga bisa memilih ustad2 berilmu yg tepat. Sekarang sangat mudah mencari latar belakang pendidikan para ulama. Sebagian besar bisa search agar jangan sampai salah pilih panutan.,anger
 di tv uda rame mulai utbk kok kamu ga ikut lagi? udah gamau ngejar yang kamu mau lagi? jujur lebih mikirin uangnya sih walaupun disanggupin tapi rasanya better dialokasiin buat pendidikan adik aja kejar mimpinya jadi anak teknik toh sekarang uda mulai juga di ip,anger
Udh di fase mikir gw bodoh bgt orangnya gara² ga pernah buka buku buat belajar dikala temen² gw pada stres kuliah gw malah stres kerja yang harusnya gw mikir pendidikan juga,anger
@USER @USER Pemerintah sedang membentuk 500rb personil padahal sedang tidak berperang di sisi yang lain Pemerintah gagal membuat 3 5jt Guru honorer sejahtera padahal pendidikan sedang jauh tertinggal!,fear
@USER #OtsusPapua Membangun Masa Depan Cerah Papua Lewat Kemajuan Pendidikan dan Dukungan Otsus https://t.co/ARFjP0Wlsh,sadness
@USER #OtsusPapua Membangun Masa Depan Cerah Papua Lewat Kemajuan Pendidikan dan Dukungan Otsus https://t.co/7p5xeTOf0R,sadness
@USER Guru honorer yang masih setia mengabdi dengan semboyan ikhlas beramal . Setiap hari mendengar kata MBG ingin teriak sekencang-kencangnya ke pemerintah. Fokus pendidikan bukan makanan kita bukan iri dengan anggaran MBG yang gila-gilaan tapi kami menuntut keadilan . https://t.co/vXqF60M073,sadness
@USER Kembalikan pendidikan kedisiplinan pmp ala militer .. tiap senin baris cek kuku dan rambut klo panjang kena sentil penggaris kayu tuh jari,happy
@USER Keluarkan dia tidak Layak untuk mendapatkan pendidikan biar jadi gembel atau pelacur saja,love
Sehat badannya nyaman belajarnya. Pemerintah konsisten mengawal gizi dan infrastruktur pendidikan secara bersamaan! https://t.co/7cbgOZsua7,fear
Gais sudah ada ya konten pendidikan hukum bahwa perusahaan bisa melarang pacaran Disampaikan oleh ahli hukum wots kita bang @USER https://t.co/nlTlZeFfyf,sadness
Dunia pendidikan kembali tercoreng oleh aksi tak terpuji seorang siswi kepada gurunya. Kronologi: Si oknum siswi tidak terima saat ditegur dan justru balik membentak serta mengarahkan telunjuknya ke arah sang guru dengan nada tinggi. Kota Langsa Aceh https://t.co/NwliakSBUc,sadness
@USER Oi yang bener aja gua juga seumuran sunghoon tapi baru memulai hidup karena kemaren kemaren fokus sama masa pendidikan.,love
@USER Gini amat dunia pendidikan kita murid apaan ini... ,love
@USER Mengapa...? Utk kesehatan &amp; pendidikan susah sekali anggarannya. Utk dihambur2kan dg segala printilan MBG &amp; BGN mudah bgt anggarannya diberikan -lihat yg punya SPPG &amp; Dapur MBG vs menu MBG yg diterima anak2 &amp; keracunan MBG -Berita BGN yg pamer terus seperti OKB. Speechless ga?,anger
Open joki tugas: ▪︎Ilmu Kesejahteraan Sosial ▪︎ PGSD ▪︎BK ▪︎Teknologi Pendidikan ▪︎Perpajakan ▪︎Ilmu Bahasa dan Linguistik ▪︎Ilmu Budaya ▪︎Humas ▪︎Desain (brosur pamflet) ▪︎Seni need hub https://t.co/Ezayj736T5,sadness
@USER Elu yang tolol memahami serapan anggaran pendidikan aja ga paham. Payah bener.,anger
@USER @USER Tapi aku kenal pacarku di Bumble juga tahun 2022 lalu. Dia kerja di mining gelar pendidikan mantep s2 ln dan sedang menempuh profesi insinyur. Emang chatingan kaku banget awal kenal pas ketemu malah nyambung ngobrolnya. Do'ain yaaa tahun ini kami akan menikah,love
@USER kalau masih banyak anak belum mendapat akses pendidikan yang layak berarti yang perlu dibenahi memang akar masalahnya.,anger
@USER Yoi arya dikatain tidak fantass beradegan begitu tidak mendidik orang gila mana yg mau cari pendidikan di series yg judulnya algojo Kadang kadang suka herman,anger
Ini Pendidikan Syekh Ahmad Misry Tersangka Kasus Dugaan Pelecehan Seksual https://t.co/GQj8kz65Zk,sadness
Ada yg posting: Guru direndahkan oleh: Pemerintah Ortu murid Murid Nasib si Kartini 21 April Pengajar dengan status ART DPR RI PGRI Kemendikdasmen RI Kang Dedi Mulyadi Pemprov Jawa Barat Disdik Jabar #TerdidikTerbaik @USER Pendidikan https://t.co/kdjPynpQr8,fear
@USER Ya patut lah pendidikan kita kayak gitu dari muridnya aja melawan sama guru apalagi orang tuanya pasti ngelawan ya tindak lanjut dari pemerintah pun ngk ada respon,love
Makanya perlu pendidikan formal agar tdk gampang dibohongin..... https://t.co/lmlFP6XNGM,sadness
Jatim Siapkan Ribuan Kursi Pendidikan Gratis Unggulan Lewat Program Sekolah Rakyat Tahun 2026 #BNetwork https://t.co/UVmZxXnHNN,sadness
Diskusi 2: 8/8 Etika dan pendidikan anti korupsi Manajemen risiko dan asuransi Pengantar statistika AKM I Auditing I Teori portofolio investasi Akuntansi Biaya AKL I ,anger
@USER melihat generasi skrg sdh bnr2 kelwt batas adab gk ada sombong sok mrs plg pintar alih2 melwn tenaga guru yg notabennya pengganti ortu di sekolah! tolong buat dinas pendidikan mapel Pendidikan Moral Pancasila (PMP) digalakkan kmbli utk tiap sekolah dr tingkat SD s/d SMA,anger
@USER bagi yang sekolah pendidikan guru bayar aja dengan mendoa kan menteri ini pahala nya gedhe,anger
lingkaran setan sdm goblok &gt; milih pemimpin goblok &gt; ga peduli pada aspek pendidikan &gt; lahirlah sdm goblok,anger
Kesempatan besar buat anak-anak miskin maju bareng Sekolah Rakyat yang kasih pendidikan terbaik https://t.co/Il5lj4rMr5,sadness
S2 ambil di binus or ui yaa kalau enak sambil bisnis dan ambis full pendidikan. dan bingung ambil ekonomi apa tax and finance,sadness
Sebagai ibu negara beliau sangat peduli kepada anak-anak. Salah satu wujud kasih sayang seorang ibu adalah pendidikan yang baik untuk anak-anaknya.,love
@USER ᅠ ఌ︎ Jika belum terlambat saya tertarik dan ingin mencoba peruntungan. Perkenalkan saya Rebecca Alicesya dengan pengguna rupa Ning Yizhuo. Saya adalah seorang 𝘮𝘦𝘥𝘪𝘤𝘢𝘭 𝘴𝘵𝘶𝘥𝘦𝘯𝘵 𝘫𝘶𝘨𝘢 𝘪𝘯𝘧𝘭𝘶𝘦𝘯𝘤𝘦𝘳 yang aktif dalam mengedukasi terkait pendidikan ᅠ,love
@USER Dunia pendidikan pasca covid bukan y membaik.. Malah yg ada semakin ambrol dan ditambah kurner yg mana siswa/i tdk boleh ada yg tggal kelas atau tdk lulus belum pendidikan etika tdk ada.,anger
Lanjutkan.... oke gaz. oke gaz. Pemerintahan Prabowo-Gibran berhasil melanjutkan nilai-nilai pendidikan yang ditanamkan sejak jaman Jokowi.,sadness
@USER @USER bukankah itu egois? Tujuan pendidikan untuk mencerdaskan bukan? Yg kurang pintar bermasalah dididik untuk lebih baik. Jadi peran guru fasilitas &amp; pemerintah harus sejalan,love
@USER Kenapa ? Dari segi pendidikan saat ini terlihat di ibu kota semua hampir rata rata setara untuk sebuah kasir toko ajah ituh S1 bayangkan padahal pas duduk di bangku kuliah berfikir akan kerja di perusahaan gedung pencakar langit inilah genderasi emas 10000 loker,love
Pendidikan Akhlaq itu diusia Dini Kejujuran itu Pendidikan yg harusnya sdh diberikan kpd Manusia sejak kanak². Jadi jika Kelakuan Seseorang menyimpang itu hasil didikan dimasa kecilnya. Jika Seseorang Korupsi jangan ditanya Universitasnya dimana tapi tanya TK nya dimana ARB https://t.co/boJZ7fnmc8,fear
@USER @USER @USER Berarti aturan terbaru tsb belum tersosialisasi dgn merata di seluruh negeri. Patut diduga Dinas Pendidikan di propinsi dan di kabupaten/kota belum meneruskan info tsb ke sekolah² swasta,fear
Makin gada harga dirinya dah pendidikan di indo,sadness
@USER Salah satu peyebab ini karena sistem pendidikan juga diacak acak semua harus lulus gak boleh ada yang gak naik kelas guru sibuk ngurus adm gaji pengajar rendah zonasi dan usia. Ditambah efek masih sosial media dan influencer. Udahlah wassalam ,love
@USER harusnya langsung dikeluarkan diboikot dr pendidikan siswa bgitu murid jaman dulu senakal.nakalnya ga berani sama guru. beranipun cm dibelakang sungguh miris,love
@USER @USER sekolah dulu ege lu kek orang kagak dikasih pendidikan ama mak bapak lu,love
@USER @USER Siswa yang tidak tertampung di sekolah negeri kasih gratis SPP di sekolah swasta. Itu hak mereka mendapatkan pendidikan sama seperti yg sekolah di negeri gratis. Duit jangan buat MBG.,anger
@USER Gapaham orang judi sampe juta-jutaan. Mau nyari uang kenapa ga ambil pendidikan kursus sertifikasi sekalian ambil tools buat kerja. Kalo mau nyari menang tinggal beli PC terus beli game. Kalo ga puas ama gamenya tinggal pasang mod atau bikin sendiri sekalian,anger
@USER Hidup MBG ya wo @USER bangun wo.... bangun... anda tuh terpilih jd pemimpin di Indonesia buat ksh solusi kyk gini2 lho bkn malah bolak-balik ke paris ultah si teddy di rayain mewah bkn wo urusan elo tuh urusin rakyat2 kecil agar mrk punya akses ke pendidikan kesehatan,anger
@USER @USER Kan kemarin2 udah ada capres yg mau gratisin pendidikan &amp; kesehatan kalo ga salah...,anger
Terima kasih KPT turun padang ke UiTM Shah Alam meninjau keperluan projek RP1 RMKe-13. Fokus utama: Ganti peralatan PdP usang Naik taraf kolej kediaman Semoga permohonan peruntukan fasiliti ini diluluskan demi kualiti pendidikan &amp; keselesaan mahasiswa. https://t.co/WRH6jnvJCh,sadness
Agar dapat mengenyam pendidikan tanpa terkendala biaya. Penghargaan ini bukan sekadar apresiasi tetapi juga menjadi motivasi untuk terus menghadirkan inovasi dan memastikan pendidikan berkualitas dapat dirasakan secara merata,sadness
@USER @USER pendidikan di Indonesia emang tidak merata tapi jangan terlalu ditampakkanlah ketidak merataan itu. Alias itu kamera 360. Ngerekam view 360 derajat,anger
paling bener lu kirim anaka anak lu ke sekolah katolik atau kristen atau budda selain pendidikan karakter juga dibentuk kaya pelita harapan atau sekolah santa theresia atau ada tzu chi punya,anger
@USER Bukti bahwa Pendidikan di Indonesia masih banyak PR,anger
@USER Stay - @USER - 1 - Lulus pendidikan lebih cepat karena program akselerasi. Memiliki sahabat bintang laut. Suka berjalan-jalan tapi mudah tersesat.,love
Dalam kondisi tersebut digitalisasi menjadi solusi strategis untuk mempercepat pemerataan pendidikan. Pemprov Kalteng terus mendorong transformasi pembelajaran melalui Kelas Digital Huma Betang sistem pembelajaran hybrid penguatan pembelajaran bahasa asing serta pemanfaatan,sadness
@USER @USER Ealah masih ada yg begini ternyata. PR pendidikan kita masih jauh banget,love
@USER @USER Bukti pendidikan di Indonesia masih banyak PR nya,anger
Terus ngapain maksa MBG bangsat bukan nya pendidikan gratis,anger
@USER Saat pemerintah tak ada keinginan mengutamakan pendidikan dan pembentukan karakter anak bangsa maka kecerdasan etika dan moralitas anak bangsa akan terus mengalami kemrosotan,love
@USER @USER @USER terbukti kan warga kita butuh pendidikan gratis sampe ke orang orang miskin kak? duh jadi keinget visi misi seseorang deh,love
@USER Akibat pelecehan dunia pendidikan yang dilakukan pejabat,anger
Capaian ini juga melanjutkan keberhasilan sebelumnya di mana Gubernur Kalimantan Tengah H. Agustiar Sabran meraih Pemimpin Daerah Award 2025 kategori Inovasi Daerah Bidang Pendidikan sebagai pengakuan atas komitmen memajukan sektor pendidikan di Bumi Tambun Bungai.,fear
Penghargaan yang diterima secara langsung oleh Wakil Gubernur Kalimantan Tengah H. Edy Pratowo ini menjadi bentuk apresiasi atas berbagai terobosan Pemprov Kalteng dalam meningkatkan kualitas pendidikan berbasis teknologi serta pemerataan akses pendidikan bagi masyarakat.,sadness
@USER 2024 pilih Anies alasannya mendasar: Tanpa harus menjelakkan lawannya doi sudah punya semua. Keturunan intelektual sekaligus ulama. Penggerak IM. Pendidikan paling tinggi dari lawannya. Fluent in English bapak Integrasi di DKI,anger
Selamat &amp; sukses atas diraihnya penghargaan National Governance Award 2026 oleh Pemerintah Provinsi Kalimantan Tengah pada kategori Pendidikan. https://t.co/0HKZXsfex8,happy
@USER Sistem pendidikan yang terbukti .....,anger
@USER Bisa bangeettt. Untuk semua program bisa diikuti lulusan SMA ya. Di twit ini bisa diliat background pendidikan yg uda pada brgkt.,anger
@USER @USER Ide: Apakah kemiskinan yg diwariskan punya korelasi/kausalitas dgn pendidikan ortu. Gak perlu data raw krn bakal digabung sitasi yg lain.,fear
@USER Black list aja dari dunia pendidikan,love
Cek OHSOME Mainan Balok Susun Anak DIY 280pcs Bahan ABS Kuat Tahan Lama Set Kado Pendidikan Awal Toys Educational Gift Set Boys Girls Multicoloured Game Musical dengan harga Rp59.900. Dapatkan di Shopee sekarang! https://t.co/5ZKj8mKAUd https://t.co/otOzaepJwi,sadness
@USER Jumlah guru harus ditambah kualitas guru harus ditingkatin gaji guru harus tinggi fasilitas pendidikan lengkap. Harusnya gitu,fear
Dari program jadi proyek jadi bisnis jadi politis Sebuah trajektory yang sukses dari penggunaan dana publik untuk pendidikan,happy
Saya Tidak Punya Pendidikan Tinggi tetapi Hidup Memaksa Saya Terus Belajar https://t.co/Vh9UB4hH5c,sadness
@USER @USER Kurikulum Pendidikan Ganti Mentri Ganti Kurikulum. Pejabat /Mentri baru spt Alergi dg Kurikulum pendahulunya. Kl alasan mengikuti Kemajuan zaman ok lah tp jgn smua di Rubah kurikulum nya. Toh dg Perubahan Kurikulum tdk ada Dampak nya pd Anak Didik. Tk bkin siswa makin pintar.,anger
Ahmad Safei: Jembatan Rusak di Matausu Menyangkut Akses Pendidikan dan Konektivitas Antarwilayah https://t.co/q72D30rrjL,sadness
@USER Kaltim dari dulu ga beres loh. Udah jalan rusak terus berbatu. Truk tambang lewat terus Ga ada lampu jalan Pendidikan dan keamanannya mengerikan.,fear
Penghargaan yang diterima secara langsung oleh Wakil Gubernur Kalimantan Tengah H. Edy Pratowo ini menjadi bentuk apresiasi atas berbagai terobosan Pemprov Kalteng dalam meningkatkan kualitas pendidikan berbasis teknologi serta pemerataan akses pendidikan bagi masyarakat.,sadness
kelebihan : bertanggung jawab secara finansial sandang-pangan-papan pendidikan semua terpenuhi kekurangan : short temper hobi kekerasan fisik + verbal gaprnh punya waktu dirumah (taunya cm kerja) in the end dia diam diam nikah sm cewe lain gw tau sebulan sblm bokap meningsoy,anger
@USER @USER Sekolah Rakyat di tentang?? Kalian gak setuju sekolah Rakyat??? Bukannya pada minta pendidikan gratis?,anger
@USER kmrn abis beli bakso abangnya nanya lg ujian gini emBG masih dibagiin? trs gw jwb jalan terus atuh gabakal berenti. pas puasa aja ttp jalan orgmah anak lg sekolah jgn dikasih mbadok gratisin pendidikan sm kesehatan harusnya emg program sampah bener.,anger
@USER Mana peran pemerintah menteri pendidikan??? Sepertinya negeri ini tidak punya pemimpin untuk Rakyatnya!! Rakyat dari A-Z berjuang sendiri... pajaknya di Uber2 telat di denda...,anger
@USER Kenapa akhir-akhir ini berita pendidikan yang naik malah berita jelek??,anger
@USER Ketika perform guru minim didaktik metodik dan dangkal pendekatan emosional dan kering manajemen kelas. Yg terjadi yaaa seperti itu. Boleh percaya boleh tidak sarjana pendidikan fresh graduate tidak siap mengajar.,anger
@USER Inikah buah dari Revolusi Mental ala @USER ? Inikah potret pendidikan kita saat ini @USER ? Apakah generasi kedepan yg spt ini yang akan melanjutkan estafet kepemimpinan negeri ? Miris dan suram dunia pendidikan kita.,fear
Kerajaan Negeri menawarkan latihan Pendidikan dan Latihan Teknikal dan Vokasional (TVET) secara percuma melalui Inisiatif Kemahiran Teknikal &amp; Ikhtisas Smart Selangor (IKTISASS) bagi membuka lebih banyak peluang pekerjaan berkualiti kepada penduduk tempatan. EXCO Sumber https://t.co/DoUBbdxmdY,sadness
𝗗𝗼𝘀𝗲𝗻 𝗨𝗕𝗛𝗜𝗡𝗨𝗦 𝗱𝗶 𝗨𝗶𝗧𝗠: 𝗞𝗮𝗺𝗽𝘂𝘀 𝗱𝗲𝗻𝗴𝗮𝗻 𝗦𝘁𝗮𝗻𝗱𝗮𝗿 𝗣𝗲𝗻𝗱𝗶𝗱𝗶𝗸𝗮𝗻 𝗜𝗻𝘁𝗲𝗿𝗻𝗮𝘀𝗶𝗼𝗻𝗮𝗹 Keren! Dosen UBHINUS terpilih jadi Guest Faculty di UiTM Malaysia bulan Juni nanti. Selengkapnya: https://t.co/1syx3y1o4f https://t.co/wGiESpj9R9,fear
gua udah harus mulai berkorban dan masuk tahap berhemat untuk masa depan direndahkan karena ga setara dalam hal pendidikan adalah yang terburuk. ngatain jelek ke gua ga begitu kena di gua tapi kalau bilang gua cuma tamatan SMK itu cukup menyakitkan.,sadness
@USER Mentri pendidikan + kpai + mentri ham...brengseek semuaa,happy
Wabup Gagarin menyebut guru madrasah di Pacitan sebagai pejuang multitalenta yang tangguh di tengah keterbatasan. Baca ulasan lengkap tentang komitmen memajukan pendidikan Pacitan di tautan berikut: https://t.co/8jxKoYNqj3,sadness
@USER Bener Bu. Pertolongan Allooh itu sangat dekat. Allooh Maha Adil. Salam buat Adik Topi Merah.. ilmunya berkah semoga mendapat Rizqi buat pendidikan yang diinginkan.,love
@USER @USER Hemm kalo inflasi pengamat itu ada inflasi pengurus pendidikan yang diurus orang bukan dari background pendidikan ada juga kah?,love
@USER @USER Bang saya tau pendidikan di Indonesia tidak merata tapi jangan terlalu ditampakkanlah ketidak merataan itu.,love
@USER Akibatnya Hutang makin melejit Hukum makin jungkir balik semuanya dilanggar senak judatnya jika pemimpin hasil dari manipulasi serta pendidikan ngak jelas berijasa palsu.,fear
kuliah di pendidikan tapi ga mau jadi guru,anger
@USER Semoga di blacklist tuh murid dari dunia pendidikan,happy
@USER Enak banget hidup Lo ya memalsukan indititas pendidikan untuk ngerampok keuangan negara ....,fear
@USER Ini kalau beneran dan dua-duanya bisa hilang kontrol memang bukan cuman individu guru dan murid yg bermasalah tapi sistem pendidikan dan pembinaan diri sekolah tersebut perlu dipertanyakan! Ada yg salah disistemnya ini. Mirisss,love
ember makanya pendidikan tuh penting buat awewe,anger
Pengangguran bnyk 19jt lapangan bullshit Sembako mahal Listrik gas BBM pajak mahal Kesehatan pendidikan mahal Apa2 serba dipajakin Dll Makan tuh TerMulWo siapapun presidennya ga ngaruh sm hidup gw ,anger
@USER ada sistim pendidikan kita yang salah,love
@USER Tolong pemerintah perbaiki UU nya njir jujur aja nih lama2 nyebelin ayo tag menteri pendidikan ama DPR Ri siruh ubah sistem ,anger
@USER Bisa jd institusi pendidikan juga diambil alih,love
Lowongan Kerja Pegawai Kontrak Fakultas Farmasi UMP 1. Staf Asisten Peneliti 2. Staf Administrasi Marketing Pendidikan minimal D3 &amp; S1 Selengkapnya di: https://t.co/nLVdvSpili,sadness
@USER sini kak aku juga lulusan pendidikan lagi BU juga lagi buka joki apa aja 35-50k hari ini ajaa hehe https://t.co/jHe3ul8Y9r,love
@USER @USER Ini Professor otaknya sudah konslet jiwanya sakit...yg namanya sakit itu tdk mengenal status sosial status pendidikan...selama reformasi Orang² seperti ini yg paling menikmati dari usahanya di industri demokrasi utk meraih kekayaan dari tipu daya dgn survei.,anger
@USER Emang pemerintah sekarang hoby banget ngabisin duit rakyat. Sementara rakyat disuruh efisiensi. Pendidikan di cekik anggrannya. Bencana sumatra ga ada perbaikannya. Hasilnya? Ya utk golongannya aja rakyat selebihnya cukup ngurut dada,anger
Segala cara dilakuin kecuali ngasih pendidikan gratis dan merata satu Indonesia,anger
*Wamenaker Dorong Penguatan Link and Match Melalui Pemagangan Nasional di RS UMMI Bogor* BOGOR Wakil Menteri Ketenagakerjaan (Wamenaker) Afriansyah Noor *Sinergi Pendidikan Vokasi dan Industri* https://t.co/8mAdpO5jGw,sadness
@USER @USER Prof Yohanes Surya itu ambil murid dari daerah yang secara infrastruktur kehidupan umumnya dan pendidikan khususnya itu serba minus tapi motivasi anak sudah bagus dari awal.karena secara akademik mereka yang terbaik disitu. Artinya motivasi anak dari awal sudah bagus.,fear
Jujur waktu SD gue selalu bolos tiap hari Kartini alasannya ya karena malas pakai baju adat ga mau repotin ortu cari kostum dan ngapain juga belajar pakai baju berbahan panas. Kartini mendorong hak² pendidikan tapi cara memperingatinya malah bikin penerusnya malas ke sekolah.,anger
Empat Anak Asuh Yayasan Satu Hati Terima Bantuan Pendidikan Babinsa Klumpu Pastikan Tersalur Aman Dan Tepat Sasaran https://t.co/T24jZ5hiqj,sadness
@USER @USER @USER padahal di Langsa na sidroe guru yg jeut ke Kadisdik aleuhnyan dianggap hayeu sampo dilantik ke sekda kota Langsa seharusnya alih alih nyo sekda beuna perhatian lebih ke dunia pendidikan kadang kalale Ngon proyek wkwkwkw,fear
Godaan syetan Berjama'ah... PAK KYAI NYINDIRNYA LUAR BIASA COBA KALAU PROGRAM MBG DAN KDMP BUAT PENDIDIKAN &amp; KESEHATAN GRATIS ️ https://t.co/ZZ1gq1MQD9,anger
HARI INI : KARNIVAL JOM MASUK UNIVERSITI 2026 ZON TENGAH II ! Jom hadir ke JMU 2026 Zon Tengah II di ketetapan berikut! Dewan Tuanku Canselor Universiti Pendidikan Sultan Idris Tanjong Malim Perak 25 April- 26 April 2026 8.00 Pagi - 5.00 Petang https://t.co/VZm7Q90mbt,sadness
Pelajaran berharga dari Sumedang: Bakti kepada orang tua itu mulia tapi pendidikan tetap yang utama. 🇮🇩 Ikhsan membuktikan bahwa niat baik selalu punya jalan. #spotifyxbts https://t.co/ZfLk4fej8t,sadness
#SahabatBawaslu Bawaslu Kab. Banjarnegara menjadi narasumber Pendidikan Politik oleh Badan Kesatuan Bangsa dan Politik Kabupaten Banjarnegara di Desa Gemuruh Bawang (23/4). #Bawaslu #BawasluJateng #BawasluBanjarnegara #PendidikanPolitik https://t.co/ZsOaEHoFBx,happy
@USER Ampun dah smaa orang2 disekitar nya malah diam aja Sungguh miris pendidikan sekarang,anger
Viral‼️ Video Siswa Melawan Guru di Langsa Kembali Hebohkan Media Sosial Dunia pendidikan di Kota Langsa kembali dihebohkan dengan beredarnya sebuah video singkat yang memperlihatkan tindakan tidak terpuji seorang siswi terhadap gurunya. Video yang berdurasi beberapa detik https://t.co/rNBl1gUWN3,sadness
@USER @USER Era SBY lumayan pendidikan diperhatiakn.,love
baca komennya masih ada netizen yg gak paham. pada mengkritik nantangin untuk dipalakin. memang pendidikan warga indonesia sudah turun kualitasnya,anger
@USER sekarang ada rencana pembubaran jurusan pendidikan karena over supply dari 490 ribu hanya ada kuota 20 ribu. Prodi kedokteran bakalan kena https://t.co/nRCCQa0iRa,fear
Institusi pendidikan tinggi ternama seharusnya menjadi panutan moral. Ketika dedikasi justru dibalas dengan ancaman kita wajib bersuara demi menegakkan keadilan. Justice for Poppy https://t.co/QP07O5KDh1,sadness
Kasus Smartboard Dinas Pendidikan Kabupaten Langkat sudah lima bulan belum dilimpahkan ke Pengadilan Tipikor. Baca selengkapnya: https://t.co/vfIxO7RTXd https://t.co/Z06Q2iWiQK,sadness
Smart Baby HP Edukasi Anak Mainan Pendidikan Telepon Cerdas yang Sangat Populer dengan 45 Tombol Fungsi + Lampu + Konten Audio Lengkap Cocok untuk Anak Usia 1-6 Tahun untuk Bermain di Rumah https://t.co/kkFHyPmclv,love
@USER @USER jahat kalo lo sampe doain yang buruk buruk gini ke rakyatnya. mereka bisa setolol itu juga karena dari dulu gak ada akses pendidikan yang baik jadi rakyat rakyat tolol itu gampang digoblok goblokin sama pemerintah. ibaratnya tanpa lo doain juga mereka udah struggling dri dlu,fear
Ibuku PNS pertama di keluarganya. Waktu itu tahun 80-an. Jaman segitu pegawai negeri dipandang tinggi di kehidupan sosial. Pada saat itu keluarga ibu di Blitar mostly bekerja sebagai petani dan hampir semua anaknya (sepupu ibu gua) gak mendapatkan pendidikan formal.,anger
Skandal Dana Ratusan Miliar LPD Mambal Anak Nasabah Terancam Gagal Lanjutan Pendidikan https://t.co/juztjZyOEP https://t.co/douBejMMNx,sadness
Pendidikan di indo udah ga terselamatkan mana yang katanya generasi bangsa dikasi makan bergizi tiap hari tapi moral dan attitude nya saja tidak terbentuk Seakan disengaja digerogoti dari dalam bakal jadi apa 10 th kedepan ya indonesia ga berbentuk karena keegoisan pemerintah,anger
@USER Pendidikan skr sifatnya transaksional relasi guru Dan murid sdh gk ada segan seganya. Dulu murid nakal dihukum guru ngadu ke ortu malah digampar bokap skr malah gurunya disomasi,fear
JIKA SDA DIKELOLA DENGAN BENAR DAN AMANAH maka rakyat Indonesia tak perlu membayar Pajak dan termasuk pendidikan dan kesehatan gratis. MUSTAHIL terwujud Tanpa Hukuman Mati bagi Para Koruptor ! TITIK https://t.co/AxGODESemZ,anger
@USER Mengerikan memang kualitas pendidikan kita... seprtinya memang ada skenario utk Mendowngrade Generasi indonesia @USER,love
@USER Pemerintah pusat giliran revisi anggaran staf honorer di instansi pendidikan sendiri dilambatkan tidak disetujuilah sampe gaji karyawan delay berbulan bulan is is is,fear
@USER gw harap next year ada program pendidikan korek kuping,fear
@USER Indonesia negara kaya. Pendidikan kesehatan bisa gratis untuk setiap rakyat. Kalau pemerintahan nya mau ngasih kek pemerintah ngasih anggaran ke MBG jancok,anger
Menurutku ekosistem pendidikan yg sehat dimulai dari kesejahteraan gurunya. Tanpa kesejahteraan yg layak susah rasanya berharap pendidikan jadi prioritas nasional. Harus ada sinergi dari semua pihak utk perbaikan ini.,sadness
Banyak yg ga tau kalo guru honorer sering harus kerja ekstra utk nutup kebutuhan sehari2. Padahal mereka ujung tombak pendidikan. Mungkin udah saatnya pemerintah evaluasi sistem pembayaran biar hak mereka terpenuhi tepat waktu?,anger
@USER Nama kartini jadi besar karena memang dia orang yg membuka mata para petinggi kolonial kalau di negara koloni mereka perempuan harusnya punya hak yg sama dalam pendidikan ga sekedar hanya sebagai pelengkap untuk laki laki,anger
@USER @USER di era sekarang kartini bakal memperjuangkan kesetaraan wanita memperoleh pendidikan setinggi2nya. peningkatan skill jaminan gizi-kesehatan dan keamanan bagi perempuan yg jd tulang punggung keluarga. sjw sama feminazi mana nyampe ke sana otaknya.,anger
@USER inilah pendidikan jauh dari nilai agama adab lebih mulia daripada ilmu nikmatilah masa suram mu wahai indonesia,love
@USER @USER Ngg juga mas. Pernah berkali2 nge- test karyawan yg mau kerja periode 2015-2020. Soal matematika sederhana banyak yg jeblok. Emang ada yg salah dlm kurikulum dan kebijakan pendidikan kita.,love
@USER Aku mikirny mungkin ayah ibunya belum bisa menempuh pendidikan setinggi anaknya tpi bisa support sejauh itu smpe anakny lulus Lebih bermakna dripada gelar itu sendiri ,love
@USER @USER Anggaran pendidikan dan kesejahteraan guru dikuras habis dihambur²kan utk MBG yg korup oleh rezim penguasa @USER,love
@USER Seharusnya 500 batalion honorer Pasukan khusus untuk perbaikan pendidikan ️,happy
@USER @USER -tentang bengkel ga sih masa sekedar bikin aja tapi belum menjalani pendidikan di bidang otomotif tersebut. Lagian ini jadi potensi karena banyak cewe otomotif yang susah banget dapet kepercayaan di publik padahal potensial.,fear
Gua ngomong ini sebagai dyslexic salah semua yang gak kasih ruang khusus untuk berkembang and learn what we need to learn. Dulu pun gua harus nambah bimba sampai akhir kelas 2 SD. Root problemnya pendidikan yang tidak merata maybe even poverty that leads to child neglection,love
@USER Bener di desaku juga lagi gini sebagian gedung SD diminta untuk pembangunan KDMP dengan alasan melindungi tanah sawah. Sebenanrnya esensi pendidikan itu apa sih? Bahkan SD nya masih aktif dipakai dan siswanya banyak. Polemik ini masih di kabupaten yg sama. Blitar,happy
@USER Mas aku pengen bisa kerja ginian tapi background pendidikan cuma smk sisanya pengalaman kerja di pabrik. Bisa ga si buat kerja wfh? Terus biasanya yang dikerjain tu apa aja kalo wfh? Terimakasih,love
@USER Andaikan Pendidikan adalah prioritas Sekolah gratis anak2 bisa masuk sekolah semua Misal tiap semester ada bagi2 tas sepatu untuk siswa yang membutuhkan Tiap masuk tahun ajaran baru ada seragam yang Perlu di jahit ini bisa meningkat penghasilan tukang jahit,love
@USER @USER @USER Kagak ada mulianya ajg. Plintat plintut dari awal yg katanya buat stunting aja udah ngaco ngasihnya ke orang yg udah gede Ibarat naik tangga langsung melangkah ke MBG. Yg urgen di pendidikan (infrastruktur kesejahteraan pengajar) malah dilewatin,anger
@USER @USER Kekhawatiran soal biaya pendidikan valid tapi narasi MBG bikin rakyat diam terlalu jauh. MBG itu soal pemenuhan gizi bukn alat pembungkam. Pendidikan mahal ttp harus dikritisi tapi solusinya bukan menolak program gizi melainkan dorong keduanya diperbaiki bareng. #LanjutkanMBG,anger
@USER @USER jgn pendidikan y plis semakin ruwet jalur karir dan perkembangan kurikulumnnya,love
@USER @USER @USER JANGAN NUTUP MATA JUGA : 1. Banyak guru Negri ini gajinya ga sepadan dg gaji tukang nyuci piring MBG 2. Lulusan SMA ga cukup buat menciptakan generasi emas zaman ini 3. Banyak sekolah bobrok 4. Anggaran MBG = sunat dana pendidikan JANGAN TUTUP MATAMU! BTW ente owner sppg/ kary?,love
@USER 50:50 50% gaji istri untuk kebutuhan istri pribadi 50% untuk tabungan hari tua; 60:30:5:5 terdiri dari 60% penghasilan suami untuk Rumah Tangga belanja 30% Pendidikan 5% asuransi kesehatan &amp; inv. saham 5% biaya ops suami: makan bensin rokok karaoke hotel jet pribadi.,fear
@USER Kita sulit menghargai profesi pendidik karena kita tidak bisa melihat hasil pendidikan dalam waktu singkat. Masyarakat saat ini adalah hasil dari sistem pendidikan 30 tahun kebelakang. Masyarakat 30 tahun kedepan ditentukan dari sistem pendidikan saat ini.,happy
@USER @USER @USER Nggak harus pilih salah satu. Pendidikan tetap diperkuat fasilitas diperbaiki dan MBG bantu anak biar sehat dan fokus di kelas. Dua-duanya bisa jalan bareng kalau dikawal dengan benar. #LanjutkanMBG,love
ini ngapa dia yg ngomongin solusi dah mksd gw kyk menteri pendidikan nya teh kamana kitu,anger
Ud lama ga buka X Bangun pagi persiapan pendidikan lagi teman teman yang sekarang isinya rata rata influencer ‍️,sadness
saat itu membutuh kan pendidikan kini membutuhkan alutista bekas . tulang harus kuat ..makanya di butuhkan makan .,sadness
Kemendiktisaintek Tak Toleransi Segala Bentuk Kekerasan di Institusi Pendidikan https://t.co/mADDgaUh3A,sadness
@USER Harusnya presiden peka terhadap rakyat dibiarkan terpecah hanya krn dari awal pencalonan cawalkot solo dgn pendidikan yg tidak jelas dan Raib di KPU Solo Jakarta..? Ini harus diusut tuntas biar jelas Tidak ada hukumnya Penyidik jd Pembela bisa melangkahi Pengadilan.? usulan https://t.co/mYzZOPZroZ,anger
SANIAGAM BRAHMACARI: HUT KE-16 FAKULTAS PENDIDIKAN UNIVERSITAS HINDU INDOESIA RAHAYU &amp; JAYA️ https://t.co/7TC8HVhedH,anger
@USER @USER @USER Emosi boleh tapi jangan sampai nutup fakta ya. Pendidikan gratis di SD SMA negeri itu udah jalan dan kesejahteraan guru juga ada jalurnya sendiri. MBG hadir buat lengkapi dari sisi gizi bukan saingan anggaran pendidikan. #LanjutkanMBG,anger
@USER @USER @USER @USER @USER @USER @USER @USER @USER @USER @USER @USER Yg jelas mengambil anggaran pendidikan. Dan ini sedang digugat ke MK. https://t.co/0KVFJiKuOe,love
@USER @USER Emg ahli gizi boleh ya lulusan sarjana pendidikan?,anger
@USER karna apa?mereka menjadikan anak sebagai bahan kasian coba deh lo ke lampu merah terdekat serius gue gaboong pendidikan emang penting banget malah tapi liat juga kualitas orang sdm negri payah ini masih sehat hobi kawin anak dijadijn bahan ngemis,anger
@USER Saking kuatnya anggaran pendidikan rakyat ratusan triliun pertahun hanya dijadikan mainan dan candaan,happy
PEMERINTAH DUNGU! Tolong para Guru murid walimurid lebih kenceng bersuara menolak MBG. Kami lebih ikhlas uang rakyat dipakai buat pendidikan gratis &amp; mensejahterakan para tenaga pendidik serta perbaikan sekolah drpd utang negara makin gede tp hanya masuk kantong koruptor!,anger
@USER @USER PEMERINTAH DUNGU! Tolong para Guru murid walimurid lebih kenceng bersuara menolak MBG. Kami lebih ikhlas uang rakyat dipakai buat pendidikan gratis dan mensejahterakan para tenaga pendidik serta perbaikan fasilitas sekolah,anger
@USER @USER selamat menempuh pendidikan tinggi,love
@USER @USER HAHAHAHAHAHA BISA KO LANGSUNG JADI PERWIRA ADA YANG NAMANYA AKMIL AKMIL LULUS PENDIDIKAN LGSG JADI PERWIRA,love
Video Siswa Melawan Guru di Langsa Kembali Hebohkan Media Sosial ​LANGSA Dunia pendidikan di Kota Langsa kembali dihebohkan dengan beredarnya sebuah video singkat yang memperlihatkan tindakan tidak terpuji seorang siswi terhadap gurunya. Video yang berdurasi beberapa detik https://t.co/RMKt1kh0o1,sadness
Memastikan pendidikan anak sesuai zamanya adalah sebuah keharusan. Kami beradaptasi dengan teknologi dan keterampilan abad 21 tanpa pernah meninggalkan akar nilai keislaman. https://t.co/LRi4Ju181K,sadness
Apapun dilakukan kecuali memperbaiki pendidikan SPPG digaji buat apa kalau guru² yg gajinya gak seberapa itu masih dipersulit Makan gaji buta &amp; duit haram dong SPPG nya?,anger
@USER Setuju.Pdhl kl dlm Islam madrasatul ula alias t4 pendidikan anak pertama ada di sosok Ibu. Bpikir kritis tkdg g sbanding sm tgkatan pddkan https://t.co/3BsHR2dExq kan yg S2 tp g bpkir kritis?,happy
@USER @USER Emang Luh ga update si MULYONO emang ijazahnya palsu dua tahun ga ditunjukkan ke gorong gorong ajee pamer sewa pengacara keluarin duit SDH trilyunan jagain jgn sampai diTangkap..ini Ajee pendidikan tahunnya bikin keder yg otak cerdas paham https://t.co/mk35voMCnh,anger
@USER Pemikiran bagus kok sisa persen² an nya itu kan di pake buat cintai orang tua nya sendiri buat hobi pendidikan dan lain² nya (positif) untuk berkembang yg manusia wajib jadikan itu prioritas masak pacaran mau jadi prioritas dari segalanya?.,anger
@USER Udah kepikiran dari pilpres kemarin bakal as caos apa Indo ini mulai dari pemotongan anggaran pendidikan sampai anak kip pada nggak dapet disusul pangkalan LPG diurus pemerintah bencana Sumatra aihh Indo ini udah nggak ketolong.,fear
 Kartini gak sama dengan feminazi jaman sekarang karena dia memperjuangkan perempuan biar bisa sekolah kayak laki laki Di jaman beliau dia nuntut dan menulis tentang kenapa pendidikan buat perempuan itu penting udah dapet label feminazi ,sadness
Ini tuh karena pendidikan bobrok gasih mangkanya jadi gak aware. Apalagi curhatan guru2 kalo anak gak naik kelas itu bisa ngurangin poin sekolah. Jadi mau sebodoh apapun harus naik/lulus. Guru juga dipaksa sistem Kalo sejak awal ga ada isu ini kayaknya bakal lebih aware,happy
2011 bersama Laksamana Marsetio saat menjabat sebagai Kepala Staf Angkatan Laut dan 2026 bersama Laksamana (purn) saat menjabat Penasihat Menteri Pendidikan Tinggi Sains dan Teknologi 🇮🇩 Jalesveva Jayamahe ️ https://t.co/Jm74Ia2vUG,sadness
@USER Klo saya mah bukan hanya Mr B yg dicopot tapi MBG harus dihentikan alihkan dananya ke pendidikan gratis dan kesejahteraan guru &amp; honorer bansos keluarga super miskin &amp; kesehatan gratis. Itu baru bener.,sadness
Sejak SD. Soalnya beda rumah sama ortu walau ya kadang mereka tetap datang buat mantau. Soalnya tempat sekolah gua dan kerja mereka beda daerah jadi mau gak mau gua menyelesaikan pendidikan SD dulu baru ikut mereka. Ikut mereka juga gua ujungnya dikontrakin rumah beda rumah. ,love
@USER Kalau kartini dianggap tidak segitu bernilainya ga akan mungkin nama dia sampai di abadikan di 4 jalan di belanda hatta hanya 1 syahrir 3 Justru kartini yg nampar pihak kolonial kalau pendidikan untuk wanita di negara kolonial sama pentingnya sama laki laki,fear
as a teacher itself terlebih guru calistung... jujur banyak yang udah gede tp gak bisa baca. dan jujur sekarang sistem pendidikan emang bobrok maksimal. anak sekolah mau bisa gak bisa pinter gak pinter naik kelas semua btw. ,anger
@USER @USER Ada yg direkrut. kadang dengan iming-iming nanti dimasukan dapodik... (ini gw ngomong konteks dunia pendidikan) mirisnya /2025 penerapan input dapodik udh bnr2 ditutup kecuali buat guru yg puny sertifikasi. tapi iming2 ini masi aja ada,anger
@USER Ini dosen goblog banget ngebacot tapi argumennya lemah tipikal pemuja anies emang mayoritas orang yg dibesarkan oleh orang tua minim pendidikan walau mereka skrg mereka bependidikan tinggi tapi nalarnya lemah Woy dosen goblog merauke salah satu lumbung padi indonesia timur,anger
@USER Paling benar emang pendidikan gratis ngapain bikin sekolah rakyat? Proyek bagi2 cuan lagi nih?,anger
Secara umum politik di Amerika Serikat terbagi dalam dua arus besar: 1. Kiri (liberal / progresif) Biasanya diwakili oleh Partai Demokrat Ciri utama: Peran pemerintah lebih besar (kesehatan pendidikan bantuan sosial) Dukungan terhadap hak minoritas LGBTQ dan pernikahan https://t.co/tU5ro5o404,sadness
 The Future is Yours! AMRI hadir untuk memastikan setiap anak. Mari bersama AMRI kita bangun ekosistem pendidikan yang inklusif untuk generasi emas Indonesia! 🇮🇩 #Kepemudaan #Indonesia #AMRI #InovasiSosial #PembangunanBangsa https://t.co/9d1mv7MEHJ,sadness
@USER ini nih penting nya pendidikan moral sejak kecil biar pas udah gede ngga jadi orang yang sagapung,love
@USER Kelebihan: menikmati hidup menjadi bapak rumah tangga dan tidak insekyur pendidikan dan pekerjaan istrinya diatas beliau Kekurangan: rambut,love
@USER gimana ga undervalued ekonomi kesehatan pendidikan keamanan hukum APBN semua2 ancur sebut 1 masalah yg berhasil dikendaliin presiden sekarang mana! sayangnya fakta masih dipoles makanya jdi keliatan aman tinggal tunggu roboh aja nih tp gapapa santaii masih bisa joget gemoy,anger
pendidikan ga merata gini jangan nyalahin warga pemerintah yg ga becus. sebenernya kan udh banyak ya kasus anak sekolah gabisa basic hitung²an dll harusnya itu ditindak lanjut sm pemerintah. dicari sebabnya apa dan dicegah biar ga terjadi lagi . politik sedeket itu sm hiduplu,anger
@USER @USER Kek orang pendidikan rendah trus jadi OKB yg gak punya selera berkelas,anger
@USER Polemik: ijasah jokowi palsu Kesepakatan Bersama Para Pendiri Bangsa Pendidikan Adalah Tujuan dan Cita² Negara memanipulasi memalsukan Dokumen Kependidikan demi meraih Tahta dan Jabatan Adalah bentuk Hianat terhadap Konsitusi Bangsa,happy
@USER Cita cita menaikkan gaji guru honorer tapi buat pendidikan serba mahal berisiknya kek beo.. Hidup kok ga pernah selaras antara keinginan a dan kenginan b,anger
@USER Pendidikan no 1 dia rela dtg ke rmh guru gue buat minjem buku pljrn buat anaknya bljr dmn buku itu hrsny cm dipegang ama guru dgn keterbatasan bapa gue (gaptek n bukan lulusan sekolah tinggi) tapi dia bisa selalu dpt info2 penting tentang pendidikan (msh bnyk) sehat terus pa,love
Banyak lulusan SMA sekarang bingung pilih jurusan karena takut nanti susah dapat kerja. Padahal kuliah katanya investasi masa depan. Sistem pendidikan kita lagi gagal hubungkan antara bangku kuliah dan dunia kerja atau cuma persepsi aja?,fear
Hai aku lulusan S2 pendidikan inget banget dulu pernah jadi materi presentasiku waktu bahas Knowledge management Ba (Ikujiro Nonaka) dan kaitannya dengan Albert Bandura's social learning theory. Saya riset online di Denmark ada human's library loh https://t.co/MJNlfvIkt3,sadness
@USER Usut tuntas rentan di korupsi. Itu uang pajak rakyat bukan untuk dikorupsi berjamaah. Alokasikan yg tepat bubarkan BGN. Mending buat PENDIDIKAN (SEKOLAH GRATIS ),anger
Untuk para perempuan ini gunanya pendidikan dan gunanya otak dalam kehidupan. Biar elu pada gak kepikiran sedikitpun bawa anak lu ke tempat ini.,anger
Transformasi Gizi Bangsa bukan sekadar makan gratis tapi paket lengkap dengan perbaikan gedung sekolah. Keduanya jalan beriringan untuk pendidikan berkualitas bagi semua anak Indonesia. https://t.co/GXikUa7Kk5,sadness
Mewujudkan Transformasi Gizi Bangsa melalui sinergi asupan sehat dan ruang kelas yang aman. Pemerintah berkomitmen penuh pada kualitas gizi serta fasilitas pendidikan nasional. https://t.co/11A1DaU1Ce,anger
@USER Di rezim saat ini produksi faces dan bisnis ritel pejabat lebih penting daripada pendidikan dan kesehatan Om ,love
asal ngerasa suka aja sama jurusannya. klo sekarang ngerasa salah jurusan ga? engga juga yg bikin gw kepikirannya kenapa gw mesti milih pendidikan (I mean yeah I used to dream of being a teacher tho),anger
@USER aku setuju tutup aja wok udah gaada duit maksa udahlah wok gantian kasih program pendidikan gratis wok,love
@USER @USER Yg bela kadang kalo gk ordal itu sendiri ya yg gk napak tanah. Kan gak mungkin anak mereka sekolah di tempat yg menerima MBG. Class pendidikan beda.,anger
@USER Biasanya nih ya biasanya anak2 kayak gini tuh kalo gk emang yg ortu nya pendidikan rendah banget atau justru anak yg punya ortu punya power kayak anak aparat dll.,fear
@USER @USER @USER @USER Aku jawab mahal kak.. Duluuu pernah pakai asuransi mandiri tapi yg pendidikan dan itu mahal ,love
need joki skripsi bab III jurusan pendidikan sejarah (udh ada outlinenya) drop fee pls #zonauangㅤ,happy
@USER @USER Sistem pendidikan yang hancur tapi tetep makan gratis dlu yang jadi prioritas pemerintah. Salah mapping masalah,love
Gibran hanya tamat SD mestinya dari sekarang harus mengambil program pendidikan paket C untuk SMP dan SMA 2029 Gibran tidak bisa ikut kompetisi cawapres lagi ingatkan kepada KPU jangan terjadi lagi keributan dan kegaduhan diminta kepada KPU pemilu harus jurdil https://t.co/OI1YquRzNn,anger
Usaha Perkasa Tingkatan Enam IPG Tuntut Kematangan Pendidikan Negara https://t.co/r4hl1ZHM8g,sadness
@USER Pantes anak Indonesia perkalian aja ga bisa orang model tontonan nya kaya gini. Besok besok tuh ya kalau bikin series yg mengangkat isi sosial yang memiliki nilai pendidikan dan edukasi bukan malah kaya gini. Bikin series yg penting rame doang tapi ga mikirin gimana dampaknya,anger
@USER @USER Bukan pada suka tp cocok ga cocok sama gayanya dia si ngelantur ini cinephile alias dari segi latar belakang pendidikan emg org sinema. Ibarat dokter ngomongin kesehatan mau kita ga suka jg ttp aja dia ahli ,anger
@USER @USER Ya ampun pak km kemana aja betul dana pendidikan dan kesehatan diambil buat MBG tp itu dana yg tidak memiliki dampak semacam studi banding dan anniversary. Disisi lain dana dan fasilitas pendidikan meningkat BUKAN berkurang.,love
@USER @USER Pendidikan 'gak penting'... yg penting perut kenyang. Kalau kenyang pasti diem dan ngantuk. Kalau perut lapar bisa berontak.,anger
liatnya lucu sih tp juga kek anjir ni anak kurang ajar kaya gapernah mengenyam pendidikan ajh (memang&lt;3),sadness
Sebenernya yang aku bingung kenapa yang jawab bukan dari Mentri Pendidikan?,fear
Yg cerdas karier dan pendidikan oke baik tyt kalah ma yg lucu imut dan menggemaskan,sadness
LANDSKAP PENDIDIKAN R&amp;D LAHIR GENERASI PAKAR SIBER SISTEM pendidikan modul R&amp;D perlu bermula dari sekarang! #Berita757 #RakyatKeutamaanKami https://t.co/55j0iMApUG,anger
Gue kerja jd guru buat ngehindarin omongan tetangga desa bjir Sarjana pendidikan udah kuliah jauh-jauh ujungnya kerja di sawah berisik emg orang desa ini,anger
@USER Klo di swasta yg biasa malah uang sumbangan pendidikan pas awal masuk minimal 350jt kalau yg 200-400jt sampai lulus biasanya yg di PTN masuk jalur SNMPTN,anger
Congratulations! Agnes Aditya Rahajeng as Putri Indonesia 2026 Victoria Titisari Kosasieputri as Putri Indonesia Lingkungan 2026 Karina Moudy as Putri Indonesia Pariwisata 2026 Gisela Belicia Alma Thesalonica as Putri Indonesia Pendidikan 2026 https://t.co/6HSS6lfadU,sadness
Apakah di rezim sekarang ini pendidikan tak di anggap penting,sadness
@USER bener... kartini aja gatau kalo dia bakal kadi pahlawan di masa depan. mereka tuh ga mikir apa ya kalo ga ada kartini mereka (khususnya cewe) juga belum tentu dapet pendidikan kayak sekarang...,love
@USER @USER Nggak terasing lihat posisi geografis kita strategis buat semua kekuatan global. Kita memang dibendung biar tetap medioker. Kasus2 hukum terakhir ini yang tidak masuk akal menampakkan wajahnya dengan fulgar. Yg sepi dan rapi seperti pendidikan jauh lebih menggurita,love
Sekolah yang diselenggarakan negara dari SD hingga universitas adalah solusi untuk penjinakan. Tidak berguna sebagai solusi pendidikan. Terlebih sekolah rakyat dan sekolah garuda yang dikelola oleh tentara.,happy
sebenarnya masih banyak loh orang yg berlatar belakang pendidikan kesehatan kedokteran keperawatan tapi knp dr sekian banyaknya org justru yg dipilih itu adalah org yg KATANYA GAK PERNAH pakai BPJS?????? situ waras???? ALLAHU AKBARRRR,anger
@USER Ga semua pengalaman kerja jadi nilai plus. Pernah ngalamin waktu ngelamar kerja posisi cs dengan pengalaman 2.5thn ga diterima krn cuma pendidikan sma yg diterima fresh grad s1 yg waktu test ngomongnya masih gelagapan,anger
AHY Tinjau Proyek Strategis di Yogyakarta Fokus Pendidikan hingga Infrastruktur Simak selengkapnya: https://t.co/VpySGFo8Mf Baca artikel lainnya di: https://t.co/fH6UsGK7Aw #News #MostUpdate #AHY #Yogyakarta #Pendidikan,sadness
@USER @USER @USER @USER @USER Jangan diliatin gitu lah gak sekolahnya dek. Kalau gagal sekolah dan gak tau arti DSM 5 atau jurnal psikologi harusnya kritik pemerintah ya dek biar dibenerin nih sistem pendidikan bobroknya jangan malah nyalahin LGBT dan jadi tong kosong gini otaknya. GWS ya ,love
Pemerintah sudah membuat keberpihakan pada peningkatan kualitas orang asli Papua. Peningkatan itu dapat dilakukan melalui pendidikan formal dan juga pendidikan yang sifatnya nonformal seperti melalui balai-balai pelatihan kerja #papua #otsuspapua #pemekaranprovinsi #kstpapua https://t.co/pE85XwFJP2,sadness
@USER pendidikan tinggi sih kak,anger
PUTERI INDONESIA 2026 1. BANTEN 2. BALI (Lingkungan) 3. DKI JAKARTA 3 (Pariwisata) 4. DKI JAKARTA 2 (Pendidikan) GOKIL ANAK PAK HARNO!!!,anger
 Perempuan ngapain pendidikan tinggi-tinggi? ujung-ujungnya juga ngurus rumah doang Biar gak goblok kayak gini kasian banget adeknya dijejek pake kerokan kayu ,sadness
Gelo anjir lah di sebelah dibilang efek mbg udah kemana mana termasuk akses pendidikan terasa mahal krn skrg bahan baku aj udah mahal tp tim wowo gebrong trs gaterima tuh otaknya isi apaansih,anger
aku gaada bakat minat di perhitungan tapi disuruh msk akuntansi ya aku jalanin aja smpe lulus pdhl stres mah ada BGT cuma aku ga protes ke ortu karna jdi tau jga akuntansi tuh bikin STRES makanya klo dikasih kesempatan buat lanjutin pendidikan ga yakin klo hrs akuntansi lagi,sadness
Program Radio Nasional FM akan menampilkan Segmen Radio Haja Tuju Pelajar Selepas BC GCE O Level Dan A Level sebagai panduan kepada para pelajar dan ibu bapa dalam merancang laluan pendidikan seterusnya. https://t.co/jKRR35L5LG,sadness
Puteri Indonesia Pariwisata DKI 3 Puteri Indonesia Pendidikan DKI 2,anger
@USER Coba cek lagi deh menteri pendidikan tiap periodenya nyaris selalu diisi oleh ormas terbaik di dunia.,happy
@USER @USER Setuju. Bahkan ketika ybs bukan orang yg punya pendidikan yg gimana2 pasti ada sesuatu yg menarik dari ceritanya.,fear
Reformasi Guru Pendidikan Khusus 2026 https://t.co/jNfWwDa8L5,sadness
5. Keluargaku itu basicnya pendidikan ya saya juga suka pendidikan tapi apakah pendidikan itu harus dari PNS aja kan belum tentu guys Anak muda : baik. Jadi pilihannya Abang itu ingin kerja sampingan (freelance) karena sudah mengikuti perkembangan jaman begitu,fear
setelah ohyul pap salad di kasur dengan piyama lucu prabowo reflek memberhentikan mbg dan mengalokasikan duitnya ke sektor pendidikan &amp; kesehatan lalu beliau sadar akan ketidakbecusannya dan turun dari jabatan presiden-nya,happy
AAAAAAA congrats gisela puteri Indonesia pendidikan 2026 &amp; karina puteri Indonesia pariwisata 2026,sadness
WEH SALAH CUYY Pendidikan DKI 2 Pariwisata DKI 3,anger
@USER Solusi universal: Alokasikan 300-350 triliun untuk menggratiskan jenjang pendidikan sampai menengah/tinggi secara menyeluruh dari anggaran pendidikan APBN (769 T) dengan memfokuskan anggaran utk kementerian pendidikan serta efesiensi program bukan prioritas. @USER @USER,love
DKI 2 - PI Pendidikan DKI 3 - PI Pariwisata Last two standing Bali &amp; Banten #PuteriIndonesia2026,anger
Puteri Indonesia pendidikan is DKI2,anger
Puteri Indonesia's Final Final Prediction Puteri Indonesia: Bali Puteri Indonesia Lingkungan: Banten Puteri Indonesia Pariwisata: DKI Jakarta 3 Puteri Indonesia Pendidikan: DKI Jakarta 2,sadness
selamat bertugas gisela sebagai putri indonesia pendidikan 2026,love
Pi pendidikan : Dki 2,anger
PI Pendidikan adalah DKI JAKARTA 2 KA GISELLLLL,anger
@USER Emang kayak gitu kok di luar juga udah mulai keliatan. Rakyat jelata dibikin kecanduan brainrot (karena itu doang yang masih kejangkau) sambil anggaran pendidikan budaya dikurangin. Sementara konglomerat sekolahnya strict no gadget banyak kegiatan ini itu baca literatur ,fear
jujur pgn hiphop jg tp ak prodi pendidikan jirs,anger
@USER Asu habis pendidikan jepang ya,love
@USER Ga punya otak memang rakyat butuh kesehatan dan pendidikan gratis bukan makan gratis,anger
@USER Ini sebenernya program bagus. Tapi kenapa gak coba per cluster daerah 3T dulu? Susah akses dan distribusi logistik kan? Ya bangun jalan. Perhari 1.2 triliun kok MBG ini. Satu lagi MBG janganlah kau sedot anggaran pendidikan dan kesehatan.,anger
Penghargaan ini bukan sekadar apresiasi tetapi juga menjadi motivasi untuk terus menghadirkan inovasi dan memastikan pendidikan berkualitas dapat dirasakan secara merata di seluruh Kalimantan Tengah menuju Indonesia Emas 2045. (9/10),sadness
Selain itu program sekolah gratis dan kuliah gratis menjadi langkah nyata dalam membuka kesempatan seluas-luasnya bagi masyarakat khususnya dari keluarga kurang mampu maupun wilayah pedalaman agar dapat mengenyam pendidikan tanpa terkendala biaya. (8/10),fear
Dalam kondisi tersebut digitalisasi menjadi solusi strategis untuk mempercepat pemerataan pendidikan. Pemprov Kalteng terus mendorong transformasi pembelajaran melalui Kelas Digital Huma Betang sistem pembelajaran hybrid penguatan pembelajaran bahasa asing serta (6/10),sadness
Capaian ini juga melanjutkan keberhasilan sebelumnya di mana Gubernur Kalimantan Tengah H. Agustiar Sabran meraih Pemimpin Daerah Award 2025 kategori Inovasi Daerah Bidang Pendidikan sebagai pengakuan atas komitmen memajukan sektor pendidikan di Bumi Tambun Bungai. (4/10),fear
Penghargaan ini menjadi bentuk apresiasi atas berbagai terobosan Pemprov Kalteng dalam meningkatkan kualitas pendidikan berbasis teknologi serta pemerataan akses pendidikan bagi masyarakat. (3/10),sadness
Selamat &amp; sukses atas diraihnya penghargaan National Governance Award 2026 oleh Pemerintah Provinsi Kalimantan Tengah pada kategori Pendidikan (1/10) https://t.co/nKpiUBUInl,happy
Pengarah Jabatan Pendidikan W.P Labuan sifatkan pemilihan venue di Kompleks Sukan Laut Antarabangsa Labuan adalah disebabkan pusat pelancongan yang sesuai untuk rekreasi! #MSSM2026 #NadiArena #AstroArena https://t.co/bSdLHSH1It,sadness
ini yg putri pendidikan eloquent banget terus berikutnya yasalam ‍️siap banget speechnya ,sadness
@USER there s only like 10% chances. and you know damn well these adults are not making fun of that child. SDM gelap gak salah pendidikan untuk orangtuanya aja udah bobrok sampai itu anak udah SMP gak dikasih terapi (KALAU MEMANG disleksia). it s harmful to say that.,love
rinan i love u terimakasih yaaa. jangan lupa terus up velocity yaa - rinanda putri indonesia pendidikan 2025 &amp; 2nd runner up miss charm 2025,happy
rinaaaann.. speechnya selalu menyentuhh nice diksii puteri pendidikan kamii luvvv ,happy
@USER @USER Baik kita buka diskusi. Sebaiknya sistem pendidikan yg bagus di adopt olh Indonesia itu yg spt apa? Dg menimbang faktor kultur sosial dan budaya di sini.,anger
Hot take: Digitalisasi pendidikan bagus tapi kalau siswa di pelosok masih kesulitan sinyal dan device kita cuma bikin gap makin lebar. Pendidikan merata di Indonesia emang cuma slogan atau ada harapan nyata di 2026?,sadness
@USER Ibarat basic pendidikan otomotif yg di kasih jabatan di negri ini lulusan kedokteran hewan sampai kiamat gk bakal maju negri ini ( jabatan jatah parpol ),anger
aku sejak kelas 5 sd udah kerja udah pontang panting sendiri buat pendidikan ku bener bener kayak ga punya peran orang tua semua aku usahain sendiri banyak hal yang bikin aku malu tapi selalu aku berusaha lupain,sadness
@USER mana akunnya sini gw gebukin pakai data komen to lol. atau gak pernah ke Iran dia? BBM Indon busuk Rp 29rbu/liter disana mahal ada GRATIS - Rp 5000 per liter ini masih BBM Pendidikan sampai S3 GRATIS. Indon S1 aja udah sampai 19 juta awakwakwak,anger
untung nya dulu era ini aku masi jadi manusia pengangguran yang belom mikirin pendidikan banget jadi bener bener bisa nikmatin era nct 2021 ini,happy
Program TV Pendidikan terbitan Unit TV Pendidikan Pusat Teknologi Pendidikan Kementerian Pendidikan.,anger
Program TV Pendidikan bersiaran di RTB Aneka dan RTBGO setiap hari Isnin hingga Khamis dan Sabtu. Siaran Program TV Pendidikan bagi hari Sabtu 25 April 2026 bermula jam 8.00 10.00 pagi. https://t.co/VtyutP4uw5,sadness
SEKOLAH RAKYAT JANGKAU ANAK JALANAN UNTUK AKSES PENDIDIKAN https://t.co/J8TTcBpCih,anger
@USER Jujur ada yang salah dengan dunia pendidikan di negeri ini. Dulu siswa gak berani membantah ucapan guru. Sekarang guru gak punya wibawa di mata siswa.,anger
RPM Pastikan Sistem Pendidikan Negara Selari Perkembangan AI https://t.co/inOusqiOeY,sadness
Usaha perkasa Tingkatan Enam IPG tuntut kematangan pendidikan negara https://t.co/5Ayn83LB2E,sadness
Usaha Perkasa Tingkatan Enam IPG Tuntut Kematangan Pendidikan Negara https://t.co/EdkNbjU3V5,sadness
Kelas itiket ini macam pendidikan dasar trainee esem ... chanyeol aja bilang etika d meja makanpun juga d ajarin pas trainee ...,anger
Selamat &amp; sukses atas diraihnya penghargaan National Governance Award 2026 oleh Pemerintah Provinsi Kalimantan Tengah pada kategori Pendidikan. Capaian ini menjadi bukti komitmen Pemprov Kalteng dalam meningkatkan kualitas pendidikan yang inklusif inovatif dan berdaya saing. https://t.co/TNTzyRoqTz,happy
@USER chances being small. gua juga disleksia kenal kawan disleksia tapi kami punya semangat belajar dan kebetulan pendidikan kami bagus (didorong untuk giat dan latih baca tulis). kamu malah ngaitin inkompetensi ke orang-orang neurodivergent. it s a paradox of ableist atp lol,happy
lagi lagi juga rakyat kecil tuh yang kena dibodoh bodohi lah mereka rakyat kecil dengan embel embel kekuasaan mereka. yaa makanya pemerintah juga lebih demen ngasih kita makan sama sembako sampe kenyang daripada kasih pendidikan gratis kalau rakyatnya pinter abis lah mereka ,sadness
Jawatan Kosong Perbadanan Tabung Pendidikan Tinggi Nasional (PTPTN). Tarikh tutup permohonan 28 April 2026 (Selasa). Info jawatan selanjutnya dipautan berikut : https://t.co/n0tW3PVlMc Follow kami di facebook : https://t.co/QzGWyGzuMR https://t.co/srwCsZcGED,sadness
@USER Maaf pendidikan &amp; kesehatan bukan prioritas utama presiden pilihan 58 % bangsa Indonesia ini ,anger
yang lg kuliah atau sudah alumni jurusan pendidikan masyarakat cunggg!!! yg alumni skrg udah jd apaa??,anger
@USER emng gila pendidikan sekolah lu mau SEBEGO dan SETOLOL apa pun tetap naik kelas anjing anjing anak nakal anak bermasalah intinya kalo absen lu bagus lu naik kelas tapi dulu di jaman gua orang tolol nilai jelek ga bakal naik kelas anjing ini apa apaan ngentod,anger
Abis liat postingan jelk jlekin Fresh graduate yang dianggap kureng kira kira umurnya 22 thn lah ya masa golden age stunting ya dari balita lah ya sampe sd berarti belasan tahun yang lalu trus ada yg nyindir yang penting makan ye gamikir pendidikan . Mikir skid cacad logika,love
@USER @USER ane guru di sekolah kismin beneran ada dia skrg kelas 9 smp. dan ya ga bisa. bukan krna ga mampu emang dia males. ortunya petani anaknya ga peduli bisa baca dan aturan di sekolah ga ada tinggal kelas . ini alasan gw cabut dri sekolah KISMIN. ga semua butuh pendidikan.,fear
gini - Banten (Putri Indonesia) - Bali (Putri Indonesia Pariwisata) - DKI Jakarta 3 (Putri Indonesia Lingkungan) - DKI Jakarta 2 (Putri Indonesia Pendidikan),anger
@USER @USER Psikiater bisa BPJS kak nah yg ga bisa tu psikolog. Aku sebel banget MBG² gtu Weh selain buat subsidi psikolog mending buat subsidi pendidikan lebih juga sih ketimbang makan gratis,happy
@USER Kemungkinan semua anak bisa dapat pendidikan gratis,love
@USER @USER halo kak maaf mau nanya dan memastikan kalau minta tolong ke fakul udah pasti langsung dibukain kah kak dan ga perlu ke diktorat pendidikan?,fear
#Indonesia #education #Pendidikan #MBG,happy
@USER pendidikan jasmani ,love
@USER Lolos snbt pil 1 pendidikan bahasa Jepang upi dengan selamat sentosa amiin,happy
@USER @USER Itu pun klo mereka merasa perlu pendidikan.,love
@USER Bapakku bisa sekolahin aku sampe S-2 tapi bapak ga lulus SD:) pokoknya bapak orang nomor 1 di dunia. Semoga bapak-bapak yang mengupayakan pendidikan anaknya masuk surga paling depannnnnn.,happy
Diskusi 2: 7/8 Etika dan pendidikan anti korupsi Manajemen risiko dan asuransi Pengantar statistika AKM I Auditing I Teori portofolio investasi Akuntansi Biaya ,anger
@USER Ya Ampun...mubadzir bngt...kykny program ini bner2 kurang pas deg...mending dialihkan ke pendidikan...meringankan ortu,love
Puteri Indonesia: Banten Puteri Indonesia Lingkungan: DKI 3 Puteri Indonesia Pariwisata: Bali Puteri Indonesia Pendidikan: DKi 2,anger
@USER Tuhan dewa dll. ada lebih dari ribuan jadi bisa saja Tuhan-mu menolak gay bukan berarti Tuhan gue harus mengikuti Tuhan-mu. Setuju. Kualitas pendidikan Indonesia masih bobrok,fear
evaluasi yg ada bukan cari alesan bikin ladang korupsi baru. kita bukan kekurangan sekolah tapi kekurangan pendidikan layak.,anger
pemutakhiran data pemilih serta sosialisasi pendidikan pemilih. Hal ini disampaikan Ketua KPU Mochammad Afifuddin bersama Anggota KPU Betty Epsilon Idroos saat membuka dan menyampaikan arahan Rapat Koordinasi Peningkatan Kualitas Data Pemilih bersama -- https://t.co/nUvprz58Ac,sadness
Sebelum melanjutkan pendidikan mari kita tanyakan dulu kepada diri ini sejauh mana kamu sudah sembuh dari luka batinmu.,sadness
elu bocah ingusan harusnya tu fokus mikir pendidikan buat masa depan ya oon bukannya malah ngerusak masa depan orang lain dan bikin anak orang jadi trauma grgr kelakuan fantasi bejat lo itu,anger
fiks gak seh kayanyee??????? Banten (Puteri Indonesia) DKI 3 (PI Lingkungan) Bali (PI Pendidikan &amp; Kebudayaan) DKI 2 ( PI Pariwisata),anger
Usaha kerajaan dalam mengangkat Tingkatan Enam sebagai prauniversiti dan pemerkasaan Institut Pendidikan Guru (IPG) menuntut kematangan baharu bidang pendidikan negara. #AWANInews #AWANI745 https://t.co/C3eOhj2qTs,sadness
@USER anggaran sektor pendidikan: am i a joke to you?,anger
dr sd udah sering baca cerita rakyat dan gue sebagai anak sd kemampuan berpikir logis gue udh jalan. pdhl cerita rakyat itu udh jelas isinya dongeng macam apa tp kok ini bule2 yg katanya dr negara maju pendidikan maju pada gbs bedain fiksi sama realita?,anger
Penjas apa wehh jgn cakap pendidikan jasmin,anger
@USER ya parah itu sdh pendidikan rendah dan tak punya akhlak.... tiada ya bisa diharapkan kecuali kerusakan....biasanya org2 macam ini tak berani menampakkan identitasnya akunnya parodi,anger
Bawaslu Kabupaten Kepulauan Siau Tagulandang Biaro melaksanakan koordinasi dengan Sekolah Tinggi Teologi Injili Setia (STTIS) Siau dalam rangka persiapan rencana kerja sama pelaksanaan kegiatan Pendidikan Pengawas Partisipatif (P2P) pada Kamis (23/04/2026). https://t.co/ZrHI7CcMdO,sadness
if someone saying this to me i would say 'ngasih cuma puluhan juta nyuruh aku masak seumur hidup diketawain mamaku noh yg ngebiayain aku pendidikan kurang dr 8 tahun udah nyentuh 3 digit ga banyak nuntut kya kamu jgn kaya kontol punya kepala gapunya otak',anger
@USER ( Halo aku Ivana Auerbach ╱ Zhao Jinmai 🇨🇳 Saat ini aku bekerja sebagai research engineer di bidang energi berkelanjutan. Tertarik pada isu perempuan dan pendidikan kalau cocok aku dengan senang hati ikut bergabung. Terima kasih! ),love
Pendidikan jilid 2 plonco lagi bolo,happy
Bupati Mappi dorong kolaborasi dengan Pemprov Papua Selatan untuk Asrama Mahasiswa dan Bali Guru dalam rangka Program 1000 Sarjana. #AllEyesOnPapua #PapuaSejahtera #PapuaIndonesia #Pendidikan #EducationMatters https://t.co/3NkWIITh7A,happy
Betul.. Makanya pendidikan terbaik itu ada di keluarga Masa pendidikan terbaik itu ada di usia &lt; 6 tahun. Keluarga dan masa pendidikan itu lah yang menentukan anak tersebut bakal masuk ke sekolah favorit atau tidak. Yang akhirnya menentukan pergaulan si anak tersebut sehat,anger
@USER @USER Karna mayoritas masyarakatnya memang minim literasi pendidikan nya begitupun juga rendah tingkat kelas ekonominya. Selama itu masih dominan sulit majunya.,love
Program Seribu Sarjana tahun pertama yang diprakarsai oleh Pemerintah Kabupaten Mappi memprioritaskan pendidikan dan kesehatan daerah. #Papua #MajuRakyatnyaJagaBangsanya #IndonesiaBerdaulat #PapuaSejahtera https://t.co/eg9G2Hj9w1,happy
@USER Wah sekarang dia juga merangkap mentri pendidikan,love
@USER @USER Dalam konteks pendidikan semua aspek itu bagus dan penting karena bersifat holistic tapi dari semua yg penting itu kalo mau tumbuh optimal ada yg harus diprioritaskan,love
Sisa-sisa Orde Baru (termasuk jenderal-jenderal dan raja-raja kecil) KKN dan privatisasi segala lini pokok (pendidikan dan kesehatan).,sadness
Bayangin anak lulusan SMA ga bisa 4x7 even 3x3 aja dia make sure ke gurunya bener/ga syok bgt ngalamin irl menyaksikan semenyedihkan itu pendidikan di kita :(((,sadness
Sorong Rabu 22 April 2026. Tim Monitoring dan Evaluasi (Monev) Seksi Pendidikan Islam Kantor Kementerian Agama Kabupaten Sorong melaksanakan pengawasan langsung pelaksanaan Tes Kemampuan Akademik (TKA) tingkat Madrasah Ibtidaiyah (MI). https://t.co/skFElfJaCs,fear
@USER Ndak rilet temenku kismin tp suaminya dokter &amp; dari keluarga pengusaha. Di sekitarku byk yg ceweknya biasa aja tp cowoknya dari segi pendidikan &amp; ekonomi jaaauuuhh bgt di atas.,fear
gw sadarnya pas bikin kalender pendidikan buat anak anak gw,sadness
salahin pemerintah lu karna system pendidikan di indon JELEK BGT. lagian ada kemungkinan dia ada dyslexic?????,anger
Andai bisa ngulang waktu ga akan ambil jurusan pendidikan,anger
@USER dipikir tuh heran pendidikan para pejabat itu tinggi tapi kok pemikiran sama sikapnya bego,anger
Kemudahan Internet berkelajuan tinggi ini dijangka akan meningkatkan kualiti hidup warga ATM khusunya dalam menyokong keperluan pendidikan anak-anak urusan komunikasi harian serta kesejahteraan digital keluarga selaras dengan aspirasi Malaysia MADANI.,sadness
@USER anak-anak disleksia bukan berarti gak dibekali pendidikan layak kak dia butuh terapi dan stimulasi yang tepat karena memang itu gangguan klinis. cuma banyak orang yang overlook tandanya sebagai ih anak males bodoh bgt gitu aja gabisa ,sadness
Usaha perkasa tingkatan enam IPG tuntut kematangan pendidikan negara - PM @USER https://t.co/8yCGzHtZSM #BernamaNews https://t.co/ObSWxM6h7Z,sadness
️️️ ️ ️️️ Keluhannya singkat: Dok saya minder sekali karena bekas luka bakar di wajah saya sejak kecil. Apa benar-benar bisa dihilangkan tanpa operasi besar? Mikayla terdiam. Ia membaca kalimat itu berulang kali. Di rumah sakit pendidikan dulu ️️️,happy
@USER Di novel bapaknya lagi benci sama anaknya karna sex orientation dia. Malah dikurung 3 bulan dikasi minum macem2 ubat ramuan utk sembuhkan dia abis itu diantar ke US utk sambung pendidikan. Produksi gak cukup biaya kali ya makanya plot 2nd CP dibikin kayak gini,love
@USER Bukankah Mulyono yg bilang sendiri dia lulusan TEKNOLOGI KAYU? jurusan fakultas yang cuma ada 1 di dunia dan haya 1 orang yg punya pendidikan tersebut,anger
Bermula tahun depan semua 58 MRSM akan ada warden sepenuh masa dikalangan bekas anggota beruniform dengan pemilihan yang ketat dan wajib melalui latihan untuk faham Falsafah Pendidikan MARA. Guru-guru tidak perlu lagi terbeban dengan tugas warden hanya fokus mengajar ,happy
 Kesempatan pendidikan harus dimanfaatkan dengan sungguh-sungguh karena ilmu pengetahuan adalah bekal penting menuju kehidupan yang lebih baik. Fitrian Noor https://t.co/fNWJimpQLv,sadness
Gizi dan infrastruktur bukan pilihan tapi fondasi bersama Lewat Transformasi Gizi Bangsa Pilar MBG Kuat memastikan anak Indonesia tumbuh sehat di lingkungan belajar yang layak karena masa depan hebat dimulai dari keduanya #MBG #GiziAnak #Pendidikan #IndonesiaMaju https://t.co/7Eue9Sff2o,sadness
@USER @USER @USER KASIAN DARI SEMUA POIN LU GABISA NGEJELASIN APA HUBUNGAN SIMON SAMA PRABOWO WKWK YANG GAPUNYA PENDIDIKAN ITU ELU KOCAK. BLACK CAMPAIGN MULU SAMPAH WKWK. NENEK GUE PUN JG TAU SIMON ITU PEMIMPIN MILITER YANG DITANYA ITU APA HUBUNGANNYA SAMPAH. BODOH²,love
Komandan Lanud Sjamsudin Noor Kolonel Pnb Hilman L.P. Ambarita M.M.S. Jumat (24/04/2026) menghadiri undangan dalam rangka mengikuti Upacara Penutupan Pendidikan Pertama Bintara Infanteri TNI AD Gel. I TA. 2026. Selengkapnya : https://t.co/n8v6Wez9pq https://t.co/LJw2C0fFHR,sadness
Thx god waktu aku ikut pengabdian yg cuman sehari di desa anak-anak SD nya udh pada pintar baca dan nulis padahal kelas 1. Ikut senang banget! Tapi sangat disayangkan dalam kasus gini masih ada yang tidak benar-benar menempuh pendidikan secara layak.,happy
gausah fisika truk segede gaban ditarik motor....... yah yaudahlah mau gimana orang pendidikan jg merata malah embege terus,anger
Di tengah hamparan sawah dan suasana desa yang tenang di Desa Perean Kecamatan Baturiti Tabanan geliat baru pariwisata berbasis pendidikan perlahan tumbuh. https://t.co/KT8U6cVsrh,sadness
Lowongan Kerja Rumah Sakit JIH Purwokerto 1. Terapis Wicara 2. Terapis Okupasi 3. Staff IPCN Pendidikan minimal D3 Cara daftar cek di: https://t.co/jBncKNnzb9,sadness
@USER @USER Biaya kuliah yang tinggi + waktu pendidikan yang lama + beban kerja tapi tidak sebanding sama gajinya,love
@USER mending mulung gw njir dari pada makan dudi pajek + alokasi anggaran pendidikan,happy
@USER @USER Secara menyelurug MBG itu makan porsi anggaran pendidikan tak peduli di mana pun dapurnya.,love
Rp. 75.000! . Menggali Nilai Budaya Tradisi Lisan dari Papua (Kajian Cerita Rakyat Suku Mee) Titus Pekei &amp; Natalis Pakage Direktorat Sejarah dan Nilai Budaya Kementrian Pendidikan dan Kebudayaan Jakarta 2013 Hardcover 184 hlm Bagus . https://t.co/hAuZuoXpHe,sadness
@USER iyakannnn mending pendidikan dlu dibanding mbg masa ada berita kantor sppg nya lebih bagus drpada sekolahnya kan kocakkk ,anger
@USER Bagi @USER nya @USER yang penting pendidikan tidak lebih baik,love
@USER buah mahal karna pupuknya mahal. pendidikan mahal karna aggaran mbg nya mahal hihi,happy
Dinas Pendidikan dan Kebudayaan (Disdikbud) Kabupaten Rejang Lebong Provinsi Bengkulu melakukan penguatan integritas dan karakter jajarannya melalui pembinaan mental atau bintal.https://t.co/XfUoaW84Ap,sadness
@USER @USER @USER @USER pendidikan karakter sejak dini bisa membantu anak mandiri kelak dan berakhlak pulak,love
️️️ ️ ️️️ Gelar mewah apartemen mewah... tapi status tetap pengangguran gumamnya getir. Sudah tiga bulan sejak ia menyelesaikan pendidikan spesialisnya. ️️️,sadness
Sangat amat bertanggung jawab terutama perihal pendidikan apapun yang ku mau klo menyangkut pendidikan akan dituruti,sadness
Setelah mengetahui kenyataan bahwa ternyata masih banyak di luar sana keluarga-keluarga yang tidak menempuh pendidikan tinggi menjadikan aku sadar bahwa terlahir dari keluarga yang kedua orang tuaku merupakan sarjana dan menomorsatukan pendidikan adalah sebuah privilese.,sadness
Sebanyak 1 9 Juta Mahasiswa Wisuda Setiap Tahun Banyak Lulusan Menganggur Kampus Diminta Tutup Prodi Tak Relevan Baca selengkapnya: https://t.co/QiF7Scoexf #PontianakPost #Pendidikan #Mahasiswa #Pengangguran #Nasional,sadness
@USER ih sumpah min kalo emang dilanjut lanjutannya lebih fokus ke mass lalu mereka atau ke pekerjaan mereka sehari hari? sumpah yg mana aja menurutku bakalan keren sih jaman mereka struggle sama pendidikan pasti seru jaman mereka awal merintis cari karir juga pasti seru,happy
@USER Konteksku disini klo nemu org yg dari kecil emang ada masalah spesifik belajar. Kalopun mereka korban sistem pendidikan yg rusak knp kita malah victim blaming disini? Meremehkan intelektualitas mereka bkn jawaban buat memperbaikinya. Klo korban sistem pasti masih bisa diajari-,anger
@USER Ini manfaat mbg nya @USER. Daerah dan desa tidak bisa membangun kualitas pendidikan menurun.,love
1. Rakyat disuruh nyari kerja sendiri 2. Uang Rakyat dipalak atas nama Pajak 3. Pemerintah korupsi 4. Rakyat dibungkam 5. Pemerintah sama Asing takut 6. Mentingin makan gratis daripada pendidikan gratis tebak negara???,fear
Apa nggak sebaiknya yang diangkat menjadi duta adalah mereka yang bukan hanya terdaftar tapi juga pengguna BPJS? Semoga beliau bisa menjadi jembatan masyarakat kecil pengguna BPJS kepada pemerintah.,happy
Salut walaupun anda buzzer pemerintah emang sepatutnya jika Salah ya harus dikritik. Tinggal pembela pemerintah lainnya kira² pada bahas MBG si dadan ini tidak karena selama ini pada bela si dadan ,sadness
@USER Kalo udah banyak bukti kaya gini dan masih percaya sama pemerintah gila sih,fear
Gimana kalo kita mulai ngestan pemerintah lalu kita bikin fandom namanya rawit alias retapan sawit,anger
ih cintanya aku sama pasangan melarat enih(blaming pemerintah for this),love
@USER apa itu program pemerintah wkwk,anger
@USER @USER Aceh lagi - Aceh lagi. Piye to pemerintah daerahnya? ,love
Pemerintah emang seharusnya menyeleksi para pemuka agama agar tidak muncul ustadz² begini. Lebih bagus soal agama tuh Indonesia harus tegas seperti Singapore. Negara juga harus independent tidak berpihak Salah satu,sadness
kalau pemerintah ga mau buat demand swasta bisa banget. sebagai contoh yayasan2 konglo bisa buat sekolah dan employ sarjana pendidikan. menguntungkan bagi semua pihak involved,happy
@USER Tiap rencana pemerintah gue dah ga percaya pasti ada hitungan bisnisnya,fear
yang relevan dimata pemerintah cuma prodi nyuci ompreng,anger
padahal demandnya bisa dibuat kapan saja sama pemerintah. mala buat program mitra MBG yang nyerap mala kredensial yang tidak jelas,sadness
Yuk bijak bersosmed jangan gampang percaya isu bansos dihapus Sebelum share berita pastikan cek dulu ke sumber resmi pemerintah #Saringsebelumsharing #AntiHoaks https://t.co/qpaMbYtFFu,sadness
yaudah iya ini kan secara lingkungannya nah skrg jelasin regulasi pemerintah terkait tindak lanjut menjaga lingkungan lewat pajak karbon makasih cad,sadness
@USER Jujur pendidikan relevan kalo ADA LAPANGAN KERJA DAN GAJINYA MANUSIAWI NJIR di negara enih kan guru gajinya amat tidak manusia kaya tenaga kesehatan. Tapi prodi nya buanyakkk apa lagi kedokteran buanyakkkk pengeluarannya alangkah baiknya ya pemerintah bisa evaluasi,anger
@USER 1. Sudah aneh mengaitkan program studi dengan kebutuhan industri kecuali itu vokasi. 2. lulusan keguruan melebihi kebutuhan tetapi mengapa masih ada guru honorer? 3. masalah pada kesiapan pemerintah dalam pemerataan antardaerah sehingga baik industri maupun pekerja mau ke daerah,anger
Waduh Guru harus benar2 dipagari ini pemerintah. https://t.co/1pNXwcWhQa,sadness
iya deh iyaaa krmn sempet live sama beomgyu tuh ga termasuk temen ya? kalau cuma dapet dari KATANYA tuh jangan langsung dipercayaa bisa stop gasih kalian ngetwit jelekin hs mulu deh mending energinya buat jelekin pemerintah lu,sadness
apa ya yg membuat pemerintah khususnya presiden tuh kekeuh mempertahankan program ini?,anger
agar semua orang bisa tau pemerintah hanya mengurusi perut mereka sendiri,sadness
Dari pada nutup prodi mending lu semua aja yg tutup umur. Udah mah gk relevan ngerusak masa depan bangsa pula. Pemerintah goblok,anger
mau cerdas jangan baca fanfic anyinggg seburuk apa sih pemerintah kita sampe literasi warganya bergantung sama fanfic nsfw omegaverse etc?,happy
kan emang gitu pak tujuan pemerintah indonesia ! menurunkan kemampuan sdm agar bisa dibodoh in jadi tidak kritis supaya mereka bebas ngapain aja udh kebaca kali pak dari mulai kurikulum dan kebijakan nyeleneh serta pendidikan bukan prioritas,sadness
@USER udh saatnya pemerintah buat program ini sih semua perempuan butuh jehi ,anger
@USER @USER Bisa jadi uang itu untuk membungkam agar tidak vocal mengkritik pemerintah.,love
@USER @USER @USER Damkar kan salah satu instansi pemerintah berarti si dc ini sudah merugikan dan menipu pemerintah dong bener ga logikanya?? Biar makin kusut tuh si dc..,anger
@USER @USER @USER @USER @USER @USER @USER @USER @USER @USER @USER Ga ada yang bisa diharapkan dari pemerintah kak jaga diri masing-masing!,love
@USER Hari hari jokes nya pemerintah ,fear
pemerintah tolong masukin hari apes ke kalender dong biar kita ada persiapan aja gitu @USER izin bapaaakk ,sadness
Apasi orang yg mempermasalahkan fanfic nih? Aneh bgt lu. Kalo mau ningkatin literasi masyarakat mah lu kritik pemerintah bukan author fanfic kocak.,anger
abis baca artikelnya dan kesimpulannya memang gini doang memang pendek akalnya pemerintah https://t.co/ZnDROYzTbE,sadness
@USER Kontribusi warga nya kritik dan pengawasan pemerintah na mun teu baleg Ai kudu ngabangun jalan jeung masang lampu mah eta tugas nu dipilih pas pemilu ‍️ Rada aneh buzzer teh https://t.co/OrHukbRA2A,fear
Beberapa minggu jelang penyelenggaraan piala dunia 2026 pemerintah Amerika melalui Utusan khusus Presiden AS Donald Trump Paolo Zampolli mengusulkan kepada FIFA agar Iran dicoret dari keikutsertaan dari Piala Dunia 2026 dan digantikan dengan Italia yang kalah di fase playoff. https://t.co/unUKZlzLFR,sadness
org nganggur bukan krn jurusannta ga sesuai emg lokernya aja yg gaada padahal ya masih dibutuhin aja. heran sama pemerintah yg nalarnya selalu ga dipake solusinya ga menyelesaikan masalah kaya ga dipikir,anger
Pemerintah yg gak becus ngasih lapangan pekerjaan kok jurusan/prodi2 yg ditutup. Goblok bgt jing,anger
@USER tetep ke MBG sih aku bukan buzzer pemerintah tapi ekonomi kecil tumbuh pesat akibat MBG,sadness
Pemerintah dongok gak bisa bedain mana yang emang oversupply karena murni kebanyakan stok dan mana yang oversuppy karena kompetensinya tidak terserap dengan maksimal sesuai kebutuhan yang ada. ALIAS PEKOK SUUUU ASU TOLOL GOBLOK OTAK DIPAKE NJING.,anger
buseettt dah serem bgt join go kaya gini perkara ga terima di kritik lgsg doxxing orang persis bgt kelakuan lu kaya pemerintah,fear
Apa lagi pemerintah tai ini bikin kebijakan?,anger
Pemerintah daerah pun seharusnya rutin melakukan inspeksi mendadak ke daycare-daycare yang beroperasi. Izin usaha saja tidak cukup. Harus ada standar nasional perlindungan anak yang benar-benar dijalankan bukan hanya di atas kertas.,sadness
Klo pemerintah licik bisa jadi bakal manipulasi harga sembako utama seperti ayam dan telur biar meredam amukan massa. Hal ini seperti yg dilakukan di turki sekarang,sadness
Pemerintah jepang sama korea udh level ngasih tunjangan ke warga negara yg mau nikah. Itupun ga menjamin bisa menaikkan populasi negara. Lah ini malah ngasih kangkung,anger
@USER Pertama-tama dan yang paling utama adalah prodi Perencanaan Wilayah dan Kota. Puluhan tahun berdiri hasil kajiannya jarang didengar sama pemerintah untuk penataan kota dan wilayahnya.,love
@USER Ini kejadian bulan Januari 2026 BGN sudah mengambil tindakan tegas terhadap SPPG yang menyebabkan terjadinya keracunan tersebut. Berbagai langkah perbaikan terus dilakukan oleh pemerintah dan BGN untuk mewujudkan zero keracunan dalam pelaksanaan program MBG. #LanjutkanMBG,anger
@USER Klo pemerintah licik bisa jadi bakal manipulasi harga sembako utama seperti ayam dan telur biar meredam amukan massa. Hal ini seperti yg dilakukan di turki sekarang,sadness
Tadi di event wonpil ada FGD dan ngebahas alasan gabisa jadi idol Gue : jejak digital sering viral karena ngeluh sistemik dan ngata ngatain pemerintah,sadness
Sabtu 25 April 2026 bertempat di Masjid Agung Syahrun Nur Komplek Perkantoran Pemerintah Kabupaten Tapanuli Selatan telah dilaksanakan kegiatan pemberangkatan jamaah calon haji Kabupaten Tapanuli Selatan Tahun 2026. Kepala Kejaksaan Negeri Tapanuli Selatan (c) https://t.co/BdqwFba0UM,sadness
@USER @USER Emang gw sarkas wkwk gw aja suka kritik pemerintah kok ,love
Sensus ini penting bagi para pelaku usaha untuk membantu pemerintah memahami kebutuhan dan potensi sektor-sektor usaha Indonesia. Yuk siapkan data usaha Anda dan dukung kelancaran sensus ini! Mari bersama #MencatatEkonomiIndonesia! #SadarStatistik #SE2026 #SensusEkonomi2026,happy
????another stupid statement came from pemerintah ih tolol,anger
if u tried to blame authors for said minim literasi dan akses yang terbatas untuk membaca lu bisa arahin mata dan pikiran lu ke pemerintah. u are the one that needs more education reading comprehension is ZERO.,sadness
Digitalisasi ini juga buka pintu bagi petani dan peternak lokal untuk jadi pemasok nasional. Dengan tata kelola modern pemerintah tak hanya penuhi gizi bangsa tapi juga gerakkan ekonomi akar rumput secara nyata dan berkelanjutan. 🇮🇩 #PetaniLokal https://t.co/nbyVFwdFYL,fear
haii new moots maaf ya akun ini kadang suka kayak orang gila yapping sunoo butuh asupan sunshine di tengah pemerintah yg bikin pusying ini ,sadness
@USER Huhu bgsttt SEKALINYA VIRAL NGATAIN PEMERINTAH,anger
Please kalau emang terjadi Cukup pemerintah dan 2 org itu aja yg kena Masyarakat luas jgn ya Pemimpin dan wakil kan sepaket tolong turun bersama,anger
@USER Sangat setuju negara ini mau dibawa ke arah keinginan pemerintah diluar rel konstitusi contoh BoP satu blok dgn pelaku genosida dan mau didikte AS sang presidennya ala teroris,anger
Personel Batalyon B Pelopor Satbrimob Polda Papua Barat melaksanakan giat perawatan kebun sebagai wujud dukungan terhadap Program Pemerintah di bidang ketahanan pangan guna mendorong kemandirian pangan dan kesejahteraan masyarakat. Sabtu 25 April 2026 https://t.co/eGDHeOdm63,sadness
Aku ga peduli diserang lagi emang iya kok penulis fiksi gaada beban moral buat ke masyarakat. Kalo mau belajar moral mah dari kehidupan sendiri pencarian identitas atau kepercayaan. Penegakan moral itu urusannya PEMERINTAH dan NEGARA.,anger
readers punya power penuh buat stop atau skip baca kalo dirasa tulisannya ga sesuai moralitas pribadi atau sesimple ga masuk sm gaya tulisan penulis. kita punya tenaga pendidik untuk mendidik tp pemerintah menghardik tenaga pendidik ya gmn ya,anger
ada pilihan buat keritik kebijakan pemerintah tp dia milih ngekritik penulis fanfic okay klo yg dikritik soal hal2 yg menyangkut tulisannya tp sampe beban moral diberatkan ke penulis fanfic tuh rasanya ga etis.,anger
@USER nyapu pemerintah yang suka korupsi mungkin:V,love
ANJING WUAKAKAK fakultas penggerak massa demo dibubarin sm pemerintah biar gada yg protes lagi dan mrk bisa semakin leluasa berbuat semena ke rakyat dgn bikin kebijakan ngaco ,anger
inilah akibat pemerintah pikir pendek dan mau solusi instan pdhl akar masalahnya adalah negara belum mampu menciptakan lapangan kerja yang beragam kampus dipaksa jd balai latihan kerja bukan think-tank dan ekonomi stagnan jd org pintar gbs berkarya ,anger
@USER @USER @USER @USER itu emang udh ga waras Tp gak penting jg sik toh masy luas jg udh tahu kedengkian hatinya Di level elite jg dia GA di anggep jd bisanya cuma jd tkg hoax keliling Gw rasa udh di blacklist jg di brbagai Instansi Pemerintah &amp; Perush2 korporat karena adatnya dengki!,love
mengonfirmasi kalo sebenernya pemerintah bisa kasih dana yg cukup atau bahkan lebih buat pendidikan dan kesehatan tapi kalo gamau ya ga akan jadi,sadness
Sekecil apapun infonya saring dulu sebelum sharing Terutama yang soal bansos dari pemerintah #AntiHoaks https://t.co/zXwjSHRi3P,happy
@USER @USER Harus Pemerintah mengusahakan pengolahan sendiri tanpa tergantung luar Anak negri banyak ko yg pinter. Pemerintah nya yg gaK tanggap dari dulu yg untung ya broker² nya. Coba bikin Refinery sendiri mau dapet cuan dari mana tu broker² yg bercokol di dalam pemerintahan??,anger
sebagai mahasiswa prodi pendidikan INI STATEMENT RAGEBAIT PEMERINTAH YG BENER2 BIKIN GW KESEL SIH NDER KEK RENDAH BNGT PENDIDIKAN DIMATA MEREKA ANJG https://t.co/c9M8viINMF,anger
@USER Masalahnya umat sudah tidak percaya pengelolaan oleh pemerintah akan amanah!!!,anger
@USER Itulah antek antek asing yang sebenarnya gak usah jauh nyasar ke lsm dengan narasi dibayar soros dll musuh lu itu kebanyakan ada di dalam instansi pemerintah itu sendiri wkwk,anger
Pemerintah terus memperkuat sistem mitigasi dan penanganan bencana. Melalui Kemenko PMK penguatan peran komunitas juga terus didorong karena lingkungan yang siaga lahir dari masyarakat yang saling peduli dan terhubung. https://t.co/Na67puIPwl,sadness
@USER Tentunya kita semua mendukung agar pemerintah bisa membangun infrastruktur di seluruh Indonesia sedangkan MBG adalah investasi untuk menciptakan generasi penerus bangsa yang sehat kuat dan tangguh. #LanjutkanMBG,love
Jangan biarkan keunikan produk daerahmu pudar. Kemenkum Jabar siap membantu Pemerintah Desa di Kabupaten Bandung dalam mendokumentasikan Kekayaan Intelektual Komunal agar diakui secara resmi oleh negara. Kemenkum Jabar - Asep Sutandar.,sadness
Mana bener kata orang yang dihighlight lagi-lagi sosial sama pendidikan ya karena lulusan mereka ini yang biasanya melahirkan musuh baru bagi pemerintah.,happy
gk SIAP pasti SUMUK banget nnti badan PLIKET mandi 10x pun tidak BERASA karena PANAS bngettt emng semua salah pemerintah,anger
kenapa ya gapernah gitu denger berita baik dari pemerintah lololololol,sadness
Alrigjt jujur gw gangerti industri yang dimaksud pemerintah itu apa maaf i dont really understand what are they trynna say,anger
nah inilah salah satu contoh kegagalan pemerintah dalam meningkatkan skor literasi warganya teman-teman,sadness
@USER Mencari Ilmu aja dibatasi sm pemerintah. Ini melanggar UUD 45 ngak? membatasi pendidikan? Tpi klu memang ini kejadian hukum sih yg harus dihapuskan aplgi hukum konsitusi &amp; tata negara. Soalnya ngak ada gunanya pemerinth udh makar konsitusi tpi kyk ngak ad maslh.,anger
Pemerintah bisa stop ga si dzolim dan jahat nya ya Allah udh ga sanggup bgt liat kelakuan lu semua sumpah. smg yg jahat dzolim dll beneran ga diampuni dosa-dosanya ya Allah ya rabb kalo bisa selamanya mereka di neraka mu aja ya Allah kami gada yg mau mengampuni dosa2 mereka,anger
saya kasar bukan karena saya baddie. saya kasar karena pemerintah kasar sama saya,anger
Pemerintah Berduka atas Kembali Gugurnya Personel RI di Lebanon Beri Penghormatan Setinggi-tingginya Jakarta Pemerintah Indonesia menyampaikan duka cita atas gugurnya Prajurit Kepala (Praka) Rico Pramudia anggota Pasukan Perdamaian PBB di Lebanon (United Nations Interim https://t.co/497e8ACDoD,sadness
@USER bener banget padahal seni indo kalo dimanfaatin dengan bener potensinya gede banget tapi yah pemerintah ga peduli,love
Pemerintah matangkan skema KDMP dengan dukungan Rp40 triliun siapkan 35 ribu tenaga kerja untuk dorong ekonomi desa yang berkelanjutan. #koperasidesamerahputih #mbg #bgn #kdmp #prabowo https://t.co/cd3bLWMpf2,sadness
Nah kelebihan pemerintah untuk markup harga itu ya dari e-katalog disitu aplikasi beli2 barangnya Mau lu minta 1 laptop thinkpad 100jt juga tinggal request ,sadness
Pemerintah itu selalu pilih yang enterprise nah harganya ini tergantung vendor.. Kalo tender biasanya adu pelicin + koneksi + harga Kalo mau bongkar harus tau dulu vendornya siapa kalo dah tau vendornya siapa gampang nyarinya karena ruang lingkup IT itu kecil ,anger
Dengar-dengar Indonesia lagi bikin langkah gede buat ngamanin energi nasional. Lewat diplomasi Presiden Prabowo Subianto ke Moskow pemerintah kabarnya berhasil mengamankan 150 juta barel minyak mentah dari Rusia. https://t.co/jjKSrud5yT,anger
@USER @USER Memang selama ini Pemerintah Kompeten ? Wong banyak pencitraan Dan ABS yang ada Video di atas ya kebutuhan Konten citra Visual nanti juga kembali ke Setelan Pabrik Numpuk di Gudang Sampai Belatung ditimbun,anger
@USER 4 6. bisa nabung di 2 jt pas itu (sekarang udh gabisa pemerintah anj) ongkos sehari 20rb jajan 10rb mentok frugal parah generally ga hepi tapi hepinya pas uangnya bener2 kepake di kondisi darurat. ini hanya berlaku buat yg gapunya backup klo w anak orkay mah ogah,sadness
Bener bener dah ini pemerintah rasanya dah gak ada tenaga buat misuhinnya,anger
Sekolah Rakyat Ringankan Beban Ibu di Pati yang Hidupi Anak Seorang Diri Pati - Sri Wahyuni ibu tunggal asal Desa Pelemgede di Kabupaten Pati merasa sangat bersyukur karena anaknya bisa bersekolah gratis di Sekolah Rakyat yang didirikan pemerintah. Sehari-hari Sri bekerja https://t.co/lRQUHjjPX3,sadness
@USER Rakyat minta Pemerintah serius menangani SPPG yang mengecewakan. Jangan akting di Media Mainstream.,anger
Klo pemerintah cina se anti itu sama tampilan cowok yang terlalu feminim di dunia entertaiment kenapa mereka ga coba ngembangin industri perfilman ala hongkong lagi....,anger
Kasih Paham Pak Anis. Di masa siapa dan kapan sih pemerintah memprioritaskan bidang pendidikan sebagai yang utama? Ini investasi jangka panjang lohhh rugi klo hal ini dipandang sebelah mata. Cobalah bercermin dari Negara Iran Singapura Jepang dll yang kuncinya di pendidikan.,anger
dosa apa ya punya pemerintah buang2 duit bukan buat prioritas,anger
spd banyak dikurangin karena katanya oversupplyya lu banyakin lapangan kerjanya kocakga pernah ga bodoh jadi pemerintah,anger
Desakkan Agar Pemerintah Dapat Menjaga Daya Beli Masyarakat https://t.co/iOcQXP6yY6,fear
eh sehari satu berita buruk aja udah lebih dari cukup ini kenapa banya bener sihhh berita buruknyaaaa @ pemerintah,anger
@USER bapaknya polisi tiap hari ngeliat kasus kriminal ga kelar2 kek anak muda idealis ngeliat pemerintah skrg la. Ada trigger ryuk ngasih tu death note,fear
@USER Sempet kepikiran loh orang orang yg naikin harga produk mereka itu apa mereka mau aji mumpung ya kalau naikin harga nanti kan yg disalahin pemerintah ,anger
Pemerintah Indonesia menyampaikan duka cita atas gugurnya Prajurit Kepala Rico Pramudia anggota Pasukan Perdamaian PBB di Lebanon setelah menjalani perawatan intensif akibat luka berat dari insiden ledakan artileri pada akhir Maret 2026. Pemerintah menegaskan penghormatan https://t.co/K2CIi9Te24,sadness
@USER Kebanyakan sampah plastik sangat berdampak buruk pemerintah&amp; masyarakat jg tdk jeli mengurai sampah tersebut.,fear
Kenapa ya ada aja orang yg GENGSI BANGET MINTA MAAF DAN MENGAKUI KESALAHAN??? Sama kaya pemerintah mental cupu tukang gaslight. Eww..,anger
Program KDMP disiapkan dengan perencanaan matang pemerintah targetkan 35 ribu tenaga kerja jadi penggerak ekonomi desa berbasis sistem yang transparan dan berkelanjutan. #koperasidesamerahputih #mbg #bgn #kdmp #prabowo https://t.co/QNjDexsqYs,sadness
Karena kalo rakyatnya pintar jadi masalah buat pemerintah,anger
@USER ada hacker kan beneran ada mau legal/ilegal tapi ya gak begitu juga anjg tolol bgt pemerintah lu,anger
BUKA TWT KEK PINGIN MARAHHHHH TAPI MARAH GAYA GIMANA LAGI YA ANJENGGGGG CAPEK BGT LIAT KETOLOLAN PARA BJINGAN ITUH ALIAS PEMERINTAH BLOON,anger
Iblis kalah ama kalian bgst!!!! Yg ky gini harusnya pemerintah cmpur tgn blacklist biar ga bs krja dimanapun!!!,sadness
Soroti Potensi Pelanggaran Pemerintah Tegaskan Jangan Ada Pungutan Biaya Tambahan ke Jemaah Haji Jakarta - Demi meningkatkan kenyamanan jemaah haji dalam beribadah pemerintah menegaskan kepada Kelompok Bimbingan Haji dan Umrah (KBIHU) agar tidak memungut biaya tambahan kepada https://t.co/Yv0cLc42U4,sadness
contoh skor literasi warga tersebut adalah elu karena konteks awalnya adalah dldr untuk fiksi tema problematik. lu ada gila-gilanya naikkin skor literasi wni dibebanin ke author fiksi lu minta ke pemerintah lah anj fiksi dd:dne lagi yang lu dapetin secara cuma-cuma,sadness
@USER @USER @USER @USER Di 1900-an sampe 1920an kota2 kayak Cirebon Semarang dan Surabaya memang dibangun pemerintah kolonial jadi sentra2 perekonomian.,love
banyak ya allah pendidikan area wilayah yg terpencil/dihutan gitu umr indo YA ALLAH MASIH BANYAK GASI?? cuman pemerintah aja malas gerak ke lapangan,anger
@USER @USER @USER Aku bukannya bela pemerintah tapi maksud dia itu pemerintah ingin bangun akses jalan tol contohnya untuk memudahkan akomodasi tapi malah banyak yg komen Kami gak makan jalan tol . Padahal secara gk lgsg makanan &amp; kebutuhan mereka bisa ada karena salah satunya lewat jln tol,love
Danantara Indonesia menjadi langkah konkret pemerintah dalam mengoptimalkan aset negara untuk mendorong pertumbuhan ekonomi yang berkelanjutan. #DanantaraIndonesia #InvestasiStrategis #IndonesiaMaju https://t.co/kYvfDSUjLX,sadness
Melalui Danantara pemerintah memperkuat investasi nasional agar lebih produktif dan berdampak langsung bagi kesejahteraan masyarakat. #DanantaraIndonesia #InvestasiStrategis #IndonesiaMaju https://t.co/SlK6ZY1wec,sadness
Sudah banyak jutaan penerima manfaat MBG yang menjadi program unggulan pemerintah,anger
ngeluh di sg kalo aku beli tahu walik 10 ribu tapi kurang 2 dan cuma dapet 8... ternyata skrg 10 ribu isinya emang cuma 8 pemerintah ajg https://t.co/tH5Y1hVYzS,sadness
@USER OALAAH...SIAL AMAT HIDUP INI.. PAGI SIANG MALEM DI PRANK PEMERINTAH.. GILIRAN MAU SANTAI EH DI PRANK ANAK SEKOLAHAN.. ,anger
@USER @USER @USER TINDAK DENGAN TEGAS DONG INSTANSI PEMERINTAH MENORMALISASI LIVING TOGETHER MAU JADI APA INDOENSIA INI,love
Pemerintah finalisasi skema operasional KDMP secara hati-hati untuk memastikan pengelolaan Rp40 triliun tepat sasaran dan berkelanjutan. #mbg #bgn #kdmp #koperasidesamerahputih https://t.co/tk9CVSFdmQ,sadness
Sudah banyak jutaan penerima manfaat MBG yang menjadi program unggulan pemerintah,anger
Ya lu gatau arti sebenernya dari DLDR kan? Ini tu sama aja buat milah yang gak suka dibanding malah ngedrag karya fanfiksi. Oh kalo mau naikin literasi yang rendah harusnya salahin PEMERINTAH dong bukan si penulis fanfiksi itu sendiri. Mereka nulis karna suka bukan dibayar,anger
Sudah banyak jutaan penerima manfaat MBG yang menjadi program unggulan pemerintah,anger
Sudah banyak jutaan penerima manfaat MBG yang menjadi program unggulan pemerintah,anger
@USER @USER Mau enak ? 1. Repelita di tekankan lagi 2. APBN lebih ranah industrial 3. Gak perlu proteksi tapi lebih imvestasi terbuka 4. Premanisme dihajar 5. Sentralisasi pemerintah pusat,happy
@USER susahnya ya bukannya gw dukung pemerintah tapi gw dah liat lgsg gimana susahnya temen dari jurusan yg mon maap agak kurang buat dpaet kerja. Kalo dibuka asal an dan banyak orang gatau dan ketrap ama kuliah doang kasihan ortu bayar mahal tapi ga sesuai ekspetasj,anger
baca neehhh orang2 tone deaf gk napak tanah ituuuuuu yang biasa hidup ber privilegeeee. dikiranyeee harga apa apa naik bukan grgr pemerintah trs gara2 apee cong,anger
Sinergi dengan Pemerintah Desa Mekarmaju membuktikan bahwa Kemenkum Jabar peduli hingga ke pelosok. Kami ingin setiap pengrajin tradisional merasa dihargai dan dilindungi hak kekayaan intelektualnya oleh negara. Kemenkum Jabar - Asep Sutandar.,sadness
@USER emang pemerintah indonesia ini kadang gak ada bedanya sama bencana alam,sadness
Sebagai manusia yang liat uang nganggur sedikit sudah kegatelan dg lihat nominalnya aja gua udah bisa bayangin gua bakal taruh investasi mana+bisa prediksi perkiraan returnnya dalam beberapa detik mikir. Pemerintah lihat duit segede ini kenapa sll gatelnya foya2 sih Gapaham gue,love
@USER @USER Ya bs. Karena mungkin pemerintah menerapkan pengecilan uang dari 100000 jd 10 rb. ,love
Gue beneran sedih banget liat berita ya Allah... sepanjang scrolling gak ada berita baik yang ada cuma kebobrokan pemerintah dari berbagai angle,sadness
@USER G lah sama aja kayak lo yg perhatian ke pak jokowi dan pemerintah bang. Cuma saking perhatianya kalian smpe lupa ngaca prilaku kalian sendiri,anger
@USER Pemerintah dan BGN terus melakukan evaluasi dan perbaikan secara menyeluruh agar terwujud pelaksanaan program MBG yang semakin baik dan berkualitas. #LanjutkanMBG,fear
Instead of limiting it like this it would be better to expand the scope of the work. emang negara rusak anjing. it's NOT about the major is the PROBLEM. but YOU pemerintah kontol. bukannya bebenah diri malah buat bisa2 nya buat kebijakan kayak gini???? ga ada otak,anger
Kalo lu bisa naikin gaji dosen 200% pecatin semua dosen outdate datengin 10 pemenang nobel buat ngajar disini investasi besar di RnD skala industri + murahin biaya kuliah semua prodi pasti kena seleksi alam sendiri. Itu contoh pemerintah yg kerjanya bener ygy ,sadness
@USER Ah media itu awalnya gw suka ama media itu karena bahas parkir liar tapi lama lama malah bikin kampanye mendukung program pemerintah yg g jelas wkwkw sebenarnya mau bagus atau jelek harus di eval malah bikin film pendek buat stimulus otak penonton kalau mbg kayak program suci,anger
@USER emg pemerintah nih semangat bgt dah kerjanya kl buat urusan musnahin orang pinter,anger
Sampai sekarang imo Jakarta punya kemampuan fiskal yg tumpah2 dibandingkan dgn luas wilayah makanya bisa buat Transum se-oke itu. Belum lagi pusat pemerintahan di sana juga jadi banyak support dari pemerintah pusat dan sumber pendanaan lain.,sadness
Saking pengennya baca artikel baik dari pemerintah habiskan aja gue kebacanya hasilkan.,happy
emang udah ga ada harapan lagi ama pemerintah indo,sadness
Anggep aja Bambang Pamungkas. Dipanggilnya bang mie ayamnya 1 kaya biasa ya. Sehari-hari bukan dagang mie ayam bukan juga main bola melainkan memasak pemerintah. Sudah siap memasak pemerintah bersama saya? -rl https://t.co/K1bCd52EhG,sadness
Baksos kerjasama WALUBI Pemerintah Kec Tembarak &amp; MWC NU Tembarak. meliputi: - Pemeriksaan Umum - Pemeriksaan Labs (kolesterol asam urat diabetes) - Pemeriksaan Gigi (cabut tambal pembersihan karang) - Pembagian Kacamata Baca - Pemberian Kursi Roda Sabtu 25 April 2026 https://t.co/lbtqjVzogm,sadness
Gw masih penasaran Ibu Mega di-DO itu apa bener tekanan pemerintah atau malas kuliah?,happy
Baksos kerjasama WALUBI Pemerintah Kec Tembarak &amp; MWC NU Tembarak. meliputi: - Pemeriksaan Umum - Pemeriksaan Labs (kolesterol asam urat diabetes) - Pemeriksaan Gigi (cabut tambal pembersihan karang) - Pembagian Kacamata Baca - Pemberian Kursi Roda Sabtu 25 April 2026 https://t.co/yi8ACCdVgO,sadness
Baksos kerjasama WALUBI Pemerintah Kec Tembarak &amp; MWC NU Tembarak. meliputi: - Pemeriksaan Umum - Pemeriksaan Labs (kolesterol asam urat diabetes) - Pemeriksaan Gigi (cabut tambal pembersihan karang) - Pembagian Kacamata Baca - Pemberian Kursi Roda Sabtu 25 April 2026 https://t.co/XynmgvJYd4,sadness
Wkwkwkwk knp lembaga pemerintah g bnr mulu dah,sadness
Baksos kerjasama WALUBI Pemerintah Kec Tembarak &amp; MWC NU Tembarak. meliputi: - Pemeriksaan Umum - Pemeriksaan Labs (kolesterol asam urat diabetes) - Pemeriksaan Gigi (cabut tambal pembersihan karang) - Pembagian Kacamata Baca - Pemberian Kursi Roda Sabtu 25 April 2026 https://t.co/PEPaiCYCxR,sadness
Sehari aja gaada berita buruk dari pemerintah kayanya mukjizat deh,sadness
MALAS KALIIII AKUUU BACA BERITA PEMERINTAH INI,anger
Pemerintah Jepang pangkas biaya paspor guna meningkatkan jumlah pemegang paspor dan mendorong anak muda untuk rajin ke luar negeri. https://t.co/GDsjscrUH6,sadness
@USER @USER lalu kalau merugi dana yg menutup dari mana? dari pemerintah? pemerintah uang darimana? yups pajak rakyat.,love
mending pemerintah yang pada tutup usia lu semua ga guna dihari ini dan dimasa depan.,anger
nih negara memang gk butuh guru ya? saking gk sukanya sama guru tuh prodinya terancam ditutup. pemerintah anjing.,anger
@USER Keluar kata kata kasar ke pemerintah,fear
Pemerintah pls pemerintah anjggg,sadness
Bisa jadi bahasan akademik tapi tetep ya bukan ranah utamanya mencerdaskan bangsa. Fanfic ini for fun aja... Kalo warga susah mau ningkatin literasi ya salah pemerintah noh kurikulum diutak atik terus2an akses gk merata fasilitas gk lengkap pula hadeuh,anger
Gada berita baik ya akhir2 ini. Semarahnya sama pemerintah ini lebih lagi. Lgsg nangis abis liat kaki anak2nya diikat kain cuma dipakein pampers gak dipakein baju ditelantarin gt aja mana banyak lebam2nya yaa Allah kok bisa separah itu hati mereka pada dimana ya,happy
emg pemerintah gamau negara ini berpendidikan gw rasa,anger
@USER Bisa/mau tidak @USER minta atau perintahkan Pemerintah (KPK/BPK) utk mengaudit BGN dan KDMP?,anger
Gw nonton podcast horror papua bukannya takut malah marah krn bisa2nya papua belom dapet listrik sama internet. KEMANA AJA PEMERINTAH? UDAH 2026 ini blegug!,fear
@USER @USER Emang lebih cepet Ditunggu Kiamatnya keknya daripada ditunggu Beresinnya Sampe Dajjal Turun bagi bagi Embege jg Pemerintah masih sibuk Bagi bagi Jabatan,happy
negara ini emang pengen warganya bodoh biar semua hal dikuasain sama sekeluarga sepertemanan pemerintah,sadness
Desentralisasi Otonomi Harus Nyata Pemerintah Bukan Malah Memperkuat Sentralisasi. https://t.co/LX1YbcYQi6 https://t.co/ulp3zf4OxS,sadness
Kalau gini bakal bnyk prodi di uwin yg tutup monyeett jan gt laah monyeettt. Mending lu bukaa 19 jt lapangan pekerjaan yg dijadiin pemerintah dongo,anger
Semua Program Studi Itu Bermanfaat Tinggal Manusianya Saja Bermanfaat Atau Tidak Manusia Tergantung Dari Kebijakan Pemerintah Yg Tidak Relevan Sejatinya Adalah Pemerintah,anger
@USER Giliran sepi nanti malah nangis dan ngadu ke pemerintah. Lagu lama udah basi! ,fear
@USER @USER Selama Mahasiswa yg mau demo masih makan beras hasil Swasembada pangan Pemerintah ini yang demo akan di tertawakan oleh Semesta.,fear
Iya pls. Asli gue ke kantor pemerintah pusat kaga ada yang punya duit selain instansi 3 huruf. Pemerintah udah semiskin itu. Gue aja takut anjir,fear
@USER @USER @USER Selama Mahasiswa yg mau demo masih makan beras hasil Swasembada pangan Pemerintah ini yang demo akan di tertawakan oleh Semesta.,fear
@USER @USER @USER Tindakan Pemerintah: Kasus ini memicu respons nasional. Menteri Pendidikan saat itu menekankan bahwa sekolah negeri tidak boleh mewajibkan atribut keagamaan tertentu bagi siswa yang berbeda agama. Hal ini dianggap sebagai bentuk intoleransi dan pelanggaran terhadap kebhinekaan,love
yg katanya penguasa bumi GEMES BGT ANJR EMG BOLEH SM PEMERINTAH,anger
@USER mirip pemerintah yg nempelin telapak pdhl itu yutub,anger
@USER @USER @USER Selama Mahasiswa yg mau demo masih makan beras hasil Swasembada pangan Pemerintah ini yang demo akan di tertawakan oleh Semesta.,fear
gw sebagai calon guru merasa sakit bgt KONTOLLLL PEMERINTAH ANJINGGGGGGG ARGHH adek... nakk nanti kalo ibu udh jadi guru ibu mau di lancarkan di mudahkan di beri jalan untuk mendidik kalian,anger
Koalisi Masyarakat Sipil untuk Reformasi Sektor Keamanan menolak Rancangan Peraturan Pemerintah (RPP) Tugas TNI (tertanggal 9 April 2026) sebagai turunan dari ketentuan Pasal 7 ayat (4) UU No. 34 Tahun 2004 jo. UU No. 3 Tahun 2025 tentang TNI https://t.co/m0e17Rl5JG,anger
@USER Percuma ditayangin pemerintah tutup mata apalagi curut BGN??,anger
@USER @USER Selama Mahasiswa yg mau demo masih makan beras hasil Swasembada pangan Pemerintah ini yang demo akan di tertawakan oleh Semesta.,fear
Penguatan Kesiapsiagaan Hadapi Musim Kemarau dan El Nino Pemerintah Gelar Apel Siaga Karhutla https://t.co/f8OX153UUP,sadness
tiap hari ada aja gebrakan gobloknya dr pemerintah,sadness
@USER intinya pemerintah kita gamau susah padahal bisa memperluas jangkauan lapangan kerja jadi semua sarjana bisa kebagian porsi masing2. bahkan yang ga sesuai jurusan pun ga akan mengganggu memang kalo dipikir2 susah tapi masa negara gapunya solusi untuk hal begitu,sadness
TOKEN Temukan Obati dan Kendalikan Kasus Malaria. Simak Video berikut ini untuk mengetahui cara menurunkan kasus Malaria. Follow @USERng untuk dapat informasi tentang kesehatan &amp; edukasi program Pemerintah Provinsi Kalteng lainnya #kaltengberkah #kaltengmaju https://t.co/9ukjKat4vi,sadness
dari beberapa Koperasi dampingan dan Dinkopnya. Katanya Pemerintah Pusat gak percaya sama Dinkop dan jajarannya goblok kan,anger
emang jagoan bgt pemerintah ini kompakan semua mau bu//nuh masyarakat dalam kecepatan full speed ini mah,sadness
Pemerintah = maling pajak,sadness
@USER Berasnya ternyata d timbun ya Pak @USER ? Yg akibatnya harga beras naik terus. Ini Pemerintah sengaja cari uang gt ya Pak dr jualan beras? Msh bnyk yg kelaparan Pak jgn d timbun beras itu rusak lapuk dn tak berguna. Gmn Mas @USER ?! Knp beras d timbun? Ra bener blas,anger
@USER Emang ya si palkon bener2 Ahhh ngentot punya pemerintah gini amat,fear
Sinergi Kemenkum Jabar dan Pemerintah Desa Mekarmaju merupakan langkah strategis. Kami ingin memastikan setiap pengrajin lokal mendapatkan manfaat ekonomi dari pelindungan Kekayaan Intelektual yang diberikan. Kemenkum Jabar - Asep Sutandar.,sadness
yey jadi tolol aja kita kalau yang di tutup prodi pendidikan jadi tolol bareng bareng biar pemerintah makin gragas ngambil duit soalnya rakyatnya tolol,anger
tbh aku juga selalu bilang indonesia belum pantas punya pemimpin bagus sudah kelihatan dari orang-orangnya. a lot of us are Stupid karena terus-terusan dijajah pemerintah sendiri that's just the truth. so i guess pak anies never stood a chance.,anger
nanti sm pemerintah bisa diisi sm ijo &amp; coklat.,happy
Dengan menyasar jutaan penerima MBG pemerintah tidak hanya memenuhi kebutuhan nutrisi mendasar tetapi sedang membangun fondasi intelektual dan fisik generasi mendatang. https://t.co/e8taPMMHLR,sadness
/wp/ jujur penasaran kalian yg suka baca political romance apa ga terbayang pemerintah indo?? ,anger
Warga Jepang berkumpul di Tokyo untuk memprotes kebijakan baru pemerintah Jepang yang merevisi aturan ekspor peralatan dan teknologi pertahanan. Selengkapnya di video berikut ini! #ForYourInformation #CariBeritaditvOne #Jepang #Tokyo #Demonstrasi #FYI02 #AW03 https://t.co/b3fIKeCJqz,sadness
Kemenkum Jabar mendorong pemerintah daerah untuk aktif mengusulkan potensi wilayahnya. Kami siap membantu proses pendaftaran Kekayaan Intelektual Komunal agar kekayaan budaya kita tetap terjaga dan lestari. Kemenkum Jabar - Asep Sutandar.,happy
@USER @USER Dn pemerintah gak peduli dngn yg seperti ini Anak jadi tmbh ngelunjak,fear
@USER @USER kapan ya ada statement begini dari pemerintah.. yang waras..,fear
@USER ni orang akhir2 ini statementnya sering pro pemerintah mulu curiga punya 1000 dapur mbg,anger
Makin aneh saja pemikiran Pemerintah ini. Apa sih bidang-bidang ilmu pengetahuan yang tak relevan dengan kebutuhan masa depan Pak @USER @USER??? ‍️ Cc: @USER @USER @USER @USER @USER @USER #IndonesiaGelap #IndonesiaCemas2045,love
coba marah marahnya sama pemerintah,anger
@USER Pemerintah mental jukir liar.,love
@USER aduh banyak mah kalo berandai andai bisa dari yg fundamental kayak kesehatan dan pendidikan tapi kalo gada political will jg bisa apa. Pemerintah skrg kayaknya ngejar program populis untuk ngumpulin suara di 2029,fear
Sjafrie Sjamsoeddin mengundang para mantan panglima kepala staf dan pejabat TNI untuk membahas berbagai program pemerintah di bidang pertahanan. Diskusi difokuskan pada evaluasi dan penguatan program pertahanan negara #PRI #PartaiRakyatIndonesia #TumbuhBersamaRakyat https://t.co/SW0FecxNzp,anger
Akar persoalan justru berasal dari kebijakan awal yang menetapkan target produksi besar secara serentak. Program MBG yang ditujukan untuk puluhan juta siswa membuat pemerintah menetapkan angka produksi sekitar 3.000 porsi per SPPG per hari. https://t.co/OSI3Qs7uKR,fear
@USER Dan gini pemerintah mentingin MBG,anger
@USER Kenapa malu bjir dagang cangcut kah Tapi itu jg ga perlu malu sih pemerintah aja makan duit kita ga malu,anger
@USER Kalo bocorannya bener kita harus salahin whistleblowernya kalo pemerintah kita ga bisa ngelola uang yang dipercayakan rakyat dengan bener? Kalau bocor tp fakta kenapa?,love
Kelebihan pemerintah kita cuma kreatif cari jabatan baru,sadness
@USER @USER Takde HOAX indo memang impor bbm from mlydesh tp krn pemerintah indo bijak harga bbm indo bisa lbh murah dr mlydesh Ron95 nonsubsidized mly RM3 87 Ron95 nonsubsidized indo RM2 96 Indo takde pengurangan kuota Mly kuota dikurangi jd 200ltr/bln Ron97 mly RM4 85 Ron98 indo RM4 45 https://t.co/oxVTVZe3EI,love
Skar persoalan justru berasal dari kebijakan awal yang menetapkan target produksi besar secara serentak. Program MBG yang ditujukan untuk puluhan juta siswa membuat pemerintah menetapkan angka produksi sekitar 3.000 porsi per SPPG per hari. https://t.co/Z9OrPagUke,fear
Menteri Keuangan (Menkeu) Purbaya Yudhi Sadewa memberikan kepastian bahwa pemerintah membatalkan rencana penerapan Pajak Pertambahan Nilai (PPN) pada sektor jalan tol sekaligus membatalkan kebijakan pajak tambahan yang sebelumnya menyasar masyarakat berpenghasilan tinggi.,sadness
temen gw jadi akpol nanti takut di aduin pernah memaki2 pemerintah dh,fear
BRENGSEKKKK JURUSAN KU MAU DIHAPUS???? gue emg gasuka jurusan gue skrng TAPI YAUDAH SIH???? GA MINTA UANG PEMERINTAH JUGA ANJINGGGGG,anger
mbg disangkut pautin ke lapangan pekerjaan jatohnya janggal yee jatohnya pemerintah ini emang mau nyiptain pekerjaan yang semacem itu aja bukan pekerjaan buat ngebangun sumber daya manusia jirrr️️️,sadness
Di Malaysia chip dalam eKTP mereka sudah terintegrasi ke database pemerintah sehingga setiap warganya bisa mendapatkan subsidi BBM. Hidup mereka jadi mudah. Di Indonesia Chip eKTP nya membusuk gak berguna. Urusan apapun masih butuh FOTOCOPY eKTP! eKTP kok masih difotocopy itu https://t.co/hjzWE6ElYX,anger
@USER Bukannya centang emas khusus buat company pemerintah atau project tertentu ya?,love
setolol-tololnya pemerintah adalah pemerintah indonesia.,sadness
ngeri euyyyy komen soal 10 hari menjelang ujian kelulusan ambil kelas online langsung dibungkam udah kayak buzzer pemerintah kalau ada yg mengkritik buzzer auto turun lapangan gas nyerbu yauda iya selain donatur dilarang ngatur kan wkwk oke #salampendidikan,fear
Dahlah tinggal di indo nerakanya dobel udahlah panas pemerintah nya juga tolol,sadness
@USER bantu jawab kalo realistisnya ngga ada penambahan kak. soalnya Sri Tanjung itu termasuk kereta subsidi yg terikat kontrak Public Service Obligation (PSO) dari pemerintah yg mencakup kapasitas/jumlah gerbong. jadi ngga bisa leluasa nambahin gerbong meskipun lagi peak season,fear
Kyk ngapain tiba-tiba ngefollow akun yg isinya cuma misuh-misuh krn tugas kuliah renjun bts marahin pemerintah dan kucing ,sadness
Semuanya aja naik pemerintah ngapain sih,anger
@USER MK rekomendasi anime tentang kudeta dan rivalitas dalam pemerintah.... https://t.co/5sHEj1TCj5,fear
info portal isekai aku malas tinggal di indo kalo didzolimi pemerintah,happy
Kerjasama ini menunjukkan bahwa pemulihan Aceh bukan hanya tugas pemerintah pusat tetapi juga hasil sinergi antar daerah. Dengan bantuan ini Aceh diharapkan bisa bangkit lebih cepat dan lebih kuat. #satgasprr #sumaterabangkit #banjirsumatera #acehviral https://t.co/wcARuW070P,sadness
@USER Ikut program transmigrasi pemerintah,anger
@USER @USER @USER @USER @USER @USER @USER @USER @USER Yg jadi pertanyaan peran pemerintah dimana? Udh tau byk warganya miskin dikasih pinjol gini ya makin miskin kan Blum lagi DC yg penagihannya bar2 bukannya selesein masalah malah bikin masalah baru Ada yg dipecat ada yg keluarganya hancur ada yg bunuh diri @USER ?,love
@USER Aku pernah resign kerja gara² gak bisa sholat jum'at. Gak pikir lama langsung off kerja cuma seminggu. Lucunya setelah dapat kerjaan baru bisa sholat jum'at gak lama dari itu malah covid muncul larangan jum'atan dari pemerintah ,sadness
pemerintah kita segila itu ternyata masa prodi ga relevan industri di tutup tapi pejabat pemerintah gabisa kerja ga disuruh mundur?,sadness
Pemerintah Provinsi DKI Jakarta melakukan pemadaman listrik secara serentak di lima wilayah kota administrasi dalam rangka peringatan Hari Bumi. Sejumlah gedung di kawasan Bundaran HI Jakarta Pusat turut mematikan lampu sebagai bentuk partisipasi dalam upaya pencegahan dan https://t.co/IzZN3yi0w3,sadness
Si @USER mirip sama pemerintah konoha klo kerja LELET SEKALI,anger
@USER benerbener dah. bukan kelebihan pasokan. tapi emang tempat untuk mengamalkan nya gaada. seharusnya satu kelas 15 siswa tuh utkk 1 guru. tapi di negeri bisa 36-40 an utk 1 guru yang idealnya tuh 2-3 guru. artinya kita tuh kekurangan guru dan gaji guru yang layak. nih pemerintah,sadness
@USER Nyebut pelaku ngak berani ya min.apa memang segolongan saat ini pemerintah,anger
Keselamatan dan gizi anak bangsa adalah harga mati! Pemerintah tindak tegas 1.700 dapur MBG yang curangi porsi makanan dan langsung menutup SPPG pelanggar standar sanitasi. Mari bersama kawal kualitas program ini demi generasi sehat! #MakanBergiziGratis #KawalMBG https://t.co/HDd0tv2X3M,anger
@USER Tentunya kita semua berharap agar pemerintah membuat kebijakan untuk peningkatan infrastruktur dan kualitas pendidikan di seluruh Indonesia tetapi membenturkan dengan MBG bukan langkah bijak karena Program MBG adalah investasi untuk masa depan anak Indonesia #LanjutkanMBG,love
@USER request pemerintah saus tiram,happy
Meningkatkan skor literasi bangsa bukan tugas author au . Tapi tugas pemerintah ,happy
@USER @USER @USER @USER @USER @USER @USER Walah begini kawan. Anda bilang Dinas itu berarti bagian Pemprov DKI. Setelah dicek ternyata bukan milik dinas di DKI. Ini milik salah satu instansi pemerintah domisili Jakarta namun bukan DKI. Kenapa saya membatasi karena saya bagian Pemprov DKI. Semoga paham ya,love
@USER Menjilat pemerintah nyoblos 02 dan jadi buzzer presiden.,happy
ah elah kesel bgt apalah pemerintah ini,happy
Belom bisa kritik pemerintah dulu di ig karena gabisa login jir,happy
Jgn lupakan harga buku yg mahalnya bikin istighfar sistem pendidikan yg belom merata dan segala bentuk ekosistem pemerintah yang bikin orang orang literasinya mines bukan author fanfic yg share tulisan geratisan jir,anger
@USER Kalau ikut program pemerintah akan ke record di bpjs ga?,anger
Tiap waktu ada aja bahan baru buat nambah benci sama pemerintah.,happy
@USER Fear mongering yg dikakukan pemerintah bisa dalam bentuk : 1. politics of fear 2. FUD (Fear Uncertainty and Doubt) 3. Sekuritisasi (Securitization) 4. State Terrorism (Terorisme Negara) 5. Populisme Ketakutan (Populism of Fear) Macam-macam bentuknya.,anger
@USER @USER Jelasin ding di bagian mana pemerintah memusuhi rakyat. Kalaupun ada kebijakan yg gak memuaskan sebagian rakyat spt nya itu hal yg biasa,anger
@USER rakyat di press suruh efiensi giliran pemerintah enteng banget kucurin anggaran buat APBD APBN? denger orang pinter di siram air kerass aja udah aneh ini negara rasa kompeni..,anger
Pemerintah iki gebrakane onok waeee https://t.co/aZldELEPnC,sadness
Fyi tentang pengguna akun ini ini 1. Penikmat Sun rata kanan #allxsun 2. Riwoo rata kanan 3. Junhan rata kanan 4. Wonwoo rata kanan 5. Suka goblok goblokin pemerintah.,sadness
@USER Apakah ini artinya pemerintah sekarang sudah berada dijalan yg tepat? Makanya banyak yg serang dari segala penjuru karena banyak yg tidak suka Indonesia lebih baik,fear
@USER iya gajelas kyk pemerintah indo...,love
@USER di era sekarang? dengan pemerintah seperti ini?,sadness
@USER mau belajar ke china ntar dituduh komunis dulu pulang dari china di tuduh masukin paham komunis tapi setelah 2 minggu disana lihat industri UKM nya ternyata lebih maju workshop saya tapi mereka lebih terintegrated terpola dan pemerintah dekat dengan program industri,sadness
Pemerintah Kabupaten Asahan melalui Camat Simpang Empat bersama Camat Sei Kepayang Camat Pulau Rakyat Camat Teluk Dalam Camat Aek Kuasan Pengurus WAMAS (Wahana Masyarakat Aliran Sungai Asahan) Pimpinan PT. IPS beserta staf kebun meninjau langsung Sungai Asahan https://t.co/d4hhihNoNR,sadness
@USER emang gapaham lagi sm pola pikir pemerintah indo udah ada masalah bukannya diselesaikan malah ditutupin jadi masalah baru yg lebih masif,anger
@USER Sebenarnya di lapangan banyak siswa yang bosan mengeluh lauknya sama setiap minggunya cuman karena mereka terlanjur sudah dikasih pemerintah secara gratis maka tetap makan. Jadi kesalahannya di variasi lauk yang kurang beragam dan inovatif,fear
#Repost @USER Dari tangan pemerintah untuk masyarakat. Penyerahan bibit oleh Sekretaris Daerah Kabupaten Bulukumba menjadi awal tumbuhnya harapan usaha dan kesejahteraan bersama #PemkabBulukumba #BibitUnggul #Pertanian https://t.co/xRFnLiYOq3,happy
indonesia kalo gaada pemerintah kyknya aman aja dah real warga bantu warga,anger
@USER Mereka meneliti bukan berbasis permintaan pasar tetapi karena keingintahuan memahami bagaimana dunia bekerja. mikirnya tuh gini loh bos @ pemerintah,anger
@USER @USER narasi gini udh dari tahun 2022 anjirrr kaga percaya gw. wowo akan sampai selesai sampe 2029. semua lingkaran pemerintah dbkin happy gada yg niat buruk. kcuali wowo tiba-tiba bikin pergerakan balik badan bikin unhappy lingkarannya sendri,fear
Eh kl sebutuh itu bacaan geratis mah salahin pemerintah yang perpus bagusnya cuma di kota dan ipusnasnya error mulu jink??? Bukan nyalahin author FANFIC yg nulis suka suka dia jir??????? Nyimeng lu?,sadness
Purbaya Yudhi Sadewa menyebut pelemahan rupiah dipengaruhi faktor global. Namun dampaknya tetap terasa bagi masyarakat sehingga pemerintah perlu menjaga daya beli dan stabilitas ekonomi. Sumber: CNBC Indonesia #rupiah #ekonomi̇ #purbaya #dprri #fraksipdiperjuangan https://t.co/7eI5oS50qx,sadness
@USER @USER @USER anj wkwkwkwk Sipaling mau merdeka padahal kemampuan fiskalnya aja 90% ngarepin pemerintah pusat. Trs sok ngandelin sawit padahal sawit yang punya 95% dari masyarakat dan swasta pemerintah pusat lewat bumn aja cuman punya 4% an.,love
PSN DI ACEH Melalui Proyek Strategis Nasional (PSN) pemerintah membuka jalan baru bagi kemajuan Aceh: infrastruktur modern lapangan kerja akses ekonomi dan konektivitas antar wilayah. #pembangunanekonomi #ekonomiindonesia #indonesia #pembangunanindonesia #pembangunanaceh https://t.co/kHOmwes5UE,sadness
Pemerintah goblok banget anjinggggg,anger
@USER Apakah ini ga berlawanan dgn prinsip efisiensi pemerintah..? kenapa tdk mengoptimalkan instansi damkar yg sudah ada mereka sudah tentu lebih kompeten di bidangnya.,fear
@USER Betul min kami2 ini yang kena dampaknya. Kami ini serba susah dinaikkan harga nya pembeli menurun gak di naikkan kami yang rugi. Kami mohon pemerintah segera menstabilkan harga plastik ini.,anger
@USER @USER Adaaa tapi bener bakalah kalah sama org2 nggak jelas di kelas pemerintah desa aja sama broh ,love
Rupiah ditutup menguat ke Rp17.229/USD (+0 33%) didorong faktor internal terutama keyakinan pemerintah bahwa APBN SAL (Rp423 triliun) tetap kuat menghadapi gejolak global. https://t.co/ljspLZMSst,sadness
Kadang masalah di bank swasta bikin berpikir ulang memang lebih nyaman dengan bank pemerintah.,happy
Membangun pondasi hukum ekonomi kreatif di Jawa Barat. Kemenkum Jabar giat melakukan audiensi untuk menyatukan visi dengan pemerintah daerah Kabupaten Bandung dalam hal pelindungan Kekayaan Intelektual. Kemenkum Jabar - Asep Sutandar.,fear
Memang kadang lebih aman pilih bank yang sudah jadi andalan banyak orang seperti bank pemerintah.,happy
@USER @USER Kalau pakai prinsip ekonomi iya. Tp tdk selalu bnr. Krn utk tetap menjaga kesejahteraan petani pemerintah menaikan HPP gabah maupun beras dr petani sejak 2026. Makanya bs swasembada beras org senang bertani kembali pupuk dipermudah pemerintah beli tinggi. Cukong impor nangis,love
Sering banget dengar masalah kayak gini jadi makin yakin pilih bank pemerintah buat transaksi yang lebih aman.,anger
Menteri Desa dan Pembangunan Daerah Tertinggal Yandri Susanto Kepala KSP M. Qodari dan tokoh lainnya. Selain untuk memperkuat silaturahmi acara ini juga untuk memperkokoh hubungan para tokoh dan pemerintah daerah Sumbagsel serta masyarakat. https://t.co/cjAJpo4j2n,anger
@USER Kalo aku diposisi gurunya tak tempeleng bocahnya bodoamat kalo ada yg bilang guru nggak boleh gitu terus bakal tak bilang emang nggak boleh kaya gitu tp kalo muridnya kaya setan gini mah tak hajar aja gilaaa bgt udh pemerintah kaya anzing ditambah bocah ada yg nggak punya adab,fear
Sebenarnya yg dipikirin pemerintah ni apa sih,anger
Ya Allah pemerintah ini kenapa sih ,sadness
Ternyata sering kejadian juga ya nggak salah pilih tetap setia sama bank pemerintah.,fear
Error begini makin sering muncul ya. Kalau aku lebih tenang transaksi di bank pemerintah.,sadness
@USER @USER Keracunan yang masih terjadi dalam pelaksanaan program MBG membuat kita semua prihatin sudah saatnya kita mendukung langkah perbaikan dan pengawasan secara menyeluruh yang gencar dilakukan oleh pemerintah dan BGN untuk mewujudkan zero keracunan. #LanjutkanMBG,love
Kalau ada masalah seperti ini makin yakin deh buat pakai layanan dari bank pemerintah yang stabil.,anger
ANJING LU SEMUA YA!!!!!!! @USER ERROR MULU MINGGU LIBUR. LU PIKIR PEMERINTAH? LU BIDANG PELAYANAN CS PUSAT DITELFON AJA GA NGANGKAT. PELAYANAN LU SEMUANYA BURUK ANJING,love
Pakai bank yang sudah terpercaya banyak orang emang lebih aman kayak bank pemerintah.,anger
tutup aja semuanya kita bikin negara mbg jadi semuanya sarjana mbg rakyatnya pada mati isinya pemerintah bajingan semua terus duit siapa ya yg mereka makan kalo yg dipalakin dah pada mati,anger
baru juga seneng dah muncul kebijakan goblok lagi aje dari pemerintah sial,sadness
@USER Balik lagi ke sini baik pemerintah dan masyarakat sama2 pelit utk spending kesehatan nakes dan named yg nanggung https://t.co/uCshLxLecT,fear
@USER @USER Krn Pemerintah menaikan HPP dari petani biar petani juga menikmati jerih payahnya,fear
Seringnya kasus kayak gini bikin makin yakin buat tetap setia sama bank pemerintah.,anger
Memang lebih aman kalau pilih bank yang sudah terbukti stabil contohnya bank pemerintah.,happy
Iki seriuz akun instansi pemerintah ngene iki modele??? Gak tau ndue bojo/anak wedok/ngeterno nak dokter obsgyn a kok pekok ngenee???,anger
Pengalaman-pengalaman seperti ini bikin tambah percaya pilih aman pakai bank pemerintah.,anger
PEMERINTAH BAJINGAAANNNNNNN,anger
Ngapain nanya gizimu kalo taruhannya bnyk anak di luar sana yg ga bisa akses pendidikan? Ya salahkan pemerintah lah yg ga bisa meratakan ekonomi ke seluruh lapisan masyarakat,fear
Memang lebih tenang kalau pakai bank pemerintah. Mereka biasanya lebih stabil dan jarang ada masalah teknis.,anger
Pemerintah Kota Singkawang melalui Dinas Pendidikan dan Kebudayaan mengadakan Gebyar Hardiknas. Acara ini diselenggarakan dalam Rangka menyambut Hari Pendidikan Nasional (Hardiknas) 2026. https://t.co/4Qcm1XsIWj,fear
sebenernya pemadaman listrik dalam rangka hari bumi tu dilakukan dari pemerintah apa lebih ke ngajak?,fear
Mari kita normalisasi gak udah salam2an sambil nyengir2 ceria klo ketemu pejabat pemerintah.,anger
Kalau sering gini makin mantap aja pilih bank pemerintah yang lebih stabil.,sadness
The worst part is kita udah tau kelakuan bejad mereka (pemerintah) contoh ky di tweet ini Tapi kita cuma bisa liat karna ya gabisa apa apa Demo pun berasa percuma DPR juga performatif doang We know something is wrong we know what cause the problem but we cant do anything bcs-,love
@USER ini bukan akun pemerintah kak.. tapi jabatan pendaftaran negara. di sini kami bikin kad pengenalan urusan mendaftar sebagai warganegara untuk semua warga malaysia,anger
@USER @USER @USER Ya justru pemerintah bisa intervensi di situ target akar masalahnya bukan malah nutup jurusan,love
Wah kalo sering error gini jadi makin yakin deh sama stabilitas bank pemerintah.,sadness
@USER @USER Kasihan badan segede gaban dipajakin pemerintah,love
@USER TEDI LAGIH TEDI LAGIH. GAK ADA ORANG LAEN DI SELURUH JAJARAN PEMERINTAH ENDONESA APA?????!!!! MULTITALENTA BANGET SI TEDI INI???!!!,anger
Kalau sering ngalamin masalah kayak gitu gue jadi makin bersyukur bisa andelin bank pemerintah yang lebih stabil.,sadness
75/ Pemerintah hadir untuk memberikan perlindungan hukum yang adil Kanwil Kemenkum Babel #KementerianHukum #LayananHukumMakinMudah #KanwilKemenkumBabel Kanwil Babel Pasti Kredibel,happy
@USER Tidak sudi Itu bukan tanggung jawab saya; itu adalah tanggung jawab mereka sendiri yang pergi ke Jepang serta pemerintah dan politisi korup Jepang yang membawa mereka. Saya tidak tertarik tinggal di Jepang. Terima kasih.,anger
@USER takut bgt spaceny dimasukin buzzer pemerintah,fear
Kalau sering error gini jadi makin yakin pilih layanan yang lebih stabil seperti di bank pemerintah.,sadness
@USER @USER Klo setiap pihak yg mengkritik pemerintah lo sebut buzzer oposisi boleh g klo ane curiga klo lo itu sebenarnya buzzer dari pihak pemerintah yg dibayar ️,anger
Kalau sering ada error mungkin bisa pertimbangkan pakai bank pemerintah yang lebih terpercaya.,sadness
@USER bank negara jadi ATM pemerintah. Kalau programnya jalan mulus puji-puji. Kalau mulai goyang rakyat disuruh sabar dan jaga stabilitas . Padahal akar masalahnya bukan ajakan viral tapi kepercayaan yang sudah retak. MBG yang katanya prioritas nasional vendornya bermasalah duit,anger
Masalah kayak gini bikin tambah nyaman tabungan di bank pemerintah yang lebih stabil.,sadness
@USER Please jangan viral please jangan sampe pemerintah tau apa itu A03 dan omega verse. Bisa2 nambah program blokir akses A03 dan terpaksa pake VPN ,anger
Harusnya pemerintah yang pusing mikirin nasib rakyat nya ini kok kebalik ya malah rakyat yang pusing mikirin pemerintah yang hanya habiskan anggaran yang tak tentu rudu.. https://t.co/91LIgCCtLz,sadness
Kadang error bikin frustrasi. Yakin lebih tenang pilih yang stabil contohnya bank pemerintah.,sadness
@USER @USER Kamu tanam sendiri aja nyet padinya trus jual dibawah HPP Rp 6.500 yang ditetapkan pemerintah sejak 2026 Kamu pikir petani itu budak gabah nya bisa dibeli sesukanya aja,love
tiap melihat org opini aneh bin asbun ah inilah produk berhasil dan dicintai pemerintah . alias menolak ilmu dan menolak edukasi stay oon dah lu,sadness
Masalah kayak gini bikin kita mikir ulang buat pilih yang lebih terpercaya contohnya bank pemerintah.,anger
Emang kocak geming kelakuan pemerintah negara satu ini lawak lawan,anger
Mas Bagus Muljadi nanya kenapa ga ada yang mau? Jawaban dari pak Anhar simpel saja kira-kira begini karena pemerintah/siapa pun ga menganggap karya ini begitu relevan di jaman sekarang. ,fear
Pas baca ini jadi makin bersyukur pakai yang lebih stabil kayak bank pemerintah.,sadness
UDARA PANAS &amp; BERITA DARI PEMERINTAH SELALU BIKIN MAKIN EMOSI,love
Kemenkum Jabar mendorong pemerintah daerah membuat kebijakan pro-KI. Dengan banyaknya produk daerah yang terdaftar Kekayaan Intelektualnya maka ekonomi daerah Kabupaten Bandung akan semakin stabil dan kuat. Kemenkum Jabar - Asep Sutandar.,happy
Phuspa film india ttng pembalakan hutan penebangan pohon yg dibekingin aparat kayaknya kalau diremake di indonesia bakal rame dicekal pemerintah,anger
@USER kocak emg pemerintah. lulusan s1 kesulitan cari kerja bkn krn background mereka ga sesuai tp emg pemerintah kurang memfasilitasi lapangan pekerjaan buat lulusan s1 terutama guru. gmn ga banyak pengangguran terdidik klo lulus fkip masih harus ppg buat bisa ngelamar ke sekolah https://t.co/6MCvzamIag,anger
emng pemerintah ajg udah tol nya mahal banget jalanan kaga bener bikin rusak mobil doang tai,fear
capek2 kerja buat bayarin gaji pemerintah ujung-ujungnya penulis fanfic gratis yang harus membantu literasi warga supaya berkembang,sadness
@USER Pinter an pemerintah dong drpd rakyatnya.... Rakyat gwoblog mah diapain jg pasrah wkwkwk..,anger
Tw // pemerintah Kok gitu solusinyaa??!! Kan harusnya ya kalian mikir GIMANAAA CARANYA BUAT BUKA LAPANGAN PEKERJAANN UTK PARA SARJANA... BUKANNYA NUTUP PINTU PERKULIAHAN BIAR KERJAAN MASYARAKATNYA JADI MONOTON/ITU² AJAAA BAPAK² DAN IBU² SKALIANNN https://t.co/JaXBhGlqog,anger
@USER Pemerintah emng ga ke hal2 akademis condongnya tapi klo bisa dikritik ya emng dari kualitas pendidikan banyak prodi kebanyakan belum bisa ngehasilin SDM yng mumpuni yg setidaknya bisa bersainglah ke pasar kerja global klo di negara kita belum ada banyak lapangan...,anger
Industrinya aja juga gak sebanyak itu plis lahh sehari aja ga ada gebrakan gabisa ya ini pemerintah????,fear
Untuk ngurus impor BBM 150 juta barel dari Rusia pemerintah malah mau bikin BLU baru. Padahal sudah ada Pertamina. Kalau lembaga yang ada dianggap nggak mampu harusnya yang dibenahi kinerjanya. Bukan malah bikin pemain baru seolah masalahnya kurang institusi. Ini solusi https://t.co/zGkHToL7b8,anger
kalo pemerintah niat kan u bakal putar otak buat memanfaatkan banyak peminat model-model jurusan pendidikan soalnya ya gak bakal ada ruginya bukannya oon begitu malah ngecut kuota/jurusannya aelahhhh tolol banget udah capek banget liatnya,anger
Kalau masalahnya kelebihan lulusan harusnya pemerintah mikirin gimana cara ngatasinya ya gimana mau nggak kelebihan kalau lulusan nonpendidikan bisa jadi guru sedangkan yang lulusan pendidikan harus ikut ppg dulu lah biar bisa sertifikasi terus ijazah S.Pd itu buat apa?,anger
@USER Rakyat jg gwoblog. Pemerintah udah kek gini akut nye jg nyatai2 aje cok apalagi mahasiswa dan aktivis. MATI SEMUA! KENA TERNAAAKKK! JANCOK KELUARGA SOLO!,anger
Pemerintah mengimbau masyarakat agar tidak mudah tergiur dengan tawaran haji tanpa antre yang dipastikan ilegal. Juru Bicara Kementerian Haji dan Umrah Maria Assegaf menegaskan bahwa ibadah haji hanya bisa dilakukan menggunakan visa haji resmi dari Pemerintah Arab Saudi karena https://t.co/0l8ONpU03h,sadness
@USER @USER Emang lagi BU banget udah ga di kasih dana ama pemerintah lagi sejak gagal kualifikasi pildun di lepas suruh cari duit sendiri dari sponsor aja kurang ,anger
@USER Sex: setiap hari diperkosa kebijakan pemerintah. Alkohol: mabok gak perlu minum dikasih tugas seabrek juga cukup.,fear
Halo #SobATRBPNKantahKotaTanjungpinang Kepala Kantor Pertanahan Kota Tanjungpinang mendampingi Wali Kota beserta Sekda Kota Tanjungpinang dalam rangka koordinasi dengan Pemerintah Pusat terkait pemanfaatan lahan di daerah Jakarta Kamis (23/04/2026). https://t.co/Pjc3uYomGb,sadness
@USER Negara ngerasa lulusan pendidikan kebanyakan dan pemerintah gk bisa nyelesain masalah kesempatan kerja yg gk ada,anger
[KLARIFIKASI] Hoaks Isu Pemerintah Ambil Alih Dana Kas Masjid https://t.co/cYp3yxPkOR #CekFakta #KemenagRI #InfoMasjid #LawanHoax #BeritaMasjid #LiterasiDigital #Tabayyun #KementerianAgama #DanaUmat #EdukasiPublik #KabarTerbaru #IndonesiaCerdas #AntiHoax #PengelolaanMasjid https://t.co/vHoEYUn3sd,sadness
@USER @USER Nyusahin rakyat aja luh..? Purbaya juga menekankan pemerintah belum berencana menambah jenis pajak atau menaikkan tarif dalam waktu dekat.,love
 Anggep aja Bambang Pamungkas. Dipanggilnya bang mie ayamnya 1 kaya biasa ya. Sehari-hari bukan dagang mie ayam bukan juga main bola melainkan memasak pemerintah. Sudah siap memasak pemerintah bersama saya? https://t.co/2GxpQhC7uC,sadness
Another day another liat oknum pemerintah yang logikanya ngawur gini,anger
@USER @USER Kritis bukan berarti tidak mendukung pemerintah dan mendukung bukan brrti semua kebijakannya dibenrkan Kalo anda mendukung pemerintah karena sosok idola itu salah kaprah ,anger
@USER @USER Tapi jangan tutup mata juga dengan orang tua murid dan masyarakat yang semakin berat hidup &amp; ekonominya karena pemerintah memangkas anggaran/subsidi sektor strategis yang seharusnya untuk masyarakat luas dan di alihkan ke MBG ini. Niat baik belum tentu membawa hal baik loh.,fear
Hal yang baik biasanya adalah sebaliknya dri omongan pemerintah Kan?,sadness
@USER udahlah ngeributin posisi top bot ditambah writer harus menuhin ekspektasi reader belum lagi harus mendidik. lama lama lebih gede pressure author au daripada pemerintah kalau ngeributin hal ginian. sumpah ga jelas bu orangnya aneh jir ngelem tuh kayaknya pas lagi ngetik,sadness
oomf born hater pemerintah ril. gw gayut parkir lu deh las.,sadness
Apasih anjing pemerintah yang gak bisa kasih lapangan pekerjaan malah prodi nya di hilangkan GOBLOK,anger
Tiap hari ada aja berita dari pemerintah yg bikin mental gw down ajg,fear
MPR Desak Pemerintah Bangun Kesadaran Pentingnya Vaksinasi Anak pada Masyarakat https://t.co/gbUYb9dzNE,sadness
Gw kayaknya harus career switch dah. Soalnya kalo misal gw mau ngelamar posisi import lagi susah. Bkn krn lowongannya tp krn import mulai dipersulit + kurs usd naik terus. Jd perkiraan gw import bakal turun dan ga rame fak pemerintah,sadness
@USER Emng pemerintah anj antusias banyak busnya headwanya lama bftttt,sadness
Cuih banget nyalahin penulis fanfic drpd pemerintah yang lebih bertanggung jawab pada hal literasi rendah itu,sadness
@USER Terkutuklah Pemerintah zalim dengan kaki-tangannya yang mengkhianati konstitusi sumpah jabatan dan akal sehat.,happy
@USER @USER Berharap idemu di dengar dan di..ajak kolab pemerintah,fear
@USER Ganti pemerintah kak,anger
@USER @USER @USER Wong gitu faktanya lebih najis penjilat pemerintah kayak sampean,love
Komisi I DPR meminta pemerintah untuk melakukan evaluasi menyeluruh terkait aspek keamanan dan pola penugasan prajurit di Lebanon. #Polhuk #AdadiKompas https://t.co/8xpYV5PtDW,sadness
Desentralisasi Otonomi Harus Nyata Pemerintah Bukan Malah Memperkuat Sentralisasi. Otonomi tidak cukup diperingati tetapi harus dijalankan dengan kewenangan nyata di daerah. https://t.co/4vr5fL75ca https://t.co/4KZBqDdwPn,fear
Apasii negara ini ya Allah. Emg bener curiga masuk surga jalur didzolimi pemerintah,sadness
5. Pemerintah untuk memastikan implementasi cepat dan tegas UU PPRT termasuk mekanisme pengawasan di ruang domestik.,anger
Tennessee menjadi negara bagian kedua di Amerika Serikat yang melarang Bitcoin ATM setelah pemerintah setempat mengesahkan undang-undang baru yang membuat kepemilikan atau pengoperasian mesin tersebut menjadi tindakan ilegal. https://t.co/LkbSgGFxI4 @USER,sadness
Normies nih kalo ikut campur nyebelin banget masa author fanfik disuruh tanggung jawab sama kemajuan bangsa? Itu tugas pemerintah ya kocak yg mereka aja ga peduli kalo aku mati ngapain aku harus bantu kerja mereka??,fear
@USER padahal inti kuliah kan emang diciptain buat ngebuka ranah wawasan mahasiswanya karena pemerintah nya goblok aja jadinya kuliah dijadiin ajang sekalian nyari prospek kerja mahasiswa nya ga salah yang kuliah ga salah yang salah pemerenta titik,anger
Komisi I DPR meminta pemerintah untuk melakukan evaluasi menyeluruh terkait aspek keamanan dan pola penugasan prajurit di Lebanon. #Polhuk #AdadiKompas https://t.co/IkaTdX7Lp0,sadness
@USER @USER Kalau hidup di Negara dan pemerintah yang Gila gimana Mindos?,fear
Kemenkum Jabar melihat pentingnya keterlibatan aktif Pemerintah Desa. Koordinasi dengan Desa Mekarmaju adalah contoh bagus bagaimana pendaftaran Kekayaan Intelektual bisa dimulai dari tingkat akar rumput. Kemenkum Jabar - Asep Sutandar.,love
@USER sebanyak itu anak yang tidak punya kesempatan mengenyam pendidikan tapi katanya pemerintah wajib mencerdaskan anak bangsa apa mungkin karena biar nggak sekolah nggak papa yang oenting tidak protes dan kritis kalau pinter susah diatur,sadness
Aneh banget manusia menyalahkan fanfic writer karna skor literasi indo yg rendah . Itu tanggungjawab pemerintah bukan writer apalagi writer gratisan,sadness
Video: Pemerintah Siapkan Skema Jika Belanja Pegawai di Daerah Belum 30% https://t.co/UPse8PNwLs,fear
Penulis fanfic tidak punya beban moral untuk mencerdaskan bangsa. Penulis ini nulis buat kesenangan mereka sendiri dibagikan ke fandom mereka. Kalau mau cerdas salahkan pemerintah dong. Buku mahal perpus jam bukanya ngawur kurikulum pendidikan yang ganti2. Ngawuur ngawuur,anger
- hubungan bi dengan pemerintah pusat dan pemerintah daerah - apa itu bank sentral - fungsi bank sentral dan BI - apa bedanya banksentral dan bi,happy
ANEH. Mending jabatan sing gajelas &amp; tunjangan pemerintah e dikurangi. MBG iku lo entek² ii anggaran tp ga mutu blas &amp; nambah beban guru sing gaji e yoo mek sak bijimu wok Jare negoro gede tp pemerintah e diisi wong kyk kontol suwe² ajur negoro iki. Rupiah ii lo tmbh anjlok AJG,anger
Soal dia nolak kerjaan lbh baik yg diomongin sana-sini? Itu kn bumbu2 skandal aja bang. Ibam nih kn lagi dikriminalisasi terus ada fakta muncul dia nolak Meta krn lbh milih kerja dg pemerintah. Ada cerita gitu kamu berharap publik bereaksi kayak mana?,sadness
@USER wkwk emg pemerintah aneh yg prodi murni pendidikan dipersulit untuk apapunnya sedangkan non pendidikan bisa gampang banget tuh nyemplung ke dunia pendidikan,anger
@USER @USER @USER @USER @USER @USER @USER @USER situ yg tdk tertib nalarnya kalo nalarnya tertib dapat gaji ratusan juta dari pemerintah tentu sdh paham dg resiko yg akan dihadapi jika suatu saat ternyata bermasalah dg hukum.,love
Buat teman-teman queers di indo hati-hati dan saling jaga ya takut kalian dikambing hitamkan gara-gara pemerintah yang nggak becus dan kompeten nanti bawa-bawa agama buat eksekusi kalian. Masih inget kan tahun 98 chindo yang jadi kambing hitamnya?,fear
@USER Galau in pemerintah aja kak,sadness
@ pemerintah kalo lu gak ngerti pembicaraan ginian mending sekolah lagi gausah ngurus negara. Kalo cuma punya solusi level cetek atau yg dijawab pas ditanya wartawan level asbun mending dagang cilok aja gausah ngurus negara. Gak kompeten!,anger
@USER Masih ga ngerti kenapa ada orang yg hobinya ngebentuk konflik horizontal gini. Suruhan pemerintah kah? Just wondering,anger
@USER Dari dulu coy pemerintah kalian itu bangsat. Tapi kenape rakyat membiarkan. Yg gwoblog siapa. Semua gwoblog..,anger
SISTEM TIDAK JELAS Pemerintah malah berencana salurkan bansos lewat Kopdes. Saya mengutip berita dari kantor berita antara Peneliti dari CORE Yusuf Rendy Manilet memberikan peringatan terkait rencana pemerintah menggunakan Koperasi Desa (Kopdes) Merah Putih sebagai penyalur https://t.co/BYhYWBhM9Z,sadness
@USER Meuni tutup mata pisan maneh Jelas dina video ge atuh milu mijah. Aing supporter mayar pajak belegug wajar aing protes ka pemerintah fokus we urus jabar nu bener aing geus mayar pajak gunakeun duit aing keur nu hal baleg. Maneh bodo na kacida anying ,love
EH SICMONYET PEMERINTAH INI PENDIDIKAN BAHASA INGGRIS KOK DITUTUP MONYETTT,anger
@USER @USER @USER Kalo rakyat yg membuat nilai rupiah melemah dikarenakan takut nilai hartanya kegerus inflasi Indo dibilang pengkhianat bangsa.. Tapi kalau pemerintah yg membuat nilai rupiah melemah dibilang apa dong? Toh kalo pemerintah becus dan ekonomi negara ini bagus g bakal beli usd,fear
Bantuan pembangunan rumah apung tersebut hasil kolaborasi antara Pemerintah Provinsi Jawa Tengah Pemerintah Kabupaten Demak dan Bank Jateng. ---------- Baca Berita Terpercaya lainnya di https://t.co/gWEjMt5krv,fear
Kapan sih ga kaget sama asbun pemerintah...,anger
Pelindungan Kekayaan Intelektual adalah bentuk investasi jangka panjang. Kemenkum Jabar mendorong pemerintah daerah Kabupaten Bandung untuk terus berkolaborasi demi mengamankan seluruh aset intelektualnya. Kemenkum Jabar - Asep Sutandar.,happy
 ... Pemerintahlah yg sesungguhnya antek asing. Tidak mencintai bangsanya sendiri. Rakyat sibuk cari kerja begitu ada lowongan orang asing didahulukan dengan gaji di atas warga nkri. Warga sendiri diupah umr. Sebenarnya yg menghina bangsanya sendiri adalah pemerintah.,anger
Enak kalo pemerintah mau biayain vaksin HPV biar mencegah penyakitnya. Ini aja ga dibiayain pdhl menurut gue ini crucial.,anger
ini twt isinya bnr bnr gado gado dah alias banyak bgt topiknye. ada anime lah ada 5sos lah ada jg pemerintah taik itu jirlah wokaowkaowk,sadness
Gawat Bantalan Anggaran Semakin Tipis Saldo Anggaran Lebih atau SAL yang tersimpan di Bank Indonesia semakin menipis. Sejak tahun lalu hingga saat ini pemerintah menarik SAL hingga tersisa kurang dari separuhnya sebagian besar digerojokkan pada bank. Apa risiko dari kian https://t.co/XEfEgeDnL7,sadness
Sinergi Kemenkum Jabar dan Pemerintah Desa Mekarmaju membuka jalan bagi pengrajin lokal untuk mendapatkan haknya. Mari kita dorong pertumbuhan ekonomi desa berbasis pelindungan Kekayaan Intelektual. Kemenkum Jabar - Asep Sutandar.,happy
Sebenarnya saya pengen bikin akun perlawanan terhadap pemerintah. Tapi ya saya mikir2. Udah paling enak itu nyerang Jokowi-Gibran-Bahlil aja aman. Jangan nekat nyebut nama Mr P,anger
https://t.co/QyM0nYFRhg JurnalPatroliNews Yogyakarta Pemerintah Kota (Pemkot) Yogyakarta melalui Dinas Pemberdayaan Perempuan Perlindungan Anak dan Pengendalian #PENGADILAN #pemerintah #kota,sadness
Makin hari makin ada aja bahan buat benci sama pemerintah,sadness
semua hal dikerjakan pemerintah kecuali 'bekerja'.,happy
@USER Saya lebih terkejut kalo DPR terkejut karna hampir semua orang parpol di DPR adalah pendukung pemerintah....,love
Peraturan Pemerintah (PP) No. 16 Tahun 2021. Pembahasan yang mengatur tentang Garis Sempadan Bangunan (GSB) dan Jarak Bebas Bangunan.,anger
Betul posisi di market itu penting tapi yg kita harapkan sebagai ritel unyu ini adalah kejelasan regulasi dr pemerintah. Jangan tiap hari ada aja darderdor mbg kopdes udh mah tau sentimen lg negatif investor unyu makin kemari makin emosi,anger
80 tahun Indonesia merdeka apakah belum pernah Pemerintah dalam hal ini menteri @USER mencoba minta dikembalikan ke Indonesia sebagai kekayaan budaya Indonesia?,sadness
Nungguin kuis di IG Pertamina Enduro voucher beli bensin atau LPG Bright gas kan Pertamina udah menang. Tolonglah rakyat jelata yang di dzolimi pemerintah ini.,sadness
@USER konsep gratis aja ga ngerti pemerintah ,anger
@USER Harusnya pemerintah yang pusing bukan kita.. Ini kok tebalik ya,anger
@USER @USER @USER @USER @USER @USER @USER @USER @USER @USER @USER @USER Selama hal-hal sperti ini trs dibiarkan terjadi maka selama itu MBG akan ttp jadi bahan &amp; sumber masalah yg akan trs diteriakkan oleh para pembenci pemerintah. Jangan heran klu MBG yg trs jdi sasaran. PEMERINTAH HRS SADAR &amp; SEGERA BENAHI https://t.co/YufnE9zaf2,love
@USER @USER @USER @USER Betul ekonomi melemah karena kebijakan pemerintah yg kacau dan juga perang usa-iran yg belum selesai orang-orang lebih memilih nabung dari buang duit nonton konser beda cerita kalau lu orkay.,love
Mantan sekretaris Partai Komunis Hohhot Li Jianping telah dieksekusi m*ti oleh Pemerintah Tiongkok pada Desember 2024. Ia terkena kasus korupsi sekitar 3 miliar yuan atau Rp 6 7 triliun. Ini menjadikannya sebagai kasus korupsi individu terbesar di Tiongkok. #korupsi #tiongkok https://t.co/mLbEJKJKvu,sadness
...masyarakat imbau pemerintah tak baperan karena itu hak rakyat...,anger
@USER Sejak jaman kalianlah Amerika bebas disini Demi narik hutang negara pun kalian buat tak bermartabat Sebutan Apa cocoknya buat kalian ini wahai pemerintah?,anger
@USER Lulusan beberapa prodi oversupply. Pemerintah be like https://t.co/wv99rje77S,fear
@USER @USER @USER @USER @USER @USER @USER @USER @USER @USER @USER @USER @USER Repot amat sih menanggulangi masalah dagang makanan apakah Pemerintah sudah tidak punya kedaulatan Demokrasi bagi warga yg berjualan. Yg protes bukan warga setempat tp sebagian kaum intoleran HTI Taliban dari warga yg ga jelas.,love
@USER perasaan di negara negara lain artisnya nggak ada yang jadi pemerintah,fear
@USER Hadeh....Tiap hari ada aja buat ulah. Daripada ngebatasin. Mending pemerintah pada lengser semua aja dah. Pada gak jelas.,anger
@USER @USER @USER @USER @USER @USER Maka saya bilang Plat B itu utk semua kendaraan terdaftar di DKI. Bukan otomatis milik Pemprov. Kode P itu berarti terdaftar di Jakarta Pusat. Instansi pemerintah di Jakarta Pusat itu banyak ada kementerian/lembag maka saya bilang akan dicek dulu. Salahnya di mana?,love
https://t.co/RfIZYvF1tJ Upaya pemerintah dalam memulangkan para WNI ini mendapat apresiasi dari mahasiswa Magister Hubungan #indonesia #pemerintah #wni,sadness
@USER @USER giliran ga dapat kerja yang relevan sesuai jurusan nyalain pemerintah sudah seharusnya sekolah dan kuliah harus searah dan relevan dengan lapangan pekerjaan,anger
Ngomong tinggi-tinggi fafifu wasweswos lu sendiri aja kaga paham fungsi fanfic tuh bukan buat mencerdaskan bangsa bzirrr kenapa author fanfic dibebanin moral begini padahal kalau soal rendahnya literasi anak bangsa salahin aja pemerintah babiii,anger
@USER gatau kenapa sejak perang iran amrik meletus aku udah punya fealing jelek bahwa pemerintah kita kyaknya bakal sulit buat menghandel masalah kali ini. sjak saat itu langsung kutarik semua saham yng ikut ihsg beralih ke deposito biasa. skrng tabungan cman tersisa deposito dan emas,love
 ...Karena itu pemerintah berencana mengendalikan kesenjangan tersebut dengan menutup sejumlah prodi yang tidak relevan... Salah satunya Badri menyebut program ilmu sosial dan kependidikan... ,sadness
@USER @USER Dlu aku mikirnya gini tau2 bengkak lembaga pemerintah (mbg dan kopdes slh stu perpanjangan pembengkakan lmbga pmrintah) imbas slh stunya efisiensi dmna2 dan bnyk gaji g dibyrkan,love
Buku ini menganalisis upaya pemerintah Orde Baru beserta agen-agen kebudayaannya dalam memanfaatkan produk-produk budaya untuk melegitimasi pembantaian 1965-1966. Sinopsis lengkap: https://t.co/wNAD8CnEJH https://t.co/vaNUw5KisH,sadness
Menjelang Idul Fitri dan dalam bulan baik ini bulan Ramadhan. Saya mengumpulkan tim relawan untuk bersilaturahmi mendengarkan masukan-masukkan dari mereka karena mereka juga warga Jakarta Utara yang tau masalah di lingkungannya. Semoga kebersamaan... https://t.co/WfIa4k7l0p,sadness
@USER wkwkwkwk yaa gimana pacarku ternyata nama aslinya sunwoo ramadhan baru tauu eh . . ( ̯́ ₃ ̯̀),love
waktu puasa aku beneran cuman puasa teraweh ke masjid baca alquran sampai selesai (pertama kali selesai 30 juz bln ramadhan) terus aku berdoa supaya bisa kerja habis lebaran dan pas mendekati lebaran aku mulai lamar lamar kerja lagi,sadness
@USER KENAPA RAMADHAN ,love
@USER inisial nya S belakangnya ramadhan ajaa . . (≖⩊≖) muehehehehe ! !,happy
@USER jangan lupa muzakki ramadhan juga.,love
Toutes les du'as qu'j'ai faites pendant Ramadhan j'ai l'impression qu'elles sont allées nulle part alors que j'sais qu'c'est faux. L'épreuve de patience que j'vis tous les jours c'est atroce...,sadness
ty indosat meskipun paketmu mahal tp dapet google drive 200gb sama gemini+ tiap beli merasa tidak rugi dan semoga collabonation ada lagi di ramadhan tahun depan‍↔️,happy
???????kok ikutan naik???? lebih parah di gueh ada yg jualan esteh 15k karna bulan ramadhan,fear
@USER OH LMFAO she has me blocked long ago bc she thinks me saying im trying not to read any lgbt and remotely spicy books during ramadhan constitute to me being homophobic and a tool of misogynists ,anger
paket kuota im3 indosat satspam ramadhan frēedom harian mingguan 5g khusus kota yang udah support jaringan 5g ooredoo ya #zonauang malming,sadness
Itu masjid 1 bisa ga sih klo adzan jgn telat sendiri gue pengen dengerin lagu jir lucunya klo ramadhan ga pernah telat... Telatnya tu bener2 yg lain udh kelar dia baru sampe syahadat jir,anger
klo diinget2 aku udh lama gak nonton hockey terakhir keknya pas ramadhan kemarin,sadness
marhaban ya ramadhan om,sadness
Jadi keinget salah satu show di event Ramadhan 2021 kalo ga salah The Quiz. Pokoknya yang Freya marahin Zee sambil teriakin yang ini Azizi Asadel yang ini ,happy
@USER @USER Kok nggak ada ramadhan,love
@USER setelah ohyul ramadhan terbitlah lou ramadhan,love
haiii kaaka² team love selamat dan semangat untuk sonichi hari ini selamat juga untuk oshi ku satu satunya nya @USER Uda dari event ramadhan gasabar liat sonichi kalian yang baca pose team love nya dong hehehe #ItadakiLoveJKT48 https://t.co/EhnsHalQRs,love
Exol bener ye luuu ini jadi vibes ramadhan ya,love
Marhaban ya Ramadhan bulan penuh ampunan telah tiba. Semoga kita semua mendapatkan keberkahan dan ampunan dari Allah SWT Selamat Menunaikan Ibadah Puasa 1447 H. @USER @USERetRI #KemendesPDT #BpsdmKemendesaPDT #BangunDesaBangunIndonesia #TPPKemendesaDamping,love
@USER @USER Velevt junioar kak? Kmrin abis ramadhan aku co itu buat kado.,love
Aku pun nganggep haid sebagai waktu istirahatnya dibanyakin. Tidur bisa lanjut meski udah masuk waktu sholat bikin kue pas ramadhan kalo lagi haid,sadness
@USER Ada novelnya Ramadhan KH,love
Alhamdulillah Telah menyelesaikan Khataman membaca 30 Juz Al-Qur an di bulan ramadhan Semoga bisa terus dijaga dan diamalkan #Khataman #Quran #Alhamdulillah https://t.co/oZLnp6CJHN,happy
Eh udah lama gak nongol disini. Btw aku udah ada pekerjaan walaupun kontrak 3 bulan aja. Waktu Ramadhan kemarin dianya buat minta kerja dikabulin.,fear
Marhaban ya Ramadhan bulan penuh ampunan telah tiba. Semoga kita semua mendapatkan keberkahan dan ampunan dari Allah SWT Selamat Menunaikan Ibadah Puasa 1447 H. @USER @USER #KemendesPDT #BpsdmKemendesaPDT #BangunDesaBangunIndonesia #TPPKemendesaDampingiDesa,love
@USER ga peduli sih soal hartanya mau dia baik kek ganteng kek sikapnya dll.. kalau sholat masi bolong puasa ramadhan masi bolong aku langsung ilfil dan pergi,anger
@USER @USER @USER Not only ramadhan every single day a man is excused for providing the bare minimum but let a woman not cook food for two days and hell will break loose.,love
REALLL?? smp aku state biasa beli 76 kok abis ramadhan jadi 95 gilaaaa yg waras deh wni https://t.co/AOKFT0uoQD,sadness
𝐋 𝐞𝐱𝐢𝐠𝐞𝐧𝐜𝐞 𝐝 𝐮𝐧 𝐥𝐞𝐚𝐝𝐞𝐫𝐬𝐡𝐢𝐩 𝐞𝐱𝐞𝐦𝐩𝐥𝐚𝐢𝐫𝐞 De leur côté les prédicateurs Sheikh Ramadhan Ndikumana et Hilgien Ngendakumana ont centré leurs enseignements sur les fondements d un leadership responsable. Ils ont insisté sur le fait qu un dirigeant doit https://t.co/wv3gOfo1Tw,sadness
@USER Nolongin bocah yg tenggelam jujur gue pun gak bisa renang. Karena gue pikir aman yaudah coba buat tolong. Ini posisi nya lagi pada mandi di sungai buat nyambut bulan ramadhan kalo kalian orang padang pasti tau namanya apa.,anger
@USER Evil triple t be like: come and break your fast early in ramadhan,happy
@USER Iyakan hawa hawa ramadhan samalebarannya dapet bgt,love
@USER Kalo garuda ternyata ada di appnya kak atau dapet emailnya. Kalau saudia waktu itu liat konten dimas ramadhan di ig ka,fear
Marhaban ya Ramadhan bulan penuh ampunan telah tiba. Semoga kita semua men. keberkahan dan ampunan dari Allah SWT Selamat Menunaikan Ibadah Puasa 1447 H @USER @USERetRI #KemendesPDT #BpsdmKemendesaPDT #BangunDesaBangunIndonesia #TPPKemendesaDampingiDesa,love
Prajuritnya udah banyak yg meninggal di libanon ~ masih kah berdiam diri? Berdiam diri tuh pas ramadhan akhir di masjid. Mengecam yang salah aja masih takutan di mana letak akan disegani mau menunggu berapa banyak lagi?,sadness
ada yg tau au edisi ramadhan yg awalnya isinya cuman anak anak eos sama pandavva gaa? terus di season 2 nya masuk anak dexter yg pas baru join dikasi masakan serba ijo pls pla pka itu aunya siapaa ilaang kocaak aunya,sadness
Satgas ketahanan pangan Polda Jatim Kapolres Gresik AKBP. Ramadhan Nasution S.I.K. M.H. https://t.co/o44d19mFB9. memerintahkan *(Kapolsek Duduksampeyan AKP BAKRI S.H)* beserta anggotanya untuk melaksanakan pengecekan pemeliharaan tanaman padi di Ds. Sumengko Kec. Duduksampeyan,sadness
3 Paket Ramadhan untuk janda wali yatim #salimah #salimahpati https://t.co/SI7gr4lyca,sadness
H. Priyantna Abdurrasyid - Dari Cilampeni Ke New York. Mengikuti Hati Nurani Oleh: Ramadhan K. H. Tahun 2001. 312 Halaman Harga 60.000. Minat? https://t.co/DzGJOmhp0z,sadness
H. Priyantna Abdurrasyid - Dari Cilampeni Ke New York. Mengikuti Hati Nurani Oleh: Ramadhan K. H. Tahun 2001. 312 Halaman Harga 60.000. Minat? Cara Order silakan DM or Klik link WA https://t.co/tw77mxCDLN https://t.co/OemVVb0FoU,sadness
@USER Udah kelar ramadhan emang harusnya muncul agensi semut,love
Hafal tanggal Masehi tapi lupa tanggal Hijriyah? Padahal hari Arafah awal Ramadhan dan puasa-puasa sunnah semuanya mengikuti kalender Hijriyah. Yuk order sekarang juga! Informasi 0821-1176-8585 (MPD Store) https://t.co/ndHtXEZNMp,sadness
@USER Di Indonesia udah Zulkaidah di Madrid masih Ramadhan kah?,sadness
@USER @USER @USER Ingat event ramadhan kemarin ,love
@USER TIBA TIBA RAMADHAN,love
@USER MARHABAN YA RAMADHAN,love
@USER gw ga pernah lupa besty ramadhan gw,love
Gowes santuy kek di pantuy. . . . Akhirnya setelah sekian abad pasca puasa ramadhan. https://t.co/xihFQdq0sO,sadness
@USER karang ramadhan,love
Gua heran marapthon dihujat habis habisan padahal arap bukan 02 voters. Tp desta tiap ramadhan bikin acara dan youtubenya rame terus malah kaga pernah dibahas. Klo lo bilang YB wife abuser emang iya. But pendukung pelanggar HAM lebih parah sih harusnya,happy
Kuliah Shubuh after praying shubuh in Ramadhan 1447 https://t.co/mHoefZf4RV,sadness
@USER Kelebihannya bapakku meninggal di 10 hr trakhir bulan Ramadhan. Itu yg orang² bilang ke aku untuk menguatkan aku supaya bisa ikhlas melepas beliau. Sayangnya trakhir kami bertemu dlm komunikasi yg buruk. Semoga Allah mengampuniku dan mengampuni beliau. Aamiin,sadness
@USER Wkwkw kekny es buah ini ada banyak klo pas ramadhan ini aku berencana ke bingxue aja soalnya ada varian es buah nya ,happy
@USER @USER Kalau mekkah crowded orang saudi harus ngambil izin umrah lewat nusuk. Contoh nya kayak ramadhan. Biasa orang sini hanya boleh umrah sekali di bulan ramadhan. Agar bisa memberi kesempatan bagi diluar saudi untuk umrah.,love
@USER Food price jumped nearly 20% since 2022...?? All the country feels it . You don't even know how Indo feel when the price spike 100℅ everytime we have Ramadhan fasting month. Are we struggling? Yes it's inflation about. But it's how the govt handle to keep it under control.,love
Sebenernya dulu beberapa kali ganti di 2021 tapi akhirnya aku balik ke ava ini lagi kyungsiti tetap di hati Sehunita si paling ramadhan era tiap ramadhan ganti ini sampe 2022 klo ga salah https://t.co/F4Dlf48VQC,sadness
Jangankan guru honorer waktu lebaran guru dan tendik PPPK paruh waktu daerah gue pada ketar-ketir lebaran pakek uang apa soalnya belum digaji dari bulan Januari. Gajinya turun pun kayaknya pas minggu terakhir bulan ramadhan.,sadness
@USER Harga beras dan telur terasa naik semenjak mbg beroperasi. Bulan Ramadhan tidak naik dianggap pemerintah berhasil tekan harga pangan pdhl udah naik jauh hari sebelumnya. Minyak goreng naik alasan kemasan plastik naik. BBM naik alasan selat Hormuz pdhl krn gagal diplomasi.,anger
@USER @USER Sama apalagi kalo pas ramadhan walau kudu ganti tapi ya ngegantinya bisa nyicil,love
omg une de mes fav meilleure trouvaille de ramadhan,sadness
@USER Maaf oot LONG TIME NO SEE KAKK OMOO tahun ini ga ada postingan menu saat ramadhan yang lucu itu yaa Sehat selalu yaa kakkk ,happy
selama bbrp taun setelah pandemi kenaikan barang emang gila-gilaan bgt sih ga cuma pas ramadhan doang. tiap taun makin naik kalo inget harga sesuatu pas taun 2023 aja bikin nangis krn sejauh itu bedanya pdhl kek baru kmrn??,happy
- padahal Ramadhan taun depan msh lama. ak dah jalani metode bulan syaban buat bayar qadha dan ga kusuka (sll merasa umurku ga sampe). Lebih suka bayar d bulan syawal krn vibes puasanya masih kerasa juga,sadness
Setuju gua beli kipas angin pas kemaren puasa issue dapet ojol susah karna mereka dibayar murah dan gua pake instant niat gua emg mau ngasih tip tp dia minta parkir yauda sekalian aja. Iseng lah gue nanya seller. Lg bulan ramadhan aja masih ngeboong tu gila jg kt w https://t.co/zfRualA7F0,sadness
Dans sa prédication Sheikh Ramadhan NDIKUMANA est revenu sur le thème du jour tiré de la Bible. Il a insisté sur les caractéristiques d un bon dirigeant : avoir une vision claire servir d exemple à ses subalternes respecter la loi et promouvoir l intégrité. #Burundi https://t.co/5xkFlmMPrQ,sadness
klo kulkas kost ada ini tandanya lago ramadhan akwosmidke,sadness
jumat yg sangat-sangat berat. jam tidur pasca ramadhan masih belum balik normal jatuhnya insomnia lagi. tidur sejam kebangun deg-degan udah gabisa tidur. plus tbtb diare &amp; bolak balik KM. badan dehidrasi di kerjaan dibilang pucet. semaleman gak tidur. baru siuman jam 01.30.,sadness
@USER @USER unfortunately at like ramadhan bazaars here they premake them in the dat then just sell them at night but my friend's husband's stall makes them fresh and i just start buying from him instead now,love
@USER der aku gak bisa jawab semua karena semua (ini bener bener semua apalagi kalau kamu nonton yt escape ramadhan tahun ini) terjawab ust Felix Siauw n Koy dan biasanya ditanyain sama (a girlie aku lupa namanya) yang nonis bisa kamu pahamin karena bahasanya Gen Z banget ,love
INI BNERAN GAINGET CUG gue ingetnya nama dia tuh islami gitu kan ya. gue coba inget² tp yg muter di kepala nama-namanya cuma rijal... ramadhan.. faisal.. anjing padahal jauh bgt oon apa kayanya he doesn't caught my attention that much ya?? jadi namanya kurang,anger
@USER Banyak kak dulu tuh yg berita hailey dan jb ngehina ramadhan sampe masuk berita di tvone itu juga hoax bikinan fans selena.,sadness
@USER HIFKSS IYAA KAN mauk Ramadhan LagiEk,love
oomf told me keeho knows about fasting and ramadhan keeho muslim era. ive been calling it https://t.co/fAe7tQWFEu,sadness
GRAND GREY takes the Champions Sprint Cup! The Domestic G1 @USER goes to Jaber Ramadhan and @USER! Grand Grey (Havana Grey) was a #GoffsNovember purchase by Mirage Partnership consigned by Tullogher House Stud. #Goffsgrad https://t.co/J6Rb9SKNdD,sadness
Grand Grey in spectacular fashion! The 5yo grey son of Havana Grey strikes in the Class 1 Domestic Grade 1 Champions Sprint Cup for Al Afoo Racing Jaber Ramadhan and Alberto Sanna! https://t.co/iXJmRzZPRS,sadness
Mulai masuk bulan februari itu rata rata buah memang sulit jadi harganya biasanya akan mulai naik apalagi tahun ini bulan februari juga memasuki moment ramadhan kemarin buah impor dan lokal semunaya rebutan dengan mbg di lahan yang berani harga tinggi itu yang dapat,sadness
@USER Untung si boston setan nyh masih ke iket pas bulan ramadhan kemaren #OnlyFriendsDreamOnEP9,happy
Waktu itu pas gue deactive IG sebulan pas ramadhan itu ampuh bgt ngurangin looking up to other people lama-lama gue gamau punya instagram deh tp knp pikiran takut ketinggalan tuh sllu ada kenapaaaa knp gue harus liat kehidupan orang lain di sosmed seh,fear
gimanaa kalo kakek kandung yaa gakebayang happynyaa akuuskrg aki uda mau 40 hari ninggalin aku dia yang qs always Adzan imamin bangunin sahur dan ingetin buka puasa ramadhan dimesjidMasyaAllah,love
Sudah kangen ramadhan lagi,sadness
mau cerita dikit aku pernah kaya gini ovt aku bisa ga ya orang² udah pada sibuk kerja sedangkan aku masih rebahan bisa ga ya sukses tapi ga kuliah setiap hr bertanya² kapan kerja sampe hopeless. tapi aku selalu berdoa di bulan suci ramadhan kmren.,sadness
 Salam persaudaraan! Selamat atas terpilihnya saudara Muhammad Syahrul Ramadhan sebagai Ketua Umum TBM Cutaneus FK UNG Periode 2026/2027 . Dengan persaudaraan Demi kemanusiaan Jayalah PTBMMKI https://t.co/4mQUzqu2X1,sadness
@USER Kalo kemunculan Dajjal itu sebagai tanda proses dimulainya dunia menuju hari akhir maka itu adalah pintu tobat sudah tertutup ibarat bedug subuh disaat bulan ramadhan dimana makan minum membatalkan puasa. Maka bertobatlah sebelum tanda akhir jaman itu datang.,happy
@USER Yess! Ehm mungkin kurang umum di Pulau Jawa betul. Aku juga baru tahu ada pempek ini waktu family gathering pas ramadhan kemarin. Bentuknya mirip banget kayak pastel. ,fear
Pelatihan Pra-Bakti Sosial 1 Pemateri: dr. Ramadhan Maulana Hikmat M.Kes NIA. TBM-Cs/R/XV/08 Rabu 8 April 2026 16.00 WITA - Selesai RKB 3 Lt. 4 FKIK ULM Banjarmasin TBM-Cs Only. https://t.co/JWQOlrBd65,sadness
 M https://t.co/xBecd3PTw1 pantas ni jeans viral amat di toktok sampe masuk top 1 jeans pas akhir ramadhan kemarin. TERNYATA EMANG SECAKEP ITU ada les garisnya yg bikin unik warna retronya jg ga norak + gampang mix match cardi https://t.co/fScJYCICpy https://t.co/HTIUjqYpJU,sadness
yang penting Mbah yaaaai yooo ngaji Al-Qur'an semalam suntuk sembahyang sholat 5 waktu di usahakan walaupun malas ga puasa Ramadhan.. yooo posooo Qodo' bersama itu budaya orang jawa,fear
ESRAR under Alberto Sanna adds another win for Al Afoo Racing in the Rehc Prestige Cup! Al Afoo Racing &amp; Jaber Ramadhan with an impressive form this season! https://t.co/W92iXy0911,sadness
@USER bolak-balik rs selama 2 bln dan wafat di bulan ramadhan. mama pulang dr rs maghrib aku ngeliat mama aku kurus bgt tangannya lebam2 ungu bekas disuntik gabisa berdiri bahkan duduk aja gabisa. nada bicaranya pun udh kyk anak kecil..,fear
Tahun 2027 aku papa mama dam keluargaku pergi umroh full selama bulan Ramadhan aamiin.,sadness
#jumuahmubarak #IniMuslim #CALEM institute Prières collectives pour Ramadhan 2026 - 1447 Dr. &amp; Imame @USER English subtitles available online All vidéos youtube. com/@USER https://t.co/E93gpalZUa https://t.co/Pz8Kv5oB0e,sadness
#jumuahmubarak #IniMuslim #CALEM institute Prières collectives pour Ramadhan 2026 - 1447 Dr. &amp; Imame @USER English subtitles available online All vidéos youtube. com/@USER https://t.co/E93gpalZUa,sadness
@USER @USER Dibulan RAMADHAN,love
@USER mingyu ustadz memorable karna pas puasa hikd jd kangen bln ramadhan,love
@USER jadi kangen:(((( mau ramadhan lagi :((((((,love
@USER penting amat sebelum ramadhan kayaknya gen,love
@USER Kangen edisi ramadhan ndos :(,love
@USER Puasa ramadhan wajib diganti di hari lain baca quran &amp; berdzikir boleh kok sambil lihat hp. yg namanya darah itu najis/kotor pun di dunia medis darah itu media kotor. wanita haid harus dlm keadaan sehat nutrisi hrs terpenuhi jd hrs makan yg baik sesayang itu Allah pd hambaNYA,fear
@USER Kapan lagi syukur2 ramadhan tahun depan masi dpt,love
ni anime nambah mulu sementara gw blm lanjut nonton lg sejak ramadhan bjir,sadness
@USER Di kalimantan ramadhan udah 90,love
@USER Nlikua nimefunga Ramadhan hadn't eaten anything aside from a glass of water for 2 days. By the third day mambo ilikuwa imechemka ,happy
@USER Striker musim depan cukup Paraiba + Dasilva + Ramadhan Sananta . Wes,love
@USER @USER Anggur biasanya kalo murah di harga 65 mentok 80k sejak bulan Ramadhan sampe sekarang masih di harga 98k-100 lebih hiksss,fear
@USER Reminder: 160 school children at school your Country killed in Iran during the Holy month of Ramadhan,happy
GUA KIRAIN WILLEST EDISI RAMADHAAN ITU LAMPIONNYA RAMADHAN BGT,love
Tau ga apa yang paling sakit.. Orang yg selalu ada di doa 10 terakhir ramadhan.. Orang yg selalu ada di doa sepertiga malam.. Justru orang yang paling nyakitin kita....,anger
@USER ramadhan?,love
@USER Iran ask for 2 thing -Close US airbase and Embassy -Close airspace for military used by USA and Israel. But your goverment do not listen when Iran retaliate you act like the victim. Where were you when 200 Iranian children die on the hands of USA and Israel during Ramadhan?,love
Berbagi keberkahan di bulan suci Nikmati Paket Rice Bowl Ramadhan cuma 10K! JL. Raya Kebonsari No.8 Surabaya 081 231 6666 05 #RamadhanBerkah #PaketRamadhan #RiceBowlMurah https://t.co/h4vYEYZlqW,sadness
Jujur aku nek puasa diluar puasa ramadhan niat ku selalu wakehhhh seng niat karna Allah pengen sehat pengen irit pengen diet apapun iku tak sebut pas lagi niat,sadness
Melokal sekali Sunwoo Ramadhan ,sadness
@USER Ada tuh dulu Dey cedera parah dibagian lutut dia bertahan hampir 2 tahunan tapi g ikut perform teater yg setlist cuman ikut yg event ramadhan sama acara goplay,love
@USER @USER Allen Valindra Ramadhan,love
@USER Kok susah yahh. Perasaan waktu ramadhan kemarin easyy,love
@USER Iyaa lagi mana season nya banyak bahkan ada season Ramadhan ,fear
@USER @USER Ne mu Ramadhan Aisha yali atutta,love
@USER Poin 5 Betul Betul banget Bumi bisa ditanami jagung padi juga aspal dengan Jutaan knalpotnya. Menutup ugal-ugalan industri rokok macam preman berjubah bawa pentungan dipasar pas ramadhan _PASTI AKAN MENIMBULKAN GUNCANGAN UGAL-UGALAN PULA- * Perokok (saya) memang ndablek.,love
Menikah punya anak membangun keluarga kecil sederhana yang hangat dan penuh cinta dan merasakan ramadhan dua kali dalam satu tahun dalam keadaan udah jadi ibu AAMIIN YAA RABBAL 'ALAMIN,love
@USER @USER pepaya sebelum ramadhan 10k pas ramadhan naik 15k kemarin beli di pasar 17k aarghhhh momarah,love
Sudah Jumat menjelang akhir bulan tapi tetap aja kayaknya bulan ini berjalan lambat dibandingkan ramadhan lalu,sadness
Perang efik fury di bln ramadhanmembawa berkah persatuan islam bukan syiah Semoga muslimin semua kembalinpd ajaran islam yg benar yg dibawa oleh nabi Muhammad ﷺ آمين يارب العالمين,sadness
@USER skrg susah bgt kemarin pas ramadhan perasaan gampang,love
بسم الله الرحمن الرحيم Remember that Ramadhan is not a scorecard and you're not racing with anyone on anything. The only thing you need to care about is how to get yourself closer to Allah QS. Al-Baqarah ayat 165 وَمِنَ النَّاسِ مَنْ يَّتَّخِذُ ... https://t.co/9dusX7IVux,sadness
Memasuki penghujung bulan suci Ramadhan Bupati Langkat H. Syah Afandin SH memberikan santunan kepada 65 santri Pondok Pesantren Ulumul Quran dalam sebuah kegiatan yang berlangsung di Rumah Dinas Bupati Langkat Jumat (13/3/2026). https://t.co/4LTJ2T6Uui,sadness
Bupati Langkat H. Syah Afandin SH yang diwakili Wakil Bupati Langkat Tiorita Br Surbakti SH menghadiri kegiatan Ramadhan Berbagi bersama anak yatim dan kaum dhuafa yang digelar di Masjid Nurul Ihsan Desa Baru Pasar VIII Kecamatan Hinai Jumat (13/3/2026). https://t.co/OgNdHW2rZ9,sadness
pengen nikmatin lagi baca AU kaya dulu:(( jaman sma gapernah absen baca AU apalagi universenya papadan zidane khail Justin NAUFAL RAMADHAN ㅠㅠ huhu aku sampe beli novel papadan Ama si jidann jidann ituㅠ skrg bac AU blm ada yg cocok di hati,happy
(program) mereka jadi kiblat artis tv yg udh masuk ke yutub. podkes2an udh ga rame soalnya kebukti pas ramadhan kemaren.,sadness
@USER Ramadhan is the equivalent of Easter or Christmas not St Georges day you complete idiot. Supermarkets have christmas from October to December. Seriously you utter ignorant cretins are so jarring,love
Hiks naufal ramadhan pal bangun pal solat isya dulu gue blom beres baca housemate 2 lgi ,sadness
Aku baru pindah kost ke sewaan bedakan gitu tetangganya pasutri baru. Baru nikah 2/3 bulan yg lalu intinya sebelum ramadhan tergolong muda bgt kan? Tp aku seneng tetanggaan sm mereka walau aku belum tegur sapa atau kasih makanan say hai krn masih bingung bgasih apa ,happy
@USER Halo kak saya sebagai korban mau ngasih tau kalau sebenarnya bukti chat itu udah ada dari sebelum ramadhan dan gw baru berani reveal sekarang dan juga waktu itu saya pikir ah yaudahlah ternyata saya ga nyangka dampaknya dan pas saya speak up itu ternyata udah ada korban lain ka,fear
Mens hari pertama setelah ramadhan skip mens alias ga mens 2 bulan pdhal tadinya besok mau ke dokter ,sadness
kirain live Ramadhan Sale shopee anjir maafff gen,sadness
Aku ingin kembali kan waktu ke bulan ramadhan,sadness
@USER @USER @USER bro doesnt know that for us we are still in Ramadhan,love
YAALLAH BENERAN 2/5 HAJATKU HASIL 1/3 MALAM HAMPIR SEBULAN PENUH SELAMA RAMADHAN DALAM WAKTU KURANG DR 2BLN TERKABUL MAKASIH YAALLAHH,love
@USER Sebo Wansubiza mu Ramadhan ,love
These small simple moments are honestly what made the night so memorable. To all people who attend your presence truly made the night feel complete. May the month of Ramadhan continue to bring us closer strengthen our bonds and fill our hearts with peace.,love
The Mufti of Uganda Sheikh Shaban Ramadhan Mubaje has cautioned Muslim leaders in West Nile against registering mosques for personal gain including using them to own SACCOs #NTVNews https://t.co/L0mTqqnfkc,sadness
@USER A He spent the end of Ramadhan celebrating and hosting the Muslim Nigerian president and his family in his palace meanwhile Christians in Nigeria were slaughtered. It was the week before Easter !!!,love
@USER Should've done research Ramadhan nights at Makadara grounds are good though,love
Weekend Vlog : Nyubuh Di Bandara Lalu Makan Mie Dan Nyore Ke Pantai Sebelum Ramadhan. https://t.co/6gvwKvLpWo https://t.co/6cALhLZs1F,sadness
These small simple moments are honestly what made the night so memorable. To all people who attend your presence truly made the night feel complete. May the month of Ramadhan continue to bring us closer strengthen our bonds and fill our hearts with peace.,love
@USER abis sunat gapernah bolong sholat sm puasa ramadhan bare minimum sih tp ga pada jaga,love
@USER gantiin yang bocor ramadhan kmrin,love
i think ive been talking abt it since bfr ramadhan but uh ,sadness
@USER pas bulan ramadhan sering banget nonton marapthon karena jujur aja kayak lagi di temenin apalagi pas ga bisa tidur,love
Alhamdulillah selesai utang puasa ramadhan Sudah siap ketemu bulan ramadhan lagi https://t.co/xMXRMvUNca,happy
paling iri emang cuman sama ortu sendiri yang tiap taun bisa umroh sebulan full di bulan ramadhan dan kurban sapi 1 ekor utuh.. huhu i wish mau banget ya Allah : )),happy
Bulan ramadhan kemarin nggak ada tu laper mata beli takjil giliran hari biasa kek gini pengen banget beli cilok dkk buat buka,sadness
MBG Bubar saya jg nazar 1 bulan penuh kek puasa Ramadhan (selama ga mens ya) GASSS NGENG,anger
The Mufti of Uganda Sheikh Shaban Ramadhan Mubaje is in Moyo District to officially open the Halaal Farmers Centre in Moyo Town Council. @USER #NBSLiveAt1 #NBSUpdates https://t.co/bXhD0jy505,sadness
@USER @USER 151cm before ramadhan my weight 52kg now 49.90kg. fasting non skip 2 weeks after eid. help lose water and fat in body,love
again from kukiko cookies. kemaren beli ramadhan edition buat adek sekalian buat aku sendiri dan dpt free doodle hihihi https://t.co/naWrYwPD9s,sadness
5/6 puasa qadha ramadhan https://t.co/Jv7xYDXt53,sadness
Kalo di flashback lagi ramadhan kemaren tuh berkah banget sih,sadness
kata gw ini lagu vibesnya bulan ramadhan bgt,sadness
dan Ketua PD HIMA PERSIS Tanjungpinang-Bintan Muhammad Zhein Noor Ramadhan yang hadir didampingi oleh jajaran pengurusnya menyampaikan apresiasi atas keterbukaan Kejaksaan Negeri Bintan. Pihak Aliansi Cipayung Plus menyampaikan aspirasi terkait peran aktif mahasiswa dalam,love
@USER @USER yang islam tadi itu ukm dd mungkin dia butuh data kalau mau bikin kegiatan tau gitu siapa aja yang bakal di ajak (gak bakal sesering itu kok dd kegiatannya) bener kata teman kamu bisa jadi pas bulan ramadhan aja,love
Yuk meskipun Ramadhan sudah berlalu kita perkuat interaksi dengan Al-Qur an dengan membacanya mentadabburinya beriman kepadanya dan beramal sesuai dengannya semampu kita.,sadness
Berkah Ramadhan! &lt;3,sadness
And Naufal Ramadhan,sadness
doa pas ramadhan biar internet yang mati malah lampu yang mati,sadness
@USER @USER TICKETINGNYA PAS RAMADHAN KAK SOALNYA AWOKWWKWKWK,love
SELAMAT ATAS KENAIKAN PANGKAT SOLIDAR17AS NUSANTARA Yohanes Lako Azi - Marianus Baltasar Buu - Chergio G. Paulo Jeramu - Hilarius Yomailinus - Yohanes Don Bosco Ruba Nale Freddy Lani - Eduardus Ricardo Rato - Arifin Ramadhan Koli Randy Rizaldi Uly https://t.co/os9M4irMWC,sadness
@USER la cuisine française est copié collé de la cuisine Algerienne le croissant en est un bon exemple ce pain confectionné durant le ramadhan que les français ont appelé croissant au lendemain de la prise d'Alger.pour connaitre leur vrai cuisine regardez le film asterix,love
@USER @USER Tahjod and fasting not only in Ramadhan these two we can do at any time one moslim man said IAM fasting Monday and Thursday plus 3days every month when Ramadhan will come I feel fasting in Ramadhan very easy even IAM at work why because these work IAM doing make to me easy,love
Tahniah Ramadhan Saifullah mendapat undian tertinggi (48%) untuk MFL Top Goals LS22 Liga Super 2025-26! https://t.co/tmqcDMtF8I #MFLTopGoals #LigaSuper2025-26 #DemiLigaKita #LigaMalaysia,happy
@USER @USER itu keknya yg pas promo ramadhan gua tanya grok cuman berlaku sampe 31 maret,love
!Upi Yuk isi survey kilat berhadiah mengenai Food Waste di Bandung! cuma 2 menit dan bisa dapetin saldo GRATIS. Kriteria responden: Gen Z Kota Bandung yang pernah memesan delivery makanan online selama bulan Ramadhan kemarin! https://t.co/KbcHIsBJdv,sadness
Campus! Yuk isi survey kilat berhadiah mengenai Food Waste di Bandung! cuma 2 menit dan bisa dapetin saldo GRATIS. Kriteria responden: Gen Z Kota Bandung yang pernah memesan delivery makanan online selama bulan Ramadhan kemarin! https://t.co/M6voSXOhuk,sadness
Yap! Yuk isi survey kilat berhadiah mengenai Food Waste di Bandung! cuma 2 menit dan bisa dapetin saldo GRATIS. Kriteria responden: Gen Z Kota Bandung yang pernah memesan delivery makanan online selama bulan Ramadhan kemarin! https://t.co/pMvrLUoFZ6,sadness
@USER ketika bulan Ramadhan yang katanya setan-setan diikat itu ternyata sedang ngomongin si pribadi manusia sendiri ya....,love
@USER @USER katanya itu pas ramadhan doang ya ?,love
@USER sebelum ramadhan,love
Satgas ketahanan pangan Polda Jatim Kapolres Gresik AKBP. Ramadhan Nasution S.I.K. M.H. https://t.co/o44d19mFB9. memerintahkan Kapolsek Benjeng AKP HENDRAWAN . beserta anggotanya untuk melaksanakan pengecekan tanaman sawi di Ds. Bulurejo Kec. Benjeng Kab. Gresik untuk mendukung,happy
@USER Agenda ramadhan kah,love
Genuinely not trying to make smoking as my whole personality tapi mau rokok tapi pun kalau aku bilang gini aku gak merokok terakhir kali aku merokok pas ramadhan itu pun cuman dikit ,sadness
Lagu dia yg femes diari ramadhan rafique je. Over nau la kosmo,sadness
bOYYYYYY RAMADHAN X RAYA SPENDINGS STATEMENT CAME OUT AND THERE GOES 60% OF MY SALARY DAWGGG,anger
@USER udh kaya jokes ramadhan tiap tahun jokes ini bakal keluar lg,love
@USER When Palestinian celebrating ramadhan ive never heard trump ask for ceasefire? If there we all ready saw how many times idf breach the ceasefire. Israel is the curse,happy
高寺薫、Donny Ramadhan、渡邉 怜子、水口賢司による論文がACS Omegaに掲載されました。 https://t.co/FBsRaagMuU,sadness
@USER Ramadhan tiba ramadhan tiba ramadhan tiba tiba-tiba ramadhan tiba-tiba ramadhan ,love
@USER @USER They have a trauma bond with Islam they are attached to it because of the memories of those bubbly nostalgic moments they had on Eid or Ramadhan with their family but at the same time believing the religion suppresses them cause they have an inferiority complex to non Muslims,love
A paper by Kaoru Takadera Donny Ramadhan Reiko Watanabe and Kenji Mizuguchi has been published in ACS Omega. https://t.co/axw5WGnau3,sadness
stop kelas pagi please kelas jam 8 waktu ramadhan udah pas banget itu waktunya,sadness
@USER Waktu Kiky ikutan di acara bukber ramadhan liat dia pake celana pendek keq gimana gitu. Yg biasa aja nambahin kerudung ini malahan buka aurat,love
@USER @USER di projek solo nya Ahmad Dhani ama Andra Ramadhan (Andra pengisi gitar tapi sekalian di Include aja),love
 itu iqbaal ramadhan bukan iqbal paskah ,sadness
Let's do it after fajr with the fam wear your best thobe and give the Friday khutba. Gotta have the walima after Friday prayer in our Masjid with the orphans tullabul ilm &amp; scholars. And finally spend the last 10 days of Ramadhan 1448H. I'll show you around my hometown ,love
@USER @USER What Arab literature then? If you search first Arabic literature every site states the 6th century. Arabs were pagans guess from where? This is why even the word Ramadhan is Hindu it means meditate on Rama. Dhyana in Sanskrit means meditate. Asura is Hindu Vedic.,love
16. Serupa Rumah edisi Ramadhan https://t.co/o7buSAG9IA,sadness
Zidane Hamizan Khail Adnan Naufal Ramadhan ya itu top 3 karakter au Jeongwoo yang paling memorable!!! Kayak.. meskipun udah lama gak ada yang bahas tapi sekalinya muncul tiba-tiba kek gini pasti orang-orang langsung inget kembali sama kisahnya huhuuuu,sadness
@USER King Charles 3 hosted the president of islamist Nigeria and his family in the palace during Ramadhan!!!! While Nigerian Christians were slaughtered!,happy
Read Roadmap Pembelajaran Algoritma dan Pemrograman by Rizal Ristiawan Ramadhan on Medium: https://t.co/nqZ5ZmVRvd,sadness
@USER / Ramadhan 4th pillar of iSLam is a fabrication of Mybrophet almohamad mahmood alhamdan (PBUH) / 1st he invented Ashura (10th Muharram) from Yom Kippur (10th Tishrei) with compulsory fasting / After he reformed Ashura &amp; put Ramadhan fasting as it is known today al allah akpar https://t.co/BkawCilhOJ,sadness
Algojo andalan Romo Primbon Kang Macan asal Pangandaran Menguasai pencak silat lihai Membunuh sambil makan tempe diperani Rama Ramadhan dari stuntman n fighting koreo jadi jagoan antagonis paling kejam dalam film laga #IkatanDarah https://t.co/saYAPHibJs,happy
@USER adha buyung aku jeje roni ramadhan,love
@USER @USER WKWKW JADI GIMANA RASA KOLAK PISANG? apakah rasanya kayak ramadhan? pernah belum nyobain ramadhan?,love
BULAN SUCI RAMADHAN segera berlalu Segenap Pimpinan BPSDM Kemendesa PDT Mengucapkan Selamat Hari Raya Idul Fitri Mohon Maaf Lahir dan Batin. @USER @USER @USER #KementerianDesaPDT #BPSDMKementerianDesaPDT #BerkahSuciRamadhan #IntegritasTPPKemendesa https://t.co/Qvad9ZHtb2,love
lapor makku lah nah pas kejadian itu lagi bulan Ramadhan pulang tarwih makku sung tegur bilang janko bilangi A(inisial nama rumahku) monyet na kalo mubilangi mirip monyet berarti kau juga karna sepupuan ko (cont),sadness
MALU GASIH ANJIRRRRR GUA SIH MALU BGT YAA DIGINIIN MA MANTAN KARYAWAN AZAB BENTAR LAGI DTNG YA CHA GAWON SIAP2 SOALNYA UDH BUKAN RAMADHAN NICCHHH 100 HUNDRED GO BANKRUPT,love
Spent a few hours after work tonight to watch Taka and One OK Rock rocking it up Totally can't miss this because I already missed One OK Rock's concert in March since it was in Ramadhan https://t.co/ommPf0hrBA,sadness
Pas ramadhan aku pengen cumi beli lah di payakumbuah gulai cumi beli jam 4an lah. jd cuminya di plastikin sendiri dan nasi tok sendiri. Tp pas magrib mau di makan eh basi udah asam Kemaren diajakin lg buat cobain payakumbuah ogah krn pengalaman pertama yg basi tsb ,sadness
Doa saat bulan ramadhan emang the best banget,love
sarana untuk mempererat kebersamaan dan meningkatkan soliditas antarpetugas pemasyarakatan. Lapas Curup mengirimkan dua perwakilan yakni Tabri dan Rizki Ramadhan yang tampil cukup meyakinkan sepanjang pertandingan. Keduanya mampu menunjukkan kerja sama yang baik serta,sadness
Udah berapa hari dia nikah? Mau di genepin sebulan kah biar kyk ramadhan?,sadness
Umroh bulan Syawal momen istimewa untuk meningkatkan iman setelah Ramadhan melambangkan peningkatan spiritual serta membersihkan dosa dgn ketenangan ibadah yg lebih privat. Ini waktu terbaik napak tilas prjalanan suci dgn suasana penuh kberkahan Info Pendaftaran 082113430058 https://t.co/Gaif4hp7qL,sadness
@USER aman nderr. ak maren pas ramadhan pernah skali sahur gacoan aman ajaa,love
Sejak ramadhan baru sekali main badminton badan rasanya cepat lelah kalau kurang olahraga mudah2 besok tidak cancel lagi,sadness
@USER Dia nynyi lagu apa je sadiq oii sampai gaji mahal tuu.. lagu Diari ramadhan rafique keee??,love
minum air dr tempat kerja soalnya ak kerja di pabrik air minum. gada tumbler adanya mug buat bikin energen pas sahur ramadhan kemaren krn kebetulan shift malam,happy
Marhaban ya Ramadhan bulan penuh ampunan telah tiba. Semoga kita semua mendapatkan keberkahan dan ampunan dari Allah SWT Selamat Menunaikan Ibadah Puasa 1447 H. @USER @USERetRI #KemendesPDT #BpsdmKemendesaPDT #BangunDesaBangunIndonesia #TPPKemendesaDamping,love
ini sangat memprihatinkan karena kebebasan berpendapat menjadi hak bagi seluruh rakyat Indonesia . Setelah pembukaan kegiatan dilanjutkan dengan pemateri yaitu kanda Muhammad Rafi dengan moderator yaitu Haditya Ramadhan.,sadness
@USER 8. Ramadhan Abdul PEOPLE RENAISSANCE MOVEMENT.. https://t.co/e7DgxnJffG,fear
@USER @USER Pantesan ucapan Ramadhan telat orang2nya gitu,love
ada satu au yang aku baca di 2021 bulan ramadhan aunya itu lucu banget dan berbekas banget di hati aku cuman authornya sepertinya udah deact tiap ramadhan aku cuman inget momen momen di au ituu dan entah kapan bisa balik karena grup yang jadi castnya pun sudah disband,love
@USER Player muda phang tu bru jaa masuk bang. Masak pun blm lagi. Ramadhan? Safawi? AA xyah ckp lah. Nazmi? JDT ad lbh bnyk good local player compare tu klab lain. Pnyrang kucing city Nistelroy dtg dri mana? Haziq nazli? Izham? Kau layan bola selangor je ka?,love
@USER @USER Bener. Manajemen ada jg loh ngepush dia karena dia potensial. Masuk Spv go &amp; fight padahal ada yg dpt ug gak masuk masuk iklan Ramadhan waktu masih trainee padahal ada yg muslim lainnya. Jarang² ada idol bule itu yg bikin beda &amp; jadi pegangan jot tapi fans &amp; wota kurang nerima.,love
#ramadhan #eidmubark #TVKVijay‌ #TVKwithTN #TVKVijay‌HQ @USER @USER @USER @USER @USER Chandran Arts : 9514706681 https://t.co/431JUTzW72,happy
guys temenku udah dari sebelum puasa ramadhan minjem buku Ronggeng Dukuh Paruk... sampe sekarang belum di balikin aku udh ingetin setiap hari buat dibawa ke kantor krn aku mau baca secepatnya. Tapi dia selalu bilang hehe lupa. besok ya. dan selalu ngehindar gitu aja,love
@USER Jelas e melu Muhammadiyah om Ren aq Ramadhan e disik kok nk urusan sng Siji iki aq lom prnah manut pemerintah om ,sadness
Aku kangen nonton tv sambil rebahan aku juga kangen sama suasana sore ramadhan dirumah aku kangen sama iklan Bimoli dan Marjan aku juga kangen berbincang dengan kakek di teras rumah aku juga kangen melihat ibuku masak sambil menggerutu kapan kamu bantuin ibu i Miss all,love
suddenly missing Ramadhan.... masih tahun depan lagi yah.....,happy
Arusha ▪️RC MAKALLA AMPA ZAWADI RAMADHAN CHOBWEDO NYOTA WA TRA UNITED ▪️Aridhishwa na kiwango chake cha kusakata soka akisema Chobwedo ni mali ▪️Amtaka kutoyumbishwa na wanaomsema vibaya Mtandaoni Mkuu wa Mkoa wa Arusha Mhe. CPA Amos Gabriel Makalla Jumanne Aprili 21 https://t.co/BDIbY98VkX,love
gw sm sotel (sobat kentel) gw pas bulan ramadhan kita beli cimol niatnya buat buka. Tapi karena setan dlm diri kita lebih mendominasi tiba tiba tuh bungkus cimol dibuka dan dimakan cimolnya jadinya kita mokel trs abis mam cimol ini kita lanjutin lagi puasanya ,sadness
Update: Mufti Arrives in the West Nile Muslim Region His Eminence Dr. Sheikh Shaban Ramadhan Mubaje the Mufti has arrived in Arua City in the West Nile Muslim Region. The Mufti is accompanied by Hon. Hadji Abbas Muluubya Ssekyanzi the UMSC Secretary General and Ms Fiona https://t.co/HEhB8sES3b,sadness
I think Malaysians should normalise going to a Dr if you have ANY UNSURE SYMPTOMS FOR 1 - 2 WEEKS. Cerita pesakit ni perut membusung dari 2 minggu sebelum Ramadhan and makin besar. Dia dan anak² ingat gemuk air . Datang semula semalam ke kami https://t.co/KKR4sXkQzd,sadness
4/6 puasa qadha ramadhan https://t.co/sUT2fNMTqr,sadness
Komdigi Perluas Kampung Internet Dalam 2025 kemarin kita berhasil membuat 1.282 titik akses (internet) di 22 desa 10 kabupaten 15 kecamatan dan 6 provinsi. ucap Alfreno Kautsar Ramadhan stafsus Komdigi pada Rabu (22/04) #KampungInternet #EkonomiDesa https://t.co/6TRJfvCBlo,sadness
Kalo puasa di ramadhan kan jelas ya gue buka pasti pake lontong gorengan sama es kelapa. Lah kalo puasa diluar ramadhan tu pgn jajannya macem2 soale gk da yg jual lontong sama gorengan kyk ramadhan Ini dari kmrn pgnnya udh random bgt. Roti bakarlah martabaklah ,love
Update: The Mufti of Uganda Sheikh Shaban Ramadhan Mubaje has arrived in Arua ahead of his full-day program. He is set to launch the Halal Farmers Centre in Arua Koboko and Yumbe districts. The initiative in partnership with Matugga Industries and the Logistics Hub aims https://t.co/8KdgUUIg9J,sadness
Mara ya mwisho Chelsea kufunga goli epl Arsenal walikua wana uhakika wa quadruple Liverpool walikua wanawaza double waislamu walikua bado wanafunga Ramadhan Wakatoliki walikua wapo kwenye Kwaresma,sadness
@USER Yg di cikarang baru keluar dr oven udh diborong pas lebaran ramadhan kmrn wkwk,sadness
UPDATE: Mufti of Uganda Sheikh Shaban Ramadhan Mubajje has arrived in Arua ahead of the launch of the Halal Farmers Centre in Arua Koboko and Yumbe districts. The initiative in partnership with Matugga Industries and Logistics Hub aims to boost agricultural production https://t.co/ZFawL0qT1H,sadness
iqbaal ramadhan kah ini???,sadness
Marhaban ya Ramadhan bulan penuh ampunan telah tiba. Semoga kita semua mendapatkan keberkahan dan ampunan dari Allah SWT Selamat Menunaikan Ibadah Puasa 1447 H. @USER @USERetRI #KemendesPDT #BpsdmKemendesaPDT #BangunDesaBangunIndonesia,love
Peneliti Pusat Riset Politik-BRIN @USER yang terdiri dari Rosita Dewi Putri Ariza Kristimanta Sarah Nuraini Siregar dan Mario Surya Ramadhan baru saja memublikasikan artikel terbaru mereka di jurnal Asian Politics and Policy. https://t.co/eiDFqlZCBV,sadness
nonton hrtz.wav showchamp tbtb disambut iklan ramadhan #keren,happy
Dokumentasi Pernikahan Barakat 2026 PonPes Al Ashriyyah Nurul Iman islamic Boarding School yang telah dilaksanakan pada : Jum at 17 April 2026 M / 29 Ramadhan 1447 H Semoga Sakinah dalam ketenangan Mawaddah dalam cinta karunia-Nya Warahmah dalam keberkahan hidupnya https://t.co/9pm3myBi8A,sadness
Ngerjain AQ sumeru berasa syuting info ramadhan,sadness
@USER iya do disitulah indahnya islam pasti ada solusi terkait ibadah terutama ibadah wajib seperti sholat puasa (ramadhan) zakat kadang kita yang terlalu kaku dan membatasi bahwa tata caranya harus sempurna jadi kesulitan sendiri jika dihadapkan kondisi tidak ideal,fear
Mkuu wa Mkoa wa Arusha Mhe. CPA Amos Gabriel Makalla Jumanne Aprili 21 2026 amekutana kuzungumza na kumpatia zawadi ya Viatu na vitu mbalimbali mchezaji Nyota na Winga wa TRA United Ramadhan Salum Chobwedo akimsifu kwa kiwango chake bora na kikubwa alichokionesha katika https://t.co/aaXtjR7cwl,sadness
Pemandangan langit di masjid Nur Salma sambil nunggu buka puasa kemarin Ramadhan https://t.co/qrFGVPttK7,happy
Mkuu wa Mkoa wa Arusha Mhe. Amos Gabriel Makalla Jana Aprili 21 2026 amekutana kuzungumza na kumpatia zawadi ya Viatu na vitu mbalimbali mchezaji wa TRA United Ramadhan Salum Chobwedo akimsifu kwa kiwango chake bora alichokionesha katika Michezo ya ligi kuu Tanzania bara. https://t.co/6ser95yvPl,sadness
Gw gasuka jokes lu mau pondok ramadhan? Padahal gw hidup di negara mayoritas muslim tp yg gituin juga muslim,anger
Marhaban ya Ramadhan bulan penuh ampunan telah tiba. Smg kita semua mendapatkn keberkahan dan ampunan dari Allah SWT Selamat Menunaikan Ibadah Puasa 1447 H @USER @USERetRI #KemendesPDT #BpsdmKemendesaPDT #BangunDesaBangunIndonesia #TPPKemendesaDampingiDesa,love
@USER Itu mah bukan prediksi.. Kalajengking sengaja mau bikin rusuh.. Udh lagu lama.... Pas ramadhan khatam quran berkali sampai di post di medsos abis lebaran balik lagi ke setelan pabrik.. Umbar benci pribadi atas nama rakyat Didu.. Didu... Kemana perginya khataman Quranmu kmren?,love
Ramadhan = peak season agribisnis pangan. ,happy
Ramadhan identik dengan konsumsi tinggi. Ironis? Nggak juga.,sadness
salahnya di w sendiri sie gak riset dan pede aja mikir bisa pake kartu:') krn terakhir pake sistem tiket gini tuh udh lama bgtbgt tahun ini sebelum ramadhan naik msh bisa antri biasa pake kartu lho:'),anger
Marhaban ya Ramadhan bln penuh ampunan telah tiba. Semoga kita semua mendapatkan keberkahan &amp; ampunan dri Allah SWT Selamat Menunaikan Ibadah Puasa 1447 H. @USER @USERetRI #KemendesPDT #BpsdmKemendesaPDT #BangunDesaBangunIndonesia #TPPKemendesaDampingiDesa,love
RC MAKALLA AMPA ZAWADI RAMADHAN CHOBWEDO NYOTA WA TRA UNITED Aridhishwa na kiwango chake cha kusakata soka akisema Chobwedo ni mali Amtaka kutoyumbishwa na wanaomsema vibaya Mtandaoni Mkuu wa Mkoa wa Arusha Mhe. CPA Amos Gabriel Makalla leo Jumanne Aprili 21 2026 https://t.co/PJ8TFhkf5M,love
Selalu kesal kalo ada kegiatan pondok ramadhan yg sampai nginep 2 hari. Jadi korban bully alas tidurku buat keset ga bisa tidur pada berisik semua. Dari sini aku gak suka sekolah di sekolah favorit!!,happy
@USER asliiii di kota aku jga susah banget cari cimolll masa ketemunya pas bulan ramadhan doang celll kayanya udah pada pensiun,fear
Marhaban ya Ramadhan bulan penuh ampunan telah tiba. Semoga kita semua mendapatkan keberkahan dan ampunan dari Allah SWT Selamat Menunaikan Puasa 1447 H. @USER @USERetRI #KemendesPDT #BpsdmKemendesaPDT #BangunDesaBangunIndonesia #TPPKemendesaDampingiDesa,love
Marhaban ya Ramadhan bulan penuh ampunan telah tiba. Semoga kita semua mendapatkan keberkahan dan ampunan dari Allah SWT Selamat Menunaikan Ibadah Puasa 1447 H. @USER @USERetRI #KemendesPDT #BpsdmKemendesaPDT #BangunDesaBangunIndonesia #TPPKemendesa,love
Brian Nyongesa cooling down after having a marathon against Sharrif Ramadhan Musa Sirengo . https://t.co/Vapj8pB7uv,sadness
@USER islami apa islami... kemarin bulan ramadhan aja diaa bikin akal akalan biar ga teraweh,love
@USER hijabannya edisi ramadhan aja onty mamanya sumi ,love
@USER skin edisi ramadhan,love
Jika kebencian telah mengakar dalam hati seseorang maka bersiaplah kehilangan akal sehat. Syeh Said Ramadhan Al Buthi,sadness
Pernah ke PERGOK ibuku pas mau ehem ehem di bulan ramadhan malem hari ya pastinya woy yakali siang hari. Jangan ngeres dulu Aku udah tahan tahan buat nggak cerita tapi gatal bgt tanganku mau nulis wkwkkw. Karena se MALUUU ITUUUU ,sadness
@USER Langsung daftar umroh sebulan full ramadhan Bismillah,love
Minimal sebagai muslim itu khatam baca dan terjemahan Al-Quran di luar ramadhan satu kali selama sebulan meskipun di luar banyak berbagai kesibukan https://t.co/n8cXqs2N6G,sadness
@USER @USER 11 Rakaat solat Qiyamullail atau Solat Tahajud di 1/3 malam yang akhir bisa juga solat Tarawih di bulan Ramadhan,love
@USER Poin 1 salah ya. Islami? Ramadhan aja kaga diucapin skskskskska. Islami?? Skskskskakakk https://t.co/yycOwDLTGZ,sadness
1) aktif jadi anak masjid khusus ramadhan 2) kubu-kubuan pemain game terraria vs clash royale (i found this is stupid but also cute ngl) 3) pernah balapan sepeda sama temen kelas sampe ga sengaja nyenggol temen selainnya dan berujung jatuh ke selokan,sadness
@USER sumpa dulu temenku smp baca ini pas ramadhan mana masi bocil ,love
jaman dulu ada 1000 Sabuk pengaman X naik hewan tradisi bulan suci Ramadhan sering di cipok'i di cium sama Siradj Syamsuddin amooy woria pattayya hahaha hahaha,sadness
@USER IYA INI LEBIH SUSAH DARI NAHAN NYOBAIN TAKJIL JAM 17.45 BULAN RAMADHAN,love
@USER Edisi ramadhan berepisode,love
Aku hanya mengangguk pelan. Bapakku memang bekerja sebagai penjaga toko pakaian di kota. Selama bulan Ramadhan ia sering kali harus berjaga hingga pagi. Aku sendiri baru saja kembali ke rumah kemarin sore setelah tujuh belas hari mengikuti pesantren kilat di madrasah.,sadness
@USER kembali kasih Zee! kebetulan aku tahu karena sempet disinggung sama Habib waktu di podcast Ramadhan kemarin,love
Pas bulan ramadhan ada pondok ramadan dan disuruh nginep di salah satu pondok pesantren. Semuanya pada ngeluh dan ga mau buat mandi di kmnya terus satu angkatan mendobrak km kiyai dan alhasil itu jadi kerja sama terakhir smp dan ponpes tersebut,sadness
next ramadhan imma tung tung tung sahur,happy
@USER rindu sendiri - iqbal ramadhan,love
@USER Kenapa gak bagi-bagi lupa temen yah panggil gua Iqbaal Ramadhan,love
@USER Kaya ramadhan,love
@USER @USER sejauh ini masih adem aja ka gaada tindak-lanjut apa apa.. iya kaa..takut di tegur sama kebetulan pas bulan Ramadhan katanya,fear
@USER iqbal siapa? kalo iqbaal ramadhan A nya 2 un,love
@USER @USER hasil tahajud 10 hari di bulan ramadhan,love
@USER pengen dimsum terakhir makan pas ramadhan @USER,love
@USER ahlan wa sahlan ya ramadhan,love
 Jangan berprasangka buruk pada Tuhanmu. Tetaplah yakin kesulitan yang kamu rasakan ini sesungguhnya adalah obat. Syekh Ramadhan al-Buthi,love
Ramadhan selalu identik dengan ayam.Kenapa ya?,sadness
@USER Plotnya adalah changhyeon tuh pulkam beneran sebulan krn ortunya di kampung klp ramadhan sibuk bener pny usaha. Semua org mikir Changhyeon beneran dikerangkeng smp kata Juhyeon (clzr) akaknya bukan demit!! ,happy
@USER changyeon dikerangkeng selama bulan ramadhan harusnya,love
Awalnya tau gara-gara liat Iqbaal Ramadhan jadi BA-nya terus mikir Masa iya sekelas Iqbaal bohong? wkwk Pas coba beli ternyata ini adalah keputusan terbaik buat kestabilan emosiku dan kesehatan iPhone-ku. Bagi yang mau gue taro link nya di bawah ya https://t.co/DkxaLb3NOb,sadness
teteh skin ramadhan &lt; skin kartini,sadness
Marhaban ya Ramadhan bulan penuh ampunan telah tiba. Semoga kita semua mendapatkan keberkahan dan ampunan dari Allah SWT Selamat Menunaikan Ibadah Puasa 1447 H. @USER @USER #KemendesPDT #BpsdmKemendesaPDT #bangundesabangunindonesia #TPPKemendesaDampingiDesa,love
Pas qu en Thaïlande d ailleurs tu vois ça un peu partout mtn Le seul moment où t arrives à nous distinguer c est pendant Ramadhan mdrrr,sadness
kangen ramadhan,sadness
@USER Yeah sorry arab ramadhan series are just........,love
Momen Manis Bernadya dan Iqbaal Ramadhan di MV Rabun Jauh Bikin Baper https://t.co/x4WbevxZgg,sadness
KIU congratulates Dr. Ramadhan Malinga on winning the Erasmus+ Mobility Grant 2026. The entire #KIUCommunity proudly celebrates Dr. Malinga Head of the Department of Computer Science at Main Campus for earning a prestigious spot in the Erasmus+ Learning Mobility Programme. He https://t.co/u9iaHHElLE,sadness
@USER Meninggalnya istimewa 17 ramadhan subhanallah,love
Situ yg bulan ramadhan berkeinginan jumatan di Vatikan Kok sekarang lemah lesu males malesan? https://t.co/d3ZgeD3Qry,sadness
Nah gimana nih Rekan Buana‼️ Setelah mendengarkan berita tentang Iqbal Ramadhan dan Bernadya yang sedang kena rumor kita doa kan saja yang terbaik untuk mereka berduaa yaa #SanteriaE-news ,sadness
Bagi yang penasaran ini no rek dan nomor beberapa pelakunya yang gw temu ketika udh sadar lagi 1. Agil Alaydrus - Bank Muamalat - 1230013575 2. Dhila/Hamisah - 085650834559 3. Putri Raiya Ramadhan - Bank BRI - 091101014287500,happy
Marhaban ya Ramadhan bulan penuh ampunan telah tiba. Semoga kita semua mendapatkan keberkahan dan ampunan dari Allah SWT Selmt Menunaikan Ibadah Puasa 1447 H @USER @USERetRI #KemendesPDT #BpsdmKemendesaPDT #BangunDesaBangunIndonesia #TPPKemendesaDampingiDesa,love
Ni pas ramadhan dia kerudungan syari masyaallah tabarakallah skrg udh hari biasa pakaiannya terbuka bgt‍↔️ Pah anaknya ni pah‍↔️,sadness
Baru nyampe era medium voltage aja sekarang udah ngos²an pas Ramadhan main 24/7 wkwkw kebayang namatin sampe era terakhir bikin Stargate https://t.co/UzqJmSwNKy,sadness
@USER Jadi kangen disana spt ramadhan kemarin.... kaya ada yg tertinggal disana... rindu tebal.,love
Marhaban ya Ramadhan bulan penuh ampunan telah tiba.Semoga kita semua mendapatkan keberkahan dan ampunan dari Allah SWT Selamat Menunaikan Ibadah Puasa 1447H. @USER @USERetRI #KemendesPDT #BpsdmKemendesaPDT #BangunDesaBangunIndonesia #TPPKemendesaDampingiDesa,love
Marhaban ya Ramadhan bulan penuh ampunan telah tiba.Semoga kita semua mendapatkan keberkahan dan ampunan dari Allah SWT Selamat Menunaikan Ibadah Puasa 1447H. @USER @USERetRI #KemendesPDT #BpsdmKemendesaPDT #BangunDesaBangunIndonesia #TPPKemendesaDampingiDesa,love
Sharrif Musa Ramadhan Sirengo will kill whoever will be marking him on Sunday. Fullbacks wa Isukuti are in for a run down on Sunday .. https://t.co/UTmoXgBfmp,sadness
I don't want to be an arab ramadhan serial protag..... To holy for me ,sadness
@USER Ga ada adanya au ot7 yg ramadhan,love
@USER 2 bulan karena cuma event selama ramadhan,love
Lailatul Qadar Latif Kodok ... asal usulnya kata kata Lailatul Qadar di bulan suci Ramadhan hahaha hahaha,happy
Satgas ketahanan pangan Polda Jatim Kapolres Gresik AKBP. Ramadhan Nasution S.I.K. M.H. https://t.co/o44d19mFB9. memerintahkan Kapolsek Wringinanom Iptu Ahmad Fahri S.Ik.beserta anggotanya untuk melaksanakan pengecekan tanaman jagung di Ds. Sumengko Kec. Wringinanom Kab.,sadness
rifqi ramadhan is so benedict bridgerton coded ,sadness
@USER ya nggak mungkin pada percaya paakkk... apalagi bulan ramadhan sdh berlalu. syaiton sdh bebas bergentayangan lagi.. @USER,love
#BeritaUSK Staf Humas Universitas Syiah Kuala Ibnu Syahri Ramadhan berhasil meloloskan dua naskahnya pada kompetisi menulis Cerita Anak Dwibahasa yang diselenggarakan oleh Balai Bahasa Provinsi Aceh. https://t.co/ZtHdShwuuu #USK https://t.co/n7T3RwHgQP,sadness
Begini rasanya di polkaki pas jam2 war takjil selama ramadhan,sadness
Bukan perasaan lagi ini emang dari pagi udah marah-marah. Mosok perwira jaga kirim email diawali Happy Ramadhan. Berkali ingatan copy paste ya boleh tapi edit dulu tanggal dan ucapan.,sadness
ada yg bilang ini phuwin pas masih di coboy junior gantiin iqbaal ramadhan https://t.co/tIBLb2oUjg,sadness
Corruptor Foto: Jamal Ramadhan/kumparan https://t.co/JliEcCZQJb,sadness
#NgengaZaWananchi | Tunajadili kwa pamoja ni kitu gani kinapelekea ongezeko la Talaka? Ramadhan Omange a.k.a Tiger Mkazi wa Boko Magengeni Anasema kosea vyote lakini usikosee kuoa. #SupaBreakfast | #EastAfricaRadio | #NgengaZaWananchi https://t.co/lqPPXXux2b,sadness
@USER @USER @USER lah mereka dibunuh karena sesuai undang undang disana. sama kayak di negara barat orang islam gaboleh pake hijab cadar untuk kerja di depan umum gaboleh takbiran keliling gaboleh bangunin sahur keliling gaboleh libur pas bulan ramadhan dan hari raya idul Fitri,love
kenapa ramadhannya hadir cuma pas ramadhan? ,sadness
Banyak. Yang membekas: - Temen tiba-tiba dipenjara - Jatuh ke got waktu lagi nyapa temen cewek di seberang jalan - Ramadhan touring keliling kabupaten Indramayu tiap hari di rumah 1 temen yang touring itu - Ngurus taman tanaman obat punya sekolah tiap pagi bareng istri,sadness
pas pesantren ramadhan mw shalat Dhuha berjamaah. krna wc murid full jd ak sm temenku ke wc guru. trus kepsek lewat beliau ga tau ad kami. jd pintu besi wc nya dikunci anjir. dan kocaknya sbnernya temenku udah keluar pas bapak blum ngunciin tp dia masup lagi,sadness
Marhaban ya Ramadhan bulan penuh ampunan telah tiba. Semoga kita semua mendpt berkah Selamat Menunaikan Ibadah Puasa 1447 H. @USER @USERetRI #KemendesPDT #BpsdmKemendesaPDT #BangunDesaBangunIndonesia #TPPKemendesaDampingiDesa,love
- Aku pernah disuruh jadi imam rawatib waktu pondok ramadhan - Bertengkar dikelas tp aku kalah karna lawanku pake penggaris besi dan akhirnya di OP kecil di dahi ku,love
@USER dari awal ramadhan ituuu,love
@USER @USER Pakistanis are hanafis mostly. Btw pakistan existence is merely based on islam only nation to be came into being on most precious nights of 27th ramadhan+jummah-Tul wida. Which is similar to 1st state of Islam. So many other things i cant tell,love
@USER tumben lu biasanya ramadhan aja mokel trus.,love
Ramadhan Mubarak to all! credits to https://t.co/iNKys5Q4Ed,sadness
@USER @USER @USER @USER Iyo kui nek ora ramadhan ngene dodol isuk terakhir rono sih aku ngertine gerobake wes gonta ganti wkwk,love
@USER @USER Pakistan is only country created in name of Islam after madina munawara on 27th ramadhan night+jummah-Tul wida. No other nation islam+arab nations has as many divine support as Pak. Watch us in next 10-20 years.,love
@USER Refal hady klo ga iqbal ramadhan wkwk,happy
@USER during ramadhan is fine but after is lowkey weird,love
Setega itu hilangkan iman selama ramadhan Padahal sudah tak peringatkan,sadness
@USER Case MC yg sama Gendis di show Ramadhan 2025 ya ?,love
Untuk tahu strategi cerdas obligasi yuk join #LiveChat di Instagram @USER &amp; @USER bersama Habibie Ramadhan Relationship Officer Fixed Income dan Isa Andria Rahman Unit Pengembangan Bisnis Surat Utang Divisi Pengembangan Bisnis 1 Indonesia Stock Exchange.,happy
@USER risiko jumat berkah dan takjil ramadhan berkurang dana umat dipake mbg ,love
@USER samaa ak turun 4 kg setelah ramadhan ga suka huehuehue,love
@USER Kmren event ramadhan ada seng beli token pake battle point,love
Pojan (pojok jajan) sudah lengkap kembali after Bulan Ramadhan ges https://t.co/Wja3olieJb,sadness
Bro mungkin merasa dirinya bak Iqbal Ramadhan atau Angga Yunanda https://t.co/LFm170c74D,sadness
@USER aku sabtu minggu libur tapiiiiiiiiiiiiiiiiiiiiiii kalo lagi ramadhan sama qurban dan beberapa agenda besar sabtu-minggu itu jadi hari kerja nggak ada libur sama sekali,love
@USER Please big Tung come back next ramadhan,love
@USER @USER Masjid dekat rumah danax luar biasa. Masjid gak besar dikampung tp setiap bln ramadhan danax mencapai ratusa juta dr sumbangan masy. Menag pasti bahagia lihat angkanya ,love
Betul. Sayangnya lagi malas nih. Abis Ramadhan belum normal aktivitas olahraganya.,sadness
I feel so bad for adib and ramadhan you guys did wellllll bukan rezeki korang je tu. Been seeing adib kinda struggled with cramps even before the extra time so maybe that had smth to do with him missing the shot. Sokay lah weh dah biasa carry team sekali ni je jadi punca ,love
@USER Teridentifikasi 2 pelaku : 1. Alberto yang melakukan kungfu 2.Hanif ramadhan melakukan injak kaki pemain. Kedua pemain yang tidak mencerminkan seorang atlet fairplay ini harus mendapatkan sangsi tegas dari Pssi dan masyarakat sepakbola.,love
@USER post Ramadhan tingz nini nini,love
Kaimu Waziri wa Utalii na Mambo ya Kale Zanzibar Mhe. Mudrik Ramadhan Soraga @USER aliukaribisha ujumbe wa viongozi wa ubalozi wa Italia nchini @USER hapo ofisini kwake Kikwajuni. Balozi Giuseppe Sean Coppola alimuhakikishia Mhe Soraga dhamira ya Serikali ya https://t.co/l054adRVnW,sadness
Umuhanzikazi Marina Deborah uzwi cyane nka Marina yatangaje ko yitandukanyije burundu na Mupenda Ramadhan [Bad Rama] ashimangira ko nta mubano w akazi cyangwa umwanya wihariye bakigirana ndetse amwihanangiriza kutazongera kumuvugaho no kumushyira muri gahunda ze. Bad Rama https://t.co/dsrBgpctfu,sadness
@USER Dri ramadhan pingin ini belum ketemu penjualnya lagi pada jual dan keliling dmn siii,love
بارزانی نەمر: مەزارگەت هەمیشە ھەر بۆن و مەڵبەندی کوردایەتی و بوژانەوەی نیشتمانپەروەری و وڵاتپارێزی لێوە سەرچاوەی گرتووە و لێدێت. Ramadhan Garza @USER @USER https://t.co/7RRhASfwO8,fear
 Umuryango ni wo nibanzeho ngo nerekane ibibazo biwurimo n'uko bishobora gukemurwa. Umukinnyi wa Filime Benimana Ramadhan wamenyekanye nka Bamenya yakomoje ku butumwa buri muri Filime yise 'Bamenya' yakunzwe n'abatari bake. #RBAShowbiz #SamediDetente ▶️ https://t.co/Zrhii7CHW4,sadness
i mean... i recall someone have said Save the best for the last yang disangkutpautkan dgn tanggal 18 april di salah satu segmen show LDP ramadhan event kemarin. Member ga mungkin said that out loud kalau ga tau bocoran tgl shonichi sblmnya. Dan kalo asumsi ini bener...,anger
« Le boycott . https://t.co/o2PNyHpt1j. Hymayatic et la coquille vide de l'ugca se sont réveillés après coup ...Avant pendant et après le Ramadhan qui a connu une envolee des prix des légumes et frais et de la viande ces deux associations étaient dans un coma profond !,love
@USER Oh ini yg diomongin pas podcast ramadhan ternyata,sadness
Itu kesimpulannya kalau menurut pengetahuan agama yang saya fahami. Berdasar dalil hadist juga ada yang mengisyaratkan seperti itu. Contoh di jaman nabi s.a.w ada orang miskin yang menggauli istrinya di bulan ramadhan berakhir mendapat keringanan tidak di suruh bayar kafarat,anger
dari dulu amaze sama temen-temen yang rantau. hebat bisa laluin hari-hari dari awal semester 1 sampe sekarang semester 8. selalu salut sama mereka. bulan ramadhan sendiri di kos sendiri banyak hal dilaluin sendiri. hebat sekali semangat teman-teman we ll get through this,happy
@USER It could be of much value to update us on every new month as you normally do for Ramadhan. I checked all social media sites jamani you didn't update the Ummah. It's unfortunate.,love
 Ntangiye gukira [depression] vuba mbere nayirwaraga buri cyumweru. Umukinnyi wa Filime Benimana Ramadhan wamenyekanye nka Bamenya yavuze uko yinjiye mu gukora Filime ye yumva ari ibintu byoroheje akabikuramo agahinda gakabije. #RBAShowbiz #SamediDetente ▶️ https://t.co/iEVAgsfdBV,sadness
@USER @USER @USER fitnah lu event ramadhan kn berdua wkwkwk,love
@USER Acara pondok ramadhan pihak sekolah udh ngasi ruang kelas buat tidur siswa laki laki malah milih tidur diluar,love
@USER eval sejak awal penerapan pasca ramadhan dan sblm ramadhan itu 8.7/10 (general case),love
@USER dulu sering beli waktu ramadhan buat main bola api,love
@USER Doain ya bang: Lg kencenging doa bs bangun rumah baru yg nyaman sesuai keinginan dan sesuai kebutuhan lengkap dg perabotannya bs jumpa ramadhan taun depan bs punya anak kembar yg sehat cantik cerdas ganteng Bisnis lancar jaya Aamin,love
- Pernah digrebek karena mandi ber 2 - kenaikan kelas bertepatan dengan bulan ramadhan aku berdoa biar 1 kelas sama cogan2 angkatan (menurutku) ehh terkabul - tidur sekamar sama crush dan sholat subuh berjamaah sama dia,love
@USER @USER Tenang &amp; penuh keyakinan Kebiasaan sejak kecil jd sdh biasa.. Model bgini kalo ramadhan ngakunya puasa dah sepi langsung k warteg Naudzubillah,love
2 minggu~ Masuk pas lg bulan ramadhan. Manager gue saat itu mager bgt kemana2 katanya Nanti aja ya abis lebaran haus tau keluar-luar Gue ga enak sm yg lain krn mrk kerja bgt. Tiap pulang kerja nangis krn bingung gabut bgt suer. Akhirnya resign sebelum lebaran ,sadness
@USER Tgk. Arwah PENIAGA Bazaar Ramadhan Islam/Melayu kita &amp; keluarga amat malangnya - yg. disyaki diSASAR dgn. teliti masa berniaga di Bazaar! Termsk. Mungkin diikut balik rumah oleh Perompak2/Perogol2/Pembunuh2! https://t.co/Xskj9ahlcs,sadness
@USER edisi ramadhan,love
@USER Baru Ramadhan kemaren pas mau buka kejadian persis kayak gini tapi karena bulan Ramadhan orang mau buka jadi pada nahan emosi orang parkir di jalan sempit kayak gini yng mau buka susah cari takjil udh di klakson2 orangnya gak keluar. Sekalinya kluar modelan akamsi,love
Setelah nonton WU barulah gua tersadar kalo beberapa bulan sejak ramadhan gua gak ada gangguan ya...ehehehehehe Alhamdulillah,happy
Beneran loh dari sebelum ramadhan sampe sekarang air PAM @USER cuma nyala subuh doang 1-2 jam abis tu mati seharian nyala lagi subuh berikutnya udah 2 bulan loh capek bgt gak punya air!,sadness
@USER muhammad gilang ramadhan ya Allah sakittt atiii bgtt guaaaaaa,love
dat is why im not surprised when a gamble site wished raya n ramadhan. they know who is their customer,sadness
@USER @USER @USER @USER Yang rame pas bulan ramadhan ntu yah kak? Masih adaa kah?,love
alhamdulillah hutang puasa ramadhan udah beres meskipun targetnya pengen sambil puasa syawal tapi syawalnya udah beres,happy
@USER Jajanan di depan rizki belum ditamatin semua pas ramadhan kemarin ,sadness
@USER @USER Wes aku ae aku kan yo onok ramadhan e min won ,love
KONSUMSI LPG MENINGKAT 6 5 PERSEN SELAMA RAMADHAN DAN IDUL FITRI 2026 https://t.co/8o7qnamij0,anger
Sebelum Ayatulloh Khamenei Syahid sudah berbicara bahwa 'kami tidak memulai perang tapi jika perang dipaksakan kepada kami.... Tanggal 10 bulan Ramadhan beliau syahid &amp; yg MEMULAI PERANG adalah gerombolan hegemoni amrik &amp; israhell... Ini yg harus dicatat oleh dunia. https://t.co/yxjtpSKZTh,sadness
Pernah pas ramadhan kemarin cash gw tinggal 100k dana ada tapi kepecah di gopay sama mbangking akhirnya 100k itu gw pecahin buat beli buah gw pengen buah naga sama pir akhirnya ngambil buah naga 2 sama pir yg udh di paketin gitu total 50k kembaliannya 50k utuh ,sadness
#kipkuliah #formadiksiunri #lestarajuang #kesra #formasic2026 ________________________ Ketua Umum : M. Faddillah Arrahman Wakil Ketua Umum : Gilang Ramadhan ________________________ _Follow us on:_ ▪Email: formadiksi.unri@USER.com ▪FB: Formadiksi Universitas Riau,happy
Gua masih inget banget pas ramadhan pertama tanpa nyokap gua masak kentang balado terus pake garem 2 sendok makan padahal kentangnya cuma setengah kilo. Asinnya bukan main ,sadness
@USER @USER Sudah ga bulan ramadhan lagi ini ,love
@USER aku jg nurun bgtt.. biasa ramadhan dar der dor tahun ini syukurin ajaa trs km skrng ngonten dimanaaa,love
@USER aku udah dari ramadhan kmren jadi males wkwk,love
3/6 puasa qadha ramadhan https://t.co/ojk0nPiZfB,sadness
Kebiasaan Unik Iqbaal Ramadhan di Lokasi Syuting Monster Pabrik Rambut https://t.co/CWcQRzPUt0 https://t.co/MKmOdVRDrM,fear
kangen Ramadhan,sadness
Berani tapi pernah malah gua ngajakin temen nobar mana waktu itu lagi ramadhan ,happy
Cek GAMIS LEBARAN CERUTI BABYDOLL DRESS BRUKAT RAMADHAN IDUL FITRI SET DENGAN HIJAB SET KERUDUNG MURAH KODE GM GROSIR TANAH ABANG MEWAH ACARA SAMAAN BAJU LEBARAN dengan harga Rp180.000. Dapatkan di Shopee sekarang! #Shopee #gamis https://t.co/OTFeb8yesF,love
@USER Anak aq autism kmrn ikut puasa n tamat..dia semangat krn makanan pas puasa tuh enak2.. Aq sempet takut bgt gbs provide krn kerja suami lg sepi order..tp Alhamdulillah lancar n bs masak enak..sering jajan d bazar ramadhan jg Pas mau lebaran hampers2 dtg dr sahabat2 aq ,fear
selalu seneng kalo bulan ramadhan karena bisa pulang cepet terus kayaknya hawanya adem aja setan2 pada dikurung,happy
IQBAL RAMADHAN! Fix sombong bukan main wkwk,sadness
دكتور Abdullah Ramadhan وين ؟! ليش اكاونته اختفى يا جماعة,sadness
@USER bener banget lagi ini enak banget sambelnya. setiap bulan ramadhan pasti order sambel rudy buat nambah nafsu makan pas sahur https://t.co/geHQFgXld8 https://t.co/twNdvMCnHt,love
merindukan chuei liyu melebihi rinduku pada somay langganan yang tiba tiba hilang di bulan ramadhan,sadness
@USER SEIYA franz lathenio mawa haruma alois venusina tarra renata yusami bangun vina bulan suci ramadhan (aku suka namanya ) ghani nadya fahmi uli keiyukira kikyo jira sakari vlad wazahira bapax enolch kemala meidina iyo adam dewangga nilakandi,happy
@USER coba potong rambut bareng janus ramadhan oetomo putrada / cmiiw,love
@USER @USER @USER Mondays and Thursdays every 13th 14th and 15th of every Hijri month 6days after Ramadhan in Shawwal 9th 10th and 11th of Muharram (first month of Hijri calendar) first 9 of the last month Dhul-hijjah... bottom line we fast a lot,love
waktu lagi pesta makan Buka Puasa Ramadhan bersama tiba tiba ada beldekkkk hulu ledak rudal balistik USA vs IRAN ada yang ga masuk akal di teliti sekarang,happy
Lucu bgt wkwk dulu gue kan ikut ekskul pramuka dan kebetulan waktu bulan ramadhan ada acara bukber Singkat cerita pas kami lagi siap2in makanan buat bukber ada siswa-siswi yg kegrebek security lagi make out di kelas *mereka berdua bukan anggota ekskul kami,happy
@USER @USER Ramadhan arek simo ae,love
@USER Coba mampir ke au ku kak edisi ramadhan kemarin,love
@USER Lawan Brazil? Duhh jangan deh...nggak tega ngelihat Alisson kelabakan ngadepin tendangan maut Ramadhan Santana,love
@USER Rivera Bruno Risto n Gali cari pemain naturalisasi Sandy wals Shain phatinama jordy wedermen(klau udh naturalisasi/kabarnya dlm proses) lokal duet Sayuri n Ramadhan Sananta,happy
Iqbaal Ramadhan Kepergok Nonton Bernadya Manggung Langsung Komentar Netizen Soal Beda Agama Viral https://t.co/vrUWk6DuFi,sadness
Senin (20/4) Lapas Perempuan Kelas III Ternate bekerja sama dengan Kementerian Agama Kota Ternate menyelenggarakan syukuran khatam Alquran setelah Warga Binaan menyelesaikan bacaan 30 Juz Alquran yang dilakukan selama bulan Ramadhan 1447 Hijriah; https://t.co/STR86VdQcZ,sadness
@USER pas ramadhan emang semua naik mind,love
The power of Iranian girls #Iran #IAmShia #Karbala #Salute72 #FatimaZehra #ImamHussain #HazratAbbas #HazratZainab #ImamSajjad #HazratSakina #AliAkbar #AliAsghar #HazratQasim #Aun #Muhammad #ImamAli #Najaf #Kufa #Shaam #Ramadhan https://t.co/F42SLLi4N5,happy
@USER @USER @USER 10 hari setelah lana lahir pas hari pertama puasa Ramadhan 1427 H,love
@USER @USER Ramadhan Bekasi City? Wildan Ramdhani come back wkwk?,love
@USER healthy cafe gitu beb boleh search lagi buat lengkapnya. nah kenapa ada rendang itu karna selama ramadhan kemaren si pras ngide buat menu seasonal rendang sandwich dan olahan olahan lainnya,happy
@USER @USER Ramadhan Kareeem otw merapat GBT,love
@USER Sebelum ramadhan kemarin aku kesini sama ortu. Sampai sana dini hari sekitar jam 02.30-an. Alhamdulillah ketika sampai disambut hangat ibuku di suruh istirahat di tempat khusus perempuan. Jd ada kayak ruangan untuk tidur dll. Nyaman dan adem tempatnya. ,love
@USER @USER Udah dari juli 2025 harga ayam sama telur susah turun. Ramadhan udah selesai tetep aja harga keduanya susah turun karena supply diborong mbg dari dulu.,love
@USER Ramadhan sip. Apa mau Ramadhan lain merapat?,love
Pemuda Pancasila Rohul Tebar Kepedulian Santuni Anak Yatim di Bulan Ramadhan https://t.co/LERLUbxJrW,sadness
@USER @USER Du Didu elou dulu kan ASN pejabat lagi kok sekarang bernarasi penuh kebencian ma Jokowi demi membela Jk. . nikmati masa pangsiun dengan hati yang bersih tidak dengki hasut dsb.. . emang kamu yakin masih bisa ketemu ramadhan tahun depan,anger
3. *Ass. Prof.* Dr. *Herlambang* *Wiratraman* (Lecturer at the Faculty of Law Universitas Gadjah Mada) Moderator: *Mario* *Surya* *Ramadhan* (Researcher at the Research Center for Politics BRIN) RSVP: Mario Ramadhan (+6282120507617) Save the date and join us!,happy
Satgas ketahanan pangan Polda Jatim Kapolres Gresik AKBP. Ramadhan Nasution S.I.K. M.H. https://t.co/o44d19mFB9. memerintahkan Kapolsek Benjeng AKP HENDRAWAN . beserta anggotanya untuk melaksanakan pengecekan tanaman jagung di Ds. Munggugianti Kec. Benjeng Kab. Gresik untuk,sadness
@USER @USER katanya gara-gara mc dia yang ga sopan sama senior pas event ramadhan tahun lalu cmiiw,love
Penghargaan diberikan atas kontribusi HIPPINDO dalam program Jakarta Festive Wonders Ramadhan serta berbagai aktivasi kota yang mendorong pergerakan ekonomi dan daya tarik Jakarta.,sadness
Kok abangnya sky pas kecil kyk iqbal ramadhan ,sadness
@USER KOCAG NGAPE UPIN IPIN SIH bagusan pas episode ramadhan nun,anger
MANTEP BGT GARING KRIUKK KRES JUSET SEGER KAYA ES BUAH TIAP RAMADHAN YA ALLAH MASYAALLAH TABARAKALLAH,love
@USER Sabil ramadhan,love
@USER Aku spg brand baju ini jujur aja ini baju bes seller banget kemarin pas ramadhan dan aku tau juga harga baju ini lumayan mahal,love
@USER it's so comforting to hear that kak coz akun kakak ini yang bikin aku grow with us sama temen temen sai lain pas ramadhan ,happy
Giliran hari biasa mens telat tiga hari. Pas ramadhan kmrn kok tepat waktu bgt. Kan jadi ga ikut solat eid ,sadness
@USER @USER @USER Di gang rumahku ada kelompok 'pemuda' yg suka buat acara2 gang gitu kyk pas ramadhan dll tapi isinya semua bapak2 (termasuk bapakku). Malah yang muda2 pada gak mau join. Tapi selama usia produktif masih pemuda gak sih..,love
@USER Ramadhan taun depan ntar gua kasih buku untuk ttd ustad dah,love
Haven t so much as TOUCHED my switch in so long because of school ramadhan then travelling and now sch again but I would touch it for tomodachi life and putting random ass characters and people on it together to see how it goes,love
gue setuju bgt sama statement uang bisa beli kebahagiaan krn kita bisa beli brg yg kita mau dll. Tapi gue berterimakasih krn uang gabisa beli attitude percuma pny bnyk uang kl gapunya attitude. So be a good &amp; wise person everyone we don't know what will happen in the future.,anger
@USER Bayi denger ya: Uang langganan X (17T) itu buat bayar listrik server &amp; bikin Grok jago. Uang buat creator (3 45T) datang dari iklan orang lain bukan dari dompet langganan. Dua kantong duit beda. Bukan akal-akalan namanya bisnis biasa aja. Paham kan sayang? ,love
Ni bendahara juga kebanyakan ngoceh harusnya kerja aja sesuai tupoksinya dan jelasin aja apa2 yg jadi tanggung jawabnya ketika stakeholdernya bertanya soal uang yang dikelolanya. Ga usah banyak janji kerjain aja yang ada. Makin banyak omong makin kelihatan ga nguasai kerjaan,anger
Gabisa? Minta tolong sama orang. Gak mau ? Gausah pelit untuk kasih fee ke orang itu. Uang jajan atau uang rokok kek. Gak apa2. Gausah pelit. Masa iya Sudah pelit malas mikir pula. Gunakan otak buat cari cara gimana nih barang harus dikirim hari ini .,anger
@USER Wkwkkwkwwk trus refund uang kulyahnya,happy
Cuma Modal Sampul Film Bisa Jadi Uang?! https://t.co/jhekWyWVEL lewat @USER,fear
Klo pasarnya ada kan berarti sbnrnya masy. Indo itu (sdikit) percaya bahwa jurusan tsb berguna dan berprofit. Tpi pejabat indo nih udh punya mandat malah kenyang makan uang jdi lalai dan males kerja,sadness
Ohh kurang uang yak bang balik lagi ️,anger
@USER Saya kasih tau ya ustad itu uang HRAM biar ga susah jawabnya ngadat² gitu..,anger
@USER @USER bener2 laki2 serba kekurangan. Kurang uang kurang juga otaknya,love
gaada tuh yg namanya stress kalo punya uang,anger
@USER bro saran gw asli lu istirahat otak dlu soalnya skrg lu posisi kaget pny uang segede itu trs selang bbrp bulan baru deh lu boleh ngambil investasi segala macam its okey,anger
Buset ini uang langka banget apa gimana ya,anger
@USER @USER @USER Mata uang anjlok kita bener bener bagus buat pariwisata sama ekspor kalau mata uang kita kuat pariwisata mahal buat bule sama ekspor mahal loe digoblok goblokin rupiah harus kuat bahkan Amerika juga pengen usd melemah buat ekspor made in america lebih murah dan jadi memonopoli,love
Hasilkan uang yang cukup itu akan menyelesaikan banyak masalah. Yang dibutuhkan itu uang bukan pacar bukan pernikahan. Pacar pergi pernikahan berantakan itu karena miskin. Sudah tau miskin bebal gak tau diri ngasih enggak seberapa tapi ego udah seperti ngasih seisi dunia.,anger
@USER pengen kotak misteri atau tirai tpi uang kertas yg biru aja gapapa ,love
@USER Beli lagi gapapa uang bisa dicari cepet @USER,love
@USER Pengen jadi selembar uang,happy
@USER Tidak ada habis nya berita ttg org ini. Dan yg sllu di pikiran nya hanya uang dan uang saja. Tidak mau tau klu rakyat sdh sangat sengasara,anger
Menkeu Beberkan Kondisi APBN: Uang Kita Masih Banyak https://t.co/UEIlqMXlDM,anger
ㅤ uang bisa dicari order martabak malem malem kapan lagi untung gak pada di rumah jadi bebas beraksi ㅤ,sadness
Even gw kelaparan di rumah gak ada bahan buat di masak gw gak akan pernah nyolong duit ortu gw sepeser pun cuman buat laper gw sih. Mending gw nahan laper terus minta uang tambahan buat jajan juga biar gw kenyang dan nunggu ortu pulang wkwk. Maaf ya kecil gw terdidik,happy
@USER gizi ku terpenuhi gak yah alah nyocot kalo pinter ngelola uang dan gak males mah masih bisa bikin makanan gizi lengkap sendiri,anger
@USER MASUK... so yg zona uang ga dipakai lagi ya?,anger
@USER Niat hemat dari awal tapi ujung-ujungnya tetap aja keluar uang buat hal yang nggak direncanakan. 12 #LoveYouTeacherSeriesEP7,anger
Knp semuanya harus pake uang pdhl ini semua milik Allah,anger
@USER Waktunya kamu minta uang jajan.,anger
egiluuuyyyy gue beli merch harga up 300k aja deg degan bgt anjir walaupun duitnya ada bgt di rek gue ini udah ga punya uang malah take merch sampe jutaan lagi sakit anjir,fear
@USER semangat kadang uang harus dikejar dulu hingga nanti uang balik mengejarmu ,love
@USER Buat aja 1 prodi KKN...habis itu kita sebar ke semua negara....uang yg dikorupsi masuk ke Kas Negara...cukup itu,anger
@USER @USER ah aku mah bukan yang ah nanti kayaknya butuh ini tapi aku yang emang dasar gelap mata semuanya dipengenin makanya kalau kemana-mana harus bawa uang lebih karena aku suka tiba-tiba kepengen ini itu yang diluar list/tujuan awal...... #maaf,fear
Lee emang yang ini gak laku ya di warung warung daerah ku gada yang mau nerima hadeuhh masa iya cuman jadi koleksi doang Gda yang mau terima Kalo daerahmu laku gak lee uang pecahan 75rb itu https://t.co/ruv3vUnIMD,sadness
udah giru pas pagelaran diwajibin nyediain konsumsi buat juri pake uang siswa juga?? gila kali sekolah apaan anjir kaya gitu,sadness
Tolol lu MBG tolol. Semua yang punya SPPG atau yang kerja ngurus MBG gw anggep tolol. Bodoamat kali ini gw main generalisasi. Mau alasan lu karena butuh uang lu butuh makan bodoamat. Ga ada main sisi kanan,anger
Buat mahasiswa di Makassar saya harap bisa lebih bijak baca situasi lapangan. Dan buat temen-temen Ojol saya paham banget susahnya cari uang tapi jangan sampe kekerasan jadi solusi. Kita ini satu barisan jngan mau diadu domba sama keadaan.,anger
I'm deadass about to kill this mf if I can. Gua yg belum bisa ngasih uang ke ortu aja tau diri dengan gak ngekost gak minta duit lagi dan bayar kebutuhan gua sendiri lewat freelance. Si monyet ini bisa² nya pake data ibunya buat pinjol,happy
Ngapa bnyk yg pinjem uang yak. Dikira duit gua banyak kali,anger
Meskipun aku belum bisa beli rumah dan jalan-jalan sampai luar negeri tetapi dengan uang tabungan hasil kerja keras... akhirnya aku bisa merenovasi kamarku sendiri. Bersyukur kamarku sudah lebih glow up daripada sebelumnya https://t.co/Y0VuWc3yvj,sadness
@USER saku kanan atau kiri yang ada uangnya? aku mau menyatu ama uang aja soale me siap jadi tuyul 3cm itu. AKU MAU AJE bang aku siap membantu menjadi jin yang merasuki jempol kamu bang.,love
@USER aku dulu mikir orang ke kantor bawa kendaraan cuman keluar uang buat bensin (enak ya) eh ternyata bayar parkir juga... mana mahal lagi... wkwkwk,anger
@USER Tapi kalau mau jujur nasabah disini juga ada salahnya. Terlalu percaya sama si bangsat itu. Jangan pernah 100% mempercayakan uang kita entah ke orang bank ke pendeta ke Kiai atau ke siapapun.,anger
Hal yg paling menegangkan ialah mencatat pengeluaran setelah mengeluarkan uang tanpa mikir 2 kali https://t.co/6SYESjrWHr,sadness
@USER @USER Speda di parkiran gak diawasi kang perkir tp pas mau pergi ditagih uang ya kesel. Dan iki kasus e bukan motor tp anak !,anger
MEMBELI sekaligus BERAMAL Cincin yaman wulung warna hitam pekat di senter warna merah. Uang hasil jual 100% akan saya sumbangkan buat renovasi masjid. https://t.co/RhWopWoKf7 https://t.co/arGGl4zbwu,anger
pengen banyak uang tp malas kerja itulah aku..,happy
kenangan buruk gueh dengan dompet strawberry shortcake yang dimana uang lebaran recehan disimpen disitu semua emg ga ada yg 50/100an tapi recehan klo dijumlahin ada 400an yg pas jaman gue kecil itu duitt banyak mnrt kuu dan yapp dicopett di bus pas pulkam anjritt ,anger
@USER Gak ada minta maafnya langsung tanya no rek dikira semua bisa selesai dengan uang kali yaa. Kalo aku tiap nyari kost pasti nanya dulu sih ke pemilik kostnya peralatan di dapur itu disediain dari kost atau punya masing-masing gak enak kalo pake barang orang sembarangan,love
badminton sih dri kecil gue hobi maen badminton cm duitnya minim jd sekedar maen aja. dlu pas sd jg ada keinginan msk klub gt tp apa daya money eopsoo knp si di dunia ini bertransaksi pk uang? knp ga make daun aja,anger
@USER @USER Disitu ortu ya bayar berharap bisa jadi tempat singgah main dsaat ortunya cari uang. Lah kalo ortu tau ujung anak e disiksa ya gak ada yg mau.,love
kenapa muka danil kaya bocil bgt yak kaya bocil ga dikasi uang jajan sama abang dante buat beli mainan wkwk https://t.co/niHzOoTeHo,sadness
TIDAK ADA SEX KONDISI SADAR AKAL SEHAT kalian hanya bisa bius &amp; Tagihan Bius Hutangnya besar. Saya Korban Bius Kalian &amp; teror Sperma. Terencana Terorganisir. Teror segala Ancaman dan Merasa Aman. Tidak Ada Uang untuk bayar tagihan Bius yang sangat besar.,anger
Tebak duluan uang gue ke kumpul buat beli ini atau kiamat? ,anger
@USER Kangen bgt bgt dan aku tim manggo float banget. rela nyisain uang jajan buat minum ini pas jaman SMP ️️️,love
@USER kata papi papa kerja cari uang buat aku beli pulau ,love
@USER @USER Ada yang namanya Para pejuang dua karena lama ga hamil2 Uang banyak ga ada artinya mereka berharap hamil dan punya anak Mari perbanyak istighfar dan bersyukur,anger
@USER I know gak semuanya berniat. Tapi kalo kamu lihat berita anak anak suka mencuri itu karena kebiasaan dari kecil dari dia curi uang ortu. Iyaa bagus didikan ibu kamu dan kamu juga harus tau. Perilaku mencuri itu lama lama bisa jadi tabiat. Jadi stop normalisasi ya terimakasih,love
@USER @USER Apalagi pencucian uang lewat artis modus perusahaan fiktif,love
@USER ㅤ Jika begitu uang. jawab jejaka bersurai cokelat penuh keseriusan walakin sebuah senyuman kini menghiasi iras seolah berguyon. Sejatinya dapat dikata bahwa ia lebih dari sekadar berkecukupan. Namun bilamana ditawarkan hanya itu yang akan dipinta. ㅤ,sadness
Kepala w sakit banget dah sembuhnya dapet uang satu milyar dan diusap usap jongseong ini,sadness
dasar npd kntl udh mah hidup dengan mencuri uang orang lain nyiksa org yg dicuri uangnya krn udh tua kasih pengaruh jahat ke adek gue.. semoga lo membusuk di neraka ya bgst.,anger
Komplotan Gengs Bius &amp; Pemeras Uang Bos Besar Cs. Setiap hari setiap malam bangunkan orang tidur berkali-kali. TEROR minta Sex Kondisi Akal Sehat &amp; ingin Manipulasi jumlah Pelaku Bius sesuai Angka Jarum Jam. INI KRIMINAL PIDANA tambah besar Kejahatannya. Tambah Penjara ️ https://t.co/xMSgdqUAd4,anger
@USER Next klo minjem lagi tanyain buat beli apa terus km aja yg beliin. Pokoknya jangan dikasih uang mentahnya.,anger
@USER yakan kak makan uang haram kasihan kalo sama Cust apalagi budget pas2an misalnya,love
@USER joss jangan lupa uang jajan i jugaaa ,anger
aduh kenapa ya bulan ini tuh money flow gue tuh kaya ngebut banget alias tbtb punya uang tbtb abis tbtb punya uang lagi tbtb abis lagi,sadness
@USER aku klo jd ricis bakalan mikir kira yg aku lakuin ini bklan melibatkan org lain ga ya. contohnya kakanya sendiri pasti kakanya dibawa secara kakanya ustadzah. sebenernya takut bgt berpendapat ttg ini pasti banyak yg bilang yauda si terserah dia uang dia juga itu haram tau,fear
@USER Lebih baik polisi di bubarkan karena institusinya sdh terlalu rusak dan tidak bs di selamatkan terlalu banyak makan uang haram sampai kiamat pun nama polisi tidak akan pernah baik dan selalu buruk. https://t.co/TDIjXUtZBN,fear
Gausah engage ya mentemen ku. Cuma cenblu yang berusaha cari uang haram aja. Surga-neraka itu hak prerogatif Tuhan. https://t.co/KyVr6Q4hng,sadness
Hari ini nganterin adekku beli make up. Aku juga ikut masuk tokonya kan tapi entah kenapa rasanya malu sama takut gitu. Emang gak bawa uang buat beli sih tapi emang mau nyobain aja make up kayak orang .,fear
@USER personally mikir gitu juga karena uang lebihan admin bisa dipakein untuk freebies dll... tp mikir apakah pada lbh nyaman di oren aja,love
@USER pengen uang semilyar sih amin,happy
@USER Uang gak jelas asal-usulnya koq main terima gitu aja knp gak ditolak? Seandainya kasus ini gak diusut sama KPK selamet lah itu uang 8 4M di rekening gak perlu ada pengembalian² segala macem.,anger
@USER Menunjukan ijazah jokowi itu penting karena beliau pensiun dan diberi fasilitas dengan uang rakyat jadi legal standing sebagai pejabat publik harus ditunjukan terutama yang dipermasalahkan ya itu ijazah yang dipakai untuk berkas mencanlonkan kemarin pahamkan pentingnya sekarang,love
@USER Uang gege mah lebih banyak kali Hasil dari balapan liar itu,happy
@USER SAMA PLS butuh uang,anger
@USER @USER Hi Kak kami memahami rasa khawatir yg Kakak alami mengenai kendala transfer uang ke rekening bank yg masih diproses. Mohon kesediannya menunggu 1x24 jam sejak tanggal &amp; jam kamu melakukan transfer namun tidak menutup kemungkinan bisa lebih cepat ya Kak. (1),fear
@USER Intinya pajak rayat sdh dipermainkan..kl tak ada bayar apa negara punya uang?apa mungkin patungan kabinet prororo saweran unt APBN?ga mau bayar ya ancam..,anger
@USER Malah lebih bangga sihh berusaha sendiri dan gak mengandalkan uang orang tuaa malah makin sayang ,love
@USER 8 juta juga uang syantik dikit dikit aja penting rajin. Semangattt,love
@USER apa saja dilakukan biar dapat jatah uang rezim,anger
@USER uang 1 M atau xavier jadi nyata,love
@USER untuk mengobati rasa marah saya saya resign habis lebaran disaat saya satu shift dengan cook tsb dan disaat teman teman kitchen mudik semua yg berakibat dia handle kitchen berdua doang karena masih suasana lebaran dan sya relakan uang overtime saya sebulan full tdk sy ambl,love
@USER @USER Minta uang jajan sama papa,love
tahun ini xh jd co-headliner di pjf ternyata jalan aku bener bener dipermudah sama Allah kali ini. mulai dari restu ortu yg langsung acc temen-temen barengan yang baik banget dan masalah nabung yg ternyata aku bisa loh... meski pake uang sendiri ternyata aku bisa ya..,happy
aduh jd mau yapping dsini tahun lalu aku sempet nangis terus menerus sampe pusing krn found out aku gabisa nonton byuma indo padahal deket bgt dri rumah dan masalah uang mah alhamdulillah waktu itu banyak bgt ketimbang skrng. setelahnya aku selalu doa supaya bs ktmu xh. ternyata,sadness
semua uang milik allah @USER https://t.co/tINjDzJhhm,fear
@USER aku mah waktu itu pengen sesuai taggal lahir soalnya biar cantik pas ditulis di mahar yang akrilik itu loh. Jadi logam mulia kian emas perhiasan sekian terus tahun lahirnya pake uang. Tapi sih ya kan yang mau nikah kamuu tiap orang pasti beda beda,love
tdak ada yang mnyangka klo hari ini ak bakal kluar uang ckup bsar krna hp ak kecebur gayung wktu pup,sadness
@USER keluarin pls ini projectnya apa ini uang kita mau diapain aja??,anger
@USER macama bubb menurutku sih gitu ya mending keluarin uang agak banyak dikit drpd menyesal gk dapet yang diinginkan apalagi kalo wtt kadang susahh,anger
...rumornya 99% itu mau dibayar yang kirim uang senior.,anger
Anak itb unpad ini masuk jalur pake uang haram kah? Ga ada adab sama sekali.,sadness
@USER Tipikal orang penjilat Budi Ari ini jgn di gubris semua statemenya pasti belain Jokowi asal dapet proyek jabatan dan uang .. pantat ayam pasti dijilat sama orang ini,anger
buat tambah uang jajan + ditabung. saat itu aku jualan cuma 1 taunan. habis itu vaccum. setelah lulus kuliah baru aku merajut kembali. dan lagi-lagi rajutanlah penolongku sumber pemasukanku. baru nyadar merajut telah menyelamatkanku berulang kali wkakak. this mine in 2014 https://t.co/og1HEm3Plu,sadness
@USER Kan bisa di ajukan pengembalian dana ke shopee lagian uang yang udah di keluarkan tu gak langsung masuk ke seller anjir,sadness
barang siapa yang sabar maka itu bukan gw uang bisa dicari liat aespa kapan lagi?? https://t.co/7gPyf5G7wN,sadness
@USER beliin gua dulu ntar gua ganti uang nya,love
Uang,anger
@USER Ngelunasin utang negara?? Atau ngelunasin utang negara tu bukan pake uang?,anger
Aku mati-matian nahan diri buat gak jajanin uangku karna tau ekonomi keluarga lagi gak bagus tapi mereka dengan entengnya minta uang cuma buat beli hal yang gak ada manfaatnya.,sadness
@USER emg siapa yg ga suka uang,anger
@USER owalaa. soalnya ini cek ht zona uang masih rame yang pake ???,anger
padahal dulu ada cita2 kalo punya uang banyak mau buat daycare penitipan anak biar ibu2 yg kerja tenang dijagain anaknya selama kerja kyk di komik hai miiko. Tapi ternyata tetep aja yah ada daycare yg ga amanah,anger
@USER kalo bisa ku apply tu sunscreen 1000lapis aku lakuin deh sebadan badan kita bisa tetep dapet uang kan ya meski nggak keliling? apa sambil live dan challenge kicau mania 24jam nonstop?,love
@USER bener lebih suka uang dan tenang,love
@USER Kapan ada tragedi demo besar-besaran lagi? Para pemimpin di negeri konoha bikin kita naik darah aja gak mikir apa rakyatnya masih banyak yg miskin masih banyak yg kelaparan cari uang demi bisa makan sesuap nasi gak punya tempat tinggal mikir gak kesitu??,anger
???? Segala uang buat zoom meeting aja di korupsi.,anger
Pemakan fee dr setiap uang yg masuk dan keluar dari dan ke kas negara itu bangsatnya ada di dalam kemenkeku mestinya Purbaya cari lagi bajingannya aku yakin banyak pemain.,sadness
Udah dibilang ada oknum di Kemenkeu yg sedari dulu maunya uang itu gak transparan dapat berapa keluar berapa itu seenak mereka aja angkanya. Inget ayah si anak setan? Penjara brp th aku lupa dan gayus2 lainya? Kenapa B2B jd APBN di KCIC dan lainnya? siapa yg bermain? Fee!!,anger
@USER Aamiin!! Termasuk dapet kado dr dd yaa? Makasih banyak yaa dd kadonya bentuk uang jg bleh dd mau norek?,happy
udah di tahap PGN BGT NONTON KONSER THE BOYZ YA ALLAH BERI AKU UANG DAN WAKTU AGAR BISA NONTON KONSER THE BOYZ MAU LIAT JUYEON DI LAYAR GEDE KONSER KEMAREN AKU GAK BISA DATENGGG KALIAN KONSER ABIS PULANG WAMIL SEMUA PUN GPP GW TUNGGUINhttps://t.co/O8kJ3ePZVA,love
Buat apa buang-buang uang anggaran untuk merancang UU kedepan kalau setiap sengketa hukum bisa diselesaiin dengan restorative justice. Lebih baik bubarin aja lembaga hukum kalau setiap sengketa hukum selalu berakhir dengan uang damai uang duka uang pengobatan dll,anger
Kalian kangen woozi ya aku juga. Kayanya kalo rindu woozi bisa di tuker uang aku dah jadi milyader,sadness
Gak cuma Rupiah mata uang negara lain juga lagi kena mental sama Dolar AS. ​Yang paling penting jeroan ekonomi Indonesia sebenarnya masih sehat banget. Inflasi aman dan BI selalu siap sedia di garda terdepan buat jaga stabilitas. ​#jagaindonesia https://t.co/us7vcDNDAP,anger
@USER gak usah malu kan beli pake uang sendiri nder,anger
@USER Bhkan mamaku aja dukung kalau aku punya uang sendiri mau nonton konser yang ku suka silahkan lah ini outsider bjir ya kan. ,anger
@USER kamu cocoknya bercinta sama uang byy,love
@USER makin menggila menghabiskan uang pajak rakyat Indonesia,love
Jadi inget disuruh ngambil uang di atm. Karena ayah sama ibu pake bank yang sama kartunya juga sama. Salah ambil kartu trus ke blokir anjirrr,fear
@USER iyaaaa bgtttt semoga uang kaka dibalikin yaa,love
@USER Uang kamu terlalu mungil,love
@USER Lebih ke ga ada uang sama hpnya Krn miskin banget ,anger
Ini uang beneran HANYA untuk zoom kah,anger
Masyarakat indonesia itu ga akan gerak sebelum lapar. Tahun 65 massa gampang di mobilisasi ya karena pada laper hyperinflasi 600%. Tahun 98 juga massa gampang di mobilisasi ya karena laper juga deapresiasi mata uang signifikan tapa diikuti kenaikan gaji dri brp taun.,anger
@USER boleh tapi lu kudu kasih uang bulanan ke gue,anger
@USER Aku juga suka uang,love
@USER uang aku sisa 25rb zi km berapa,love
Rejeki ga selalu tentang uang dapet tawaran kerjaan disaat kemarinnya pusing mikirin gimana bulan depan bayar utang itu termasuk rejekii ,sadness
@USER Masyarakat indonesia itu ga akan gerak sebelum lapar. Tahun 65 massa gampang di mobilisasi ya karena pada laper hyperinflasi 600%. Tahun 98 juga massa gampang di mobilisasi ya karena laper juga deapresiasi mata uang signifikan tapa diikuti kenaikan gaji dri brp taun.,anger
@USER yang penting ada uang,anger
uang 10 milyar,anger
@USER @USER Tebakan gue karna program MBG yg sangat memakan uang banyak terus sektor lain kena efisiensi sehingga di sektor pendidikan tercetus ide pembatasan kuota PTN tapi mungkin setelah beberapa pertimbangan akhirnya malah milih buat ngilangin prodi yg ga relevan,anger
Yoshio membayar tiket masuk dengan ekspresi seperti menyerahkan bagian jiwa. Penjaga gerbang tersenyum ramah sedangkan ia menahan diri agar tidak menoleh ke arah uang yang pergi.,happy
Ia turun sambil menghitung sisa uang receh di saku. Hasilnya menyedihkan. Seandainya koin bisa berkembang biak hidup akan jauh lebih damai gumamnya sendiri.,happy
kl ches openg neekhi openg dan cf mati aja aku uang ku sisa brp anjeng :Vvv,happy
@USER ngga der knp malu kan beli sendiri pk uang sendiri toh bkn maling wkwk,anger
@USER Ngapain? Simpen aja uang mungil kamu itu,love
Mana utang ga di bayar bayar kan guwehh minta uang guweh sndri,anger
uang 10jt+ effort waktu yg terbuang sia-sia banyak lah tolol nya sampe muak //,anger
@USER uang sisa 20k beras ga ada makan ga ada kuota sekarat. 20k beli bensin ngojek seharian pulang bawa 150k Alhamdulillah .. intinya jalan aja dulu jangan takut ga bisa makan selagi ada allah,fear
iya kali perang ( invasi ) kenegara lain lewat laut bawa mata uang gulden dan emas kepingan Perang macam apa itu? CC @USER,sadness
 OPEN PO MERCH WORLD TOUR BLOOD SAGA ENHYPEN ‼️ Close sold out web *Note* _Untuk barang textile akan di bawa Handcarry di bulan Mei_ EMS TAX DP Berat &amp; Rate naik harga naik sebaliknya Cansel uang hangus hnr blacklist Admin Packing Jakbar https://t.co/2X4ru0jz8A,anger
semua dilakukan tapi bikin mata uang rupiah jadi stabil gk bisa,anger
@USER @USER Semuanya pasti akan ATH krn patokan itungan dasarnya ttp ada komponen USD nya jd kalo USD naik trhadap IDR pasti mata uang lain akan ketarik naik jg. Tp pqlibg ga ttp masu lbh murah dibanding USD lgsung si cari mara uang yg prospek negaranya bajal maju trs kek CNY/SGD.,love
@USER 4010 . Siapp menerima uang papihh,love
aduh dokter nita banyak ya yang single parent juga harus kerja cari uang dan disamping itu harus menghidupi anaknya ga sempat punya waktu buat asuh anak. jadi dokter itu harus ada empati dong dok yang gaboleh mah simpati,sadness
@USER Balikin lagi uang imut kamu dd.. Minta uangnya ke mama papa..,love
@USER 4.ibu2 harus memberikan uang jajan -&gt; terus kalau lu nerima mbg semua orang bahagia gitu lu kira mbg dari langit persembahan dari tuhan buat yesus yg ada orang2 yg sekarat dibawah itu yg kena dampaknya lu jadi manusia berada bersyukur deh,anger
malam semuaa! info bagi yang butuh uang receh tapi ngerjainnya relatif santai ini ada slot freelance. jobnya cuma review tempat di gmaps fee nya 1 5k/ akun kalau berminat bisa dm yaa!! #zonauang,happy
@USER ‍‍semoga aku bisa nyusulll mw beli iphone pake hasil uang sendiri...,love
Ngeles berat. Dalil saja diomongin dan diingat. Giliran uang berlagak lupa. ,anger
punya cash kagak bisa dipake anjirdah kemana mana cuman nerima uang pas/qris apadeh,sadness
Uang sudah mulai ku tabung main sudah ku kurangi in syaa allah bulan depan bulan mei,sadness
Lagi pengen hambur-hamburin uang,happy
Gw benci klo ditanya mau apa giliran udh beli tbtb ngeluh uang ke gw?? maksud nya tuh apah njim,anger
Gubernur Kalimantan Timur (Kaltim) Rudy Masud merasa dirinya kasihan menyetir mobil sendirian sehingga membuat anggaran kursi pijat pakai uang negara sebesar RP 125 juta. Ikuti https://t.co/3Mc1B25h39 untuk informasi menarik lainnya https://t.co/kPFSwZa6lS,anger
pgn ktmu cwo ku tpii cwo ku gamau ktmu krna tgl tua gajian dia blm turun paling turun tgl 30an or 29 tpi ku twrin pke uang ku malah dia gamau:((,sadness
Kalo mental maling ya maling ajah namanya maling kerjaannya emang cari celah gmn caranya nggarong uang rakyat. Dan Jangan ngangkat isu koruptor ama ani2 itu kan modus pencucian uang bkn sekedar urusan selangkangan !! https://t.co/aug0PWXHCH,anger
@USER Mending you minta ganti uang buat pan nya trus pindah kos vibes nya jelek bgt,anger
@USER @USER Apapun demi uang receh dari elon musk,love
@USER Ustadz juga manusia biasa berbohong juga kalo uang 10 ribu itu percaya uang dari mana dari bunga bank misal? La ini 8 4 milyar loh berarti uangmu puluhan triliun tad?,fear
 aku di blokir cewekku tanpa alasan jelas. terakhir chat tuh malam Jumat dia bilang Sabtu Minggu ada proker. terus aku kasih sejumlah uang buat dia jajan terus aku nanya ke ibu nya kenapa aku di blokir kata ibu nya mungkin anaknya lagi jenuh lagi ga mau di ganggu,sadness
@USER Karena maljum lagi cari uang malming buat habisin uang,anger
@USER @USER yaampun uang makanku 2 minggu inimah ,love
kopi 2d homo uang game ,sadness
Kok pacarnnya tahan ya Memang kekuatan uang maha dahsyat,anger
Kak maaf bgt lihat dirimu sendiri deh banyak kekurangannya coba kalau di call out harshly sama orang lain gaenak kan? Makanya walau aku tahu km lagi cari uang kata2nya dijaga kalau caranya baik uang yg datang juga pasti baik kok.,anger
@USER Kalo didaerah pedesaan masih banyak yg bakar sampah begitu karna masih banyak lahan kosong cuma kalo udah tinggal dikomplek apalagi rumahnya terbilang mewah memang goblok aja yg punya rumah apa gunanya uang iuran sampah bulanan. https://t.co/c8iYCzq092,anger
 JUST IN: Odds Trump bakal buka blokir aset Iran jeblok ke 14%. Artinya apa? Pasar udah mulai sadar janji politik itu sering cuma umpan busuk buat nenangin massa. Di depan kamera ngomong damai di belakang layar ngerem semua jalur uang. Itulah wajah asli kekuasaan: senyum di https://t.co/Ejrrjpsa1w,anger
@USER Kalau kangen dapat uang ga?,anger
@USER Apapun momennya aku lebih suka kasih hadiah berupa uang. Mau disimpan dibelikan makanan kesukaan atau barang yang dibutuhkan biar penerima yang memutuskan.,love
 Himbara digoyang isu MBG sampai OJK turun tangan? Kalau dana nasabah aman kenapa sampai ada ajakan tarik massal yang viral begini? Bau-baunya ada yang nggak beres. Masih berani simpan uang di sana atau mending amankan sekarang? #Himbara #OJK #Ekonomi ((Malming Dirumah)) https://t.co/0Qu0V8iilH,anger
Sekarang ini kalian milih nyimpen uang di e-wallet atau uang cash ?,happy
kerasa april lama bgt uang gue udah habis tak bersisa,sadness
@USER Inget wajah bos BGN aja udah ga sudi apalagi nanti uang hasil meres keringat diambil buat beli kaos kaki,love
@USER @USER @USER Lu bawa balik ni warga malaydesh yg ramai datang ke indo curi uang atm selundup dadah curi kayu rampok perhiasan dll https://t.co/R0Rv34J3uf,love
@USER kalo udah kaya banget biasanya ada tekanan untuk nambah uang terus kalo uangnya berkurang atau anak cucunya jadi lebih miskin bikin gelisah itu yang terjadi sama petinggi2 negara ini kebanyakan duit dan aset juga bikin gak tenang karena orang usil pasti ada aja.,anger
GUYSS yang mau join freelance atau butuh uang tambahan buat jajan? bisa dm atau hubungi nomor dibawah yhh ️‼️ #zonauang #infoloker #zonajajan #freelance https://t.co/mZuOZevWeW,anger
@USER @USER Iyalah?? Kalo lebih dari 120 hari gabisa di usut lagi kah kak?? jujur sayang bgt uang kita,love
 JUST IN: Odds Trump bakal buka blokir aset Iran jeblok ke 14%. Artinya apa? Pasar udah mulai sadar janji politik itu sering cuma umpan busuk buat nenangin massa. Di depan kamera ngomong damai di belakang layar ngerem semua jalur uang. Itulah wajah asli kekuasaan: senyum di https://t.co/N0UaRhwW95,anger
@USER klo uang kana sudah banyak seperti daun kana gas membeli 10,anger
@USER Apakah Dean tidak punya uang satu sen pun untuk cari penginapan murah satu atau dua malam sampai harus menangis di halte...,love
@USER org-org ini bisa dicepetin nggak sih kena azabnya? ya Allah capek bgt lihat uang dihambur-hamburin buat hal yg gk berguna,anger
@USER @USER uyyy dd keohho! kita ketemu lagi di sini ternyata &gt;__&lt; taoi untuk bayarin belanjaanku ga dulu yah kota bayar masing masing aja ^__^ next kalo udah dapet uang jajan dihemat hemat yaah. jangan langsung dibeliin ip 17 promek 2 tb cash aracci?,love
@USER Ayahku kesehatan air listrik uang,anger
lagi pusing ga punya uang tiba2 ini lewat gak mungkin kebetulan kan? Apakah ini petunjuk ? https://t.co/0ZUX2Bqtnf,fear
@USER Terus kalau tdk dihubungi kpk uang ga jelas jd uang halal gitu?,anger
/cs Guys jajan merch semampunya aja yaa jangan sampai nyuri uang orang tua cuma buat beli merch. Be aware juga buat own go skz karena anaknya masih aktif coret/beli merch https://t.co/gMvR5OKprp,sadness
@USER Kangen uang w yg udh kepake,anger
@USER jangan lupa bayar uang keamanan,anger
@USER aku ga pake obligasi nder soalnya kadang merah jd pake pasar uang inii ijo terus selama 4 tahunan https://t.co/yHKwqexxgP,fear
@USER @USER Menyala uang pajak rakyat,love
@USER lebih insecure gak punya uang sih jujurly,anger
[OPEN PO] ARIRANG X SELLKOR Avail: Rooted In Music Rooted In Korea 195k dp 80k EMS TAX DP Berat &amp; Rate naik harga naik sebaliknya Cansel uang hangus hnr blacklist Admin Packing Jakbar,anger
@USER @USER ga kok waktu itu aku ga bawa duit. cuma dia yg buka conversation soal identitas aku. dia penasaran cara aku kalo main gimana rasanya gimana aku pancing mas nya mau nyoba? dia langsung pasrah. malah dia yg ngasih kontak + uang jajan.,anger
Apa aja yg mesti dipelajarin era sekarang cara trading bahkan hal2 kayak cara check in di lounge hotel 5* ngajarin cara pake kamera hp biar lebih bagus pas take video ngajarin aku pake laptop. Wkwk Kan aku emg gaptek yaa. Punya laptop aja karna ada uang dari open++ di sini.,anger
Rupiah sempat tembus Rp17.300/USD Beberapa bulan lalu masih Rp16.000an Artinya? Kalau lu cuma simpan uang doang Lu semua lagi kehilangan value dari rupiah lu tiap hari. Inflasi didepan mata. Masih mau pegang cash terus?,anger
@USER Dikira uang bapak moyang nya...,anger
@USER ya itu tadi uang mengatur negara termul juga gitu ada uang dia bergerak maju tak gentar membela yang bayar...,love
@USER gatau ya gmn tiap ngeluarin uang selalu bunyi kicaw ,love
selalu banyak masalah ga punya temen deket cuma kenal banyak orang ga pinter publik speaking belibet suara ga bisa keras gendut item selalu disalahin di keluarga ga punya uang bahkan mau beli baju ky org² aja mikir berkali kali ga pernah jsdi fav org,anger
@USER 1. Gibahin si A 2. Gibahin si C 3. Gibahin si B 4. Inflasi uang 5. Pamer BA 6. Adu outfit terkece 7. Nostalgia OA 8. Menu makan hari ini 9. Review konsep OA 10. Kirim menfess 11. Asmara artis 12. Pocong di Depok 13. El Nino Godzilla 14. Cara tidak insomnia 15. Adu lagu debut Dst.,anger
REAL BANGET DAHHHHHHH rasanya jadi banyak takutnya mau spend uang sendiri pun takut padahal untuk kebutuhan juga KAYAK ya Allah sedih banget rasanya,fear
@USER Sayang Duta Kalah Keok Pilpres gak diatur di Inpres terima nasib aja cari uang sendiri ,anger
@USER okeee nanti gue kinta uang ke pacarnya dd mueheheheh,love
@USER Astaga uang iuran npjs serius utk gaji orang2 gak guna begini?,anger
@USER Iya tuh. Yang itu suka pencitraan. Ya udah lah kalau gitu aku pake uang monopoli aja!,love
@USER Kak lain kali atuh ngomong dlu ke ibunya . Kalo mau minta uang nya ngomong aja bu minta uang dong sekian2 ,anger
Aku : Hadi ngen--- : Kubakar gerobaknya kalo jadi Tika kamu? Aku : Kupake jualan sih : Aku : Kan udah terlanjur dibuat biarlah jadi uang : Bener sih tapi *Perbedaan T dengan F* https://t.co/16Q52ysWH5,sadness
@USER @USER Background idol gen 2 rata miskin yg sampe miskin bgt kayak IU terus taemin dulu sampe pura pake headset krn gak punya uang beli music player. Eunhyuk tiap mau ke toilet harus numpang toilet stasiun. Cerita hidupnya sedih sedih,anger
@USER Pas muncul cuma mau minjem uang ,anger
Hmmm akal akal biar uang negara raib kan,anger
@USER iya lagi boros bgt kalo megang uang byk,love
Info freelance la wee buat bayar uang kos #gaymedan,happy
@USER perbanyak uang aja ga sih in this economy ,anger
HALOO!! lagi pusingin tugas?? gue open joki buat ALL tugas sd smp sma #butuhuang #butuhduit joki kartul benerin kartul translator edit vidio. lagi BUTUH UANG &amp; lagi nganggur jadi fast respon. murah aja bayarnya sesama pelajarr. #jokitugas #zonauang #jokitugasmurah,happy
@USER Gpp. Saling muts yg gk pinya uang,anger
Minjemin uang ke teman itu ujian persahabatan paling realistis. Tutorial menolak minjemin uang dengan tetap tidak memutuskan tali silaturahmi https://t.co/966sc3xvu7,sadness
Haji dan Umroh pakai uang haram bisa alami peristiwa aneh-aneh disana loh? https://t.co/oGMVQrmkHz,fear
@USER when yh bisa punya uang sebanyak dana mbg,love
@USER Nyebar ketakutan trs buzzer Soros??... Hati hati guys LSM LSM yg di kasih uang sama Soros lagi tebar ketakutan di Indonesia.,fear
@USER manifesting mau ganti hp juga taun ini pake uang tabungan yg aku kumpulin dr hasil kerja kerasku sendiri,happy
@USER jujur cari uang karena sambil jualan,anger
NGAPAIN MALU ANJJ YG PENTING BAWA AIR kdg ga rela fak ngeluarin uang buat sesuatu yang sebenarnya bisa di bawa dari rumah ya kaya air ini ,anger
Badan lemes terus padahal uang banyak. Pas di cek ke dokter katanya harus banyak makan sayur dan muah-muahan ;(,sadness
Scam dimana Anjirr lah nyari uang tuh yang halal Aja napa ‍️ Yang jualan jdi susah dipercaya kita yg beli juga jadi parno Masuk ke jahanam ajj dah lu para penipu smoga lu pda berak paku payung,anger
#zona uang need netflix satu hari 3k bisa qris,happy
@USER Semua cuma proyek menghambur2kan uang yg sejatinya milik rakyat.,anger
@USER uang hyung kan banyak.. beli satu dorm buat aku gak akan buat hyung bangkrut kok..,anger
Jilka hajinya mabrur dan haji pakai uang halal hasil kerja keras itu rasanya beda kalau sekarang ada yang haji dan umroh pakai uang tidak halal loh? https://t.co/p6oq8Na4UG,anger
@USER Download stockbit/ipot/ajaib/bibit dll untuk investasi saham dan jadikan uang berkembang lebih banyak. Kalau memang belum bisa ilmunya belikan tanah lagi aja. Minimal uangmu tetap ada. Kalau berupa cash seperti itu uang 100 juta sebentar aja juga tergerus dan tidak ada rupa.. ,happy
@USER dana haji uang rakyat di korupsi. yang korupsi ustads. haha... Yang satu koruptor yanh satu lagi hobo isap kontol sehingga dinakaman SPK. Syeikh Penikmat Kontol. Menjijikkan,anger
@USER Ada sih uang mah tapi agak sayang ,love
Yang kerja dari pagi sampai jam 10 malam. Tidak ada libur. Libur nasional pun tetap buka. Melihat kelakuan bosku setiap hari ambil uang di laci meja kasir buat jajan dirinya anaknya dan pacar mokondonya wkwkwk,sadness
YA Lord buruan bulan Juni biar gue bayar tuh uang pangkal kuliah. Biar gue ga berlagak gila mulu. Kudu diniatin kuliah lagi ,sadness
juara satu dah ngabisin uang rakyat,anger
@USER @USER Ngarang bilang lumayan dapat info darimana? Sodara ky kerja di golden geisha utk lulusan SMA tanpa pengalaman probation aja udah d gaji 3jt tiap masuk dapat tambahan uang makan siang. Laundry langganan ku pegawainya d gaji 4jt loh dekat ISI.,anger
halo min @USER pembayaran qris saya di @USER via wondr gagal dan tertulis dana sudah dikembalikan tapi nyatanya uang belum masuk. tolong solusinya.,anger
Terimakasih kak @USER uang jajan udah masuk Semoga rejekinya tambah banyak dan sehat selalu ya kak https://t.co/68b0zRfszn,love
@USER bawa badan dan uang,love
bahkan kalah sama mamah muda yang baru belajar bikin mpasi :)))) kalah sama ibu ibu yang cuma belajar dari internet buat bikin mealprep beberapa minggu sekali. emang murni bodoh nggak ada otaknya mereka tuh. keburu kena parasit dari uang haram,happy
@USER Uang ya?,love
@USER lucu banget bilang city tanpa uang ga bisa apa2. In modern football era ga punya duid ya emg susah buat bertahan. Bro look at ur club punya owner pelit ga mau keluar duid old trafford punya curug mau rutin tiap tahun ucl aja susah. Lo harus jujur that money matters in this era,anger
@USER Ga bawa uang cash haha,anger
@USER F26 karena single jadi hobinya cari uang #LoveStory https://t.co/JBay5I1Fht,love
Menteri agama itu bayarannya amal jariyyah Pahala.. kalau ingin cari bayaran uang Ya berdagang jangan jadi Menteri agama. Mau kaga luh.? Kelakuan Ulama Akhir Zaman omongannya seenak jidatnya saja. https://t.co/K01kfRXBKt,anger
aku tidak akan membuang waktuku untuk cemburu overthinking bersaing or membandingkan soalnya aku lebih suka ketenangan &amp; uang,sadness
uang jajan gwee....,anger
hari ini menghabiskan uang bagaikan istri bos sawit,sadness
Smakin ku scroll tu shopee thai smakin ingin ak mnghabiskan uang untuk anabul,sadness
Bahkan lembaran uang warna merah pun kalah cantik sama kamu. Merah menyala banget ini koko cindo mana ini.,love
Sebagai manusia yang liat uang nganggur sedikit sudah kegatelan dg lihat nominalnya aja gua udah bisa bayangin gua bakal taruh investasi mana+bisa prediksi perkiraan returnnya dalam beberapa detik mikir. Pemerintah lihat duit segede ini kenapa sll gatelnya foya2 sih Gapaham gue,love
@USER @USER Ya bs. Karena mungkin pemerintah menerapkan pengecilan uang dari 100000 jd 10 rb. ,love
@USER harganya bukan berupa uang tapi suatu pengorbanan alias lu mesti cari sendiri. https://t.co/sfDQcgYLTJ,anger
Motor listrik kaos kaki zoom. Ada aja akal-akalan mereka buat ngeruk uang negara,anger
padahal kata ibuku piring ini dlu harganya lumayan. malah kalau di desa-desa ini bisa digadein jirr /pax hajatan gt gadainya (dlu umumnya dipake hajatan). soalnya ibuku jg pernah minjemin uang tetangganya dikasih jaminan ni piringg 2 rantang ,anger
oh berarti teman2ku yang punya dapur mbg sudah punya modal uang lebih dari 2M lah ya under 30 risssszzz,sadness
@USER @USER @USER Nanti Adiknya diomelin loh Kak?kalau uang jajanku berkurang gimana..,love
13/13 Ibn Khaldun di abad ke-21 bukan soal membaca ulang Muqaddimah. Ini soal satu pertanyaan keras untuk kita semua. Kita punya uang ratusan universitas ribuan lulusan luar negeri. Apa kita ini sedang membangun ekosistem atau apa yg sedang kita lakukan ini?,anger
@USER Dan sampai saat ini program MBG mash berjalan dan orang pemilik SPPG itu tetap hidup enak dengan uang haram yg mereka terima. Miris,anger
hi world doain gua semoga beasiswa gua di acc in this economy beasiswa jadi last hope gua krn uang spp kalo di total bisa bikin ortu bangkrut jadi harus kejar beasiswa dari segala penjuru ,sadness
@USER @USER Orang Batak yg penting uang ga masalah belain yg salah tapi tidak semua,anger
@USER Buat makan ajaa. Album bisa beli kapan2 pas ada uang lebih,happy
Perempuan yg dicintai dg serius terus dia bilang gini JELEK AMBIL UANGNYA AJA INGAT INI CARI UANG SUSAH SEKALI BAHKAN NYAWA TARUHANNYA. DAN INGAT INI engkau punya bapak laki2 mungkin adik/kakak laki2 mungkin akan punya anak laki2.,anger
Yap! Coba flexing sesuatu tapi bukan uang atau harta,anger
@USER supirin ak ntar aku kasih uang makan siang,love
@USER halo kak sekarang uang kamu udah balik blm kak? aku jg ada gagal payment qris,fear
@USER Uang negara sudah dihamburkan secara membabibuta. Sebelum segala sesuatunya hancur ayo para mantan panglima bicaralah kalian bahas apa hayo. Jgn seperti bunted ditanya uangnya dari mana jawabnya: pokoknya ada,anger
@USER Selama ada uang semuanya bisa.,love
@USER kabur ?? mereka ikut naik haji kan sudah dan harus bayar?? apa yang perlu dijaga ?? untuk menghambur hambur kan uang ??,anger
@USER Untung ada tulisan coba kalau dimanipulasi uang nya seakan akan asli bisa bahaya itu,anger
@USER @USER KPK mentalnya hanya di kabupaten dan desa mau cari uang tambahan makanya cari di provinsi kabupaten mana tau ada uang dirumah dinasnya untuk dikutip lumayan jga kan.. kalau di pusat mana berani,anger
Alias dikira kasih uang 100k pas bayar... Dan dengan sifat busuknya malah ditilep dan malah buat makan makanan lain.. pas aku jawab gaboleh ga jujur haram ngeles buat tukang parkir jga dilebihin parkirnya aku jawab nambah dosa dong ngasih uang haram dia cmn diem aga jutek ,anger
@USER @USER Ternyata serangga suka merampok uang rakyat juga ya.,love
@USER Wajar atau tidaknya gak ada parameter nya sih. Yg penting punya tagihan/cicilan dibayarkan. Inget itu bukan uang pemberian itu uang yg dipinjamkan ke kamu.,anger
semoga the weeknd konser nnt uang gue byk dan waktu gue ada,happy
@USER @USER Uang gw 75 ribu,love
@USER hal hal seperti uang 5 miliar,love
@USER Hahaha rakyat lu bahkan rela mati dan dipenjara demi dapatkan jutaan rupiah dengan cara mencuri/membobol uang ATM dan selundup dadah/narkoba di indo https://t.co/6jROUxAGRP,anger
wkwkwkkw pusing uang sekolah,anger
Q; kalau kamu jadi benda mau jadi apa? ; aku mau jadi uang krn uang diinginkan dan diperebutkan(?) semua orang. KAU ATUR DEK https://t.co/YgUeTMc3Lx,anger
@USER Dan masih mempertahankan program yang gak tau arahnya dan gak ada SOP Jelas kek MBG yang bikin negara rugi di uang dan kesehatan (banyak yg keracunan) emosi banget sampe sekarang gak ada kemajuan di pemerintahannya,anger
Ralat 3-5 uang,anger
@USER pukpuk utk kita smg dibalas dengan kejatuhan uang 2 miliar usd (jgn rupiah krn anjlok) https://t.co/Jwhi8UhhfF,fear
@USER @USER Huhuuuu nangis banget pasti ade2nya pd trauma. Ibunya pasti magis bngt mereka cape2 kerja nyari uang trs ngerasa bersalah karena ninggalin anak eh anak mereka malah pd diginiin ,fear
untuk jangka panjang mending cicil saham atau reksadana pasar uang ya?,anger
@USER kalau ada uang 100 milyar di rekeningmu sekarang mau diapain?,anger
@USER @USER Jahat banget sodara ku dagang mochi ngegaji karyawan 1 5/bulan + uang bensin 120 itu kerja cuma 7 jam doang kadang klo udah abis cepet diperbolehkan pulang,love
ada aja godaan mau konser bjir uang uangggggg,anger
@USER Industri pencucian uang gan....,happy
@USER Tangkap jokowi Uda jls kok dia antek dari semua korupsi besar dlm negara ini. Lihat saja uang nya nga habis habis,anger
@USER setuju bgt selama si cowo masih mau usaha kerja jgn dikatain mokondo at least mereka ngajak kita ngedate pake uang hasil kerja mereka bukan pake uang ortu cmiiw,anger
@USER lewat tl selamat ya kak ikut seneng deh semoga nular juga bisa beli iphone pake uang hasil kerja sendiri,happy
Kalau gk ada uang ngapain jajan merch bjir merch cuman buat yang punya punya duit aja. Yang miskin tingkat atas minggir,anger
@USER @USER @USER Anjir gila harusnya dapet uang lembur tuh setau ku ada uu nya pdhl,love
@USER Jangan malu karena anak pedagang selama punya adap yang baik. Mereka masih hidup dari uang halal coba liat yang hidup dari uang korupsi mereka aja gak malu,anger
@USER Suami gua dengan bercanda dia bilang jadi selama ini beli buku sebanyak itu dengan uang aku kamu tambah pinter aja amunisi untuk mendebat aku juga?. Dan akhirnya kami ketawa bareng ... Not gonna lie.. tapi nikah dengan pria yang maskulinitas nya sehat tuh nikmat.,love
@USER Rakyat gk dikasi terpancing padahal pejabat kaya pengusaha &amp; orang kaya sdh switch tabungan mrk ke LN &amp; cash mrk sdh di converted ke US &amp; mata uang luar lain. Di bank tersisa tabungan warga yg gak seberapa itupun sdh diputar buat supporting proyek Presiden. Warga bisa apa??,anger
Ada kating cerita ke aku dengan bangganya menceritakan perbuatan jeleknya seolah oleh abis Nemu duit jadi dia dari coffe shop bareng temennya dan pesan sesuatu nih berdua menggunakan uang 50an dan waktu kasih kembalian itu kasir kasih kembalian lebih dari 50..,love
@USER Saya malas mengomentari manusia perintang waktu dan sy sudahnyatakan dlm diri saya bahwa jokowibitu tidak punya ijazah yg asli. Di sisa umurnya di habiskan uang untuk bayar pengikutnya pengacara y pelaku pendukungnya ada dilingjaran kabinet Prabowo saat ini.,anger
ya Allah mau uang ,anger
@USER @USER bagi uang boleh?,love
Bukannya pelit apa gimana ya masalahnya blio kaya gaada niat mau balikin juga bjir wkwkwk. Udah kuikhlasin si cuma masih keinget aja betapa bodohnya aku meminjamkan uang segampang itu. Kalo mamaku tau pasti dimarahin,anger
Polresta Yogyakarta yang dipimpin oleh Aiptu Gatot Hertanto laksanakan patroli dialogis dengan pelaku UMKM (Usaha Mikro Kecil dan Menengah) Agar lebih berhati hati dengan aksi prlaku peredaraan uang paksu yang memanfaatkan kelengahan pemilik UMKM dan jika mengetahui adanya,sadness
@USER Antisipasi maraknya aksi peredaraan uang palsu Polsek Ngampilan giatkan patroli dialogis dengan pelaku UMKM.Sabtu 25/04/2026. Dalam rangka mengantisipasi maraknya aksi pelaku peredaraan uang palsu personel unit patroli Samapta Polsek Ngampilan https://t.co/nTD6RkcAeH,anger
@USER @USER @USER Minco boyen = bocah sepulu yen Lupa pas dari korea ga dapet uang won,happy
Premier League: hak siar = mesin uang La Liga: Push activation kayak Retro Weekend &amp; 🆙 engagement Serie A: masih beresin masalah klasik SKANDAL WASIT ￼ https://t.co/hYikGdo1Ha,sadness
@USER @USER @USER Lupa kemaren pas pulang ga dikasih uang saku krw,love
Aku inget banget dulu awal awal ngekos ada temen yg minjem uang ke aku 100k padahal kenalnya cuma karena ada 1 matkul yg sama doang. Tapi tetep aku pinjemin walopun uang jajanku waktu itu posisinya lagi lumayan pas pasan juga. Eh sampe skrg blm dibalikin,fear
Pejabat yg kerjanya ga efektif dan efisien program yg ga relevan ke masyarakat malah hambur2 uang ga ditutup sekalian? Pilih kasih,anger
@USER Kalo ga punya uang ya ga ush main jauh2 emg di bogor ga ada mall?,anger
@USER kalau ada uang ya kenapa engga di Indo mah lama kan:(,anger
APA-APAAN ANJING TIBA-TIBA BAPAK GW NYELETUK SAMBIL LIRIK KE GW BILANG Gas pol ndangak ndangak ndangak. NGENTOT NGAPA LIRIK KE GW JUGA ANJING. DI UANG-ULANG LAGI ANJIR,anger
@USER @USER Kalo untuk editorial gini memang biasanya penulisan nominal mata uang ribuan triliun atau lebih ditulis Rp1.000 triliun atau Rp1 juta triliun. Jarang banget pake kata kuadriliun.,love
@USER @USER @USER ga ah males mengeluarkan uang buat dia,love
langkah gw pendek bgt berniat untuk membuka eyemakeup tiap konser koreya laki gw blg gausah kerjalah nanti kamu item emg uang dari aku kurang? LAH BUKAN SOAL DUIT TP GW SUKA,happy
e ngga deng buruh uang aja ternyata,anger
Pelatihan Membuat Buket Uang &amp; Snack di Cirebon Persyaratan dan Cara Melamar klik link dibawah ini: https://t.co/rAZTwufkSg,fear
real. 'kan kerja cari uang buat makan',anger
@USER Jujur aja sampai detik ini belum pernah keluarin uang sama sekali untuk K-Pop selain streaming kata temen dan kakak gue sekalinya nyemplung bakalan susah keluar alias jajan mulu. Tapi disisi lain dari gen 2 sampai gak punya perintilan apapun ,love
OG crypto gak cuma pegang uang mereka muterin lagi. Dari fiat jadi aset dari aset jadi peluang baru dinikmati hasilnya. Sementara yang lain? Uang datang langsung habis tanpa sempat berkembang Blocktroopers tipe yang muterin uang atau langsung habisin buat pacar nih? https://t.co/KKTT52IDPj,anger
pentingnya kuliah yang benar ya kak dan punya uang sendiri,anger
@USER EFEK DOMINO JOKOWI 10 TAHUN UANG NEGARA DI GARONG2. TIDAK ADA LAIN. HANYA JOKOWI. 11 RIBU TRILYUN.,anger
ketika aku &amp; kaka iparku berkata gapunya uang disitulah kita malah belanja,love
@USER ditraktir tapi pake uang masing masing :),love
@USER ga ada orag suka kerja adanya orang yg suka uang utk sebagian besar orang kerja adl cara mendapatkan uang,anger
@USER yakan kak aduhh uang 500rb kita itu,happy
@USER Pi adalah mata uang digital baru yang dikembangkan oleh Stanford PhD dengan lebih dari 55 juta anggota di seluruh dunia. Untuk mengklaim Pi Anda ikuti tautan ini https://t.co/AQzhJzSBS0 dan gunakan nama pengguna saya (Yemryevendy) sebagai kode undangan Anda.,love
Percaya uang akan datang gw co...hehehehehehheh,anger
@USER ka balikin uang ku,love
Sefruit nasehat ke sepupu-sepupuku yg masih gadis juga NPD juga salah satunya tapi yodah mungkin sebagian orang butuh cinta aja bukan uang https://t.co/6gk9Sgi23q,sadness
@USER @USER Aku error ka mana mau ambil uang:(,love
punya pikiran apa sblmnya sampe berani mencuri uang ibu mu kak??? pdhl kl minta baik2 ke beliau &amp; kasih alesannya buat apa jg dikasih ga sih km?? anjir jahat bgt,anger
@USER Cari jalan tengahnya aj. Buat negara yg belum meratifikasi UNCLOS maka RI berhak untuk memungut uang keamanan dari kapal-kapal mereka yang melintas...,happy
Mau curhat aplikasi booking kebanyakan ga akan refund uang tamu yg cancel kalo ownernya ga accept cancel request. Berapa kali aku dapet cancel request dadakan gitu dan kalo aku jahat sebenernya bisa aja aku reject biar aku yg dapet duit. Tp ga tau kenapa aku selalu ga tega.,anger
malesin bgt kalo udh berurusan sama uang,love
Daripada keluar uang jutaan buat ganti spul set mending pasang Soket Anti Kode 12 ini sejak dini. Pemasangan PnP (Plug &amp; Play) nggak ribet dan yang pasti jauh lebih awet dari standar pabrik. ️ ​Mumpung lagi diskon di Shopee: https://t.co/IiYVp5X3fR https://t.co/K1rqRqLlhH,anger
@USER HAHAHAH bukan mas. Santunan anak yatim dari anak yatim. (Uang jajan dari kakakku),anger
@USER 10 tahun Jokowi... RAMPOK2 UANG NEGARA.,anger
@USER Katanya laki2 kalau ga diambil Tuhan ya diambil cewek lain. Kalaupun tu laki setia gimana kalau tiba2 meninggal dipecat dll. Kita ga pernah tau. Punya uang sendiri juga membuat kita punya power to leave anytime the marriage doesnt serve us.,anger
@USER Hahaha ya begitulah kak. Walaupun uang balik lagi ya tapi kan ga dpt tiket,anger
bismillah Ya Allah taun depan ya apapun merk nya pokoknya hp baru uang sendiri cash buat DIRI SENDIRI aamiinn,happy
@USER Gimana bisa makan kalo negara ga bener? Mikir benerin negara dulu Uang naik bahan naik eh ntar anggaran juga naik wkwkwk ancur,anger
 Duhh gimana ini guru pada mengeluh kehidupan ga sejahtera berarti kita tutup sekalian aja prodinya biar pada gak mau jadi guru. Murid nya dikasih MBG suruh belajar pakai AI begitu lah kalau Tuhannya uang dan kekuasaan.,anger
Kalo belum mampu beli merch tolong banget jangan sampai nyuri uang orang tua apalagi orang tuanya sampe chat ke own go buat bantu jualin jajanan yang kalian take. Dan tolong banget jangan seenak jidat cancel padahal barang udah sampe ina. Merch gaakan dibawa mati guys beli https://t.co/Es00YyD9AZ,anger
@USER baru kejadian tmn gw ada project dapet budget 15jt sm sononya di tf 150jt wkwk. mn dia checknya pas bangun tidur langsung melek semelek2nya untuk gak di introgasi org bank krn tbtb ada uang gede wkwk,fear
it's so mee kaget bgt kemarin ditanyain tabungan sama bibi aku in this economy + aku udah ga di kasih uang sepeserpun sama ortu bahkan aku ikut bantu beli kebutuhan keluarga + masih harus bayar ukt 3 8jt kos sehari hari dan tetek bengek nya...,fear
@USER @USER Udah ku spill aku tukang abisin uang yang penying gak abisin uang rakyat yaaa,love
@USER Anakku: Bunda kerja mulu Aku: ya kan biar dapet uang Anakku: oh biar aku bisa bergaya ya? BERGAYA.,love
@USER yg cewe ga setuju sih itu mereka cari uang sambil nunggu jodohnya dateng wkwk,anger
@USER gue diem bukan berarti gue gak tersinggung ya gue liatin lo ngejokes kaya gitu mulu ke gue kaya gini sekali dua kali gapapa tapi kalo sampe tiga kali empat sama dengan dua belas ditambah sepuluh jadi dua puluh dua uang nya dua puluh lima puluh salam kenal? https://t.co/FZTq3k634G,anger
@USER Biasanya tanya admin kasih bukti tf dulu atau langsung ngelist ya min . Terus kalau bisa gamau dp dulu maunya langsung lunas takut lupa terus pas pelunasan gaada uangnya. Dannn beli sesuai dg budget yang di punya kalau gaada uang gausah beli dulu.,fear
@USER Aku kalau lihat gini jd bersyukur jadi full IRT anak2 selalu dalam pantauan. Walau kadang ngenes kalau uang belanja bulanan gak ada kembalian. Gagal checkout sepatu batminton. ,love
@USER @USER Kalau sama sama ngabisin uang kapan kaya nya dong ,love
Rekor terbanyak aku nemu uang itu 5000 yen di salah satu gang kecil di kota Tokyo yg masih basah karena abis hujan pada malam hari.,sadness
knp y punya hobi mhl bgt (mnurutku) kek ..mnumpuk buku meronce mnontn konser.. aaaaaaa UANG MANA UANG,anger
@USER @USER @USER abis ngehasilin uang terus penyakitan ya? bool gue dirawat kok dan emang dipake peruntukannya,love
bagaimana bisa sakses jika uang habis utk isi form po,anger
Di sudut ruangan yang temaram Miyano duduk bersila di atas tatami. Ia sedang berkunjung ke rumah nenek dan ini hal pertama uang ia lakukan. Matanya tertuju pada selembar kertas lusuh berisi syair kuno karya Matsuo Bashō. &gt;,sadness
@USER @USER Pinjam uang masnya dulu bisa nanti saya gantiin kalau ingat mas.,love
@USER Guru itu pengajar tp cuma sedikit yg jd pendidik Maaf jg anak2 skrg krisis keteladanan krn hampir gak ada di negri ini yg bisa dijadikn teladan ortu nya sibuk nyari duit buat bertahan hidup pejabat negara ny sibuk memperkaya diri dgn uang haram anak2nya jg makan dr uang haram,anger
@USER Iya aku ngerasain kok apalagi beda pulau gitu . Tim nunggu oren tapi gak punya uang akunya ,love
@USER Karna itu uang udah masuk di bank seabank saranku mending 80% masukin di deposito seabank sekalin ambil jangka waktu 1 tahun lumayan bunganya yang 20% untuk pegangan aja,love
Makasih temen kuu doain aku sukses yg baca juga sukses aamiin biar aku balas jasa² mu yg mau minjemin aku uang buat byr UKT di pinjemin laptop antar jemput bahkan buat makan siang aku di kasih kadang aku kalau malem suka nangis kapan ini berhenti,happy
ㅤ uang sisa dikit di atm dan habis melakukan adegan berbahaya sebelum tanggalnya ditf donatur siap siap mulai besok makan di rumah mulu ㅤ,sadness
dgn sisa uang 49rb harus bertahan sampe akhir bulan APRIL LAMA BGT WOYYYY https://t.co/xz3uFXLXZE,sadness
@USER Demi uang segepok why not bes,happy
@USER @USER @USER Ya itu bool lu aja yang useless bool temen gw selain bisa di pake orang ngehasilin uang juga makannya punya bool dirawat biar berguna,love
@USER Alokasikan uangnya untuk : 1. Kursus atau kelas pokoknya ningkatin soft &amp; hardskill 2. Modal untuk kerja keluar negeri 3. Simpan x6 bulan sesuai gaya hidup yang sekarang (jangan dihambur hamburkan karena pegang uang),happy
@USER Tuh kan bener jadi mubadzir dech uang 14 triliyun itu bisa beliin mobil untuk seluruh rakyat Indonesia ,love
UANG RAKYAT DIBUANG BUANG TANPA ADA GUNA. KECUALI MASUK SAMPAH.,anger
@USER Anggaran ga mungkin turun jika tdk di tandatanganin DPRD dan verifikasi kemendagri Gub bukan seorang Raja yg bisa seenaknya gunakan uang negara.,anger
@USER Mrk menghambur2kan dan berpesta dgn uang hasil keringat dr pajak rakyat tunggu saatnya azab datang PD mrk..rakyat seluruh Indonesia TDK akan memaafkan mrk kecuali para TERMUL2 Wowo dan jkw,anger
Semenjak pembayaran bisa cashless udah gak pernah mungut uang up to 300rb di jalan. *hestek STOP QRIS*,anger
Oke lah pak siap tapi lebih enak di medsos lah biar dunia tau pengelolaan uang negera harus benar dan transparan. Gitu aja kok repot sih pak.. https://t.co/Ph23c0SEAG,sadness
@USER iya nih lagi nyari uang buat nikah (?),love
@USER @USER @USER Kalo aku punya uang dan waktu gabut gpp kuladeni sekalian,love
@USER Aman.. Aamaaan.. Kita punya banyak uang.. Rinciannya gimana? Pokoknya ada!,anger
@USER aku dlu collect pc sama album juga tpi udh pensiun krn ngerasa terlalu buang uang bgt jadi support bentuk lain aja dgn keadaan sekarang mendingan buat kenyangin perut aja nder tpi klo mau beli buat reward juga bisa kok asal jngn sering,love
uang pangkalnya 40 jeti. mending ke SVP aja udah.,anger
knapa si dunia perlu ini itu klo ga pasti uang gue udah banyak,anger
@USER Pada dasar nya siswa dr keluarga mampu itu tidak butuh MBG. Sebaik nya MBG diberikan kpd siswa tidak mampu di setiap sekolah dalam bentuk uang tunai kepada orang tua siswa tidak mampu dng demikian tidak ada pemborosan anggaran.,anger
semenjak beli barang di orang itu ga pernah komunikasi lagi even dulu nya segrup skrng mencar cukup tau aja uang gua habis di dia hampir 1jt awalnya barang gabisa di gunain samsek dan gua diemin bbrp hari itu barang karna merasa muak akhirnya gua akalin pake lem tembak,love
@USER Aplikasi uang uang,love
@USER Cepet akurnya ya uang memang segalanya walau salib sudah dirusak terus digantiin yg baru langsung akur bro,happy
Ihh abang ku nii pengen aku pukul masa anaknya minta jajan malah disuruh minta uang sama aku,sadness
@USER Dih kenapa deh? Sheikh Mansour my lord my savior gak ngasih uang dan dukunnya? ,anger
Should i do part-time? Uang jajan tipis banget bruh. Info part-time deket ui/kukusan fleksibel,happy
@USER eror kok jam segini min? yang bener aja dong uang saya gimana?,anger
@USER saya minta uang buat saya istri dari yunho,anger
@USER uang cibu aja bil,love
Udah ditahap menolak ajakan nikah muda dan aku ngerasa bakal nikah mungkin umur 30an bodo amat kata tetangga gimana juga soalnya banyak yang harus aku kejar apalagi mimpi aku tuh pengen punya usaha sendiri biar berhenti kerja tuh uang tetep berputar gitu,sadness
@USER Koplak! Ni gegara kehabisan uang....pusing 7 keliling. Efisiensi sdh dilakukan tp pengeluaran fantastis utk MBG KMP jalan terus. Hasil dr eksport dan pajak ga bisa nutupi defisit anggaran. Tabrak sana sini...,anger
@USER Pi adalah mata uang digital baru yang dikembangkan oleh Stanford PhD dengan lebih dari 55 juta anggota di seluruh dunia. Untuk mengklaim Pi Anda ikuti tautan ini https://t.co/AQzhJzSBS0 dan gunakan nama pengguna saya (Yemryevendy) sebagai kode undangan Anda.,love
Gatau aja uang warga indo bisa buat embege bertahun-tahun ,anger
@USER Mode survival.. Tetapi uang rakyat dihambur2kan pada program yg tdk prioritas dan tidak akuntable..,anger
@USER Banyakan uang kakak tuh tapi,happy
Lebih butuh uang sih sejujurnya https://t.co/aT3igkkxEk,sadness
@USER @USER Jgn pcy si penghianat. 11-12 dgn jokowi setali tiga uang.,love
ceritanya spending uang buat jalan2 keluar kota. Beli2 barang tersier. Branded stuff. Device pemuas sosmed dan gengsi. Eh ya Allah kurang bersyukur ni bocah Dipikir2 keren juga ortuku ga ngasih kepuasan tersier ke aku. Tapi tetep ngeprovide sekolahku,sadness
@USER @USER Mohon maaf ini konsepnya aku bukan ngabisin uang ku buat mokondo yaaa :(,love
Kita Mikir Nih Jadi Cowo Harus Ada Pematangan Uang Ada Yang Namanya Bangun Rumah Buat Masa Depan Istri Sama Anak Kita Belum Mikirin Gimana Strategi Buat Persiapan Diri Usahakan Diri Kalau Belum Punya Apa Apa Cari Uang Terlebih Dahulu Kita Harus Mikirin Biaya Rumah Biaya Angsuran,anger
@USER Mohon dicatat dan dikalkulasi. Rata-rata sisa kuota saya sekitar 15-30 GB setiap bulan yang hilang entah kemana ? Kalau saya pakai nomor yang sekarang sejak 1998 berapa ya uang saya yg hilang sampai hari ini ? Ada yang bantu iseng menghitungnya ? Terima kasih.,happy
@USER jadi orang kaya raya banyak uang kak,anger
@USER agama dan uang,love
Hahaha pembahasan ini curhat ke tmn cwo bilang mau lanjut s2. Di bilang ngapain buang2 uang:),anger
 Kalau uang habis harus cepetan ngomong ya -mama,sadness
Bulan Agustus 2024 pertama kalinya kerja. Awal kerja niatnya masih ngumpulin uang buat biaya kuliah tahun depan. Tapi tiba-tiba kepikiran pengen lancar bahasa Inggris dulu lalu cari-cari tempat belajar bahasa Inggris yang bagus dan murah,anger
mau ngeluh merasakan apa-apa naik kebutuhan pokok naik pokoknya uang 100rb jujur kyk gampang bgt habis. tapi disela-sela itu masih dicukupkan sama Allah alhamdulillah. harus banyak bersyukur buar hati lebih ringan. tetep terus berdoa semoga Allah jaga semuanya,sadness
ada yg tau uang gw kmn,anger
Nyoba ke threads utk nyari info kasus daycare jogja...... Klo gw yg jadi bapaknya si anak korban daycare gw bakalan mode john wick dgn penyesuaian. Ni ortu ortu anak korban harusnya bisa dapat uang denda skala miliar https://t.co/XbgeZcUpSj,sadness
@USER Hi Yuha. Adekmu @USER mau pinjam uang seratus. Boleh?,happy
Aku juga bisa pake uang monopoli:)) Tinggal nyari partner aja,love
aku ngumpulin dr sisa uang saku skull n eskul buat mng eh mala gahoki lagi ajg pdhl tabungan udh lebih gocap lohya ,sadness
Pengalaman dari keluarga miskin yaitu setiap anak tidak ajarkan cara mencari uang logika masuk keluarnya uang tetapi langsung disuruh mencari uang tanpa dasar pondasi mencari uang itu seperti apa.,anger
dulu smp tiap dikasih uang 150k buat uang jajan bulanan di asrama kebanyakan mesti sisa sampe jatah bulan depan. sekarang sekalinya keluar rumah dan mata lapar 150k habis gitu aja... mana parkir tiap berhenti kadang beda²‍️ada yg seribu dua ribu bahkan empat ribu..,anger
@USER @USER Aku bantu ngabisin uang bole,love
