tweet,label
@USER Jangan takut kompetisi jangan takut kompetisi. Berak. Sono ngomong ke temen lu Bahlil. SPBU luar sangat dibatesin geraknya buat usaha disini. Ngomong jg ke org dpr yg punya grup singa terbang yg memonopoli banyak rute lokal. Giliran dosen disuruh kompetisi. ,fear
Mau pake tumbler partai ada muka bahlil segede gaban dan kalaupun itu satu satunya yang gua punya akan tetap gua bawa apa urusannya sama pikiran orang bodo amat lah Pls stop mikirin perasaan orang lain itu hal utama drpd diri lo sendiri your life matters.,happy
@USER Buzernya bahlil itu kah bon?,happy
Warning lebih banyak dari hasil kerja Bahlil tapi masih dikira game yang aman buat bocil tolol https://t.co/diTB1jyNhs,happy
@USER adiknya bahlil berarti,happy
jelek bgt sinyal kek muka bahlil,happy
@USER Banyak2 dengerin kasir negara pur ngomong dah. Kalo belon puas dengerin Dadan. Masih kurang? Dengerin Bahlil. Dijamin . Anda akan merasa lebih waras dari mereka ,happy
@USER pak tedi mah baik cuma di bahlil itu yg harus dan harus dibuang nyusahin rakyat mulu,fear
@USER @USER Haha gambar Bahlil asli yang cerah banget tadi itu loh! Yang di reply sebelumnya. Dah capek ya? Oke deh mending nonton JKT48 bareng Marsha-nya. Lucu banget sih! Kalau mau edit ulang bilang aja ya ,happy
gamau di samain sm bahlil ,sadness
@USER @USER Sudah diedit jadi Bahlil Lahadalia ya! Cerah banget juga nih. https://t.co/TjO7zNFDap,love
Fakkk abis liat salasatu komen di tt MBG: mas bahlil ganteng ,happy
@USER Cari bahlil,happy
@USER de bahlil lelaw,happy
@USER Emang Bahlil udah ngelarang kangen sama temen ya? ,happy
side nya apa tuh? kalo bahlil saya gak mau.,anger
Pengen ganti nama jadi Dinda biar dipanggilin mulu sama Kanda (Bahlil).,sadness
BGN MBG PRABOWO GIBRAN BAHLIL DADAN DAN SPPG ADALAH WORD TRIGGER BAGI GW,anger
w kira bahlil anjing,happy
@USER Ponakannya bahlil begini nih.,happy
Pemerintah tetap menjaga stabilitas energi nasional. Menteri ESDM Bahlil Lahadalia menegaskan BBM subsidi tetap dilindungi untuk masyarakat #berita #bahlillahadalia #darirakyatuntukenergi #esdmfu https://t.co/PQ7m2q6H3X,anger
@USER 2 menteri terbodoh @USER 1. Bahlil 2. Purbaya Menteri Keuangan pelawak,anger
@USER @USER Ibu peri lebih baik balik ke khayangan lagi soalnya di bumi ada Bahlil. ,happy
Setelah liat pernyataannya Bahlil tentang baca buku gw udah gak heran kok kalo rezim ini bikin kebijakan kayak gini.,sadness
@USER Saya lapor Anda ke Pak Bahlil ,happy
@USER @USER @USER @USER @USER @USER mahasiswa bahlil,love
@USER Astaghfirullah kak ini mah udh jelas2 bullying gaada merasa bersalahnya jg. Kalo mereka sindir2an lagi blgin gini selama ini berarti kalian tuh sadar dong kalo berisik dan ganggu kenyamaan orang? Kalo mau teriak2 mending ngekos di hutan aja dan semoga jodoh lu mirip bahlil ,anger
Damn. Selamat datang fasisme. Makin mengamplifikasi komentar Bahlil soal Udah bukan ilmu buku lagi dismissing ahli anti-intelektualisme,anger
@USER usn @USER nyebut bahlil sekali kiamat maju satu abad,happy
@USER foto bahlil terima ga?,happy
Ada tulisan khusus yg isinya ilmu utk mendidik gak dibaca giliran fanfic malah disuruh jadi tulisan yg mendidik. Negara udh tebolak balik emang efek bahlil,anger
Iteman gw apa bahlil,happy
@USER @USER Wkwkwk.. gw aja gak ngerti cara nya.. Yg ptg puas aja Punya hobby bacotin Bahlil!! Duit Yahudi jd gak pentink ,anger
@USER Bahlil datang mau borong buat jumat berkah boleh gak min,happy
Kata gua mah ngedadak sih ngedadak tapi kagak gini juga lah bahlil,happy
@USER Percuma ganti. Kalo aslinya susunan kabinet cuma: 1. Prabowo 2. Teddy 3. Kepala BGN 4. Bahlil. Yg lain pajangan doang . Ga ngefek,anger
siapa yg setuju bahlil unggul 1-0 sama shinichi kudo https://t.co/ztLdAvXUca,sadness
@USER coba liat paling sebelas duabelas sama bahlil,happy
@USER Bahlil pun ga percaya,happy
oppa bahlil,happy
pas nebak pw kek apa ya... bahlil? eh itu mah 6 pas mikir lagi.. oalah ternyataa dan di ketik ternyata lngsung bener kwkwk,happy
@USER pake ava Bahlil,happy
@USER Ngapa si bahlil,happy
@USER kudo shinichi vs bahlil menangan siapa by,happy
@USER Kalo gw jadi dia gw juga tulis tuh nama bahlil,fear
@USER di bisa bisain masa bahlil jelek aja bisa nerobos jadi mentri kamu buka gituan aja nda bisa,happy
@USER Bahlil kah lu dik,love
@USER Kamu mau bub aku ya kakak Bahlil.,love
@USER temen gw kmren ada yg pamer gini besoknya disamperin bahlil https://t.co/zKqCyecD83,anger
Gimana postingan ttg JKW Bahlil ataupun Teddy jadi pundimu kan? sudah terima kasih belom ama mereka?,happy
@USER BAHLIL,happy
@USER beby sering ketemu bahlil nggak ya,happy
Sangat Masuk Akal Jika Bahlil Di-Reshuffle https://t.co/nYatHrfGjG,fear
Bahlil gw ilang https://t.co/M1n0XWhZOZ,sadness
@USER Kenapa ih kk pake bahlil iconic tuh nanti gavin ft bahlil ,happy
@USER bahlil menyukai tweet ini,happy
@USER tahu bahlil,happy
Ini kalo gak di acc parah aduin bahlil soalnya udh nurunin gengsi,sadness
@USER Ga tau. Enak semua soalnya mau manapun bisa ngaduin bahlil monokotil dkk nya ke atasan.,happy
@USER bawail bahlil,happy
Sebenarnya saya pengen bikin akun perlawanan terhadap pemerintah. Tapi ya saya mikir2. Udah paling enak itu nyerang Jokowi-Gibran-Bahlil aja aman. Jangan nekat nyebut nama Mr P,sadness
@USER Tanpa Jokowi dan LBP mustahil Bahlil jadi Ketum Golkar.,happy
@USER Percoyo opo milih dari Adine bahlil,happy
@USER Milih percoyo opo Adine bahlil,happy
@USER Iya makasih ya Semangat jg kita semua termasuk pak bahlil dan limbad,love
orang yang hampir confess (bahkan udh confess tapi blm ngajak pacaran) trnyata bisa jg ga keep contact seharian. gue masih heran tapi yg gue tau dia emg sibuk bgt tapi dia emg kaya tai jg ngalahin bahlil sibuknya. apakah gw hrs jadi cegil nanya lgsg bang ayo kita pacaran aja,anger
@USER wkwkwkwkwkw ya kaan kaaa aku mikir kesitu aja walau gak proper sih udh bayangin bisa foto di umbul2 ming bareng poca + doll eh kampret kaga ada tapi yaudalah dripada umbul2 bahlil makin gamau akuuu. wkwkwkwkwk macam kader golkar nantinya kaaa ,fear
@USER Yang jelek di dunia ini cuma Bahlil,happy
Bahlil takut nanti butuh suara PDIP tp gak sejalan dasar politisi Padahal Golkar itu inisiator pertai dg pergantian ketum paling baik menurutku jd tidak ada yg dominan berkuasa di partai,fear
@USER Ogah bgt liatnya jir lu harusnya ke IA skrg gan foto bareng sama bannernya bahlil ,anger
@USER Sekelas Bahlil &amp; Kapolri aja takut Ganti Kapolri kalau berani,fear
@USER YES alhamdulillah aku udh menanti hari ini tiba Terimakasih bahlil terimkasih satpam terimakasih ya Allah,happy
@USER gambarin bahlil kak,happy
@USER Ada aja yang pancing auto demo besar ini kaya agustus. Ayo bahlil naikkan harga solar-pertalite!!,anger
@USER bahlil upsss maaf kalo benerr,happy
Aku dan kamu ngobrol berdua terus kita bicarakan masa depan yang sirik fix temennya Bahlil sama Dadan,love
inikah saatnya...... pls bahlil aja kek sono yg wmil gt,anger
Jaga Marwah Diplomasi Presiden Prabowo Ambil Alih Peran Lobi Menteri Bahlil https://t.co/EhkhJvZXFF https://t.co/faMNquSUzv,happy
@USER KENAPA JARINYA BAHLIL SIH,anger
@USER @USER Kecewa gak kalo tanggal 29 nanti kita mau pap mukanya pake muka bahlil dan kawan kawan? Coba tebak admin Creamoire ada berapa? Kalo bener saya kasih tepuk sakinah.,fear
@USER @USER fukkk . untung aja gak dikutuk jd bahlil,happy
Idrus Marham Respons Keras Hasil Survei LSSIR Soal Bahlil Lahadalia: Bertentangan Dengan Fakta &amp; Akal Sehat #bahlillahadalia #kuningkeren #golkarindonesia #partaigolkar #GolkarSolid https://t.co/q8sPX045F6,happy
@USER mbah yunah ga lari dia mau nabok bahlil pakai tabung lpg koket itu,happy
@USER Mao rapat remaja masjid sm Kakanda Bahlil,happy
NOT BAHLIL PHOTO OH MY,happy
@USER @USER Ingat kata bahlil matikan kompor setelah memasak ,fear
gak pernah kepikiran bakalan dipanggil dinda sama bahlil,sadness
@USER kak... positivenya aja yuk yaudah gapapa gak ada umbul umbul daripada kaya treasure dipasang umbul umbul bahlil makin sedih yang ada kak nangis kejer mah aku kalo 3logy kmrn dipasang umbul umbul partai,happy
@USER EH JUJUR BANGETTTT AKKK mau cekek bahlil,anger
@USER @USER Bahlil Pigai Dadan Dimaki satu Indonesia pun tetap tegar masa lu kalah sama mereka ,love
@USER muka kayak bahlil gitu sok2an buka celana astaga,happy
Sabtu 25 April 2026 Menteri Bahlil menghadiri pelantikan DPP Partai Golkar di Jayapura Papua. Kehadiran ini menjadi momen untuk memperkuat semangat kebersamaan persaudaraan dan komitmen Partai Golkar dalam merangkul seluruh masyarakat termasuk di Tanah Papua. https://t.co/79piGx3SlJ,happy
@USER Di buku juga ga ada menjelaskan bagaimana caranya menutup aib dg pergi umroh mendadak saat foto opa bahlil viral sedang minum hibiki,anger
@USER otw mas bahlil,happy
@USER Wahh hadiah pap bahlil ini berhargaaa banget ,happy
Ini pak bahlil masih disana ga?,happy
Kentot kentot negara gila di luar negeri aja banyak jurusan aneh bahkan mistis pun ada tapi negaranya maju maju aja. Di indo nih ngentot bgt pemerintahannya. BAHLIL,happy
Saat ini rupiah di angka 17rb. Perlu di ingat ini bukan krisis ini dampak dolar AS nilainya mnguat.. faktanya ekonomi Indonesia saat ini masih tetap kuat dan stabil.. #rupiah #dolar #purbaya #bahlil #jagaindonesia https://t.co/mEIvvjHOLO,sadness
keren loh bapak bahlil https://t.co/UhgVGqPk5b,happy
@USER Dari bahlil,happy
@USER Gestur bicaranya kok persis Bahlil ya?,fear
alasan bahlil left dari treasure,happy
ngakak kemaren gw baca ntah dimana ada yang bilang udah h-1 tapi semua masih muka bahlil,happy
@USER Jelek banget kaya Bahlil,love
Menteri Energi Sumber Daya Mineral (ESDM) Bahlil Lahadalia memang layak dicopot menjadi menteri. Pasalnya beberapa kebijakan Bahlil dinilai merugikan publik Selengkapnya baca; https://t.co/8cJ6TZ1Sn3 https://t.co/0bpqUpyCag,anger
@USER 8. Dadan 9. Bahlil,happy
ga pernah ga cekikikan kalo ngomongin bahlil bareng ade gue,happy
@USER bahlil siapany nithan,happy
@USER bahlil sabar kokk,happy
@USER @USER pasti caca sedih banner bahlil di ganti ,happy
Menteri ESDM Bahlil Lahadalia mendukung penuh subsidi motor listrik sebesar Rp5 juta yang disiapkan pemerintah. Ini merupakan langkah untuk mempercepat transisi energi bersih dengan beralih ke motor listrik yang lebih hemat.#bahlillahadalia #darirakyatuntukenergi #viral #esdmfu https://t.co/fnl3fBnYnP,happy
@USER @USER @USER @USER @USER Lu pasti terpesona bahlil,love
@USER Iyakaaan!! Ini syukur banget ada moots baik yg mau kasih informasi terkait pintu masuk buat rv b Emang halal banget dikasih street banner bahlil si ime ini greget aku,happy
Menteri ESDM Bahlil Lahadalia menegaskan pentingnya kebijakan DMO batubara untuk menjaga kestabilan pasokan energi dalam negeri. Ini adalah langkah strategis untuk memastikan listrik Indonesia tetap stabil #bahlillahadalia #darirakyatuntukenergi #viral #esdmfu https://t.co/hXVlniT0KZ,happy
@USER siapapun tolong buat permintaan gulingkan rezim saat ini trus buatnya pake deepfake muka bahlil aja trims,fear
@USER Masak gosong mulu. Ga patuh ma nasehat bahlil..,happy
Aku mendapat kabar dari si Bahlil kalau nanti malam nithan live,happy
Ini bersebrangan sama banner treasure atau udah dicabut? Kalau belum ayok kita cabut muka bahlil ini kesel banget sumpret wkqkwk. Ihhhhhh bayangin treasure liat ini dan bertanya-tanya ini siapa sampai mukanya dipasang sebanyak itu,fear
Budaya menyambut dengan hangat langkah terasa makin dekat dengan masyarakat. Pace Bahlil ikut menikmati sambutan tarian Papua #JejakBahlil #BahlilLahadalia #ESDM #Golkar #FromZeroToHero #PrabowoGibran https://t.co/P6dvUdtxCn,love
Inget kata bahlil,happy
@USER Kodok nya kok mirip bahlil,happy
@USER konon untuk orang yang suka numpang nama di kelompok nanti tidurnya ketindihan Bahlil,happy
@USER mana muka bahlil nyaaarghh,happy
Bahlil Beri Sinyal Penyesuaian Harga BBM Nonsubsidi Tahap Kedua Menteri ESDM Bahlil Lahadalia #golkarpedia #Partaigolkar #dprri #bahlillahadalia #meutyahafid https://t.co/QrooPBDumf,anger
bahlil dan antek2nya,happy
@USER tapi itu semua hanya khayalan bang ian aja karna sebenernya dia yg nyemplung ke got akibat meleng abis liatin gigi ompong bahlil yg sexy. bang ian ga terima dan malah nyalahin mba ibby karna ngetawain bang ian. dia bilang klow dia sudah mengirim jin ifrit untuk gangguin mba,anger
Izin opa bahlil jangan marah ya dua neng geulis ini mau menjelaskan soal buku dan peta geopolitik dunia https://t.co/jvwhVkGmSa,anger
jirrr kata gwehh niatnya tuktik langsung seger liat banner cowo ganteng ternyata sepanjang jalan yang muncul king bahlil https://t.co/1CmbCr6QNg,fear
konon katanya au ddaengpalmz nyongtella dan iyuh akan rilis saat bahlil menyandang gelar pria tertampan di dunia HAPUS https://t.co/JXgTkK1AHZ,sadness
@USER Bisa aja menantunya bahlil,happy
Alhamdulillah enggak jadi pada foto sama banner bahlil ,happy
@USER @USER @USER @USER @USER inilah saatnya ghia dateng ke konser bahlil........ omg...... terharu mlihatnya,love
@USER BAHLIL,happy
liat sebelah mau konser tapi gbk isinya muka pak bahlil lucu banget weh kenapa sih di momen ada konser yg hype beliau coba pak turunkan dulu itu,happy
Bahlil Pastikan Harga BBM Subsidi di Papua Tak Naik Klaim Kantongi Kontrak Jangka Panjang dari Rusia https://t.co/IvFjK7oAKI,anger
prabowo sama bahlil harus coba naik sih,sadness
@USER Kenapa aku? Kenapa gak bahlil aja?,love
@USER ngepet sayang bahlil yg ngider,love
@USER main tentara tentaraan dan gebukin bahlil https://t.co/jrWjhxYceL,happy
@USER Bahlil golkar yaa,happy
@USER @USER Bahlil pigai berhasil,happy
@USER @USER Susah Kalau pemimpin tidak ada nyalinya sekelas Bahlil saja tidak berani pecat pada berkali-kali membohongi pimpinannya,anger
@USER mau ketemu bahlil,happy
@USER @USER @USER jauh-jauh ke gbk buat bahlil doang ,anger
Kocak gweh bacanya kuil bahlil https://t.co/s1UbwI7izJ,sadness
@USER @USER Bahlil Pigai kepala BGN paling banyak blunder tapi aman jaya memang negara formalitas,anger
@USER Kalau tumbler u motifnya muka bahlil malu sih,happy
@USER Five si banner bahlil udh dicopot semua kan ya? Tidak ada yg merusak mata lgi?,happy
@USER bahlil ngaku member treasure,happy
Benyamin/bahlil,happy
@USER Lord bahlil senyum Liat penampilan lord mbg ini. Semakin banyak lord di masa sekarng,happy
Bahlil Lahadalia Wanti-wanti Kader: Tak Ada Tempat untuk Kubu-Kubuan di Partai Golkar! #bahlillahadalia #kuningkeren #golkarindonesia #partaigolkar #GolkarSolid https://t.co/klYiwNsob3,sadness
@USER Memuji kehebatan bahlil,happy
@USER Siap! Bahlil udah jadi pengawal kiri-kanan nih. https://t.co/fMhHvM7jT9,fear
@USER @USER @USER @USER Apa besok gw framing jadi bahlil?,love
Anjir Bahlil cok,happy
@USER Hannibal meme with Bahlil is a new thing ,happy
@USER Yang percaya ini asli pendukung bahlil,anger
Bahlil Lahadalia Umumkan Potensi Gas Bumi Raksasa: 5 TCF Ditemukan di Kalimantan Timur! Menteri Energi dan Sumber Daya Mineral (ESDM) Bahlil Lahadalia https://t.co/UcOupIR5NF #golkarsolid #partaigolkar #golkarpedia #bahlillahadalia https://t.co/Wi932eWJzq,happy
@USER Wowo aja yg diresufle ganti bahlil,happy
@USER Pantes begitu karena di Libya ga ada Bahlil dan Luhut,happy
@USER kenapa otak gw auto nginget meme bahlil,anger
@USER Milih doso opo dari Adine Bahlil ?,happy
haruto 1000 bahlil -100000,happy
@USER Mantan Napi kok oleh pak Bahlil msh dikasih panggung orang ini rugi besar loh Golkar klo mantan Napi dijadikan pengurus di Partai besar nanti rakyat malas pilih Golkar loh,anger
TUHKAN BENER inimah battle visual haruto bahlil,happy
jd ini mau liat trejo apa bahlil?,fear
@USER Kirain Bahlil,love
Pengen kesana nuker wowo bunted bahlil dadan jack dengan pisang kepok nenas ikan teri Tapi sayang ongkos pulkam ke Indonesia lagi mahal https://t.co/Nkw67mvJfP,sadness
@USER Gapapap banyak kok yg yellow bahlil ,happy
KONSER AKBAR BAHLIL KAH WKWKWKKWKW,anger
@USER @USER jir gue malah liatnya bahlil,happy
@USER Kesannya mau fanmeet sama bahlil WKWKWKWWKWKWKWK ,happy
@USER Muiring e rek koyok nek ndelok bahlil,happy
Oh ini yg dibilang si alifah suruh foto sama banner bahlil ,anger
@USER Biar di setiap bahagiamu ttp ada bahlil yg menyertai,happy
@USER komedi macam apa ini bahlil kinerjanya tidak ada yang bisa di kritik...? pak aceh belom 100% pak... pak lpg melon ketentuannya balik lg karena perencanaan yang gk becus... intinya klo kerjanya bagus orang santai2 aja... it's that simple...,anger
@USER Seluruh dunia juga harga2 lagi naik krn selat hormuz ditutup kenapa nyalahin pak bahlil? Emangnya dia yg nutup selat hormuz? Hadeeeh ,anger
Menteri ESDM Bahlil Lahadalia menegaskan penyesuaian BBM bukan berarti semua harga naik. BBM non-subsidi mengikuti harga pasar global dan memang ditujukan untuk masyarakat mampu. Sementara Pertalite tetap Rp10.000 dan Biosolar Rp6.800 dijaga hingga akhir 2026. 🇮🇩 https://t.co/htkXbhuGsR,anger
Sangat Masuk Akal Jika Bahlil Di-Reshuffle https://t.co/CcjH8Xjmki,fear
@USER @USER @USER GWNYA GAK SIAP LIHAT LU MANCING BAHLIL,anger
bahlil seekor petelur,happy
Bahlil: ide KPK di Golkar bagus ketum satu periode saja. https://t.co/kBUjMcEqOz,sadness
@USER apa? bahlil? ,happy
@USER semoga bahlil yg asli dateng juga,fear
ga di senayan doang ternyata di depok ada muke bahlil,sadness
@USER bahlil cahaya GBK,happy
@USER Kirain bahlil,love
Tapi pertalite gw lbih awet skrang apa gegara bahlil game kmren naikin campuran.... Apa cuman perasaan gw yah...,fear
@USER Foto dlu di banner bahlil,happy
pick me banget bahlil tolol,anger
@USER Ingat. Ijazah bahlil juga hasil beli di UI. ,fear
@USER tuh mirip banget typing bahlil,fear
Merusak pemandangan aja lu bahlil,anger
bahlil dah dicopot kah,sadness
@USER Hahahaa anak buah Abang Bahlil dong,happy
ancrit bahlil sunbenim,happy
@USER yang bahlil mana kok g msuk,anger
Tl gua banyak bape banget anjir Curiga bahlil reshuffle,happy
@USER @USER He looks like bahlil,happy
@USER bahlil kecewa,love
@USER Wkwkw Bahlil Sunbaenim,happy
@USER Wah curiga pendukung bahlil ,love
@USER Kumur-kumur ka habis sun berhala bahlil,happy
@USER bahlil udah diturunin deh kak banner trejo pun uda naik,happy
@USER otw kanda bahlil,happy
untung yang aku liat bannernya treasure bukan bahlil https://t.co/K4fVE3jmOX,fear
@USER Sama bahlil mau?,happy
@USER gmw nnti pas cetak keluarnya bahlil,happy
@USER liatin muka bahlil pasti pen ee,happy
@USER @USER sial gue bacanya bahlil,fear
@USER Kanda Bahlil ,happy
bahlil gabung memb treasure kah??,happy
@USER bahlil collab sama trejo kah? ,happy
Ini kita foto ketambahan banner bahlil kah? Ihhh gk mauuu https://t.co/ZzI5RSH1oT,anger
Checked ppout BAHLIL NAMANYA's video! #TikTok https://t.co/BkRiA9OxX6,happy
Prabowo Turun Tangan Urus Energi Kepercayaan ke Bahlil Menurun? https://t.co/coG86XjeqX lewat @USER News https://t.co/YxK9LHkTwG,sadness
ama suka bahlil,happy
@USER Sama kayak Bahlil juga pak Idrus Marham ini ya,fear
ngebayangin bahlil perform going crazy gara gara ka icey,happy
@USER @USER Pdhl sdh jelas civitas academica @USER gak gaduh spt gelar bahlil https://t.co/DweT2TbOkh,fear
info banner bahlil masih ada gak ya? ngerusak mood sama pemandangan bgt,sadness
@USER Mungkin sajalah apalagi bahlil banyak duitnya karena rajin menambang.,happy
@USER kak takut nyaru sm banner bahlil ,fear
@USER Jangan kuning kak nnti di sangka fans bahlil,happy
@USER @USER salah kita punya prabowo. inisiator MBG kita fokus MBG aja lumayan 6jt sehari. gak urus perang soal minyam kita percayakan saja ke kanda bahlil hidupp jokowiii,anger
@USER kalo untuk kak @USER gapapa bahlil ga dulu,happy
@USER gpp kuning biar samaan kek bahlil,happy
 Bahlil Sebut Golkar Partai Terbuka: Saya Dari Papua Diberi Ruang Memimpin https://t.co/78UfKuUR20,happy
Bahlil oppa Yellow era ,happy
bajingan setiap kali buka t1ktok gue dibuat mbatin sm kelakuan voter 02 gampang banget buat minta maaf dan muji² bahlil. manusia kyk bahlil prabowo gibran tuh ga pantes buat dapet pujian. sial pusing banget lihat kelakuan penjilat ini https://t.co/L8rjYlX1tw,anger
yg keliatan malah banner si bahlil,anger
@USER Aku alergi bahlil,love
random aja dimimpiku ada pa bahlil:(,happy
ga mood liat tl banyak poster bahlil,sadness
@USER ada ada aja kelakuan junior bahlil,anger
@USER wkwkwk lagi istirahat malah ketemu bahlil,happy
Selain bahlil pls kalau mau ngasih berita muka bapak ini dan ibu di sebelahnya di sensor Gue udh muak,happy
@USER Bapak Bahlil terhormat bilangin sama Bapak Presiden RI Bapak prabowo subianto selat Malaka kapal asing lewat bayar pakek uang senilai 10 milyar rupiah Bapak Bahlil terhormat,anger
@USER finding nemo is redred ‍️‍️‍️ finding bahlil is greengreen ,happy
@USER bahlil pun bingung wi gua rasa,love
@USER Hidup bahlil,happy
#03BERKICAW vs #04sho dikabarkan mulai memanas sampe bahlil gosong,happy
@USER @USER kakk brrtii banner bahlil yellow bsk udah gada lagi kannn???,happy
Oot dikit tapi kondisi disana gimana? Apakah muka bahlil masih ada? ,fear
Video Bahlil Soal Jabatan Ketum Parpol Dibatasi 2 Periode: Jangan Dibuat Seragam https://t.co/Rgp0J5iP0q,sadness
@USER ambil sendiri apa disuapin bahlil,anger
@USER Syukurlah trima kasih kakak vidi soalnya kek..... masa abis liat muka ganteng hoonsuk disuguhin bahlil.... MALESSSSS,fear
@USER Request banner bahlil di turunin bang,happy
@USER Bisa turunin dulu ga itu si bahlil merusak pemandangan bgt,happy
tai bgt baru dipasang pas gw udah balik sampe tadi terpaksa foto ama banner bahlil,sadness
akhirnya bahlil tergantikan,happy
Tempo hari di sudut jalan gue sempat denger celetukan obrolan orang kurang lebih begini: BBM stabil real kerjanya Bahlil. Dollar udah tembus di 17.300 harga BBM non subsidi meroket. Mari kita liat 1-2 bulan ke depan bakalan ada celetukan yang sama atau nggak.,anger
jir gw balik dari IA lgsg gatel2 badan kayaknya beneran alergi liat muka bahlil sepanjang jalan,fear
@USER tau sendiri kan tadi dia aja mabok depan bahlil,love
@USER @USER Bahlil,love
@USER @USER bahlil on the way,love
@USER bahlil oppa saranghae shibal sekkiya,happy
@USER Coy .. jangan perang2 terus lah .. damai aja knapa sih . Susah gw gegara lu yg perang si bahlil jadi punya alasan naikin harga minyak....,anger
@USER MARAHH BGTT TURUNKAN BAHLIL!!?,anger
@USER Bahlil oppa sarange,happy
@USER Eh iya maap TETEH nanti pengganti red carpetnya pakai banner muka bahlil aja ya.,fear
Baca di sini: https://t.co/lM1kPyhXpN Saya pikir masing-masing partai itu punya cara yang berbeda-beda. Nah bahkan kalau di Partai Golkar itu bukan dua periode setiap Munas ada ketua umum baru. Jadi biasa saja di Golkar ujar Bahlil saat ditemui di GBK Jakarta Jumat https://t.co/DsC4Vk59dQ,anger
@USER jujur menakutkan klo bner2 bsk msih ada banner bahlil yellow ituumengganggu pemandangan teume yg lewat gksihhh ihh,anger
Mama : kamu boong lagi ya ke mama pergi nonton konser kpop ?? Gw be like : kakak lagi seminar golkar kok ma (jan lupa kirim foto di depan banner bahlil) ,sadness
the reason why gw ga percaya sm this religion ya krn kalimat pertama lu itu wdym bahlil bakal masuk surga rk bakal masuk surga pdhl tukang main memek trs seseorang baik dermawan ga maksiat dari suatu agama lain ga bakal masuk surga bcs ga beragama nganu????,anger
Anjer kerjaan gue yang sekarang mendadak bikin gue jadi ngeliat anjirrrr si bahlil dari exposure cokk dari konser trejo inii,sadness
@USER Terima kasih sudah berusaha keras cukupkan BBM dalam negeri tapi jangan lupa pecat Bahlil,happy
@USER Mending nama nama pemerintah dasar Bahlil,anger
@USER mnding teg bahlil apa buna tedi ,happy
@USER @USER disitu isinya banner bahlil SEBEL BGT,anger
@USER banner bahlil?,happy
@USER nah iyaa tapi sayang belum dipasang soalnya wajah Bahlil masih ada,love
bersanding dgn banner bahlil kah,sadness
@USER maaf ya kalo aku salah nyebut nama fandomnya jgn rujak aku bahlil stans,fear
@USER Om Bahlil? Oh itu Om jauh aku.,love
@USER @USER Caca Bahlil 100% cinta,love
sialan si bahlil manggil dinda dinda terus ,happy
@USER @USER caca ngidam bahlil,happy
itu bahlil gak sih njir? ,anger
@USER iya bang gw takutnya coachella klo pake dana MBG headliner nya bahlil biber,happy
@USER Besok fotbar begini ka cacaaa kmrn kamu nangis nangis pengen Bahlil Yakan ta @USER,love
@USER Ciri2 bahlil,happy
@USER Kepala bahlil maaf kalau benar.,anger
Bahlil: Kita Satu Nusa Satu Bangsa Apalagi yang Perlu Diperdebatkan? https://t.co/tVJGJ5uVvG,love
@USER pdhal ada bahlil,love
@USER TADI SIANG LIAT BAHLIL DOANG,love
@USER Baru di pasang soalnya dari kemarin ada Banner Orang ganteng se indonesia . BAHLIL ,happy
@USER Nasi bahlil,love
@USER @USER bahlil cahaya asia nya dikemanain ituuu ???,love
@USER takut banget dikira partner bahlil,fear
@USER @USER Bahlil,love
Soalnyaa siang tadi masih bahlil ,happy
ITU BAHLIL BUKAN SI ANJING HAHAHAHAHAH,anger
selain jago cari minyak kanda bahlil ternyata juga jago main bass bener2 insan yg multi talent.. lovyu sekebon https://t.co/270BugylFv,happy
aduh gue ngatawain banner bahlil depan gate treasure ga kelar kelar anjg drtd,happy
@USER Mau dijual ke bahlil,happy
@USER Lebih gede muka si bahlil anjir,happy
@USER masa iya abis liat jeongwoo nengok dikit muka bahlil...,fear
@USER kakk mksh info nyaa btw banner bahlil pas msuk gate 10 itu gk dilepas ya kakk???,happy
alay lu jadi admin kanda bahlil melangkahdaritimur sana,anger
@USER Wah mau dapet proyek ini mah kalo mimpiin kanda bahlil,happy
@USER @USER bahlil oppa SELAMAT DATANG TREASURE #TREASURE_PULSEONinJAKARTA #TREASURE #트레저 @USER,love
nurunin poster bahlil dulu,sadness
@USER Info kak Bahlil nya udh lepas semua belum?,happy
@USER udah ga bahlil wkwkwk,happy
@USER BERHARAP KOK SAMA BAHLIL SIH MARAAA ,anger
@USER Ih kan ada tuh Banner Bahlil lagi rame bannget,happy
@USER Boleh tapi bahlil sibuk ngurus negara kayaknya,fear
@USER Gajelas lu sugar baby nya bahlil,love
@USER Astaga tuhan kalau gitu ini sih ime beneran minta w pukul pake street banner bahlil tadi siang kh?,happy
@USER ditunggu foto sm bahlil oppa nya,happy
bahlil anjing ngapain lo ikutan masang poster babii ,anger
Dah malah day 2 aku kuning lagi tar takut dikira antek² bahlil https://t.co/Aq4hskFniE,fear
@USER 999x telfon tak terjawab dari bahlil,happy
treasure: wah bahlil sunbaemin dimana2 ,happy
Menteri ESDM Bahlil Lahadalia Siap Teken IPR Sulut: Tambang Rakyat Dapat Lampu Hijau Lingkungan Jadi Syarat! #bahlillahadalia #kuningkeren #golkarindonesia #partaigolkar #GolkarSolid https://t.co/csPI8KRKfO,happy
@USER Nah ini dia kebanggan mamah papah karena berhasil menaikkan derajat hidup. Tergantung sih kalau bahlil gue kabur. Pas pdkt sama pacar gw gw yg ngejar kaya soang sih mil lu pernah dikejar soang kaga https://t.co/ktREjIsYD1,fear
turunkan banner bahlil!,happy
riccaa exclusive full exc seleb update: https://t.co/b8svLfNhld iphone17 bahlil riskanjut amelia koleksi viral https://t.co/8dr5sr7y41,sadness
@USER KAMU MAHH!!!! MASA ASAHI DIGANTI KE BAHLIL,anger
@USER besok ambil freebies aku ya foto bahlil,love
bye bahlil,happy
@USER Saya fanboy Bahlil kak,happy
hampir seperempat abad idup gapernah liat org sejelek bahlil sorry bgt,sadness
@USER ilmu olah sekelas kanda bahlil pun dimulai dari pengetahuan soal trivia2,love
@USER besok kalo rame foto di banner bahlil aja phiii,fear
@USER Nyoblos Golkar karena Bahlil,happy
demi apapun ga ada dipikiran gua konser treasure pake banner Bahlil,happy
@USER @USER ini timpa2an sama si bahlil kah?,happy
@USER @USER @USER @USER @USER @USER Udah gak ada yg gak mungkin sejak beliau berhasil mengganti airlangga dengan bahlil,anger
women support women kecuali spesies Kesha cocok untuk papah bahlil aja Masih berlaku ga ini nonnie WKWKWKWK https://t.co/cOm2NH9YeZ,anger
@USER lah lu gamau ikut? secinta itu ya lu sm bahlil #kawalsampaimenikah #imabahlilforever,love
bahlil kalah saing gak si,anger
treasure ngundang bahlil kah nnti?,sadness
 Punya Gaji Tetap Jangan Ambil Hak Rakyat! Bahlil Lahadalia Ingatkan ASN Soal BBM Subsidi Lur Bahlil Lahadalia menegaskan bahwa BBM subsidi seperti Pertalite seharusnya diprioritaskan untuk masyarakat yang benar-benar membutuhkan bukan untuk kalangan mampu termasuk ASN. https://t.co/LaFcvIVslz,anger
Kita memasuki fase clipper Bahlil era. https://t.co/xVrKb1r8yK,sadness
Najis banget besok sebelum liat asahi liat bahlil anj,fear
list yang mau merubuhkan banner bahlil 1. alya,sadness
Malem baru dipasang tadi siang soal bgt liatnya muka Bahlil! :)),fear
Paling kesel dari gate mini ini adalah umbul-umbul yellow mukanya bahlil kampretttttt https://t.co/lJ1ZtcHPwY,happy
Bahlil akankah menjadi ketuaa geng treasureeee,happy
bahlil oppa,happy
SPANDUKK TREJO UDH DIPASANG BLUM YEAHH?? terakhir liat masih bahlil,anger
@USER thx: tahu herex cogil: cowo gila jabatan sbb: sorry banget bahlil hr: halah reza arap musikmenfess: tempat flexing selera musik tw: teddy widodo cw: coko widodo,happy
malesss bgt besok liat banner bahlil,fear
@USER Ngga sabar banget nonton bahlil joget move,fear
gak sudi banner ganteng ini disandingkan dgn yellow bahlil,sadness
Bahlil ahjussi mau joget darari,happy
@USER sarangheyo bahlil oppa HUEK,happy
Bahlil date ️️️ https://t.co/kxedJIBA4w,sadness
@USER kalo boleh tau bahlil siapa ya kak? hehehe maaf gakenal ^_^,love
@USER Pantesan muka si Bahlil masih ada ga kak?,happy
eh itu banner si bahlil bsk bakal dicopot gaksih? ,happy
NI UDAH ADA BANNER JUNKYU LU PADA STOP NYURUH GWEH POTO SAMA BANNER BAHLIL Y ANJRIT,anger
@USER TADI UDH DATENG TAPI MASIH SI BAHLIL,anger
bahlil ganggu anjj,happy
Itu banner trejo di mane sih gue tdi lewatin arah IA malah masih SI BAHLIL ANJAY,anger
keyboard gw aja gkmw ngetik bahlil,happy
bahlil astaga GW BENCI AUTOCORRECT,happy
@USER MBG (Mas Bahlil Ganteng),happy
@USER friends with bahlil,happy
@USER Plss mau liat kakanda bahlil,happy
Sial terus direpnya ada yg bilang taesungnya bahlil,anger
@USER Tapi yg bahlil barti dah di copot semua kan ya,happy
@USER yg jelas ga kaya bahlil,anger
@USER LAGIAN KONSER SIAPA KENAPA BANNER BAHLIL ANJ,anger
Curiga bsok Jeongwoo collab sama bahlil,happy
@USER Iya ga satu baris ama bahlil wkwkwkwk,love
banner baru dipasangin tadi kesana masih muka bahlil ih betmut ,happy
@USER Boolnya bahlil bisa ngirim menfess ya?,happy
Wowo Gibran Bahlil,happy
elaaah giliran gue udh balik aja males bgt liat si bahlil drtd lilll lilll ah betmut,sadness
@USER Asahi menciptakan yellow untuk Bahlil oppa,happy
@USER kuranh cepet sama bahlil ka ,happy
Met mlem aa jungwoo smoga mimpi indah. Yg bkan aa jungwoo mimpi bahlil aj,happy
tau ga bisabisanya ga ngeh banner project udh terpasang malah keasikan foto sm banner bahlil ,sadness
@USER @USER 11 12 ama bahlil,happy
@USER Kasian bgt bahlil pasti kebanting bgt ini,fear
@USER treasure with bahlil,happy
@USER wah oke kak takut ketemu bahlil,fear
@USER KAK GK ADA SI BAHLIL KAN?,anger
@USER pake muka bahlil,happy
semua gara2 banner bahlil anj,happy
@USER Terus siapa yang menyerang Bahlil dan Teddy demi menjatuhkan Prabowo? Kenapa tidak langsung ke tujuan aja ada yg ngebet Prabowo lengser dan Gibran naik RI-1. Sudah pasti bapaknya pelaku drama serangan ke Bahlil dan Teddy,anger
emg kudunya banner begini yg kepasang buat cuci mata bukan banner bahlil,anger
alhamdulillah no more bahlil,happy
@USER bahlil sunbaenim,happy
terpantau belom turun juga nih banner si bahlil dkk https://t.co/l4SZABZrFY,anger
@USER BENCI BGT HARI INI GABISA FOTO FOTO BANNER KARENA ADA MUKA BAHLIL,love
@USER banner bahlil masih ada ga kak iel ,happy
@USER minimal lepas 2 hari lah gila malu bgt diliat teume ln yg nongol bahlil,love
@USER bahlil sunbaenim besok mau ikit perform yellow katanyaa,happy
eh gue mau foto depan banner bahlil yellow deh...,sadness
@USER yg ga ngomong pacarnya bahlil,anger
@USER Bayangin deh ditiang yang sama tapi sebelah kanan muka Bahlil sebelah kiri muka jungwon ,fear
@USER nanti dikejar bahlil mau?,fear
@USER katanya bahlil siap sayang sayangin nel,love
Bahlil Harusnya Malu Tugas Menteri ESDM Dikerjakan Presiden https://t.co/36c9LBNqUK,anger
Bahlil sunbaenim,happy
@USER bencii banget ga mauu takut enhypen trauma TAPIII BUAT INTERFANS GA PAPA biar pulang langsunh ke negaranya masing masin karna takut liat muka bahlil,fear
@USER ide Bahlil tentang pembelian gas hijau wajib pake ktp &amp; hanya dijual diagen resmi itu sebenarnya ide bagus. Asal insfrastruktur nya sudah mempuni.,happy
@USER Kak hati hati kak nanti kena pelet jadi bahlil maker,happy
EH AMPE BESOK ITU BANNER BAHLIL MASIH ADA KAH???,anger
@USER bentar gua tag bahlil,happy
yaampun bahlil sunbae https://t.co/ZjzsM7QtDO,sadness
@USER soalnya lebih bahaya kalo ah masih menjabat agak susah ngatur golkarnya tp bahlil ini jago jg main politiknya,fear
Langsung diserang buzzer timothy setara kanda bahlil,sadness
Ada acara apasi kok dipasang banner bapak bahlil???,happy
@USER jangan lupa foto di banner nya bahlil kak wkwk,happy
@USER Kolom komen dipenuhi orang yang ga tau konteks wkwkw bahlil bisa jadi ketua golkar lewat siape emang cok. kok malah pada bilang ga pede bahlil maju yang dijagain si gibran ini kocak bahlil ga akan maju pilpres Ujung galahnya bahlil kan belum punya kendaraan eligible buat 2029.,anger
@USER Mending nonton konser bahlil,happy
Unboxing my bojo Kata adek gue Lah cakepan Bahlil https://t.co/Q8X33EAGTl,fear
@USER bannernya masih bahlil kak....,happy
@USER Ya tergantung orangnya kalo yg emang die hardnya Mega sampe mati ya bakal pilih pdip terus. Kalo Mega mati paling yg gantiin juga puan. Kalo Golkar emang sangat progresif sampe kanda bahlil mampu mengacak acak dominasi para elite.,anger
@USER TAKUT BGT BAHLIL SUNBAENIM ,fear
makin mirip mingyu deh km maaf ya sayang kemarin komunikasi kita jelek kita perbaiki lagi ya#fyp #bahlil #viral #bbm #jj https://t.co/xfYwMAZMLe,love
@USER bahlil sunbaenim,happy
benci bgt anj liat muka bahlil,fear
Besok ke IA lagi dengan style ala trainee YG gua mau poto sama baliho bahlil!!!!,anger
@USER bahlil ngaku se gen sama jyp,happy
@USER imtu bakal dicopot kapan deh???? masa imyah mau konser limhat muka bahlil ,happy
@USER @USER Walau nggak nonton sumpah benci banget liatnya. Aku adalah haters no 1 nya bahlil soalnya,love
Bahlil Harusnya Malu Tugas Menteri ESDM Dikerjakan Presiden https://t.co/6e6RlpgXNS,anger
@USER lahdalah ada bahlil,happy
Bahlil tiap kali ngaca:,anger
 pak turun di deket poster bahlil ya https://t.co/ph8QGfvi9V,sadness
@USER foto sama junghwan pulang foto sawan (brcnda pa bahlil p pgn bensin turun donk) lafyu,happy
@USER yg bahlil yg monyet anjir (sorry),anger
HIKS HIKS KAKA CANTIK BAYARIN UKT AKU KAKA CANTIK MAKASIH UDAH SELALU CANTIK DAN KINYIS KINYIS KASIAN SEKALI KM KAKA CANTIK HARUS SENDIRIAN MENGINDAHKAN NKRI DI ERA JELEK NYA MUKA BAHLIL... GBK TOLONG PASANG BANNER KAKA CANTIK INI AJA DARIPADA MUKA BAHLIL ITU ️ https://t.co/4zqGzzDqWC,love
@USER bahlil sunbaenim,happy
@USER bahlil semakin di depan,love
@USER km pasti gbs bedain mn member mn bahlil y ka? saking miripnyqa?!?!?,fear
lusyu bangyet bahlil yellow era,happy
@USER Darah gw udeh terlanjur merah. Mau king lagi renyek Mau lagi tengkurep Mau lagi ngaduk semen Mau lagi gali goa. Tetep aja king terus mengalir dalam tubuh jiwa raga ini. Uanjay Bahlil ga tuh,anger
bahlil ngaku treasure,happy
@USER wall of bahlil https://t.co/71dJYEzNva,love
@USER Yellow sih yellow yak tp enggak si bahlil juga,happy
@USER Jadi poinnya ada di persebaran yg kurang merata karena fokus hanya di Jawa sedangkan di luar itu sebenarnya masih banyak yg kurang so jalannya bukan penutupan prodinya tapi pemerintah yg harus benahi fasilitas dan umr daerah luar jawa,fear
@USER @USER Wkwkwk mau senggol cina India kalah jauh bang. Nyoba ke Jawa yg mereka pikir bisa jd superior eh ga juga ,fear
jawa mendunia,fear
@USER @USER Gua bkn org betawi btw. Padahal biasanya sutradara film setan jawa itu org jawa tapi entah knp mereka milih org non jawa buat meranin org jawa.,fear
WONTONNYA ENAK CUY soft kriuk tidak nusuk langit-langit mulut serta gusi ah~~ *nelen ludah australian sirloin boat noodle; rasanya dominan manis dan seger bening gitu (lidah JAWA friendly) bahan mienya ga dominan tepung aduh enak apa CIUM AJA YA https://t.co/NQ0dsPjs23,fear
 wts ethereal elise top red cherry or gingham sleeveless (60k) 𐚱 perfect condition used once 𐚱 no minus 𐚱 dom surabaya jawa timur 𐚱 checkout by oyen () dm if these catches ur eyes! #zonauang https://t.co/YOZmkYuein,fear
@USER @USER Template pemecah belah Jawa-Sumatera pada zamannya,fear
dan yang mulai membantah itu UGM juga karena naskah Kraton Mataram Islam (Solo-Jogja) mulai dianggap absurd dan banyak bohongnya apalagi semenjak prasasti jawa kuno bermunculan. Akhirnya keabsahan narasi sejarah keraton Islam mulai dipertanyakan ulang,fear
@USER @USER dan yang mulai membantah itu UGM juga karena naskah Kraton Mataram Islam (Solo-Jogja) mulai dianggap absurd dan banyak bohongnya apalagi semenjak prasasti jawa kuno bermunculan. Akhirnya keabsahan narasi sejarah keraton Islam mulai dipertanyakan ulang,fear
Pindad Akan Kerjakan Mobil Nasional Sedan Listrik di Pabrik Karawang Jawa Barat Menteri Koordinator Bidang Perekonomian Airlangga Hartarto akhirnya angkat bicara mengenai rencana pengembangan mobil nasional (mobnas) Indonesia. Dalam pernyataannya Menko Airlangga https://t.co/bUEIdMdNnc,fear
@USER @USER Jawa serius. - heboh - WUWA - tengil - gimik - (isi sendiri),fear
@USER Iya bang jawa barat,fear
@USER Great forever Pioneer terkasih Korea Utara thank you Miss Doris Yin Salam satu hati GCV Team Warriors GCV Jawa Barat 🇮🇩 Jenderal Lien ,fear
@USER pendapat kamu tentang minke yang kurang suka adat jawa?,fear
Kemenkum Jabar bangga atas pencapaian TKDN produk lokal Mekarmaju. Mari kita perkuat daya saing produk tersebut dengan pendaftaran KI Komunal agar menjadi produk unggulan kebanggaan masyarakat Jawa Barat. Kemenkum Jabar - Asep Sutandar.,fear
𝗣𝗿𝗲𝗹𝗼𝘃𝗲𝗱 || POSHA Tavi Pants Beige Rp.120.000 Size: All size Lingkar pinggang: 70cm-90cm Lingkar pinggul: 114cm Lingkar paha: 76cm Panjang celana: 105cm Nego Good condition masih baru &amp; mulus Hanya 1× pakai dijual karena kebesaran Jawa Timur https://t.co/h4ZCRC51sA,fear
sak pedot'e nafasku masio aku ra sugeh bondo moh yen digawe loro mung kowe sing tak tunggu ora ono liyane sing ning atiku ora ngaleh tresnaku ademe angin dalu sak oncate nyawaku dadi saksi bisu Jadi keinget lagu jawa OurShoreWithYunYi #TheOtherSideBKKD1,fear
F ngawi jawa timur dm,fear
Kemenkum Jabar mendorong penguatan ekosistem KI di Jawa Barat melalui sinergi antar lembaga. Koordinasi dengan Pemkab Bandung ini diharapkan mempercepat proses pendaftaran aset intelektual daerah yang ada. Kemenkum Jabar - Asep Sutandar.,fear
@USER Halal. Itu bahannya udah tertulis di label di bawah merk. Kayu secang cabe jawa pandan dll,fear
Bismillah H2 2026 pindah pulau gak mau kerja di Jawa,fear
@USER Lu duluan ya sentimen Mulu gua liat2... Giliran yg jelek langsung ke Jawa... Tapi LU BUTA DAN TULI apa yang dilakuin suku lain. Gada tuh lu yapping ke pengusaha Bugis yg megang batu bara disumatera sama Kalimantan. Padahal mereka lebih ngerugiin tolol.,love
Lucu banget nama pemaen gatafe satriano. Orang jawa masnya? Wkwk,fear
butuh mie ayam jawa untuk merayakan seporsi kekalahan,fear
@USER Hampir semua sungai Jakarta hulunya di Jawa Barat yuk saling kerjasama.,fear
@USER @USER aku rikues kak batik sm baju jawa kan dah pernah,fear
@USER jawa gila,fear
@USER api cemburu siapa sih sampe bikin panas sepulau jawa gini ,fear
@USER @USER Jawa mana ka,fear
aku bangun 500 mesjid agung DEMAK pantura jawa biar ga' boseni dunia islam sekarang,fear
tiba2 gw kangen lelaki greenflag jawa timur itu maap kihyun oleng bntr,fear
@USER belanja sama aku nanti tak tawar nganggo basa jawa,fear
Update Peringatan Dini Cuaca Wilayah - Jawa Barat Tgl. 25 April 2026 pkl. 22:30 WIB Prakirawan - BMKG - Jawa Barat https://t.co/wg0xYyoZf2 https://t.co/ZlR0TCAjG1,fear
#s wts aab gaeul nayeon mina wonyoung seeun yujin dom Jawa Tengah Semarang bisa nego tipis https://t.co/vOPibmdEwb,fear
flis jawa fliss https://t.co/Szo1azDU2Q,fear
Ijazah jokowi bakal muncul saat saya kembali wujud asli Apa tua atau muda Saat itu dia masih dusta 1. Seluruh keluarga dia aku habisi 2. Seluruh suku jawa aku habisi Boleh pilih salah satu https://t.co/QACZ3sTPee,love
@USER Kayanya tanemannya bukan di jawa ya mba?,fear
@USER hii aku f-31 ada yg mau kenalan gak? tp jujur aku pengangguran tp sedang dalam proses cari kerja kok cuma lulusan SMA asal jawa barat makasih https://t.co/kjuuxJqdIu,fear
@USER @USER Pertanyaannya pulau jawa bagian mana aja yg paling banyak mendapatkan anggaran dalam angka 60%. Apakah terkonsentrasi dlm beberapa wilayah doang atau tersebar merata.,fear
@USER ngapak tuh lebih ke logat sih tapi gatau kenapa kerasa bgt bedanya logat jawa biasa ama yg ngapak lucu aja dnger logat ngapak kalo udah ngomong,fear
@USER iya saya jawa,fear
gapapa pren kalok memang degradasi hiatus dulu kita setahun kedepan sampe balek lagi tottenham ni ke premier league memulai hidup baru di jawa barat,fear
@USER This little jawa https://t.co/952XCMN6lx,fear
Membangun ekosistem KI yang tangguh di Jawa Barat adalah misi utama Kemenkum Jabar. Koordinasi dengan Pemkab Bandung adalah langkah nyata dalam mewujudkan kemandirian ekonomi berbasis perlindungan hukum. Kemenkum Jabar - Asep Sutandar.,fear
@USER Awal suka baca jarena majalah jawa Penyebar semangat Jayabaya Djakalodang Ada sama? 1995-2010an dijejal ini terus tiap miggu,fear
@USER Hmm bujhlam. Esob jotoi lekho tomar Mecca jawa hobena,fear
@USER Kalo mau 10 nyanyi jangan remas bijiku versi Jawa,fear
Sejak setel karaoke jawa ucen bapak gue nanya setiap tontonan gue ada yang nyanyi lagu jawa ,fear
*menonton freetalk* Bapak: loh itu yang kemarin nyanyi (shoujo rei)? Gw: iya Bapak: ada nyanyi jawa gak? Semua aje yang gue tonton ditanyain ada nyanyi jawa apa kaga but bapak ku selalu suka kalo disetel karaoke ucen yang jawa karena satu playlist wkwkwk,fear
@USER fun fact lagi ya kultur nasi di tanah melayu cenderung berderai kalau di kukus nanti terlalu pera teksturnya makanya di tanah sedangkan nasi di daerah pulau jawa kebanyakan sticky kaau di tanak makanya di kukus untuk megurangi sticky nasi itu sampai cenderung pulen,fear
Ini akun dia lucu banget semua ngoming Jawa tapi aksennya beda beda ada thai india korea gitu ,fear
@USER Itu baru jawa bekasi apakabar,fear
https://t.co/fKY0rFkajS Pengolahan Sampah Energi Listrik (PSEL) Siap Dibangun di Jawa Barat Mulai Juni 2026 #Pangku #Malming #Passion #MalamMinggu #Borneo #Ketapang #Lavani #Trisha https://t.co/8QnyuWSHFL,fear
@USER Ogah lebih dijajah jawa sumatra lagi,fear
@USER mauuu mauu mauu minat banget konyom jawa jawa mcm iniii tag gue pls tag gueee ,fear
@USER Karena monyet jawa dan orangutan sumatra bikin ancur ini negeri. @USER,love
@USER Aura mas mas gen jawa itu emang beda gitu rasanya,fear
Plissss jangan terlalu jawa gitu ryul mukanya,fear
Jawa kh lukh peien pake acara rikuh oh mbotennn️ oh? Ah! Matur nuwun ,fear
@USER Iya kak emang jawa bakalan panas katanya,fear
@USER Oh ini yang pas saya mau mudik sepanjang jalan Pantura SE Jawa Barat jalan pelan dikiri dia unit dua unit,fear
@USER Ada monyet sumatra buzzer jawa ini Abis pergi kemana kk ,fear
akhirnya lengkap sudah jawa dan 01 ini,fear
@USER @USER Iya... gue inget logatnya medok Jawa banget... ,fear
Yang punya jabatan di Jawa Barat dan sekitarnya terlihat meniru-niru gaya kepemimpinan ala-ala KDM. Runtah!,fear
@USER @USER orang jawa wajah &amp; namanya indonesia bgt tp ngomong nya bahasa jawa trs. pola pikirnya sama ga?,fear
@USER @USER Ciri² yg km tulis. Cuma aku asli jawa bukan banten wkwkwk,fear
Gimana ya.. cewek Sunda nyakitin Betawi nyakitin Jawa nyakitin Minang nyakitin Dayak nyakitin. Suku mana lagi yang belum nyakitin gw?,fear
Innalillahi wa innailaihi raji'uun... Duka di Cianjur: Balita 2 Tahun Meninggal Usai Makan Menu Gratis Polisi Tunggu Hasil Lab... Dinas Kesehatan Kabupaten Cianjur Jawa Barat masih menunggu hasil laboratorium guna memastikan penyebab meninggalnya balita MAB (2) warga https://t.co/XDc9v1CWga,fear
@USER Aturan kuota memang belum ada dulu harusnya diurusin BRTI yg dibubarkan jokowi di era raja jawa. Kewenangannya ditarik ke kementrian yang isinya pedagang dan politishit. Hasilnya? Korupsi bakti kominfo sampai judol.,fear
@USER saya jawa sj na'udzubillah min dzalik gk suka dg jokowi dan ghufron masa dibilang lutung.,fear
@USER Vibesnya pun aku suka.. Jawa kuno gitu lah.,love
@USER Owhh. Tapi tu lah nampaknya org Indo still tak boleh terima kalau kebaya ni memang asalnya berkembang di pelabuhan Melaka seterusnya barulah tersebar ke wilayah SEA yang lain. Kalau ikutkan bangsawan Jawa sebelum Mataram mana ada yg pakai kebaya mostly Kemban + Gagampang.,anger
#wts help rt ---Habisin Koleksi Edisi Stopcol #WTSBTS indramay Jawa barat CO Condi By DM Album +poster Nego tipis Ready ina langsung kirim #wtsbts #Jungkook #jungkookbts #wtsina #wts #stopcol #zonabu #BU #wtsbts #wts https://t.co/3jI16wedQ6,fear
@USER produk Jawa emang sematep enih ‍️‍️‍️,fear
@USER itulah udah saatnya cari cowo jawa. infokan mas mas jawa.,fear
@USER @USER aku sastra jawa massss. piye jal? ,fear
@USER Kosa kata Bahasa Jawa byk lebih singkat lagi... ,fear
Suhu di Jawa Besok Sumber @USER https://t.co/SBga5F8JSz,fear
@USER @USER @USER Template dulu warga padang kaget sama menu padang di Jawa yang biasanya cuma pake 1 lauk aja,fear
@USER Jadi inget kasus Meita Irianty yang juga dikenal sebagai Tata Irianty pemilik daycare Wensen School di Depok Jawa Barat dan seorang influencer parenting yang terjerat kasus hukum pada tahun 2024... divonis 1 tahun penjara akibat melakukan penganiayaan terhadap balita...,fear
@USER pasti jawa dan sekitar ya,fear
25 April 2026 Mengikuti sarasehan pada jambore pksm tingkat provinsi jawa tengah. Dinas LHKJateng #dlhkjateng #cdk1jateng #jateng #rembang https://t.co/C6oLnWDGH6,fear
Hadir dalam acara Silahturahmi Kebangsaan dan Penguatan Moderasi beragama di Jawa Tengah 2026 yang diprakarsai oleh Kesbnagpol Prov Jateng dan FKUB Prov Jateng Di gedung PKK Ungaran Kab Semarang Ungran 23 April 2026 https://t.co/U5Jq8xzE9H,fear
Orang jawa mana tahan sejuk ️️,fear
Hadir dalam acara Silahturahmi Kebangsaan dan Penguatan Moderasi beragama di Jawa Tengah 2026 yang diprakarsai oleh Kesbnagpol Prov Jateng dan FKUB Prov Jateng Di gedung PKK Ungaran Kab Semarang Ungran 23 April 2026 https://t.co/vFe1SGT9w5,fear
@USER @USER Lah ini orang juga malah nyalahin orang kristen ketika ada muslim yg merusak makam kristen di jawa tengah kemarin.,anger
Hadir dalam acara Silahturahmi Kebangsaan dan Penguatan Moderasi beragama di Jawa Tengah 2026 yang diprakarsai oleh Kesbnagpol Prov Jateng dan FKUB Prov Jateng Di gedung PKK Ungaran Kab Semarang Ungran 23 April 2026 https://t.co/AH1YluCCBX,fear
@USER ini bahasa jawa mana?,fear
@USER aku baca juga mencet atu atu huhu yg ga jawa kalau convo tementemnya hima,fear
@USER Kayaknya susah buktinya sampe sekarang jalan kok. Kalau anomalinya sejak era raja jawa sudah mulai kelihatan anomalinya hampir berubah 180 dari era petugas partai terutama dari supremasi sipil menuju supremasi militer puncaknya ya MKMK. Kalian mau nunggu anomali apalagi????,fear
jawa dikit lagi jadi neraka anj,fear
Kemenkum Jabar berkomitmen mendukung penuh peningkatan ekonomi kreatif di Jawa Barat. Koordinasi dengan Pemkab Bandung ini hanyalah satu dari sekian banyak langkah nyata kami untuk melindungi karya anak bangsa. Kemenkum Jabar - Asep Sutandar.,fear
@USER @USER jawa,fear
Mohon maaf kata sambal bahkan ada dalam manuskrip prasasti Jawa kuno sejak abad ke-9/10 Masehi artinya justru sambal pertama kali dibuat oleh orang² Indonesia Apalagi kata cabia sudah ada sejak dulu meskipun merujuk ke cabai Jawa ,fear
@USER Mau dihina juga gak apa2 gak akan pernah menumbangkan keteguhan hati kami sebagai orang Jawa.,fear
@USER I have sent mail to your CEO Mr Kanwaljeet Jawa and your customer service mail as well,fear
MAHADASYAT MAS MAS JAWA MAKE BAJU BATIK,fear
Terima kasih sudah streaming Oh My Pumpkin! versi bahasa jawa!️ Yang belum nonton bisa langsung mampir ke YouTube channel aku yaaa!! Mari menjadi iwak dugong bersama-sama https://t.co/JCxXMVqX3z,happy
dateng bulan ni punggung sakitttttt bgtttt kaya abis maraton sumatra - jawa ,fear
@USER Ehh riyal kemarin aku ngelist ongkir ke luar jawa agak shock gimana yahh caranya biar lebih murce ,fear
@USER iya lagi baru ngeh dia ngejeknorang jawa segitunya wkwkw,fear
@USER Terbaik Thank you Mr Jason Wong and Miss Doris Yin Semoga dengan Buku GCV ini sangat membantu dan bermanfaat bagi Pioneer terkasih Team Warriors GCV Jawa Barat 🇮🇩 Jenderal Lien ,fear
@USER aku jawa,fear
@USER Mauuu janji jawa yah!!,fear
At this point guys gue udh gk kenapa lgi ngeliat cf atau meet n greet atau merch souta wkwkwk KEK- yudh lah mau gimna lgi? Nasib bukan di pulau Jawa dan bukan pewaris KLO ada duit dan cukup mah gas. KLO gk ada yudh Bukan berarti gue gk mau gue MAU BNGT cuman yudh lh,fear
Ini bisikan dari raja Jawa yg ayah &amp; anak ijazahnya gak jelas itu kah? Kok memusuhi guru seagresif gini?,fear
Filosofi Angka Jawa Time Line https://t.co/zCp7TZaGrD lewat @USER,fear
Diajak ngobrol mbahku ak gangerti bhs jawa mmf klo gak berbudaya,fear
@USER Siap Bunda Nonny Selamat dan sukses selalu satu hati GCV Team Warriors GCV Jawa Barat 🇮🇩 Jenderal Lien ,love
@USER full bahasa jawa timur masih minat?,fear
Kemenkum Jabar hadir sebagai katalisator pertumbuhan industri kreatif. Dengan perlindungan KI yang kuat kami yakin Kabupaten Bandung akan menjadi pusat inovasi yang disegani di wilayah Jawa Barat dan sekitarnya. Kemenkum Jabar - Asep Sutandar.,fear
ini 1001 matahari berkunjung ke jawa kah?,fear
Polres Metro Depok memastikan bahwa kabar mengenai penampakan pocong yang sempat menggegerkan warga Pasir Putih Kecamatan Sawangan Kota Depok Jawa Barat adalah berita bohong atau hoaks. https://t.co/TPZke99G2N,fear
Pejuang yang Terlupakan Kisah Kusni dimulai di masa revolusi kemerdekaan. Ia bukan sekadar kriminal biasa; ia adalah pemuda yang terjun ke medan pertempuran di Jawa Timur melawan Belanda. Ia bergabung dengan laskar rakyat dan dikenal sebagai prajurit yang pemberani. Konon ia,fear
@USER Jawa game machine https://t.co/MyiFlMxHc2,fear
@USER Salam sukses selalu Para Petinggi GCV Konngo semoga membawa jalan baik menuju Kesuksesan GCV Thank you Mr Jojo Team Warriors GCV Jawa Barat 🇮🇩 Jenderal Lien ,fear
Tre porapat nih ibarat makanan tuh gula aren gula jawa jenang legit banget ya allah,fear
@USER @USER @USER Jika dengan hinaan sudah gagal menumbangkan keteguhan hati kami mau dengan cara apa lagi? Itulah soft power orang Jawa.,fear
@USER kalau Pak Jokowi representatif sipil jelatah bodoh nggak ada urusan mengenai ijazahnya asli atau nggak luaran jawa pasti mau terima terlepas bahwa itu banteng. 10 tahun pesta rakyat. kalau Soekarno dan Megawati biasanya luaran jawa malas bahas mereka.,fear
@USER Owh ini mbak mbak jawa itu,fear
@USER Mantap thank you Miss Lumari dan Pioneer terkasih Vietnam yang sukses menyelenggarakan Barter by Ekosistem Pi Team Warriors GCV Jawa Barat 🇮🇩 Jenderal Lien ,fear
@USER Nasib tinggal di luar jawa :((((,fear
Taik bener ribut soal makanan doank ga penting apa lg banding2kan begitu plus rasis ama Jawa,fear
@USER SASTRA SUNDA SASTRA JAWA SASTRA BALI SASTRA MINANG SASTRA BATAK SASTRA MELAYU SASTRA BUGIS-MAKASSAR harus ditutup tidak sesuai industri,fear
@USER Yang Jelas karena kita pejuang Mata Uang Global sedang di sisi Dunia banyak kejolak peperangan yang tak mau tahu perdamaian . Team Warriors GCV Jawa Barat 🇮🇩 Jenderal Lien ,fear
bukti valid kalau motif batik berasal dari Jawa bukan dari semenanjung ya,fear
@USER @USER @USER Salah analogi gimana lu bilang rasisme ke white do not exist karena mereka ga punya sejarah oppression dan sama kek jawa gam punya sejarah oppression juga,fear
Kelen yg orang Jawa tuh pernah ga sih potong kuku malem2 terus dibilang gaboleh gitu ama orang-orang tua?? Tau ga sikk kalau dilogika kenapa gaboleh tuh menurut gue karena jaman dulu kan ga ada lampu jadi kalo potong kuku malem-malem ga keliatan..,fear
@USER @USER Hapus akun x dalam 24 jam. Pilih tutup akun atau masuk penjara karena UU ITE! AFIT FAHRUDIN TEMANGGUNG 10-02-1984 ALAMAT DSN PENUNGKULAN RT001/RW003 LEMPUYANG CANDIROTO TEMANGGUNG JAWA TENGAH JUMINI afitzkeren@USER.com 085786615851,love
TEMANS pls part baris deret di PM tuh kayak apa sih??? gue blm nemu bentuknya dh?? PLS JAWA https://t.co/SFlNR94ygj,fear
Apakah chef dari Jawa panggilannya mas koki? https://t.co/JznYVDFzpt,fear
@USER kak aku ada preloved buku buku berikut ini yaa semuanya in good conditions dan harganya jg bisa negoo udh gratis ongkir jg sepulau jawa kalau mau cek kondisi detailnya bisa dm/rep aja yaa thank youu https://t.co/fdxCDDQZJV,fear
walaupun lagu fav dan familiar alias my playlist bgtt tetap tidak bisa mengalahkan ada lagu kegarete sama seibetsu di dreamm mana ada teppen (aseli kalau lirik nya dibuat jawa lagi atau pakai bahasa daerah member lain gongg sih) aku cintaa semuaa setlist iniih ,fear
@USER @USER Hapus akun ini dalam 1x24 jam atau saya laporkan UU ITE. Siap-siap dipenjara kalau masih nekat aktif! AFIT FAHRUDIN TEMANGGUNG 10-02-1984 ALAMAT DSN PENUNGKULAN RT001/RW003 LEMPUYANG CANDIROTO TEMANGGUNG JAWA TENGAH JUMINI afitzkeren@USER.com 085786615851,love
@USER masa dia nulis jawa = lutung ,fear
@USER Film Exhuma seharusnya Indonesia bikin kaya film Exhuma dimana dukun bukan cuman duduk komat kamit doang ada tarian &amp; adat dikelilingi orang banyak. Banyak potensi tentang perdukunan ngga cuman di jawa doang.,fear
@USER jawa lagi diem aja tetep dipanggil2..,fear
@USER kak aku ada preloved buku buku ini yaa semuanya masih good conditions tentunyaa harganya jg bisa nego kirim dari jateng tp gratis ongkir sepulau jawa kakk https://t.co/C6pSdhG9rX,fear
walah bubar kita jawa jawa ini @USER @USER,fear
@USER @USER @USER lu sendiri bilang not at systematic level tapi masih maksa nyamain itu justru poin gua jrit. prejudice bisa ada ke siapa aja tapi tanpa dampak sistemik ya jelas ga setara. and jawa ≠ white. di Indo konteks power-nya beda. lu dari awal udh salah analogi,love
Simulasi Perang Rudal! TNI Latihan Gabungan di Karimun Jawa 20 Kapal Perang &amp; F-16 Dikerahkan https://t.co/uAaoE43QEb,fear
@USER @USER nama pun malaydogsialan lidah busuk pekat terus salahkan jawa pemalas betul jadi malaydogsialan pergi keluar negara pun susah sia sia ringgit naik tapi rakyat still miskin keluar negara hanya utk try sambal jawa pun susah,fear
niat hati stream redred di yt malah nemu playlist lagu jawa jadi asoy asoyan lama banget ,fear
Junan asli orang Jawa,fear
Kamis 23 April 2026 - Gubernur Kalimantan Tengah H. Agustiar Sabran S.Ikom dan Gubernur Jawa Timur Dr. (H.C.) Dra. hj. Khofifah Indar Parawansa https://t.co/EbpFLH4iOK beserta jajaran Kepala OPD Mengunjungi Display Produk. https://t.co/CDHKK3wYOL,fear
@USER WKWKKWK sabar ya jawa,fear
@USER FIRE HAZARD at my home Nakur. Your dealer Khandelwal Bareilly cut wiring then burnt VRVX PCB A1P while fixing. Unit dead 0.0 Amp. Need MD Mr. KJ Jawa intervention. New outdoor in 24hrs or legal action. Complaint: * #DaikinFraud,anger
WANT TO SELL WTS KIM HYEYOON 2026 FANMEETING MD Photocard Set = Rp135 000 Welcome Set = Rp165 000 Pin Button Set = Rp125 000 Sticker Set = Rp155 000 exclude ongkir (manual) admin shopee (by request) brebes jawa tengah ️ dm / chat https://t.co/dIJtWhWUEE https://t.co/sChfYSC0NI,anger
Me everyday: I wanna go to public spaces to chill and draw Jawa everyday.. jan panase ra umum ,fear
@USER JK itu Sulawesi apakah ada sejarahnya dan itung2 politik org luar Jawa jadi presiden... Buzer dongok Go-block ,fear
@USER Jika jadi dieksekusi maka fakultas/prodi yg akan dieliminasi adl: 1. MIPA 2. FISIP 3. FEB prodi EkBang 4. FKesMas 5. FIB prodi sejarah arkeo dan beberapa prodi bahasa spt sastra Jawa 6. Prodi pendidikan sosial 7. Kampus/prodi ilmu seni budaya 8. Kampus ilmu agama 9. dll dst..,fear
@USER @USER it looks like a Jawa Sand Crawler,fear
@USER kekuatan jawa,fear
Gelandang Timnas Indonesia tersebut mencetak dua gol (brace) untuk membawa timnya menang tipis 2-1 di Stadion Gelora Bangkalan Jawa Timur Sabtu (25/4/2026). https://t.co/nu7jnbG9v0,fear
Rangkuman berita hari hari ini 1. Purbaya bilang kita masuk mode survival 2. Prabowo ke Perancis lagi 3. Jenderal jenderal Purnawirawan TNI di undang ke istana 4. TNI latihan tembak rudal di Karimun Jawa. 5. Rupiah melemah 6. Asing banyak keluar dari saham big Banks. Why? Ada,anger
@USER Ada pertanyaan gubernur harapan pendukung persib aja udah aneh sih buat gw ga perlu dijawab atau dibahas panjang lebar pertanyaan begituan.. PERSIB BANDUNG itu besar penuh sejarah dan kebanggaan bukan hanya bagi penggemarnya di jawa barat tp diseluruh pelosok indonesia,fear
@USER Jawa Jawaしてきた,fear
WTS // Want to sell nct dream CHEERING KIT JAEMIN (uchiwa) 200.000 inc packing ready ina adm oren bogor jawa barat Order? DM https://t.co/tOqUI2b7P4,fear
Kamis 23 April 2026 - Dinas Perdagangan dan Perindustrian Provinsi Kalimantan Tengah dan Dinas Perindustrian dan Perdagangan Provinsi Jawa Timur membuka Pojok Layanan dan Konsultasi dalam kegiatan Misi Dagang dan Investasi Provinsi Kalimantan Tengah dan Provinsi Jawa Timur. https://t.co/FR8Hx1Dt5P,fear
*୨ৎ || LEOWON Cafe Event Surabaya || ୨ৎ* Bober Cafe Jl. Raya Jemursari No.70 Jemur Wonosari Kec. Wonocolo Surabaya Jawa Timur 60237 ️ Sunday 14th of June 2026 ️ HTM IDR 85.000 / Person (Dp 50.000) 13.00-Selesai Pink / Yellow https://t.co/KEVvkE1c8W https://t.co/LmYUxL96Nk,fear
@USER @USER @USER Dari sejak orok mereka sudah diajarkan untuk membenci Jawa. Apa yang bisa kamu harapkan dari modelan semacam itu??,fear
Update Peringatan Dini Cuaca Wilayah - Jawa Timur Tgl. 25 April 2026 pkl. 21:15 WIB Prakirawan - BMKG - Jawa Timur https://t.co/yZjChYnx4C https://t.co/lcD3ip4dTf,fear
Kamis 23 April 2026 - Penandatanganan Kesepakatan Bersama (KSB) antara Gubernur Jawa Timur dengan Gubernur Kalimantan Tengah dan Penandatanganan Perjanjian Kerja Sama (PKS) Dinas Perindustrian dan Perdagangan Provins Jatim dan Dinas Perdagangan dan Perindustrian Prov Kalteng https://t.co/e7cY5y7mbs,fear
Kemenkum Jabar bangga atas keragaman budaya di Jawa Barat. Melalui pendaftaran Kekayaan Intelektual Komunal kita lestarikan seni dan tradisi Kabupaten Bandung agar tidak lekang oleh waktu dan tetap jaya. Kemenkum Jabar - Asep Sutandar.,fear
@USER Dia istrinya Gatotkaca (versi pewayangan Jawa),fear
@USER Wajarnya mas² Jawa yg banyak gaya bukan banyak ceweknya #LoveStory https://t.co/kNxvTyi397,fear
update #WTS photocard seventeen + cahol dom depok jawa barat bisa co oren (excl adm+pack) atau manual yaa boleh tanya2 dan nego yaa mt after dm yahh! wts wtb photocard pc seventeen svt wts wtb https://t.co/KX9oGnGco6,fear
membesar dlm keluarga Minang di Kuala Lumpur Nenek dan Bundo merendang sambal sebiji mcm sambal Melayu Semenanjung. sambal direndang lama supaya gas lada hilang dan perut tak meragam makan lada tak direndang lama atas dapur. itulah Melayu Minang kami. p/s: Laki Nenek aku Jawa.,fear
Rahmet: jawa jawa rahmet orang paling ngeselin cok sebenernya wkwkwk. Cuman dia tuh bercandaannya masuk di orang2 dan seru plus dia kabid yang gua rasain dan gua pengen ngelebihin dia lah (Egooooo). Banyak hal yang sering diomongin dan pengen gua buktiin ke dia kalo gua bisa,fear
@USER cari yang katolik biar bisa misa bareng siapa tau jadi partner travelling dom pasming asli jawa https://t.co/nwHYx0odUc,fear
Kemenkum Jabar hadir untuk memberikan kepastian hukum bagi setiap inovasi. Jangan biarkan ide hebat Anda dicuri orang lain. Daftarkan sekarang juga di kantor wilayah kami yang berlokasi di Jawa Barat. Kemenkum Jabar - Asep Sutandar.,fear
TUKAR BACA KOMIK LOKAL JOGJA Tuker-tukeran jajanan komik di Comipara yuk! Pada abis belanja apa aja siiiii??? Kuratoru Jl. Cempedak No G-3 Condongcatur Seleman Yogyakarta Jawa Tengah Minggu 26 April 2026 ⏰️ 15.00-19.00 WIB #TUKARBACAKOMIKLOKAL https://t.co/DmbBcXTBeO,fear
꧋ꦱꦼꦢꦺꦫꦼꦏ꧀ꦙꦮꦶ ꦥꦭꦶꦁ ꦲꦸꦠꦩꦶ ꦥꦫ ꦠꦿꦤ꧀ꦱ꧀ꦩꦶꦒꦿꦤ꧀ꦲꦪꦺꦴ ꦢꦶꦥꦸꦤ꧀ꦲꦸꦫꦶꦲꦸꦫꦶ ꦧꦱ ꦙꦮꦶ ꦠꦒꦼꦩ꧀ꦲꦤꦏ꧀ꦥꦸꦠꦸ ꦥꦤ꧀ꦗꦼꦤꦼꦔꦤ꧀ꦱꦩꦶ꧋ Hai transmigran Jawa ajari anakmu basa Jawa! Supaya masa depanmu cerah! https://t.co/QUmfvgHQiS,fear
@USER @USER Orang jawa mbah2 kita dlu yg nglakoni (menuntut ilmu) mmg bisa punya kelebihan dibanding manusia normal..,fear
rekom destinasi staycation di jawa timur dongggg tpi ojok sg ws umum gtu looo ofc selain malang dan surabaya,fear
Kemenkum Jabar berkomitmen mendukung hilirisasi industri kecil di Jawa Barat. Melalui perlindungan Merek dan Desain Industri kita perkuat posisi tawar produk Kabupaten Bandung di mata para konsumen global. Kemenkum Jabar - Asep Sutandar.,fear
Lu aslinya orang jawa kan wooo?? Ada medok2nya,fear
@USER suguru tuh aslinya mas mas jawa greenflag abis cmn kebawa arus nangor aja die ,fear
Kamis 23 April 2026 - Dalam rangkaian kegiatan Pembukaan Misi Dagang Provinsi Jawa Timur dan Provinsi Kalimantan Tengah Tahun 2026 diselenggarakan peragaan batik dan tenun khas dari kedua provinsi sebagai upaya memperkenalkan dan mempromosikan produk unggulan daerah. https://t.co/5DLX2anr86,fear
jawa dropped because of his knees and arms.,fear
@USER @USER @USER @USER bukan ini orang sumatra yg merantau ke jawa katanya lauk nya dikit kalo makan,fear
YG GUE HARAPIN KALAU KETEMU FINESHYT DARI JAWA DAN GUE DARI KALIMANTAN:,fear
@USER kayak Kursi Tahta Raja Jawa ,fear
[] dolor-dolor sedoyo... Monggo pinarak wonten prasmananipun... lha... Naga Jawa.... ?,fear
@USER jawa hama,fear
penelitian terhadap pasangan ldr jawa kalimantan,anger
@USER Kalian jawa mau apa sekarang. Mau aku mampusin.,fear
Gue dari pertama x disuruh beralih ke gas non subsidi langsung ganti eh ternyata di kantor banyak yg masih pake gas ijo jangkriikkk! LPG 3 Kg Mulai Dibatasi di Jawa Tengah ASN PPPK dan Usaha Besar Wajib Beralih ke Gas Nonsubsidi https://t.co/0pp5fTGfCT,fear
cortis x lagu jawa candu bgt sial,fear
ya Allah lindungi jawa,fear
Selamat tinggal Jawa timur puter balik menuju bekasi,fear
Kemenkum Jabar hadir sebagai mitra bagi kemajuan UMKM di Jawa Barat. Koordinasi di Kab. Bandung ini adalah langkah nyata dalam memberikan perlindungan hukum bagi para pelaku usaha kecil yang sedang berkembang. Kemenkum Jabar - Asep Sutandar.,fear
Kamis 23 April 2026 - Dalam rangkaian kegiatan Pembukaan Misi Dagang Provinsi Jawa Timur dan Provinsi Kalimantan Tengah Tahun 2026 diselenggarakan peragaan batik dan tenun khas dari kedua provinsi sebagai upaya memperkenalkan dan mempromosikan produk unggulan daerah. https://t.co/b8frUiDaWI,fear
in fact lu gatau di bekasi hampir tiap tahun demo. may day lah serikat lah apa lah. ada regulasi ga bener protes ada perusahaan licik lapor harga bahan pokok naik ya demo. mas/mba kita ga nrimo ing pandum saya juga jawa btw. kalo pemikiran dan usahamu cuma bersyukur...,fear
@USER Jujur sebagai user daily KRL maupun ad mereka jg tetep meresahkan soalnya capeknya sepulau Jawa,fear
@USER Kalau half jawa boleh aku mauuu. Hit me on dm nder!,fear
@USER mas mas Jawa berkacamata tinggi kurus atau berotot bolehh Islam soft spoken sabar tidak merokoksementara itu dulu ingyahh haha,fear
maaf ya -- aku yg gak di Jawa dan budget pas-pas an ini klo tau RV kek gitu aku gasin kmrn berangkat. Beneran gak nyangka sejelas itu... but semoga semua teume aman nyaman dan stay safe tetap enjoy dan semoga treasure nya jg enjoy guys ,fear
@USER @USER @USER @USER Dan lu literally bilang statement jawa gw rasis yang dimana kita bisa equate jawa=white dalam konteks indonesia that means racism against white definitely exist and heterophobia exist just not at systematic level,fear
Detail lokasi poster di sekitar area Blok M Jakarta (2) dekat sport olympics di depan blok M square (toko emas) dekat jawa-jawa https://t.co/F67vadraJQ,fear
buat versi pulau Jawa juga plis :D,fear
skrg marahnya pake jawa udh bkn inggris https://t.co/fBZJB3T61g,fear
@USER OH BENER BENER.. bener bener inimah jokes YJJA yang jawa jawa aja,fear
je' wessss boseni hidup ini mbah yaaaai aku di pemerintahan raden fatahillah 500 mesjid agung demak pantura jawa pesisir jawa ... buat ga' boseni hidup ini,fear
@USER @USER @USER @USER lu pikir karna ada rasisme terhadap orang berkulit hitam bakal juga ada rasisme terhadap bule putih gt? Statement ini mengimplikasikan klo rasisme ke ras yang ga pernah dioppressed bukan rasisme and after gw pake argumen jawa itu lu malah bilang itu rasis artinya rasisme ke,anger
@USER Jadi kangen mantan.... Mana dia Jawa aku Kalimantan,fear
-ning adakah mba-mba jawa yang bisa jadi someone to talk? siapa tau bisa lanjut dari em29 pekerjaan alhamdulillah udah stable,fear
@USER @USER bahasa Jawa apa jir ngehamilin,fear
@USER + jawa adalah kunci,fear
@USER Ga bang hehehhe saya lahir di jkt keluarga besar jawa cuma kebetulan rumah di kab bogor.,fear
*_Dari Wonosobo Jawa Tengah Nyatakan Perang Melawan Hoaks_* Hadir dalam seminar Wonosobo Melawan Hoax ini Hersubeno Arief produsen konten dan wartawan senior memberikan contoh-contoh kongkrit hoax yang baru saja terjadi di jagad media sosial dan sangat berbahaya jika,fear
Palangka Raya Kepala Dinas Koperasi dan UKM Provinsi Kalimantan Tengah menandatangani perjanjian kerja sama dengan Kepala Dinas Koperasi dan UKM Provinsi Jawa Timur pada Kamis 23 Februari 2026 bertempat di Hotel Bahalap Palangka Raya. https://t.co/P8vTR7uQsj,anger
@USER All jeroan bebek dan ikan yg disajikan di pulau jawa,fear
@USER Jawa jawa jawa,fear
jadi di Jawa kuno sudah ada mekanisme sengketa pajak. sengketanya juga mirip2 dengan sengketa pajak modern soal identitas sebagai WPDN atau WPLN,fear
@USER Gini bgt nasib luar Jawa,fear
Wargalo ketagihan ayak gepuk malah elo ngatain Jawa ngaca dulu makananlo tuh rawan kolesterol https://t.co/EVUNws3hOW,fear
@USER HAHAHAHA. Papnya dulu mana. :3 Niscaya bukan cuma Jawa sama Sumatera yang bersatu tapi aku satuin Pangea.,fear
@USER hhh ruarr biasa mengerikannya fitnah dajjal.. dajjal jawa sj daya rusakk dn menipu nya spt ini... melahirkan jenis makhluk termul,fear
Wts love and deepspace rafayel chara set laser ticket 25k pc badge set 80k postcard 75k dom jawa barat #warunglads #warunganime take all diskonn jadi 160k ajaa,fear
@USER @USER Matoa atau Pometia pinnata bukan hanya ada di Papua. Di Jawa barat namanya leungsir di Lampung orang menyebutnya kungkil di Sumatera Barat dinamai Kasai. Hanya saja yang layak dimakan adalah yang berasal dari Papua.,fear
@USER Mas kok yakin saya tahu soal astronomi Jawa Kuno ,fear
@USER @USER Jawa manaa aku juga jawa,fear
@USER di pulau sumatera na kamu di pulau jawa kah?,fear
Gw mleyot bgt liat Shu Jawa smsnskjdnsksdkksn kasep pisan euy,fear
@USER F29 Jawa dom Bogor sbg corporate girly pasti butuh kopi jd skrg lagi explore nih wkwk ayo berteman siapa tau jd teman hidup ️ #LoveStory https://t.co/AKnqSBqNrT,fear
@USER Menarik bang terimakasih. Sayang sekali di Jawa malah punah ya.,love
Warga Karawang mengira dirinya di luar Jawa soalnya bang,fear
@USER Planet jawa emg beda wkwk,fear
@USER tadi gua liat perkiraan cuaca pulau jawa merah neraka jir gasiap banget padahal udah dijalani berhari hari,fear
@USER Jawa beda,fear
@USER ㅤ ㅤ Mahika 2009. Kebetulan Mamaku asli Jawa. Papaku Jawa-Pakistan. Jadi aku 2/3 Jawa 1/3 nya Pakistan. Salam kenal Kak! ㅤ ㅤ,fear
@USER @USER Ken Arok itu raja jelas aja ada catatannya. Wali Songo itu juga konsep yang ditulis Mataram Islam. Tapi tokoh-tokohnya kemungkinan bukan fiktif soalnya Tome Pires juga mencatat ada jaringan ulama di pesisir utara Jawa.,fear
Sate itu LAHIR DI PULAU JAWA. Inspirasinya memang dari kebab yg dibawa oleh pedagang Arab dan Muslim Tamil. Tapi orang Jawa memotong dagingnya kecil2 menusuknya pakai lidi bambu (bukan besi kayak kebab) lalu membakarnya dan MENCIPTAKAN SAUS KACANG dan SAUS KECAP yg manis gurih.,love
@USER @USER @USER @USER Sate itu LAHIR DI PULAU JAWA. Inspirasinya memang dari kebab yg dibawa oleh pedagang Arab dan Muslim Tamil. Tapi orang Jawa memotong dagingnya kecil2 menusuknya pakai lidi bambu (bukan besi kayak kebab) lalu membakarnya dan MENCIPTAKAN SAUS KACANG dan SAUS KECAP yg manis gurih.,love
Anggota TNI asal Papua ini sudah tinggal di Jawa selama lima tahun dan pintar berbahasa Jawa. #PapuaNKRI #PapuaBangkit #PemerataanPembangunan #ekonomikuat #IndonesiaKuat https://t.co/df3zDg0UcL,fear
aku sih jawa sama sumatra ya,fear
@USER M31 178/72 Cowo straight gak ngerokok apalagi alkohol Asli jawa barat tapi budak korporat di PMA di BSD Hobby gym futsal denger podcast Nyari yg bisa diajak serius well educated bukan mencari penyembuh trauma masa lalu. Sedikit updated jga dgn politik di Indonesia https://t.co/VqXSx2dhHM,fear
Perkuat Sinergi Satukan Langkah! ​Menghadiri Turba PWM Jawa Tengah di GDM Pemalang hari ini menjadi momentum penting bagi Kwartir Daerah Hizbul Wathan Pemalang untuk menyelaraskan visi dan memperkuat arah gerak organisasi. https://t.co/gOmfXtH5n2,fear
Balai Bahasa Provinsi Jawa Tengah memberikan layanan Smara Muruhita berupa fasilitasi narasumber Peningkatan Kemahiran Berbahasa Indonesia di Dinas Pendidikan Kepemudaan dan Olahraga (Disdikpora) Kabupaten Kebumen pada Sabtu 25 April 2026. Kegiatan yang berlangsung di https://t.co/JcoebLiVlG,fear
@USER @USER @USER @USER Yakan tweet lu mengimplikasikan ga ada bentuk rasisme samsek ke kulit putih so by ur own statement and logic ya statement jawa hama itu ga rasis,fear
Melindungi hak cipta dan merek adalah prioritas. Kemenkum Jabar terus memantau potensi pelanggaran KI di Jawa Barat dan memberikan pendampingan hukum bagi korban peniruan produk yang sudah terdaftar resmi. Kemenkum Jabar - Asep Sutandar.,fear
@USER Apalagi jawa kan,fear
@USER Orang jawa besok siang https://t.co/d1MPWjRIbv,fear
@USER Sastra Indonesia Sastra Inggris Sastra Arab Sastra Jepang Sastra Rusia Sastra China Sastra Jawa Sastra Batak Sastra Melayu Yg gak ada masa depannya ini tutup aja apa ya,fear
@USER @USER @USER egiluy uda udah nyampai tanah jawa,fear
PIHAK kepolisian memastikan bahwa kabar mengenai penampakan pocong yang sempat menggegerkan warga Pasir Putih Kecamatan Sawangan Kota Depok Jawa Barat adalah berita bohong atau hoaks. Kepastian mengenai video pocong Depok yang hoaks ini didapat setelah jajaran Polres Metro,fear
@USER Mas kalau soal ilmu navigasi di jawa kuno (menentukan posisi dan arah mata angin) di jawa kuno gimana ya?,fear
@USER ADA JAWA JAWANYA GITU GASI,fear
@USER @USER @USER @USER iya tweet gua. r u illiterate or sum shit? lol strawman lagi. smua Jawa hama rasis tp g punya dampak sistemik. ga setara. ya ada aja orang 'rasis' ke orang bule tapi apakah setara dgn rasisme ke orng hitam? y kgk lah dafuq man. ga bs disamain. just like 'heterophobia'.,love
Pernah banget ngalamin kaya Si hatiku tertinggal d jawa jiwa ku di Sumatera HOMETOWN ROMANCE EP4 #คุณแฟนบ้านนอกEP4,fear
@USER RIS pun hasil dekolonisasi Belanda yang menyatukan RI di Jawa &amp; Sumatera dng negara-negara bagian anggota BFO di bagian-bagian selebihnya Indonesia.,fear
provinsi apa yang dedi mulyadi? Jawa barak xixixixi,fear
@USER yuyur aku yg ga di jawa aja ini seharian cuma pake puanassss polllll kipas ga berasa lagi,fear
@USER Kapan pulau jawa sama kalimantan dempet?,fear
Cabang Dinas Pendidikan (Cabdin) Jawa Timur Wilayah Kabupaten Gresik resmi memperkenalkan EDUTRUST sebuah platform digital revolusioner untuk tata kelola pendidikan kemarin Jumat (23/4) di SMA Negeri 1 Manyar. https://t.co/AIqEk0GR6b,fear
@USER Waktu naik bis semarang banjir belum ada tol trans jawa putar lewat alas roban yang temanggung itu pokoknya seat belakang teriak pak sopir pocong pak supir yg ngelihat 2 orang akhirnya pindah depan terus awalnya dangdutan ganti cak nun sampai rumah makan bisnya dicuci,fear
@USER Let s create Magical Photo dengan prompt: buat aku berada di candi Borobudur memakai baju adat khas jawa tengah. TADAA!! Magic happen with Photo Assist di #GalaxyS26Ultra #GalaxyAI #YouandAICan #MagicalwithS26Series,happy
@USER Gw runtuhin jawa,fear
Kemenkum Jabar berupaya menciptakan iklim usaha yang kondusif di Jawa Barat. Melalui penguatan Kekayaan Intelektual di Kab. Bandung kami memberikan kepastian hukum yang sangat dibutuhkan para investor lokal. Kemenkum Jabar - Asep Sutandar.,fear
RYUL JAWA https://t.co/xX9heAGGKB,fear
Tadi sekre gereja kedatangan 4 orang dari Belanda ditemani seorang guide. Mereka ceritanya napak tilas mengunjungi tempat2 yang pernah ditinggali oleh orangtua dan om tante mereka di Jawa. Ortu mereka dan sodara2nya semuanya lahir di Bandung blasteran belanda-sunda ...,fear
PRELOVED https://t.co/L2XzYHDQsy Komik Miiko edisi spesial -Kumpulan cerita terbaik (1~7) -Fan Book -Namaku Miiko -Miiko Cilik (reguler &amp; warna) harga semua 30k dom Depok Jawa Barat tags buku bacaan bekas murah original Jepang shoujo manga rare item ,fear
@USER ya ampun semua guru SD orang jawa semuanya juga ngomong gitu di zaman gw tahun 1995 itu angkatan gw sebelumnya juga gituh saat Presiden Suharto jadi presiden seolah-olah pergaulan itu musti pada tau biar jangan kalah sama yang kelas wapres sby itu suatu saat nanti,fear
@USER @USER Dah gausah bawa2 jawa kalau di sumatra banyak pejabat dan rakyat bangsat penindas saudara ny,fear
@USER Gampang lah bisa beli chef jawa. Mas koki https://t.co/IejFNiZa55,love
JAWA MODE PDI PERJUANGAN KAH? MERAH,anger
@USER Jawa logic,fear
@USER KDM Jawa Barat?,fear
@USER kali ini gua setuju tolong bilangin kak segera realisasikan penyatuan jawa x kalimantan ini. terima kasih ,fear
@USER @USER Siap-siap aja akan dipenjarakan karena sudah melanggar UU ITE. Hapus segera akunmu NAMA : RAFI IZZATUL RIZQU FARIS DEPOK 28-11-2002 KOMPLEK RRI CIMANGGIS RT001/RW001 CISALAK SUKMAJAYA KOTA DEPOK JAWA BARAT SITI MARFIAH BELUM KAWIN,love
@USER jauh bngtt aku di luar pulau jawa tapi makasih kakk rekomm nyaa nanti dicobain pas ke jkt,fear
Ricky Kambuaya menjadi bintang lapangan yang membawa Dewa United membungkam tuan rumah Madura United FC 2-1 dalam laga Super League di Stadion Gelora Bangkalan Jawa Timur Sabtu.https://t.co/jNtTvorEZQ,fear
@USER Kak.... mengiri bgt bjir Knp pulak rumah gw paling selatan pulau jawa ,fear
@USER Makanya jangan Jawa,fear
@USER @USER Mumpung masih ada kesempatan segera hapus tuh akunmu dalam pantauan pihak berwajib krn melanggar UU ITE NAMA : RAFI IZZATUL RIZQU FARIS DEPOK 28-11-2002 KOMPLEK RRI CIMANGGIS RT001/RW001 CISALAK SUKMAJAYA KOTA DEPOK JAWA BARAT SITI MARFIAH BELUM KAWIN,love
@USER pulau jawa merah membara akhir2 ini,fear
Kemenkum Jabar berkomitmen menjadikan Jawa Barat sebagai provinsi sadar Kekayaan Intelektual. Langkah awal di Kabupaten Bandung ini diharapkan menjadi inspirasi bagi daerah lain untuk melakukan hal serupa. Kemenkum Jabar - Asep Sutandar.,fear
@USER @USER Samurai takut pada jawa,fear
Desa Sumberejo Kecamatan Sudimoro Kabupaten Pacitan Jawa Timur terus menunjukkan perkembangan positif melalui upaya optimalisasi potensi lokal yang dimilikinya. https://t.co/q3Naaf6nSO @USER,fear
- ikan lautnya juara!!! - masakannya enak2 pedes2 gurih. Pas balik ke Pulau Jawa makanan gurih di sini malah terasa manis - kaca belakang angkot digambar Bendera Israel bukan Palestina - Suka pesta! Anak ultah undang biduan anak masuk SMP gelar makan2 ,fear
Turun harga turun harga Bismillah laresssss #JerseyForSale England2008-2010 Excellent 750K Emyu AON 2011-2012 Excellent 750K Size: All XXL NEGOTIABLE nego sampai dealll FREE Ongkir Pulau Jawa-Bali Order/info https://t.co/GX8cRamZ61 /DM https://t.co/KL1OvJ6UN0,fear
Delapan tahun pengabdian sebagai bagian dari Paspampres tentu bukan waktu yang singkat ikatan emosional pun terbentuk kuat Gang Kutai Utara No 1 Sumber Banjarsari Solo Kota Surakarta Provinsi Jawa Tengah pada Selasa 21 April 2026. Mayor Inf Windra Sanur tampak menahan haru https://t.co/2lncvbxsze,happy
Aku pernah ngobrol dan bener² bikin lost interest. Oh Blitar ya? Jawa Tengah kan? Duh aku ngga ngerti dan ngga bisa ngebedain kota di Jawa ngga penting juga Wah.. bye.,love
@USER @USER Segera tutup akun atau saya proses hukum malam ini. Sanksi ITE nggak main-main 1x24 jam! NAMA : RAFI IZZATUL RIZQU FARIS DEPOK 28-11-2002 KOMPLEK RRI CIMANGGIS RT001/RW001 CISALAK SUKMAJAYA KOTA DEPOK JAWA BARAT SITI MARFIAH BELUM KAWIN,love
@USER Yin aku aja yang masih satu pulau di Jawa belum pernah ke comifuro ,fear
gw dukung satukan kalimantan dan jawa pls,fear
@USER nasib nasib yang tinggal diluar pulau jawa ,fear
Jawa tulen yg benci Islam.,fear
@USER Tol trans jawa itu sangat berpengaruh untuk menekan biaya logistik kata siapa malah makin mahal? Karena ada tol trans jawa paket reguler dr surabaya ke jakarta jadi hanya 24 jam sampai dulu bisa 3 hari memang apa yang lebih mahal di dunia ini drpd waktu?,fear
@USER @USER ini kalo dalam bahasa jawa disebut kere munggah bale ,fear
@USER @USER Sekedar info dia punya 3 rumah satu di kota Solo satu di kab. sukoharjo dan satu di kab. Kendal yg semua di wilayah provinsi Jawa Tengah,love
takoyaki jawa. the only decent food here https://t.co/HgXdxXABvR,fear
@USER aku dan mentemen dan juga lagi belajar aksara meskipun awalnya karena tugas... tapi justru dari situ kita sadar pelestarian aksara jawa penting siapa lagi yang mau melestarikan kalo bukan anak mudanya sendiri (?) https://t.co/9fFVoiBtQh,fear
Nobody: Malays: jawa jawa jawa jawa jawa https://t.co/Lotc5M7tqd,fear
@USER Nah itu bukan tergantung amal ibadah. Tergantung hoki aja kalau gak hoki ya dapetnya emas emas jawa,fear
@USER maaf ya..dg mayoritas suku..dn pendidikan masyarakat Indonesia... dmn dominan suku jawa. . ya bgmpun capres diluar suku jawa sulit utk jadi.. apalagi setelah dirusak seluruh sendi2x bernegara oleh dajjal jawa,fear
sebenarnya ga usah gaduh soal makanan tapi karena memang ayam gepuk ini asalnya dari Indonesia+ malaysia anti Indonesia so mereka akan buat alasan panjang agar terkesan ayam gepuk is bad. memburukkan cita rasa suku lain (jawa) ga akan membuat negaramu (malaysia) lebih baik.,fear
Plat B itu ada di Jawa loh. Biasanya kan dihubungkan ke Jawa sama admin nih tumben sekali untuk cuitan ini gak dikaitkan ,fear
@USER Itu memang jokesnya patang puluh patang. Jadi gini Sayangku. Bahasa Jawa 44 itu patang puluh papat tapi karena ada orang yang belum paham banget dia bikin video dan tanya sama orang Jawa patang puluh patang viral deh itu. Jadilah jokes sampai sekarang.,fear
@USER Mau ngobrol sama mas mas non jawa. Hmu!!,fear
JEMBATAN CANGAR Mitos Jembatan Cangar telah lama menjadi bagian dari cerita rakyat yang beredar di kawasan perbatasan Kota Batu dan Kabupaten Mojokerto Jawa Timur. ( Thread ) https://t.co/Xc4OVbvYIA,fear
Kantor Perwakilan Bank Indonesia Provinsi Jawa Timur mempersembahkan Pameran Museum Bersama 2026: Women of Light. Jelajahi 3 zona spesial yang menghadirkan koleksi dari Museum Kartini Museum Nasional Indonesia hingga Museum Bank Indonesia. https://t.co/tdh4gSAx4u,fear
Yg Diluar jawa cuma cuma Senyum senyum aja udah,fear
Bantuan pembangunan rumah apung tersebut hasil kolaborasi antara Pemerintah Provinsi Jawa Tengah Pemerintah Kabupaten Demak dan Bank Jateng. ---------- Baca Berita Terpercaya lainnya di https://t.co/gWEjMt5krv,fear
Pemprov Jawa Tengah terus menggulirkan bantuan pembangunan rumah apung bagi warga terdampak bencana rob di Kabupaten Demak. #suaramerdeka #gubernurjateng #ahmadluthfi #wagubjateng #tajyasin #humasjateng #rumahapung #demak #rob https://t.co/f4W7xmLWmD,fear
@USER @USER @USER Luar jawa menyimak hehe,fear
@USER LUCU BGTTTT TP JANGAN GEPENGIN PLSSS SOALNYA GUE JAWA ,fear
Kemenkum Jabar hadir memperkuat ekosistem Kekayaan Intelektual di wilayah Jawa Barat. Dengan koordinasi intensif di Kab. Bandung kita bangun benteng hukum bagi karya-karya kreatif masyarakat kita sendiri. Kemenkum Jabar - Asep Sutandar.,fear
Ceweknya cantik² jujur karena gw kalok pulang kesana ke rumah keluarga besar mama emang lebih putih² Tapi...gw bersyukur lahir di jawa ketimbang lahir disana Parah men aseli. Apalagi masuk pasar Tomohon ,fear
Kantor Perwakilan Bank Indonesia Provinsi Jawa Timur mempersembahkan Pameran Museum Bersama 2026: Women of Light. Jelajahi 3 zona spesial yang menghadirkan koleksi dari Museum Kartini Museum Nasional Indonesia hingga Museum Bank Indonesia. https://t.co/LBvCFU8r4A,fear
kenapa jadi kayak orang JAWA,fear
@USER jawa adalah kunci,fear
@USER Gakuat bahasa jawa tb tb ,fear
Tdi nonton makuake terus ku nyalain auto translation nya trs kuubah ke bhs jawa ngakak bgt help berasa banget lokalnya hahahhaha https://t.co/OaJU1Qxofu,fear
@USER asal muasal di sebut asam gimana ceritanya? dimana² pun asalkan asam pasti disebut asam jawa,fear
Nggak ada ASAP klo ga ada api Di Jawa nafasmu bau menyan dan berkabut Surau kau sudah lautan ,fear
Jawa Timur serasa di Padang gurun Hot is not publik,fear
@USER kolesom (ginseng jawa) &gt;&lt; 'Talinum triangulare' yang bisa adaptasi di suhu tinggi,fear
@USER kalimantan tapi kuliah di jawa kamuuu ???,fear
jawa goreng,fear
Sastra Indonesia Sastra Inggris Sastra Arab Sastra Jepang Sastra Rusia Sastra China Sastra Jawa Sastra Batak Sastra Melayu Alias FIB tutup aja kalau gitu.,fear
tbtb pgn nikah adat jawa,fear
Leluhur Jawa lebih tua dari pada jawara Betawi Ajining diri Ono ing lathi Deso mowo Toto Nek Ra biso ditoto luwih apik pindah Negoro https://t.co/l8O7REVdoM,fear
@USER @USER @USER Kenapa dengan beras? Di Jawa itu lumbung beras nasional.,fear
@USER Di Eropa coba hidup di Jawa Timur. Isuk sego bungkus kopi racik + sebat surya. Awan sego padang dadar + paru. Bengi sego Bebek purnama.,fear
@USER Kata org jawa kalo kebelet berak tapi jauh dari wc umum suruh ngantongin batu. Mungkin itu tujuannya.,fear
Kemenkum Jabar menegaskan komitmennya dalam menjaga setiap jengkal Kekayaan Intelektual di Jawa Barat. Audiensi dengan Pemkab Bandung adalah bagian dari perjalanan panjang pelindungan aset daerah kita. Kemenkum Jabar - Asep Sutandar.,fear
@USER enaknya pny go yang se dom apa daya luar jawa ini,fear
@USER Lawan China udah pasti kalah telak. jika hari ini Beijing mengirim rudal² balistik hipersonik ke kota² di Jawa sudah dapat dipastikan tidak bisa dicegat. Ironisnya tidak satu butir peluru dari TNI @USER mampu menjangkau China. https://t.co/wd7bpdAdng,fear
...artinya akan dibagikan ke korem kodim &amp; koramil yg ada di seluruh jawa timur...,fear
Mas-mas jawa tan skin bisa roll depan belakang. Udh mulai berubah dari : -turu menjadi bobo -mangan menjadi maem Yok jadian massss,fear
 NOBAR Live Streaming ARIRANG Tour in Busan &amp; 13th BTS Anniversary with ARMY PONOROGO Sabtu 13 Juni 2026 REDGO CAFE Sebrang Luwes Jl. Kh. Ahmad Dahlan No.91 Hasanudin Nologaten Kec. Ponorogo Kabupaten Ponorogo Jawa Timur 63411 15.00 WIB - Selesai https://t.co/T039XUN4D2,fear
@USER Sii Io inii astaghfirullah iihhh...dulu smpet sakit cacar / campak nggak si kak @USER ?? Disembur pake aee asem jawa nggak diaa??? ,fear
@USER Jawa pundi mas?,fear
@USER km setuju aku runtuhin indonesia supaya bisa memersatukan jawa dan bali,love
@USER Yess this alasan suka nasgor di jawa tengah,fear
@USER Nggak ada euy. Cuman ada disertasi Pullen dan Sandra SS (terkait Jawa Kuno),fear
@USER @USER Makanya perlu ada paksaan mau gak mau lagi pula itu lokal bisa nego kalau mau kayak tol jawa,anger
@USER saran gw buat @USER pindah ke jakarta aj jangan di jawa ok?,fear
@USER @USER Sun di jawa entah bagian mana tuh artinya cium kalo disun jadinya dicium ,fear
@USER Pulau jawa pun masih harus war berdarah kak mawar ‍️,fear
ㅤ Perlahan Ezy memiringkan kepala. Matanya mengerjap tiga kali sebuah kebiasaan yang ia warisi dari ibunya yang orang Jawa dari lontaran pertanyaan Roxy. Wait. You re not joking. I don t remember you at all Ezy menggeleng pelan. ㅤ,fear
WTS // WANT TO SELL Tamagotchi Paradise Purple Sky Tamagotchi Uni Pink Rose note: pemakaian baru 3 bulan sudah include case &amp; perintilan lainnya box masih ada Surabaya Jawa Timur : Price DM inc biaya packing ready kamar exc biaya adm oren 3% https://t.co/jGvrtD4kgJ,anger
bgtu mmg org jawa bgtu mmg org jawa nyenye rasis,fear
WTS // WANT TO SELL Tamagotchi Paradise Purple Sky Tamagotchi Uni Pink Rose note: pemakaian baru 3 bulan sudah include case &amp; perintilan lainnya box masih ada Surabaya Jawa Timur : Price DM inc biaya packing ready kamar exc biaya adm oren 3% https://t.co/DGuCoYrghs,anger
jeongwoo mengaku org jawa,fear
Gak dzikir indonesia sama jawa sehari aja lu kena diabetes ya nyet wkwkwkwk Warga elu yang kecanduan gepuk kena lagi ke indo lagi jawa lagi wkwkwkwk. Warga elu aja kaga demen foodslop makanan lu sendiri bagian kecanduan makanan indo lu lagi yang ngamuk tolol. Wkwkwkwk,fear
@USER kabarin kalo pulau jawa udah disatuin ma kalimantan ya kak,fear
Tim Kemenkum Jabar terus melakukan pemetaan komprehensif di Jawa Barat. Kabupaten Bandung menjadi fokus karena keberagaman potensi Kekayaan Intelektualnya yang perlu segera mendapatkan perlindungan hukum negara. Kemenkum Jabar - Asep Sutandar.,fear
@USER Jawa kebakar woy @USER,fear
@USER + jawa = kunci bahagia,fear
@USER Kirain jawa,fear
jgnkan di jawa sini di Kalimantan baru jam 10 pagi matahari nyengatnya udh nauzubillah. gw pake baju lengan ¼ jalan 5 menitan di outdoor sampe rumah udah merah bgt + pedih tu lengan,fear
Menurut Kalender Jawa karena tahun ini tahun Dal mana tanggal 1 Sura jatuh hari Jumat Kliwon maka tanggal 1 Dulhijah rumusnya adalah Jah Pat Ji artinya tanggal 1 Dulhijah jatuh pada Hari papat (4) mulai Jumat yaitu Senin pasaran siji (1) mulai Kliwon yaitu Kliwon.,fear
@USER @USER Asam jawa dapat bola tanggung. Puuh lain macam,fear
@USER Kalau dari kronologi pengenalan baju (atasan) Jawa Kuno (awalnya untuk pemimpin ritual dulu) mulai awal abad ke-10. Kemungkinan Sumatra juga sama.,fear
@USER Ak senyum Jawa kayak Timo,fear
@USER Merah artinya berani Jawa warna merah artinya,fear
Asal-Usul dan Budaya Nasi Lemak: Sudah dikenal sejak abad ke-19 di semenanjung malaya. Menjadi resmi sebagai hidangan nasional malaysia Nasi Uduk: Merupakan ikon kuliner Betawi di Jakarta. Nasi uduk adalah hasil akulturasi budaya yg lebih kompleks antara Melayu Jawa dan,fear
budget ku 0 rupiah ke Karimun Jawa https://t.co/pz3f66S7g7,fear
tolong pepetin jawa barat dan sumatera barat @USER,fear
Aku jawa,fear
Adem dengernya..harta tahta lagu jawa https://t.co/jKJOIV5Cqi,fear
@USER Keknya di jawa satu orng 1 matahari deh,fear
@USER wajar aja kalo yg ngomong gitu perantau atau org dari luar jawa yg daerahnya ga se privilege jawa. lain hal kalo misalnya yg ngomong itu org kulit putih esp dutch. liat nuance sama relasi kuasanya lah,fear
yailah ngadepin panasnya jawa + kelakuan pemerintah,fear
minat bgt sama fanmerch itu krna kerasa sekali jawanya tpi kenapa lah aksara jawanya ga bener ‍‍‍ ywdh babay semoga ada yg lain yg jawanya sangat jawa ‍‍‍,fear
@USER AAMIIN YA ALLAH MAU BGT nasib luar jawa #MesaberInteraksi Mesa di Interaksi,fear
@USER @USER Aksara Jawa kak #MesaberInteraksi Mesa di Interaksi,fear
@USER Lah lah lah kalau dri kita kamu ke CF nya susah sih harus nyari temen klu gak berani. Tapi aku kmren liat di fesnuk ada open trip daerah jawa tengah tau,love
Di jawa panas. Di beberapa sumatera hujan,fear
PLN UIT Jawa Bagian Tengah bersama mitra kerja meneguhkan komitmen penerapan Contractor Safety Management System (CSMS) sebagai langkah strategis memperkuat budaya K3 dan HSSE di seluruh lini operasional. https://t.co/IT0l9ycEfp,fear
jangan tanya keadaan ak skrg eos mng tp ak nya diluar Jawa https://t.co/Hv3AsXgqdB,fear
 want to sell / wts Doll Baozi 10cm Han Noah Photocard Bbuu https://t.co/Y51265rbpn Malang Jawa Timur Keep event/split pay/full co oren #warungplave #jajanplave https://t.co/bkCq2pPTh1,fear
@USER Wahhh terimakasih kak rekomendasinya tapi kejauhan kak saya di jawa timur ,fear
Filsafat sastra jawa arkeologi dll bakal tutup?,fear
@USER adat jawa yah ka ray,fear
@USER luar jawa ‍️,fear
@USER jawa kok gue,fear
@USER kalo dia beneran orang jawa betulan tak kejer terus tak seret ke pelaminan,fear
hey.. orang jawa bukan berarti bisa bahasa jawa huft.. ,fear
[FRIENDSHIP APPLICATION] Name: ryu/go:P Age: early twenty Occupation: college student of english Domicile: luar jawa dah alias di sumatra Zodiac: ️ Aquarius Height: 170 probably?? Hobby: take a nap and listening to music Fun fact: naturally funny (told by someone) https://t.co/RiCrqugU3M,fear
Masih ada kok yg tertarik untuk belajar aksara Jawa. Adalah termasuk saya. Semua tata tulisnya kupelajari bahkan aksara Jawa Kuno pun kuladeni.,fear
setuju banget sama ini.. kalo bisa dari tiap pulau besar - sumatra kalimantan jawa sulawesi papua,fear
Untung aja dia orang korea... Bayangin aja kalau dia orang jawa trus nikah pake baju adat solo basahan https://t.co/IPpCr4mo40,fear
@USER niu lu org jawa bagian mana niu,fear
@USER @USER Jowa Jawa. Bilang siapa namanya orang Jawa itu banyak apalagi yang sudah kawin campur dengan ethnis lain juga banyak. Ya orang Jawa nasionalis bukan facist!,fear
@USER nasib menjadi army luar pulau jawa ,fear
@USER @USER Tomat rebus wortel rebus kentang rebus sup nasi kuning soto Banjar + soto jawa nasi goreng telur dadar roti abon ayam goreng selada jamur kuping jamur kancing jamur Enoki jamur tiram kopi susu air putih susu almond risol mayo es krim tahu udang keripik singkong jagung pakcoy,love
utamanya pendidikan dan kesehatan sih di + infrastruktur (khusus luar pulau jawa). harus diutamakan yg diluar pulau jawa (atau yg termasuk daerah 3T),fear
@USER Lmao duk su suka jawa Mallam wannan matsalar + he's an overly arrogant man. Yes he has his pros but overall he would have best served as the 'Governors friend' than being a counsellor. Go check the shameful housing model he delivered at Millenium city Namadi's looked better!,love
@USER gua ss ya jadiin banner segede pulau jawa,fear
ak cari mas mas jawa km aa aa sunda ya li @USER,fear
@USER @USER @USER @USER By your logic gak rasis samsek karena ga ada penindasan sistemik ke org jawa bahkan mayoritas ruling class kita jawa,fear
@USER @USER Semua pendatang kecuali org asli ada kebanyakan puak dari Jawa &amp;; Sumatra saya sopan bukan mcm anjing kurang ajar nak label kaum. Pergi la syiok sendiri. Knp minda lemah &amp; mengidap penyakit inferiority kompleks?,fear
@USER Sby barat hadir ka jawa too haha,fear
tmnku yg kuliah di jawa maw menghabiskan libur semester dgn keliling jawa... me maw ikut tpi belum bisa ,fear
@USER kl jawa semerah itu sumatera udh dark red maroon,fear
@USER When yes bisa keluar Jawa,fear
@USER Silpin kerajaan Jawa jos jos Kabeh hormat untuk kalian Mbah !,fear
@USER Siapapun jemput aku buat ke pulau jawa biar deket kesananyaaaaa,fear
@USER @USER @USER @USER Klo gw ngomong seluruh jawa hama itu rasis apa ngga,fear
Wts skin1004 new ori Cleansing oil 200ml on pict include all jawa barat Split = harga berubah https://t.co/IQJ80Bj90A,fear
@USER setuju kak ratain aja biar aku bisa motoran jawa kalimantan juga,fear
@USER Nemu nasi goreng pakai kecap cuma di Jawa awalnya kaget banget. Pas kejawa timur lah malah pakai saos juga,fear
Pernah ada pasien ngeluh kok pelayanan tes HIV Bandung nggak kayak jakarta. Intinya bilang puskesmas jakarta lebih better dari fasilitas nakes dll Yak aku bilang. Beda daerah beda kebijakan beda fasilitas nggak bisa disamaratakan Yg di jawa barat aja banyak yg rela jauh,fear
@USER :) org makasar mix jawa gini,fear
@USER @USER @USER KENAPA KALIAN SEMUA JAWA ,fear
@USER @USER @USER OKEH NANTI MINTTT KALO AKU KE SBY AKU INFO KITA MITAP LALU BELAJAR AKSARA JAWA BERSAMA ,fear
Butuh kalender Jawa Juli 2029? Cek detail &amp; cari hari baikmu di sini! Bagikan ke teman biar semua tahu! ️ +https://t.co/d9JpHgaFnW #enkosa #kalender-online #kalenderenkosa,fear
@USER Tadi tanya chatgpt belerang itu sulfur apa bukan ternyata itu sama. Dulu pernah cacar trus pergi ke jawa ke tempat yang ada air sulfurnya. Langsung berubah muka gue di tempat lol jadi lebih bersih. Coba aja kalo rutin mungkin bisa banyak benefit lainnya.,fear
@USER Aku orang jawa lebih suka pakai tulisan lengkap soalnya hurufnya cuman 3 contoh: KON COK ASU,fear
@USER Kalo emang wali9 gada ya agama seluruh jawa sekarang itu hindu/Buddha/animisme/dinamisme orang tapal kuda bahasanya bukan full madura tapi full osing/jawa Tengger gada pesantren gada kejadian kelam 98 gada gus2an gada kerajaan demak islam. dan kalo emg ada nyali bikin ribut,fear
KDM Ajak Sumedang Kembali ke Masa Kejayaan Gubernur Jawa Barat Dedi Mulyadi (KDM) mendorong Kabupaten Sumedang untuk kembali meraih masa kejayaannya dengan memperkuat identitas budaya ekonomi lokal dan kualitas sumber daya manusia... https://t.co/Xu1qmXY2M9,fear
Gak ada sesama orang malaysia yang negur orang ini tiba-tiba rasis ke jawa ya. Lu kalo gak suka sama masakan tetangga tinggal ga dimakan aja gak ada yang nyelundupin juga njir. Lu banyak gak suka sama tetangga tapi bbrp hal tetep lu konsumsi dan di saat bersamaan menghina juga,anger
@USER Songket Palembang hanya sebagai pembanding saja tapi di Jawa Kuno memang ada tradisi tenun dengan tambahan motif benang emas,fear
@USER Gak bisa komentar apa2 Kate gak ngerti bahasa Jawa,fear
@USER @USER Kayaknya setelah baca argumen nya coba bandingkan deh lebih mudah mana menanam padi dengan menanam/memproses tumbuhan pangan pokok asli daerah sana. Karena bisa jadi padi baru beneran mudah ditanam di Jawa perlu beberapa dekade. Terus apakah jadinya sulit?,fear
Jawa sepanas itu soalnya api cemburu gua membara,fear
Breadlin enak banget.. gak pernah ngecewain kue-kuenya. Breadlin sama Istana Mie dan Es ini wajib banget sih buka cabang di mana mana gak cuma di Kebumen atau Jawa Tengah aja.,fear
@USER @USER bisa dipake belanja di alfa indo jg bokap gue pake flazz bca soalnya waktu itu isi buat tol ke jawa taunya kebanyakan ngisinya jadi dibelanjain sisanya,fear
@USER Barat kodepos 16431 KC DEPOK MARGONDA 1 yang berlokasi di Yayasan Al Hamidiyah Jl. Raya Sawangan Km.2 No. 12 Pancoranmas Depok Jawa Barat. Atau kakak dapat mendatangi Mesin ATM wilayah Bogor yaitu KCP DEPOK SAWANGAN SARI PLAZA pada wilayah RS RUMAH SEHAT TERPADU (2/5),love
@USER Kalau ikut Wikipedia Indonesia even diorang pun setuju pengaruhnya dari Melaka. Cuma ada satu pembezaan penting antara kebaya Melayu &amp; Jawa. Kebaya Melayu memang ambik konsep abaya sebab Melaka memang pusat Islam sebab tu labuh. Kebaya Jawa pula sepadukan kemban &amp; kebaya..,fear
Makan sate atau bakmi jawa yhh? ,fear
@USER @USER Lah wong walisongo itu lebih ke arah islam pesisir kok masih aja nyalahin mataram lu liat tradisi soal walisongo itu lebih banyak di pantura daripada di jawa selatan khususnya jogja. Zaman sebelumnya lagi (majapahit) banyak praktik bhairawa tantra yg aura mistisnya kuat.,fear
@USER sore tadi jawa timur hujan deres,fear
@USER Maksudnya industri apa sih? Trus kalau spt sastra Jawa gitu mungkin ga ada industrinya bakal ditutup?,fear
stress bgt gwehj rasanya mau traveling keliling jawa,fear
@USER gk jawa gak sih,fear
Apa2 hal pun identiti moden Johor yang menjadi asas identiti moden Melayu bukan semata2 dipengaruhi Barat malah terdapat pelbagai pengaruh seperti pengaruh politik Islam dari Uthmaniyyah pengaruh tradisi keilmuan Islam dari Pulau Jawa dan tradisi persuratan Melayu dari Riau.,fear
Dini hari yang harusnya tenang malah jadi tegang Sekitar jam 01.00 seorang pria kepergok warga saat diduga hendak mengambil kotak amal di masjid wilayah Puger Jember Jawa Timur. Sempat kabur dari kejaran tapi yang bikin geleng kepala sekitar satu jam kemudian ia justru https://t.co/qsikkPmQlC,sadness
@USER @USER @USER Betul bahkan sejak zaman Jawa Kuno kata ibu bisa digunakan untuk panggilan perempuan umum tidak selalu orang tua. https://t.co/ubFKWTF47E,fear
@USER @USER Ini videonya dari Klaten Jawa Tengah. Banyak rumah di kampung tepi sungai/selokan di sana yang mirip gini. Cocok buat yang suka hidup deket air tapi rawan banjir ya. ,fear
@USER WKWK aku jg gabisa bhs jawa tp untungnya aku di kota geplak ae pala bapaknya,fear
@USER RIP Sastra Jawa,fear
@USER Btw mereka muslim di pulau Jawa yang terkenal moderat tapi level moderat dalam Islam tetap ada keinginan islamisasi tapi dengan cara berbeda dengan isis dan Al-Qaeda.,fear
@USER HAHAHAHA sorry. aku rasa 80% mootsku ngira aku org jakarta malah . tp aku emg lmyn rutin bolak balik jawa since i got loads of fams throughout the island,fear
@USER Dulu pas covid aku sering explore tempat terbengkalai di Jawa timur - Bali sendirian tapi gapernah nemu penampakan ,fear
#WargiPengayoman sinergi untuk prestasi Jawa Barat kembali hadir melalui kolaborasi penuh energi! Kantor Wilayah Kementerian Hukum Jawa Barat menyelenggarakan Live Podcast Ngopi Pagi bersama Persib Bandung pada Senin 27 April 2026. Bertempat di Persib Store Official https://t.co/dcjGcoNJ5a,fear
@USER Kalo kata orang jawa namanya numplek,fear
hari ini bpku bilek Jawa emang sepanas ini kah biasanya? ,fear
@USER @USER Many companies headquarters are there too its definitely Pulau Jawa,fear
Polda Jawa Timur melalui Ditpolairud Polda Jatim menggelar konferensi pers terkait pengungkapan tindak pidana penyalahgunaan pengangkutan dan niaga bahan bakar minyak jenis bio solar (BBM bersubsidi) Kamis (23/04/26). https://t.co/TEawij9hg5,fear
@USER @USER @USER @USER Semua sejarah bangsa juga gitu. Karena ini masalah jawa maka ini emang masalah internal atau perang saudara doang. Justru bagus mataram yang menguasai karena lebih mempertahankan sekaligus mengadaptasikan budaya jawa ke dalam perkembangan model zaman itu. Yang heran itu indonesia,fear
@USER Trans jawa pokoke,fear
@USER Makan pake sendok meskipun orang jawa tapi terbiasa pake sendok NETJJ WITH BEWITCHED #NetJJBWSpecialTime,fear
@USER @USER Ini lagi masalahin adat. Ga harus jadi Jawa buat memakai adat Jawa. Lagian filosofi nya banyak dan ga melanggar aturan. Sah sah aja,fear
@USER banyakin like rt akun lngshot sekalian posting ttg lngshot kak abis ini lngshot ikut award buat pertama kalinya lumayan juga buat naikin lngshot jg hehehhe maaf meracuni kalo kata orang jawa biar gak spaneng,fear
@USER bs bhs jawa gk,fear
 rts and likes are appreciated &lt;3 ꩜ Open Order ganci rajut miffy tinggal kirim .ᐟ.ᐟ 𖦹 bahan velvet 𖦹 ukuran segenggam tangan Nganjuk Jawa Timur https://t.co/yIPY7dek9h #wts #wtb #zonajajan https://t.co/tj3XnK2mqM,fear
@USER @USER Joke kuli Jawa teruji dengan nampilin gambar candi itu berdasarkan kisah nyata,fear
@USER Gak mau kumpul sama matahari Jawa.,fear
@USER Turunan jawa,fear
@USER @USER Standar kabupaten kecil jawa,fear
Gak cuma di Jawa investasi kini makin merata ke pelosok negeri berkat program hilirisasi. Meski kondisi global tidak menentu Indonesia tetap jadi pilihan utama para investor untuk tanam modal dan dukung transformasi ekonomi yang lebih kuat. 🇮🇩 #InvestasiMerata https://t.co/uFlbVhUAdp,fear
Pengungkapan kasus ini sekaligus menegaskan komitmen Polda Jawa Tengah untuk terus memberantas kejahatan ekonomi lintas negara khususnya penyelundupan kendaraan bermotor guna melindungi masyarakat serta menjaga stabilitas perekonomian nasional.,fear
Polda Jateng Bongkar Sindikat Ekspor Ilegal Lintas Negara Selundupkan Ribuan Unit Motor ke Timor Leste Polda Jateng-Kota Semarang | Direktorat Reserse Kriminal Khusus Polda Jawa Tengah mengungkap praktik penyelundupan kendaraan bermotor ilegal lintas negara yang telah https://t.co/e0bVY3spNH,fear
*Prakiraan Cuaca Jawa Tengah* _Berlaku Tanggal 25 April 2026 Pukul 19.00 WIB s/d Tanggal 26 April 2026 Pukul 07.00 WIB_ https://t.co/0Gz9s0izq7,fear
@.mas mas jawa itu,fear
#WargiPengayoman mari hidup sehat sambil melek hukum! ‍️ Kementerian Hukum Jawa Barat hadir di Stadion Si Jalak Harupat pada 26 April 2026 dalam acara Sport Edutainment untuk memperingati Hari Kekayaan Intelektual Sedunia (IP DAY 2026). Bersama Kakanwil Asep Sutandar dan https://t.co/vmCjziC2Hv,fear
@USER WKEKEKEK TENGKYUUU aku aslinyh gabisa bahasa jawa... Itu di translatein tmn aku,fear
Belajar Belajar Dan Terus Belajar .. Alhamdulillah Putri Persahabatan - Putra Putri Kebudayaan Jawa Timur 2026 Kab.Malang Untuk Jawa Timur https://t.co/vn8MvFBXKH,fear
*Prakiraan Cuaca Jawa Tengah* _Berlaku Tanggal 25 April 2026 Pukul 19.00 WIB s/d Tanggal 26 April 2026 Pukul 07.00 WIB_ https://t.co/hNzxoB0U8F,fear
@USER Makanya fondasi harus dibangun namun yang kita bangun di sana malah sawit bukan industri ma ufaktur yang korelasi dengan mineral langka. Harus berani untuk membuat suasana konsumsi kalau cuman bisa import dari jawa.,fear
@USER padahal gak punya darah jawa lantaran lahir di surabaya identitas kejawaan melekat kuat dalam dirinya bapak sunda ibu keturunan yahudi,fear
rombongan jama'ah haji dari wilayah jawa tengah udah mulai rame lewat depan gang ,fear
@USER @USER @USER Mas nya ga pernah ngerasain di sumatera saya ngerasain di jawa mas saya ngelihat langsung kehidupan masyarakat gimana mas nya ga paham poin yang saya sampaikan karena mas nya bukan anak top PTN juga kan? Bukan orang luar jawa kan? Saya ngerasain hidup di jawa dan luar jawa mas,fear
@USER Ada kak A gift presented to King Rama V from Candi Singhasari on behalf of Dutch Goverment in Jawa https://t.co/MZ4ICvhprF,fear
@USER Yoi banget. Bahkan dulu kebijakan kantor tu ga ada fresh grad yg di Jawa wkwkwkwk,fear
Gempa Jawa Barat M 3.3 25 April 2026 11.02 WIB Kedalaman 10 km-7.990 106.960 | 102 km selatan barat daya Banjar / 119 km selatan tenggara Sukabumi. Bmkg-EMSC https://t.co/tbEcDIl9NS,fear
@USER Rugi sementara? Oh man andaikan jadi mereka harus tetep mengirim ke Jawa mobilnya dengan penduduk 60 persen satu satunya cara sumatra di lirik adalah sumatra harus banyak anak baru industri akan melirik mereka sebagai market dan pembuatan barang,fear
@USER @USER Solo itu kota majemuk isinya macem-macem nggak cuma abangan dan kejawen Islam garis keras seperti yang buat bom bali ada Jawa non Muslim juga banyak. Malah sejarahnya Solo itu kalem tapi kalau meledak Paling serem. Tahun 65 paling parah di Solo. 1980 ada rusuh anti China,fear
@USER Ya betul...bodo Melayu zmn skrg ni stkt ayam gepuk jawa pun nak hype ntah apa2,fear
@USER Banyak juga orang Minahasa yang gabung dengan KRIS (Kebaktian Rakyat Indonesia Sulawesi) dan berperang di Sumatra dan Jawa.,fear
@USER @USER Tp harga petani 5-7rb beras itu d jawa. Keluarga sy petani. Makanya d Papua ga cari beras yg murah. Mahal pun kutuan. Cuma d jawa aja sekejam itu margin harganya. Mana ada yg bandingin sama harga 10th lalu ktny 3-4rb. Berarti secara inflasi aja harga produsen tertinggal jauh,anger
Elang jawa dago pakar Bandung #elang #elangjawa #dagopakar #elang #dago ... https://t.co/ITKXGqu1Z3 via @USER,fear
Mateng jawa,fear
@USER @USER Apaan fokusnya juga pada di Jawa kok ,fear
DEMI APA NEMI FOTO KLS 11 WKWK JAWA ASLI LHOYA kangen pake kebaya https://t.co/460tT7jkfT,fear
@USER Aku Jawa???,fear
@USER @USER @USER Aku tahu bung itu yang bahkan aku perjuangakan lewat KEK dan Zona Industri yang meluas di luar jawa dan jaw sendiri bahkan aku juga yang dukung industrialisasi dan hilirisasi di luar jawa,fear
@USER Jawa bgt ,fear
@USER jawa metaaalllll,fear
 maw tinggal pulau jawa,fear
Pemerintah Kabupaten Jember melalui Dinas TPHP menegaskan kesiapan menghadapi potensi musim kemarau 2026 sekaligus menjaga stabilitas produksi pangan di daerah yang selama ini dikenal sebagai salah satu lumbung pangan di Jawa Timur.https://t.co/04zFio4cQU,fear
@USER @USER @USER Wkwk ya kaya JAWA buruk rupa ,fear
Jyung nyuapinnya ngebut banget kek mau ngejar tol lintas jawa https://t.co/WkXFe4CtKe,fear
Menurut gue selain MBG bakal ada yang lebih gong Koperasi itu. Banyak bangunannya sepanjang jalan di jawa tengah kebetulan lewat desa-desa 3 hari ini.,fear
@USER Jujur aku orang Jawa tp ga bisa Jawa b,fear
@USER nasgor jawa,fear
@USER @USER @USER Lah dikira orang jawa kaya semua kali ya kalo Abang pernah lihat tuh adegan si doel di omelin babeh perkara jadi supir. Ya itu realitanya .,fear
jangan lupa peralatan makan harus ada di kos. peralatan makan yang ini lengkap udah satu set piring mangkok sumpit gelas + harganya murce pol https://t.co/cAQROvsJx2,sadness
in this economy lebih hemat masak nasi sendiri. nah pakenya rice cooker sejuta umat kosan dari miyako. pas buat porsi makan sehari-hari. https://t.co/yrf7t6UM4j,happy
gapenting ah. yg penting gue makan heheheheh. https://t.co/IdObPniZBd,fear
@USER Dalam agama kita selalu diingatkan jangan sesekali makan sama babi,love
guys ada yang punya tips gak biar gak nervous terus bisa tetep happy terus makan apa ya kira kira biar gak cepet laper,sadness
@USER Maybe sistem pencernaan manusia dan hewan beda terus makanan yang di makan juga beda,happy
@USER Makan sushi lokal itu kek uji nyali,anger
[AFFILIATE] Tempat makan ter-murce yang aku temuin tapi kualitasnya bagus! Spacesnya menurut aku pas dengan 3 compartment karena aku selalu makan nasi lauk sama sayur. https://t.co/4UpXHxLEcU,love
IRENEEEE I NEED YOUR NEW VLOG yang makan makan itu,anger
Singkat padat mau makan tp jdi satu semua macaroninya https://t.co/M7ipHeJQJS,sadness
@USER Aduh bang mereka jadi ada Inspirasi proyek baru nih pengolahan sampah terpadu MBG proyek lagi gak tuh.,anger
keracunan makanan sampe masuk igd dan harus di rawat inap. padahal ga pernah makan makanan yang ga bersih makanan yg di konsumsi hari itu juga makanan box sehat ada serat daging dan nasi ‍️,sadness
Gaprnh kena matahari pagi gaprnh keluar siang sore malem. Kerjaan nya diem dikamar mulu. Mau makan tinggal gofood. Mau ini itu tinggal minta pcr. Yaallah nikmat bgt hidup ini,sadness
Leehan makan lukchup,happy
Makan siang by. https://t.co/MkxdPfhjY7,sadness
@USER Negara yang mau ke arah maju kaya china aja mbg nya cmn di pedesaan bukan kaya disini. Oh yah Purbaya mah gede omong doang bea cukai noh masih cegat para TKI yang minim info soal pajak cukai skrg lagi cari dana tuh grebekin ponsel inter,anger
@USER Makan opor buatan kakak https://t.co/abJLJMFXLk,love
makan bakso urat dulu,happy
makan ayam setiap hari,happy
@USER semuaah tugasku udah di acc sudahkah km makan siang byy https://t.co/imU5TFS0cr,happy
@USER @USER Ya tp mungkin aja hari ini dampaknya udh meluas ke orang kecil I hope we brave enough si bukan malah jd buzzer pemerintah cman buat dpt recehan buat makan. gmna ya..,anger
@USER Jika benar kami turut sedih. Apa kah duit itu matlamat dan segala nya untuk mereka yang memegang kuasa ketika ini. Harap pagar pagar makan padi?!,love
@USER plis makan ak,happy
@USER Skip makan pedes pedes sek yaa,happy
pupu ihhhhh jgn makan dede ,happy
ini namanya MAKAN https://t.co/UmGayycEOe,anger
Mari makan nasi dengan lauk Marinasi dari Desaku Desaku Marinasi Ayo lihat videoku di Shopee Video! https://t.co/HR0EDF2IXD https://t.co/KFDsajzg1r,happy
@USER @USER @USER @USER @USER @USER @USER @USER @USER @USER @USER : Rincian biaya MBG unt biaya makanan sngt kecil yg besar unt lain-lain https://t.co/8CRMhbE85L https://t.co/bU11bcS2Xp,love
@USER @USER Semoga lekas sembuh Mamanya Kak. Ingat makan-minum juga Kakaknya.,fear
perkiraan diakhir dengan Top LB (1M) vs Saya (7K). kemkinan bila Top Lb mendapatkan hasil akhir senilai $1k berarti saya hanya mendapatkan $7. apakah itu sebanding dengan waktu untuk testnet atau hanya memberi makan orang karena point sistem referal? hanya diskusi @USER https://t.co/nKVBFJqX5I,anger
efek udah mulai jarang makan sayur and buah susah poop (sorry jorok hehe),sadness
@USER kebalikan aku kudu banyak macem lauknya baru semangat makan wkwk,happy
Gua yang makan ayam geprek setiap hari:,sadness
@USER Woii jaga makan woiii ,happy
Selamat siang semua ️ Menu makan siang kalian hari ini apa ya moots? Kalau aku lagi masak sup ayan hainan ,happy
@USER @USER Tim gemoy ya km? Gk dlu Liat aja ga napsu gmn mau makan wkwk,fear
@USER orang kaya makan sasimi,happy
@USER Kita independent Okie! I pun baru siap makan niii,happy
Seger bgt mbg alias my bojo gue,happy
@USER makasih chii dah makan belum lu?,happy
@USER Sini lu makan tuh makanan belatung jangan bisanya ngomong doang,anger
gaji kepala dapur mbg di kabupaten gede juga wkwkwk diatas umr jakarta brooooo,fear
@USER ⠀ MBG apa bergunanya buat anak-anak stunting? Tsk. Gak apa lah kalau kepanasan atau hujan angin mereka bisa jadi payung lu. Keruntuhan sesuatu juga mereka bakal kena duluan hahaha ⠀ ⠀ ⠀,anger
@USER MAU MAKAN APA MENTIONED !!!!!,anger
@USER Itu murid habis dikasih makan apa ya bisa sampe gt?,happy
@USER Sehari sebelumnya makan seblak terus kemarin malah makan ayam sambal matah dan udahnya minum kopi,happy
Tau ga apa alasannya saat cewek di tanya mau makan apa jawaban nya selelu terserah? Ternyata ada sejarah nya lho! Terakhir kalinya cewek milih makanan malah di turunin ke bumi sekalian cowoknya. Sekarang daripada cewe salah pilih makanan lebih baik dia bilang terserah saat di ajk,anger
#GakHabisHabis Siswa keracunan MBG https://t.co/5z4nkXssaH,happy
@USER 160-170/day soale sibuk dan ribet masak jadi sekali masak dan sekali makan malamnya aku emjoy kok cuma mikir apa seumur hidup gini ,love
@USER Coba cari day care terdekat disitu aja atau coba minta tolong temen lu buat nemenin adek lu makan dikfc atau mqna kek yg dkt kampus.,anger
namtanfilm selalu bareng sampe cara seneng makan makanan enak pun reaksinya sama ini keseringan terusss lanjutin pls,happy
temen expat gw ke Snezhnaya dia cuman nanya satpam ternyata kembarannya g mampir. makan. pulang. dah gt aja,sadness
memekak je tetiba sambal fetish taknak makan sudah apa la tak bahagia sangat hidup tu,happy
@USER Aku lebih suka yang pink kak pas aku makan kerasa lebih fresh bahan-bahannya.,love
@USER Oh yang makan nya sambil disuapin ya?,happy
PUSING BGT SCROLL MAU MAKAN APA HUFFFFFFFFFF,anger
@USER capek makan cak ,love
@USER Di gambar kanan sih keliatan gede. Pernah makan yg dubai coklat yg bulet aja aku sharing makannya,happy
@USER Belum kak males ngantuk waskssksks. Kalo kamu sudah makan siang?,love
@USER hapus nder sebelum aku jejelin ompreng mbg,love
@USER Makan brg aku,love
@USER Harus itu. Biar bisa makan gorengan setiap hari haha. Ayo olahraga Dyah.,love
@USER Kamu udah makan siang belum,love
INI DIA MBG MY BINI GWEH CANTIK DAN MENAWAN SEKALI,love
@USER MENDING AJAK GW MAKAN PUDDING AJA ,anger
PANAS BANGET ASTAGAAA KELUAR BUAT BELI MAKAN DOANG RASANYA KAYA KEBAKAR,anger
@USER CEKIKIKAN Itu sapi nya di kasih makan sampe idul adha tahun depan juga nggak bakal gede ,happy
@USER Karena aku udh lama ga makan naskun jdi aku pilih naskun,love
@USER Is this that mayor from Mau makan apa?,happy
oke skrg makan sambil nugas karena udah baawa buku percuma kalau bukunya ga dipake,anger
Btw belom makan tapi udah abis 2 cup,sadness
day 3 kerja jdi admin wajar gasii masih ngang ngong planga plongo masihh suka ngelag teruss salah jugaa kalau kerjaa oh iya jam kerjanya 14jam untuk gajinyaa 800k sebuln uang makan 80/hari dan ga ada hari libur sama sekali wkwk kecuali izin cutii https://t.co/MruR7ufZOp,anger
@USER Bangeeet makan 1 aja gidik gidig,happy
@USER ️️ ️️ ️️ ️️ Nggak sampai stunting juga sih dikasih MBG dong nanti gue. Nggak ada sih. Gue paling pendek. Kawan gue 180an ke atas semua. ️️ ️️ ️️ ️️,fear
Piring keramik mah piring orang kaya piring miskin tuh piring beling hadiah detergent (gue lah pemilik piring miskin itu ukurannya lebih kecil dari piring keramik pas untuk porsi sekali makan),sadness
GANTI DULU SIBOTAK INI...PRESIDEN AJA DIA KIBULIN SI BOTAK INI SUMBER MASALAH DI MBG https://t.co/19yNYFOqI4,anger
selamat siang ceymuts! siapa yang mau makan aku? ˙𐃷˙,love
@USER sini sini makan dimsum,happy
@USER Tak bosan bosannya ku mengingatkan utk yg o ya maslah gni: - uang listrik - wifi - dst yg tagihan blnan Mnta suami yg bayar. Uangnya g ush d ksh k istri. Jd istri cma: uang buat makan/masak/blnja bulanan dan kalau suami waras nafkah kbthan istri. Blnja bulanan? Ajak suami,anger
Mungkin Karena makan MBG badannya jadi lebih besar buat lawan gurunya,happy
@USER gue bahkan bisa ga makan anjir kalo lg bahas skripsiw ,happy
ampun deh kalo sariawan di bibir. makan gaenak ciuman gabisa,fear
Sampai sekarang #KawanPajak belum lapor SPT? Takut kena denda? Kita kasih paham nih untuk #KawanPajak eitss tapi pantun dulu yaa Anak dara makan sop buntut Pulangnya mampir kerumah cello #KawanPajak jangan takut Sekarang ada relaksasi spt lho! https://t.co/J05jvF4ocJ,fear
@USER Nanti ada pejabat yg s3 di ITB dgn disertasi: Ensuring Food Safety and Nutrition in MBG Through Computer Vision,anger
@USER @USER JELEK KALAU PAKE SIGMA BOY KELIATAN GEN ALPHA KAN AKU MASIH GEN Z ABANG! iya betul abang!! ITU ADALAH MIYANOOOO AHAHAHA ABANG UDAH NONTON BELUM ANIMENYA? AKU UDAH NONTONN makanya aku gambar dia LUCU BANGET itu lagi makan roti aslinya lupa sih scene episode berapa T__T,love
@USER Mbg BUMC https://t.co/UhnXFPoPp7,happy
kalian makan siang pake apa?,happy
@USER Termasuk anak2 saya sudah hampir 1 bulan ini tidak pernah di makan MBG nya karena anak2 saya pulang sore saya memilih untuk membawakan bekal sendiri. Pihak sekolah sudah protes berkali kali ke pihak SPPG agar menunya lebih bervariatif tdk telor lagi telor lagi dg rasa hambar.,anger
@USER Ya gimana yaa ada label pecinta femboy tapi gandeng istri cewe tulen serasa bilang gw vegan tapi makan katsu jir ,anger
Nasi goreng diatas piring yang berada di meja makan adalah salah satu makanan paling enak.,sadness
@USER Lagi pesen makan sihh,happy
@USER Sana makan dulu https://t.co/W3Awj14W3m,love
@USER makan donk,love
akhirnya ngerasa laper juga setelah 4 hari bedridden dan ga nafsu makan mie lethek! baru pertama kali makan hihi aku tau bakal suka sih texturenya mirip soun tapi lbh lembut gitu yah keliatannya kenyal tapi lembut bgt pas dikunyah dan ditelen tuh https://t.co/Mkp9JHnWgI,sadness
@USER Jangan lupa kucing nya kasi makan dulu ga gitu ntar dia puasa,happy
ga mood bangun dari kasur even buat makan pun :(,sadness
@USER semangaaaaat kk seyii! jgn lupa makan siang!,happy
@USER makan enak,love
@USER Sayang udh makan?,love
@USER Iya mff(?). Kayaknya setahun deh sebulan makan ini semua sih dijamin langsung diabetes Ambil yang banyak!! sogokan implisit buat kasih tau juga kali ya soalnya mau tau banget.,happy
@USER @USER Aku akan mencoba menjelaskan simpelnya dalam agama islam ada berapa makan dan minuman yang tidak boleh di konsumsi seperti khamar ( wine sake dan sejenisnya) daging babi ( apapun olahannya) dan anjing. Hal itu tidak di perbolehkan untuk dimakan dalam agama.,love
@USER Dari mata batin saya ini ada hantu pelaut yg rindu makan ayam di Jatinangor. Mungkin Anda sedang di laut?,happy
@USER @USER 1. Oleh Jesus saat dia jalankan Misi-Nya. Contoh : PL : Murid2 Dia makan pake tangan tanpa cuci tangan = Najis. Saat ditegur Dia bilang Yang Najis itu bukan yang masuk ke mulut tapi yang keluar dari mulut seperti maki iri dengki... Ini berarti Roh yang berperan. 2. Berdoa,love
@USER Yang penting mah survive dulu secara umum mbg ini halal dan tidak menyalahi hukum manapun gak usah memperbaiki dari dalam bs memperbaiki keadaan mu aja dulu,anger
@USER makan panggang kamu sist?,happy
Ya Allah dimana lagi dpt hrd yg neraktir makan ya sehat sehat buat mas nyaa,happy
Siangg jangan lupa makan siang &amp; streaming https://t.co/om83gCXRTN,sadness
ih padahal gw makan enak gw makan cumi sama sop enak bgt enak gw gakboleh nangis,sadness
demi allah ni anak dri kmrn selalu ini lngsung makan apa gmn? https://t.co/WSivMnE7kt,happy
pengann makan seblakkk,happy
@USER Ada kalimat keracunan menu MBG yg basi ... Maaf jika basi pasti kan sudah bau yaa... Kenapa tetap dimakan? Makanan bau jgn pernah dimakan... Klu udh bau yaa kembalikan saja lagi ke SPPG nya... Jgn dimakan sama sekali .. risiko bakal keracunan ... Please be smart,anger
this is MBG My Bini Gwejh PHUWIN WITH LOREAL RAFFIA #LOrealRaffiaCushionXPhuwin #phuwintang https://t.co/Us7QKZLRzN,happy
ada yang mau makan siang bareng di spark ga???,sadness
bisa tuh makan ayam geprek empat hari berturut turut,happy
@USER kenapa pegawe mbg ga ada yg jobdesk nurun naikin ompreng sama bagiin ke murid?,happy
Makan Siang ala Turis Malaysia di Pagi Sore PIK Habis Berapa Ya? https://t.co/H77QkTDxcd,happy
@USER Wanita itu memutar matanya dengan malas sambil menghela nafas panjang. Ya nggak gitu juga... Yaudah apa saja boleh deh toh aku tinggal makan. Tapi sama dessert boleh? Tawarnya lagi sembari menangkup wajahnya sendiri dan memberikan tatapan memohon padamu.,fear
Uda pada makan siang Hun? Apa menunya? Me: Telur orak arik 5 biji + nasi + tauge https://t.co/b0266asjzf,happy
@USER bantu makan aja,happy
Bagikan dukunganmu terhadap MBG makan bergizi tepat sasaran. https://t.co/0UtURLqtNb,happy
@USER @USER Negara mau maju gimana kalo purb4ya malah dukung MBG dukung koperasi merah dan selalu menolak kenaikan gaji guru gaji dokter. Belum lagi awal taun ini diem diem dia bikin utang baru 800 triliun ,anger
@USER Berbahagialah istri2 yg dpt suami&amp;mertua seperti itu.. bukan dapat suami mertua&amp;ipar2 yg berpihak kpd gundik krn sering di kasih uang ma gundik utk ngelunasi hutang&amp;kasih makan ,anger
kupecahkan kepala kau dengan 100 ompreng mbg,happy
@USER @USER looks yummyy met makan ka,happy
Lebih gampang menghakimi daripada mengajak benerin. Soalnya ngajak dan memperbaiki butuh interaksi butuh usaha yang makan waktu. Menghakimi ga perlu interaksi. Cukup vonis orang lalu selesai. https://t.co/18SSBk2uzs,anger
@USER @USER KEREN BANGET MBG (My Bdriver GUE) jadi ga sabar menyambut next race. ,love
ngp nafsu makan aku tinggi bah,sadness
@USER Whatever suits you kop... yg penting jgn lewat makan dan istirahat,happy
@USER sebenere cukup tp ada kalane ngebet makan mewah jd berasa kurengg astaghfirullah,happy
@USER @USER Ke Jepang makan Tikka Masala di Indian shokudō dengan bendera Nepal akan terasa kurang afdol buat kebanyakan turis muslim yang pingin experience Nihon vibe,happy
honestly kalo lagi makan sashimi gapernah makan gitu aja pasti udah direndem shoyu dan makan bareng gari. dan jarang juga sih yg bener2 mentah krn lebih milih nigiri salmon yg atasnya udah ditorch gitu jd udh ada kontak sama api lah atau yg carpacio,sadness
@USER kaya belum makan dari pagi ,happy
bisa ngopi tiap hari tapi anggap setengah bulan aja bisa lebih dari 500 itu ngopi doang belum jajan sama makan,sadness
In my household ko nak masak apa2 ko beli barang sendiri. Senang takde adegan kutuk2 merajuk2 bila beli barang tak ikut piawaian. Masing2 dah besar boleh pergi kedai sendiri boleh bayar sendiri. Kalau tak sempat beli hari ni beli esok masak esok. Malas beli? Makan luar je.,sadness
Orang depresi itu membutuhkan bantuan meskipun secara paradoks menjauhi siapapun. Jadi cukup hadir disekitar mereka ngingetin makan mandi dan apa gtu dan yg penting lagi bagi yg ngerasa waras DIEM! Muncungnya gaperlu sok nasehatin ini itu gausah nge-judge..,happy
Hari ini bisa makan enak ngga ya... Bobo dulu deh sambil nahan laper bersyukur seenggaknya masih bisa minum heheu semoga bangun nanti aku bisa mam enak（｡&gt;‿‿&lt;｡）,sadness
@USER @USER gk gitu juga kali konsepnya ngasih makan manusia 2026 emng lucu2,love
Ilmu Asal Bapak Senang yang paling TOP terupdate di 2026 adalah Motong 19.000 ekor sapi dalam 1 hari untuk MBG ...,happy
@USER Yaaa sorry deh sibuk jadi full timer anak rumahan yang cuma bolak balik kamar tidur - meja makan - kamar mandi :],sadness
@USER @USER Siap bantu makan alpukat,happy
CEPEETT KLAIM SHOPEEFOOD DISKON 75% klaim di resto ini https://t.co/LnJVKBVUKe list resto yg bisa pake voucher nya https://t.co/TxrIlpqG4x Kode promo gratis ongkir gofood grabfood makanan daget mbg https://t.co/UvvhsR8XZV,anger
Dampak Nyata MBG MBG kini dirasakan manfaatnya jadi penggerak kepuasan publik dan ekonomi masyarakat. Transformasi Gizi Bangsa | Pilar MBG Kuat https://t.co/Uusg8U1OHT,anger
@USER Halo Ayuna udah makan siang?,love
Kegiatan bapak2 wiken ya pagi nyuci baju siang cuci Mobil skalian ngopi Dan makan siang https://t.co/bFRf4xEeQU,happy
Giler bodoh penunggang agama ni. Kalau tak sejahtera kenapa berjuta orang luar datang ke Selangor cari rezeki dari kemakmuran negeri? Orang Perlis orang Kedah orang Kelantan orang Terengganu dan ramai lagi berduyun-duyun datang dan duduk sini cari makan. Orang UK pun ada. https://t.co/Dh32TU6tL3,anger
Dukungan Publik 56 0% Mayoritas masyarakat mendukung keberlanjutan MBG. Sehat hari ini kuatkan generasi esok. Transformasi Gizi Bangsa | Pilar MBG Kuat https://t.co/hm5frnPklF,anger
@USER Haiii makan siang apa kamu?,love
@USER @USER @USER Terlalu pinter kok makan omongan sendiri gausah sok bahas overhate. Kaum pelangi noh kampanye over sampe ke anak2 mikir kalo punya otak. Kaum gay noh jg banyak yg abuse ke anak2 giliran dikatain dibilang dikit2 overhate. Kaga nyampe keknya otak lo,anger
@USER biasanya klo ak naik kuda trs makan di tengah jalan tol,anger
Badan kk io kayak ada layu layunya gitu blm makan kah ,sadness
@USER Dimulai dengan makan makanan manis mungkin?,happy
Bang Madit: MBG Investasi Masa Depan MBG bukan sekadar program tapi investasi jangka panjang untuk generasi unggul. Episode 3 hadir! Transformasi Gizi Bangsa | Pilar MBG Kuat https://t.co/77y5Jy5zOc,anger
@USER KEI ANWIEHWLSUW ANJEOW mikirinnya aja kek gamau makan anjir,happy
@USER GATAUUUUU aku lagi makan tiba tiba patah,love
@USER @USER Eumm ini sengaja ya biar bikin aku full senyum seharian ?! &gt;_____&lt; aku nggak nolak sama sekali loh kalau bidadari nya kaya gini habis ini kita udah boleh nge date makan mie ayam di gang sebelah kan? :&gt;,love
@USER @USER ini dia MBG yang sangat bergizi alias my bini gwwwjj god bless the dinosaur that died to make fossil fuel that was treated to become petrol for the car that took his mom to the hospital to give birth to someone as beautiful as him,love
Makan gratis gizi lengkap; siap semangat belajar? https://t.co/05Fr11ezTL,happy
piring ini malah nambah mood buat makan sama piring corak kembang,anger
@USER makan @USER,love
Gizi &amp; Infrastruktur Sama-Sama Prioritas Pemerintah terus jalankan renovasi sekolah lewat APBN/APBD sambil memperkuat program gizi. Keduanya berjalan beriringan demi masa depan generasi. Transformasi Gizi Bangsa | Pilar MBG Kuat https://t.co/QfQVtVDW1d,anger
MBG(My Bini Gw) PHUWIN WITH LOREAL RAFFIA #LOrealRaffiaCushionXPhuwin https://t.co/8GNm89n1FH,happy
@USER Nitip teteh ambilin makan wkwkwk,happy
@USER @USER @USER singkatnya pas mereka udah abis jatah hidup dair Allah nanti Allah bakal turunin hujan ulat (beneran ulat turun bukan metafora lagi) yang masuk ke sela tubuh dan makan mereka dari dalam,happy
kamu bukan bocah yang makan gorengan 5 bayar 3 kan beb LOVE UPON A TIME EP5 #ภพเธอEP5,anger
@USER Kangkung seiket cuma 2 ribu gak perlu daftar nikah juga tiap hari bisa makan kangkung sampe gumoh ,anger
Sedih dengarnya... Jangan mau bodoh lagi jgn mau di tipu dan di manipulasi lagi... Seandainya 19 jt lap kerja terwujud &amp; pemerintah bekerja dgn benar rakyat tdk butuh MBG &amp; BLT... Tapi pemerintah lebih senang jika rakyat miskin &amp; bisa di kontrol demi kekuasaan mereka... https://t.co/SZ08vlk3ho,anger
@USER @USER Gak bingung bakal kena jantung liat pengeluaran tiba2 mbg.,fear
Diabetes Jess nggak baik makan coklat tiap hari.,happy
⠀ ⠀ Yummy. Kapan lagi bangun tidur ku terus makan. &lt;3 ⠀ ⠀,sadness
aku pernah gini sejak itu trauma makan sushi tiap liat sushi di mall langsung mual mau muntah ,fear
MBG summit nanti kira-kira menu makanannya ada lele bumbu kuning mentah nggak ya?,happy
Coba tabok pake ompreng mbg kali aja lngsung berakhlak mulia,happy
@USER tergantung kantor mu untuk yang makan diruangan ya soalnya suka ada yang sensitip idungnya,love
@USER maksutnya apa ya ka tiap hari dipanggil sayang dan makan bareng tp AKU SERING DITINGGAL,love
Nanti dbuatkan program MBG buat anak yang gak sekolah..ya kan dan..dadaaan..daaan mana lu,anger
Di titik beli makanan aja mikir 3x kayaknya (gw butuh apa ngga) sudah jelas gw butuh tapi mikir besok makan apa kalo today beli ini NGAHAHAHA i hate life,anger
Kenapa sih gue ngantukan mulu jdinya makan tidur makan tidur makan tidur,happy
@USER @USER Halah koboi apaan ihsg jeblok main gimik terus ga ada aksi nyata gaberani stop mbg gaberani naikin gaji guru gaberani stop koperasi korup gaberani naikin gaji dokter pedalaman. Omon omon sama kaya junjunganlu kaum 58% ,fear
@USER @USER Aku juga makan coklat sebelum utbk happy fresh dan ga ngantuk tapi ttp oon waktu pk pm,love
@USER Makan siang bang,love
@USER Danantara BGN/MBG KDMP itu trio bersaudara dari rahim Wowok penerus Wiwik diajudani Tiwi. Semua uang rakyat lewat himbara &amp; bumn dikumpulkan Danantara uang pajak dari rakyat utk APBN dibelanjakan BGN &amp; KDMP dg anggaran fenomenal jor-joran brutal &amp; ambisius serakahnya.,love
@USER di cafe pun sebenarnya banyak cowo yang nongkrong kek anak genk motor pada umumnya. dan sumpah mereka tuh kalo nongkrong makan banyak tempat banget anjing ,anger
Gue lagi makan dimsum mentai,happy
@USER Enggak asal lu olga. Gw kmrn makan popmie 1bks malkis izi 3 keping ice cream. Ga jd lemak banget krn gw olga juga tiap hari 1 5jam. Hari ini gw sarapan 2 telor + ⅛tahu panasin teflon tanpa minyak &amp; bumbu. 2 jam kemudian bikin kopi sachet+ mkn 2 roti meses ,anger
@USER kek ny laper tuh makan dlu deh,happy
Suruh minggir aja makan tempat banget,sadness
perseteruan batin antara aku yang beli makan atau megalodon yang beli makan,love
@USER sementara di dimensi lain aku mimpi makan siang bareng jaeyong di kebun teh yang sampai sekarang buat aku mikir apa arti mimpi itu,fear
umm enak ga kakk makan uang hasil scamm??? untungnya tf nyaa dikit wkwkwkk @USER hati hati ya guys dia scammer album lngshot td https://t.co/OhLOvGGBr0,happy
Investasi gizi melalui program MBG justru memperkuat fokus siswa dalam meningkatkan mutu pendidikan. #kawalsampai2029 #jakartakondusif #indonesiaaman https://t.co/TorrIcfAdd,happy
@USER akhirnya makan mangga dan pepaya,happy
@USER @USER ni orang kalo dikasih makan daging busuk pasti ttp bersyukur dan bandingannya daripada ga makan hadeh oon,happy
Gue tuh ga bisa kalau weekend² gini keluar cuma makan tok kek mungkin stgh jam dg kondisi sepanas ini. Ga worth it buat gue yg harus effort mandi dulu siap² dandan perjalanan motoran yg ga deket dan melawan panasnya surabaya yang membara ini i can't. Mending rebahan.,anger
@USER Bisa makan berapa banyaak? ,happy
@USER Jepang yang menyusahkan. Zaman makan gaplek kan setelah Jepang berkuasa. Zaman Belanda buyutku kerja dengan mereka nggak terlalu sengsara.,happy
Pada akhir kegiatan mereka Nao menghabiskan air mineralnya dan membawa alat makan yang sudah dipakai menuju tempat yang sudah disediakan. Sekali lagi ia berterima kasih kepada staff sebelum berpisah dengan kedua temannya dan meninggalkan gedung Eiken.,sadness
@USER biasanya anak sekolahan masih dapet MBG pasti lu masih dapet kan?,happy
Jujur aja aku makan enak hari ini tapi siang ini aku bingung pengen makan apa :( kasih tau aku makanan yg enak dong pls,sadness
@USER Air Asia is a low cost airline (in fact the best low cost airline in the world) 啊你去路邊攤吃炸串有希望可以享受服務員在冷氣房裡倒茶給您的待遇嗎 It s like demanding for a servant to serve you drinks in an aircond room when in fact ko makan dekat warung satay tepi jalan,happy
@USER ntr yak tunggu gwa makan,happy
@USER HAPPY BIRTHDAY BYY wish u all the best yaa jangan lupa makan enak hari ini ,happy
@USER ini abis makan reyy,happy
Weird.tapi suddenly craving nak makan cheese cake. Baru tadi tibai tiramisu latte ais. Not enough cheesee,happy
jangan lupa makan siang semuanya,sadness
Senangnya makan soto daging di lombok jelas gaada. https://t.co/aaFDShCNRL,sadness
mo beli makan bingung bingung karna gada duitnya WKWKKWKWKWWKKWKWKKWKWKWKWKWKWWKWKWKWKWKWKKWKWKWKWKKWKWKWKKWKWKWKWKKWKWKKWKWKEKWKWKKWK,anger
@USER BURSA EFEK yg dibanggakan nyungsep bablas anggaran ratusan triliun yg digelontorkan ke bank ngg jlan krena ekonomi mandek. MBG &amp; KMP bocor boros ugal2an.. BI ngg berdaya dollar 17.300...,anger
Pengentasan minimnya pendidikan lbh baik daripada sibuk membesarkan MBG yg hanya dinikmati oleh Oknum aparat dan parpol.,sadness
TUTUP DAPUR MBG BIARKAN MOHAN YANG MEMASAAAKKKK️‍,anger
makan siang nya pake ini ternyata:(((,happy
@USER Terima kasih. Jangan lupa makan siang ya,happy
@USER wo kenyang banget pasti makan ini,happy
@USER @USER dinasti atut mengerikan uang rakyat dipakai utk foya2 sedang di berita ada warga banten yg mengais sampah utk cari makan. ketika ditanya wartawan gubernur atut bilang wajar kalau pejabat menikmati uang rakyat. waktu itu wagubnya rano karno.,anger
Selamat makan guys jangan lupa makan sayur biar lancar eek️ https://t.co/0LSboqN8Qr,happy
Nenek bilang jambu biji itu bukan cuma enak tapi juga penjaga kesehatan. Dulu kalau aku mulai batuk atau merasa nggak enak badan pasti disuruh makan jambu.,anger
Makin MBG,anger
ayam geprek makanan yang gue makan ketika mama gue gak masak atau gue sendirian di rumah ,sadness
@USER season 2nya ampas dan makan banyak duit krn harus buat script ulang dan shooting ulang,happy
Baru jam segini udah ngopi 2x mana makan belum samsek,sadness
Sumpah rezeki itu bukan cuma sekedar materi. Tapi masih bisa bagun besok hari Masih bisa makan sampe malam hari Masih bisa melakukan aktivitas sehari hari Ya walaupun ga munafik gue juga butuh materi. Cukup mensyukuri hal hal kecil mudah mudahan rezeki datang dengan sendirinya.,sadness
pecat semua pegawai mbg let me cook https://t.co/Ky9tajtkAA,happy
@USER MET makan ka,happy
@USER Meanwhile bapak ku makan aglio olio pake sambal ijo rumah makan padang,happy
Liat lele makan pisang niii keingett temen gue sering bangettt bawain gue pisang bejirrrr mana sambil teriakkk NADDDDD PISANGG ,happy
Siang bolong matahari terik Angin sepoi bawa keringat netes. Makan siang dulu bolo jangan panik Kerja keras nanti rejeki yang bales. https://t.co/Gby9ecqX3d,sadness
Sumpah rezeki itu bukan cuma sekedar materi. Tapi masih bisa bagun besok hari Masih bisa makan sampe malam hari Masih bisa melakukan aktivitas sehari hari Ya walaupun ga munafik gue juga butuh materi. Cukup mensyukuri hal hal kecil mudah mudahan rezeki datang dengan sendirinya.,sadness
Wahh kenyang banget pastinya ya makan haknya 1.900 orang. Apa gak smp muntah2 itu. Naudzubillah,anger
mungkin malu gasiiii pdhal bikinnya pakeee hatii wkwkwkw. tp yaudaaa gpp itu jg mau makan meskipun gamau bawaaa hihiii,sadness
@USER bener kitq mah belum laper ya belum makan eh malah pusing ekek,sadness
@USER Pernah dia streaming seru banget sampai lebih lama dari biasanya. Dia ninggalin streamnya untuk shalat ashar dengan alasan mau makan dulu foya-foyaaaa hehehe . Saya tanya kok nggak ngomong aja kalau stream dipause untuk shalat? Dia jawab: supaya gak ada yang nebak agama.,love
@USER cukup kl ga makan,happy
@USER makan jeruk kah wkwk,happy
@USER Tidur bangun minta makan energinya naek atau cat zoomies terus capek bobo lagi,happy
Jalan pun dia jabanin sambil makan #TleFirstoneFansignInNanJing,happy
Program Makan Bergizi Gratis Untuk Generasi Sehat dan Produktif https://t.co/LJsiKhI9Uu,happy
@USER Haduhhh mbg kntr kmren siomai lagi takutnya ikan sapu2 isinya ,happy
Desert pun siap .. panas-panas ni nikmat la makan baru keluar dari peti ais . https://t.co/2sMnTMYKxq,fear
@USER Si susah makan tuh,happy
@USER Lu makan per berapa hari sekali ya.,love
@USER tiati kak jgn lupa makan nya juga,happy
Udah. Tidak akan lagi gua ngasih makan engagement ke akun-akun bercentang biru tengil. Mau balik ngewibu aje gua adios.,happy
jangan lupa makan untuk jiwa jiwa yang tersakiti https://t.co/LQ5a7SMeQC,sadness
@USER makan dulu laper.,happy
pecat semua pegawai mbg let me cook https://t.co/Ky9tajtkAA,happy
@USER MET makan ka,happy
@USER Meanwhile bapak ku makan aglio olio pake sambal ijo rumah makan padang,happy
Liat lele makan pisang niii keingett temen gue sering bangettt bawain gue pisang bejirrrr mana sambil teriakkk NADDDDD PISANGG ,happy
Siang bolong matahari terik Angin sepoi bawa keringat netes. Makan siang dulu bolo jangan panik Kerja keras nanti rejeki yang bales. https://t.co/Gby9ecqX3d,sadness
Sumpah rezeki itu bukan cuma sekedar materi. Tapi masih bisa bagun besok hari Masih bisa makan sampe malam hari Masih bisa melakukan aktivitas sehari hari Ya walaupun ga munafik gue juga butuh materi. Cukup mensyukuri hal hal kecil mudah mudahan rezeki datang dengan sendirinya.,sadness
Wahh kenyang banget pastinya ya makan haknya 1.900 orang. Apa gak smp muntah2 itu. Naudzubillah,anger
mungkin malu gasiiii pdhal bikinnya pakeee hatii wkwkwkw. tp yaudaaa gpp itu jg mau makan meskipun gamau bawaaa hihiii,sadness
@USER bener kitq mah belum laper ya belum makan eh malah pusing ekek,sadness
@USER Pernah dia streaming seru banget sampai lebih lama dari biasanya. Dia ninggalin streamnya untuk shalat ashar dengan alasan mau makan dulu foya-foyaaaa hehehe . Saya tanya kok nggak ngomong aja kalau stream dipause untuk shalat? Dia jawab: supaya gak ada yang nebak agama.,love
@USER cukup kl ga makan,happy
@USER makan jeruk kah wkwk,happy
@USER Tidur bangun minta makan energinya naek atau cat zoomies terus capek bobo lagi,happy
Jalan pun dia jabanin sambil makan #TleFirstoneFansignInNanJing,happy
@USER 3.makan,love
@USER halo abang lino! udah makan siang belum?,love
@USER Lu makan per berapa hari sekali ya.,love
@USER tiati kak jgn lupa makan nya juga,happy
Udah. Tidak akan lagi gua ngasih makan engagement ke akun-akun bercentang biru tengil. Mau balik ngewibu aje gua adios.,happy
jangan lupa makan untuk jiwa jiwa yang tersakiti https://t.co/LQ5a7SMeQC,sadness
@USER makan dulu laper.,happy
pecat semua pegawai mbg let me cook https://t.co/Ky9tajtkAA,happy
@USER MET makan ka,happy
@USER Meanwhile bapak ku makan aglio olio pake sambal ijo rumah makan padang,happy
Liat lele makan pisang niii keingett temen gue sering bangettt bawain gue pisang bejirrrr mana sambil teriakkk NADDDDD PISANGG ,happy
Siang bolong matahari terik Angin sepoi bawa keringat netes. Makan siang dulu bolo jangan panik Kerja keras nanti rejeki yang bales. https://t.co/Gby9ecqX3d,sadness
Sumpah rezeki itu bukan cuma sekedar materi. Tapi masih bisa bagun besok hari Masih bisa makan sampe malam hari Masih bisa melakukan aktivitas sehari hari Ya walaupun ga munafik gue juga butuh materi. Cukup mensyukuri hal hal kecil mudah mudahan rezeki datang dengan sendirinya.,sadness
Wahh kenyang banget pastinya ya makan haknya 1.900 orang. Apa gak smp muntah2 itu. Naudzubillah,anger
mungkin malu gasiiii pdhal bikinnya pakeee hatii wkwkwkw. tp yaudaaa gpp itu jg mau makan meskipun gamau bawaaa hihiii,sadness
@USER bener kitq mah belum laper ya belum makan eh malah pusing ekek,sadness
@USER Pernah dia streaming seru banget sampai lebih lama dari biasanya. Dia ninggalin streamnya untuk shalat ashar dengan alasan mau makan dulu foya-foyaaaa hehehe . Saya tanya kok nggak ngomong aja kalau stream dipause untuk shalat? Dia jawab: supaya gak ada yang nebak agama.,love
@USER cukup kl ga makan,happy
@USER makan jeruk kah wkwk,happy
@USER Betul makan itu wajib,anger
karena ada seperti irisan bawang bombay atau helaian batang sawi putih yang sudah terfermentasi. jadi tadi aromanya naik karena isiannya seperti itu dan kinerja bakteri yang masih hidup jadi aktif dan sedang makan apapun yang edible buat mereka; terus kentut. baunya itu. ,happy
@USER Gak juga makan ikan lain emang bukan pemakan ikan aja,love
gabisa kalo gw gamau kalah gw merasa bisa makan lebih banyak daripada ohyul we're not a team this is a competition,sadness
@USER Selamat makan ka zyyy,happy
@USER Aku sih makan coklat apa es krim hahaha,happy
@USER OHH!!! mau coba bgt ak blm perna makan kue keranjang ak pikir rasanya bakal aneh krn kayak org makanya beberapa ada yg harus digoreng tepung gt,fear
@USER Alhamdulillah jangan lupa makan juga kak,happy
@USER 3.makan,love
@USER halo abang lino! udah makan siang belum?,love
@USER Lu makan per berapa hari sekali ya.,love
@USER tiati kak jgn lupa makan nya juga,happy
Udah. Tidak akan lagi gua ngasih makan engagement ke akun-akun bercentang biru tengil. Mau balik ngewibu aje gua adios.,happy
jangan lupa makan untuk jiwa jiwa yang tersakiti https://t.co/LQ5a7SMeQC,sadness
@USER makan dulu laper.,happy
pecat semua pegawai mbg let me cook https://t.co/Ky9tajtkAA,happy
@USER MET makan ka,happy
pak ustadz apa hukumnya makan sama dedemit https://t.co/3FkNps5o6Q,anger
@USER mending makan daging babi dripda lu korupsi uang org,anger
timingnya kakak dah kerja disana pas rul masa training kah omg omg kakaakkk tempel itudeh rul longsot pernah makan disini ,happy
@USER Alamak yuk makan dulu yuk abis itu dimakan,happy
@USER Betul makan itu wajib,anger
karena ada seperti irisan bawang bombay atau helaian batang sawi putih yang sudah terfermentasi. jadi tadi aromanya naik karena isiannya seperti itu dan kinerja bakteri yang masih hidup jadi aktif dan sedang makan apapun yang edible buat mereka; terus kentut. baunya itu. ,happy
@USER Gak juga makan ikan lain emang bukan pemakan ikan aja,love
gabisa kalo gw gamau kalah gw merasa bisa makan lebih banyak daripada ohyul we're not a team this is a competition,sadness
@USER Selamat makan ka zyyy,happy
@USER Aku sih makan coklat apa es krim hahaha,happy
@USER OHH!!! mau coba bgt ak blm perna makan kue keranjang ak pikir rasanya bakal aneh krn kayak org makanya beberapa ada yg harus digoreng tepung gt,fear
@USER Alhamdulillah jangan lupa makan juga kak,happy
@USER 3.makan,love
@USER halo abang lino! udah makan siang belum?,love
@USER Lu makan per berapa hari sekali ya.,love
@USER tiati kak jgn lupa makan nya juga,happy
tai tai makan tuh temen. maira kabur nangis lo moja,happy
MBG bikin Siswa bahagia hemat uang jajan nutrisi aman. https://t.co/inOOzlgzqR,anger
@USER Yg relevan cuman mbg sama kacang ijo (artinya semua jurusan ditutup),anger
@USER Gamau. Daripada bayarnya ga ikhlas terus keluarganya makan uang haram kan. Jd mending ogah Banyak jg org di luar sana yg kerja berangkat subuh naik angkutan umum sumpek2an dll. Emang ada tuh minta ganti uang ongkos ke perusahaan? Kan ngga ,anger
ekspetasi : gweh bakal makan banyak hari ini mukbang nyam nyam nyam realita : (bisa lewatin lautan manusia udh alhamdulillah),happy
@USER Jeruk makan jeruk? ,happy
@USER ya gimana presidennya aja sering banget jalan jalan ke luar negeri menghabiskan jutaan atau bahkan miliaran sama sekretaris pribadinya tapi dampaknya ke Indonesia masih belum bisa dirasakan signifikan dan juga ekonomi negara tertekan akibat MBG dan KDMP. jangan pilih di 2029.,anger
kalau ada makanan di meja Chinon yang ku makan CHIMON FANSIGN HANGZHOU #ChimonFansigninHangzhou,sadness
@USER hi lagi makan,happy
@USER Lah mereka ngarepin apa? Ngarepin tua akan sambut dean plg pake karpet merah dan taburan bunga2 dan makan malam mewah gitu? Masih mending kagak dijadiin empanan megalodon. #OnlyFriendsDreamOnEP9 #JossGawin,love
keracunan makanan ga bisa nafas muntah muntah sampe kering sampe panick attack dan gerd kambuh. combo kirain mau mati saat itu juga udah gaada tenaga banget mau nafas juga susah. padahal ga pernah makan makanan yang ga bersih pada hari itu juga makan makanan yang sehat ‍️,sadness
@USER Suka durian tapi ngakmau makan terlalu banyak,happy
@USER @USER apa boleh gue jadi yang makan?,love
@USER sehat banget ya makan sayuran,love
@USER siap gowo sekalian rombongan kq mbg ne sek turah²,happy
ditemani kamu makan siangnya jadi lebih aduhai #sabtu #ishomatime #happysaturday #happyweekend #lunchbarengemak https://t.co/ckgaKx9vBG,happy
Dulu prabowo ngomongnya seperti ini . Ternyata sekarang srtelah dia jadi oresidenanggaran malah dihabiskan buat mbg kopdes dan bop serta ultah teddy. Sekarang apbn dikelola ugal2an duit pajak dibuang2 percuma oleh kepala bgn dan menkop tapi tidak berimbas ke ekonomi rakyat. https://t.co/UWjbH55045,sadness
Mawuuuuuu gigit + sun hidung bangirnyaaaah. Pipinyaaaaaa kesayanganku yg mbuy nih gaaaa hilanggg!!!!! ambuyyyyyyyy akunyaaah mauuu unyeng gigit makan kamu! https://t.co/BNz6dw7uYM,happy
@USER siapa berani-beraninya membuat my mbg galau?,love
MBG my bini gweh,happy
@USER Makan jugaaa,love
@USER @USER @USER Kita perlu makan dulu kayaknya nun..,love
@USER makan mungil pril,happy
hiburan setelah makan siang : membaca tweet dan koment,happy
@USER Aku dua Minggu ini udh mulai program Nder workout 3-4 kali seminggu makan 3 kali sehari minum susu Dancow full cream 2 kali sehari ngemil dan yap ga makan makanan seblak dan jajanan jajanan pedes pedes gitu yaa. Aku pingin BB aku naik tapi lewat asupan yang baik gpp lama,happy
@USER Jadi pengen makan ice cream pas panas gini vidio nya lewat,happy
@USER Refund anak2 kelarin dulu syif bukannya malah pindah ke fandom thai dll kyk gini seakan gaada tanggungan enak bener makan duit haram yak ,happy
@USER Di saat harga daging melonjak dan ekonomi tak stabil yah mau gimana lagi makan aja kalau paksain makan daging malah bisa kena kanker ekonomi mu,anger
@USER langsung makan,love
Aku jam 12:30 akan ninggalin venue nanti akan balik lagi setelah makan tolong kabarin ya thank you,fear
Bawaan pengen makan seblak euy,happy
Gak make sense ini sumpah buat apa gila???? Muakk banget gue sama mbg mbg ini,anger
Alternatif menghabiskan Sabtu atau Minggu pagi di Bandung ke Tahuraaa. Ke Goa Jepang ngasih makan rusa lihat air terjun atau makan perkedel viral. Hati-hati kalau bawa jinjingan monyetnya suka kepo #Bandung #Tahura #Weekend https://t.co/RRuBc3s6wL,sadness
Pengadaan barang MBG dilakukan secara transparan dan akuntabel untuk menjamin kualitas dan ketepatan distribusi. https://t.co/alX7SkyLhi,sadness
@USER CASAAA SEMANGAT YAAA! semoga dimudahkan dan dilancarkan! ttp jangan lupa makan sama istirahat krn itu perlu okay! good luck ,happy
makasih abang ncan ilovyu meskipun elu makan siomay putihan,happy
presiden kerjanya jalan jalan. ga pernah di negara tinggal di hotel ratusan juta per malam. rayain ultah seskab yg gapenting. mbg ladang korupsi. emang ga ada yg bener,sadness
Kepala BGN menegaskan komitmen terhadap kualitas dan keamanan program MBG demi melindungi masyarakat. https://t.co/PMPS2UUV9B,anger
@USER TUJUAN JELAS meningkatkan gizi pelajar meningkatkan kualitas pembelajaran. Mengukurnya dari Peningkatan Prestasi Siswa Peningkatan Postur Ideal sesuai Usia dll. Mengukur Keberhasilan MBG hanya dengan melihat Rekening Pejabat/Pengusaha MBG/SPPG https://t.co/Dt0hRxm5R0,anger
@USER kenapah sang pelukis siank juga byy dah makan belum?,happy
@USER Makan tidur,love
@USER Ayuk cari makan,happy
@USER recap prestasi mbg jg dong kak,happy
@USER Makan jugaaa,love
@USER @USER @USER Kita perlu makan dulu kayaknya nun..,love
@USER makan mungil pril,happy
hiburan setelah makan siang : membaca tweet dan koment,happy
@USER Aku dua Minggu ini udh mulai program Nder workout 3-4 kali seminggu makan 3 kali sehari minum susu Dancow full cream 2 kali sehari ngemil dan yap ga makan makanan seblak dan jajanan jajanan pedes pedes gitu yaa. Aku pingin BB aku naik tapi lewat asupan yang baik gpp lama,happy
@USER Jadi pengen makan ice cream pas panas gini vidio nya lewat,happy
@USER Refund anak2 kelarin dulu syif bukannya malah pindah ke fandom thai dll kyk gini seakan gaada tanggungan enak bener makan duit haram yak ,happy
@USER Di saat harga daging melonjak dan ekonomi tak stabil yah mau gimana lagi makan aja kalau paksain makan daging malah bisa kena kanker ekonomi mu,anger
@USER langsung makan,love
Aku jam 12:30 akan ninggalin venue nanti akan balik lagi setelah makan tolong kabarin ya thank you,fear
Bawaan pengen makan seblak euy,happy
Gak make sense ini sumpah buat apa gila???? Muakk banget gue sama mbg mbg ini,anger
Alternatif menghabiskan Sabtu atau Minggu pagi di Bandung ke Tahuraaa. Ke Goa Jepang ngasih makan rusa lihat air terjun atau makan perkedel viral. Hati-hati kalau bawa jinjingan monyetnya suka kepo #Bandung #Tahura #Weekend https://t.co/RRuBc3s6wL,sadness
Pengadaan barang MBG dilakukan secara transparan dan akuntabel untuk menjamin kualitas dan ketepatan distribusi. https://t.co/alX7SkyLhi,sadness
@USER CASAAA SEMANGAT YAAA! semoga dimudahkan dan dilancarkan! ttp jangan lupa makan sama istirahat krn itu perlu okay! good luck ,happy
#SMS_Ohyul_Hari_Ini - 250425 | 14.14 KST ‍⬛ *kirim foto* ‍⬛ met makaan ‍⬛ y/n ‍⬛ makan gih ‍⬛ wkwkwk #OHYUL #오율 https://t.co/QqZRs7zMbG,happy
@USER @USER MBGFYglWd3nt0EHltBYaBULK,love
Dulu 'gamau sama brondong ah' sampe nolak dan blokir brondong yg deketin di rl tapi setelah sama Wira ternyata brondong gak seburuk itu akulah orang yg seneng makan ludah sendiri.,sadness
ga expect kalo si bakal secinta itu sama kehidupannya bareng klao walaupun kek masih gengsi ngakuinnya wkwk. lucu banget pas dia mau ngasih makan kerbau dia ngomong tunggu ibu nak gemes,happy
Terulang Lagi Puluhan Siswa Keracunan MBG Bakteri E.coli &amp;amp; SOP Buruk Dapur SPPG Ditutup https://t.co/aklEvPji05,happy
@USER @USER Semenjak ada MBG Kader posyandu Bagian dr MENKES Jadi Tak berfungsi,love
makan ubi terus kentutnya bau banget,happy
@USER mau ikut makan bareng,happy
@USER wowo: makan nih embege ,happy
Orang yang ngerokok di tempat makan itu otaknya kemana,anger
@USER Apalah kak nyari aku disini aku baru kelar makan nanti aku jemput tempat biasa kan? Kakak jangan cakep cakep plis takutnya ketuker sama ayutingting. Nanti kalo jadi aku jemput kabarin ka ea aja ya contact nya dibio kunci motor aku disimpen sama dia soalnya. I'll see you soon,love
@USER Wow tes kriuk kah. Aku belum makan sih ini,happy
@USER Ttp gue deketin anaknya soalnya bakal punya 10 dapur mbg,fear
Cuma di Sumatra. Makan ayam ulat,happy
Ketika kelima ayam itu mulai melambat dan sesekali membersihkan paruh di tepian tempat makan barulah ia berdiri. Sōma meninggalkan kandang itu dalam keadaan tenang sama seperti saat ia datang. Selesai,sadness
@USER dek Mput katanyaa bro Wowo kalo Sabtu mbg ny libur,happy
@USER Hahaha iyaa J gmn²? Udah makan siang blm? Kalo blm makan dulu gih.. udah jam makan siang juga kaann,happy
fuck diet aku akan makan sesuka hatiku hari ini ,happy
Impulsif beli seblak padahal bawa bekel tapi ya tetep makan bekel sih nanti haha hohe huft hidup gini amay.. ,happy
@USER @USER It's not okay. Karena ada anggaran lain yang akan dipotong untuk menambal subsidi BBM. Tentu bukan anggaran MBG yg dipotong,happy
yeu goblog program buat MAKAN bergizi gratis bukan program pengadaan lapangan pekerjaan.,happy
@USER makan tidur kak ,love
@USER kucing gw kerjaannya cuman minta makan tidur ama buang tai sembarangan,anger
@USER Abis makan akuuuu jommm kita ngobrol panjang x lebar x tinggi @.Uranyuss,love
Objek dananya siswa apa siapa si ngentot bih MBG BABI,happy
@USER kenapah sang pelukis siank juga byy dah makan belum?,happy
@USER Makan tidur,love
@USER Ayuk cari makan,happy
@USER recap prestasi mbg jg dong kak,happy
@USER Makan jugaaa,love
@USER @USER @USER Kita perlu makan dulu kayaknya nun..,love
@USER makan mungil pril,happy
hiburan setelah makan siang : membaca tweet dan koment,happy
@USER engga lg makan,happy
Makan agak traugmaaa... Gileeeeèee,happy
@USER dek Mput katanyaa bro Wowo kalo Sabtu mbg ny libur,happy
@USER Hahaha iyaa J gmn²? Udah makan siang blm? Kalo blm makan dulu gih.. udah jam makan siang juga kaann,happy
fuck diet aku akan makan sesuka hatiku hari ini ,happy
Impulsif beli seblak padahal bawa bekel tapi ya tetep makan bekel sih nanti haha hohe huft hidup gini amay.. ,happy
@USER @USER It's not okay. Karena ada anggaran lain yang akan dipotong untuk menambal subsidi BBM. Tentu bukan anggaran MBG yg dipotong,happy
yeu goblog program buat MAKAN bergizi gratis bukan program pengadaan lapangan pekerjaan.,happy
@USER makan tidur kak ,love
@USER kucing gw kerjaannya cuman minta makan tidur ama buang tai sembarangan,anger
@USER Abis makan akuuuu jommm kita ngobrol panjang x lebar x tinggi @.Uranyuss,love
Objek dananya siswa apa siapa si ngentot bih MBG BABI,happy
@USER kenapah sang pelukis siank juga byy dah makan belum?,happy
@USER Makan tidur,love
@USER Ayuk cari makan,happy
@USER recap prestasi mbg jg dong kak,happy
@USER Makan jugaaa,love
@USER @USER @USER Kita perlu makan dulu kayaknya nun..,love
Udah ga nafsu makan manis lagi,happy
Bener banget Awal-awal aku gatahan tiap ada notif pasti pgn kubaca sampe rasanya badan panas kepala panas pening gk nafsu makan pgn nangis mulu. Sekarang hari ke 9 dari pertama telbay agak mendingan. Harus tetep positif dan usaha biar semuanya bisa cepet selesai.,fear
@USER Lagian asem di makan,happy
@USER selamat siang ketua mau makan siang apa ketua,love
@USER Mau nyanyi undang penyanyi atau apalah selama pakai uang mereka ya tak apa. Ini sudah pakai uang rakyat untuk senang2 disebar di medsos pula seperti ngece rakyat yg kerja keras bayar pajak dan rakyat yg makan saja susah.,anger
@USER harus sabar bgt kalo ngasih makan bayi gini,fear
@USER engga lg makan,happy
Makan agak traugmaaa... Gileeeeèee,happy
@USER dek Mput katanyaa bro Wowo kalo Sabtu mbg ny libur,happy
@USER Hahaha iyaa J gmn²? Udah makan siang blm? Kalo blm makan dulu gih.. udah jam makan siang juga kaann,happy
fuck diet aku akan makan sesuka hatiku hari ini ,happy
Impulsif beli seblak padahal bawa bekel tapi ya tetep makan bekel sih nanti haha hohe huft hidup gini amay.. ,happy
@USER @USER It's not okay. Karena ada anggaran lain yang akan dipotong untuk menambal subsidi BBM. Tentu bukan anggaran MBG yg dipotong,happy
yeu goblog program buat MAKAN bergizi gratis bukan program pengadaan lapangan pekerjaan.,happy
@USER makan tidur kak ,love
@USER kucing gw kerjaannya cuman minta makan tidur ama buang tai sembarangan,anger
@USER Abis makan akuuuu jommm kita ngobrol panjang x lebar x tinggi @.Uranyuss,love
Objek dananya siswa apa siapa si ngentot bih MBG BABI,happy
@USER Kenapa ga pakai sepatu sneakers aja kan kerja lapangan toh lebih fleksibel juga ga mesti sampe pengadaan semir sepatu kirain semir sepatu nya jd menu MBG,anger
Bagi anak-anak di daerah terpencil program Makan Bergizi Gratis bukan sekadar makanan tapi harapan #PenuhiGiziIndonesia https://t.co/pq6ncJJHfx,sadness
Apasih gue gada makan yg pedes bgt kok pantat gw los dol gini sih?iya sih emg udh kaga berak 3 hari apa lagi keluarin semua isi perut?,sadness
@USER wkwkwk jam makan siang makan siang km mana?,love
@USER Terus terakhir makan taste apa? ,happy
@USER @USER @USER Ini karena makanan itu uenak bikin air liur menetes namun apa daya makanan itu lebih haram dari uang korupsi sehingga membuat mereka menderita jika melihat orang lain makan apa begitu arti bikin keresahan?,love
abel ngasih makan ego damien ,happy
hari hari bingung makan apa anjengg ,sadness
@USER @USER Boots udah makan pisang?,happy
Udah ga nafsu makan manis lagi,happy
Bener banget Awal-awal aku gatahan tiap ada notif pasti pgn kubaca sampe rasanya badan panas kepala panas pening gk nafsu makan pgn nangis mulu. Sekarang hari ke 9 dari pertama telbay agak mendingan. Harus tetep positif dan usaha biar semuanya bisa cepet selesai.,fear
@USER Lagian asem di makan,happy
@USER selamat siang ketua mau makan siang apa ketua,love
@USER Mau nyanyi undang penyanyi atau apalah selama pakai uang mereka ya tak apa. Ini sudah pakai uang rakyat untuk senang2 disebar di medsos pula seperti ngece rakyat yg kerja keras bayar pajak dan rakyat yg makan saja susah.,anger
@USER harus sabar bgt kalo ngasih makan bayi gini,fear
@USER engga lg makan,happy
Makan agak traugmaaa... Gileeeeèee,happy
@USER dek Mput katanyaa bro Wowo kalo Sabtu mbg ny libur,happy
@USER Langsung makan naspad enak banget pasti,happy
@USER Kenapa ga pakai sepatu sneakers aja kan kerja lapangan toh lebih fleksibel juga ga mesti sampe pengadaan semir sepatu kirain semir sepatu nya jd menu MBG,anger
Bagi anak-anak di daerah terpencil program Makan Bergizi Gratis bukan sekadar makanan tapi harapan #PenuhiGiziIndonesia https://t.co/pq6ncJJHfx,sadness
Apasih gue gada makan yg pedes bgt kok pantat gw los dol gini sih?iya sih emg udh kaga berak 3 hari apa lagi keluarin semua isi perut?,sadness
@USER wkwkwk jam makan siang makan siang km mana?,love
@USER Terus terakhir makan taste apa? ,happy
@USER @USER @USER Ini karena makanan itu uenak bikin air liur menetes namun apa daya makanan itu lebih haram dari uang korupsi sehingga membuat mereka menderita jika melihat orang lain makan apa begitu arti bikin keresahan?,love
abel ngasih makan ego damien ,happy
hari hari bingung makan apa anjengg ,sadness
@USER @USER Boots udah makan pisang?,happy
Udah ga nafsu makan manis lagi,happy
Bener banget Awal-awal aku gatahan tiap ada notif pasti pgn kubaca sampe rasanya badan panas kepala panas pening gk nafsu makan pgn nangis mulu. Sekarang hari ke 9 dari pertama telbay agak mendingan. Harus tetep positif dan usaha biar semuanya bisa cepet selesai.,fear
@USER Lagian asem di makan,happy
@USER selamat siang ketua mau makan siang apa ketua,love
@USER Mau nyanyi undang penyanyi atau apalah selama pakai uang mereka ya tak apa. Ini sudah pakai uang rakyat untuk senang2 disebar di medsos pula seperti ngece rakyat yg kerja keras bayar pajak dan rakyat yg makan saja susah.,anger
@USER harus sabar bgt kalo ngasih makan bayi gini,fear
@USER engga lg makan,happy
Makan agak traugmaaa... Gileeeeèee,happy
@USER dek Mput katanyaa bro Wowo kalo Sabtu mbg ny libur,happy
@USER Prabowo is handing out people monies to his crownies through MBG and Kopdes - next election would be interesting.,happy
@USER @USER Yang benar maksudnya mau nekan USD) gimana Pak ???.,anger
@USER @USER Jika dilakukan secara maksimal maka semua akan baik baik saja,love
Joko bak msh presiden aja ya. luar biasa @USER ini. Presiden2 sblmnya mana ada tuh yg pejabatnya atau dianya sendiri datang2in ex sblm mrk buat kasih laporan. Mana para pejabat prabowo hampir semua loyalisnya joko lagi. Hidup jokowkwkwk @USER @USER @USER,happy
Presiden @USER Pecat Kepala BGN‼️,anger
@USER @USER @USER Yaqeeennn??? Nanik Deyang = Dadan. Liat rekam jekak dia sangat Brutal halalkan segala cara nyerang lawan politik saat jd buzzer Prabowo dii 2014-2019. BGN/MBG sekarang adalah cerninan asli moral korup dia,happy
@USER @USER Ya belum tau om pak prabowo aja yg dikira bisa bikin maju malah diluar nurul pemerintahannya berantakan ga jelas ke isi omprengan mbg.. Udah liat kemenlu belom om..? ,anger
@USER @USER Program-program kayak gini memang butuh waktu buat kelihatan hasilnya tapi arahnya udah jelas buat ningkatin kesejahteraan masyarakat,anger
@USER @USER tenang sodara baru aja 2 th .....masih ada sisa 8 th lg ..haha,happy
@USER @USER Lebih baik kita dukung saja kebijakan yang telah dibuat oleh pemerintah,love
@USER @USER @USER KICAU MANIA,happy
@USER Tetangga ku bisa produksi krupuk nasi enak. Pak Prabowo hebat,love
@USER Kerenn wooo @USER koe barang keren bran @USER Duooo gob****** bang****,love
@USER @USER semuanya sih dari Bu Mega pak Prabowo cak Imin Surya Paloh zulhas hanya 2 partai saja yg d parlemen sering berganti ketum nya Golkar dan PKS,happy
@USER bener2 @USER tolol sampe bikin kroni2 tolol begini dari level bawah ke atas ,anger
@USER Pak katanya efisiensi tapi hampir tiap minggu ke luar negeri.. Kalau begini terus yakin saya 2029 anda kalah sama Gibran,anger
@USER wkwkkw prabowo,love
@USER @USER Terlalu cepat atas kekhawatiran yang belum tentu terjadi sangat tidak etis menurutku,love
@USER prabowo,love
@USER @USER @USER @USER @USER @USER @USER @USER @USER @USER @USER @USER Berita ini ketutup sama serangan netijen ke MBG. Buat nutupin kerjanya gubernur juga. Pahit loh rasanya langsung diambil alih pengerjaannya. Ketahuan gubernur ga punya plan untuk mereka,love
 cape2 01 friendly ke 03 ga bakalan bisa diterima 03 yah. Gw aja dihajar 03 even yg pasti menang 02. Tanpa angin faksi anies pram ya ga bakal gacor di Jakarta. Ngasih tahu aje ye pantes kalian cuman belasan persen. Hidup Jokowi. Hidup Prabowo-Gibran.,anger
@USER @USER Tangkap para termul.,love
@USER @USER Dia mau 2 priode ,love
@USER @USER persamaan kata lain dari omon omon apa ya?,happy
@USER @USER HOAKS dgn narasi bnyk OMON OMONlebih bnyk jalan2 keluar negerieh ternyata TEDDY titipan presiden yg kemaren selama 2 periodeKapan di Makzulkan dgn mosi tidak percaya kepada beliau,anger
@USER @USER Jika dilakukan dngan teliti dan benar maka tidak akan kerjadi kekhawatiran sperti yang di caption,fear
@USER @USER Bise aje asal amrik dikasih tempat buat pangkalan militer di natuna,happy
Presiden @USER Pecat Kepala BGN‼️,anger
@USER @USER,love
@USER hey antek2 aseng hidup jokowiii,anger
@USER @USER @USER wkwkwk,love
@USER Aku milih prabowo aku gak bingung knp ada masalah? Asuuu raimu ,love
Percuma teriak keracunan MBG pemerintah mengangap hal biasa coba klau mereka yang keracunan pasti enggak pakai lama diproses hukum ya ? @USER @USER,fear
@USER @USER @USER @USER kuasa anda apa mau ngeludahin orang?? lu punya tanggung jawab ngurusin rakyat ga?? lu punya mandat dari rakyat yg uda muak ga??,anger
@USER @USER Semoga aja tidak terjadi sperti itu,anger
@USER @USER @USER Berbakti untuk negara berujung kriminalisasi. Kalau menolak nanti dibilang tidak nasionalis. Memang betul dulu ada tagar Kabur aja dulu. Lebih baik berbakti untuk negara lain atau korporat asing dibanding di negara sendiri.,anger
@USER @USER @USER @USER Narasinya emang negara ini carut marut? Bukanya baik² saja ya... Terus pertanggung jawabanya kan emang ke rakyat bukan jokowi knapa bawa² jokowi ,anger
@USER Saya hanya mau mengonfirmasikan apa yang disampaikan Bapak Prabowo Subianto itu sangat-sangat benar deep state itu ada di semua kementerian terutama PU ujar Dody kepada wartawan di Solo Jawa Tengah Minggu (29/3).,fear
@USER MBG tidak dicoret? Makin gemuk kepala BGN masa bapak tidak tau harga kaos kaki saja 100 ribu stau saya ya pak kalau urusan makan tidak sangkut paut sama kaos kaki dan motor,anger
@USER @USER Setuju banget perencanaan matang itu kunci,love
@USER @USER @USER Bukan cuma dipecat dihukum mati bolak balik kek di RRT juga gak cukup! Dadan ini sumber Korupsi brutal di MBG,anger
@USER kan udah dibilang sama prabowo dan menteri PU kalo disetiap kementerian ada deep state yg mau ancurin dari dalem. emang pada tolol aja malah nyalahin pemerintah dikira pemerintah punya kekuasaan absolut kali wkwk,anger
@USER @USER Omon omon,happy
@USER @USER Kritik sama kekhawatiran itu bumbu demokrasi anggep aja vitamin biar program kayak MBG jalannya makin transparan dan tepat sasaran,love
@USER @USER Sabaaaarr.......,love
Diplomasi Prabowo berhasil!! RI amankan 100 juta barel minyak dari Rusia di tengah konflik global ___ Hari Sabtu Pagii Rebahan Keluarin Chatime Pisah Klok Wardah Staylock https://t.co/aKeK8VpJbi,sadness
@USER @USER @USER @USER oh ya ?,love
@USER @USER @USER Ya daripada lu 2019 pilih prabowo???? Lebih dongo lagi hadehhh,love
Ahhh sudahlah anda ini menyerang sana sini bawa2 perintah menhan @USER udh g benar anda ini apa mungkin menhan org sekampung mu bocorkan info ke anda utk menyerang presiden @USER ???,anger
prabowo,sadness
@USER @USER @USER Laa ilaaha illaa anta subhaanaka inni kuntu minadzolimin Aamiin,happy
@USER @USER @USER @USER,love
@USER @USER Omon omon PHK dimana mana Presiden pekak https://t.co/zBCqbErcOp,happy
@USER salut buat pak prabowo dan polri yang bikin negara makin,happy
met makan siang rakyat prabowo https://t.co/sgr1ibQHFi,sadness
@USER semoga rezim prabowo jatuh sejatuh jatuhnyaa,love
@USER @USER @USER @USER @USER @USER @USER @USER @USER @USER @USER @USER @USER @USER Jangan sampai ada yang mencoba menutupi kebenaran di balik kasus ini.,love
@USER @USER pemerintahan prabowo ini memang salah satu pemerintahan terburuk selama Indonesia berdiri. terlalu banyak bentuk korupsi terang-terangan yang disamarkan dengan bentuk pengadaan barang dan jasa. terutama di dalam proyek MBG dan kopdes merah putih.,love
@USER @USER https://t.co/ubp7SQ5bWp,love
@USER @USER Orang kayak gini harus jadi Menkeu bayangin aja semua yg di bawah organisasi dia makmur hebat loh ini orang. Kalau jadi Menkeu seluruh rakyat Indonesia bisa makmur ayo angkat dia jadi Menkeu dong pak presiden,fear
@USER @USER @USER pihak yg brandnya ga dipake di proyek ini...,anger
Sebelum tender ada bag perencanaan tehnis 1.harga 2. delivery 3.spesifikasi tehnis 4.after sales service 5.moral Ini diwajibkan semua vendor bisa supplay utk perang harga apalagi barang umum bkn khusus Cc @USER @USER @USER @USER @USER @USER,love
@USER Kalo kamu diberi kesempatan mau nurunin prabowo apa mukulin kepala bgn ? ,love
@USER MBG itu program bagus banyak negara luar juga menerapkan ini cuma pengelolaannya saja yg jelek harusnya masyarakat mendukung program ini dengan menjadi pengawas yg baik bukan malah rame2 pgn programnya yg bubar sebenernya kalian hanya benci Prabowo aja kan,anger
@USER @USER Wowo bilang gitu cuman mau 2 periode...,happy
@USER @USER @USER In sya Allah ada keadilan buat mas Ibam dan mendapatkan vonis bebas murni... Aamiin ya rabbal 'aalamiin... ,anger
@USER @USER @USER @USER @USER @USER @USER @USER @USER @USER @USER @USER @USER @USER keputusan yang dibuat malah menimbulkan polemik di masyarakat.,love
@USER @USER DANA UMAT PUN BAKALAN DISIKAT IBLIS SAJA TIDAK PERNAH &amp; TIDAK SANGGUP MELAKUKAN ITU https://t.co/mYDIbB68be,anger
@USER @USER @USER Ga bisa gibrwn saja jadi wqpres,love
@USER @USER iyain aja omongan badut biar dia senang,love
@USER semenjak anda yg pimpin Rusak NEGARA,anger
@USER @USER Prabowo 2 periode,love
Alhamdulillah Diplomasi @USER Berhasil! RI Amankan 100 Juta Barel Minyak dari Rusia Langkah ini menjadi sangat krusial mengingat kondisi geopolitik global yang kian tidak menentu pasca meningkatnya ketegangan di Timur Tengah. @USER @USER @USER @USER https://t.co/lQZeget1VA,love
O7 : RAJA NGIBUL 08 : RAJA OMON² @USER @USER,love
Prabowo Subianto.,sadness
@USER jika anak bangsa seperti @USER yang ingin mengabdi kepada negaranya namun ujungnya adalah ketidak adilan di mata hukum gegara fitnah para pelaku korupsi apakah Indonesia masih layak di sebut negara hukum? Buktikan jika anda layak jadi presiden kami!,love
@USER Jujur aja kerja sama sama Prabowo Subianto ke Rusia ini agak bikin khawatir. Soalnya kondisi geopolitik lagi sensitif bisa-bisa Indonesia malah kena imbas tekanan dari negara lain.,anger
@USER Ingat ya guys ini tuh Prabowo kalau yang sekarang Pascabowo makanya beda brandingannya,fear
@USER Prabowo,love
Pak Prabowo kunjungan ke Kediri challenge.,sadness
@USER @USER @USER Mohon dibaca pak presiden @USER ... demi masa depan mimpi anak2 indonesia yang kreatif... selama anak2 negeri yang kreatif dibelenggu hukum seperti ini Indonesia tidak akan pernah mendunia... cukup sudah ricky elson dan @USER yg jd korban dengan mobil listriknya (2013),happy
@USER @USER @USER @USER Tembusan Pak @USER,love
@USER @USER Ada peningkatan ,love
@USER @USER Negara ini hanya mengandalkan pajak dair rakyat jadi tidak mungkin rupiah menang sampai kiamat,anger
#AdiliJokowi atau Ijazah Palsu bikin Hukum RI cium pantat Jokowi @USER DPR RI BEM UI BEM SI BEM ITB BEM UGM Universitas Brawijaya Universitas Diponegoro Universitas Padjadjaran UNAIR Yenny Wahid Najwa Shihab Susi Pudjiastuti Rocky Gerung Kejaksaan RI https://t.co/q3mzMDkvIu,love
Perkuat Stabilitas Nasional: Presiden Prabowo Subianto Terima Laporan Strategis Kapolri di Hambalang https://t.co/IGldGskKnU,happy
@USER @USER Hari hari jadi warga Indonesia harus terbiasa dg KETOLOLAN pemerintah,love
@USER @USER @USER @USER @USER @USER Beritanya kurang jelas nama koperasinya apa? Siapa pendiri koperasinya? Orang dalam BNI-kah atau orang luar? Modusnya bagaimana? kenapa yang digeruduk BNI? mereka dapat bukti surat dgn cap BNI-kah? Ini point2 penting yg harus diberitakan tapi yg dihighlight BNInya aja.,love
@USER @USER Tibang ng-zoom aja sampe milyaran ,happy
Menpora lapor ke Seskab Mensos lapor ke Seskab MenKop lapor ke Seskab HIPMI lapor ke Seskab Menkomdigi lapor ke Seskab Dirut BTN &amp; KAI lapor ke Seskab Dirjen Imigrasi lapor ke Seskab ini yang presiden siapa dah? seskab atau prabowo? kok apa apa lapor ke teddy,anger
@USER @USER Dasar batu,love
Cc @USER @USER ,love
@USER @USER salut dengan keberanian pemerintah eksekusi program berskala besar arahnya ke kesejahteraan masyarakatt,happy
@USER @USER Selagi belum smp 5 - 10 thn biarin aja smp 20.000 per US$,happy
YLBHI: Prabowo Gagal Penuhi Janji Bongkar Aktor Utama Penyiraman Andrie Yunus https://t.co/7hvS0kIOsg,sadness
@USER @USER @USER Maksudnya nanti periode ke 2.,love
@USER @USER : tenang...kita macan asia tahun depan kita jadi negara hebat,love
@USER @USER Haaallllaaaahh pak ...pak....cuma omon-omon OMON doank.....ya kan pak @USER,happy
@USER Noh malu Sama unfil dia Aja pasang nama almarhum lah ELU malah begono sadd,anger
@USER @USER kalau transparansi dijaga program strategis ini bakal jdi game changer buat kita semuaa,happy
prabowo soon,sadness
@USER @USER @USER @USER @USER @USER @USER @USER Tolol Lo Emangnya pemerintah import minyak yang tidak bisa di kelola minyaknya ,love
@USER @USER Tai tai,love
@USER @USER Sekarang 17.300 + 5.000 Mungkin itu maksudnya,love
@USER @USER Saya baru bbrp kali ke Kalimantan tapi punya banyak teman di sana. Bahkan ada guru juga dari Aceh yg ngajar di sana. Biasanya sy dapat cerita kondisi Kalimantan dr dia. Saya yakin soal isu daerah spt ini selama terus disuarakan pasti akan didengar dan akan ada orang,love
@USER @USER @USER Mending lu jilatin pantatnya prabowo sama teddy,love
Nadiem: bapaknya lawyer top. Om dari ibunya salah satu pendiri kodel/eks TKN/sohib prabowo. Om dari bapaknya eks kabais. Sohib kakaknya jurnalis punya pengaruh. Masih dikerjain juga. Tapi memang ada beban sejarah di nadiem yang ibam gak punya. Good luck mas ibam.,happy
@USER edan internal Lu ya edannnnnn #nopresiden #nokings,happy
@USER @USER @USER #Presudenbadut akan membawa kehancuran bangsa ini karena telah nencurangi konstitusi ;; https://t.co/iJSBJV5NNQ https://t.co/hxvbFqY53L,love
@USER @USER @USER @USER Sedih bangett udah pemerintah Dan dpr gk bisa diharap sisa trias politica yudikatif pilar trakhir harapan agar negara gk runtuh ikutan korup betul2 butuh reform besar2an sebelum trlambat,anger
@USER @USER Selama Pemimpin rakyat tdk memihak kpd rakyat maka catatan hitam akan muncul bersama Oligarki,love
@USER @USER Menuju Rp 17.845 ️,love
@USER @USER Ad yg yg tau gak sih siapa orng dibalik kriminalisasi Ibam dan Nadiem ?? Kenapa ngebet banget ingin memenjarakan mereka ?,anger
@USER @USER Lah kan elu pemimpinnya,love
Sudah semestinya APH memburuh penghembus isu uang negara tinggal 120 T karena isu tsb bisa menimbulkan kekacauan. @USER @USER @USER @USER @USER @USER @USER @USER @USER @USER https://t.co/5NzYDx0qQw,love
melainkan simbol kuat hadirnya political will yang nyata bahwa negara benar-benar berpihak pada kelompok paling rentan. Momentum ini juga menjadi bukti konkret bahwa janji Presiden Prabowo Subianto pada May Day 2025 bukan sekadar retorika. Dalam waktu relatif singkat ,anger
@USER @USER https://t.co/bLNAHn8aHY,love
@USER Prabowo is a very very very bad person besides.,love
@USER @USER Innalillahi wainna ilaihi rojiun. Inshaa Allah husnul khotimah Aamiin. ,happy
@USER @USER Jangan salahkan kalau Masyarakat beranggapan Semakin memperjelas kalau Prabowo masih bisa di setir jokowi,anger
@USER Link zoom ny BGN pake Emas 24 karat kah @USER ?,love
@USER @USER URUS GURU DAN PENDIDIKAN!!!!!,love
@USER Ni wo @USER https://t.co/MMQapLkbPw,love
@USER @USER @USER Jenderal aja dipaksa nunggu,love
Dasar badut @USER ,love
@USER Udah tau permasalahanya spt itu tp elu tetap jilat prabowo gibran,love
@USER @USER @USER Yg gila itu Gabungan KAMPRET &amp; Cebong jadi satu Kandang ( TerMul ) Karya Syetan Gorong2. Kolaborasi 10 Thn sejak 2014 dgn Banteng ngancurin Indonesia Sekarang diteruskan lagi agar Indonesia Bubar 2030 seperti Prediksi @USER,anger
@USER @USER @USER @USER @USER @USER @USER @USER itulah totolnya orang sotoy. dipikirnya spec kilang itu untuk semua jenis minyak mentah.,love
@USER @USER Terus saja buang2 duit pajak!! Duit pajak seharusnya kembali ke rakyat dalam bentuk pembangunan yang bermanfaat buat kesejahteraan rakyat bukan dibuang2 percuma di tengah efesiensi anggaran yg diminta presiden. Banyak sekolah rusak. Banyak jembatan rusak. Banyak anak tidak bisa https://t.co/q5tkhEe6gQ,anger
Semoga Pak Prabowo mendengarkan ini https://t.co/ic8TkRb16V,sadness
@USER @USER Itulah k3banggaan kemaren yg memilih....,love
@USER @USER Komunikasi Publik tapi menutup pintu komunikasi https://t.co/WRGuwrw3W6,love
Kayak biji Prabowo https://t.co/HTPYDwgEHI,sadness
@USER @USER Arahnya naik bukan turun baru 1.5 tahun bayangin 5 - 10 tahun CAGR 3.5% per tahun 5 tahun jadi Rp 20.476 kalau 10 tahun jadi Rp 24.320,happy
Kasat Resnarkoba Polres Sukoharjo AKP Ari Widodo mewakili Kapolres Sukoharjo AKBP Anggaito Hadi Prabowo mengatakan pihaknya akan terus mengembangkan kasus tersebut untuk mengungkap jaringan yang lebih luas.,happy
@USER @USER @USER @USER @USER @USER @USER @USER Ya kan elo tolol sementara waktu minyak import nya bisa dikelola di kilang kilang yang sudah ada di Indonesia,love
@USER @USER Kekhawatiran publik bisa dilihat sebagai kontrol sosial yang penting dalam demokrasi.,love
@USER @USER Oke naikin lagi dong lumayan soalnya investasi gua dalam dollar,fear
@USER @USER @USER Berperan ??? Hahahaha lucu kau. Jelas jelas Prabowo lawan Jokowi di pilpres. Berperan dari mana???,happy
prabowo netanyahu hentikan kemacetan di ciledug,sadness
@USER @USER @USER SOP'nya dlm MBG gimana ya...dah banyak yg asal asalan..ini ada cacingnya... Tolong di kaji ulang dan lebih di perketat di lapanganya..jgn asal terima laporan saja..tanpa ngecek ke bawah https://t.co/AyNjVHLsdy,anger
@USER @USER Program seperti Makan Bergizi Gratis dan Koperasi Desa Merah Putih memang dirancang untuk mendorong kesejahteraan masyarakat.,happy
Efek pak purbaya tolak bantuan IMF om..asing ramai ramai tarik dana dari bursa saham kalo si om punya dana 20 T bisa tuh turunkan harga dollar dan naikkan IHSG. Mudah2an pak @USER dan jajaran danantara mau guyur bursa saham supaya tidak di kuasai asing.,anger
@USER I bet you 1 000 euro the reality is different from what Purbaya said. Dua yang dicopot are good people. It's Purbaya (and more importantly Prabowo) yang gak kompeten.,love
Pak @USER,love
@USER @USER @USER Itu kan jabatan politik ya ga perlu sesuai pendidikan nya lah boy kecuali dirjen dan sebagai baru harus sesuai boy,love
@USER kalau mau sukses habisi gerbong lama,happy
Demokrat ajak Kader selalu di tengah Masyarakat #ahy #emildardak #prabowo #demokratjatim #pdjombang @USER @USER https://t.co/fwWLlsjcKA,love
@USER @USER @USER ,love
prabowo,sadness
prabowo,sadness
@USER @USER @USER Terus Semangat Om Walopun kecil kemungkinannya di Negeri para bedebah Negeri penuh Konspirasi ini,love
@USER @USER HALU,love
@USER @USER @USER @USER @USER @USER @USER @USER tolol tuh elo krn skdr penjilat pantat yg ngak tahu tapi sotoy. emangnya. bangun kilang baru sebulan jadi dan beroperasi.,fear
@USER Kunjungan Prabowo Subianto ke Moskow jadi bagian dari diplomasi energi yang adaptif.,happy
@USER @USER @USER semoga viral,love
@USER @USER @USER @USER Tertampar fakta ya,love
@USER Bohongin @USER ngga kena pasal? Apa dah buta tuli semua pejabat RI? @USER @USER,love
@USER @USER @USER Dia berhalusinasi... maklum .. demensianya makib parah,love
@USER Tapi kan ini presiden ,anger
@USER @USER @USER ini bener? https://t.co/vselPmFgO2,love
Semoga Prabowo Presidennya. https://t.co/GMCKigaFad,sadness
@USER @USER @USER @USER @USER @USER @USER BNI lagi,love
@USER @USER hmmm kata @USER sebelum jadi presiden https://t.co/nicacPlNcA,love
@USER Prabowo takut rakyat bergerak... perintahkan kapolri utk tembak ditempat jika terjadi kerusuhan,fear
@USER Seenggaknya dia masih main X gak kaya @USER medsosnya dipegang buna,happy
@USER @USER kata prabowo sendiri sih..prabowo sebelum jadi presiden. klo sdh jadi presiden ya...beda lagi wkwkwkwk https://t.co/cqN9fWfRCu,anger
@USER @USER @USER Semangat terus Om https://t.co/FvKECKOA6Z,love
@USER @USER @USER Minta bantu sebarkan juga nih bang ke bang ferry irwandi. Dia ga ada twitter yak?,love
calon-calon nt lagi dah ini evos ntar lawan btr kalo yang main prabowo lagi.. tailah evos roamer mungkut di komun,happy
@USER @USER Mau 17.000 atau 20.000 si momon itu gak akan bisa berbuat banyak... Lha wong paham aja enggak kok.,anger
@USER @USER @USER Yep Trump yes Prabowo no,happy
@USER @USER knp makin hari makin ngaco sih?,love
@USER @USER @USER #KawalTerus,love
@USER @USER Tidak ada visi &amp; misi menteri. Adanya visi misi presiden. Presiden nya yg patut di ganti!!!,anger
@USER Kemana aja @USER @USER? Dr awal MBG ngga pernah diaudit? Emang harusnya #StopMBG sekarang juga. @USER @USER @USER @USER,love
@USER prabowo kan ya?,love
@USER @USER @USER @USER @USER Aku cuma pengen kasih tahu ke @USER @USER @USER @USER @USER @USER @USER @USER dan Megawati --- Berdamailah dengan @USER Dia bukan orang yang sempurna tapi dia menguasai hati di bawah (at least u 5 tahun lagi kedepan).,love
@USER @USER Sama aja dulu kan minta prabowo diadili juga eh sekarang malah jadi presiden ya gak heran kalo minta pelanggar ham buat mundur,anger
Yg dibutuhkan seorang penguasa. Abdi yang loyal. Presidennya Prabowo tapi..... https://t.co/P36bn4NDu8 https://t.co/G7nUBUVxaZ,anger
Bangsatnya prabowo ga gemboran apapaun,sadness
@USER @USER Nggak ngaruh kata presiden krn rakyat kecil ga pake dolar tapi pake daun.,love
prabowo ini arahnya kemana ya?,sadness
@USER @USER this government are not transparent and anti critics.,happy
@USER @USER Prabowo tak punya pendirian.,love
Presiden Prabowo Panggil Kapolri ke Hambalang https://t.co/AT5So8SBYG @USER,sadness
@USER ini mah prabowo jir,love
@USER あんたの国のクズが日本で最低な行為を繰り返しています。あなたの国から声明はなにもありませんが、ほっとく気ですか？本当に迷惑です。インドネシア人はこういうヤツらばかりですか？,love
@USER Normalize blaming Prabowo,love
@USER @USER @USER Yg kmarin nyobols dia..smoga da penyesaln mndalm..,love
@USER @USER Kekhawatiran publik justru bisa jadi kontrol yang positif,love
Di DIY Menko AHY Tinjau Sekolah Rakyat Revitalisasi Permukiman dan Dorong Green Corridor di Jalan Tol untuk Hadirkan Pembangunan Berdampak Langsung Menko AHY di lapangan bertujuan memastikan implementasi program berjalan sesuai rencana dan Asta Cita Presiden Prabowo. #ahy https://t.co/mPIjqXpp6I,sadness
@USER Ngapain sekolah wong orang tuanya masih milih prabowo juga.,anger
@USER @USER Bagus kalau ada pengawasan supaya tetap berjalan optimal,happy
@USER @USER @USER @USER @USER Apakah dia juga yang sempet rame soal blacklist talent jugaa?,love
@USER @USER MBG vs kondisi ini...jika dana MBG tidak berfungsi secara layak buatlah kondisi di video ini lebih baik....,anger
@USER Setelah jadi jubir sosmed Prabowo ternyata dapat jabatan juga Hanya ada di Konoha ngak pernah pakai BPJS jadi duta BPJS.,happy
@USER @USER Program besar memang butuh waktu dan proses yang matang,love
@USER @USER kita negara besar atau negara omong besar sehhhhh,love
@USER @USER Kelamaan 5 - 10 tahun segera spt Pak Habibie,love
@USER @USER @USER @USER @USER @USER @USER @USER Elo itu tolol Rusia mau bangun kilang minyak di Indonesia untuk mengelola minyak dari Rusia,love
YA ALLAH DHZALIM BETUL @USER HENTIKAN MBG!!!,anger
@USER @USER Inisiatif Koperasi Desa Merah Putih juga menarik untuk mendorong ekonomi desa,love
@USER @USER @USER @USER sudah lupa kah???,love
@USER @USER Program seperti Makan Bergizi Gratis memang punya dampak langsung ke masyarakat,happy
@USER @USER @USER Kejauhan ngomonge! Cukup sampe masa jabatannya aja pak presiden Berapa kurs rupiah/$US pak? Biar bisa dipercaya &amp; dipertanggung-jawabkan?,happy
Jika aku amit amit tidak lolos utbk itu karena prabowo Jika aku amin lolos utbk itu karena Tuhan yang maha besar,sadness
Padahal mau nganggur dgn tenang dulu tpi ngeliat keadaan kyak gini jadi mulai appy loker lg. Fuck you @USER,sadness
Ini Pak Prabowo gada niat mau pecat kepala BGN kah??? Kesel bgt tiap liat berita BGN nganggarin miliaran mpe triliunan cuma buat kegiatan yg ga pntg !!! Tulul bgt masih dipertahanin pejabat kek gt!!! Stress bgt liat pemerintahan yg amburadul gini ,anger
@USER @USER Makin lama makin gw mikir. Gw emang barisan 01 tapi itu dulu. Sekarang malah jd ilfil sama orangnya. Tapi bukan berarti sekarang gw berubah jadi pro Prabowo. Makanya 2029 siapa aja bebas dah nyalon asal bukan Prabowo lagi. Tapi bukan mantan 01 juga. Lu aja bang wkwk,love
@USER @USER BGN itu mikirin gizi cuman 10% sisanya pesta pora yg gada hubungan dgn gizi anak,anger
@USER @USER @USER Cari yang berkompeten dunia permakanan bobon santoso misalnya dia akan dikenal dan dikenang sby orang pertama di MBG dan BGN khan bagus,happy
Siap... Moga terbaca beliau yg terhormat @USER,fear
@USER @USER Maksud beliua 50000 tadi kelupaan tambahi 0 nya https://t.co/zXEM3sV5Km,happy
anak buah prabowo kerjaannye pada kek orang idiot. Kebocoran data lu pada diem pas ktp hilang suruh denda bikin surat kehilangan di polisi keluar duit lagi. idiot emang lu semua,sadness
1. Megawati (33 thn) 2. Muhaimin Iskandar (21 thn) 3. Surya Paloh (15 thn) 4. Yusril Ihza Mahendra (16 thn) 5. Prabowo (12 thn) Jokowi..? Cukup jdi orang kampung dan momong cucu saja. ( Tapi juga tetap harus disalahkan ). https://t.co/kyPTHXi0h6,sadness
@USER @USER @USER,love
@USER @USER @USER Contoh riil manusia munafik,love
@USER @USER Hai Pak @USER saya datang dari masa depan ternyata tweet anda berbeda dg yg anda lakukan ketika jadi Presiden...,love
@USER @USER pelan pelan aja asal arahnya jelas program begini bisa bantu banyak orang,happy
THANKS PAK PRABOWO semenjak indonesia dipimpin bapak banyak sekali rekor sejarah terpecahkan. 1. kurs usd/idr hampir rp 17.200. paling terpuruk dlm sejarah. 2. utang jatuh tempo di 2026 sebesar rp 833 t. tertinggi dalam sejarah. 3. defisit apbn paling lebar dalam sejarah.,happy
@USER Please do not grant free access to the foreign military from ANY country. Whether by land sea or air. The blanket overflight is never a good idea &amp; against the will of Indonesian people. Even the US's allies don't provide free unlimited access for the US. https://t.co/Ey7P2qDr6X,love
Bukti paling konkret bahwa konten-konten sidak BGN hanyalah tipu-tipu dan sekadar upaya pengharuman citra yang terlalu dipaksakan adalah kolom komentar yang dibatasi. Halo ndut @USER. Inikah seorang 'Ibu galak' yang kamu maksud itu? bagi kami nanik s deyang hanyalah seorang https://t.co/EaVIdMF2Nf,anger
@USER kalo gak salah dulu pak Prabowo bilang bahwa korupsi pajak itu sekitar Rp.500 Trilyun / Tahun. benarkah?,anger
@USER @USER dipanggil ndut,love
@USER @USER Tdk usah takut nilai ekspor kita lebih tinggi dari impor. Mata uang rupiah melemah maka harga barang kita competitive dan barang barang Amerika bakalan tidak competive krn harga nya tinggi maka produk us tidak bisa bersaing dengan produk lokal. Lu kebanyakan di cuci otak nya,fear
Presiden Prabowo Subianto memanggil Kapolri Listyo Sigit Prabowo di kediaman Hambalang pada Jumat 24 April 2026. Pertemuan yang berlangsung sekitar satu jam tersebut membahas berbagai isu terkait keamanan nasional serta kondisi umum situasi,sadness
@USER @USER yang penting transparan sama konsisten biar hasilnya kerasa ke masyarakat,happy
@USER Langkah ini menunjukkan keseriusan Pak Prabowo dalam menjaga ketahanan energi,happy
@USER Saya pilih Anies karena rasional saja Orang Baik dan taat Agama pasti Anti korupsi. Saya gak pilih Prabowo karena Wapresnya. Saya gak pilih Ganjar karena gak cocok dgn Partainya.,anger
Menteri desa Bapak Yandri Susanto melaksanakan peletakan batu pertama pembangunan gerai KDMP di desa Gunungkuning kecamatan Sindang Kabupaten Majalengka Jabar #MenteriDesaKawalKDMP #PendampingDesakawalKDMP #KDMPUntukKesejahteraanRakyat @USER @USER @USER https://t.co/R7yPByKfqx,happy
jokowi prabowo prabowo jokowi (ini yang gue denger) https://t.co/4RlPWgD5gd,sadness
@USER @USER @USER Alhamdulillah masih sangat kecil emg lu mau segede apa buset gue kesel bgt sm ni kebijakan,love
@USER Data kayak gini tuh Prabowo gak dikasih tau ya sama Seskab? Aneh bgt aneh,fear
@USER @USER @USER @USER baca wooo jangan main Roblox teruuus,love
@USER prabowo,love
@USER @USER pemerintah juga pasti evaluasi kok gak mungkin dilepas gitu aja,fear
@USER @USER Agar Termul pada mingkem atau mati harus dimatikan dari Kepala Termul itu sendiri.,love
Hebat ya.... Prabowo gitulah. 58%.,sadness
@USER @USER @USER Semua gara gara seorang perempuan yang tersinggung dan laki laki yg berdarah pengkhianat,love
Hendi Saputro remaja asal Sragen yang sempat putus sekolah akibat keterbatasan ekonomi keluarga kini kembali melanjutkan pendidikan melalui program Sekolah Rakyat gagasan Presiden @USER Subianto. https://t.co/dHQraYQwVu,sadness
ARTINYA SEMUA PARTAI AKAN MENDUKUNG Prabowo di 2029 maka HENTIKAN MBG SEKARANG JUGA ! https://t.co/cayq1idj43,anger
@USER liga 1 masuk Adhyaksa FC (klub Kejaksaan) dan Garudayaksa FC (klub yang didirikan Prabowo Subianto/Presiden) dah lah semua menyingkir kalau tidak ada kekuatan dalam politik,anger
@USER @USER @USER @USER Aku yang ane komen sering hoak contoh ijazah sekarang kalian lagi sibuk provokasi terkait JK,love
@USER @USER prabowo suka buah air sih ka,love
@USER @USER bagus juga idenya anak sekolah jadi kelinci percobaan gtu? . Yg Penting duitnya dulu Gizi nya belakangan itulah otak Pejabat Pelaksana Program nya. ,anger
@USER @USER Bisa aja asal seleksi jadi presiden lebih ketat daripada seleksi asn karyawan swasta dan buruh serabutan biar adil ,love
@USER @USER @USER @USER Semangat terus Mas Ibam.....,love
unpopular but i think at some point pak prabowo actually want it to stop because it cost a lot of money and how big of catastrophe mbg caused for the economy so far but his ego is way too big to admit defeat and to let people see that he's gravely wrong so he just let it happen,love
@USER @USER @USER WITH THE LIGHTS OUT OMPRENG ACTS OUT HERE WE ARE NOW CORRUPTED GOVTS I FEEL STUPID AND CONTAGIOUS THE FOREIGNERS MISUNDERSTOOD ME YEAHHHHHH https://t.co/ierVsOQqko,love
@USER @USER bener sih program gede emang harus diawasi tapi niat awalnya udah bagus tinggal diperbaiki aja,anger
Semoga Pa @USER membaca surat ini,happy
aja pura pura picek budek @USER,happy
@USER @USER ,love
@USER @USER @USER @USER @USER @USER @USER @USER @USER @USER @USER @USER Buzzerkek kamu bikin negri ini makn miskin dan kacau segala kekritisan selalu ditutupi dengan narasi yg konyol oleh suruhan rejim yg lebih mengandalkan buzzer daripada tim public relation resmi-nya sendiri .....,love
@USER @USER Innalilahi wa innailaihi rojiun ,happy
@USER @USER Jangan Laporan Macam ini donk ..Gak akan di gubris Upload keberhasilan MBG pasti akan GEDE ROSO ,anger
@USER @USER Diawal @USER bilang efisiensi tapi kabinet nya boros mbg nya boros rakyatnya disuruh sabar.,happy
@USER @USER @USER Ihhh setujuuuu,love
@USER kayak nya sie prabowo di tutup rapat2 data asli di lapangan oleh lingkaran nya genk Solo. agar masyarakat geram dan menuntut pengunduran diri nya prabowo sehingga gibran dengan mudah naik ke singgasana tinggi. hindari itu dan atur strategi fokuskan dulu makzulkan gibran &amp; gank.,anger
@USER Kemarin RS Indonesia dikuasai IDF sekarang prajurit TNI meninggal LG setelah diserang IDF. Masihkah @USER membela Israhell???,anger
@USER @USER @USER Hati yg bersih akan membuat hidupmu tenang &amp; hati yg kotor akan membuat hidup gelisah. Belajarlah untuk tidak berburuk sangka dan tidak mengganggu orang yg ingin berbuat baik karena menghalangi orang berbuat baik itu pasti berasal dari hati yg kotor akibat menuruti bisikan setan,love
@USER @USER @USER @USER Min @USER pasti bisa bantu menyampaikan nih....,love
@USER bener jadi puas2kan ngehina prabowo sekarang soalnya kalo udah mati susah ntar kena dosa,sadness
@USER @USER @USER @USER Apelagi tambahannye?,love
@USER Kalau para jendral sudah kompak melengser kan Prabowo itu sudah jalan yg benar. kebodohan prabowo dalam politik luar negeri dan dalam negeri mengharuskan dia mundur dari jabatan yg bukan haknya dia naik atas kecurangan KPU yg dikendalikan anak mei wha yg mengaku joko widodo.,happy
@USER Sebelum asn pada keluar lu duluan yg diberhentiin Prabowo ,anger
@USER negara terlalu tutup mata sampe perusahaan itu bisa seserakah yg owner mereka mau. punya pengalaman banyak expert usia muda di gajih kecil dikasih kerjaan melebihi beban terus kalo salah sedikit langsung kasih SP. @USER pak tolong lah ya,anger
@USER @USER @USER @USER @USER @USER @USER @USER @USER @USER @USER @USER Apresiasi setinggi - tingginya untuk Presiden Prabowo yg telah mewujudkan mimpi - mimpi anak - anak yg kurang beruntung dgn adanya sekolah rakyat ini . Shg mereka bisa fokus belajar tanpa harus mengkhawatirkan kebutuhan sehari -harinya .,happy
@USER @USER @USER @USER @USER Ealah skrg mulut 'perempuan' @USER lamis anggap dirinya goblog. Wajarlah kalo gak tau kalo dirinya goblog. Pantesan bibir tipisnya lamis sebar dusta ke mana tebar kebohongan seNusantara. Gemar karang cerita goreng narasi berdasar asumsi sendiri tiap hr. Waras dab?! https://t.co/Y3SNtnTNur,anger
Saya menyerah melihat berita Prabowo dan BGN. Malah saya yang gila,anger
@USER @USER @USER @USER ,love
@USER @USER @USER @USER Koruptor tidak ditindak tegas? Udah banyak kasus korupsi diselesaikan tersangka udah banyak masuk bui uang rampasan dari koruptor udah banyak bilang ga tegas si riza Chalid saja udah di jadikan buron dan orang yang udah ganti wna aja pasti bangga ama timnas jd ta spesial u.,anger
Memang di awal pemerintahan Presiden Prabowo Subianto masih ada pekerjaan rumah di sana-sini. Namun objektivitas menuntut kita untuk melihat prestasi besar yang sedang dicetak ,sadness
@USER Rezim Prabowo?,love
@USER Setuju semuanya salah Prabowo,love
@USER Masih gagal paham ama dodi apakah karena progres baru 15% = ga nurut ama prabowo? Ditambah Ke proyek bukannya pake APD malah pake sarung,anger
Piye @USER ?,love
@USER @USER Innalilahi wainnailaihi Raji'un ,happy
@USER @USER @USER Upayanya sudah tepat dengan bersurat kepada presiden.. berharap akan hasilnya boleh tp harus bersiap juga dengan kemungkinan lain ya.. Soalnya ini negara dagelan Bukan negara beneran Apalagi urusan hukum yg mana paling filthy dan ga kredibel GBU mba Dwi &amp; keluarga.,fear
@USER Elu Trump jgn bilang org indonesia dong yg munafik itu cocoknya rejim ini dibwh prabowo..,anger
@USER Ini termasuk sewenang-wenang kapal PERANG AS di belawan kesewenang-wenangan presiden menjual kedaulatan Laut ke AS @USER @USER @USER https://t.co/rTIs9zZBBZ,love
@USER @USER @USER @USER Faktanya kamu tak bangga sma skali dan langsung nangis bombay tapi happy banget kalo bangsa ini susah misal ada gempa bumi dan negatif negatif lainnya karena itu waktunya kamu nyerang bayangkan saja lah wong ada musibah kok dijadikan bahan tuk nyerang.,love
Halo pak @USER,love
Wacana penambahan konser K-Pop di Indonesia kembali ramai diperbincangkan setelah pemerintah mengungkapkan rencana tersebut. Baca selengkapnya : https://t.co/sOYNeYKNw8 #prabowo #konser #kpop #fans #sorotan #tiket #acara #indonesia #YouandAICan #S26StaysUnseen Klok,sadness
 Presiden Prabowo menginginkan bahwa hilirisasi tidak hanya di bidang energi dan mineral tetapi juga harus diperluas di bidang pertanian katanya Teddy dalam keterangan akun Instagram Sekretariat Kabinet.,sadness
 Terima kasih Bapak Presiden @USER atas arahan terkait percepatan hilirisasi dan penguatan program prioritas Danantara hari ini di Hambalang kata Rosan.,happy
Momen pertemuan itu diunggah Rosan dalam akun Instagram resminya Jumat (24/4/2026). Terlihat keduanya bertemu di dalam sebuah ruangan. Prabowo dan Rosan tampak duduk berhadapan. Keduanya terlihat membaca dokumen di meja.,happy
Presiden Prabowo Subianto menggelar pertemuan dengan Menteri Investasi dan Hilirisasi/Kepala BKPM Rosan Roeslani di kediamannya di Hambalang Bogor Jawa Barat. Prabowo memberikan instruksi mengenai percepatan hilirisasi dan penguatan program prioritas Danantara.,fear
Prabowo Bertemu CEO Danantara di Hambalang Bahas Percepatan Hilirisasi #prabowosubianto #terimakasihpakbowo #jagaindonesia https://t.co/QGmtdWfjiA,happy
@USER @USER Tolong laaahhh .... Bilangin ke Bos klen @USER Klo orang2 disekeliling nya itu BANGSAT2 semua... Ini Bos klen udah tau ATAU pura2 gk gak tau sich.....?!?!? #SeriusNanya,anger
@USER @USER Habibie brp tahun itu ya pak?..,happy
Menteri tenaga kerjanya dr @USER @USER cuman bisa nikmatin gaji n fasilitas negara doang yak hahahaaaa pejabat menteri pilihan @USER cuman sampah bangsa benalu negara,anger
@USER @USER Omon omon,happy
Kayanya ini salah satu kesepakatan antara @USER dan @USER Prabowo boleh jadi presiden tp harus sering keluar negeri urusan dalam negeri biar Jokowi yg ngurus.,sadness
elu babinya @USER,love
@USER @USER Jadi begini bung ekonomi bangsa telah salah urus. https://t.co/1D69Mc681p,fear
@USER @USER @USER Tapi Prabowo Presiden 2029 Tetap Pilihanku!!!,love
@USER @USER @USER TNI nya nyirem air keras polisi nya perkosa wanita jaksa nya rekayasa dakwaan pemerintah nya jadi pahlawan kesiangan mulu selama kapolri kajagung nya ga di ganti ... akan selalu ada ibam2 lain nya yg jadi korban..,anger
@USER @USER @USER Waspadai yg sesat² supaya gak ikutan tersesat,love
@USER Entah u apa si wowo @USER buat duta²an ngabis²in anggaran pdhl hutang negara menumpuk.. Otak jarang dipakai,anger
@USER @USER MANTEP BENER,love
Kementerian Energi dan Sumber Daya Mineral (ESDM) menyampaikan Indonesia mendapatkan komitmen pasokan minyak sebanyak 150 juta barel dari Rusia. Komitmen ini didapatkan usai pertemuan antara Presiden Prabowo Subianto dan Presiden Vladimir Putin beberapa waktu lalu.,anger
@USER @USER login pascabowo,love
@USER @USER Kapan bapak ini selesai menjabat? Abis itu ada sapaan dari kejaksaan gimana kabarmu?,happy
@USER @USER Baiq,love
when yh bimbel gratis @USER,love
@USER Orang itu adalah PresideN PRABOWO SUBIANTO Presiden Omon Omon,anger
@USER Bukan kurang gizi Tidak jg butuh MBG Mereka hanya butuh sekolah gratis sampai perguruan tinggi Sebelum Prabowo jadi presiden Ayah dan ibu mereka tau makanan yg bergizi Sayangnya negara tidak pernah membuat mereka sejahtera Stop MBG program paling jadi TAIK tuuu,anger
@USER @USER Loh kok terus berlari ra mundur jadi 5000,fear
temen temen aku kaget keluarga aku kaget sahabat aku kaget mbg kaget firaun kaget jokowi kaget prabowo kaget semua kaget aku jd sohee yang ga kaget aldi taher mungkin kaget mungil,love
@USER Ini lokasinya di Istana Negara Jakarta di lorong sebelah utaranya ruang resepsi yg biasa dipakai buat pelantikan menteri/pejabat tinggi. Kalau dilihat daru warna karpet dan gordynnya berarti video ini diambil sebelum jamannya Presiden Prabowo berkuasa. Sekarang serba biru.,anger
@USER @USER @USER Tujuannya supaya videonya pendek dan menimbulkan multitafsir dan opini liar dalam masyarakat... #Ngik,love
Menyikapi arahan Presiden Prabowo Subianto kini makan bergizi gratis (MBG) diprioritaskan bagi wilayah dengan angka kemiskinan dan prevalensi stunting tinggi.,sadness
Prabowo Minta MBG Fokus ke Kelompok Prioritas Ini yang Bakal Dapat #prabowosubianto #terimakasihpakbowo #jagaindonesia https://t.co/cl9TU0CrT0,happy
@USER Survei tergantung siapa yg bayar.... Dawuh prabowo,happy
@USER Hallo jendral purn prabowo,happy
@USER @USER rapat onlen tp di hotel di kota masing2x,happy
@USER @USER @USER Sudah diresmikan 166 Sekolah Rakyat Gratis di 34 provinsi yang masih akan ditambah hingga 500 Sekolah Rakyat Gratis. Kalo kamu selalu punya makanan maka bersyukurlah karna tidak semua orang seperti dan jangan ganggu orang yg mau membantu mereka yg butuh makan termasuk melalui MBG,love
@USER @USER Percaya !!! Mungkin bisa 3.000 atau 2.000 Caranya gimana? Pokoknya ada,love
@USER bapak baik banget pikiran dan semangat utk Bangsa ini klau jadi presiden nah semoga skr semuanya di realisasikan aamiin,love
@USER @USER Ini proyek Prabowo,love
Presiden Prabowo Subianto memanggil Kapolri Jenderal Polisi Listyo Sigit Prabowo di kediaman Hambalang Jumat 24 April 2026. Dalam pertemuan sekitar 1 jam tersebut dibahas beberapa hal terkait keamanan nasional dan kondisi umum situasi nasional. https://t.co/Rn6xMPvXxO,sadness
@USER saya ingin SPT ini dan direalisasikan full speed full power Insya Allah banyak perbaikan dan kemajuan bagi Bangsa Indonesia aamiin,happy
Menyikapi arahan Presiden Prabowo Subianto kini makan bergizi gratis (MBG) diprioritaskan bagi wilayah dengan angka kemiskinan dan prevalensi stunting tinggi.,sadness
Prabowo Minta MBG Fokus ke Kelompok Prioritas Ini yang Bakal Dapat #prabowosubianto #terimakasihpakbowo https://t.co/CntY6zUMTa,happy
@USER dadan tol0l prabowo tl0l semua pihak yg ikut campur dan pernah nyicip duit mbg sedikit pun semoga cepet sengsara karena ya pasti bakal sengsara si cuma gw minta dicepetin dilamain aja durasinya sampe mereka m4ti,happy
 Rp633 JUTA PER BULAN cuma buat ZOOM? Itu setara 42.200 porsi makan bergizi gratis buat anak stunting setiap bulan! BGN bilang enterprise buat 50.000 peserta tapi rakyat lagi bayar pajak buat gizi bukan buat Zoom VIP. @USER Tolong audit transparan &amp; jelasin detail,anger
@USER @USER @USER Kerajaan Sie #kerajaansea #seabank,happy
@USER @USER @USER Mohon atensinya bg @USER,love
@USER JENDRAL PECATAN @USER DIDUKUNG ORANG PEMALSU IJAZAH @USER . INI NEGARA DIKELOLA ORANG YG GK PAHAM PERJUANGAN PENDAHULUNYA. ASAL TEMAN2 MEREKA KUMPUL DIKABINET.,anger
@USER postingan orang biadab loe anggap semua yg pilih Jokowi tolol padahal anis ganjar kgk menang dan tanpa campur tangan jokowi prabowo kgk menang berarti yg goblok siapa anjing loe bangsaaat jancukk,happy
Narasi keren dan masuk akal. Tangkepin aja Mastermind dibalik semua kekacauan ini. Pak Prabowo mainnya terlalu santun. ,happy
Lahan zona pertanian pangan pada peta gistaru desa Ngemplak Kecamatan Kartasura Kabupaten Sukoharjo provinsi Jawa Tengah didirikan bangunan apakah diperbolehkan Pak? peta Gistaru itu gunanya untuk apa Pak ? @USER @USER @USER BBCA https://t.co/DupseoPhBs,fear
Kementerian Energi dan Sumber Daya Mineral (ESDM) menyampaikan Indonesia mendapatkan komitmen pasokan minyak sebanyak 150 juta barel dari Rusia. Komitmen ini didapatkan usai pertemuan antara Presiden Prabowo Subianto dan Presiden Vladimir Putin beberapa waktu lalu.,anger
@USER @USER dahsyat,love
@USER @USER @USER,love
@USER @USER log in,love
MATAANEEE EDAANNN TEMENANN BAGUSSS BANBET GILAA ANJIRRR. prabowo harus baca.,anger
@USER @USER @USER 2 kata lucu. prabowo ngerp,love
@USER Berani ngusik iparnya prabowo,happy
Selagi prrsidennya Prabowo gak bakalan bangun jembatan. Prabowo lbh memilih MBG. Proyek ompak2an tanpa bisa diaudit. @USER @USER @USER @USER,sadness
 Presiden Prabowo menginginkan bahwa hilirisasi tidak hanya di bidang energi dan mineral tetapi juga harus diperluas di bidang pertanian katanya Teddy dalam keterangan akun Instagram Sekretariat Kabinet.,sadness
Janji ini akan di ucapkan @USER 2029 saat dilantik gantikan @USER,love
 Terima kasih Bapak Presiden @USER atas arahan terkait percepatan hilirisasi dan penguatan program prioritas Danantara hari ini di Hambalang kata Rosan.,happy
Momen pertemuan itu diunggah Rosan dalam akun Instagram resminya Jumat (24/4/2026). Terlihat keduanya bertemu di dalam sebuah ruangan. Prabowo dan Rosan tampak duduk berhadapan. Keduanya terlihat membaca dokumen di meja.,happy
Presiden Prabowo Subianto menggelar pertemuan dengan Menteri Investasi dan Hilirisasi/Kepala BKPM Rosan Roeslani di kediamannya di Hambalang Bogor Jawa Barat. Prabowo memberikan instruksi mengenai percepatan hilirisasi dan penguatan program prioritas Danantara.,fear
Prabowo Bertemu CEO Danantara di Hambalang Bahas Percepatan Hilirisasi #prabowosubianto #Terimakasihpakbowo #jagaindonesia https://t.co/loESvX7HNx,happy
Presiden Prabowo panggil Kapolri dan Mentri hilirisasi ke Hambalang! ___ Pagii Rebahan Keluarin Chatime Pisah Klok https://t.co/vZqt2xHmOm,sadness
@USER @USER @USER Masalahnya klo gak ada tumbal kasusnya nanti langsung berbelok ke geng solo,fear
@USER @USER @USER Merekayasa dan memelintir ceramah hanya untuk menjatuhkan @USER https://t.co/d66fnxy0gL,love
Pak Presiden @USER Segeralah Bertindak Jangan Terlambat Rakyat Yang Menanggung Semua Ini Bukan Anda Dan Kroni² Anda Jangan Menunggu Rakyat Marah‼️ https://t.co/JIdoVB9Yx5,anger
@USER Indo mah ikut semuanya. Pengen foto foto prabowo ama president lain biar keliatan kalo dia president Indonesia. Cita cita 20 tahun cuy....,love
@USER @USER @USER Baru tau aq klo Indonesia itu kerajaan macan lancia,love
@USER @USER @USER @USER @USER @USER @USER @USER @USER @USER @USER Sklh rakyat ini cm buang2 duit aja buat jd DALIH MBG,love
Janji yang di tepati. Saat 2013 kritik banyak nya pejabat studi banding keluar negeri. Saat jabat... Presiden Prabowo buktikan kebijakan efesiensi anggaran. Keren nya Presiden Indonesia 🇮🇩 https://t.co/ESdgWNXksM,happy
@USER @USER Ngatur pilihan orang deh Lu juga ga mau pilih Prabowo karena ga suka dia pelanggar HAM kan?,anger
Jangkauan yang luas dari koperasi desa merah putih menunjukkan bahwa upaya pemerintah untuk memberikan manfaat ekonomi sangat jelas. Ayo dukung! #kdmp #koperasidesamerahputih #indonesiamaju #prabowo #astacita https://t.co/NAkPJXPzPq,sadness
@USER @USER @USER @USER,love
@USER @USER @USER @USER mari dibaca.,love
@USER @USER,love
@USER @USER @USER Ada bukti penutupan? ada bukti tindakan langsung bahkan kasus nya bulan Januari 2026 prosesnya di bulan Maret-April apakah ditutup jelas dari sini ada niat mengurangi populasi masyarakat kn atau anda mendukung itu agar kebagian lahan sauwit ,fear
@USER @USER @USER @USER @USER Ga ada yang bahas masalah suara yang gua pertanyakan adalah sampe detik ini kerjanya becus ga? Wkwkwkwk,happy
@USER @USER @USER Semangat Mas Ibam semoga dibaca sama Pak @USER dan mau membenahi @USER agar kasus seperti ini tidak terulang lagi.,love
@USER @USER Ngeri emang mainnya termul,fear
@USER @USER @USER @USER @USER @USER Kita tdk bicara berhasil yg saya sampaikan proses daripada kritisi dari luar tapi kita tdk tahu masalah apa di dlm,love
@USER @USER @USER @USER Abis nonton yutub ferry ttg mas ibam. Bener bener sedih dan ikut kemaki juga.,love
@USER @USER @USER @USER @USER @USER Dr dulu putri tdk tertarik investasi beginian setiap masuk ke Bank BNI slalu di tawarin ,love
@USER @USER @USER jalian masih punya urat malu sm rakyat mending fokus dslam negeri yang carut marut amburadul jangan habiskan APBN utk jalan2 unfaedah dana jalan2 itu bisa bermanfaat bagi rakyat du Nusantara ini. Rupiah anjlok jalan2 trus usaha biar trun,happy
@USER @USER @USER Emang gada isi kepalanya mereka itu,love
@USER @USER @USER @USER @USER @USER LAGI LAGI OKNUM,love
@USER @USER TerMul berharap banget Prabowo dilengserkan lalu naik fufufafa menggantikan Presiden.,love
Negara Non-Block kena sangsi ekonomi dari Negara Block Barat ?? Seharusnya dan sudah waktunya Negara Non-Block bangun sumber ekonomi dgn sesama Negara Non-Block @USER DPR RI BEM SI Universitas Brawijaya Universitas Padjadjaran Russia https://t.co/5w3UZ4I7sJ,anger
@USER sebaiknya akun bpk jangn kasih admin saja. Pantesan gak tau kondisi bawah.,anger
@USER @USER Kalau cuma bandingin angka doang emang kelihatan parah tapi situasinya lagi banyak faktor.,happy
@USER @USER @USER @USER @USER @USER @USER Sebutkan orang yang berhasil memperbaiki dari dalam di rezim sekarang,happy
@USER @USER @USER Godspeed for you guys ️,love
@USER @USER @USER @USER @USER Sampai hari ini aku gak yakin kalau kedua lembaga tersebut berani menyentuhnya ️,love
YANG BENER AJAA PRABOWO,anger
@USER @USER @USER @USER Kalo sdh lapar mana bisa sabar,love
@USER @USER Gak cuma kita kok mata uang lain juga lagi pada turun lawan dolar,anger
@USER @USER @USER @USER @USER BGN sudah menjadi super body yg untouchable dan presiden sendiri yg konon selalu melakukan kros cek atas data dan info yg disajikan toh sampai hari ini terkesan merestui segala sepak terjang BGN yg nyata di depan mata menghamburkan uang negara.,anger
@USER @USER @USER @USER Bismillah. Mbak Ririe Mas Ibam keluarga kami berdiri di belakang kalian Bayangin: ninggalin gaji gede di luar negeri pulang bantu digitalisasi anak Indonesia. Hasilnya? Dituntut 15 tahun + Rp16 9 Miliar (22 5 tahun total) padahal TIDAK ADA aliran dana ke dia.,happy
Innalillahi wa innailaihi rojiun ndut liat ndut @USER,sadness
@USER @USER Tanpa dampak ke siswa jg menu makanan dan kualitas gak naik2.,anger
@USER Sejarah mencatat keris Mpu Gandring selalu hadir di TKP menancap ditubuh korban Kok bisa ijazah absurd @USER bisanya mangkir dipersidangan tp tetap mencabut hak kebebasan rakyatnya @USER,love
prabowo mengomentari kelakuan pascabowo,sadness
Desa Jintung Kecamatan Ayah CC: @USER Ora arep CC Prabowo Bupati Kebumen Sugih koo https://t.co/JkzjKzO61C,love
berharap prabowo lebih baik dari jokowi tuh termasuk perbuatan mengundi nasib.,sadness
@USER kerjaan siapa ini? @USER,love
@USER @USER @USER Setiap kunker LuarNeger Adek &amp; putri nya(Rahayu) selalu ikut. Terutama ke Amerika &amp; Perancis.,love
Melalui BUMDes Bangun Desa Bangun Indonesia @USER @USER @USER @USER @USER https://t.co/5LKcxaWjU0,love
@USER LAPORAN PENTING... Ini kerjaan baru... Melindungi mengayomi menafkahi rakyat mu... SEGERA BERTINDAK... ACTION.... Cepat.,anger
@USER @USER @USER @USER @USER @USER Ada apa dengan BNI,love
Ini merupakan kali kedua Rosan menghadap Prabowo dalam sepekan. Sebelumnya pada Selasa 21 April 2026 yang lalu Rosan juga menghadap Prabowo di Istana Kepresidenan Jakarta Pusat. Kala itu dia melaporkan realisasi investasi kepada Prabowo.,sadness
 Terima kasih Bapak Presiden @USER atas arahan terkait percepatan hilirisasi dan penguatan program prioritas Danantara hari ini di Hambalang ujar Rosan dikutip dari unggahan di Instagram resmi @USER Jumat (24/4/2026).,happy
Bro @USER pasti memahami sikap Pak @USER tidak hadir sekonyong-konyong tapi ada kaitan dgn interaksi beliau secara langsung dengan Pak Jokowi sejak beliau menjadi Menhannya Pak Jokowi sampai dengan jadi presiden. SANGAT BOLEH JADI PAK PRABOWO SULIT KELUAR DARI ITU,fear
Dalam pertemuan itu pria yang juga merupakan CEO BPI Danantara itu mendapatkan arahan dari Prabowo soal percepatan hilirisasi dan penguatan pada sejumlah program prioritas yang tengah dijalankan Danantara.,anger
Menteri Investasi dan Hilirisasi/Kepala BKPM Rosan Roeslani menghadap Presiden Prabowo Subianto di kediaman pribadinya Hambalang Bogor Jawa Barat hari ini.,fear
Di Hambalang Prabowo Kasih Arahan Khusus Soal Hilirisasi ke Rosan #prabowosubianto #terimakasihpakbowo #jagaindonesia https://t.co/2ubJRNPv6c,happy
@USER @USER Jadi juru damai itu gak mudah guys salut buat pak JK,happy
Menjadi dosen memang merdeka pk @USER tapi jika ingin benahi hukum yg saling tindih memang hrs masuk kedlm dg konsekuensinya.Kelebihan ASN tdk bisa dipecat beda sama swasta.Argumentasi hukum hrs jelas Cc @USER @USER @USER @USER @USER,love
@USER @USER Enak aja cuma dipecat. Dikandangin dulu 15 th.,love
@USER @USER @USER Don't be tolol like most brainless Indonesian it's so embarrassing. Your comment shows how low your IQ. Our country already established itself as a non-aligned country since independence in 1945. that doesn't want to be involved in war with anyone or take sides with anyone.,love
@USER Coba om @USER coba diperhatikan masalah ini jgn cuma dapat laporan ABS,anger
prabowo tidur besuk jilat aseng,sadness
@USER @USER @USER @USER Cuma bs bantu repost kak semoga gusti Allah buka kan bobrok nya mereka semua di khalayak,happy
Memang di awal pemerintahan Presiden Prabowo Subianto masih ada pekerjaan rumah di sana-sini. Namun objektivitas menuntut kita untuk melihat prestasi besar yang sedang dicetak ,sadness
@USER @USER Jejak di medsos justru menjadi sangat negatif jika beda dengan realisasi di lapangan.,fear
@USER @USER @USER Muncul ga sih mumpung ada kesempatan jdi pahlawan ni CEO MBG,anger
@USER @USER @USER Yang penting loyal kepada Prabowo. Habis perkara.,happy
Padahal lagi nyindir Trump sama Prabowo lah kok yang nimbrung suporter bola ,anger
@USER @USER @USER @USER Hak para koruptor terus membela diri tapi hukum zaman presiden pak @USER tegas tak pandang bulu.,anger
Boyolali Sarjo 50th penyandang disabilitas yg sehari2 memulung barang bekas serta berjualan pakaian bekas skrg terbantu program SEKOLAH RAKYAT anak2nya bisa bersekolah dan tinggal di asrama scr gratis.. Ane minta diperbanyak inih Sekolah Rakyat ini.. @USER @USER https://t.co/TGDfZ9tice,love
@USER Wajar kl @USER frustasi Ini gambarkan Prabowo ga tahu skala prioritas Usul SmartTV pdhl bnyk sekolah yg kondisinya msh memprihatinkan Dan sialnya lg dr menteri smp KaBIN lapor ke Teddy Jd jangankan rakyat dgn presiden Presiden dgn menteri sj tdk ada komunikasi,anger
@USER @USER Innalillaahi wainna ilaihi roji'uun Allaahummaghfirlahu warhamhu wa'afihi wa'fuanhu wawasi'madkholahu wa akrim nuzulahu Aamiin yaa Robbal'aalamiin ,happy
@USER @USER @USER Tetap semangat ya mbak. Kebenaran akan menemukan jalannya Amin ,love
@USER @USER @USER Tapi kalo mundur repot juga... Masalahnya Gibran bang wakilnya ,love
Wok Prabowo temuan netizen https://t.co/2eS7KBvZlH,sadness
@USER @USER @USER Silahkan pak ceo MBG. Waktunya jadi pahlawan Pak ,happy
@USER @USER @USER @USER Cok lucu tenan siapa yang gak bangga liat bangsa sendiri maju berkembang contoh hal kecil liat perjuangan timnas berjuang buat pildun aja bangganya bukan main. Framing lu basi murahan Negara dengan koruptor yang tidak ditindak tegas emang negara korup. Suk ternak buzzer. ckck,love
@USER @USER Bener turun harga rupiah dimata orang asing ,anger
soon si babi prabowo nyusul BUT ABSOLUTELY STRAIGHT TO HELL! https://t.co/VXfbiRXItZ,anger
@USER @USER @USER @USER superwok bangun superwok,love
@USER @USER @USER @USER @USER @USER Nasabah dibikin resah.,love
@USER @USER @USER GK bkl d dnger https://t.co/kun0FxceBR,love
@USER Ya gak nyambung dodol JK juga bukan ketum partai th 2012 itu. JK ketum partai golkar periode 2004 2009. Malah saat pilpres 2014 - dia pasangan dg jokowi partainya dukung Prabowo Hatta. Jadi ternak jokowi memang mesti guoblok sih ya.,anger
@USER @USER Tuk 1$ hrs ngumpulin sekarung rupiah.tak berharga bngt.,anger
@USER @USER Terlalu banyak janji rakyat tidak makan janji tapi nasi.,love
@USER @USER @USER @USER @USER @USER @USER @USER @USER @USER Bnyk bro,love
@USER @USER @USER Yg sibuk fitnah sana sini ujannya kaum elo,anger
@USER @USER Pak @USER coba ini dibaca pak ,love
@USER @USER @USER @USER @USER @USER @USER @USER @USER Salah lagi.... seperti trump yang memang idiot yang goblok adalah maga pemilihnya. Sama halnya disini 02 (dan menyusul 01 krn sebenarnya 1 dna) tanpa mereka wowo cs cuman seonggok pecatan yg kabur jadi antek jordan. Tapi ini adalah demokrasi loreng. Beginilah konoha beriman,love
Entahlah kenapa Pak @USER masih mempertahankan beliau. Rapat daring Rapat online berkualitas membutuhkan kamera mikrofon pencahayaan dan laptop yang mumpuni agar komunikasi lancar. Tapi lisensi Zoom meeting kok jd semahal itu?! 5M?! Seriusan gaes?!,sadness
@USER @USER Kasihan Prabowo ya. Kok mau2nya belain orang sejahat itu. Padahal sebagai presiden kekuasaannya mutlak! Apalagi untuk mengadili kawan dekat berijazah palsu dan sangat banyak masalah untuk negeri kita ini.,anger
@USER adl yg gw dukung di 2014 dan 2019. Pascabowo @USER @USER @USER adl pemuja garis keras jokowkwkwk #FufufafaBencanaNasional,love
Presiden Prabowo Subianto memanggil Kapolri Jenderal Polisi Listyo Sigit Prabowo di kediaman Hambalang Jumat 24 April 2026. Dalam pertemuan sekitar 1 jam tersebut dibahas beberapa hal terkait keamanan nasional dan kondisi umum situasi nasional di berbagai sektor strategis. https://t.co/TvuPoKiKgs,sadness
@USER @USER 3 periode tah..? Mang sampe,love
@USER Dia dulu yang bilang kalo Prabowo kepilih gaji guru honorer minimal 2 juta kan? Bacot anjing!,anger
Ini merupakan kali kedua Rosan menghadap Prabowo dalam sepekan. Sebelumnya pada Selasa 21 April 2026 yang lalu Rosan juga menghadap Prabowo di Istana Kepresidenan Jakarta Pusat. Kala itu dia melaporkan realisasi investasi kepada Prabowo.,sadness
 Terima kasih Bapak Presiden @USER atas arahan terkait percepatan hilirisasi dan penguatan program prioritas Danantara hari ini di Hambalang ujar Rosan dikutip dari unggahan di Instagram resmi @USER Jumat (24/4/2026).,happy
Dalam pertemuan itu pria yang juga merupakan CEO BPI Danantara itu mendapatkan arahan dari Prabowo soal percepatan hilirisasi dan penguatan pada sejumlah program prioritas yang tengah dijalankan Danantara.,anger
Menteri Investasi dan Hilirisasi/Kepala BKPM Rosan Roeslani menghadap Presiden Prabowo Subianto di kediaman pribadinya Hambalang Bogor Jawa Barat hari ini.,fear
Di Hambalang Prabowo Kasih Arahan Khusus Soal Hilirisasi ke Rosan #prabowosubianto #terimakasihpakbowo #jagaindonesia https://t.co/rRqRDW0lQi,happy
@USER @USER Program unfaedah ujungnya cuma 2 kemakan jadi tai atw keracunan masuk RS,happy
Yearite handsome ini mah suami bule yang mau dibotakin istrinya kalo Prabowo menang,sadness
@USER Prabowo,love
@USER @USER Gue perhatiin sama poto yg sok2 imut yg lagi viral belakangan ini dia menggendut bgt ya dari abis pelantikan,happy
@USER Baca lagi tuk @USER,love
Iran dakwa sebahagian besar peluru berpandunya belum digunakan dalam perang dengan AS #BHdunia Jurucakap Kementerian Pertahanan Iran mendakwa tentera negara itu mengekalkan kelebihan sepanjang konflik dengan AS. https://t.co/oLt16S0Ak7,sadness
Laporan medis Netanyahu menyebutkan bahwa penjahat perang itu menjalani terapi radiasi untuk kanker prostat stadium awal. @USER @USER https://t.co/Bd0ILh5ioq,fear
@USER Ga ngerti kenapa akun cenblu malah bikin perang gender gini. Itu awalnya mas yg korban ngomong sini lo turun ke si boti makanya si mba juga teriak nyuruh keluar kebetulan videonya mengarah ke korban kesannya nyuruh korban keluar aslinya emang 2 2 nya diminta keluar.,anger
Warga di Khan Yunis telah membuka kembali pusat kebugaran yang sebagian hancur akibat perang memperbaiki peralatan yang rusak untuk menciptakan ruang latihan sederhana. Pemilik pusat kebugaran mengatakan keputusan untuk membangun kembali didorong oleh kebutuhan daripada https://t.co/lZKkUPfF7k,sadness
@USER Kalo gua biarin terjadi biar perang ame rakyatnya jelas2 Sumatra masyarkaatnye udah putus asa sama indo biar makin chaoss era kebodohan presiden terburuk sepanjang sejarah ,anger
Gaza kembali merayakan pesta pernikahan massal Thaub Al-Farah 2 (pakaian kebahagiaan) pada Jumat (24-4-2026) yang melibatkan 300 pengantin pria dan wanita mengembalikan suasana kebahagiaan bagi warga Gaza meski di tengah duka kesulitan dan kehancuran perang. @USER https://t.co/bvQMVMNLil,sadness
@USER Ini termasuk sewenang-wenang kapal PERANG AS di belawan kesewenang-wenangan presiden menjual kedaulatan Laut ke AS @USER @USER @USER https://t.co/rTIs9zZBBZ,love
@USER @USER LCS udah dikuasai China kalau selat Malaka diserahkan ke Amrik ya bakal perang,anger
Perang terosss,anger
@USER selamat beristirahat habis perang mou,happy
Perang sedang terjadi. Krisis energi banyak melanda negara luar. Ketersediaan migas dlm negara aman krn Presiden punya hubungan baik dg banyak negara. Pantas Anak Wabah susah sembuh nya dari hipnotis. Karena pentolan Anak Wabah bersama kaum pecatan terus framing membodohi. https://t.co/14mmz5F1NZ,anger
@USER Udah turun sih sekarang sebelum perang meletus bahkan lebih dari 3jt tu antam,sadness
Mungkin memang warga +62 tidak terlalu mengerti tentang perang saudara perang pasifik yang paling mengerikan berada di dekat negeri ini perang Bougainville dan pernah ada mereka para BRA.,sadness
@USER dah siap perang....,anger
@USER @USER perang agama ajalah blum tentu masuk surga smua aja ribet amat smua agama benar dan akan masuk surga menurut pengikutnya sdh beribut aja terus kayak persija sma persib wasitnya mui,anger
Iran dakwa sebahagian besar keupayaan peluru berpandunya 'belum digunakan' dalam perang dengan AS #SHGlobal Jeneral Reza Talaei-Nik berkata sebahagian besar keupayaan peluru berpandu Iran masih belum digunakan #SinarHarian #global #perang #Iran #AS #Israel,sadness
#BBCA sudah dari desember 2025 sebelum ada perang blablabla... saya sudah ingatkan di posisi ini.. #indonesia sekarang dengarkan dan follow akun saya saya kasih insight yang belum orang pernah kasih... https://t.co/BUkKJaPGoX,anger
@USER MENHAN KONOHA KEMANA . . KAPAL PERANG ITU LEWAT SUDAH BAYAR KARCIS MASUK KAH .. KONOHA KAN DI KENAL SBG NEGRI SARANG PENYAMUN ADA DUIT URUSAN LANCAR https://t.co/9PUdbyzgmG,love
genosida umat Islam dan yahudi di Andalusia tahun 1300-an sampai 1500-an mgk sekitar 2 jutaan Umat Muslim terbunuh oleh Katolik. Inkuisisi berdarah yang diajarkan Injil Perang salib pertama dipicu Paus Urbanus II pada 27 Nov 1095.Banyak Muslim terbunuh belum perang timur tengah,sadness
@USER genosida umat Islam dan yahudi di Andalusia tahun 1300-an sampai 1500-an mgk sekitar 2 jutaan Umat Muslim terbunuh oleh Katolik. Inkuisisi berdarah yang diajarkan Injil Perang salib pertama dipicu Paus Urbanus II pada 27 Nov 1095.Banyak Muslim terbunuh belum perang timur tengah,fear
pembebasan termasuk perang di jalan Allah ). Terjemahan fitnah sebagai penindasan dibenarkan karena istilah ini digunakan untuk semua bentuk gangguan yang dapat menyesatkan manusia dan membuatnya kehilangan nilai-nilai spiritual (Lisan al- Arab). ¹⁶⁹. Rujukan pada,sadness
vote di mnet+ berasa perang ajg ,sadness
Kenapa kalo pas tidur siang mimpinya tuh aneh-aneh kalo gak kematian perang dan bencana,sadness
@USER Mending semua pejabat kirim ke gaza aja biar ngrasain perang... negara biar rakuat aja yg kelola...,anger
Iran udah loyo ukhti akhi. klo masih punya stock duit &amp; senjata ngapain presidennya ngemis² ke garda revolusi minta perang berhenti. ,anger
Rakyat Palestin mengundi dalam Pilihan Raya Perbandaran pertama sejak perang Gaza #BHdunia Pilihan raya itu berlangsung dalam keadaan pilihan calon yang terhad dan ramai rakyat dilihat kecewa dengan situasi semasa. https://t.co/V9Ijn4jtmZ,happy
@USER @USER @USER SG ga bisa bikin senjata sendiri. Indonesia bisa bikin kapal perang nanti KAAN PT PAL dan PT DI udah matang. Coba lihat UAE dan negara teluk punya manan canggih barat cuma buat pajangan untuk dihantam rudal buatan Iran. Kita bisa upgrade roket RX jadi rudal balistik btw,love
@USER @USER Jd kemaren perang yg menang siapa ya dej,anger
@USER @USER @USER Pemberontakan tentu ada seperti pada Perang Tondano I dan Perang Tondano II tetapi Minahasa cepat dinetralisir karena adanya juga conflicts of interest antara para ukung maupun antara para sub-suku.,anger
@USER okeee aku sama igoy tungguin kamu di medan perang.,love
Diplomasi Gagal Perang Sampai Kapan? https://t.co/ns981QsnHB via @USER,sadness
ini kok gak nyambung ya. kalian ini yang apa2 dikaitkan jadi perang gender apa ga pernah bersosialiasasi sih? kayak orang yang tau hidup dalam sosmed doang. kayak kaitan hidup ga ada pertimbangan lain misalnya faktor ekonomi kek semua nyambungnya ke gender. astagaaa gusti.,anger
@USER itu cm kek tes fisik doang bjir kek anggaplah olahraga bukan kek perang mau masuk tni wkwkwk,anger
GUYS ini bukan drama biasa. Ini perang dalam di Kemenkeu yang bikin negeri kita sakit beneran Bocoran kas negara cuma 3 minggu 40 perusahaan China under-invoicing + diduga ada oknum dalam yang lindungin Menteri tanda tangan e-sign kebijakan yang dia sendiri baru tau,sadness
TNI menggelar latihan operasi gabungan (Latopslagab) di perairan Karimun Jawa dengan melibatkan kekuatan besar dari matra laut dan udara. Sebanyak 20 Kapal Perang Republik Indonesia (KRI) dan jet tempur F-16 dikerahkan dalam skenario tempur modern. Dalam latihan ini TNI https://t.co/SPEdLW4xsA,fear
Mungkin Amerika Serikat sudah mengantisipasi untuk mengawasi 3.000 kontainer milik Iran yang akan dikirim via darat dari Pakistan yang diduga berisi amunisi perang/militer. Blokade laut udara darat oleh Amerika terhadap Iran akan membuat Iran menyerah.,sadness
@USER Salah siapa? Ya rasanya salah kokowi kaka. Wong perang iran vs us juga salah kokowi.,sadness
@USER @USER @USER Iya bang benar emang lbh oke afgan kok dr indonesia di afgan mah cwokk cwoknya jd taliban perang mati sahid di indonesia mah rebahan main x yaping di afgan mah perang laki banget disini cewek mah wara wiri ke mall kmnamna di afgan mah di atur bang pokoknya mah enak di afgan,love
Minyak g naik banyak karena perang setelah itu banyak pabrik yang meledak dalam bulan ini sebuah kebetulan wow jika anda berfikir itu sebuah kebetulan anda sangat luar biasa jadi kita akan dipaksa lockdown part 2 akibat krisis minyak,happy
Di Jakarta saat fajar Wakil Duta Besar 🇦🇺 Gita Kamath bergabung dengan anggota angkatan bersenjata 🇦🇺 🇳🇿 &amp; 🇮🇩 untuk upacara #AnzacDay memperingati personel militer 🇦🇺 &amp; 🇳🇿 yang telah bertugas di masa damai dan perang. #LestWeForget. https://t.co/T3wuL7hOvq,sadness
di twitter lg gemes2an di ig kyknya bentar lg bakal ada perang,sadness
@USER asik mulai pada perang sendiri2 ,anger
Di Jakarta saat fajar Wakil Duta Besar 🇦🇺 Gita Kamath bergabung dengan anggota angkatan bersenjata 🇦🇺 🇳🇿 &amp; 🇮🇩 untuk upacara #AnzacDay memperingati personel militer 🇦🇺 &amp; 🇳🇿 yang telah bertugas di masa damai dan perang. #LestWeForget. https://t.co/rQY077hrmQ,sadness
@USER @USER Tapi dia PM yg paling banyak perang. Netanyahu+Trump itu kombinasi yg mematikan,anger
@USER Loh dia jauh lebih munafik lho Menaikan harga ehem alih alih perang,sadness
@USER Iyaa aku semangat sambil ga sabar gesa perang sama efendi,love
● TRUMP Mungkin Akan Menanggung Konsekuensi Lebih Besar Dalam Perang Dengan Iran Menurut Senator Chris Murphy Penolakan Trump Untuk Mengakhiri Perang Akan Memperkuat Kendali Iran Atas Selat Hormuz dan Mempertahankan Harga Energi. https://t.co/FBB5aHxqrG,sadness
Pak Pur bisa bicara apa saja tentang ekonomi. Tetapi ia hanya tidak mampu menjaga kurs rupiah. Lalu perang Asia Barat dijadikan alasan padahal negeri jiran mata uangnya kokoh. Ayo Pak beresi kemelut!,sadness
@USER Waktu bangun berasa lagi di zona perang mungkin saya masih trauma,fear
Lokasi persembunyian pejabat Israel selama perang berlangsung.,anger
@USER @USER Hahaha bayangin aldi taher masuk ke dunia naruto kykny pas perang dia bakal bilang kyk gitu deh,love
@USER Pasti itu lagi perang batin ma logika otak. Isinya ini klo ku pegang tangannya boleh ga si? Ini kalo ku cium brutal aman kan ya? ,anger
https://t.co/CBVooWZGjH Kelakuan penjahat terkutuk musuh manusia waras sedunia. Gara2 pembunuh ini perang dunia 3 bisa terjadi. Lucu dan gilanya ada saja buzzers pendukungnya yg gila dan goblok setengah mati.,sadness
Ini nenek dulu sebelum perang dunia ke 3,sadness
Di masa depan film dokumenter mengenai kegilaan Amerika Serikat dan Israel dalam perang Iran akan sangat epik.,sadness
Itulah sebabnya dia begitu bengis dan gemar melakukan pembantaian terhadap warga Palestina intinya semua ini hanya pelampiasan akibat sakit yang selama ini dirasakannya. Kendati demikian saat perang berlangsung dia lebih memilih untuk bersembunyi ke dalam bunker yang terletak https://t.co/9ZDxNLnUms,sadness
Indonesia Kutuk Keras Israel atas Gugurnya Praka Rico Pramudia Anggap sebagai Kejahatan Perang https://t.co/15vXp9VxST,sadness
Breaking !! Penumpukan terbesar Armada Perang AS sejak Perang Irak sekarang sedang berlangsung di Timur Tengah AS bersiap untuk putaran perang lagi dengan Iran Kemarin 25 pesawat pengisi bahan bakar dan pesawat angkut militer AS mendarat di Tel Aviv https://t.co/o30fsEenBZ,anger
mari perang dengan laporan bulanan akhir ,anger
Inilah alasan mengapa Iran begitu optimis untuk menghadapi skenario perang berikutnya selama 40 hari bertempur melawan koalisi AS dan zionis belum banyak stok rudal yang dikerahkan oleh Iran namun hasilnya mampu membuat AS kedodoran. Pada perang sebelumnya Iran hanya https://t.co/BpSSVPpVj0,anger
Mendengar dan menyerap banyak cerita luar tanpa rasa kritis jg bikin kita disetir emosi dan populasi. Contoh : membaca hoax di medsos ikut perang gender. Tolong ya udah tua. Sukanya kok dikasih makan informasi kalau salah kita ikut luruskan.,anger
@USER W punya kawan org lebanon dia crita hidupnya skrg ketar ketir mau pergi dri negaranya jg gimna soalnya kluarga di sna. Hidup berat tabungan lama2 terkuras akibat perang pdhl sm lokasi perang lumayan jauh. Gaji dia 12jt/bulan ttp g bikin dia secure,sadness
@USER Nah ini kalo hobi perang beda lagi nih wak,fear
@USER @USER @USER Taiwan juga malah buku panduan menghadapi perang DRI pemerintah aj udah disebar DRI Thun kemarin,anger
@USER @USER @USER @USER @USER @USER @USER @USER @USER @USER @USER @USER @USER @USER @USER @USER @USER @USER @USER @USER @USER @USER @USER @USER Mgkn maksudnya nafsu wikwiknya yg besar soale tiap ada rampasan perang maka 32 tawanan wanita harus disisihkan sebagai JATAH TAIHAN utk memenuhi aspirasi urusan Selangkangan doi.. Saat disalif mewek minta ditemenin Bapanya giliran ada rampasan wanita.. GAGAH PERKOSA doi https://t.co/WDZCbsPRla,love
@USER @USER pencatatan jaman itu mostly pakai daun palem jd banyak yg rusak krn perang dan usia pencatatan di batu (prasasti) rata-rata untuk kerajaan fyi banyak jg catatan sejarah kita yg dibawa ke belanda ,love
Senang bergabung dengan keluarga tentara 🇦🇺 yang gugur di 🇮🇩 timur &amp; tamu lainnya di upacara #ANZACDay di Ambon di mana 1.000+ 🇦🇺personil dibaringkan selama Perang Dunia II. Saya menghormati anggota ADF yang terus menghadapi situasi berbahaya di seluruh dunia. #LestWeForget https://t.co/2aQfhdCi5a,anger
@USER @USER @USER Lebih beban hinata ga sih yg cuma modal naruto-kun trs jadi layang2 pein eh habis itu diobatin sakura bahkan pas perang ada mayat neji di depannya eh malah cuma mikirin naruto,happy
Si KB 1 M itu siapa sih.. Dikira jalanan serdam punya dia kah. Dikira di sabtu pagi yg hujan ini cuman dia kah yg terburu buru... Sagala pake pengawas kah pengawal tadi. Kelasonnya pun melebihi ambulan.. Bukan juga pegi perang.. sabar sabar. Jalan juga lagi ng rame pun.,sadness
@USER @USER @USER Laki yg di TKP aja malah pada bentak si korban wkwkwk. Di Twitter bukannya speak up malah mancing perang gender.,anger
@USER Anda mengatakan anda yang menghentikan perang itu adalah kebohongan. Justru anda yang memulai perang ilegal anda,anger
Belum sehari toky didunia tapi lu udh menciptakan perang antar mascot,anger
@USER @USER karena ingin menjalankan bebas aktif SE aktif. Aktifnya tentara kembali jadi korban Israel yg justru dilindungi lua biasa semoga saja ga lanjut lagi 2 periode atau jangan ada lagi presiden tanpa wawasan kenegaraan hanya tau wawasan perang karena ga ada lagi,anger
@USER Bojan bilang tekanan ada di lawan cuma psywar kawan2 ya itu perang urat saraf ,anger
Perumpamaannya kurang tepat... Pertumbuhan &gt; 5% iyu bukan perkara gelas setengah penuh dalam situasi diujung perang dunia yg mengembargo supply chain semua negara yg msh bisa tumbuh adlh neg tangguh... Hanya kesombingan yg tak mau mengakuinya atau blm mendpkan kue pertumbuhan,anger
Lanjut Perang atau Damai Iran https://t.co/JIcWlJY9FE,sadness
Sekarang kita ga lagi perang senjata tapi perang ekonomi ideologi dan pemikiran.,sadness
@USER Ceplos ceplos buat-buat buta bisu pekak pulak panglima perang @USER rentung kena bakar. Masa pemilihan jilat kemain Naratif gagal menembusi audiens ke? @USER @USER @USER @USER @USER @USER Dato @USER @USER https://t.co/AvnjLRygNX,love
@USER Ngapain latihan perang dari mulai masuk sampai jadi tentara! Klo Cuma hanya ngurusin koperasi!! Jadi Indonesia Bubar...,anger
murid ranking 35/36 ditanya cita-cita: kau mau jadi apa? apa cita2mu? tentara pak TNI ya belajarlah kau jd tentara kan ga kuat fisik aja hrus pintar juga to? hitung jarak susun strategi. klo pelajaran pun gk bisa kek mana mau perang kena tembak lngsung mati nanti gitu? ,anger
@USER Kadrun bilang Amerika udah kalah perang. Kadrun bilang AL Amerika udah diusir,anger
@USER Rest in peace. Gak ada rencana penarikan pasukan TNI dari UNIFIL kah? Lebanon sedang dlm zona perang gak ada lagi zona Blue Line.,anger
@USER Selama ini tak satu pelurupun meledak di negara akibat perang kali ini siap2 dibumihanguskan,anger
@USER Dalam ilmu pertempuran ini perang dalam kota. Bertempur dari gedung ke gedung dengan berakhir lambaikan bendera putih. Alias perang dgn sasaran proxy. Tabik !!,happy
PBB: Perang Iran vs AS-Israel Ancam 30 Juta Orang Jatuh Miskin #kelaparan #KonflikGlobal #PerangIran #popularitascom ==================== Follow us on: Facebook: https://t.co/mxaH3WD9pO instagram: https://t.co/g5PyQGt7Nw X: https://t.co/gWar2ZfoZp tik... https://t.co/hez2QdLpKO,anger
@USER Kalo dikasih terus bisa perang dunia ke 4 bang dirumah,happy
@USER Ilmu perang sun tzu kah ini wkwowkkw menang tanpa berperang,happy
Perang saudara awokawok,sadness
Oh god.... Dah mulai aja ya kuliah pembekalan KKN-T IPB nya... Perasaan baru kemaren denger MC ngomong WOW WOW WOW TRIDHATA BRATASENA..... keknya baru kemaren deh gw ikut perang yel yel as anak Pramudya si biru yang selalu di depan itu... https://t.co/CtMUn21KQn,anger
@USER @USER @USER Satu aja indikasinya ayo kita taruhan bisa nggak Amerika kuasai selat Hormuz itu aja dulu ? Kalo deal kita taruhan berapa ? Mumpung belum perang kita deal aja dulu gimana mau nggak ?,love
@USER @USER Perang AI,anger
@USER @USER Dewi perang?,love
@USER @USER @USER Sekarang Iran tinggal main kan waktu saja makin lama perang as dan Israel makin kelimpungan kehabisan amunisi mau berhenti perang malu mau lanjutkan rugi besar ini seperti buah simalakama ,anger
Perang dunia kelima nih,sadness
@USER Kapal perang AS patroli di Belawan. Terus menlu bilang biasa. Oh jadi klo kapal perang AS patroli di wilayah Indonesia itu biasa ya ? ,anger
Pada #AnzacDay di Balikpapan saya bergabung dg veteran &amp; warga 🇦🇺 setempat utk menghormati mereka yg telah mengabdi bagi 🇦🇺 dalam perang konflik &amp; misi pemeliharaan perdamaian. 229 warga 🇦🇺 gugur dlm pertempuran Operasi Borneo Ketiga pada Juli 1945. Jangan sampai kita lupa. https://t.co/mil3nH9ddf,sadness
Gengs setelah gagal dalam perundingan pertama Iran dan Amerika sebenarnya dijadwalkan akan kembali bertemu dan berunding untuk mengakhiri perang. Tetapi ternyata ini juga dibatalkan. Sepertinya perang ini bakal lama. Apa kabar harga minyak? ,sadness
@USER Wibu pasca covid gabakal ngerasain seberapa serunya perang waifu dulu (gw tim chitoge btw),happy
Padahal beberapa minggu lalu berita soal perang mencuat banget. Tapi sekarang nggak kedengeran lagi. Jujur agak ngeri dikit. Kayak ketenangan sebelum badai,fear
@USER @USER @USER Banyak alasan bilang aja takut sama Tendo Pain. Giliran lawan Sasori dipuja-puja itupun jadi boneka chiyo. Di perang jg banyak yg mati katsuyu lu ga guna lebih berguna chakra kyubinya Naruto. Kuchiyose lemot aja bangga Liat noh Kakashi mati tapi dia berguna mau lawan Tendo Pain,fear
@USER Udah biarinin aja Indonesia ingin menjadi polisi Asean mencontoh AS yg sok jd polisi dunia maka alutista dibeli terus jumlah tentara ditambah terus. Kelamaan ga perang tar tuh roda tank pd karatan peluru pd kadaluwarsa kapal selam6 cuma bekerja spt ikan sapu2,anger
@USER @USER @USER Katanya angkatan laut Iran udah hancur eh faktanya biar mau lewat Hormuz aja takut bikin blokade jauh sekali sekitar 200 km lepas pantai Oman emang ini yg Iran tunggu tunggu perang lagi kemarin aja coba coba mau nyuri uranium di Isfahan gagal total malah hancur hancuran,fear
@USER @USER Sebenarnya gua kasian sama bapak lu udah ngelonte cape² buat biayain lu kalian itu suka playing victim kalau kalah awal dengar berita 9/11 kalian bersorak Sorai kayak menang perang gitu giliran sekarang buatan Amerika-israhell buat memfitnah kaum muslimin ,anger
@USER Israel ini kaya mancing² indonesia utk marah berontak jd perang jg...sungguh emang biadab ..manusia gada harganya dimata israel,anger
Gimana perasaan Adek kalau mas berangkat perang sambil nyanyi lagu ini buat Adek? @USER https://t.co/keNPFbIzB0,happy
Jadi peristiwa ini: Penangkapan penjahat perang Suriah yang videonya sempet bikin geger dunia. Ini bukti preman yang dipake negara buat bunuh rakyat akhirnya ketangkep juga.,anger
@USER Perang salib aja ratusan tahun gak merubah legitimasi Al-Aqsa eh arjuna pesek bikin narasi halu..wkwk,happy
@USER @USER Ini butuh peran serta negara. Seperti kasus India menekan negara Kamboja buat melepaskan warganya yang dipake sebagai alat penghasil perjudian. Negara India mengancam dan meminta untuk ada penangkapan besar-besaran kalau tidak mau perang terjadi. Hasilnya Kamboja ngeper &amp; nurut,anger
@USER Parlemen tapi isinya kek mw perang semua ,anger
Clair de lune l. 32 will always have a place in my heart smbil bayangin idup di jaman perang,fear
Jangankan menebas melihat mereka saja warga desa tidak mampu. Seluruh perapal mantra di desa tersebut akhirnya berkumpul. Mereka membentuk pasukan sihir untuk menghadapi perang astral. Pasukan tersebut dipimpin oleh seorang pertapa yang bernama Zephyr Sorolix.,sadness
Ketika bom atom dijatuhkan bukan hanya manusia yang jadi korban. Kucing-kucing di Hiroshima &amp; Nagasaki ikut mengalami panas ekstrem radiasi kelaparan dan kehilangan pemilik. Tragedi perang sering melupakan mereka yang tak punya suara.,sadness
@USER Jangan baper bos sudah ada yg ngurus. Hampir semua negara bergejolak karena faktor perang timur tengah jantung minyak dunia. Tiap negara berbeda-beda masalah ekonomi nya.,anger
Retorika Perang AS Tak Lagi Berkelas Kini Terasa Murahan! https://t.co/tpINIj7cDc,sadness
@USER Sudah seharusnya tentara Fokus perang tiap harinya bukan pertanian. Sudah ada petani. MBG juga seharusnya biar diurus bgn saja tidak ormas ormas atau yayasan institusi lain. Jangan sampai kalonperang kalahan,anger
Sebanyak 77% warga AS menyalahkan Presiden Donald Trump atas lonjakan harga bahan bakar imbas perang di Timur Tengah. Konflik geopolitik ini menyebabkan harga minyak dunia menembus US$ 100 per barel. Simak berita selengkapnya di https://t.co/KR6X4XLy2C BeritaSatu TV YouTube https://t.co/qGuWPPnHKN,anger
@USER @USER Sebenarnya doi org mana sich kemarin viralbngaku l telponan sama kakaknya yg Raja UEA tanya perang Iran bangga dong saya presiden7🇮🇩 keluarga rajaArab eh sekarang ngaku orang kampung jangan bohong pak sebenarnya Bpk kel raja Arab apa org kampung boong dosa lho gak takut dosa?,fear
@USER @USER @USER @USER @USER @USER @USER @USER @USER @USER @USER @USER Harga khusus perang maksudnya... ,love
secara mudah menuju titik kumpul untuk serangan lanjutan. Penempatan clue di hud ini bagian dari navigasi yg org tidak akan dapati di so - called simulasi perang dalam bentuk digital . 7. Konsekuensi saat menerjang threshold altitude tertentu sehingga manpads case,sadness
@USER lol sekali sekala perang apa salahnya us dah patut lama buat ini..us tak patut even negotiate just block hormuz unless boleh buka hormuz ke prewar level terus block even patut torpedoe satu kapal yg cuba menyelinap sebagai amaran,anger
Mau cerita kebaikan Allah buat gue Ini rabu kemaren awal perang dingin gue dgn ibu ibu gue nyuru sesuatu yg menurut gue gak masuk di logika gue dia cuma yakinin gue percaya sama Allah nanti ada rezekinya . Gue menentang dilogika gue semua harus ada aksi nyata dulu bukan https://t.co/gLlBpyHRhc,fear
@USER Kocak kemarin viral telponan sama kakaknya raja UEA masalah perang Iran bangga saya🇮🇩presiden7 ngaku keluarga raja Arab kok sekarang ngakunya Orang Kampung pak jangan bohong sebenarnya bpk kel rajaArab atau org kampung bohong dosa lho gak takut sama dosa nya pak? ‍️‍️‍️,anger
Cari pasangan yang bisa kamu ajak diskusi manajemen resiko bukan yang cuma mau diskusi liburan kemana. Hidup ini perang pastikan pendamping hidupmu kelak tahu manajemen resolusi konflik dan ahli strategi perang.,anger
Iblis andalkan Perang. Yesus andalkan Kasih. Kasih menang. Lihat video Hotman Vomby Sihombing! #TikTok https://t.co/F1Ntd8Ohvl,happy
@USER Haha malah perang,anger
@USER Perang budaya yang tidak pantas bagi masyarakat modern.. lebih nyaman pakai mobil Tesla keliling Gaza Israel Ukraina Iran sampai seluruh jalan di benua Eropa Asia Amerika Australia,anger
@USER Mas jangan lewat depok dlu ya ada perang @USER tolong di koordinasi negaranya @USER,anger
Ancaman Perang Baru Trump Mau Jatuhkan Bom Tarif ke Inggris https://t.co/xPIQvAJtX9,sadness
@USER Bodohnya mereka diundang ke Medan perang dengan modal hanya pengin dapat rumah yg bisa dibom kapan saja,love
Omed-Omedan Bali: Tradisi Perang Ciuman yang Ternyata Bukan Sekadar Permainan https://t.co/09R2ORnmn7 #mitrapalupi,sadness
@USER @USER salah kita punya prabowo. inisiator MBG kita fokus MBG aja lumayan 6jt sehari. gak urus perang soal minyam kita percayakan saja ke kanda bahlil hidupp jokowiii,anger
Setelah 20an episode baru terasa seru dan menegangkannya terutama soal kejar2an identitas antara Changyu dan Xie Zheng di medan perang. Cina emang rajanya bikin film dgn latar perang kolosal Skalanya besar dan strateginya gak abis2.,happy
@USER @USER iya bener kalo mau perang kalian aja kami lagi fokus MBG lumayan 6jt sehari. hidupp jokowiii,anger
@USER Walau tingkahnya kek gitu tni ada manfaatnya juga loh. Misal ada perang mereka yang lebih dulu ngelindungi masyarakat. Beda lagi sama si abu abu gelap yang itu..,fear
@USER @USER Muak bgt sbnrnya dg kata2 itu. Iya kalo keduanya beneran sadar utk ttp bareng demi anak keluarga dijaga biar ttp harmonis. Lah kalo tiap hari cuma jd medan perang dingin ato panas huru-hara membara krn saling caci maki? Anaknya broken home anjir.,fear
udah apa perang nya trump cowo w jadi ga kerja anj material bahan mentah nya abis cokkk,happy
@USER Justru enak malah diskon gede gitu apalagi saham bank gabakal mungkin ancur sebelum perang dunia.,anger
Udhn dulu please perang dunianya aku mau keliling dunia dulu️,sadness
Yasin Malaysia jatuh ketika biaya hidup naik JOhnson dan TRuz di Inggris juga sama. Eropa barat menjauh dari aMRIK juga khawatir ada jurang krisis ekonomi energi. Ditambah lagi abad 21 ada trend sosial kemanusiaan dunia yang membenci kekejaman perang dan empati kelaparan,fear
Welldone Iran Perlakukan dengan baik negara yang berkelakuan baik negara yang menentang ajakan perang USA dan Israel,anger
@USER Negara suka perang itu Israel dan Amerika Bro Afghanistan berperang karena diperangi Bro Jika diperangi ya Harus Melawan Bro,love
Iran Ungguli AS dalam Perang Propaganda AI Konten Viral Capai Miliaran Tayangan https://t.co/iFyKWclFP6 lewat @USER News https://t.co/MqgAVS84jz,sadness
@USER @USER ada teori mereka ini keturunan dari viking invader tanah britania dan eropa kala itu yang akhirnya mereka asimilasi dengan british people asal mulai perang salib kan jg dipengaruhi budaya viking penjajahan Inggris pendirian Israel. zulqarnain yang memiliki 2 tanduk https://t.co/a5fb5f9UrC,anger
@USER Gak ada perang makanya setiap bulan ada aja berita TNI melakukan tindak kriminal,anger
10 syarat gencatan senjata tdk ada 1 pun yg menyatakan kemerdekaan Palestina menyinggung hak2 palestina sedikit pun tidak. Jd perang selama ini yg di gembar gemborkan sama buzzer iran apa katanya utk kemerdekaan palestina ternyata kalian kena prank syiah. Syiah kok di percaya https://t.co/ySsNZZrHh8,anger
KOLUM | Perang jadikan Iran kuasa dunia https://t.co/9P9Ansg3mn,sadness
It may make anxious LORD SANA NGA DI KO NA LANG NAKITA bat kasi di nya pa ako iunfriend noon pa... LORD PERO PLEASE IBALIK YUNG PERANG NAWALA SA AKIN LORD. PERO AFTER A WEEK IF WALA PA RIN OKAY I UNDERSTAND GANON SYA KA WALANG ACCOUNTABILITY,anger
@USER @USER Kan memang begitu lho kalau memang mau memenangkan politik salah satunya harus memangkan suara masa lho kalau sudah di himpun rakyat kan bisa di gunakan si pengguna tsb entah di ajak perang dll salah satu cara untuk menjadi top puncak raja kan dia harus punya legitimasi,love
@USER sinong tao kayong mga trolls lang ang nag debunk pero no bearing at all. Saan galing ang bilyones na pumasok at saan dinala ang inilabas - simpleng explanation kung lahat ng bank txn ang baseham sure baka aabot ng 10b yan. kung madaming perang pumasok bakit 0 sa saln,love
Gak cuma istri dituntut taat suami kita suami juga mesti taat istri. Perang dunia batal kalo prinsipnya spt ini.,sadness
Setiap tahun pada tgl 25 April 🇦🇺🇳🇿bergabung utk memperingati #AnzacDay utk mengenang mereka yg telah mengabdi kepada bangsa kami dalam semua perang konflik &amp; operasi pemeliharaan perdamaian. Kami menghormati pengabdian &amp; pengorbanan mereka. #JanganSampaiKitaLupa #IKAHAN15years https://t.co/5Pxci6EK0b,sadness
Walaupun negeri melaka melambangkan pesatnya laluan selat melaka sebagai laluan strategik perdagangan dunia. Kita kena sedia bila perang iran 🇮🇷 dan usa 🇺🇸 bermula fasa kedua di asia barat / middle east region Banyak lagi fasiliti strategik di timur tengah akan dimusnahkan,sadness
 CFTC vs New York: Perang Regulasi Prediksi Pasar Masuk Babak Baru Konflik regulator AS dengan negara bagian New York soal prediksi pasar crypto memanas mencerminkan ketegangan global antara inovasi DeFi dan kontrol. https://t.co/enFtTtC9wk #Web3 #Blockchain https://t.co/2KYt22mliW,anger
Pada 1 Mei 2026 penentu masa depan perang Trump terhadap Iran #shorts https://t.co/95FTFUb1ky via @USER,sadness
Bantu PKS serap tekanan kos akibat krisis harga bahan api #BHnasional Gelombang gangguan akibat perang sudah sampai ke pintu ekonomi negara https://t.co/gFfkXLpNYL,sadness
Ahmad-Reza Radan kepala polisi rezim menyebut pembantaian ribuan warga Iran sebagai perang perkotaan &amp; perang kedua. Dia BANGGA menumpahkan darah mereka. Rezim di Iran bukanlah pemerintah tapi adalah grup teroris pendudukan yang melancarkan perang militer ke warga sipil.,anger
Diajak serang iran bilang netral tapi yg lainnya cendrung pro USA memang perang itu cuma militer,anger
@USER Kalau pemerintah mau stop MBG sebentar aja maka peluang-peluang akibat perang Iran bisa dimanfaatkan Inronesia adalah negara dengan sukber daya alam yang sangat besar. Dana MBG bisa buat bangun pabrik-pabrik yang saat ini hancur akibat perang...,sadness
Ha ha ha ... dia bawa berita DUSTA. Padahal Kebenaran d dusta Tidak bisa bersatu . dia sampaikan DUSTA anak kecil tewas karena perang di LEBANON. Tapi Kebenaran PULUHAN RIBU rakyat Iran yg demo Januari kemarin. dia TIDAK PEDULI . Ampuni dia TUHAN ,anger
Sama persis kek diskursus posisi perempuan sebagai tentara atau keterlibatan dlm perang - PERANG ITU IDEALNYA NGGAK ADA DAN WAJIB DITENTANG LAH GOBLOK bukannya malah diframing sebagai hAK pRogResiF. Kekerasan laki2 thd perempuan masih banyak nggak usah kedistract sama isu tolol,anger
@USER @USER Ini sebenarnya aku pernah baca cuma lupa nama bukunya sebenarnya nabi Muhammad itu entah mendengar atau melihat bangsa Mongol nah zirah perang mereka memang menakutkan seperti monster jumlah mereka sangat banyak tp kan sastra org jaman dulu memang selalu meromantisasi,love
Hoy mga bobong Bisaya at DDS ang pinakaimportanteng tanong na dapat niyo itanong kay Sara para may konting respeto pa kayo sa mga sarili niyo ay ito: Saan galing ang mga bilyones sa mga bank account mo at kung legal ang sources ng mga perang yan bakit wala sila sa SALN mo?,love
perang typo segala,sadness
sentimen~ agama lu x mau cakap~ sebab lu boh faham~ nanti perang~,anger
@USER Yak dalam negeri indon mau perang,love
Wkwkwkwk jadi penasaran yang menang perang ini siapa kalo begini? Apa tetap pak bos satu itu?,happy
@USER @USER GEBLEGGG (gue jg perang lg),anger
Perang Iran versus AS dan Israel hari ini bukanlah perang nuklir. Ini adalah perang pembongkaran sistematis terhadap sebuah negara. Dan Israel bukan Amerika Serikat adalah aktor utamanya. Ada tiga lapis tujuan tersembunyi yang patut dicermati. https://t.co/0FoBydVzYd,sadness
@USER 1967 Israel di kepung 5 negara arab. Dan mereka menganggap dalam perang 6 hari. Bayangkan jika 6 ngera asia mengepung Konoha dan kamu di garda paling depan melawan 5 negara sekaligus dengan jumblah pasukan mu yg terbatas,fear
Dunia pinggirkan Perang Sudan #SHGlobal Krisis kemanusiaan di negara Afrika Utara itu capai tahap kritikal kira-kira 14 juta hilang tempat tinggal #SinarHarian #global #perang #Sudan https://t.co/6f3xxYJE1c,sadness
@USER niat amat ngejelasin dah tau karakter celetukan orang indo itu abu abu bisa ya bisa dongeng lagian mikir juga kali kecuali malaysia dan singapore banyak tingkah kita bisa blok sepihak untuk mereka. mending perang biar dunia di reset kembali yang kaya jadi nol yang miskin nol https://t.co/KIgvSIcDaW,anger
@USER Kerja sama dg bajak laut ? Teroris dan penjahat perang? Itu bomb dan semua amunisi yg buat ngebantai gaza libanon dan Iran dari mana kalau bukan amerika ...? Istighfar Pak kalau anda Muslim brp lama lg sih umur di dunia..,anger
🇺🇸 Apakah Anda khawatir tentang perdagangan orang dalam (insider trading) yang dilakukan putra Trump di pasar prediksi terkait perang ini? TRUMP: Dunia ini adalah sebuah kasino. Apa mau dikata memang begitulah kenyataannya. https://t.co/Jd2E6NskQz,fear
Kami turut berdukacita mendalam atas gugurnya(lagi) prajurit Indonesia ; Praka Rico Pramudia anggota @USER krn serangan Israel di Libanon. Mestinya PBB segera jatuhkan sanksi thd Israel yg lakukan kejahatan perang dg serangan mematikan thd pasukan penjaga perdamaian PBB itu.,anger
Rakyat Rusia ikut G20 lebih di untungkan daripada di Brics. kerugian Rusia akibat di blok Amerika dan Eropa Krn perang Ukraina. @USER @USER @USER @USER @USER @USER @USER @USER @USER @USER https://t.co/PC8rFmI56g,love
@USER @USER jembut malaysia sekutu inggris singapur tempat naro duit orang2 kaya ga perlu ngapa2in pasti dilindungin indonesia non blok jadi bebas mau kemane aje yg penting bisa bikin aman dikondisi perang,happy
@USER Agenda pekanan Twitter/X : Perang Gender ,happy
The Guardian: Masalah terbesar Washington adalah Iran tidak merasa perlu untuk memberikan konsesi dan Trump mendapati dirinya terjebak di antara melanjutkan perang yang mahal atau bernegosiasi dengan hasil yang tidak berarti. AS telah gagal memaksa Iran menyerah melalui https://t.co/ovvG7DDrAk,sadness
@USER More than enough sa mga gunggong na mga bayaran sa kongreso pero pagdating sa senado basura ang mga yan. At wala ng male-maletang perang pambayad si Tambaloslos dahil frozen na ang mga bank accounts assets at insurance policies nya. Wala ng boboto sa plenary. Gabaan. ,love
@USER Beginilah nasib anak broken home mamah gonta ganti paph ikut perang gak balik balik.,anger
@USER keadaan dunia si lebih tepat nya nder kita bener bener ada di akhir zaman tanda tanda nya udh makin banyak apalagi skrg perang waduhhh kuatin iman kalian masing masing,anger
@USER @USER di SG kondisi nya gimana ka? ini emg dunia ya gk baik baik aja karna efek perang,anger
# Gawat! Jangan-Jangan Terjadi Perang Dunia Ketiga Ketegangan global kembali meningkat konflik di berbagai wilayah semakin terbuka dan wacana tentang kemungkinan perang besar mulai sering terdengar. Simak Selengkapnya: https://t.co/iZ2rBSI9RL https://t.co/URaqFJVize,fear
@USER @USER see tetap konteksnya perang. gue bisa membunuh orang yg menyerang gue dan mau memperkosa anak gue agama lo gak ngebolehin gue membunuh orang yg mau memperkosa anak gue mkanya agama lo agama FAILED gak sesuai hukum TORAH AWOKOKWOKOK,anger
@USER Halah Jenderal jaman sudah merdeka paling 99% dari kalian cuma perang di Tim Tim Aceh dan Papua jd pasukan Garuda juga blm tentu kalah sama kakek Pakde bapak q.. Pangkat kecil cuma perwira pertama tapi di makam kan di TMP pahlawan perang melawan penjajah jadi jgn sombong,anger
@USER @USER konteks quran juga perang Tuhan kau tiga gak ada perintah moses nyembah tuhan tiga awokwokwowkok,love
Kalau China takut perang buat aja proxy di Timur Tengah untuk melakukan tindakan ofensif ke Israel.,fear
@USER Amal al Khalil semasa hidupnya katakan bhwa dia mendapat ancaman dibunuh bhkan jauh sebelum perang US-Iran. https://t.co/B3gPrNJuvA,love
@USER Sekilas gw bacanya komedian perang. Efek bangun tidur ,fear
Adanya perang Iran AS yg menyebabkan selat Hormuz ditutup membuat penjualan mobil listrik meningkat tajam dibeberapa negara sprti Australia dan Jepang.Diantara 3 pabrikan(TESLA KIA BYD) coba tebak mana yg paling CUAN,anger
@USER @USER Itu konteks karena perang. Tapi secara spesifik dilarang. Tidak ada perintah untuk diperbolehkan membunuh tidak seperti di alquran yg ada bilang boleh membunuh. Balik ke 10 perintah Allah ini ditulis Tuhan loh kok dikitab anda ga ditulis?,anger
@USER Duit nya buat si ono hasil rugi perang,anger
DUA VISI PERANG DAN KEKUASAAN https://t.co/Z8ydWu2gbP,anger
sehat sehat kak perang sama orang gila gambar kucing ,anger
Penyembahan berhala emang harusndi. hancurkan Serangan terhadap Kaabah bukan oleh Kristen saja banyak nih saya berikan data dari https://t.co/1TTDyJtTrj 5 Peristiwa Sejarah Ka bah Ditutup dari Perang hingga Wabah https://t.co/nxrMPUFR6u,sadness
Morning all baru membangun mimpi gw super duper random anjir masa gw jadi bagian perang dan kena bom ,happy
@USER @USER sumber ? bible kah om ? kitabnya kristod ? yg surganya perang lawan naga dan nyanyi2 gajelas beda banget yaa. di dunia kristod bebas ngapain aja ,happy
@USER Kalo melaporkan sudah best banget seperti jurnalis perang,love
@USER @USER Urgensinya membentuk batalyon sebanyak itu apa ? Mau perang ? Saat ini banyak perwira tanpa meja alias gak punya jabatan. Apakah pembentukan batalyon baru ini untuk mengakomodir para perwira tanpa jabatan itu ? Sdh tau byk perwira non job tp penerima Akmil makin banyak ?,anger
Buti pa ito nagsoli na ng perang ninakaw niya. Eh si BOBOng Revilla sinoli na ba niya ang P124M na pinapasoli sa kanya ng korte ilang taon na? O sadyang makapal lang talaga ang pagmumuka niya? === https://t.co/fKTImMFoxb,sadness
@USER 2) grgr war? Ini mah indo ga bisa antisipasi apa² murni di luar kendali. Selama ada perang RP kita lemah itu udh pasti karna kita masih negara berkembang. 3) grgr ponakan 08 jd direktur BI? Dan ini makin memperparah track record Indonesia blass pokonya.,anger
04:36 WIB ... Waktunya Shalat #Subuh Dan sungguh Allaah telah menolong kamu dalam Perang Badar padahal kamu dalam keadaan lemah. Karena itu bertakwalah kepada Allaah agar kamu mensyukuri Nya. (QS. Ali Imran : Ayat 123) #Qabliyah #Dzikir_Pagi,happy
@USER @USER BIADAB PASUKAN PENJAGA PERDAMAIAN DI LEBANON DARI INDONESIA GUGUR DIBUNUH OLEH PENJAHAT PERANG. RAKYAT INDONESIA BERDUKA DAN MARAH KEPADA MEREKA.,anger
@USER Ancaman ini sama aja dg mereka adalah penjahat perang ngelunjak!,love
@USER Gw mbantah Islam ?? Justru gw mnyampaikan Sejarah Islam Apa Adanya Tanpa Sensor. Kubu Abu bkr n kubu Ali tidak Mufakat utk mnentukan siapa Khalifah pasca Mhmd mati Puncaknya adlh Perang Jamal 656 Aisyah-Putri Abu bkr vs Ali. Elu yg mbantah Sejarah Agamamu sendiri. ,anger
@USER Iya sih ditambah perang jg apa2 makin mahal... Duh gws deh,anger
Bnran lagu perang bjir siapa sangka,sadness
perang lagi yak? Bisa ngga ya? bapak doain adek dari sana ya,sadness
dan sekarang aing sadar buat gak terbawa sejauh nanti nya buat mencegah konflik yg bisa memicu perang Shinobi yang melibatkan TNI sehingga memaksa negara mengirimkan MBG agar tidak kehabisan cakra,happy
@USER Lebih setuju modernisasi alusista sih karena sekarang 1 drone bisa hancurkan 1 markas kalau lihat perang Iran vs Israel.,happy
Australia is THE BEST THING from nuclear attack preparation siapin duit 10-15 miliar untuk satu rumah titik terjauh dari zona Perang Nuklir Asia Indonesia adalah Mercusuar dan Benteng Terakhir counter ICBM Nuklir(jangwe nyasar) first BRAHMOS next PATRIOT AUSTRALIA ENGLAND DOME https://t.co/4BuICB2Vnx,love
faza diup di ig ims kayak mau perang baratayudha,sadness
Gilaaa Orang Indonesia LAGI SEBAR MASSAL DEMAM KETAKUTAN! Masiv BANGAT GERAKAN JATUHKAN PEMERINTAH lewat EKONOMI..! Kalau RI TEGAS dan PERANG WATAK di SELAT MALAKA mk NEGARA yg sdg PERMAINKAN INDONESIA akan LIHAT TARING NISANTARA https://t.co/sjW8s11kzn,anger
@USER @USER Ya benar. Dan itu dinamika yg tidak menjadi landasan fixed karena tidak tercatat dalam kitab suci. Saat dibidatkan malah terjadi perang bukan bekerja sama. Tp nabimu bersahabat dengan yg Anda bilang sempalan.,anger
@USER @USER @USER Dulu aja waktu perang tarif lawan China Amerika yg KO diembargo logam tanah jarang nangis Bombay kenapa demikian Krn 90 persen industri militer dan hight technologi Amerika bergantung ke China kita liat aja nanti Paing juga nangis Bombay lagi,anger
@USER @USER @USER Menurutmu faktanya selama perang seluruh rakyat Iran berbondong bondong dukung rezim malah skrg udah 30 JT rakyat Iran siap jadi wajib militer dan udah mendaftarkan diri ini bukti kecintaan mrk ke rezim ,anger
@USER @USER @USER Dia hanya menunggu aja sampai tgl 1 mei nanti Amerika skrg panik sendiri waktu makin mepet smtr semua tujuan perang gagal semua,love
@USER @USER @USER Harga naik itu bukan cuma faktor pemerintah. Ada global. Harga energi dan pangan dunia memang lagi naik. semoga aja kelar itu main perang perangannya,anger
@USER lah dia yg mulai perang kurang ajar,love
perang batin lagi kalau diputusin nanti aku gimana kalau ngga diputusin makan ati terus,anger
@USER Kenapa tentara ngurusin kebakaran ya? Ada jg tentara disuruh nanam2 ada jg yg jd tukang masak.. Latihan pak.. kalo ada perang kan ga akan urus kebakaran..,anger
@USER Biarin aja...xrpd gak ada kerjaan. Maju ke medan perang? Kan enggak ada perang. Lagian kalo jd damkar mungkin akan lebih HUMANIS dan jadi multi talenta. Bisa nolongin nyelametin kucing nolongin orang ambil kunci yg kecebur got nangkep uler nerima curhatan rakyat dll,anger
@USER @USER ya sama2 menguntungkan dan sama2 ga ada yg perlu di permasalahkan. berbeda itu bukti bahwa kita hidup berdampingan dengan orang lain. Bukan syarat untuk malah menjadi perselisihan sampai saling menyerang. kalau kaya gitu beda warna kulit dkit bisa perang nanti.,fear
@USER ekonomi perang pemerintah indon yg gjls bikin badmood shibal,anger
#BrothersUnderFire (Highland/2026) sut Justin Chadwick. Peleton dpp Kapt Jordan veteran perang Suriah pulang ke AS. Anggotanya Alberto menikahi Isabella di Meksiko. Bentrok dg kartel. Pecah perang lokal melawan puluhan preman. Skrip n gaya tutur gampangan ala wildwest modern https://t.co/Sh0EMRjUMt,sadness
Akun ini tl nya masih aktif ngomongin politik indonesia keadaan rupiah yang makin ancur dan perang. Idup gue di akun sebelah bener-bener isinya bangtan aja kaya damai aman sentosa. Balik kesini puyeng lagi inget kenyataan,anger
@USER Wihhh Perang dunia ketiga nih padahal terkenal banget si cetang biru itu,happy
Ketemu org yg bisa diajak ngobrol dari receh sampe ke perang dunia ketiga,happy
@USER Dikanaan mula2 ada bangsa Phillistine yg diperangi Israel utk dikuasai tanahnya. Krn kalah perang suku suku aslinya ngikut membaur ada yg jatuh cinta nikah beranak pinak walaupun saat itu Allah melarang krn Allah tau bakal tergoda ikut paganisme tnyata benar &amp; terjadi,love
seperti perang di kepala lagiiii,sadness
Dikritik Pangeran Harry soal Perang Ukraina Trump: Dia Tak Mewakili Inggris https://t.co/cY7ucrMMET,sadness
Pikiranku perang setiap hari ,sadness
@USER Gibran wapres sudah mempunyai program Coding AI Asimetris infra merah Hidup @USER Kalau amarika punya kapal perang nuklir Indonesia punya kapal perang Biodesel,anger
Netanyahu mengungkap perawatan kanker prostat stadium awal saat Israel masih menghadapi tekanan perang dan sorotan atas transparansi kesehatannya. https://t.co/CzOxVX7qvE,sadness
@USER waktu KKN kah ini? Asli yakin gw langsung absurd si cowo langsung tiap denger suara si cewek yg dia mau langsung panas dan pengen sendiri mulu. Kocak bener nt nt Dann selama balik ke kampus pasti perang sama pikirannya sendiri,anger
PERANG ANTAR ROBOT YG MENGHANCURKAN BUMI | Alur Film Nine (2009),anger
Perang dunia ke 3 aja deh udah ga tau progresnya smpai mna ini https://t.co/PjYR5W5eUX,sadness
@USER Sebelum menyalahkan asap permasalahkan dulu apinya. Dan sebelum bicara UNCLOS bicara dulu tentang Piagam PBB atau mundur ke belakang Piagam Den Haag 1907 tentang perang. Apakah Iran harus diam saja setelah 47 tahun dicekik AS lalu diserang tanpa deklarasi perang dengan,anger
Sebagai survivor perang besar lovelive vs imas dan vs bangdream. This is valid,sadness
@USER @USER @USER Akhirnya utk menyelesaikan perang suksesi tsb VOC mempertemukan 3 pihak yang bertikai dalam sebuah perjanjian yg disebut perjanjian Giyanti. Yaitu membagi wilayah Mataram Kartasura menjadi 3 (Palihan Nagari) Kasunanan Surakarta Kasultanan Yogyakarta Kadipaten Mangkunegaran.,happy
@USER Ajaran islam diperbolehkan berbohong dalam 3 hal terutama didalam perang jadi jika Iran kalah menyatakan diri menang itu jadi bahan tertawaan dunia kecuali mereka yang bodoh yang percaya pernyataan propoganda mereka bshwa mereka menang,fear
@USER Langsung perang dunia ke 4 sih Niel,happy
Turut berduka cita. Berhentilah perang ini,sadness
ni kasur dh kek battlefield isinya darah krn abis perang sama nyamuk,sadness
Siapa la buat content kata perang dunia kalau berlaku kawasan ASEAN paling selamat . ,happy
@USER Outflow dari asing soalnya dari msci kmrn trus perang kakek jadi ny asing lebih milih megang usd,anger
-Krisis 1998? itu memang badai global IMF turun tangan. -Pandemi 2020? Semua negara babak belur. Sekarang? rekor nilai rupiah teranjlok sepanjang sejarah republik ini berdiri. Gaada pandemi gaada perang di halaman kita. Tapi rupiah tetap di titik ini yg disalahin tetep asing,anger
@USER Usum perang eg,happy
And if you know top issue global saat ini bakalan lebih overthinking lagi!! Why??? Karna negara kita mostly impor semua hal. So semua issue global bahkan yang bukan karena perang aja harusnya jadi big concern to masing-masing mentri. Banyak lho masalah kita gesss,anger
lebih sayang sama diri sendiri. notice hal baik yg dimiliki diri sendiri kalian tuh ada plusnya masing masing loh. acknowledge itu ! km tuh manusia ada minus pasti ada plus badanya jangan di pakai perang terus. kasih istirahat . https://t.co/JtgSxwtovq,love
@USER @USER Mungkin dia pengen jd wni biar gak kena perang kali,anger
Investasi Anthropic oleh Alphabet menandai babak baru perang AI saat modal cloud dan komputasi menjadi senjata utama industri global modern. https://t.co/I7LJh9x62t,happy
Ini gmna yaa? Kek udh ngeri smua. Appa2 mahal perang juga td gw beli pertalite di eceran udh gak jual ktanyaaa langkaaa.,fear
@USER Your country Boleh sebab on perang kat selat melaka why tf did your president sign that deal with usa???,anger
@USER Kalo bukan utk perang lawan asing ini kayaknya utk mempertahankan diri dari rakyatnya sendiri deh karena tau jumlah rakyat masih jauh lebih besar,anger
gua bersyukur sih punya pacar si el kalo lagi sibuk gini pasti minim ngobrol. gua baru balik jam 12an dini hari paling cepet dia dah tidur pasti. gua berangkat subuh dia masih tidur kadang. kaga kebayang kalo gua pacaran selain sama el bakal perang mulu kali ya? sayang el.,happy
@USER PERANG BGT KAK?,anger
https://t.co/zG1iI3m9TG #video​ #tenismeja​ #pingpong​ #tabletennis​ #olahraga​ #sport​ #pingpong​ #smash​ #spin​ #rajawali​ #ptmrajawali​ #bekasi​ #indonesia​ #iran​ #khamenei​ #israel​ #amerika​ #amerikaserikat​ #perang,sadness
Ternyata emang udah di setting perang jadi lama https://t.co/wln5IzY8B5,sadness
@USER @USER ini lanjutan 10 alasan kenapa lu ga boleh perang ,anger
@USER Smua diajak perang sama anjing benhan,anger
@USER @USER bayangin aja jaman perang china dulu (battle of changping) 400ribu orang dikubur hidup2 harusnya juj majuj dan dajjal bakal bikin kerusakan lebih parah daripada itu ya jauh,anger
@USER FLISHHH AKULAH SI DUTA MEME ITU MARI KITA PERANG MEME https://t.co/WVWnoFYHQh,anger
Sudah eps 20. Pantes episodenya banyak mampir dulu ke Medan perang kejar2an di berbagai lokasi pula Sampai sini mulai apal nama wajah dan nama karakternya yg banyak itu gak cuma ada second lead couple bahkan ada 3rd couple Luar biasa. Penulisnya kepikiran aja bikin plot,anger
Apa gw bikin Poppy War au sekalian deh Su watch Boo defect dari Su Daji krn keluarganya mati pas perang pertama tp Su masih kekeh kalau they're on the right path.,anger
@USER Bokap gua yg veteran perang ng dumel mulu dan geleng2 kepala terus liat kelakuan pejabat militer sekarang,love
Mulai perang strategi emang pas sih Kim/Seo dipecah jadi MD1 &amp; MD2 sama kuat untuk perpanjang nafas let's see apakah MS berhasil dikunci DEN atau KOR bisa rebut karena kalo MD condong ke KOR,happy
Di tahun 2026 ini ada perang USA - Israel vs Iran. Bahan Pokok pada naik terjadi krisis global,happy
krn kalo diterusin ni jd perang dunia beneran broookkkkk ngentoooottt,sadness
@USER Kereen tapi saran gue jangan beli saham yang terkait perang kaya Palantir Raytheon dkk bro itu duitnya dipake buat ngebantu ngebom Palestina &amp; Iran. Cmiiw,love
@USER WKWKWK EYI GAK BISA BGT INII (kebalikan km) beneran gak cocok perang si eyi karna dia boker aja milih-milih tempatnya,anger
Wah nantangin dewa perang modern ni negara radesh UK tu kecill hee ngaca britis peler,sadness
Bayangkan jadi seorang pemegang tombak barisan terdepan. Maju perang bertahan hidup tapi kalah.. Pulang kampung dan meletakkan senjata. Memberi cerita ke anak cucu tentang perang yang agung menutupi kekalahan ,sadness
https://t.co/8VChAhMKzO #video​ #tenismeja​ #pingpong​ #tabletennis​ #olahraga​ #sport​ #pingpong​ #smash​ #spin​ #rajawali​ #ptmrajawali​ #bekasi​ #indonesia​ #iran​ #khamenei​ #israel​ #amerika​ #amerikaserikat​ #perang,sadness
@USER @USER Yaa berarti masa itu kelak terlampau jauh dari masa sekarang bisa ratusan atau ribuan tahun lagi. Kalo back ke zaman batu ya pasti after perang nuklir,fear
dah paling bener taruh di snp500 mo perang sekalipun besoknya langsung ath,sadness
@USER Perang sekarang lebih dominan rudal hipersonik dan sistem senjata pertahanan udara dengan rudal dan radar canggih bila ingin diperhitungkan oleh bangsa asing.,sadness
@USER @USER Sama-sama takutnya tapi ni negara ancur karena pemerintahannya sendiri bukan karena perang dll.,anger
perang nya ga jadi usai dan belum usai usai hiks i hope besok perang sudah usai guys ,sadness
@USER Ini yang terjadi sama BBRI BBNI (dan seharusnya juga BMRI) tahun lalu. BBCA terlambat mengalaminya karena 2 tahun kemarin sepertinya masih merasa di atas angin padahal kondisi perang suku bunga sangat sengit.,anger
Konsep perang di kepala Prabowo tuh gimana ya? Rekrutmen kroco TNI digenjot sembari buka dapur umum (embege) dan distribusi logistik yg juga dihandle sama loreng alias kopd*s putih merah Gak nyampe otakku,sadness
@USER siapa yg perang,anger
tbh I don't think 2045 kita masih exist perang makin parah ekonomi turun terus AI ambil kerjaan dari manusia bisa bayangin 20 tahun ke depan kondisi dunia gmn?,love
@USER gue masuk sebelum isu WW3 naiknya ampe sekarang ga signifikan. yang naik gila gara2 perang itu PLTR dan CRWD,anger
@USER Mengungkap Kenapa Harga BBM Indonesia Tidak Naik Saat Negara Lain Sudah Menaikkan Lebih Dulu Harga BBM akibat Perang di Iran https://t.co/sesMHmBSmN,anger
@USER Hahahaaaa..... Itu fakta tanpa timteng mogok itu alat2 perang canggih...... Paham lu ?!!! ,anger
@USER Mengungkap Kenapa Harga BBM Indonesia Tidak Naik Saat Negara Lain Sudah Menaikkan Lebih Dulu Harga BBM akibat Perang di Iran https://t.co/sesMHmBSmN,anger
@USER @USER Pembawa berita masa ikut perang,anger
Saham2 pada bullish rupiah makin lemah perang iran amerika belum jelas kapan kelarnya. Siapin tabungan kali ya,sadness
@USER Saranku mending kita memulai perang di kawasan Asean. Capek lihat mbg kopdes yg spt org mabok-siapa aja yg didepan gw...gw tabrak. Capek lihat usaha babi didemo Capek lihat org kecil berjuang di pengadilan Biarlah tentara menjalankan keahliannya rakyat sipil akan support.,happy
@USER Hahahaaaaa...... Siapa yg datang jauh2 dg segala alat perang canggih utk memerangi di timteng untuk merampas ladang2 minyak2.....mayoritas agamanya apa itu ???,anger
Damn nih cerita deep bgt asli ‍️ bukan cm sekedar au romance perang dll tpi bnrn ngajarin biar ga selalu lupa siapa Tuhan kita dan jgn jdi arogan ‍️ keren bgt kak ceritanyaaa ,fear
@USER Elo pikir agamamu gak pernah menjajah membantai? Teroris sekarang mayoritas dari agama apa? Perang di timteng arab saling bantai antar agama apa? Buka matamu cek agamamu sendiri jangan cuma liat agama orang lain...,anger
@USER BIAR DIJELASIN sebelum tl menjadi medan perang,anger
@USER @USER Kak kenapa kacau? Harga plastik naik itu krn perang harga bahan baku naik pasti pengaruh ke harga2 yg lain,anger
Menteri Pertahanan Israel Israel Katz mengatakan pada 23 April bahwa negaranya siap untuk melanjutkan perang melawan Iran dan sedang menunggu lampu hijau dari AS. Ia mengatakan militer Israel telah menandai sasaran dan siap untuk melakukan pertahanan maupun serangan. https://t.co/XNzdCkG6s5,anger
@USER Perang peraaa si YG,anger
@USER Efek perang timur tengah semakin memanas Rudal vs Rudal kalo satpamnya satpam Laker's tanpa pikir panjang langsung di getok tuh palanya yg kameja biru..,anger
nakaka burnout mga nangyayari . tapos sasabihan ka pa na para saan ang perang sinasahod ko parang walang katuwang You made me realize that all my sacrifices are worthless to you and that I am not your partner in everything.,sadness
Lah min kamu gatau aja ditempatku kerja lagi ngobrolin situasi geopolitik perang. Ada yang nyeletuk Loh kak emang perang dunia 2 udah selesai? ,sadness
@USER Wartawan itu mayoritas berideologi sjw sama seperti sejarawan dan bagi mereka mengekpos kejahatan kaum muslim adalah islamophobia Inilah mengapa orang kristen disalahkan ketika melakukan perlawanan terhadap jihad pada perang salib pertama.,happy
@USER Yeee perang,anger
Kirain kondisi global udah paling chaos. Tp ternyata ada 1 negara konoha yg pdhl ga ikut perang katanya non blok sumber alam kaya lokasi strategis dsb.. Tp kondisinya lebih chaosss. Cuma gegara pimpinan gov dan antek pejabutnya segila itu.,anger
@USER @USER @USER @USER pls sebelum tl berubah jadi medan perang,love
@USER @USER @USER @USER @USER @USER @USER @USER @USER @USER @USER @USER @USER @USER Perang krn memusuhi dakwah nabi Muhammad SAW diperangi kalau tidak mau mati sia-sia ya melawan makanya dilawan dan terjadi perang sbg konsekuensi kalah perang ya ada harta rampasan bahkan ada tuhan yg minta bagian perawan lu kgk protes.....gimana komentarmu..... https://t.co/ffaFfLb7fh,love
@USER @USER @USER @USER @USER @USER @USER @USER @USER @USER @USER @USER @USER @USER @USER @USER @USER @USER @USER @USER @USER @USER @USER @USER @USER @USER Dalam kondisi perang pilihannya MEMBUNUH atau DIBUNUH️ Oten @USER berharap apa disituasi tsb? Mereka main HOM PIM PAH ato Petak Umpet geto? Saat perang Islam melarang membunuh ANAK² ORTU HEWAN bahkan MERUSAK TANAMAN Cuba Oten bandingkan dgn kelakuan Tuhan ini https://t.co/195HjQpL8N,love
@USER @USER @USER @USER ngapain takut kalau masalah kedaluatan dan kesejahteraan rakyat kedua negara perang ekonomi? sama siapa? siapa yang mau perang ekonomi? emang siapa yang ga terima jelas kok untuk kepentingan lingkungan kocak ,fear
sutradara jepang mencari cast untuk peran utama film berlatar perang dunia dua: ninomiya kazunari https://t.co/VmUHqj7Bc3,anger
perang dulu sama tugas tugas UTS yg bikin puyenggggg ini ‍ hadiahnya besok ketemu yang ganteng ganteng~,happy
@USER Aku lg kepincut jendral perang di dracin teh https://t.co/HDFO73h7Jn,love
perang batinnya ada bgt tiket kodaline lalalafest masih available mana first entry ,sadness
#cambros si anak kelas sebelah; akhirnya masuk ke medan perang (re:utbk) https://t.co/tWJeHkNMjH,sadness
@USER @USER @USER @USER ya artinya lu gak ngerti perang ekonomi itu apa. klo keluarga lu punya toko terus ada krisis moneter kena jarah gak usah komplain ya?,anger
@USER @USER Kalo mau keluar UNCLOS ya kita mesti punya power terutama power militer yg ya Taulah bakal ada suara2 sumbang yg bilang Mau perang sama siapa ,anger
Bayangin kebanyakan pabrik diindo masi impor Raw material dan Raw packaging dan transaksinya pake usd pasti Sebengkak operational costnya mana ada isu perang naiknya gila gilaan ,sadness
Doa kan agar trump BERTOBAT karena pertobatan datang dari Hati nya pribadi bukan Doa untuk dirinya melanjutkan Pembunuhan Anak-Anak atas nama Perang karena yang demikian pasti membuat Tuhan murka Matius 7: 19 (TB) Dan setiap pohon yang tidak menghasilkan buah yang baik pasti,happy
Laut Jawa mendadak mencekam pada Kamis (23/4/2026). TNI menunjukkan taringnya dalam menghadapi era peperangan modern melalui skenario penghancuran sasaran strategis yang melibatkan 20 Kapal Perang Republik Indonesia (KRI) dan jet tempur F-16 TNI AU. Hasilnya? Eks-KRI Teluk Hading https://t.co/RWIUDoypfk,fear
@USER Perang?,love
Perang DEX 2026 makin panas Solana masih #1 (~30 6%) tapi mulai melemah Ethereum naik cepat &amp; siap ambil alih BNB Smart Chain mulai tertekan Layer-2 seperti Base &amp; Arbitrum makin penting posisi #1 di crypto bisa berubah kapan saja. https://t.co/z10pl8cMhU,anger
@USER MUNGKIN DUNIA BAKAL PERANG KRNA MAU NGEREBUTIN WANITA CANTIK YG KANAN ENIH ,anger
@USER Gamauu perang maunya tidorrr,happy
kata aku mah tutipo cepetan ngaku aja dah sebelum ini tl jadi medan perang https://t.co/SyNqZ9zFzk,sadness
@USER @USER @USER @USER @USER @USER @USER @USER @USER @USER @USER @USER @USER @USER @USER @USER @USER @USER @USER @USER @USER @USER @USER @USER @USER @USER Gimana kagak diracun jika ini perempuan kapir tau siapa yang membunuh suami bapak dan pamannya tanpa ampun. Ibu rumah tangga kan kagak mungkin adu jotos dengan seorang panglima perang. Lagian mencuri aja potong tangan apalagi membunuh anggota keluarga orang. https://t.co/h37jHqt7tj,love
~Nadin : di akhir perang ,sadness
ehh sumpah gue bukan bermaksud fear mongering tapi ngeri juga baca riset dari Bridgewater alias hedge fundnya @USER yang bilang kalo perang Iran AS ini ga akan bisa selesai cepet. berarti harga minyak bakal naik terus dalam waktu yg ga sebentar. dollar makin kuat dan apa https://t.co/RNlEFTdEcI,fear
@USER Pulang dulu ayok nanti hyung bantu mengatur siasat perang /g,fear
gw dengan bangga nya memposting sw lucas dengan lagu perang telah usai dan bilang ini adalah jumat berkah krn gw bener2 bersyukur lucas keluar dri agensi jahanam‍️,happy
@USER Naol may perang nililipad #BINI #GrupoDuplaInternacionaldoAno #SECAwards,happy
@USER @USER @USER @USER @USER @USER @USER @USER @USER @USER @USER @USER @USER @USER sama kayak Mamad yg diizinkan untuk merampas orang2 non muslim. Bahkan salah satu surat qur'an yaitu Al-Anfal artinya rampasan perang. Mamad &amp; pengikutnya itulah penjajah sebenarnya @USER @USER @USER @USER https://t.co/N2fQR2AKcK,love
BUMC perang dunia tetep disuruh masuk,sadness
@USER @USER Kalo ga salah denger apa yg mereka rusak sama seperti yg kita lihat sekarang di zaman perang. Seperri memperk**a membunuh merusak dan bahkan ngeringin danau saking rakusnya. Ya contohnya udah ada cuman ini versi lebih sadis parah dan banyak pelakunya,fear
@USER Iya beneran ya ampun kemarin malah nontonin game perang dan ngira itu perang rusia ukraine ,fear
Modifikasi sepeda motor untuk dijadikan kendaraan inspeksi rel (dresin) ternyata sudah dilakukan sejak lebih dari 50 tahun lalu. Dresin dalam foto dimodifikasi dari sepeda motor Zündapp KS 750. Diperkirakan difoto di Ukraina atau Belarusia pada Perang Dunia II. https://t.co/F0VBuMIeH5,anger
3 device gue siap perang,sadness
Harga kondom sarung tangan getah melonjak akibat perang di Asia Barat #BHbisnes Karex yang membekalkan kondom untuk jenama seperti Trojan dan Durex terpaksa menaikkan harga sehingga 30 peratus manakala kos Top Glove naik dua kali ganda. https://t.co/HaD8QDzzhY,sadness
Faktanya informasi tersebut tidak benar (hoaks). Video yang beredar merupakan potongan lama pidato Kim Jong Un yang telah diedit dan diberi narasi baru di luar konteks aslinya. Tidak ada bukti valid bahwa Korea Utara mengirim kapal perang nuklir seperti yang diklaim.,sadness
Narasi dalam unggahan tersebut menyebutkan bahwa situasi dunia kini berada di ambang konflik besar bahkan diklaim sebagai awal dari perang nuklir yang selama ini dikhawatirkan oleh negara-negara Barat.,sadness
@USER Diorang baru lepas tengok drama bersiri Generation Kill. Inzal lepas tengok Sarjan Mejar Sixta duk merentan pasal grooming standard dekat tengah-tengah medan perang.,love
@USER @USER Sabar kak Dia blm tau (malah mungkin gk pernah liat) tari Jawa klasik kek gimana apalagi versi yg lembut. Pdhl itu jg utk kamuflase latihan bela diri sejarahnya. Alamat tidur klu nonton dia ntar. Tp justru org begini malah gampang bwt dibunuh dlm perang sih krn mudah dikibulin.,fear
@USER @USER Ud pernah kesana dan nonton match kesana jaman coutinho messi dkk. Dah gak kepikiran bisa kesana lg krn euro makin meroket dan perang bikin mahal tiket. Plus makin sulit waktunya skrg. Syediihhnyaa.,anger
@USER bahas geopolitik dan ancaman perang ini opsi narasi paling normal menurut gw .,happy
Yaelah emak² kang gosip aja di suruh perang ,anger
@USER ituuuuu masih bahasan perang dingin ,anger
@USER @USER masih perang fir gak masalah para pemimpin mati yg penting masih ada wakil2nya.,anger
@USER iyaa udah 3 bulan kak Juni nanti balik cuma ya tiap bulan harus perang dengan mood nya yang berubah ubah,fear
@USER HIZBULLAH ITU SYIAH. HUSEN GOBLOK LU HARUSNYA SENENG SYIAH DAN YAHUDI SALING PERANG KECUALI SI HUSEN ITU SYIAH LAKNAT ,anger
Sibuk perang lupa ng3nt0d aki2 banksad satu ini. Moga cpt ji'ut lah ya... https://t.co/ps0dubLDgM,sadness
10 alasan Nara gak bisa diajak perang kookv lokal AU || MAHAMERU one tweet AU https://t.co/vUhyRzwag3,anger
now playing - perang telah usai https://t.co/9rWzGyPjR0,sadness
Sudah tidak diundang ke meja perundingan Islamabad padahal paling duluan ngajuin diri jadi mediator sejak awal perang meletus tapi dipaksa membayar tagihan perang orang lain lagi. Sabar. Sabar. Sabaaaaaarrrrrrr .,sadness
 Awalnya Jepang menyerbu Asia Tenggara untuk mendapatkan sumber daya perang lalu membangun ide bahwa Jepang adalah pemimpin Asia yang ingin membebaskan Asia dari Barat meski tidak memikirkan wilayah yang sudah dijajahnya @USER https://t.co/u2oKmFu5Yp,sadness
Dan pemerintah Iran yang sebelumnya diserbu narasi goyah justru mendapat konsolidasi nasionalisme dari perang ini. Indonesia?,sadness
@USER Bihira akong mainis.. pero nung nakita ko report talaga nainis ako nawala antok k. fair daw treatment nila sa lahat ng pairing. Anak ng saan ang fair doon. Halatang may paborito. Kayod kalabaw gawa ng LO laki ng perang ipinapasok company nila tapos ganyan trato nila. ,love
Yang lebih mencemaskan: menurut intelijen Pentagon butuh enam bulan membersihkan ranjau laut dari Selat Hormuz bahkan setelah perang selesai sekalipun. Enam bulan.,sadness
 Pendudukan Jepang mengubah ekonomi Jawa dengan mengarahkannya untuk kepentingan perang mengeksploitasi sumber daya dan memberi beban berat pada rakyat sehingga kondisi pangan memburuk @USER https://t.co/21iD0d79Ue,fear
@USER kalo perang gua belanjain juga udah susah itu duit mau ke alfamart ngeri di rudal,fear
Speedrun ikut perang kah ?,sadness
ga perang malah jadi hama ajg,sadness
wajah pemicu perang bharatayuda https://t.co/3XpE6F2SJe,sadness
@USER @USER @USER aku tim di akhir perang,love
Kita Tidak Ikut Perang Tapi Harus Bayar Tagihannya! Kita tidak ikut perang. Tapi kita yang membayar. Indonesia tidak menembakkan satu rudal pun ke Timur Tengah tidak mengirim kapal perang ke Teluk Persia dan seharusnya tidak punya utang politik dengan Iran atau AS. Tapi ..,sadness
4 Ia turut serta dalam Perang Jarab. Setelah ia menjalin komunikasi dengan Raja Abdulaziz Raja menunjuknya sebagai wakilnya di wilayah Syam. #Bersambung #تدل_دربها #الرياض #النصر #العالمي #CR7 #Indonesia #Malaysia #Brunei #Singapura #Salafiyyah #Salafiyah https://t.co/RlqSNLK8J5,sadness
@USER balik ke perut lg aj bntr lagi perang dunia,anger
@USER Ga ada tutup nya jir warung komis mah mau negara ancur perang juga perut tetep butuh makan ,anger
@USER Konsekuensi perang ya gitu. Makanya jangan kalah,anger
@USER Makakapatay ka talaga ng tao pag nababasa mo kung papaano sila gumasta ng perang hindi sa kanila.,happy
@USER Jangan Anda mempropaganda negara Asean ikut terlibat dalam perang negara lain.asean cinta damai,love
@USER @USER @USER ada bang kalo jaman perang apalagi pahlawan pahlawan dulu tapi kalo era reformasi ini ya super duper susah bisa di bilqng mustahil,anger
@USER MACAM GINI MAU MENANG PERANG DI ERA SERBA AI?!,anger
@USER ka mau request dong isha nanya ke jay 10 alasan aku ga bisa ikut perang hehehhe,fear
@USER Itachi Uchiha meninggal di usia 21. 1. Mencegah perang saudara 2. Menjadi mata-mata di dalam akatsuki 3. Jadi Kapten Anbu di usia muda,happy
@USER @USER Perang,love
@USER Ya kan kayak ?? aku pas baca part itu langsung weh projection kah ini. Mereka tau biasnya milih out di tengah kontrak buat pursue persobal growth itu selfish dan aneh di kpop makanya perang batin sendiri. Padahal mah kalau legowo dan respek sama prinsip masing2 mah aman aja.,anger
Ahli Biro Politik Hamas Dr Basem Naim memberi amaran bahawa sebarang usaha melucutkan senjata gerakan itu akan membuka ruang kepada genosid berterusan oleh Israel terhadap rakyat Palestin serta berpotensi mencetuskan perang saudara besar di Gaza. https://t.co/uXlfZ8EXBS,sadness
@USER Perang bisnis,love
yang lain sibuk fanwar meanwhile shotties perang jj kicau mania antar gdm,sadness
@USER Yakin deh perang hormuz akan jadi alasan negara gagal.,anger
Reza Pahlavi putra pengasingan dari raja terakhir Iran disiram cat merah oleh seorang aktivis di luar Konferensi Pers Federal di Berlin pada 23 April. Demonstran tersebut menegurnya terkait sikapnya terhadap perang di Iran sebelum ditahan dan diamankan oleh polisi. https://t.co/PScQsj0CTB,sadness
@USER PLS AK KETINGGALAN knp perang line ini bisa terjadiii,anger
Paus Leo XIV: Saya membawa di saku saya gambar seorang anak Muslim yang terbunuh di Lebanon... Saya tidak bisa mendukung perang. https://t.co/FSdYOAMEbe,sadness
Baca di sini: https://t.co/l91nbqSgvs Menteri Pertahanan Israel Israel Katz mengatakan bahwa Tel Aviv menargetkan pemimpin tertinggi baru Iran dan situs energinya jika perang berlanjut. Menurut laporan Al Jazeera Jumat (24/4/2026) Katz menyebut pasukan Israel sedang https://t.co/D8F0CcG1T4,anger
@USER Gmn mau kelaksana klo ga diteken? Yg diteken bangun tol melulu. Jalur rel lingkar selatan ga ada kosambi-ciwidey ga ada. Logistik dan tata kota itu yg bikin menang perang dan ekonomi efisien. Masalahnya TNI Polri main properti n pajak mobil.,anger
@USER Anu ka vibesnya kayak lagi perang dunia ,happy
Doakan aku malam ni geng. Aku ada match perang niiii .. ,sadness
@USER @USER @USER Perang Ambon yg berawal dari keributan preman di Jl. Ketapang Jakarta pusat adlh pengulangan Poso98 dan Timtim99. Tujuannya memecah Indonesia timur dg menguasai ALKI II (selat Makasar-Lombok) &amp; ALKI III (Pasifik-Laut Banda-Samudra Indonesia).,anger
@USER Baguslah kalau perang biar mereka aja yg berangkat guwe mah ogah,anger
@USER Komcad udah asn wamil ada lalu rekrutmen jln trtus pdhl bkn dlm kondisi perang yg ada sj msih dialih fungsikn trrus anggaranya dari mana?,anger
@USER Please whoosh itu levelnya kayak naek pesawat jgn dibandingin sama kereta biasa yg gak murah2 amat juga. Apalagi travel jkt-bdg yang perang harga.,anger
@USER @USER Perang dah,love
@USER sssetuju bgt every reaction from them is projection perang batin ya mereka tuh tiap enha bahas soal grup dan karir. kasian moral compass-nya tergantung bias,sadness
@USER takut langsung perang dunia,fear
@USER Ini seller penganut perang harga paket banyak asal kesohor. Kwkw.,anger
Operasi tersebut ditujukan terhadap kejahatan terorganisasi transnasional terkait China. Operasi itu disebut medan perang baru pemerintahan Trump. #Internasional #AdadiKompas https://t.co/7L35wsf2Vl,sadness
kenapa kita takleh gi perang? https://t.co/Rv78tvH0JH,sadness
Plastik naiknya 2x lipat sendiri katanya efek perang busettt,fear
Boleh cek tweet gw dan reply gw. Tweet kali ini mau semakin curiga karena dia sibuk ke LN mungkin nyari penawar tertinggi pada wilayah negara. Ingat bahwa tujuan akhir sebuah perang adalah menguasai daratan negara yang diserang.,anger
Operasi tersebut ditujukan terhadap kejahatan terorganisasi transnasional terkait China. Operasi itu disebut medan perang baru pemerintahan Trump. #Internasional #AdadiKompas https://t.co/n5ScC61Yak,sadness
Perang dunia juga #PerfectCrown #PerfectCrownEp5 https://t.co/b5Wle5J5Is,sadness
@USER @USER Lawak kondisi perang bukannya malah tetap di posisi non block malah nyepong amerika jadinya kapal pertamina ga boleh lewat hormuz. presiden siapa sih?,anger
@USER siapin kopi golda kalian bsk kayaknya ada perang sahabat nih,fear
Latihan skala besar ini melibatkan sedikitnya 20 Kapal Perang Republik Indonesia (KRI) dan pesawat tempur F-16 milik TNI Angkatan Udara. Operasi penghancuran sasaran terbagi dalam dua tahap utama. Tahap pertama dimulai dengan penembakan Rudal Exocet MM40 Block 3 oleh unsur KRI https://t.co/cAdcn6q4rE,anger
@USER @USER @USER Itu penafsiran mu manusia tolol beda penafsiran saat konflik ambon poso maka dikristen itu ada bidat karena salah tafsir..jd maksud konflik ambon poso perang apa kalau bukan perang agama..saksi fakta pun mau kau sangkal mengakui bawa agama.. Dasar tolol,fear
@USER Sepertinya yang namanya Impor mulai jarang kedengaran kecuali migas karena dampak perang kemarin.,anger
aku nanya ke teman ku menurutmu apa alasan aku gabisa ikut ke medan perang DAN DENGAN ASBUN NYA DIA JAWAB karna medan lagi ga perang ,happy
Bayangin kamu lagi di tengah perang besar kayak di Perang Kurukshetra suasananya kacau penuh strategi dan semua orang lagi setengah mati perang all-out. Nah di situ ada satu senjata yang bisa dibilang kartu AS terakhir milik Karna namanya Vasavi Shakti. Ini senjata kaga https://t.co/OvM2QtvZj8,anger
Wawancara CNN dengan tim kreator video Lego Iran Para kreator Iran membanjiri jejaring sosial dengan video bergaya Lego untuk menjelaskan kondisi sebenarnya dari Perang Iran vs AS-Israel kepada dunia terkhusus publik AS. Mereka menggunakan lagu-lagu ala rap dan hip hop agar https://t.co/OkzW87FpOt,anger
Analis: Ini yang Menjadikan Kekalahan AS Hadapi Iran Mirip dengan Perang Melawan Vietnam https://t.co/9PpCrSislM https://t.co/qqWnLqUwp2,anger
YA ELUUUU PERTANYAANNYA ADA-ADA SAJA Intinya mah no 10. Lu gabisa jauh dari TUNANGAN lu itu Ey. Dahlah gausah perang ga cocok jg Duh kangen bgtttt. 10 tweets bisa gasih?? Masa my MBG cuma 2 tweets ,anger
capek perang batin mulu,sadness
Sana po matulungan natin @USER dahil yung perang pinang SUGAL ni @USER tinakbuhan lang nya. Nireport pa nya yung account ng nagpautang na si madam @USER #UAAPSeason88 #PVL2026 https://t.co/JH4hK8lgMW,sadness
#pnp Konflik geopolitik global seperti perang sekatan ekonomi dan ketegangan perdagangan antara kuasa besar turut memberi kesan tidak langsung yang signifikan kepada pasaran hartanah di Malaysia. https://t.co/W2bpN4N96O https://t.co/PtkEm079R4,sadness
@USER Menolak = perang ️,love
Penjahat perang semuanya kena di kontol ye,sadness
@USER Bisa kalo terlibat perang,love
@USER Bukannya kemarin ngaku nya ade Raja UEA kan viral telponan sama kakaknya di UEA tanya perang Iran bangga sy 🇮🇩 punya presiden kel raja Arab kok skarang ngakunya Orang Kampungpak yg benar dong keluarga raja atau orang kampung boong dosa lho pak gak takut apa sama dosa ‍️‍️‍️,anger
@USER Siap² perang perang lawan rakyat???,anger
TERKINI | Pesawat perang Israel melancarkan serangan udara ke atas sekumpulan rakyat Palestin berhampiran persimpangan Behloul di kawasan kejiranan al-Nasr barat Bandar Gaza. https://t.co/MVQ6u2pB45,sadness
Etapi bukannya dalam perang modern sekarang yg dibutuhkan adalah teknologi dan kualitas manpower? Kita sudah banyak menyaksikan bagaimana zombie2 berdarahdingin itu dipites dengan mudahnya oleh teknologi. Kecuali mungkin kalo musuhnya sama primitifnya atau lebih primitif ,sadness
SPACE LEMBAGA KERIS Eps. 5 Dari Medan Tempur ke Meja Diplomasi: Analisis Pembelajaran Perang Iran Bagi Indonesia sebagai Negara Kepulauan. Jumat 1 Mei 2026 19.00 21.00 WIB Live di Space X @USER https://t.co/DOvJ87GPDI,anger
@USER OMGG MODERN DAY HELEN OF TROYY ADALAH BIKIN DEBAT KUSIR HEBAT DI COMMENT SECTION TIKTOK DISCOURSE 7 HARI 7 MALEM DI TWITTER DAN PERANG BALES2AN IG STORY,love
Serius ga anjir pernah nanya chatgpt katanya bakal susah bikin seri ini krn full perang dan naga. Kalo beneran sih gwej berekspetasi tinggi.,anger
Peralatan perang militer AS mulai terkumpul di bandara Ben Gurion. Semua itu tidak lama lagi akan menjadi tumpukan besi rongsok dihantam rudal2 kiriman @USER https://t.co/QRexrg0nAl,sadness
AS saat ini telah mengerahkan 3 kapal induk di sekitar Iran bersama 200 jet tempur dan 12 kapal perang. Meski begitu AS tidak memiliki keberanian untuk memasuki Selat Hormuz atau Teluk Persia. Itu masih 200 kilometer jaraknya dari pantai Iran karena takut diserang IRGC Iran. https://t.co/HoEFXI7rwm,fear
SPACE LEMBAGA KERIS Eps. 5 Dinamika konflik Iran Amerika Serikat Israel menegaskan perubahan karakter perang modern melalui penggunaan teknologi dan operasi multidomain yang berdampak pada stabilitas kawasan serta jalur energi dan perdagangan global. Bagi Indonesia sebagai https://t.co/JAfHvpjHNt,anger
Pada acara awam pertamanya di Algeria Sri Paus Leo XIV telah melawat Monumen Syuhada Maqam Echahid yang memperingati mereka yang kehilangan nyawa dalam Perang Kemerdekaan Algeria pada tahun 1954 - 1962. https://t.co/tAkWly3tVh,happy
@USER @USER Sejak perang Ukrania gara-gara macron gagal mengambil jalur diplomasi. @USER,fear
@USER Miliaran hanya untuk pengalaman bodoh oh ya sekaligus membiayai senjata untuk perang juga tentunya ,happy
@USER NAIK GIZA 2 Jam dalam Studio Bawa Ombak Laju Bertamu Dalam Perang tp jujur basslinenya Bawa Ombak Laju kukira sama kaya yg versi live ultah ONAR ternyata beda,anger
Yg pertama pk @USER bukan pejabat publik dan posisinya sbg rakyat biasa berkumpul dikelompoknya melakukan parameter kasus perang agama dimaluku.Jika bicara kasih napa ada perang us vs iran dll Cc @USER @USER @USER @USER @USER @USER,love
Binabalak pa talaga ng Bise presidente ng Pilipinas na mag World tour?? Sobrang kapal sa sobrang daming perang winaldas mo at ng administraysong ito Habang nasa Krisis Ang Bansa gusto mong nag lalakwatsiya sa iBang Bansa NathanielCesar Palacios,sadness
Surat kabar Prancis Le Monde: Netanyahu semakin menjauhkan Israel dari sekutu-sekutu Eropa dan Amerikanya. Semakin banyak perang yang dilancarkan Israel semakin terisolasi negara itu. Pendekatan militeristik pemerintah Netanyahu telah meningkatkan isolasi internasional https://t.co/SqZz98a1dx,sadness
@USER Kok senang ya bahas perang trus? sebagian dunia sdh krisis energi sebagian lg pengangguran mlh meningkat. Aku mah pengin cpt Damai aja smg juru damai segera mendamaikan mereka tnp merugikan pihak manapun,fear
@USER Harusnya pemuda Pancasila diterjunkan ke selat hormuz untuk mendamaikan perang USA vs Iran,anger
NUKLIR &amp; ENERGI: (Jika) Perang Nuklir Terjadi Pasokan Energi Abad Ke-21 Terhenti? Ruang Pakar Ke-3 Perhimpunan Kajian Keamanan Dunia (RP3-PKKD) 1).Muhadi Sugiono 2).Hendra Manurung 3).Robi Sugara 4).Irawan Jati 5).Tia Panca Rahmadhani Sabtu 25 April 2026 15.30-17.30 WIB. https://t.co/6InhZsiP5z,anger
@USER Kmungkinan perang darat yg di kerah kan bila tdk damai krna tuk mengalahkan rudal hanyalah perang trbuka,happy
#Izin pak presiden Trump @USER udah lahh main perang perangan nya pakk. Fokus ke visi misi pas kampanye sebelum jadi presiden untuk menjadikan Make America Great Again dan Make Earth Great Again . Kemudian rencana nesara gesara juga itu. . Okeh mungkin media lagi,sadness
Mengapa gencatan senjata dan negosiasi yang mengambang potensial menarik Iran dan AS kembali ke tepi jurang perang? Simak pembahasan selengkapnya dalam #BolaLiar malam ini pukul 20.30 WIB hanya di KompasTV! ▶️ https://t.co/rUTSoY7Gv2 https://t.co/TpIwT5erij,sadness
Ihsg merah boleh salah Trump pemerintah perang harga bbm kurs psp atau orang lain tapi kalau sampai portofolio saham kita merah 1000% salah kita sendiri!,anger
@USER Kelihatan disini perang agama + politik bukan karena kemanusiaan toh negara2 uzlims gak pernah peduli pembantaian sesama muslims di Sudan Afganistan dll. Di sudan mesjid byk dibakar oleh pasukan msulim lainnya krn beda paham pemimpin2 iluzlims hanya diam,anger
@USER @USER @USER Syahid itu hanya pengucapan bahas arab ketepan JK islam tahu syahid kalau kristen ada kata martir dari bahas yunani bnyak bidat kristen asal tafsir &amp; fakta terjadi pada perang salib &amp; terjadi ambon poso maka bidat itu terpecah denom akibat sesuka hati menafsir alkitab sembarang,love
Danantara adalah kekuatan yang akan menunjang perekonomian Indonesia di masa depan #Danantara #DanantaraIndonesia #EkonomiIndonesia https://t.co/rvh14lzG7h,happy
Danantara adalah kekuatan yang akan menunjang perekonomian Indonesia di masa depan #Danantara #DanantaraIndonesia #EkonomiIndonesia https://t.co/bmNUcHNaED,happy
Danantara adalah kekuatan yang akan menunjang perekonomian Indonesia di masa depan #Danantara #DanantaraIndonesia #EkonomiIndonesia https://t.co/kFFMO7DoLg,happy
Danantara adalah kekuatan yang akan menunjang perekonomian Indonesia di masa depan #Danantara #DanantaraIndonesia #EkonomiIndonesia https://t.co/dlXgDxqIel,happy
perlu digarisbawahi kalau ekspektasi investor terhadap big banks dilandandasi oleh faktor-faktor yang sama dalam mendukung pertumbuhan ekonomi bukan jika saham big banks anjlok maka perekonomian indonesia sedang butuh perhatian lebih lanjut faktornya (personal opinion),fear
gws perekonomian indonesia,love
Perekonomian Indonesia membaik dan WNI dapat presiden serta pejabat kompeten dan jujur.,anger
pusing banget ngeliat perekonomian indonesia ini beneran rakyatnya kacau balau,anger
Menko Perekonomian Airlangga Hartarto memaparkan strategi Indonesia dalam menghadapi tekanan ekonomi global. Menurutnya ketahanan ekonomi nasional ditopang konsumsi domestik investasi dan penguatan sektor industri. https://t.co/XjfEZqJLZY,sadness
@USER Gerombolan Prabowok msh Ngeles Perekonomian Indonesia Baik2 Saja pdhl perekonomian Suatu negara Baik2 sj bisa dilihat dr Daya Beli Masyarakat diPasar ini FAKTA REAL nya di Pasar Sepi &amp; Para Pelaku Usaha udh Teriak2 https://t.co/qEo1tIbl4P,anger
@USER @USER Betul USD kini tembus 17.300 rupiah. Makin kacau perekonomian Indonesia semua barang melonjak naik. Yang kagak naik cuma satu yaitu gaji maupun pendapatan rakyat.,anger
@USER Perekonomian Negara Baik2 sj bisa dilihat geliat Perputaran Ekonomi dipasar2 Pasar2 Tradisional aj udah sepi begini jadi pemerintah kalau msh ngeles Indonesia Baik2 Saja OMG https://t.co/jeDnPtjlqx,anger
maaf yh svt.. spertinya aku support kalian lewat streaming dulu deh gaji imut ini lagi bersaing dengan gonjang ganjing perekonomian indonesia soalnya ,happy
Pemerintah Indonesia mengubah pendekatan dalam mengelola perekonomian nasional dengan menerapkan strategi mode bertahan atau survival di tengah meningkatnya tekanan global. Baca Selengkapnya: https://t.co/ZCpZPeLCrD https://t.co/tzbZMLl4Yk,sadness
Menteri Keuangan (Menkeu) Purbaya Yudhi Sadewa menegaskan bahwa fluktuasi nilai tukar rupiah belakangan ini bukan mencerminkan kondisi fundamental ekonomi Indonesia yang menurun. Menurutnya perekonomian domestik saat ini masih menunjukkan ketahanan yang relatif lebih kuat https://t.co/sf5BD6jfS1,anger
Lebih dari sekadar pencapaian penghargaan ini menjadi penguat komitmen Fraksi Partai Demokrat untuk terus menyuarakan aspirasi masyarakat meningkatkan kesejahteraan rakyat dan berperan aktif dalam menjaga perekonomian Indonesia agar tetap stabil dan berkelanjutan. #Demokrat,happy
Jakarta 23/4/2026 Kemenkeu Wakil Menteri Keuangan (Wamenkeu) Juda Agung menegaskan bahwa kondisi perekonomian Indonesia tetap stabil dan tangguh di tengah meningkatnya ket... https://t.co/6wTlGmudfG,anger
#SobatAviasi pasti tahu kalau transportasi menjadi urat nadi penghubung Indonesia dan berperan membuka konektivitas serta memajukan perekonomian daerah di seluruh Indonesia. Selamat Hari Transportasi Nasional #LewatUdara #MenghubungkanIndonesia #SelamatAmanNyaman https://t.co/G3u0lngra2,happy
Menteri Keuangan (Menkeu) Purbaya Yudhi Sadewa menilai pelemahan nilai tukar rupiah bukan mencerminkan kondisi fundamental ekonomi Indonesia yang memburuk. Justru perekonomian domestik masih relatif kuat dibandingkan negara lain di kawasan. Tapi untuk saya sih ini (pelemahan https://t.co/1iNZ5TkBRC,anger
Menteri Koordinator Bidang Perekonomian Airlangga Hartarto mengungkapkan 60 persen investasi di Indonesia menghasilkan laba. Kondisi ini dinilai menjadi daya tarik bagi investor yang mau menanamkan modalnya ke Tanah Air. Airlangga mengatakan kondisi ini membuat Indonesia lebih https://t.co/5iWOAdVxU3,anger
[SUBTEMA IEO 27: SEKTOR FISKAL] Halo Young Policy Makers! Sejalan dengan upaya penguatan perekonomian Indonesia di tengah ketidakpastian strategis Indonesia Economic Outlook 2027 mengangkat fokus pada sektor fiskal dengan mengusung subtema: https://t.co/EABFm6juiU,anger
[SUBTEMA IEO '27: SEKTOR MONETER &amp; FINANSIAL] Halo Young Policy Makers! Sejalan dengan upaya penguatan perekonomian Indonesia di tengah ketidakpastian strategis Indonesia Economic Outlook 2027 mengangkat fokus pada sektor moneter dan finansial dengan mengusung subtema: https://t.co/uEBwlMJ6WS,anger
[SUBTEMA IEO '27: SEKTOR RIIL] Halo Young Policy Makers! Sejalan dengan upaya penguatan perekonomian Indonesia di tengah ketidakpastian strategis Indonesia Economic Outlook 2027 mengangkat fokus pada sektor riil dengan mengusung subtema: https://t.co/H4RwYLGeM3,anger
Baru tadi siang gue ngobrol tentang perekonomian Indonesia dan diwanti-wanti buat ga pakai uang dingin dulu. Fawk it i guess https://t.co/ScM1c7jlVP,happy
@USER Kalau yang aku pelajari di buku2 waktu SMP IPS Ekonomi bahwa Investasi ( penanaman modal asing ) manfaatnya untuk transfer teknologi. Waktu aku baca buku Gie bahwa Investasi dibuka zaman Suharto Sumitro Menteri perekonomian saat itu mulai rusaknya Indonesia.,happy
@USER Itu daerah kepulauannya salah satu penghasil cengkeh dengan harga jual tinggi tapi akhirnya hancur akibat anak presiden memonopoli perdagangan cengkeh di Indonesia. Alhasil setelah itu perekonomian disana hancur lebur karena cengkeh adalah pendapatan utama warga.,anger
https://t.co/UGw1z5oXah indonesia Hari Ini : Penurunan tingkat pengangguran terbuka kerap dibaca sebagai kabar baik bagi perekonomian nasional. Dalam berbagai rilis resmi Badan Pusat Statistik indikator ini menunjukkan tren membaik .. https://t.co/QVbByY4exU,sadness
Menteri Koordinator Bidang Perekonomian Airlangga Hartarto menilai laporan JP Morgan Asset Management yang menempatkan Indonesia sebagai negara paling tahan guncangan energi mencerminkan ketahanan energi nasional. Sebagaimana diketahui laporan terbaru Eye on the Market bertajuk https://t.co/f1d9x7F29u,anger
@USER Dr pertama sy nggak bgt percaya dg Purbaya walau awal2 dia terkesan sgt merah putih tp sy selalu ingat apa yg pernah dikatakan Alm RR bhw menkeu dan menko perekonomian itu dlm kendali aseng dan asing jd tak mgkn bekerja utk membela kemandirian dan kesejahteraan bsngsa Indonesia..,love
@USER @USER Bilang aje terus terang kagak becus ngurusin perekonomian rakyat Indonesia ye? Lulbahlul..!,anger
Pemerintah lagi gencar jaga ketahanan pangan guys! Yuk dukung langkah ini biar Indonesia makin sejahtera! Dengan data yang oke perekonomian kita pasti maju! https://t.co/u9kSnLwVpS,sadness
Melalui berbagai inisiatif BRI terus mendorong UMKM untuk tumbuh terhubung dan menciptakan nilai tambah bagi perekonomian daerah. Sobat BRI yuk dukung UMKM Indonesia agar semakin maju! #MelayaniSepenuhHati #BRIMelayaniSepenuhHati #SatuBankUntukSemua #DanantaraCX100 https://t.co/3PH49pB0sx,anger
Realisasi investasi pada kuartal I 2026 yang mencapai Rp498 79 triliun melampaui target Rp497 triliun menjadi sinyal kuat kepercayaan investor terhadap perekonomian Indonesia. #InvestasiTumbuh #EkonomiKuat #IndonesiaMaju https://t.co/GKOWbFHOnS,sadness
Realisasi investasi pada kuartal I 2026 yang mencapai Rp498 79 triliun melampaui target Rp497 triliun menjadi sinyal kuat kepercayaan investor terhadap perekonomian Indonesia. #InvestasiTumbuh #EkonomiKuat #IndonesiaMaju https://t.co/NTCav1lquG,sadness
Realisasi investasi pada kuartal I 2026 yang mencapai Rp498 79 triliun melampaui target Rp497 triliun menjadi sinyal kuat kepercayaan investor terhadap perekonomian Indonesia. #InvestasiTumbuh #EkonomiKuat #IndonesiaMaju https://t.co/d3PHGy9PCI,sadness
@USER Tidak akan memulihkan perekonomian Indonesia cokkk,love
@USER Berdasarkan Pasal 33 UUD 1945 sistem perekonomian Indonesia dirancang bukan berdasarkan kapitalisme murni melainkan demokrasi ekonomi yang berlandaskan asas kekeluargaan dan gotong-royong. namun hal yang telah di jelaskan di atas di jalan secara capitalism.,anger
Danantara adalah kekuatan yang akan menunjang perekonomian Indonesia di masa depan #Danantara #DanantaraIndonesia #EkonomiIndonesia https://t.co/BlwHQMSI79,happy
Danantara adalah kekuatan yang akan menunjang perekonomian Indonesia di masa depan #Danantara #DanantaraIndonesia #EkonomiIndonesia https://t.co/TToHJqltDQ,happy
Danantara adalah kekuatan yang akan menunjang perekonomian Indonesia di masa depan #Danantara #DanantaraIndonesia #EkonomiIndonesia https://t.co/C6PTYNPvVn,happy
Danantara adalah kekuatan yang akan menunjang perekonomian Indonesia di masa depan #Danantara #DanantaraIndonesia #EkonomiIndonesia https://t.co/nAg295N8ne,happy
@USER @USER Akhirnya ada juga yg naik di perekonomian Indonesia .,love
@USER Lumayan loh efek us dolar naik tuh ke perekonomian Indonesia,fear
Realisasi investasi pada kuartal I 2026 yang mencapai Rp498 79 triliun melampaui target Rp497 triliun sinyal kuat kepercayaan investor terhadap perekonomian Indonesia. ini tidak hanya mencerminkan iklim usaha yang semakin kondusif. #InvestasiTumbuh #EkonomiKuat #IndonesiaMaju https://t.co/d4eQoU5L5r,sadness
Kemudian pada pict 2. dijelaskan juga oleh Rikopedia (flowchart pic not mine) bahwa glowchart pengaruh kenaikan harga minyak diatas $80/barel terhadap perekonomian dan sektor di Indonesia. yang mana hal tersebut turut melemahkan nilai tukar rupiah.,sadness
@USER @USER @USER @USER @USER @USER @USER @USER @USER @USER @USER Bantalan RI kokoh perekonomian Indonesia menyala: Maka menyalalah: 1. Rupiah 17.300 terlemah di dunia 2. Utang jatuh tempo + bunga yg harus dibayar 1.435T. 3. CAD Q1: 240T. 4. Asing kabur kencang Menyala ,love
@USER Wlpn srg dibully dihujat dgn Serangan2 (Jual Indosat) hanya dia yg mampu membenahi Perekonomian Indonesia Pasca Krisis Moneter 98 dgn warisan hutang era Soeharto &amp; Indonesia bisa keluar dr Jeratan Renteenir IMF https://t.co/be0UUpfD66,anger
Menteri Koordinator Bidang Perekonomian Airlangga Hartarto mengatakan India dan Filipina berminat mengimpor pupuk urea dari Indonesia seiring posisi produksi nasional yang saat ini mengalami surplus sejauh ini. Pupuk kita mengalami surplus sehingga beberapa negara seperti https://t.co/4sacJeC6dL,anger
kalo tanya ke atasan jawabannya kondisi perekonomian indonesia memang sedang tidak baik-baik saja kita bisa apa? semua sektor emang lagi kaya gini tunjangan saya juga malah dipotong ..,anger
Direktur Hilirisasi Hasil Perkebunan Kementerian Pertanian (Kementan) Kuntoro Boga Andri menyampaikan posisi strategis komoditas kelapa sawit bagi perekonomian nasional saat ini tidak hanya untuk sektor pangan tetapi juga energi. Selain itu kata dia sawit Indonesia https://t.co/QUutqoebkc,happy
Menteri Koordinator Bidang Perekonomian Airlangga Hartarto menanggapi pelemahan nilai tukar rupiah yang tembus Rp17.300 per dolar Amerika pada perdagangan Kamis (23/4/2026). Airlangga mengatakan bahwa menjaga stabilitas nilai tukar merupakan tanggung jawab Bank Indonesia. Namun https://t.co/zqAbtZBW7o,anger
anjing w abis menganalisis perekonomian di indonesia NGELUU COKK NGAPA SI GUE PUNYA PEMIMPIN DAN JAJARAN YG SANGAT SERAKAH???? ANJING LO,anger
Menko Perekonomian: Fundamental Ekonomi RI Tetap Kuat Di tengah dinamika global yang masih penuh ketidakpastian fundamental ekonomi Indonesia tetap terjaga solid. https://t.co/P5bfOkwHJ3,anger
bismillah semoga capcay hari ini bisa bikin perekonomian indonesia membaik,happy
@USER Semoga pak Mentri berserta Jajarannya sukses dalam meningkatkan perekonomian Desa dan Indonesia,love
untuk melihat aktivitas perekonomian perikanan. EKONOMI BIRU UNTUK INDONESIA EMAS 🇮🇩 PPS KENDARI LUAR BIASA! SOSOITO! #PPSKendariluarbiasa #PanganBiru #2026KKPGrowStronger #SailBeyondWithBlueEconomy #EkonomiBiruUntukIndonesiaEmas,anger
apapun yang terjadi pastinya papua akan diperhatikan karena Papua adalah bagian dari indonesia. presiden akan kerahkan tenaganya agar bisa menumbuhkan perekonomian yang baik Cendrawasih Makin Modern #PapuaGoDigital https://t.co/th6Z8GMMwv,love
Selain Australia Pemerintah Sebut Filipina dan India Minati Pupuk Urea Asal Indonesia Jakarta - Menteri Koordinator Bidang Perekonomian Airlangga Hartarto mengatakan India dan Filipina berminat mengimpor pupuk urea dari Indonesia seiring posisi produksi nasional yang saat ini,anger
IMF SALAH MENILAI PEREKONOMIAN INDONESIA YG TERNYATA INDONESIA MAMPU MEMPERKUAT DAN MENJAGA STABILITAS PEREKONOMIANNYA DI MANA DUNIA SEDANG MENGALAMI KRISIS #jagaindonesia #jagaekonominasional #indonesiatangguh #tolakpesimisme #validasiglobal https://t.co/cdXt2Lm7QO,anger
Opimisme ini disampaikan Menteri Koordinator (Menko) Bidang Perekonomian Airlangga Hartarto. Ia memprediksi ekonomi Indonesia tumbuh mencapai 5 5 persen pada kuartal I 2026 atau tumbuh tipis dari laporan akhir 2025 lalu dimana pertumbuhannya 5 2 persen. https://t.co/kPZGOtgMWM,anger
@USER Indonesia (atas resep IMF) sudah terlalu lama terus mengintervensi nilai tukar Rupiah sehingga overvalue. Sudah saatnya Rupiah dibiarkan menuju nilai riilnya tanpa intervensi berlebihan. Akan lebih sehat juga untuk perekonomian.,anger
1167/ kelancaran roda perekonomian di seluruh wilayah Indonesia Kanwil Kemenkum Babel #KementerianHukum #LayananHukumMakinMudah #KanwilKemenkumBabel Kanwil Babel Pasti Kredibel,happy
INDONESIA MAMPU MENJAGA DAN MEMPERKUAT KESTABILITASAN PEREKONOMIAN DI MANA NEGARA2 LAIN SEDANG MENGALAMI KETERPURUKAN DENGAN EKONOMI #JagaIndonesia #jagaperekonomiannasional #indonesiatangguh #tolakpesimisme #kementrian https://t.co/EdxtE0tRDA,anger
Danantara masa depan perekonomian Indonesia #InvestasiBerkelanjutan #EkonomiNasional #BPIDanantara https://t.co/I2Gb7Xm78y,happy
Ketua Dewan Ekonomi Nasional Luhut Binsar Pandjaitan menyampaikan kepada Presiden Prabowo bahwa pertumbuhan perekonomian Indonesia masih terjaga di tengah gejolak dunia. Selama tiga bulan ke depan perekonomian Indonesia tetap melaju sehingga APBN masih terkendali. #SmartNews https://t.co/vGmKU5CyNm,anger
Malu gw Masa perekonomian Indonesia harus makin jeblok lagi? Cukup MBG aja yg jd black hole perekonomian Indonesia,anger
Danantara masa depan perekonomian Indonesia! https://t.co/z2pkiXDnTz,sadness
@USER Bank Indonesia bisa kerja gak sih? Presiden masih ngotot dengan MBG nya? Menko Perekonomian kerjanya ngapain aja? Ketua DEN kenapa gak ada suaranya? Andre Rosiade nongol hanya untuk pencitraan rupiah turun dia ngumpet?,anger
@USER Itukan kerja resmi nya belum lagi kerja sambilan nya entah jualan atau ojek online/kurir Mengingat kondisi perekonomian indonesia lagi berat terutama ke kalangan kelas masyarakat ekonomi menengah,anger
@USER Kocak ini warga X apapun yang dilakukan Pak Presiden Prabowo bakal salah memang betul di X ini sarangnya penyakit hati semua dijelek-jelekin padahal konser itu bisa mendorong perekonomian negara dan menguntungkan daya tarik wisatawan apalagi orang luar banyak yang ke Indonesia.,anger
@USER Kocak ini warga X apapun yang dilakukan Pak Presiden Prabowo bakal salah memang betul di X ini sarangnya penyakit hati semua dijelek-jelekin padahal konser itu bisa mendorong perekonomian negara dan menguntungkan daya tarik wisatawan apalagi orang luar banyak yang ke Indonesia.,anger
@USER Kocak ini warga X apapun yang dilakukan Pak Presiden Prabowo bakal salah memang betul di X ini sarangnya penyakit hati semua dijelek-jelekin padahal konser itu bisa mendorong perekonomian negara dan menguntungkan daya tarik wisatawan apalagi orang luar banyak yang ke Indonesia.,anger
@USER Kocak ini warga X apapun yang dilakukan Pak Presiden Prabowo bakal salah memang betul di X ini sarangnya penyakit hati semua dijelek-jelekin padahal konser itu bisa mendorong perekonomian negara dan menguntungkan daya tarik wisatawan apalagi orang luar yang ke Indonesia.,anger
Masih soal strategi menghadapi krisis dampak situasi di Timur Tengah pada perekonomian Indonesia. #tanyAnin kali ini kita tanya WKU Bidang Perhubungan Pak Adrianto Djokosoetono soal efisiensi dan strategi menghadapi kenaikan BBM di sektor perhubungan dan sebagainya. https://t.co/lxtkdy8Ih9,sadness
@USER cintailah produk produk made in china tionghoa indonesia adalah kunci perantara jangan kalian rasis dengan orang tionghoa penggerak perekonomian indonesia bro.,anger
Pemerintah terus menjaga utang dengan bijak memastikan perekonomian Indonesia tetap stabil dan tumbuh. Bersama kita menuju masa depan yang lebih cerah dan sejahtera! https://t.co/GPeEtrn08F,sadness
Menteri Koordinator Bidang Perekonomian Airlangga Hartarto menyatakan Indonesia menargetkan pertumbuhan ekonomi di atas 5 persen untuk mencapai status negara berpenghasilan tinggi pada 2045 bahkan perlu didorong hingga 6 7 persen di tengah ketidakpastian global yang semakin https://t.co/4T1INR9jww,anger
Menteri Koordinator Bidang Perekonomian Airlangga Hartarto menekankan soal Indonesia yang menjadi salah satu negara yang responsif dalam menghadapi ketidakpastian global. Di bidang energi tengah dilakukan diversifikasi sumber pasokan dan pengurangan ketergantungan pada kawasan https://t.co/J2LI0MhPo6,sadness
Konflik Iran Israel AS Picu Tekanan Ekonomi DPR Soroti Dampaknya ke Indonesia Konflik yang melibatkan Iran Israel dan Amerika Serikat disebut memberikan tekanan terhadap perekonomian global maupun nasional. Hal ini disampaikan Ketua DPR RI Puan Maharani pada Selasa https://t.co/ITCSIyFU3g,anger
Program MBG bener-bener jadi booster buat perekonomian kita! Yuk bareng-bareng kita dukung pertumbuhan ekonomi Indonesia! 🇮🇩 #MBG #EkonomiMaju https://t.co/mI29lBc2bX,happy
Indonesia dan Singapura sepakat untuk memperkuat kerja sama di sektor ekonomi hijau (green economy) terutama energi hijau. Kerja sama tersebut diharapkan dapat mendorong perekonomian Indonesia sekaligus mendukung target Net Zero Emission (NZE). Menteri Investasi dan https://t.co/dMZ72Mx8Lq,sadness
@USER @USER @USER @USER Selain memberikan makanan sehat dan bergizi bagi anak anak Indonesia MBG terbukti mampu mendorong perekonomian masyarakat setempat. #LanjutkanMBG,love
Situasi di Timur Tengah juga membawa dampak yang tidak mudah pada perekonomian Indonesia. Juga terjadi gangguan di sektor migas atau energi plastik dan komoditas strategis lainnya. https://t.co/XNFoMATJJD,sadness
️ Ke depan berbagai kebijakan Pemerintah dan Bank Indonesia perlu terus diperkuat di tengah menurunnya prospek perekonomian global. ️ Berbagai program prioritas Pemerintah untuk menyerap tenaga kerja meningkatkan permintaan domestik dan tetap memperkuat ketahanan fiskal,sadness
Perekonomian Indonesia masih bertumpu pada konsumsi rumah tangga yang pada 2025 mencapai Rp12.835 triliun atau 53 9% dari PDB menjadikannya motor utama aktivitas ekonomi nasional. https://t.co/rf9eFW1hpZ,love
Purbaya DEBAT seru dengan Bank Dunia &amp; IMF di Washington DC Menkeu memaparkan kekuatan perekonomian Indonesia yg MENYALA di saat Dunia gonjang ganjing Ujungnya mereka menawari hutang RI... Langsung ditolak Menkeu bilang bantalan RI kokoh dia masih punya Rp 420 trilyun di https://t.co/Z7k3PCwzCj,anger
*Program Pendidikan Kebanksentralan Bank Indonesia Tahun 2026 resmi dibuka!* Semeton Bank Indonesia membuka kembali kesempatan bagi mahasiswa yang ingin memperluas wawasan meningkatkan kapasitas diri dan memahami peran strategis bank sentral dalam perekonomian. https://t.co/2ZrminE9Vl,sadness
Menteri Keuangan Purbaya Yudhi Sadewa menyatakan bahwa IMF memuji Indonesia sebagai salah satu titik cerah (bright spot) dalam perekonomian global karena fundamental ekonominya yang kuat. IMF memuji Indonesia sebagai salah satu bright spot dalam perekonomian global karena https://t.co/cePGRy1KQk,anger
Kegiatan ini dilanjutkan sesi Talkshow bersama Para Perempuan Inspiratif dari berbagai macam latar belakang yang turut memajukan perekonomian Indonesia. https://t.co/C2nNDVj6Zy,anger
@USER TIDAK ADA BUKTI bhw Bank Dunia minta maaf. Forecast Bank Dunia mencakup banyak negara disusun olh Tim Ekonomi mereka terdiri dari 114 halaman. Ada ulasan lengkapnya khusus mengenai perekonomian Indonesia di Podcast Awalil Rizky.,anger
Katanya Perekonomian Indonesia bakal to the Moon. Tapi nyatanya? https://t.co/xG6rZXeIEh,anger
Presiden Prabowo tegaskan MBG dorong Pertumbuhan Ekonomi dari lapisan paling bawah. Presiden Prabowo memaparkan dampak positif kebijakan Makan Bergizi Gratis (MBG) terhadap perekonomian Indonesia khususnya dari lapisan masyarakat paling abwah https://t.co/TB4J5DB6PU,anger
Presiden Prabowo tegaskan MBG dorong Pertumbuhan Ekonomi dari lapisan paling bawah. Presiden Prabowo memaparkan dampak positif kebijakan Makan Bergizi Gratis (MBG) terhadap perekonomian Indonesia khususnya dari lapisan masyarakat paling abwah https://t.co/zFppx3b1q3,anger
Presiden Prabowo tegaskan MBG dorong Pertumbuhan Ekonomi dari lapisan paling bawah. Presiden Prabowo memaparkan dampak positif kebijakan Makan Bergizi Gratis (MBG) terhadap perekonomian Indonesia khususnya dari lapisan masyarakat paling abwah https://t.co/oqk3yCboEQ,anger
Presiden Prabowo tegaskan MBG dorong Pertumbuhan Ekonomi dari lapisan paling bawah. Presiden Prabowo memaparkan dampak positif kebijakan Makan Bergizi Gratis (MBG) terhadap perekonomian Indonesia khususnya dari lapisan masyarakat paling abwah https://t.co/hfT3PriPeq,anger
Danantara membawa optimisme baru bagi perekonomian nasional. Setiap investasi yang dikelola hari ini menjadi langkah penting menuju Indonesia yang lebih maju dan berdaya saing. #Danantara #PertumbuhanEkonomi #IndonesiaMaju #InvestasiNegara https://t.co/QOFbIb3wTH,happy
Kesenjangan pendanaan masih menjadi tantangan signifikan bagi perekonomian nasional. Berdasarkan data Statistik Sistem Keuangan Indonesia (SSKI) dari Bank Indonesia kebutuhan kredit UMKM diproyeksikan mencapai Rp4.300 triliun pada 2026. Selengkapnya di https://t.co/skFmIWDYUe https://t.co/yZibeM3VYg,anger
Lagi mager keluar rumah? Tinggal klik. Pesan. Tunggu di rumah. Tanpa sadar kebiasaan sederhana ini ikut menggerakkan perekonomian. Yuk sukseskan Sensus Ekonomi 2026 Mencatat Ekonomi Indonesia. Video oleh @USER #SadarStatistik #SE2026 #MencatatEkonomiIndonesia,happy
Semakin kesini pemerintahan dan kondisi perekonomian Indonesia semakin bajingan ~ keparat ~,love
@USER Harus nya 15% agar anggaran MBG bisa berjalan lancar dan menciptkan lapangan kerja baru bagi rakyat dan akan menumbuhkan jumlah pengusaha pengusaha baru dan pada akhirnya akan memperkuat pondasi perekonomian indonesia,love
Hari Kartini 2026: Perempuan Berdaya di Balik Kekuatan UMKM Indonesia Peringatan Hari Kartini menjadi momen reflektif dalam memperjuangkan aspek dasar dalam kehidupan bernegara tak terkecuali perekonomian negeri. Baca selengkapnya di https://t.co/3gXcmcgIyg https://t.co/WiHCGiratQ,sadness
Di tengah perekonomian global yang tidak menentu Indonesia berhasil meyakinkan Bank Dunia IMF dan investor global bahwa ekonomi Indonesia baik-baik saja. Di New York dan Washington DC Amerika Serikat dunia percaya kepada Indonesia Saksikan TOP ECONOMY dengan tema INVESTOR https://t.co/1ZdQei8xQD,anger
Dalam kondisi global yang diliputi ketidakpastian strategis perekonomian dunia diwarnai oleh persaingan kebijakan antarnegara. Kondisi ini berdampak pada stabilitas ekonomi negara termasuk Indonesia yang tercermin dalam fluktuasi nilai tukar serta tingginya suku bunga global.,anger
Dampak Positif Kebijakan Makan Bergizi Gratis (MBG) terhadap perekonomian Indonesia Khususnya dari lapisan masyarakat paling Bawah. MBG Penggerak Ekonomi Rakyat. #GenerasiSehat https://t.co/g8rrAwClTG,anger
Dampak Positif Kebijakan Makan Bergizi Gratis (MBG) terhadap perekonomian Indonesia Khususnya dari lapisan masyarakat paling Bawah. MBG Penggerak Ekonomi Rakyat. #IndonesiaSehat https://t.co/ff0LPSRKbN,anger
Dampak Positif Kebijakan Makan Bergizi Gratis (MBG) terhadap perekonomian Indonesia Khususnya dari lapisan masyarakat paling Bawah. MBG Penggerak Ekonomi Rakyat. #SehatBersamaMBG https://t.co/6zkFIBKKD6,anger
Menteri Koordinator (Menko) Bidang Perekonomian Airlangga Hartarto buka suara soal rencana membuat mobil nasional (mobnas) di Indonesia. Dia mengklaim kendaraan anak bangsa itu akan diproduksi PT Pindad di pabrik Karawang Jawa Barat. ------- Pabrik Pindad di Karawang https://t.co/ZghqSSWIw5,fear
Rupiah meluncur melewati level 17.000 per USD mencapai level 17.125 hari ini. Tekanan semakin meningkat karena angka tersebut semakin jauh dari target pemerintah pada tahun 2026. Apa langkah selanjutnya bagi perekonomian Indonesia? #Rupiah #EkonomiIndonesia #Forex #USD https://t.co/7g7H8QaU52,sadness
@USER @USER Beli di umkm aja biar perekonomian indonesia muter,love
Rapat Kerja Nasional VIII Ikatan Pengusaha Muslimah Indonesia (IPEMI) di Jakarta (21/04). Saya menyampaikan apresiasi atas peran strategis para pengusaha muslimah yang terus bergerak berinovasi dan memberi kontribusi nyata bagi perekonomian bangsa. https://t.co/JLjVExP7fM,anger
optimis generasi muda dan perekonomian papua punya masa depan cerah kalau terus didukung seperti sekarang dan langkah ini jadi Bukti Cinta Prabowo untuk indonesia yang lebih merata #BaktiNegeriDiPapua,love
Pertumbuhan kredit nasional Indonesia mencapai 10 42 persen secara year-on-year (yoy) hingga akhir Maret 2026 menunjukkan kinerja intermediasi perbankan yang tetap kuat dan stabil. Data dari Kementerian Koordinator Bidang Perekonomian (Kemenko Perekonomian) ini mencerminkan,sadness
Keren banget Prabowo ketemu Putin! Langkah strategis buat rakyat dan perekonomian Indonesia. Semoga makin maju! 🇮🇩 https://t.co/NCjlic09fW,happy
Danantara adalah kekuatan yang akan menunjang perekonomian Indonesia di masa depan #Danantara #DanantaraIndonesia #EkonomiIndonesia https://t.co/JSj9m8vTvq,happy
Danantara adalah kekuatan yang akan menunjang perekonomian Indonesia di masa depan #Danantara #DanantaraIndonesia #EkonomiIndonesia https://t.co/t6tACmzO3R,happy
Danantara adalah kekuatan yang akan menunjang perekonomian Indonesia di masa depan #Danantara #DanantaraIndonesia #EkonomiIndonesia https://t.co/OLlTQTKVtw,happy
Danantara adalah kekuatan yang akan menunjang perekonomian Indonesia di masa depan #Danantara #DanantaraIndonesia #EkonomiIndonesia https://t.co/dVPX4CsCuk,happy
#SobatRupiah kenaikan harga minyak dunia bukan hanya isu global dampak rambatannya akan turut memengaruhi perekonomian Indonesia. Lalu apa langkah yang ditempuh Bank Indonesia dalam #RDGBI untuk tetap menjaga stabilitas sekaligus mendorong pertumbuhan? Saksikan DUA HARI https://t.co/xxAhlTdnh7,sadness
Di tengah ketidakpastian global Composite Leading Indicator (CLI) berperan krusial sebagai sistem deteksi dini. Instrumen ini mengolah data komposit dari berbagai sektor untuk memproyeksikan arah kinerja perekonomian suatu negara termasuk Indonesia. https://t.co/yWR1lbXc1S,sadness
Saat banyak negara menyesuaikan harga energi Indonesia tetap berupaya menjaga kestabilan demi rakyat dan perekonomian nasional. #BBMSubsidiTidakNaik Pemerintah Jaga Daya Beli https://t.co/lQ606OT8hv,anger
@USER Karena orang Indonesia hanya dibutuhkan saat pemilu saja karenaaa masih banyak yg bisa dibodohi dengan sedikit uang Indonesia tidak mau pemimpin cerdas yg bisa memperbaiki keadaan negara dan perekonomian rakyat banyak warganya yg cuma butuh sedikit kucuran suap yg penting dikasih,anger
@USER @USER Tetep ajah ada pengaruhnya yg pakai non subsidi orang-orang yg sebagian besar menggerakkan perekonomian bangsa Indonesia.,anger
@USER Perekonomian Indonesia nggak gampang goyah pertumbuhan 2025 buktinya #EkonomiIndonesia,love
Perekonomian maju bikin kita semangat! Yuk dukung kebijakan yang bikin Indonesia tambah keren! Bersama kita bisa capai impian! https://t.co/XAkeBFDGoi,love
Jusuf Kalla Group udah lunasin hutang ke bank pemerintah! Keren banget guys! Kita dukung terus langkah positif buat perekonomian Indonesia! 🇮🇩 https://t.co/pRRyTiTQFy,sadness
BBM naik? Tenang guys! Ini langkah strategis buat perekonomian kita. Yuk dukung pemerintah demi Indonesia lebih maju! https://t.co/HAIApQKaT6,anger
Gatekeep perekonomian indonesia dari lagu TTM. Jadinya barangnya bisa diliat tapi ga bisa dibeli.,happy
Aku tilfunan sm pacar aku kan ya obrolan kita tuh siklusnya suka ga selesai dah ganti topik wkwkwk misal lg bahas perekonomian Indonesia yg lg kyk gini trs tiba-tiba persekian detik gini mandi sana LONCAT BGT LONCATTT PEMBAHASAN WKWMWKWK,love
@USER Perekonomian Indonesia udah kolaps dulu wak,love
eh lu semuaa yah sekali lagi gw ingetin URUSIN BIAS LU AJA CUKI konten bias kalian kan banyak kok sibuk banget ngurusin member yang left as if dengan leftnya hs merusak roda perekonomian hidup lu lu idup di indonesia tiap hari dientot pemerentah sama kebijakan jelek,anger
@USER @USER @USER Kota Medan sebagai gerbang utama Indonesia bagian barat seharusnya dibangun selayaknya etalase negeri. Belawan tidak ada apa-apanya dibandingkan PTP dan POS. Demikian juga KNO yang kalah menarik dibandingkan KLIA dan Changi. Medan harus jadi magnet perekonomian at least in ASEAN,love
DENGAN ADANYA KERJASAMA BILATERAL ANTAR NEGARA INDONESIA MAMPU MENJAGA STABILITAS PEREKONOMIAN #jagaindonesia #jagaekonominasional #lapangankerjauntukrakyat #lokerbukalebar #ekonomi https://t.co/XLz18UJy6Y,anger
INDONESIA MAMPU MEMPERTAHAKAN PEREKONOMIAN DAN KESTABILITASAN POLITIK TERHADAP TEKANAN GLOBAL #jagaindonesia #jagaekonominasional #lapangankerjauntukrakyat #lokerbukalebar #ekonomi https://t.co/XhkmyXcwWE,anger
@USER @USER Semoga berbagai diplomasi membawa dampak positif bagi perekonomian Indonesia,love
@USER Semoga berbagai diplomasi membawa dampak positif bagi perekonomian Indonesia,love
Kabar baik ini tentunya dapat membawa dampak positif bagi perekonomian Indonesia #jagaindonesia# https://t.co/snZEMYGasD,sadness
Kabar baik ini tentunya dapat membawa dampak positif bagi perekonomian Indonesia #jagaindonesia# https://t.co/Pa0gKBytLr,sadness
Investasi di Indonesia itu keren bro! Bukan cuma buat perekonomian tapi juga ciptakan lapangan kerja buat kita semua! Yuk dukung! https://t.co/WSKSvD9fhu,anger
Indonesia dan Rusia makin kompak! Kerja sama lintas sektor bikin perekonomian kita tumbuh pesat. Yuk dukung upaya ini untuk ketahanan nasional kita! https://t.co/ajGRViHhNS,love
@USER @USER Kalau subsidi bbm masih tertolong indonesia exportir komoditas lainnya seperti batubara nikel dsb. Kalau MBG kan sebenernya masih ada efek positif ke perekonomian misalnya ke petani dsb,anger
@USER Eh termul goblok apa kaitan nya org mempertanyakan keaslian ijazah Jokowi sama perekonomian Indonesia???? Emeng Jokowi siapa? Dia cmn bekas presiden yg ijazah nya palsu dan gak mau nunjukin ijazahnya di pengadilan. Termul bloon lu,anger
@USER ㅤ ㅤㅤㅤ ㅤㅤㅤㅤ 𝗫 𝗖𝗵𝗮𝘁 ㅤㅤ Ares. ﹫SWEETCHBLADES K! ﹫eunoialogy : Oh iya? Tapi memang orang sini sering minta foto even ke turis random. : Kamu iyakan? : OKAAAAY FACE ECONOMY. Can you please menyokong perekonomian Indonesia as well? : Okaay. Kabarin ya! ㅤ,love
@USER Mas Cenul... benci kali sekarang kau sama Jokowi... Cobalah sekali-kali ikuti perkembangan IKN dan infrastruktur yg telah dibangun dan yg kelak bakal menjadi pusat perekonomian Kalimantan khususnya Wilayah Indonesia Timur umumnya... Be a positive thinker please...,love
Ini bukan sekedar opini loh. Kemenkeu dan Kemenko Perekonomian udah highlight juga. Ini juga menunjukkan bahwa informalisasi dan deformalisasi ekonomi di Indonesia itu riil. Banyak pengusaha sengaja ga mau naik kelas karena bebannya banyak sudahlah harus bayar karyawan UMR + https://t.co/BfYNkT6J7f,anger
tolong dong orgorg biadab di indonesia dimatiin aja... gue udh capeeeeekk bgt sm perekonomian anjlok ini. gue paling benci kalo ada orang yang pas diajak bahas ginian malah masih ada space buat ngebela,anger
@USER Wlpn menjabat 3th Mak Banteng mampu menjaga perekonomian Indonesia Krismon 98 &amp; mampu klr dr Jeratan Renteenir IMF Indonesia,anger
@USER Apa ini berkat lobi cina ke iran setelah tau amerika dan Indonesia berpotensi memanfaatkan selat Malaka yg bisa ngebunuh perekonomian cina?,love
@USER Bakal makin pelit perekonomian Indonesia selain Rupiah juga anjlok,love
Makin pelik perekonomian Indonesia ,love
Danantara menunjang perekonomian Indonesia di Masa Depan https://t.co/QmpxQUK2bI,sadness
Danantara menunjang perekonomian Indonesia di Masa Depan https://t.co/IUJ4cPlLhQ,sadness
@USER Beliau malah menekankan pada hilangnya potensi ekonomi yang sudah mah dikorupsi/bisnis haram/rent seeking makin hilang lagi karena uangnya tidak berputar di perekonomian Indonesia. Kalau disimpan di perbankan domestik uang tersebut masih bermanfaat buat perekonomian Indonesia.,anger
@USER Itu juga benar tapi intinya keduanya sama-sama jahat karena udah mah uangnya korupsi ga keputer di perekonomian Indonesia.,anger
@USER Butuh redesain perekonomian Indonesia tapi sistem pemerintahan juga diganti dengan 'raja = primer presiden = skunder',love
Di tengah gejolak global kebijakan presiden menunjukkan dampak positif bagi perekonomian Indonesia. Stabilitas dan kekuatan kita semakin terjaga! 🇮🇩 https://t.co/r4oaLJMzDm,sadness
Bergabunglah dengan Koperasi Merah Putih! Kesempatan emas untuk putra terbaik Indonesia tanpa KKN. Mari bersama membangun perekonomian yang lebih baik! https://t.co/uK3QO2Qtes,happy
Dengan kontribusi Jawa Timur yang mencapai lebih dari 14% secara nasional pelaksanaan sensus ini menjadi tolok ukur penting bagi perekonomian Indonesia.,fear
Wakil Kepala Badan Gizi Nasional (BGN) Sony Sanjaya menyebutkan 65 persen masyarakat Indonesia memerlukan Program Makan Bergizi Gratis (MBG) karena berhasil meningkatkan asupan gizi penerima manfaat dan memperkuat perekonomian di daerah. Alhamdulillah berdasarkan survei https://t.co/v2Alz5Jvel,anger
Masyarakat harus melihat fakta bahwa IMF sudah mengakui Indonesia adalah negara yang berhasil menjaga kesetabilan perekonomian di tengah konflik dunia #jagaindonesia#indonesiaaman#imf#viral#fyp https://t.co/90EJ6953bk,anger
Duta Besar Uni Emirat Arab untuk Republik Indonesia bertemu dengan H.E. Francisco Kalbuadi Lay Wakil Perdana Menteri dan Menteri Koordinator Bidang Perekonomian dan Menteri Pariwisata dan Lingkungan Hidup Republik Demokratik Timor Leste dimana membahas topik-topik yang https://t.co/DPZztA3vu3,anger
@USER YUK BOLEH BANGET! DISINI BANYAK TESTI PEREKONOMIAN INDONESIA! Fee 20k/hal. No plagiasi. Dikerjain langsung sama S1 Ekonomi. Gratis dafpus. Testi langsung dicek aja ya di akun ini. Hub langsung lewat WA. ️ WA: https://t.co/FwEuB3XZgx,anger
Bersama mendukung Danantara untuk perekonomian Indonesia yang tumbuh lebih kuat dan berkelanjutan. Saatnya bergerak untuk masa depan bangsa! #Danantara #ManfaatDanantara #DukungDanantara #DanantaraIndonesia https://t.co/Rv0TAYJcw3,love
Era globalisasi dan perdagangan global telah mendorong banyak negara maju untuk outsourcing manufakturnya ke negara-negara berkembang. Ini bagus tentunya untuk negara Indonesia dengan populasi besar. Semakin kacau kondisi geopolitik dunia mengancam nasib perekonomian Indonesia,anger
@USER Tinggi juga badan Pak Purbaya.. Semoga tinggi juga membawa Perekonomian Bangsa Indonesia ke arah yg lbh baik.. Minimal harga dollar kembali Rp. 6.000/1$.. Zaman masih Pak Habibi.. ,anger
Menerima kunjungan Bapak Nianshan Zhang Direktur Jenderal Asia Tenggara dari Asian Development Bank (ADB) di Kantor Kemenko Perekonomian. Dalam pertemuan ini saya menegaskan bahwa Indonesia berada pada jalur pertumbuhan yang solid dan resilien. Proyeksi pertumbuhan ekonomi https://t.co/4lSFwU5goP,sadness
Menteri Koordinator Bidang Perekonomian Airlangga Hartarto menyebut posisi Indonesia di tingkat global semakin meningkat atau semakin high profile . Hal ini tercermin dari meningkatnya kepercayaan dunia stabilitas ekonomi yang terjaga serta peran aktif Indonesia dalam berbagai https://t.co/9h91QYZ1uQ,anger
Mending kalo mau hotel di hotel indonesia aja. Gapapa deh suite juga di bali. Kan lumayan menggerakkan perekonomian indo. Padahal katanya banyak efisiensi tapi wowo kek gt.,happy
btn tidak hanya membantu masyarakat mewujudkan impiannya memiliki rumah sendiri tapi juga membantu perekonomian indonesia dengan menciptakan 12 5 juta lapangan kerja serta penggunaan 90% bahan baku lokal. salut banget #6JutaRumahBTNUntukIndonesia,sadness
@USER Semoga hal ini bisaa membantu perekonomian indonesia yaa #6JutaRumahBTNUntukIndonesia,happy
BANYAK NEGARA DI DUNIA PEREKONOMIANNYA GOYANG SEDANGKAN INDONESIA PEREKONOMIAN MALAH STABIL DAN MEMBUAT IMF TERKEJUT DENGAN KESTABILITASAN PEREKONOMIAN INDONESIA #jagaindonesia #jagaekonominasional #faktabicara #optimismaju #tolakpesimisme https://t.co/K0GyGRSqVw,anger
BANYAK NEGARA SEKARANG EKONOMI GOYANG INDONESIA MALAH STABIL DAN BISA MEMBUAT IMF TERKEJUT DENGAN STABILITAS PEREKONOMIAN INDONESIA #jagaindonesia #jagaekonominasional #faktabicara #optimismaju #tolakpesimisme https://t.co/WYXJdywRPN,anger
Dalam ajang IMF Spring Meetings 2026 International Monetary Fund (IMF) menilai Indonesia sebagai salah satu bright spot atau titik terang dalam perekonomian global di tengah ketidakpastian dunia. Apa sebenarnya yang menjadi alasan IMF menilai demikian? Swipe untuk informasi https://t.co/K72xl8sNbL,anger
Amerika Serikat telah memblokade militer terhadap Selat Hormuz sejak 13 April 2026. Hal tsb diperkirakan akan berdampak terhadap perekonomian global dan domestik Indonesia. Mengingat Selat Hormuz merupakan jalur vital perdagangan energi dunia. Apa saja dampaknya bagi ekonomi https://t.co/CndyRuAFdU,sadness
IMF dan World Bank jangan ganggu Indonesia menuju pertumbuhan ekonomi 6%. Spring Meetings IMF dan Bank Dunia Puji Daya Tahan Perekonomian Indonesia https://t.co/zjBd5TDzbA https://t.co/UK4t0Jymeu,anger
Menteri Koordinator Bidang Perekonomian Airlangga Hartarto mengatakan Amerika Serikat (AS) memiliki posisi yang konsisten sebagai penyumbang surplus perdagangan tertinggi sekaligus salah satu destinasi ekspor terbesar bagi Indonesia. Hal tersebut dia ungkapkan dalam acara Focus https://t.co/bWHnQmyAbD,anger
Sudah waktunya Indonesia keluar dari Dominasi Dollar dalam perdagangan dan perekonomian internasional #columbia #ekonomi #prabowosikatkorupsi #kemiskinanbisadikalahkan https://t.co/By40d7v30F,love
@USER Kebiasaan merokok masih menjadi fenomena sangat lazim di Indonesia sekaligus membawa dampak serius bagi kesehatan masyarakat dan perekonomian negara. Hasil survei dri Survei Kesehtan Indonesia (SKI) 2023 menyatakan bahwa 31 9% penduduk dewasa berusia 18 tahun ke atas atau,happy
Danantara adalah kekuatan yang akan menunjang perekonomian Indonesia di masa depan #Danantara #DanantaraIndonesia #EkonomiIndonesia https://t.co/z7AU3F6Dex,happy
Danantara adalah kekuatan yang akan menunjang perekonomian Indonesia di masa depan #Danantara #DanantaraIndonesia #EkonomiIndonesia https://t.co/5l5sWBEIgF,happy
Danantara adalah kekuatan yang akan menunjang perekonomian Indonesia di masa depan #Danantara #DanantaraIndonesia #EkonomiIndonesia https://t.co/sUwgLyfP9S,happy
Danantara adalah kekuatan yang akan menunjang perekonomian Indonesia di masa depan #Danantara #DanantaraIndonesia #EkonomiIndonesia https://t.co/doFEJ4dml3,happy
Semangat pagi #SobatRupiah! Panggilan buat Sobat yang merasa berpengalaman dan berkompeten serta siap #BeriMakna memajukan perekonomian negeri bersama Bank Indonesia. Sudah tahu kan kalau Bank Indonesia membuka rekrutmen jalur Special Hire (SH) dan Perjanjian Kerja Waktu https://t.co/inDTRpwTep,happy
Suka dengan kinerja Menteri satu ini. #menkeu #purbaya Purbaya memaparkan fundamental perekonomian Indonesia di depan sejumlah investor global di New York dan Washington DC. Paparan itu ditujukan untuk mengakselerasi arus modal asing masuk ke Indonesia. #prabowogibran https://t.co/LSMOqVj9YS,sadness
Investasi di Indonesia makin menggeliat! Buka lapangan kerja baru untuk rakyat bantu perekonomian kita tumbuh bareng-bareng! Semangat terus yuk! https://t.co/rPbrZK7sEE,love
Pertemuan Prabowo dan Putin di Rusia bisa bawa banyak manfaat buat rakyat dan perekonomian Indonesia. Semoga kerjasama ini bikin kita makin maju! ️ https://t.co/VUgnpBXlyc,happy
Pertemuan Prabowo dan Putin di Rusia bisa jadi langkah cerdas! Semoga membawa angin segar untuk rakyat dan perekonomian Indonesia. Kita dukung terus! 🇮🇩 https://t.co/tFAbuIJOZ8,love
Sesi seru antara Prabowo dan Putin! ️ Semoga ini bawa dampak positif buat rakyat dan perekonomian Indonesia! #MenujuKesejahteraan https://t.co/DSP2CN8nFs,happy
Pertemuan Prabowo dan Putin langkah positif untuk rakyat dan perekonomian Indonesia! Semoga bisa bawa banyak manfaat dan peluang baru! 🇮🇩 https://t.co/rkzmns8pu9,love
Di tengah gonjang-ganjing perekonomian global akibat konflik dunia dan tax ratio Indonesia pun yang masih rendah efisiensi anggaran MBG memang perlu dilakukan. Terlebih program anggaran jumbo ini banyak menimbulkan pro dan kontra di masyarakat akar rumput. https://t.co/4xpEocbV2z,sadness
Pertemuan Prabowo dengan Putin jadi langkah positif! ️ Semoga bisa bawa manfaat untuk rakyat dan dorong perekonomian Indonesia ke level yang lebih tinggi! https://t.co/NsuxsdCObe,happy
Investasi di Indonesia itu keren! Buka lapangan kerja baru buat kita semua dan dorong perekonomian. Ayo kita dukung usaha ini! https://t.co/3oF3QWHqzL,happy
Investasi masuk ke Indonesia cuy! Bukan cuma bikin perekonomian makin oke tapi juga ciptain lapangan kerja baru buat rakyat. Ayo bareng maju! 🇮🇩 https://t.co/unjXQ0eQEu,anger
@USER Ih gue malah seneng ketemu org jual murah kek gini ️ lagi pula kalau 90 dari 100 orang Indonesia paham investasi perekonomian bermasalah semua orang nabung uang stak ada di rumah dan gak diputer ke segala lini. Nah fungsi mba2 ini tuh biar ekonomi Indonesia terus berjalan ,anger
Investasi yang datang ke Indonesia bikin lapangan kerja baru bro! Semangat perekonomian kita makin tumbuh! 🇮🇩 https://t.co/OTsqncSPll,love
Pertemuan Prabowo dan Putin langkah brilian! ️ Semoga membawa manfaat luar biasa untuk rakyat dan perekonomian Indonesia. Maju terus Indonesia! 🇮🇩 https://t.co/aIUdsJObJE,happy
DI mata International Monetary Fund (IMF) dan para investor global perekonomian Indonesia dinilai tetap solid di tengah meningkatnya ketidakpastian global. https://t.co/WPBCgTEStM,anger
Mari kita sukseskan SE2026 demi perekonomian Indonesia yang lebih baik #PahamStatistik #SadarStatistik #CintaData #SahabatStatistik #PromosiStatistik #SE2026 #SensusEkonomi #MencatatEkonomiIndonesia,happy
Pertemuan Prabowo dan Putin di Rusia bisa jadi langkah cerdas! Semoga bawa dampak positif buat rakyat dan perekonomian Indonesia. Ayo dukung! 🇮🇩 https://t.co/1aIPstkBQ8,happy
Momen keren! Prabowo ketemu Putin bawa angin segar buat rakyat dan perekonomian kita. Semoga kerjasama ini bikin Indonesia makin maju! 🇮🇩 https://t.co/1C9aUnUy3n,happy
Investasi di Indonesia? Keren banget! Buka lapangan kerja dorong perekonomian dan bikin hidup rakyat lebih sejahtera! Ayo dukung perkembangan negeri kita! 🇮🇩 https://t.co/Q2PThRDe9K,happy
Investasi di Indonesia itu keren! Dapat bikin lapangan kerja baru buat rakyat bikin perekonomian makin maju! Yuk dukung langkah positif pemerintah! https://t.co/UXItPBZnpm,happy
Pertemuan Prabowo dan Putin! Semoga ini bawa pengaruh positif buat rakyat dan perekonomian Indonesia. Kerja sama yang solid masa depan lebih cerah! https://t.co/IeOCJBRQD8,happy
Pertemuan Prabowo dan Putin di Rusia semoga membawa berkah buat rakyat dan perekonomian Indonesia. Ayo kita dukung langkah positif ini! https://t.co/1nKkXFqKpj,happy
Pertemuan Prabowo dan Putin di Rusia jadi langkah strategis! Semoga bisa bawa dampak positif untuk rakyat dan perekonomian Indonesia. Ayo dukung upaya ini! 🇮🇩 https://t.co/ivKMpAehw6,happy
Pertemuan Prabowo dan Putin jadi langkah positif buat rakyat! Semoga ini bawa dampak baik untuk perekonomian Indonesia. Ayo dukung! 🇮🇩 https://t.co/VjQv1n3Y5i,happy
Pertemuan Prabowo dan Putin langkah cerdas! Semoga bisa bawa angin segar buat rakyat dan perekonomian Indonesia. Yuk dukung bersama! 🇮🇩 https://t.co/6ktwXQHDxC,happy
Prabowo dan Putin bertemu! Semoga ini jadi langkah positif untuk rakyat dan perekonomian Indonesia. Kita dukung kolaborasi yang menguntungkan! 🇮🇩 https://t.co/3h1TM3n0ev,love
KEHADIRAN KOPERASI DESA MERAH PUTIH menjadi pengungkit perekonomian desa. Bangun Desa Bangun Indonesia @USER @USER #BPSDMKementerianDesaPDT #KDMPMensejaterakanMasyarakatDesa #KerjasamaKDMPdanBUMDesa #KerjaPendampinganDesaBerdampak #TenagaPendampingProfesional https://t.co/ObN8y47WyQ,love
KEHADIRAN KOPERASI DESA MERAH PUTIH menjadi pengungkit perekonomian desa. Bangun Desa Bangun Indonesia @USER @USER #BPSDMKementerianDesaPDT #KDMPMensejaterakanMasyarakatDesa #KerjasamaKDMPdanBUMDesa #KerjaPendampinganDesaBerdampak #TenagaPendampingProfesional https://t.co/amPYymoeJY,love
2055/ perekonomian Indonesia secara keseluruhan. Melalui perlindungan yang Kanwil Kemenkum Babel #KementerianHukum #LayananHukumMakinMudah #KanwilKemenkumBabel Kanwil Babel Pasti Kredibel,love
Pada rangkaian IMF Spring Meetings Bank Indonesia melanjutkan outreach dengan para investor global untuk menekankan bahwa perekonomian Indonesia tetap berada pada jalur yang tepat dan terkelola dengan baik di tengah meningkatnya ketidakpastian global. Lalu apa lagi upaya yang,happy
SobatRupiah Indonesia kembali ditegaskan sebagai salah satu bright spot dalam perekonomian global dengan fundamental yang kuat kebijakan yang kredibel serta ketahanan ekonomi yang terjaga di tengah meningkatnya ketidakpastian global. Dalam IMF Spring Meetings Managing https://t.co/XNmiRYXmJI,sadness
KEHADIRAN KOPERASI DESA MERAH PUTIH menjadi pengungkit perekonomian desa. Bangun Desa Bangun Indonesia @USER @USER #BPSDMKementerianDesaPDT #KDMPMensejaterakanMasyarakatDesa #KerjasamaKDMPdanBUMDesa #KerjaPendampinganDesaBerdampak #TenagaPendampingProfesional https://t.co/XqnUnN4mEj,love
KEHADIRAN KOPERASI DESA MERAH PUTIH menjadi pengungkit perekonomian desa. Bangun Desa Bangun Indonesia @USER @USER #BPSDMKementerianDesaPDT #KDMPMensejaterakanMasyarakatDesa #KerjasamaKDMPdanBUMDesa #KerjaPendampinganDesaBerdampak #TenagaPendampingProfesional https://t.co/HXDD7pCVEV,love
KEHADIRAN KOPERASI DESA MERAH PUTIH menjadi pengungkit perekonomian desa. Bangun Desa Bangun Indonesia @USER @USER #BPSDMKementerianDesaPDT #KDMPMensejaterakanMasyarakatDesa #KerjasamaKDMPdanBUMDesa #KerjaPendampinganDesaBerdampak #TenagaPendampingProfesional,love
KOPERASI DESA MERAH PUTIH menjadi pengungkit perekonomian desa. Bangun Desa Bangun Indonesia @USER @USER #BPSDMKementerianDesaPDT #KDMPMensejaterakanMasyarakatDesa #KerjasamaKDMPdanBUMDesa #KerjaPendampinganDesaBerdampak #TenagaPendampingProfesional https://t.co/UfBhtywz7Q,love
KEHADIRAN KOPERASI DESA MERAH PUTIH menjadi pengungkit perekonomian desa. Bangun Desa Bangun Indonesia @USER @USER #BPSDMKementerianDesaPDT #KDMPMensejaterakanMasyarakatDesa #KerjasamaKDMPdanBUMDesa #KerjaPendampinganDesaBerdampak #TenagaPendampingProfesional https://t.co/G5aAq4zEnn,love
DI mata International Monetary Fund (IMF) dan para investor global perekonomian Indonesia dinilai tetap solid di tengah meningkatnya ketidakpastian global. https://t.co/WPBCgTEStM,anger
Investasi di Indonesia itu keren! Buka lapangan kerja baru bikin rakyat sejahtera dan tingkatin perekonomian kita. Ayo dukung kemajuan bersama! 🇮🇩 https://t.co/BiHY3YfYpB,happy
KEHADIRAN KOPERASI DESA MERAH PUTIH menjadi pengungkit perekonomian desa. Bangun Desa Bangun Indonesia @USER @USER #BPSDMKementerianDesaPDT #KDMPMensejaterakanMasyarakatDesa #KerjasamaKDMPdanBUMDesa #KerjaPendampinganDesaBerdampak #TenagaPendampingProfesional https://t.co/Euy2nRhZ6Q,love
Investasi masuk lapangan kerja baru tercipta! Yuk dukung perekonomian Indonesia dan bawa harapan buat rakyat! Bersama kita bisa! https://t.co/lzZIyASZgl,love
Investasi di Indonesia? Yeay! Buka peluang kerja buat kita semua! Yuk bantu angkat perekonomian dan wujudkan masa depan yang cerah! https://t.co/gt2Lt2JQ20,happy
Kau berani Ngomong gitu ke orangtua pemain yang berjuang mati²an biar anaknya bisa belajar sepakbola di SSB/Akademi lalu kini mendapat kontrak di Klub SuperLeague/Championship dan mengubah nasib perekonomian keluarganya lewat sepakbola Indonesia? Karena gak semua pesepakbola,sadness
Investasi masuk ke Indonesia bikin lapangan kerja buat rakyat! Yuk kita sambut peluang baru dan tingkatin perekonomian! 🇮🇩 https://t.co/UrHFgEWmcq,love
Investasi masuk ke Indonesia bawa harapan baru! Lapangan kerja makin banyak perekonomian kita makin maju. Yuk dukung pertumbuhan bersama! https://t.co/DiYuyODH9w,happy
@USER joki paper perekonomian indonesia sama aku no ai free turnitin gas wa aja ya kakk bisa payment di akhir,love
930/ perekonomian Indonesia dan dengan melindungi produk mereka Kanwil Kemenkum Babel #KementerianHukum #LayananHukumMakinMudah #KanwilKemenkumBabel Kanwil Babel Pasti Kredibel,love
@USER Kita semua berharap KDMP dan BUMDes bisa berkembang berbarengan untuk memajukan perekonomian masyarakat desa di Indonesia. Sukses Pak menteri Bangun Desa bangun Indonesia.🇮🇩,happy
@USER paper perekonomian indonesia bisa kak selesai sore ini kak aku bantu btw di aku ada free revisi kak free mendeley dan free turnitin score check,love
butuh joki paper perekonomian indonesia yang bisa selesai malam ini ada ga yaa? #zonauang #jokitugaskuliah #jokitugas,happy
Epic tuhhhhh waktu lu di malaysia naik grab trus driver nya nanya gimana kondisi perekonomian indonesia? Daaaaaaan sbg WNI pun susah maw ngejawab karena malu.,anger
@USER @USER @USER @USER @USER @USER @USER @USER Siap kk mari buat perekonomian Indonesia seperti planning pemerintah 10% ,love
Ekonomi Indonesia tetap solid guys! Di tengah gejolak global kita kuat berkat perekonomian domestik. Terus dukung ketahanan pangan dan energi yuk! https://t.co/RuuE5ACtCj,sadness
Ekonomi Indonesia tetap tangguh! Di tengah gejolak global ketahanan kita kuat didorong oleh potensi domestik. Yuk terus dukung perekonomian kita! 🇮🇩️ https://t.co/QEuJXYKc3X,sadness
Indonesia tetap tangguh guys! Ekonomi kita kuat jauh dari krisis! Airlangga bilang semua berkat ketahanan pangan dan energi. Ayo dukung perekonomian kita! https://t.co/IatJda73Tk,love
Ekonomi Indonesia tetap solid gaes! Di tengah gejolak global kita punya ketahanan yang kuat. Indonesia jauh dari krisis! Terus dukung perekonomian kita! https://t.co/4gDJwXh93I,sadness
Ekonomi Indonesia tetap keren dan tangguh bro! Dengan kekuatan domestik yang solid kita siap hadapi semua tantangan! Yuk dukung terus perekonomian kita! 🇮🇩 https://t.co/WuEA5F0Zbd,love
Ekonomi Indonesia tetap tangguh! Di tengah gejolak global ketahanan kita solid didukung perekonomian domestik yang kuat dan sumber daya yang melimpah. Semangat terus! https://t.co/KQRETtCXr4,sadness
Ekonomi Indonesia tetap solid! Gak kayak tahun '98 sekarang kita kuat berkat perekonomian domestik. Yuk dukung terus ketahanan pangan dan energi! https://t.co/suaT8h9bgz,sadness
Indonesia dan Rusia makin kompak! Kerja sama lintas sektor ini bakal dorong perekonomian kita. Ayo dukung langkah pemerintah untuk ketahanan nasional! https://t.co/gzaqX7U9HX,anger
328/ positif bagi perekonomian Indonesia dan memperkenalkan kekayaan Kanwil Kemenkum Babel #KementerianHukum #LayananHukumMakinMudah #KanwilKemenkumBabel Kanwil Babel Pasti Kredibel,happy
152/ bagi perekonomian Indonesia. Kegiatan ini juga membuka Kanwil Kemenkum Babel #KementerianHukum #LayananHukumMakinMudah #KanwilKemenkumBabel Kanwil Babel Pasti Kredibel,love
menghadirkan kontribusi terbaik bagi masyarakat dan perekonomian nasional. Bersama kita lanjutkan langkah dengan penuh optimisme demi Indonesia yang lebih baik. #PLNUntukSemua #PLNUntukIndonesia #PLNUIDSulselrabar,love
Dengan semangat transformasi yang terus tumbuh optimisme pun semakin menguat untuk menghadirkan kontribusi terbaik bagi masyarakat dan perekonomian nasional. Bersama kita lanjutkan langkah dengan penuh optimisme demi Indonesia yang lebih baik. #PLNUntukSemua #PLNUntukIndones,love
Wah seru banget! Indonesia dan Rusia makin akrab kerja sama lintas sektor bikin perekonomian tumbuh pesat! Semoga ketahanan nasional kita semakin kuat! https://t.co/4Tmug5mlmf,love
Indonesia dan Rusia makin kompak! Kerjasama lintas sektor bikin perekonomian kita makin kuat dan ketahanan nasional terjaga. Semangat terus guys! https://t.co/qg1FHMlSzf,love
Menteri Koordinator Bidang Perekonomian RI Airlangga Hartarto menjelaskan kondisi ekonomi Indonesia saat ini tetap tangguh di tengah gejolak global berbeda dengan 1998. https://t.co/ymDyFtlbql,anger
Bank Indonesia (BI) memetakan tiga jalur utama yang dapat menyalurkan dampak perang antara Amerika Serikat dan Iran ke perekonomian Indonesia. Ketiga jalur tersebut meliputi jalur finansial komoditas dan produksi yang dinilai berpotensi memicu tekanan ekonomi jika konflik https://t.co/rCbYhC2it6,anger
Sejumlah menteri ekonomi kompak optimisme terhadap ekonomi nasional meski disaat yang sama mengakui adanya tekanan global yang mulai menahan laju investasi. Menkeu Meninves dan Hilirisasi/Kepala BKPM serta Menko Perekonomian nilai fundamental ekonomi Indonesia masih solid.,anger
Ekonomi Indonesia di tengah ketidaknpastian global sepanjang tahun 2025 tumbuh 5 11% Dg PDB 🇮🇩 Rp 23.821 triliun &amp;/ $ 1 45 triliun Katagori = Tangguh Pertumbuhan di Q1 tahun 2026 sebesar 5 54% SOLID Optimis Indonesia 🇮🇩 Bisa jadi karena MBG memutar masif perekonomian https://t.co/QUa2nE56BM,sadness
kontribusi terbaik bagi masyarakat dan perekonomian nasional. Bersama kita lanjutkan langkah dengan penuh optimisme demi Indonesia yang lebih baik. #PLNUntukSemua #PLNUntukIndonesia,love
Salah satu penopang utama perekonomian Indonesia https://t.co/xvIHm9QrCu,sadness
Menteri Keuangan (Menkeu) Purbaya Yudhi Sadewa melakukan serangkaian langkah strategis untuk memperkuat kepercayaan investor global terhadap perekonomian Indonesia. Menkeu menggelar sejumlah pertemuan intensif dengan para investor raksasa di New York dan Washington DC Amerika https://t.co/nlcRZ66lZi,anger
Dengan semangat transformasi yang terus tumbuh optimisme pun semakin menguat untuk menghadirkan kontribusi terbaik bagi masyarakat dan perekonomian nasional. Bersama kita lanjutkan langkah dengan penuh optimisme demi Indonesia yang lebih baik.,love
Menteri Koordinator Bidang Perekonomian Airlangga Hartarto menegaskan kondisi ekonomi Indonesia tetap tangguh di tengah ketidakpastian global dan jauh berbeda dibanding krisis 1998. Jauh berbeda dengan situasi tahun 1998. Dari segi ekonomi makro saya katakan pertumbuhan PDB https://t.co/bobrWxaVYy,anger
kontribusi terbaik bagi masyarakat dan perekonomian nasional. Bersama kita lanjutkan langkah dengan penuh optimisme demi Indonesia yang lebih baik. #PLNUntukSemua #PLNUntukIndonesia #PLNUIDSulselrabar,love
Di tengah ketidakpastian global akibat konflik di kawasan Timur Tengah perekonomian Indonesia pada kuartal I-2026 diperkirakan tetap menunjukkan ketahanan. #perekonomian #konflik #timurtengah #indonesia https://t.co/hP7vpKhayE,sadness
Di tengah ketidakpastian global akibat konflik di kawasan Timur Tengah perekonomian Indonesia pada kuartal I-2026 diperkirakan tetap menunjukkan ketahanan. #perekonomian #konflik #timurtengah #indonesia https://t.co/sPtk7p5LhH,sadness
kontribusi terbaik bagi masyarakat dan perekonomian nasional. Bersama kita lanjutkan langkah dengan penuh optimisme demi Indonesia yang lebih baik. #PLNUntukSemua #PLNUntukIndonesia #PLNUIDSulselrabar,love
@USER Itu namanya kalian dungu ingat pemegang kendali perekonomian Indonesia adalah Kristen,love
@USER @USER @USER @USER emg jir mrka tu otaknya dangkal idiot bego bgt kl lg mentok. patut lah perekonomian Indonesia g bsa meningkat krn mayor org oknumnya aj kek gini WKKWKWKW,anger
Dengan semangat transformasi yang terus tumbuh optimisme pun semakin menguat untuk menghadirkan kontribusi terbaik bagi masyarakat dan perekonomian nasional. Bersama kita lanjutkan langkah dengan penuh optimisme demi Indonesia yang lebih baik.,love
@USER Salah satu faktor kenapa perekonomian Jakarta maju ya didorong oleh infrastruktur fasum yang terintegrasi. Semoga aja semua kota besar di Indonesia sadar akan keuntungan dari kota berkonsep walkable .,love
1. Pendidikan Pancasila 2. Pendidikan Agama Islam 3. Bahasa Indonesia 4. Teori Ekonomi Mikro 5. Fikih Muamalah Ekonomi Syariah 6. Perekonomian Indonesia Pasca Reformasi COD sekitar UB tags: wts wtb buku ekonomi preloved preloved buku buku kuliah malang mlg UB https://t.co/BnTxkmlsp4,anger
Airlangga: Ekonomi Indonesia Tetap Tangguh di Tengah Gelojak Global Jauh Beda dari Tahun 1998 Jakarta - Menteri Koordinator Bidang Perekonomian RI Airlangga Hartarto menjelaskan bahwa kondisi ekonomi Indonesia saat ini tetap tangguh di tengah gejolak global. Jauh dari krisis https://t.co/FKvWwEKlnd,sadness
@USER Ya Allah mau perekonomian indonesia yg sejahtera,love
Katanya perekonomian Indonesia msh belum pulih yaa... Heranku ini kereta bener2 penuh 9 gerbong ekse. dan bisa kubilang ini kereta lumayan yaaa harganya. pada kerja apa yaaa mereka? https://t.co/LoqDkn2eV4,anger
Pertumbuhan Ekonomi RI Kuartal I-2026 Diramal 5 54 Persen Masih Solid di Tengah Gejolak Global Jakarta - Di tengah ketidakpastian global akibat konflik di kawasan Timur Tengah perekonomian Indonesia pada kuartal I-2026 diperkirakan tetap menunjukkan ketahanan. Ekonom https://t.co/OuP8EcTg92,sadness
Tidak ada alasan untuk ragu atau panik. Perekonomian Indonesia sedang dijaga dan dikelola dengan baik. Mari kita kesampingkan narasi-narasi yang tidak berdasar tetap bersatu dan terus optimis mendukung langkah-langkah nyata menuju Indonesia yang lebih maju dan sejahtera. https://t.co/TYP6zIueiM,love
Di tengah dinamika global perekonomian Indonesia di bawah kepemimpinan Presiden Prabowo Subianto terus menunjukkan ketahanan dan stabilitas yang solid.#NarasiPemakzulanTanpaDasar #EkonomiIndonesiaMasihTerkendali #DemokrasiKuatIndonesiaMaju https://t.co/KmTAYHvnFF,sadness
Menteri Koordinator Bidang Perekonomian Airlangga Hartarto menyebut proyek melamin pertama di Indonesia sebagai tonggak penting dalam perjalanan pengembangan industri nasional khususnya dalam mendorong hilirisasi sektor energi dan kimia. Airlangga mengatakan proyek ini akan https://t.co/Dlu8m3DLP3,anger
2 sedangkan #Iran melancarkan serangan terhadap negara2 #TelukArab dan mengganggu perekonomian mereka Sementara #Amerika justru menghidupkan kembali perekonomiannya (Perang #ekonomi dan pemerasan finansial). #تدل_دربها #CR7 #Indonesia #Malaysia #Brunei #Singapura #كريستيانو,happy
Danantara adalah kekuatan yang akan menunjang perekonomian Indonesia di masa depan #Danantara #DanantaraIndonesia #EkonomiIndonesia https://t.co/pszSyOSC19,happy
Danantara adalah kekuatan yang akan menunjang perekonomian Indonesia di masa depan #Danantara #DanantaraIndonesia #EkonomiIndonesia https://t.co/jxse9AMwlw,happy
Sekretaris Kabinet Teddy Indra Wijaya menyatakan perekonomian Indonesia tetap tangguh di tengah gejolak global yang terjadi saat ini. Pernyataan tersebut disampaikan Teddy pada Sabtu 11 April 2026 menanggapi kondisi ekonomi dunia yang masih tidak stabil. Menurut Teddy https://t.co/pD5WGysf5U,sadness
Sama seperti setiap data usaha yang dihimpun semuanya akan saling melengkapi untuk memberikan gambaran nyata perekonomian Indonesia termasuk di Kabupaten Deli Serdang. Yuk sambut Sensus Ekonomi 2026 dengan semangat terbaik! Mari sukseskan pendataan pada Mei Agustus 2026,happy
Kinerja Presiden Prabowo menunjukkan komitmen nyata dalam mensejahterakan rakyat. Kebijakan yang tepat sasaran membawa dampak positif bagi perekonomian dan kesejahteraan masyarakat. Terus maju untuk Indonesia! https://t.co/dSZMaaYZBz,sadness
Pemerintah menargetkan pertumbuhan ekonomi Indonesia pada kuartal I 2026 dapat mencapai 5 5 persen. Menko Bidang Perekonomian Airlangga Hartarto mengatakan capaian tersebut sejalan dengan proyeksi pertumbuhan ekonomi sepanjang tahun yang dipatok dalam APBN 2026. #SmartNews https://t.co/xkQhMEeFSt,sadness
Kemitraan strategis Indonesia dan Jepang menunjukkan komitmen kuat untuk memperkuat daya saing dan stabilitas regional mendorong pertumbuhan berkelanjutan yang membawa dampak positif bagi perekonomian kita. https://t.co/LZ0Aj9MCS1,love
@USER MBG telah mengerjakan roda perekonomian Indonesia. Mari kita dukung dan kawal program MBG. Terima kasih Bapak Presiden Prabowo Subianto,happy
edisi bantu perekonomian indonesia (skala aku): 1.jajan bakso sapi mba atun 2.repeat order biar ekonomi stabil,love
Bersama Danantara investasi nasional semakin solid dan perekonomian Indonesia terus bertumbuh secara berkelanjutan. #DanantaraMaju #InvestasiUntukBangsa #EkonomiTumbuh https://t.co/DxWUyzMG5t,love
Sobat BRI langkah strategis ini diharapkan tercipta pengelolaan aset yang lebih optimal dan memberikan manfaat jangka panjang bagi perekonomian. Yuk dukung upaya membangun ekosistem keuangan untuk masa depan ekonomi Indonesia! #MelayaniSepenuhHati #BRIMelayaniSepenuhHati https://t.co/izo80XrL1O,sadness
@USER Pemerintah saat ini terus berupaya dalam menjaga stabilitas perekonomian Indonesia.,love
@USER Tiap kali ada analisa asing yg kredibel terhadap perekonomian dan keuangan Indonesia si poor bye ya ngamuk2,anger
Perekonomian Indonesia menunjukkan resiliensi yang kuat melalui penguatan sektor domestik stabilitas fiskal dan kebijakan adaptif di tengah dinamika global. #EkonomiResilien #IndonesiaEmas #IndonesiaMaju https://t.co/on7tkgAj5v,sadness
Perekonomian Indonesia menunjukkan resiliensi yang kuat melalui penguatan sektor domestik stabilitas fiskal dan kebijakan adaptif di tengah dinamika global. #EkonomiResilien #IndonesiaEmas #IndonesiaMaju https://t.co/bxGFTtIi3G,sadness
@USER YANG GUE JADI MUAK ADA PIHAK SOK PRIHATIN DENGAN KONDISI BANGSA INI MEMANG KENAPA KONDISI BANGSA INI ? SEKARANG INDONESIA LEBIH BAIK DARI AMERIKA DAN ISRAEL YANG SDH JELAS HANCUR KE-DIGDAYAAN PEREKONOMIAN PERDAGANGAN DAN KEMANUSIAANNYA. KERUSUHAN DI SEMUA NEGARA BAGIAN USA ..,love
Semoga ikhtiar pemerintah untuk melakukan WFH di tengah ancaman kelangkaan energi ini memberikan manfaat bagi perekonomian negara dan kesejahteraan masyarakat Indonesia. ,anger
Pemangkasan proyeksi Bank Dunia menjadi sinyal penurunan ekspektasi global terhadap ekonomi Indonesia. Pemerintah pun optimistis ekonomi tetap sesuai ekspektasi dengan mengoptimalkan sektor perekonomian yang memiliki nilai lebih tinggi. Baca informasi https://t.co/oSttbvBbG3 https://t.co/SZCiiq6Wzm,sadness
@USER Pak @USER sebaiknya wajibkan menteri hingga seluruh ASN untuk gunakan&amp;promosikan produk UMKM Indonesia di social media setiap minggu mulai dari batik tas hingga bantal karena UMKM yg berkualitas &amp; segera naik kelas dapat tingkatkan perekonomian Indonesia&amp;bangun kemandirian!,anger
#BeritaEkon Hai #SahabatEkon Kondisi perekonomian Indonesia secara umum masih baik. Di antara Negara Anggota G20 pertumbuhan ekonomi sebesar 5 39% pada Kuartal IV-2025 berada di posisi kedua. Yuk simak. https://t.co/iCrgZbqSqb #EKONomiLaju #IndonesiaMaju https://t.co/B5ieiagea2,anger
Menteri Koordinator Bidang Perekonomian Airlangga Hartarto saat menyambut baik inisiatif mendorong tim @USER untuk menawarkan program manajemen khusus yang dirancang guna menjawab kebutuhan yang terus berkembang dari perekonomian Indonesia yang semakin,love
OTW MAU BERTEMU PANGERAN Q wishie adek-adek tunggu kehadiran sosok yang berkontribusi besar terhadap perekonomian indonesia ini #nctwish https://t.co/DDtu7dGsJH,happy
Menteri Keuangan Purbaya Yudhi Sadewa mengkritik proyeksi pertumbuhan ekonomi Indonesia yang dirilis Bank Dunia. Ia menilai perhitungan tersebut keliru dan memicu sentimen negatif terhadap perekonomian nasional. https://t.co/54UOeDxwRI.,anger
Menteri Keuangan Purbaya Yudhi Sadewa mengkritik proyeksi pertumbuhan ekonomi Indonesia yang dirilis Bank Dunia. Ia menilai perhitungan tersebut keliru dan memicu sentimen negatif terhadap perekonomian nasional. #SmartNews @USER https://t.co/FkPy9Y7Tz4,anger
Airlangga Hartarto Menteri Koordinator Bidang Perekonomian menyatakan ekonomi Indonesia tetap tangguh di tengah tekanan global didukung konsumsi domestik yang kuat hilirisasi industri serta stabilitas kebijakan yang terjaga. https://t.co/3eYTKnKJ9v,sadness
Perekonomian berkembang menuju Indonesia maju #ManfaatMBG #MBGIndonesia https://t.co/1EQZBnWTq9,happy
Menteri Koordinator Bidang Perekonomian Airlangga Hartarto menegaskan laju pertumbuhan ekonomi nasional masih berada di jalur kuat dan stabil. Airlangga Bongkar Alasan Ekonomi Indonesia Tetap Tangguh pada Kuartal Pertama Meski di Tengah Tekanan Global https://t.co/568dBVI00I,anger
@USER Scroll reply ke bawah kayaknya perekonomian Indonesia makin mengkhawatirkan karena banyak perusahaan yg cashflow-nya macet... ,anger
@USER ya karena ga cemerlang2 amat n belom kliatan buktinya.. wong sampe keguling aja indonesia di posisi kelaparan massal.. inflasi tinggi ..rupiah ancur dll. klw pas dipimpin beliau indonesia melejit perekonomian dll nya mirip2 iran sekarang misalnya .ya pasti akan dikenang isme2nya,anger
Pemerintah membeberkan berbagai langkah yang diambil untuk memastikan perekonomian Indonesia mampu menghadapi tekanan dan masyarakat tetap terlindungi. Selengkapnya https://t.co/BjBskUt2Vf,sadness
Menteri Koordinator Bidang Perekonomian Airlangga Hartarto mengatakan Indonesia berpotensi menghemat anggaran subsidi hingga puluhan triliun rupiah per tahun melalui penerapan kebijakan biodiesel 50 persen (B50) yang mulai berlaku pada 1 Juli 2026. B50 merupakan campuran 50 https://t.co/jcQ8HKH2I1,anger
Menteri Koordinator Bidang Perekonomian Airlangga Hartarto menekankan pertumbuhan ekonomi Indonesia pada kuartal I-2026 tetap terjaga kuat dan stabil di tengah ketidakpastian global. Fundamental ekonomi seperti konsumsi rumah tangga dan sejumlah indikator makro digadang-gadang https://t.co/FjQGxP6LES,anger
@USER @USER Bangsatnya Indonesia dijadikan negara miskin dengan ketergantungan perekonomian pada hutang luar negeri yang makin menggunung.,anger
Makan Bergizi Gratis bagi anak anak di perkotaan mungkin hal yang biasa namun bagi mereka yang tinggal di Indonesia Timur dan wilayah 3T lainnya program ini benar benar membawa kebahagiaan bagi penerima manfaat dan meningkatkan perekonomian masyarakat setempat. @USER https://t.co/juYeHguoWq,sadness
Malem ini gue pertama kalinya dalam hidup mimpi hal serius teknikal fundamental.. gw mimpi bimbingan proposal milih judul tentang B2B.. terus gw jelasin gimana B2B sangat2 membantu perekonomian indonesia. Tiba2 banget?? Gw kuliah udah 10tahun lalu btw semalem jg cuman scroll,anger
@USER @USER Kalau Indonesia tutup selat Malaka perekonomian China Taiwan Korea Selatan dan Jepang akan kena apalagi China 80% nya impor lewat sana kalau kita tutup selat Malaka otomatis kita bakal kena rudal Dongfeng ke Jakarta buat peringatan dan navy China akan hancurkan blokade kapal RI.,anger
Prabowo: Kalau Perang Dunia ke-3 RI Masuk Daftar 3 Negara Paling Aman Turis semakin ramai datang. Ini menurutnya menjadi peluang bisnis dan meningkatkan perekonomian. Baca selengkapnya di atau download app CNBC Indonesia di AppStore dan PlayStore! https://t.co/pa3TY02KeX,sadness
Diam diam misi carmen membantu perekonomian indonesia wkwkwkkwkw ,anger
@USER Jangan terprovokasi perekonomian di Indonesia tetap stabil.,love
@USER Menteri Keuangan Pak Purbaya lebih memahami kondisi fiskal dan keuangan negara ditengah gejolak politik dunia. Kita dukung terus pemerintah untuk tetap menjaga perekonomian Indonesia tetap stabil.,anger
@USER Dr muka nya kelihatan hati org ini busuk. Setiap pemimpin di musuhi. Apakah pemimpin yg mereka ingin bisa dgn mudah memperbaiki perekonomian dan kondisi indonesia dgn cara membalikan telepak tangan??? Semua butuh waktu dan proses. Sabar cok!!!!,anger
Antara masalah perekonomian di Indonesia : Buruknya birokrasi layanan konsumen. Jaringan WIFI rusak aja pun mau lapor dan urus agar petugas datang bahwa ribet amat. Harus ke kantor lah kemudian diarahkan lagi hubungi nomor pusat dll. Masyarakat itu bayar jangan bikin ribet.,anger
Perekonomian Indonesia bener2 lagi ngeri banget. Entah itu dari efek global maupun dalam negeri. Efeknya bener2 langsung ke grassroots. Ya Allah ,fear
E3. Tantangan Pembuktian Berbeda dengan kerugian keuangan negara yang dapat dihitung secara konkret kerugian perekonomian negara cenderung abstrak. Ia sering berbasis pada asumsi proyeksi dan analisis ekonomi yang kompleks. Jika Kejaksaan Republik Indonesia tidak memiliki https://t.co/umLP9KhCtd,anger
E1. Antara Terobosan dan Batas Hukum Langkah memasukkan unsur kerugian perekonomian negara dalam perkara korupsi patut diapresiasi sebagai upaya memperluas jangkauan penegakan hukum. Namun bagi Kejaksaan Republik Indonesia terobosan ini bukan tanpa risiko. Di satu sisi membuka https://t.co/juEX27Pg1y,anger
Menelisik Dampak Perang Iran-AS terhadap Napas Perekonomian Global dan Indonesia https://t.co/psuW1RMDID #Headline,anger
@USER Menteri Keuangan Pak Purbaya lebih memahami kondisi fiskal dan keuangan negara ditengah gejolak politik dunia. Kita dukung terus pemerintah untuk tetap menjaga perekonomian Indonesia tetap stabil.,anger
@USER Terima kasih Pak purbaya atas kinerjanya menjaga perekonomian Indonesia tetap stabil di tengah kondisi dunia yg waduhh2,happy
@USER @USER @USER @USER @USER Sumber: BPK RI https://t.co/C57Jw2fMrS (soal honorer) Sumber: INDEF https://t.co/vps7xou19T (mbg juga) Sumber: Worldbank https://t.co/6cDJbMHKNJ. (Analisis perekonomian indonesia per 2025) Sumber: Guru Besar UIN Jakarta https://t.co/4uwFZJiO0v Analisis perekonomian indonesia..-,anger
Aku udah rencanain konser TWICE di Jepang dari Desember 2023 setelah konser RTB di Jakarta udah mulai nabung dikit-dikit not knowing kalau perekonomian Indonesia (bahkan global) lagi di ambang krisis tau bakal kek gini mah mending dikeep duitnya dah tapi udah terlanjur booking,anger
BBM subsidi terjaga APBN tetap kuat! Yuk bareng-bareng kita dukung perekonomian Indonesia! Terus semangat guys! https://t.co/EB8jy5EU6n,anger
@USER Apakah foya2 anggaran untuk kopdes dan MBG juga didanai soros agar perekonomian indonesia makin tertekan?,love
Indonesia tengah menghadapi tantangan besar dalam menjaga daya tahan ekonomi khususnya bagi kelas menengah yang menjadi tulang punggung pertumbuhan. Di IDE Katadata Future Forum 2026 Airlangga Hartarto - Menteri Koordinator Bidang Perekonomian RI akan hadir untuk membahas https://t.co/szUf21T6el,love
@USER @USER wapres pekok dengan otak kosong tak ada ide untuk daya ungkit perekonomian.......nasib2 indonesia,anger
https://t.co/WvTeSEmjXO Tokoh Buruh Jumhur Hidayat menawarkan dua solusi menghadapi krisis geopolitik Timur Tengah yang berdampak ke perekonomian dalam negeri Indonesia. Pertama memperpanjang work from home hingga enam bulan.,sadness
@USER @USER @USER @USER @USER @USER @USER @USER @USER @USER @USER Makhluk goblok. Mana referensi validmu? Kondisi perekonomian jumlah peserta makan siang kandungan gizi dan faktor2 lain apakah sama dengan Indonesia?,love
Danantara Pacu Stabilitas Ekonomi Indonesia dan mampu memberikan rasa aman bagi investor global di tengah dinamika perekonomian dunia. #danantara https://t.co/NRSklazMKg,sadness
Perekonomian nasional aman terkendali oleh pemerintah Indonesia. Masih saja ada yang tidak percaya Mari kita bedah. A Thread #PrabowoSubianto #JagaIndonesia #TerimakasihPakBowo,sadness
Menelisik Dampak Perang Iran - AS Terhadap Nafas Perekonomian Global dan Indonesia https://t.co/Y6lxfl9953,sadness
@USER optimis perekonomian Indonesia mmbaik dibawah kepemimpinan pak Prabowo.,love
@USER optimis perekonomian Indonesia mmbaik dibawah kepemimpinan pak Prabowo. APBN membangun bangsa jaga pertumbuhan ekonomi,anger
Mengapa Hidupkan Lagi Insentif EV Bisa Redam Krisis Energi Akibat Konflik Timteng? Krisis energi akibat konflik di Timur Tengah terus menghimpit perekonomian seluruh dunia tak terkecuali Indonesia. Harga minyak dunia yang sudah jauh di atas 100 dolar AS per barel membuat https://t.co/AtDW36Hz2j,anger
@USER Pemerintah menjaga perekonomian Indonesia lebih baik,love
Gimana ini yang katanya mau memperbaiki perekonomian Indonesia? https://t.co/ubaN5DFypI,anger
@USER Jangan terprovokasi perekonomian di Indonesia tetap stabil.,love
@USER Bakal ke level Bangladesh sekarang ini Indonesia jika terus seperti ini Kalau sampai pada pakai bungkus daun sebagai pengganti plastik yg mahal ingat itu bukan solusi tapi ada masalah serius pada perekonomian negara ini ,anger
@USER Fluktuasi nilai tukar dan harga saham diseluruh dunia dipengaruhi kondisi global dan pemerintah Indonesia pasti sdh mempunyai langkah untuk membuat perekonomian tetap stabil,love
@USER Perekonomian indonesia lebih baik terus menunjukkan siklus membaik dalam sejahterakan rakyat,love
Menghadapi badai kenaikan harga avtur dunia pemerintah Indonesia tidak tinggal diam. Seolah memberikan oksigen tambahan bagi industri penerbangan Menko Perekonomian Airlangga Hartarto resmi mengumumkan penghapusan bea masuk suku cadang pesawat menjadi 0%. Langkah ini bukan https://t.co/AhLN2gDHFv,sadness
@USER Udalah gausah menyebarkan ketakutan tidak jelas. Yakinlah pemerintah terus kerja nyata dalam memperkuat perekonomian Indonesia,love
Risiko stagflasi yang membayangi perekonomian global mulai memengaruhi strategi investasi di pasar saham Indonesia. Dalam kondisi ekonomi yang berpotensi melemah namun tekanan harga tetap tinggi investor dinilai perlu lebih selektif dengan memprioritaskan emiten berfundamental https://t.co/Vtl2MTs7v0,anger
@USER Urat nadi perekonomian sesungguhnya adalah Bank kalau 5 top Bank di Indonesia udh declare rugi baru deh kita bener2 worry imho sih wkwkwk,love
@USER Jangan² itu bukan issue tapi fakta yang tidak diakui. Sehebat apapun pak Purbaya berusaha menutup-nutupi kondisi perekonomian Indonesia toh pada akhirnya semua akan terbuka juga jadi untuk apa terus berkelit? Lebih baik mengakui dan mencari solusi sama-sama.,anger
Pemerintah Indonesia memperbolehkan maskapai penerbangan menaikkan harga tiket pesawat domestik hingga 9-13% akibat lonjakan harga avtur. Kebijakan ini diumumkan Menteri Koordinator Bidang Perekonomian Airlangga Hartarto pada 6 April 2026. https://t.co/ra8FPl6Y5p,sadness
Menteri Keuangan Purbaya Yudhi Sadewa mengakui bahwa perekonomian Indonesia tengah menghadapi tantangan luar biasa yang datang bertubi-tubi sejak awal tahun 2026. Dalam pernyataannya pada Senin (06/04/2026) Purbaya menyoroti eskalasi konflik di Timur Tengah khususnya penutupan https://t.co/1W8s64HeFA,anger
Purbaya mengklaim stabilitas ekonomi Indonesia sejauh ini tetap terjaga di tengah ketidakpastian global akibat eskalasi geopolitik. Berdasarkan berbagai indikator perekonomian ia justru melihat adanya perbaikan ekonomi. Ada perbaikan yang nyata di perekonomian imbuhnya.,sadness
Harus kita jaga negri kita Indonesia Jangan sampai susah untuk memerlukan perekonomian https://t.co/yvSnU1wQtG,sadness
Salam super sahabat #minamania Selamat Hari Nelayan Indonesia Terima kasih kepada seluruh nelayan Indonesia yang telah berjuang tanpa lelah menembus ombak dan waktu demi menjaga ketahanan pangan serta menggerakkan roda perekonomian bangsa. Semoga para nelayan senntiasa diberikan https://t.co/FCbcvc2ZmV,happy
Fokus utama kita adalah pertumbuhan dan keberlangsungan perekonomian #jagaindonesi #singtenangbolo #indonesia #indinesiaemas https://t.co/IR7CTySdoZ,love
@USER @USER Bener. Aku selalu mikir bahwa sistem pemerintahan yang diberikan itu bagus. Danantara bisa ngebantu perekonomian Indonesia MBG ngebantu anak yang kurang mampu apalagi IGRS sebagai pelindung anak dari konten yg gk bener.,love
vn 40 detik yang memperbaiki roda perekonomian indonesia makasih mas souta https://t.co/xqZGpjHFJT,love
PPLP Kelas II Tanjung Perak mengucapkan Selamat Hari Nelayan. Kami menyampaikan penghargaan setinggi-tingginya kepada seluruh nelayan Indonesia yang telah mengabdikan diri mengarungi lautan demi memenuhi kebutuhan pangan dan menggerakkan roda perekonomian bangsa. https://t.co/AxLAeKuWra,happy
@USER Pak @USER Sebaiknya Indonesia segera keluar dari Board Of Peace untuk jaga perekonomian Indonesia demi segera raih pertumbuhan #ekonomi 8% walau ditengag geopolitik yang memanas. Masyarakat butuh pemimpin yg mendengarkan aspirasi rakyat. @USER @USER @USER,love
@USER @USER Bro ga sadar kalo perekonomian Indonesia ditopang konsumsi rumah tangga. Sekali salah langka otak atik subsidi maka modar dah resesi total wkwkwkwk,love
@USER @USER @USER @USER @USER @USER Tuh tau bukan pangan pokok jadi ngapain repot sampai bahas ke inflasi? Ga normal tinggalkan. Perekonomian Indonesia ga akan runtuh gegara promo croissant yang cuma 85K ,love
Danantara menjaga perekonomian Indonesia #DukungDanantara https://t.co/196w9iC3mO,happy
Suka gk suka sama dia di awal pemerintahannya bisa dibilang penyelamat perekonomian Indonesia. Dollar yg awalnya 5000 rupiah / USD bisa diturunkan ke 250 rupiah / USD... Ya walaupun di akhir masa jabatannya jadi 17K / USD...,sadness
Rasio pajak terhadap PDB jadi indikator penting untuk melihat seberapa kuat kontribusi pajak dalam perekonomian Indonesia sepanjang 2020 2025 yang terus berfluktuasi. Menurut kamu apakah rasio pajak Indonesia sudah ideal? https://t.co/mJNVqTK2G8,happy
@USER Momentum yang tepat ketika Dana perang USA dah cair Iran di tawur sama Isriwil dan USA Yang mengakibatkan terjadinya gangguan perekonomian Indonesia Efek dari Menkeu dan pemerintah tidak tunduk kepada yang punya USA dan IMF https://t.co/F3RTqQ715P,anger
Danantara hadir mengelola ekonomi dan investasi dalam negeri secara transparan dan akuntabel. Penguatan modal nasional untuk perekonomian Indonesia yang lebih kokoh. #Danantara #EkonomiNasional #DukungDanantara https://t.co/juDWnZOoh0,love
Perekonomian Indonesia menunjukkan resiliensi yang kuat melalui penguatan sektor domestik stabilitas fiskal dan kebijakan adaptif di tengah dinamika global. #EkonomiResilien #IndonesiaEmas #IndonesiaMaju https://t.co/aUcL3NTj3e,sadness
Perekonomian Indonesia menunjukkan resiliensi yang kuat melalui penguatan sektor domestik stabilitas fiskal dan kebijakan adaptif di tengah dinamika global. #EkonomiResilien #IndonesiaEmas #IndonesiaMaju https://t.co/3NAjVEYQv7,sadness
Danantara dinilai bawa perekonomian Indonesia ke level internasional lewat investasi berkelanjutan! https://t.co/AV5FtSUOqY,happy
Dampak peningkatan perekonomian masyarakat dirasakan oleh pengusaha keripik tempe di Ngawi Jawa Timur. Keterlibatan dalam pelaksanaan program MBG menjadi peluang besar bagi para pelaku UMKM di seluruh Indonesia. MBG adalah harapan bagi anak anak dan masyarakat Indonesia. https://t.co/FzA3yqxOp2,fear
@USER Apakah Presiden ke 8 akan mengalahkn Presiden ke 7 dalam pencapaian menghancurkan Indonesia ? Presiden ke 7 menghancurkan konsitusi &amp; hukum perekonomian &amp; semua unsur Negara Indonesia butuh waktu 10 thn Apakah Presiden ke 8 hanya akan butuh 5 tahun membubarkan Indonesia?,anger
FORMASI LENGKAP: Duta Besar Republik Indonesia (busana adat Banjarmasin) Menteri Perekonomian Nasional Kazakhstan Atase Pertahanan dan Atase Angkatan Darat. Semua bakti untuk MERAH PUTIH 🇮🇩🇮🇩🇮🇩 dan REPUBLIK INDONESIA ~ #DubesRIKazakhstanTajikistan #AmbassadorFADJROEL https://t.co/CMtTHO8cwO,anger
 Alhamdulillah masih beruntung tidak sampai lockdown - Jokowi Alhamdulillah 243 WNI yang pulang dari Wuhan dan diobservasi 14 hari di Natuna dinyatakan bersih dari corona. Dalam kelakarnya Menko Perekonomian Airlangga bilang karena perizinan di Indonesia berbelit-belit maka,happy
@USER samapdhl bisa buat sendiri tp entah knp ak bernapsu skli menggerakkan perekonomian indonesia dgn rutin membeli es teh,happy
@USER Kangen ya phom? Maaf sibuk memperbaiki perekonomian Indonesia.,love
Perekonomian kita sedang berkembang! Yuk dukung kebijakan pemerintah yang bikin Indonesia makin maju. Jangan terpancing isu negatif tetap optimis! https://t.co/I0d9Hb8kKA,anger
@USER Saran Pak @USER Sebaiknya dihapus u/ perpanjangan SIM demi jaga kepercayaan masyarakat terhadap pemerintah &amp; tingatkan daya beli hingga #perekonomian Indonesia di tengah #ekonomi yang sedang fluktuatif. @USER @USER @USER @USER @USER @USER,love
Menteri Koordinator Bidang Perekonomian Airlangga Hartarto membawa komitmen investasi besar usai kunjungan kerja ke Korea Selatan dalam forum Indonesia-Korea Partnership for Resilient Growth. Dalam agenda tersebut tercatat penandatanganan 10 nota kesepahaman (MoU) dengan total,happy
BBM aman cadangan minyak bertambah! Langkah besar buat kestabilan energi dan perekonomian Indonesia. https://t.co/dxNvVkkwKU,anger
https://t.co/UGw1z5oXah Indonesia Hari Ini: Penutupan enam Bank Perekonomian Rakyat (BPR) oleh Otoritas Jasa Keuangan (OJK) sepanjang Januari Maret 2026 bukan sekadar kasus individual. Fenomena ini .. https://t.co/wfkP1PQKNE,anger
BBM tidak naik: Apa dampaknya terhadap perekonomian Indonesia? https://t.co/UIlksZABqO,anger
Kunjungan kenegaraan ke Jepang dan Korea Selatan membawa kabar baik bagi perekonomian Indonesia! Kerja sama strategis ini berhasil menghasilkan komitmen investasi senilai Rp575 Triliun. #PresidenKhatulistiwa https://t.co/Ynu7RGrODN,sadness
@USER Jangan terprovokasi dengan narasi seperti ini. Perekonomian di Indonesia akan selalu terjaga stabilitas.,love
@USER Lebih baik skrg kita beri dukungan kpd pemerintahan Presiden Prabowo utk memajukan perekonomian Indonesia,love
Sorry yah Untuk pendekatan Ekonomi lebih bagusan SBY yah daripada Jokowi. Apalagi bapak SBY mah selalu memilih wakilnya yg merupakan pakar Ekonomi fiskal makanya dlm hal perekonomian Indonesia SBY jauh lebih bagus,anger
@USER patut menjadi inspirasi tp dengan realita perkembangan global sekarang tantangan pasti ada. belum lagi dengan adanya konflik timur tengah yg mempengaruhi ekonomi internasional. semoga perekonomian indonesia semakin membaik,happy
@USER Alangkah baiknya saat ini kita beri dukungan kepada pemerintahan Presiden Prabowo untuk memajukan perekonomian Indonesia,love
Danantara adalah kekuatan yang akan menunjang perekonomian Indonesia di masa depan #Danantara #DanantaraIndonesia #EkonomiIndonesia https://t.co/YXj3RvpaF8,happy
Danantara adalah kekuatan yang akan menunjang perekonomian Indonesia di masa depan #Danantara #DanantaraIndonesia #EkonomiIndonesia https://t.co/Pkn8QltgKx,happy
Danantara adalah kekuatan yang akan menunjang perekonomian Indonesia di masa depan #Danantara #DanantaraIndonesia #EkonomiIndonesia https://t.co/Y6LMHAlMwJ,happy
Danantara adalah kekuatan yang akan menunjang perekonomian Indonesia di masa depan #Danantara #DanantaraIndonesia #EkonomiIndonesia https://t.co/r8wGsPZTv5,happy
Kata para penghasut Indonesia mengerikan perekonomiannya Tapi realitanya libur gandeng puncak macet warga siapkan uang lebih untuk belanja2 Alhamdulillah Kalian yg banyak uang jangan disimpan2 uangnya tapi belanjakanlah agar perekonomian rakyat berputar https://t.co/yY4XlqvQ3y,anger
Kesiapan Pemerintahan Presiden Prabowo Subianto dalam mengantisipasi dampak krisis global patut diacungi jempol karena sejauh ini kondisi perekonomian stok BBM stok pangan Indonesia dalam posisi yang aman. Permasalahan yang cukup pelik justru ada dari dalam negeri rongrongan https://t.co/vHAbAdYgon,sadness
@USER @USER Gw yakin bang bandit-bandit politiknya itu pun juga campur tangan *n*ek *n*ek asi*g (aaa) sengaja biar negara indonesia cepat jatuh. 17 bulan cuy bikin perekonomian suatu negara deflasi (cmiiw) dari 17k jadi 7k aaa mana yang mau ada saingan negara baru mana berkembang lagi.,anger
Keberadaan PT Freeport Indonesia memberikan kontribusi terhadap perekonomian pembangunan infrastruktur serta penciptaan lapangan kerja bagi masyarakat Papua. #Freeport #EkonomiIndonesia #PapuaNKRI #IndonesiaTangguh #Tüik #infrastructure https://t.co/lQAwE07fzY,anger
@USER @USER Sumber: - Kementerian Koordinator Bidang Perekonomian Republik Indonesia https://t.co/fetkRrOYMH padahal kalo Lo mau cari tau smua ada jawabannya emg Lo aja dasar nya bodoh makan fitnah Mulu skrng gue tanya negara dengan utang terbesar siapa sih blok?,anger
Program makan bergizi gratis menjadi penggerak perekonomian serta mensejahterakan masyarakat Indonesia. https://t.co/aX7ymocWhu,happy
@USER Indonesia berupaya menuju kemandirian ekonominya sebagai upaya menambah pendapatan negara ini juga diharapkn sbgai pilar strategis perekonomian nasional sumber devisa negara terbesar dari ekspor Crude Palm Oil (CPO) serta penggerak kesejahteraan masyarakat pedesaan.,anger
Presiden Prabowo Subianto merampungkan kunjungan ke Jepang dan Korea Selatan (Korsel). Dari kunjungan ke dua negara itu Indonesia mendapatkan investasi Rp574 triliun. Menteri Koordinator Bidang Perekonomian Airlangga Hartarto mengatakan soal peningkatan investasi yang https://t.co/45pYsGhQKR,sadness
Kinerja ekspor Indonesia positif di situasi tak kondusif Kinerja ekspor Indonesia pada Februari 2026 mencatatkan hasil positif di tengah situasi perekonomian global yang sedang tidak kondusif dibuktikan dengan kenaikan dibanding bulan sebelumnya. https://t.co/8o7VgTVphD https://t.co/c6XwfgfRom,sadness
Kunjungan Presiden Prabowo Subianto ke Jepang membawa sinyal positif bagi perekonomian Indonesia. Dalam forum bisnis Indonesia Jepang Presiden mengajak para pengusaha Jepang untuk memperluas investasi di berbagai sektor strategis di Tanah Air. Langkah ini dinilai dapat https://t.co/Oogq6uwoIx,sadness
Kenaikan harga minyak global telah menciptakan efek domino bagi perekonomian banyak negara di dunia termasuk Indonesia. Namun peristiwa kenaikan harga minyak ini bukanlah yang pertama kalinya terjadi. Selama hampir satu abad sejumlah peristiwa https://t.co/yxNHj8ESm8 https://t.co/dJB7ZgR3rG,anger
@USER mengguncang perekonomian indonesia,love
 Impor mobil pickup untuk koperasi Merah Putih adalah langkah cerdas! Meningkatkan kesejahteraan rakyat dukung perekonomian lokal dan wujudkan cita-cita bersama. Ayo majukan Indonesia! 🇮🇩 https://t.co/NHDv9XUSVD,anger
Perekonomian Indonesia mencatat tekanan harga yang meningkat pada Maret 2026 dengan inflasi tahunan mencapai 3 48 persen menurut data resmi yang dirilis Badan Pusat Statistik (BPS) pada Rabu (1/4). https://t.co/nYploXZGGs,sadness
Kata gw elu yang stop kerja dari pemerintahan ya bahlul perekonomian di Indonesia bisa gerak ya salah satunya karena indomart &amp; alfamart ada mrk gak ngerugiin negara samsek krn brg jualnya gak ada yg expired dan berulet macem MBG,sadness
Dalam prosesi ini Gubernur Perry menyampaikan bahwa peresmian ini menjadi langkah penting dalam mewujudkan visi bersama Indonesia dan Korea Selatan untuk membangun sistem pembayaran yang terintegrasi efisien dan inklusif sebagai fondasi konektivitas ekonomi digital kedua,happy
Gelombang Work From Home (WFH) kembali melanda dunia namun kali ini dipicu krisis energi global akibat konflik di Timur Tengah yang mendorong harga minyak mentus USD 100 per barel. Sejumlah negara mulai mengurangi mobilitas pekerja untuk menghemat energi. Di Indonesia https://t.co/QWTjj7EsCx,anger
 Yang perlu ditekankan bahwa di tengah dinamika global yang penuh tantangan Indonesia berfokus pada penguatan gerakan peningkatan produktivitas..... Menko Perekonomian Airlangga Hartarto #partaigolkar #bahlillahadalia #golkar2029 #61TahunGolkar https://t.co/Ip1DgOAHiv https://t.co/Sqy4CaoBP0,sadness
Saya adalah orang yang sangat percaya bahwa kemajuan suatu negara adalah berbanding terbalik dengan tingkat korupsi. Semakin korupsi bisa ditekan semakin besar potensi yang bisa didapat dan semakin baik perekonomian negara. 1 tahun lalu banyak berita terkait dengan investment,love
Mendukung kebijakan impor mobil pickup untuk koperasi Merah Putih! Bantu rakyat maju dan perekonomian kita tumbuh! Yuk bareng kita majukan Indonesia!,love
saking sulitnya perekonomian di indonesia sampe public space yg seharusnya nenangin malah bikin pusing karena kebanyakan diisi sama penjual dan berujung banyak sampah ,anger
Danantara bersama Qatar Investment Authority (QIA) resmi mengumumkan investasi strategis di Labuan Bajo Nusa Tenggara Timur untuk mengembangkan destinasi pariwisata super prioritas sekaligus memperkuat daya tarik Indonesia di kancah global. Investasi tersebut akan difokuskan https://t.co/XtB6GGeDIS,sadness
Lebih lanjut Prabowo mengajak Jepang berpartisipasi dalam membangun perekonomian Indonesia dengan kerja sama di sejumlah sektor. Di antaranya membangun kemitraan di bidang mineral kritis dan logam tanah jarang.,sadness
# selamat hari april f00lz bagi yang merayakan dan bagi wni dan juga teruntuk ((any) sistem (bukan struktur)) perekonomian indonesia dan pula terkhususnya personalities setiap WNIs,love
Mari bersiap menjadi bagian dari pendataan ekonomi di seluruh Indonesia . Pastikan usaha Anda tercatat untuk membantu pemerintah merumuskan kebijakan yang efektif dan berdampak bagi kemajuan perekonomian bangsa. #SadarStatistik #SE2026 #SensusEkonomi https://t.co/9tNUZKbJVY,sadness
Pemerintah Indonesia menetapkan 8 kebijakan hemat energi sebagai respons terhadap dinamika global termasuk perang Iran-Israel. Sebanyak 8 kebijakan tersebut merupakan arahan Presiden Prabowo Subianto. Menteri Koordinator Bidang Perekonomian Airlangga Hartarto menyebut kebijakan https://t.co/Fa4Oh1vYgJ,sadness
Danantara adalah kekuatan yang akan menunjang perekonomian Indonesia di masa depan #Danantara #DanantaraIndonesia #EkonomiIndonesia https://t.co/e3t2u81snJ,happy
Danantara adalah kekuatan yang akan menunjang perekonomian Indonesia di masa depan #Danantara #DanantaraIndonesia #EkonomiIndonesia https://t.co/NDrjil4YNX,happy
Danantara adalah kekuatan yang akan menunjang perekonomian Indonesia di masa depan #Danantara #DanantaraIndonesia #EkonomiIndonesia https://t.co/V2BOVrdXpU,happy
Danantara adalah kekuatan yang akan menunjang perekonomian Indonesia di masa depan #Danantara #DanantaraIndonesia #EkonomiIndonesia https://t.co/cMBsBJcUnE,happy
Terlihat Prabowo membawa delegasi Indonesia yakni Menko Perekonomian Airlangga Hartarto Menteri Luar Negeri (Menlu) Sugiono dan Sekretaris Kabinet (Seskab) Teddy Indra Wijaya.,sadness
Mari bersiap menjadi bagian dari pendataan ekonomi di seluruh Indonesia . Pastikan usaha Anda tercatat untuk membantu pemerintah merumuskan kebijakan yang efektif dan berdampak bagi kemajuan perekonomian bangsa. #SadarStatistik #SE2026 #SensusEkonomi,sadness
Lebih lanjut Prabowo mengajak Jepang berpartisipasi dalam membangun perekonomian Indonesia dengan kerja sama di sejumlah sektor. Di antaranya membangun kemitraan di bidang mineral kritis dan logam tanah jarang.,sadness
Di tengah lonjakan harga minyak dunia pemerintah Indonesia menerapkan serangkaian kebijakan strategis mulai 1 April 2026. Termasuk penerapan skema kerja dari rumah atau work from home satu hari dalam sepekan bagi aparatur sipil negara (ASN). Meski demikian Pemerintah https://t.co/U2ucpFBcsS,sadness
Lebih lanjut Prabowo mengajak Jepang berpartisipasi dalam membangun perekonomian Indonesia dengan kerja sama di sejumlah sektor. Di antaranya membangun kemitraan di bidang mineral kritis dan logam tanah jarang.,sadness
@USER Jangan menyebarkan narasi provokatif yang hanya buat gaduh.. Percayalah pemerintah kerja nyata dalam menjaga stabilitas perekonomian Indonesia,anger
@USER Tapi kenaikan BBM ini tidak hanya di ruang lingkup BBM saja karena bisa memberikan efek menjalar ke segala penjuru perekonomian seluruh masyarakat Indonesia kecuali Prabowo yang sering keluar negeri dan Gibran malah asik liburan.. BBM naik berarti semua barang bisa harga naik.,anger
Bersama mendukung Danantara untuk perekonomian Indonesia yang tumbuh lebih kuat dan berkelanjutan. Saatnya bergerak untuk masa depan bangsa! #Danantara #ManfaatDanantara #DukungDanantara #DanantaraIndonesia https://t.co/mJEBNTYG3l,love
Pemerintah Indonesia menegaskan komitmennya untuk menjaga stabilitas ekonomi nasional di tengah tekanan dinamika global yang terus berkembang. Melalui konferensi pers secara hibrida pada Selasa (31/3) pemerintah mengumumkan serangkaian kebijakan strategis sebagai langkah https://t.co/92deYwxjkf,sadness
Danantara dan Indonesia Investment Authority (INA) berpotensi menjadi katalisator bagi masuknya investasi asing ke Indonesia. Kedua lembaga Sovereign Wealth Fund (SWF) itu diyakini mampu memberikan rasa aman bagi investor global di tengah dinamika perekonomian dunia. https://t.co/LAXSAe0tOs,anger
Danantara dan Indonesia Investment Authority (INA) berpotensi menjadi katalisator bagi masuknya investasi asing ke Indonesia. Kedua lembaga Sovereign Wealth Fund (SWF) itu diyakini mampu memberikan rasa aman bagi investor global di tengah dinamika perekonomian dunia. https://t.co/I875B8tmIB,anger
Danantara dan Indonesia Investment Authority (INA) berpotensi menjadi katalisator bagi masuknya investasi asing ke Indonesia. Kedua lembaga Sovereign Wealth Fund (SWF) itu diyakini mampu memberikan rasa aman bagi investor global di tengah dinamika perekonomian dunia. https://t.co/N1dgYwmdld,anger
Danantara dan Indonesia Investment Authority (INA) berpotensi menjadi katalisator bagi masuknya investasi asing ke Indonesia. Kedua lembaga Sovereign Wealth Fund (SWF) itu diyakini mampu memberikan rasa aman bagi investor global di tengah dinamika perekonomian dunia. https://t.co/Q1cwNdPa9O,anger
Pemerintah Indonesia resmi meluncurkan strategi Jumat Digital sebagai langkah revolusioner menghadapi dinamika global. Menko Perekonomian Airlangga Hartarto dalam konferensi pers virtual pada Selasa (31/3/2026) mengungkapkan bahwa kebijakan bekerja dari rumah (Work From https://t.co/kNcYam99QM,sadness
Perekonomian Indonesia menunjukkan resiliensi yang kuat melalui penguatan sektor domestik stabilitas fiskal dan kebijakan adaptif di tengah dinamika global. #EkonomiResilien #IndonesiaEmas #IndonesiaMaju https://t.co/5PzuZbYvL7,sadness
Perekonomian Indonesia menunjukkan resiliensi yang kuat melalui penguatan sektor domestik stabilitas fiskal dan kebijakan adaptif di tengah dinamika global. #EkonomiResilien #IndonesiaEmas #IndonesiaMaju https://t.co/e5NiDittJX,sadness
@USER Yg beli juga susah penghasilan segitu2 aja yg jual juga bingung harga engga naik engga ada untung di naikin pelanggan pada kabur cuma bisa berdoa semoga perang segera berakhir perekonomian khususnya Indonesia baik2 aja,anger
@USER @USER Hati hati tanah tanah Indonesia tahu tahu menjadi daerah pendudukan Israel... mereka jago menguasai perekonomian perbankan dan investasi... seperti mereka menguasai US,love
Pemerintah Indonesia siap mengukir sejarah baru dalam kemandirian energi nasional. Menko Perekonomian Airlangga Hartarto dalam konferensi pers pada Selasa (31/3/2026) mengumumkan bahwa implementasi kebijakan B50 akan resmi berlaku mulai 1 Juli 2026. Langkah berani ini diambil https://t.co/CLxMCraWJ9,sadness
Pemerintah Indonesia resmi meluncurkan strategi Jumat Digital sebagai langkah revolusioner menghadapi dinamika global. Menko Perekonomian Airlangga Hartarto dalam konferensi pers virtual pada Selasa (31/3/2026) mengungkapkan bahwa kebijakan bekerja dari rumah (Work From https://t.co/rIySsd0x7x,sadness
Industri Sawit Jadi Penopang Ekonomi INDEF: Kontribusi Capai 6 47 Persen dan Serap 18 Juta Tenaga Kerja Jakarta Industri kelapa sawit kembali ditegaskan sebagai salah satu sektor paling strategis dalam menopang perekonomian nasional. Ekonom Senior Institute for Development of https://t.co/IwLx7zsyEX,anger
@USER Orang ini Sok-sokan negara agamis tapi ngebom negara orang biar perekonomian Indonesia saat itu hancur dan kita jadi pekerja kasar lalu disiksa di negara mereka. Kata orang asing nih negara gak rekomen banget banyak umat Islam konservatif dan rasis antar ras. https://t.co/FGoYBB7QfO,anger
Pemerintah Indonesia resmi menerapkan kebijakan Work From Home (WFH) bagi Aparatur Sipil Negara (ASN) selama satu hari setiap Jumat mulai berlaku 1 April 2026. Kebijakan ini diumumkan oleh Menteri Koordinator Bidang Perekonomian Airlangga Hartarto dalam konferensi pers virtual,anger
Prabowo Subianto Tiba di Korea Selatan Lanjutkan Diplomasi Asia Timur Seoul Presiden Republik Indonesia Prabowo Subianto tiba di Seoul Air Base (Seongnam Airbase) pada pukul 19.15 waktu setempat atau pukul 17.15 WIB dalam rangka melanjutkan kunjungan resmi kenegaraan ke https://t.co/X2G4emyQZb,sadness
𝐇𝐞𝐦𝐚𝐭 𝐄𝐧𝐞𝐫𝐠𝐢 𝐍𝐚𝐬𝐢𝐨𝐧𝐚𝐥 : 𝐀𝐒𝐍 𝐖𝐅𝐇 𝐓𝐢𝐚𝐩 𝐉𝐮𝐦𝐚𝐭 𝐇𝐢𝐧𝐠𝐠𝐚 𝐏𝐞𝐧𝐠𝐠𝐮𝐧𝐚𝐚𝐧 𝐊𝐞𝐧𝐝𝐚𝐫𝐚𝐚𝐧 𝐃𝐢𝐧𝐚𝐬 𝐃𝐢𝐩𝐚𝐧𝐠𝐤𝐚𝐬 𝟓𝟎 𝐏𝐞𝐫𝐬𝐞𝐧 Pemerintah Indonesia resmi mengambil langkah berani dalam menghadapi dinamika global melalui https://t.co/ztwEIidrcr,anger
sudah lama sekali tidak mendengar kalimat AD/ART dan SOKO GURU PEREKONOMIAN INDONESIA ,anger
gelap banget kek perekonomian indonesia kalo masuk koridor gitu zombienya kagak nampak kadang,anger
Efek Domino Penetapan Status Proyek Strategis Nasional (PSN): Mengurai Dampak Luasnya bagi Perekonomian Indonesia https://t.co/NTdBzPBM6d,anger
Terlihat Prabowo membawa delegasi Indonesia yakni Menko Perekonomian Airlangga Hartarto Menteri Luar Negeri (Menlu) Sugiono dan Sekretaris Kabinet (Seskab) Teddy Indra Wijaya.,sadness
Danantara adalah kekuatan yang akan menunjang perekonomian Indonesia di masa depan #Danantara #DanantaraIndonesia #EkonomiIndonesia https://t.co/Ht8QZyXbqE,happy
Danantara adalah kekuatan yang akan menunjang perekonomian Indonesia di masa depan #Danantara #DanantaraIndonesia #EkonomiIndonesia https://t.co/dN3ehGXOwK,happy
Danantara adalah kekuatan yang akan menunjang perekonomian Indonesia di masa depan #Danantara #DanantaraIndonesia #EkonomiIndonesia https://t.co/DRui1Ci19H,happy
Danantara adalah kekuatan yang akan menunjang perekonomian Indonesia di masa depan #Danantara #DanantaraIndonesia #EkonomiIndonesia https://t.co/u7vlVU3Mqg,happy
Presiden Prabowo Subianto menandatangani kerja sama ekonomi senilai 22 miliar dolar Amerika Serikat atau sekitar 370 triliun rupiah dengan Jepang dalam kunjungan resminya ke Tokyo pekan ini. Kesepakatan tersebut diteken dalam forum ekonomi Indonesia-Jepang dan disebut menjadi https://t.co/cdiMAZj7GA,sadness
Harga minyak global yang terus merangkak naik menjadi tantangan besar bagi perekonomian Indonesia. https://t.co/znzNg7GZUL,anger
@USER bener intinya perataan dari pusatnya mau ga mereka tuh maksimalin sumber daya pendidikan. siswa dengan kondisi apapun apalagi yg basic pun kalo sarana dan insentif pengajarnya bagus juga bakal dapet pendidikan yg bagus. kan yg sdm gelap mah yang di atasnya kan?,anger
Kebahagiaan dirasakan Sarjo (50) seorang pemulung di Boyolali setelah anaknya yang sempat putus sekolah kini bisa kembali melanjutkan pendidikan melalui program Sekolah Rakyat Terintegrasi 78 Sragen Jawa Tengah. Keterbatasan ekonomi yang dihadapi bahkan membuat salah satu https://t.co/HaR8AL4vPg,sadness
beneran pendidikan yg selalu dikorbanin???,love
@USER Pendidikan oh pendidikan,love
@USER Bobroknya karakter dan moral bangsa dari Rumah Tangga Dunia Pendidikan (Sekolah) Lingkungan Sosial Masyarakat hingga Dunia Pekerjaan K/L Pemerintahan sudah lengkap tergambarkan.,love
kan pendidikan gak penting️️️,love
Bentar mau julid .. ternyata pendidikan tinggi dan pekerjaan di ranah kementrian gak bisa luput dari mitos jadul ngurus anak anjrit aku SYOK temenku ada yg masih ngobatin anaknya bapil pake irisan BAWANG MERAH?? ,anger
Emang pendidikan jadi prioritas utama pemerintah??,sadness
@USER Nggak usah kaget di negara kita menteri pendidikan aja korup wkw,anger
@USER inilah pentingnya sekolah bisa belajar moral dan etika selain punya ilmu pengetahuan moral dan etika bukan cuma anak kepada orang tua/mertua tapi sebaliknya sekarang fahamkan banyak orang lebih memilih pendidikan dari pada makan,love
Pembangunan Papua terus dipercepat melalui peningkatan infrastruktur pendidikan dan layanan kesehatan demi mewujudkan kesejahteraan yang merata dan masa depan yang lebih baik bagi masyarakat. #PapuaMaju #BangunPapua #IndonesiaMaju #SejahteraBersama https://t.co/OFyzdcx5qH,love
@USER R.I.P dunia pendidikan... Kembalikan metode dedi mulyadi? Pondokan di barak militer,love
@USER @USER Pendidikan nya jelas.?? Emang nya Kumu udah lihat semua ijazah nya..mana bukti semua yang kau katakan..kalau cuma ngomong aja mah..bocah baru lahir pun bisa ngomong.. ,anger
Kasus penyimpangan dalam seleksi pendidikan menjadi pelajaran penting: jangan hanya fokus pada hasil ujian tapi mulai serius menelusuri bakat anak sejak dini. Banyak persoalan muncul karena anak dipaksa masuk jurusan tertentu yang belum tentu sesuai potensinya. Pemetaan bakat https://t.co/6PrknvRNtZ,love
Kan pendidikan itu gak penting,love
@USER Butuhnya pendidikan atitut bukan Kenyang Doang karena MBG,love
Beginilah jika MBG lebih penting dari Pendidikan https://t.co/DITMRIAM6o,love
Menempuh pendidikan S2 di Korea adalah salah satu my dream. Bimillah tahun 2027 bisa terwujud,love
@USER Ada baiknya pendidikan balik lagi kaya rezim dulu banyaknya guru killer kalau nakal dikit dilempar penghapus papan tulis dan dipukul pake rotan. Somehow it works menurutku wkwkwkwkkw,love
Langkah nyata Pembangunan Papua terlihat dari meningkatnya fasilitas pendidikan kesehatan dan infrastruktur yang menjangkau hingga pelosok daerah. #PembangunanPapua #PapuaCerdas #PapuaSehat #IndonesiaMaju #PapuaKuat https://t.co/Oyq4bqrOP4,love
Duta sekolah rakyat ga pernah ngerasain di sekolah ga layak dan susah nya bayar dana pendidikan malah sibuk keluar negeri dan ngurus MBG ~,sadness
@USER apa yg diharapkan dari pendidikan&amp; kesehatan yg ga dijadiin prioritas,love
Daripada MBG yg ngaco itu lebih prioritas menjemput anak² untuk masuk sekolah dan perbaikan semua sarana-prasarana pendidikan serta gaji guru &amp; honorer gak perlu sampai 335 trilyun loh asal integritas jujur dan transparan..,sadness
@USER Aku dlu jg ditinggal pak su ke jogja (gathering bbrp hari) ke sby pendidikan hampir seminggu ya aku nginep ke rumah tante ku yg msh deket sini cuman butuh temen aja. Sdgkn kamu uda ada mertua yg baik juga. Kataku coba naik turun kan pikirannya. Krn yg butuh support gk cuma,love
@USER Pendidikan adalah kunci Kunci untuk bikin pintar rakyat Kunci untuk bikin rakyat ngerasa pinter ,love
Hendi Saputro remaja asal Sragen yang sempat putus sekolah akibat keterbatasan ekonomi keluarga kini kembali melanjutkan pendidikan melalui program Sekolah Rakyat gagasan Presiden @USER Subianto. https://t.co/dHQraYQwVu,sadness
@USER Kesuksesan pendidikan diindonesia Mantab ,love
@USER Sistem pendidikan sekrang kalah jauh dengan era pk harto,love
pendidikan number 1 anak number 1 gk peduli secapek apa pokoknya kerja untuk anak dan masa tua,sadness
@USER Yesssss betull MBG aja yg dikebut soal pendidikan pemerintah butaaa. Salah pemerintahh,anger
Otoritas AS telah membuka penyelidikan hak-hak sipil terhadap Departemen Pendidikan Kota New York menyusul pengaduan terkait kegiatan pendidikan dan komunitas pro-Palestina di sekolah-sekolah umum. Penyelidikan diluncurkan setelah muncul laporan bahwa sebuah kelompok yang https://t.co/3eiwGDeDbb,sadness
@USER Di sini kenapa murid suka bully temen karena di lingkungan sekolah tak ada yang perduli yang ada tukang nonton dan tukang rekam dan tukang upload ke media sosial itu wajah pendidikan Indonesia,love
@USER Pentingnya pendidikan dasar agama dalam keluarga...Setidaknya saat terpuruk agama dan keluarga lah yang jadi sandaran...,love
Haiy haiy joki jasa design poster untuk hari buruh hari pendidikan dan lainnya Bisa request sesuai keinginan Template poster start from 10k Design dari 0 poster start from 30k Revisi &amp; link GRATIS ️ https://t.co/iiznEiZNlA #jasadesign https://t.co/Zgs44ylWMs,happy
ㅤㅤ ... pendidikan setinggi mungkin ia masih saja memenuhi setiap harinya dengan kesibukan pelayanan. Ismaya biasanya kalau mau liburan sendirian saja memilih ke mana? Sekarang ia membutuhkan ... ㅤㅤ,sadness
@USER Ya mau jualan apalagi? Pendidikan nol kerjaan nol yaudah pake cara pemain watak kerjaan lu tinggal nyebokin,anger
@USER Skripsi pendidikan bahasa inggris di aku bisa banget nih kakk. Yuk wa aja biar fast respon testi udah banyak sampe 5k+ dan open sejak 2022,love
Langkah nyata Pembangunan Papua terlihat dari meningkatnya fasilitas pendidikan kesehatan dan infrastruktur yang menjangkau hingga pelosok daerah. #PembangunanPapua #PapuaCerdas #PapuaSehat #IndonesiaMaju #PapuaKuat,love
 Congratulations! Puteri Indonesia : Agnes (Banten) Puteri Indonesia Lingkungan : Vicky (Bali) Puteri Indonesia Pariwisata : Karina (Dki 3) Puteri Indonesia Pendidikan : Gisela (Dki 2) https://t.co/rCHQop5yIY,anger
guys mau joki skripsi bab 4 5 dong jurusan pendidikan bahasa inggris #zonauang,sadness
Jujur senang lihat Papua makin maju pelan-pelan tapi nyata. Kalau akses makin bagus pendidikan dan kesehatan makin kebantu terus potensi lokal juga ikut tumbuh itu tuh bukan cuma soal pembangunan di atas kertas. #Papua #PapuaMaju #PapuaBangkit #PembangunanPapua #TanahPapua https://t.co/KaTrcmdEy5,anger
@USER Setuju untuk prodi2 pendidikan (keguruan) sudah kebanyakan inflasi lulusan jadinya.,love
@USER Menarik dikaji kenapa ortu Batak bisa mementingkan pendidikan anak2nya. Mereka percaya pendidikan bisa mengubah nasib. Mungkin dari pengaruh para penginjil atau faktor sosial budaya?,love
 WE ARE HIRING Tutor Bimbel Pionir Mandala Punya passion mengajar dan ingin jadi bagian dari tim pendidikan yang berkembang? Saatnya bergabung bersama *Bimbel Pionir Mandala* sebagai Tutor terbaik kami! https://t.co/zyRnMAXawo,love
@USER Sekolah berkedok pendidikan,love
Udah rusak ya pendidikan di negri ini semua karna em bhe ge!,sadness
makanya pendidikan gratis ,love
@USER Goodluck sistahh... Demi pendidikan yang makin hari biayanya dipertanyakan kebenarannya :v,love
((( pengusaha ))) tapi digaji negara lewat APBN yang ngambil jatah anggaran pendidikan dan sektor lainnya yang udah dikasih insentif tapi masih ngambil margin. Pengusaha ususmu mbledos!,anger
@USER kiamat pendidikan...,love
@USER Fakultas keguruan dan ilmu pendidikan: Adios ,love
Sampai melupakan bahwa anak juga perlu pendidikan dari tangan kita sendiri. Jadi orang tua memang tak mudah kita harus seimbang antara sibuk mencari uang dan komunikasi dengan anak.. memberi kasih sayang juga termasuk kebutuhan pokok dan kewajiban kita selain memberi materi..,love
memang skrg pendidikan jadi nomor terakhir konyol bgtt,love
selain kedua hal di video ini tugas istri itu Tarbiyah atau pendidikan anak. simple tapi semoga bisa menjadi insight buat warga X di sini daripada makan opini-opini liar si paling rumah tangga dan menambah trauma. https://t.co/wtm6LjLqsu,fear
@USER @USER Kalo buat pendidikan dan kesehatan nantinya masyarakatnya pada pintar dan melawan. Ehhh,love
@USER Salah itu min DKI JKT 2 dapet gelar Puteri Indonesia Pendidikan,love
Bukti sistem pendidikan di Indonesia masih SANGAT jelek btw. Sistem pemerataan tidak jelas kurikulum acakadul. Makes these kids have to pay a lot of money to get better access and experience. Then how about those who can't afford better experience? -c,anger
 Kenapa gabung jadi Creator Soal? - Bisa dikerjakan dari mana saja (remote) - Fleksibel sesuai waktu luang kamu - Dibayar dari setiap kontribusi soal - Ikut berkontribusi dalam dunia pendidikan digital,love
Jangan pernah daftar kuliah kesehatan dan pendidikan ini buktinya GURU TIDAK PERNAH DIHARGAIN ngapain kalian capek capek jadi guru buat pintar anak orang biar aja TO LOL dan MAMPUS situ enakkan jadi karyawan EM BE GO 6 juta ditangan.,love
Kalau emang jadi nih narikin pajak di selat malaka yang ada kita bisa diembargo sama negara-negara lain. Bayangin udah apa-apa impor pendidikan blangsak pengangguran jutaan industri gak berkembang rupiah makin merosot terus kena embargo. Bubar kita wkwkw.,sadness
@USER @USER Setuju kak Sebagai yang yatim dari kecil ibuku bener2 mendidik aku supaya bisa mandiri/berdaya memang alhamdulillahnya pas ayah meninggal ibu ada usaha katering &amp; jahit jadi masih ada pemasukan. Uang asuransi tahun 90an dulu gak seberapa habis buat biaya pendidikan.,love
Jujur senang lihat Papua makin maju pelan-pelan tapi nyata. Kalau akses makin bagus pendidikan dan kesehatan makin kebantu terus potensi lokal juga ikut tumbuh itu tuh bukan cuma soal pembangunan di atas kertas. #PapuaPunyaCerita #PapuaHebat #UntukPapua https://t.co/g1zFWmZwZy,anger
Mau disleksia atau pun kehilangan kesempatan untuk pendidikan berkualitas keduanya adalah tanda sistem pendidikan yang gagal. Gagal mengakomodir disleksia gagal memenuhi kualitas pendidikan yang cukup untuk penuhi standard kompetensi yang neurotipikal.,sadness
Benaran ini gk ada yg relai? Atau just konten doang. Dunia Pendidikan jg ikut2 bobrok kek gini hadeh ,anger
Padahal bisa ini buat penunjang pendidikan perkuliahan akses publikasi dll tapi malah :((( Ampas bgt dah pemerintah malah mrngutamakan proker katering,sadness
Heritage Aisyiyah bukan sekadar cerita tapi napas panjang perjuangan perempuan yang terus hidup sampai hari ini. Dari ruang-ruang sederhana lahir gagasan besar tentang pendidikan kesehatan dan pemberdayaan. #aisyiyah #sejarah #muhammadiyah #tkaba #budaya https://t.co/DNVpSXmvut,sadness
Guru Besar Tonggak Kecemerlangan Pendidikan Luar Bandar Berita penuh boleh didapati di pautan EDISI UKAS berikut : https://t.co/8nJQ1MNUG4 #UKASnews #SaluranInformasiRakyat #SarawakMajuMakmur https://t.co/zaGOajNElJ,happy
Otsus dan DOB bukan sekadar program tetapi langkah nyata dalam meningkatkan kualitas pendidikan demi generasi Papua yang lebih unggul. https://t.co/soi4F73ibj,love
@USER Mau SD SMP SMA SMK PT UNIV itu cuma gelar gelar klo kita pernah belajar biar kita g buta huruf.. g prlu malu dg sebatas gelar pendidikan malu lah klo gelar pendidikan itu g prnh dipakai buat berfikir dan dipakai untuk hal yg gak bermanfaat bagi sesama,anger
Terlihat terang benderang korupsinya itu sekeluarga. Jangan lupa dan jangan berhenti sampai sekeluarga membayar kembali uang warga Kalimantan Timur yang mereka pakai untuk kepentingan pribadi. Kalimantan Timur tidak kekurangan dana pendidikan kesehatan dan pembangunan!,anger
Ketika pendidikan bukanlah sebuah prioritas tinggal tunggu aja kehancurannya ,sadness
@USER pendidikan karier hubungan sebelum nya gaya hidup karakter kepribadian keluarga,love
@USER Hasilnya ya gitu gitu aja gak heran jadi negara terbelakang lagi. Perempuan dikasih hak pendidikan yang setara nggak?? Itu aja dulu,anger
Pembangunan Sekolah Rakyat di Jawa Timur adalah pondasi penting untuk masa depan yang cerah di mana gizi dan pendidikan berjalan beriringan. Upaya Kementerian PU di bawah kepemimpinan Menteri Dody Hanggodo ini adalah bagian integral dari Transformasi Gizi Bangsa. https://t.co/SUCZwZHcSl,fear
@USER pantesan pendidikan ga ditaruh di nomor 1 ini toh alasannya,love
peran kepala sekolah dalam pengembangan kompetensi GTK dan supervisi akademik serta penguatan kompetensi sosial kepala sekolah beserta materi penunjang lainnya. Melalui pelatihan ini diharapkan para peserta mampu menjadi pemimpin pendidikan yang adaptif inovatif https://t.co/kbomJUGQLQ,anger
Berbagai materi strategis diberikan untuk memperkuat kompetensi peserta meliputi penguatan kompetensi kepribadian dan profesional kepala sekolah pengelolaan satuan pendidikan penguatan jiwa kewirausahaan (entrepreneurship) dalam kepemimpinan sekolah https://t.co/CsiGzgd6AC,sadness
Halo #SobatGaruda Dalam upaya memperkuat kapasitas kepemimpinan pendidikan Kemdiktisaintek melalui Ditjensaintek bersama Direktorat Jenderal Guru dan Tenaga Kependidikan Kemdikdasmen menyelenggarakan Pelatihan Bakal Calon Kepala Sekolah (BCKS) SMA Unggul Garuda Baru. https://t.co/Hc2Acu4bip,happy
@USER Udah benar Soalnya kl yg di tunjukkan positif pasti aman Yg bikin ricuh kl negatif Akan banyak efeknya Minimal efek tercepatnya pembukaan lowongan kerja ngk berlaku laki tingkat pendidikan yg harus s1 hingga s1000,happy
@USER ya ini lah efek klo pendidikan ga jadi prioritas pemerintah BOBROK,love
Kepada kalian semua yg pro maupun benci Presiden @USER Bila melihat anak tetangga hidup di jalanan (mulung ngamen tidak sekolah) tolong koordinasi RT RT Kepala Desa untuk dihubungkan ke Dinas Sosial agar anak2 itu mendapat pendidikan perlakuan manusiawi dan memiliki masa https://t.co/FWJNV2VShK,sadness
@USER @USER kalo ga terjun lngsng di dunia pendidikan (ngajar) ga bakal bilang ga bisa menyalahkan salah satu pihak wkwkk krna realitants yg rusak skrg bkn cuma moral anak tpi emg ortunya ga mendidik anaknya dan banyak ortunya jga yg rusak moralnya jadi guru akhirnya serba salah terus ‍️,anger
@USER Ortu cerdas tidak akan melepaskan pendidikan anak kepada orang lain Ortu cerdas tidak akan menggadaikan kehidupan nyata kebahagiaan dan kesehatan jiwa raga anak untuk kehidupan akherat .,love
@USER Terlalu idealis &amp; ngerasa udah pinter ditambah banyaknya konten yang menyesatkan + kurangnya fondasi pendidikan di rumah. Lengkap banget kan ya.,love
Aku lulusan Magister Pendidikan (S2) tahun 2025. aku open jasa bantuan akademik untuk all jurusan (S1 S2 dan S3). Melayani pengerjaan: Paper Makalah Laporan Praktikum Skripsi Tesis Disertasi Paraphase Turnitin Japri wa dibio untuk fastrespon yo 71 #Zonaba #zonajajan #zonauang,love
Salah semua yang benar adalah untuk meningkatkan kualitas pendidikan kita butuh makan siang gratis! 1 tahun makan gratis bisa menaikkan IQ seorang anak sebesar 5 point #LanjutkanMBG,sadness
Aku lulusan Magister Pendidikan (S2) tahun 2025. aku open jasa bantuan akademik untuk all jurusan (S1 S2 dan S3). Melayani pengerjaan: Paper Makalah Laporan Praktikum Skripsi Tesis Disertasi Paraphase Turnitin Japri wa dibio untuk fastrespon yo 70 #Zonaba #zonajajan #zonauang,love
@USER @USER @USER Dengan meningkatnya Kekristenan dan aliansi para ukung Minahasa menjadi lebih mudah menerima pemerintahan Liberal dan pendidikan Pencerahan. Kekristenan Pencerahan dan Desentralisasi kepemimpinan tiga faktor besar untuk meluasnya peradaban Belanda. https://t.co/i5lF210gvS,love
JADWAL AKSI BULAN MEI 1 Mei hari buruh demo buruh 2 Mei hari pendidikan demo mahasiswa 13 - 14 Mei peringatan tragedi 98 demo anti soeharto dan anti Neo Orba 20 Mei hari kebangkitan nasional demo pro demokrasi 21 Mei peringatan jatuhnya Soeharto demo anti Soeharto dan,anger
huh i want too... tapi gw adalah seorang mahasiswa fakultas pendidikan dan jurusan keguruan sd and wich mean gw harus memakai seragam dan tidak mengenal apa itu outfit (kecuali hari jumat tapi hari jumat gw libur kuliah) #mahasiswamenujusemesterakhir #jamkuliahtaksetiaphari,sadness
@USER Membangun karakter dulu baru dikasi pendidikan. Bukannya dikejar bisa calistung dulu karakter dirumah. Ortu banyak yg gak becus ngajarin anaknya. Miris banget lihat kondisi pendidikan disini. Guru gak ada harga dirinya,love
Sungguh sayang seribu sayang Pendidikan Gratis &amp; Kesehatan Gratis Kalah dgn Joget Gratis &amp; Makan Gratis Hidup Jack Mulyono https://t.co/yNKEymrSbX,love
@USER Kesalahan sistem pendidikan secara keseluruhan sih menurut aku kak,love
@USER bener apa kata orang jepang pendidikan no 2 Adab no 1,love
Anak anak studytwt nih pada classist af. Padahal beruntung aja mereka lahir dari keluarga kaya raya. Padahal pendidikan dan ilmu itu hak semua orang. Sok banget ajg budak kapitalis aja bangga bgt,sadness
Aku lulusan Magister Pendidikan (S2) tahun 2025. aku open jasa bantuan akademik untuk all jurusan (S1 S2 dan S3). Melayani pengerjaan: Paper Makalah Laporan Praktikum Skripsi Tesis Disertasi Paraphase Turnitin Japri wa dibio untuk fastrespon yo 69 #Zonaba #zonajajan #zonauang,love
Salah satu hal yang ga boleh kita normalisasikan harganya mahal: Pendidikan ,sadness
Aku lulusan Magister Pendidikan (S2) tahun 2025. aku open jasa bantuan akademik untuk all jurusan (S1 S2 dan S3). Melayani pengerjaan: Paper Makalah Laporan Praktikum Skripsi Tesis Disertasi Paraphase Turnitin Japri wa dibio untuk fastrespon yo 68 #Zonaba #zonajajan #zonauang,love
Aku lulusan Magister Pendidikan (S2) tahun 2025. aku open jasa bantuan akademik untuk all jurusan (S1 S2 dan S3). Melayani pengerjaan: Paper Makalah Laporan Praktikum Skripsi Tesis Disertasi Paraphase Turnitin Japri wa dibio untuk fastrespon yo 67 #Zonaba #zonajajan #zonauang,love
Aku lulusan Magister Pendidikan (S2) tahun 2025. aku open jasa bantuan akademik untuk all jurusan (S1 S2 dan S3). Melayani pengerjaan: Paper Makalah Laporan Praktikum Skripsi Tesis Disertasi Paraphase Turnitin Japri wa dibio untuk fastrespon yo 66 #Zonaba #zonajajan #zonauang,love
@USER @USER Guru harus tegas.. bedakan urusan mbg dan urusan pendidikan. Harusnya disamping sekolh ruang khusus pake biaya mbg seperti kantin.. jadi jam istirahat siswa bisa langsung ke ruang makan mbg..,love
teriak2 soal pendidikan gratis dari pemrenta tp bank soal aja elitis bjir ,love
@USER @USER @USER @USER Berani berantas DC ga?? atao cuma beraninya MALAK sumbangan PENDIDIKAN pada pengusaha? Kalo ga berani mending diMUTASI aja ganti sama yg LEBIH BERANI &amp; BERINTREGITAS. Dan Yg ga MALAK SUMBANGAN PENDIDIKAN untuk naek PANGKAT.,love
@USER @USER @USER Pendidikan lebih penting daripada keracunan paham aku aja dirumah gampang cari lauk yang dibutuhkan hanya yg bisa dipakai lumayan lama seperti beras minyak gas dan alat masaknya untuk bahan lauk malah lebih enak daripada MBG,love
Negara perlu dengan sungguh-sungguh melaksanakan apa yang sudah termaktub pada konstitusi. Berdasarkan Pasal 31 UUD 1945 negara wajib memberikan pendidikan khususnya pendidikan dasar dan pemerintah berkewajiban membiayainya. Hal ini bertujuan mencerdaskan kehidupan bangsa https://t.co/vrTWs7pZtd,anger
Hari pertama Pendidikan dan Latihan Dasar (Diklatsar) Korps Sukarela (KSR) PMI Kota Jakarta Utara resmi dimulai pada Jumat 24 April 2026. Kegiatan ini menjadi langkah awal dalam membangun generasi muda yang tangguh siap menghadapi berbagai risiko bencana. #KSRPMI #RelawanMuda https://t.co/ec8cdD0a5y,sadness
Gue bingung sama cewek yg background oke tapi mau2nya melakukan hal konyol begini gue yg pendidikan belum setinggi ini aja udah set harga diri setinggi langit pacaran di game aja udah jadi AIB buat gue,anger
@USER Anak bangsa dibentuk jadi Driver ojol dan buruh pabrik lewat sistem pendidikan nasional. Meanwhile yang punya duit lari ke sekolah swasta mahal atau luar negeri,love
News :MENYEDIHKAN!!! Di Jawa barat 3.823 Honorer pendidikan Belum digaji dua bulan karna terbentur aturan. https://t.co/hsPJ8amCD5,fear
bpjs masih iuran tiap bulan banyak orang miskin minim pendidikan sdm rendah dolar naik rupiah lemah ihsg turun saham anjlok bpom ga ada duitnya asn jadi korban pemangkasan tunjangan tapi duitnya yang bisa semuanya itu malah dipake foya2 di mbg,anger
Pemerintah memastikan renovasi sekolah dan program gizi tetap berjalan paralel menggunakan anggaran pendidikan (APBN/APBD). Infrastruktur yang layak + Gizi yang baik = Kunci siswa berprestasi. https://t.co/nRAIU54CgB,sadness
Mirisnya makinn kesini makin banyak iklan pinjol di YT bahkan ada yg narasinya bisa pinjam dana pendidikan like what.. ini pelajar2 indo sengaja digiring buat pinjol kahh? Apalagi syaratnya cuma KTP doang.,happy
@USER @USER @USER Kurang nya pendidikan beretika di sekolah...,love
Astagaaaa para siswa ini rata2 nggak tahu ilmu pembagian !! Tapi kog mereka bisa sampai SMP ya kalo pelajaran dasar matematika saja gak bisa Kalo jaman dulu gak pinter ya gak naik kelas. Miris banget lihat dunia pendidikan jaman sekarang. Ini pemerintah harus serius https://t.co/fMHO97xu58,anger
Kehadiran Bawaslu Kab. Banjarnegara sebagai narasumber dalam kegiatan Pendidikan Politik Masyarakat yang diselenggarakan oleh Badan Kesatuan Bangsa dan Politik Kabupaten Banjarnegara di Desa Gemuruh Kecamatan Bawang Kamis (23/4) #Bawaslu #BawasluBanjarnegara #PendidikanPolitik https://t.co/drvkJiSMLX,sadness
Dunia pendidikan bener-bener juga ikutan gak baik ‍,sadness
@USER Polisinya kurang menguasai keadaan. Pelawan arahnya kurang pendidikan,love
Kodam IX/Udayana lantik 137 Bintara Infanteri Pendidikan Pertama Bintara (Dikmaba) Infanteri TNI AD Gelombang I Tahun Anggaran 2026. https://t.co/S88jkXV7AJ,happy
Terokai pelbagai laluan pendidikan melalui UP_TVET. Ayuh jadikan TVET Pilihan Utama Kerjaya anda! Catat butiran berikut: Tarikh: 25 - 26 April 2026 (Hari ini &amp; Esok!) ⏰ Masa: 11:00 Pagi - 6:00 Petang Tempat: Dewan Tanjung Puteri PERSADA Johor,anger
Program MBG menjadi bukti komitmen pemerintah dalam sektor kesehatan dan pendidikan https://t.co/ScjCfBbT5p,sadness
@USER Nggak mau gue ga mau bertanggungjawab atas keracunan dan kebobrokan pendidikan. Lagipun ga ada yang menjamin ketika lu join program itu pikiran lu akan tetep kritis ke mbg. Kita bisa terpengaruh dengan sekitar kita.,love
Hasil program MBG. Memakan barang syubhat rebutan proyek dan belum jelas asal duitnya. Mau dibuat bergizi sekalipun pastilah hanya akalnya saja yg dapet. Padahal tujuan pendidikan itu ada tiga Akal Tangan dan Jiwa. Kalau jiwanya dikasih makan kotoran jadinya seperti ini.,anger
Gratis tuh gratis biaya pendidikan buat S2 gitu loh kok kangkung 1 iket apaan dah ,anger
@USER @USER Pertanyaannya apakah saat ini pendidikan masih jadi prioritas? Atau justru mencerdaskan kehidupan bangsa saat ini dilakukan melalui program prioritas embege?,love
@USER Itulah gunanya sekolah/pendidikan tinggi ygy ,love
Sementara itu Wakasek Humas I Ketut Ariawan didampingi Kadek Widiastrini mengucapkan terimakasih atas kehadiran KPU sebagai lembaga yang memiliki tugas menyampaikan pendidikan pemilih berkelanjutan. Sehingga nantinya ada modal awal bekal bakal calon pemilih https://t.co/7akpbOkwxw,happy
Kenapa ini penting? Karena VR membantu Indonesia maju di Industri 4.0: Training karyawan lebih aman &amp; murah Pendidikan lebih interaktif &amp; merata Pariwisata bisa diakses semua orang Ini bukan cuma teknologi tapi alat pemerataan kesempatan.,anger
Kenapa ini penting? Karena VR membantu Indonesia maju di Industri 4.0: - Training karyawan lebih aman &amp; murah - Pendidikan lebih interaktif &amp; merata - Pariwisata bisa diakses semua orang Ini bukan cuma teknologi tapi alat pemerataan kesempatan.,anger
 Dengan aktifnya siswa menandakan materi yang kita berikan menarik dan dapat diterima. Semoga saja ini menjadi modal awal sebagai bakal calon pemilih pemula ucap Ketua Divisi Sosialisasi Pendidikan Pemilih (Sosdiklih) https://t.co/ut74re5Fcu,happy
Antusias Respon Balik Sosialisasi KPU Karangasem #TemanPemilih siswa - siswi SMPN 2 Manggis merespon balik sosialisasi pendidikan pemilih yang dilakukan KPU Karangasem Sabtu (25/4) pagi. Peserta yang berasal dari kelas IX itu merespon dengan menjawab dan aktif bertanya. https://t.co/zUSbPRUQRS,sadness
Bersama Kelas Hitung Cepat Gemari Tematik PR matematika bisa beres 3x lebih cepat tanpa drama! Di sini anak belajar dengan cara yang seru praktis dan mudah dipahami bukan sekadar menghafal tapi benar-benar mengerti. #pendidikan #matematika #zonauangㅤ https://t.co/WuLuw1iCl5,sadness
biaya pendidikan kedinasan tuh semahal itu ya ternyata,sadness
@USER @USER Keluarkan ! Coret dari seluruh lembaga pendidikan !,love
@USER @USER @USER @USER @USER @USER @USER @USER @USER @USER Thanks infonya nanti sy twit langkah agar anak2 itu mendapatkan haknya pendidikan Di sinilah pentingnya kepedulian kpd orang2 terdekat seperti tetangga yg kurang beruntung Alhamdulillah Presiden @USER sangat peduli hal ini makanya didirikan sekolah rakyat,love
@USER Kalo di Jepang iming punya anak gratis pendidikan dll disini yg dibahas perut mulu.,love
Isu ini udah aku bahas dan dibahas banyak aktivis sejarah pas kebijakan ini baru berlaku. Tapi tetep aja masyarakat kayaknya kurang aware terkait pendidikan indonesia terutama bidang sejarah. Karena sebagian berpendapat ah barang sejarah ngapain diurusin atau yaudah lagian-,sadness
@USER bertanggung jawabbb selalu mengusahakan apapun untuk anaknyaa walaupun lagi sakitt berpikir kritis untuk anaknya selalu mendapatkan pendidikan yang layak walaupun beliau hanya lulusan SMP satu lagi nderr kelebihan lemakkk hehe ,love
Koperasi yang berkembang menjadi penggerak utama kemajuan kesejahteraan masyarakat. Melalui Koperasi Desa Merah Putih warga desa dapat tumbuh dan berkembang bersama membuka peluang usaha dan pekerjaan meningkatkan penghasilan hingga menjamin masa depan pendidikan anak. https://t.co/39sUPseuFl,love
Dan dlu waktu salah satu seminar pendidikan yg saya hadiri memang kualitas pendidikan itu ada di tangan guru. Bukan di tangan murid. Masalahnya banyak orang jd guru krn itu cara cepat kerja dan ga semua orang pintar COCOK jdi guru .... sekali lagi saya ulangin,sadness
Ketua DPRD Gowa Hadiri Penutupan Pendidikan Bintara Infanteri TNI AD Gelombang I TA 2026 https://t.co/x1xYSridHs,anger
@USER Bener najiss liatnye makanye pendidikan mahal biar ga bs sekolah klo rakyat bodoh jd bs diatur seenaknye negara lain saling berlomba utk majuin negara dn rakyatnye konoha malah sebaliknye.Untung ga milih manusia2 rakus ini klo kaga ape yg hrs gw jwb di pengadilan akhir nnt.,anger
Sumpah! Ini gimana bisa kayak gini? Pendidikan karakter udah ga ada kah?,anger
@USER Indonesia tidak ada pendidikan adab.,love
@USER @USER Gila yaaa Indonesia sekarang. Pemerintah sukses melestarikan kuakitas pendidikan rendah dan tidak merata rakyat mudah dibodohi KKN lestari ,love
orang2 kaya gini gw doain laga lulus utbk pilihan berapapun ga lulus ujian mandiri iup dan jalur masuk lainnya. gimana mau ke level pendidikan tinggi kalo masih mikir ilmu itu properti milik pribadi yang membayar? rugi amat lu kayanya ngeshare latsol dari bimbel doang. najis.,anger
@USER @USER @USER Ga apa2 bang.. Negara skrg yg punya @USER bebas mau apa aja dr duit negara. Ga peduli ketimpangan dr sisi pendidikan &amp; sosial. Jd menteri/stafsus yg penting jd team sukses pilpres &amp; ngejilat,fear
Diskursus tahunan yang akar masalahnya adalah karena pendidikan ga bisa menjangkau semua kalangan.,love
bukti pentingnya pendidikan,love
@USER 10 tahun Pendidikan Moral Pancasila yang sudah dihapus dari Kurikulum pendidikan.,love
gua mah ogah jadi manager minimal S1 di rekrut sama yg cuma pendidikan 6 bulan tanpa skill,sadness
@USER guru sudah kehilangan maruah di dunia pendidikan negara ini,anger
@USER Sebenarnya lebih penting mana pendidikan kesehatan dibanding usul usul spt ini?!,love
@USER Menuju Indonesia cEMAS 2045 PRESIDEN SOEHARTO TOKOH PENDIDIKAN INTERNASIONAL HM Soeharto https://t.co/h6DBmYOiW3 Bukannya genjot industrilisasi mlh pilih hilirisasi yg justru makin meredupkan ditambah slh arah mbg lbh penting dr pembukaan lapangan kerja hingga apbn pun disunat https://t.co/4vEXPY4o7g,anger
@USER @USER betul kak. 22 des itu hari kongres perempuan I di jogja yg bahas kesetaraan hak perempuan specifically di bidang pendidikan &amp; peran sosial politik. tp ya krn era soeharto smw hal berkaitan perjuangan perempuan dianggap golongan kiri &amp; dipaksa bungkam lwt ibuisme negara,anger
@USER @USER Yes banyak sekali yg seperti itu. Jika terlihat jelas tanda2nya mudah bagi kami tuk menghindari. Sehingga bisa memilih ustad2 berilmu yg tepat. Sekarang sangat mudah mencari latar belakang pendidikan para ulama. Sebagian besar bisa search agar jangan sampai salah pilih panutan.,anger
 di tv uda rame mulai utbk kok kamu ga ikut lagi? udah gamau ngejar yang kamu mau lagi? jujur lebih mikirin uangnya sih walaupun disanggupin tapi rasanya better dialokasiin buat pendidikan adik aja kejar mimpinya jadi anak teknik toh sekarang uda mulai juga di ip,sadness
Udh di fase mikir gw bodoh bgt orangnya gara² ga pernah buka buku buat belajar dikala temen² gw pada stres kuliah gw malah stres kerja yang harusnya gw mikir pendidikan juga,sadness
@USER @USER Pemerintah sedang membentuk 500rb personil padahal sedang tidak berperang di sisi yang lain Pemerintah gagal membuat 3 5jt Guru honorer sejahtera padahal pendidikan sedang jauh tertinggal!,sadness
Wakil Ketua Komisi X DPR RI Lalu Hadrian Irfani menyampaikan keprihatinannya atas kasus yang menimpa Guru Pendidikan Kewarganegaraan (PKN) di SMAN 1 Purwakarta Syamsiah atau yang akrab disapa Bu Atun yang menjadi korban olok-olok sejumlah siswa. https://t.co/z1yo9j6sCC,anger
Kacau sih ini Era om dulu sekolah senakal nakalnya gak ada yang berani kayak gini sama guru. Sedihnya pendidikan kita hidup MBG ,sadness
@USER Kalo ini berhasil Daerah lainnya juga akan di demo untuk penutupan Medan Makasar Semarang Bali. Anehnya POLISI GAGAL menindak INTOLERAN bingung sih antara GAGAL atao CEMEN. mungkin Krn MINTA SUMBANGAN PENDIDIKAN sama pengusaha jadi kayak gini jadinya,anger
@USER #OtsusPapua Membangun Masa Depan Cerah Papua Lewat Kemajuan Pendidikan dan Dukungan Otsus https://t.co/ARFjP0Wlsh,love
@USER #OtsusPapua Membangun Masa Depan Cerah Papua Lewat Kemajuan Pendidikan dan Dukungan Otsus https://t.co/7p5xeTOf0R,love
@USER Guru honorer yang masih setia mengabdi dengan semboyan ikhlas beramal . Setiap hari mendengar kata MBG ingin teriak sekencang-kencangnya ke pemerintah. Fokus pendidikan bukan makanan kita bukan iri dengan anggaran MBG yang gila-gilaan tapi kami menuntut keadilan . https://t.co/vXqF60M073,love
@USER Kembalikan pendidikan kedisiplinan pmp ala militer .. tiap senin baris cek kuku dan rambut klo panjang kena sentil penggaris kayu tuh jari,happy
@USER Keluarkan dia tidak Layak untuk mendapatkan pendidikan biar jadi gembel atau pelacur saja,love
Sehat badannya nyaman belajarnya. Pemerintah konsisten mengawal gizi dan infrastruktur pendidikan secara bersamaan! https://t.co/7cbgOZsua7,love
Gais sudah ada ya konten pendidikan hukum bahwa perusahaan bisa melarang pacaran Disampaikan oleh ahli hukum wots kita bang @USER https://t.co/nlTlZeFfyf,love
Dunia pendidikan kembali tercoreng oleh aksi tak terpuji seorang siswi kepada gurunya. Kronologi: Si oknum siswi tidak terima saat ditegur dan justru balik membentak serta mengarahkan telunjuknya ke arah sang guru dengan nada tinggi. Kota Langsa Aceh https://t.co/NwliakSBUc,sadness
@USER Oi yang bener aja gua juga seumuran sunghoon tapi baru memulai hidup karena kemaren kemaren fokus sama masa pendidikan.,love
bbrp waktu lalu gw liat di tiktok sekolah rakyat yg ada di makassar muridnya banyak yg dari luar kota makassar jadi kalo dipikir program ini jg ga efisien krna pemerataan pendidikan ga terlaksana ditambah adanya KEMUNGKINAN pengalokasian anggaran yg harusnya ga perlu. https://t.co/c3N21r46Ek,fear
@USER Gini amat dunia pendidikan kita murid apaan ini... ,love
Akibat Mendik planga plongo Tugas Guru mengajar dan mendidik murid Bukan ngurusin MBG Berani taruhan: DPR RI gak akan bela lindungi Guru PGRI Kemendikdasmen RI Disdik Dinas Pendidikan Kang Dedi Mulyadi #YangTerdidikYangTerbaik https://t.co/gYdx4pMyux,love
@USER Mengapa...? Utk kesehatan &amp; pendidikan susah sekali anggarannya. Utk dihambur2kan dg segala printilan MBG &amp; BGN mudah bgt anggarannya diberikan -lihat yg punya SPPG &amp; Dapur MBG vs menu MBG yg diterima anak2 &amp; keracunan MBG -Berita BGN yg pamer terus seperti OKB. Speechless ga?,love
@USER Elu yang tolol memahami serapan anggaran pendidikan aja ga paham. Payah bener.,love
@USER ohno... knp pendidikan gak merata yah hei kemendikbud ,love
@USER @USER Tapi aku kenal pacarku di Bumble juga tahun 2022 lalu. Dia kerja di mining gelar pendidikan mantep s2 ln dan sedang menempuh profesi insinyur. Emang chatingan kaku banget awal kenal pas ketemu malah nyambung ngobrolnya. Do'ain yaaa tahun ini kami akan menikah,love
@USER kalau masih banyak anak belum mendapat akses pendidikan yang layak berarti yang perlu dibenahi memang akar masalahnya.,love
@USER Yoi arya dikatain tidak fantass beradegan begitu tidak mendidik orang gila mana yg mau cari pendidikan di series yg judulnya algojo Kadang kadang suka herman,anger
Ini Pendidikan Syekh Ahmad Misry Tersangka Kasus Dugaan Pelecehan Seksual https://t.co/GQj8kz65Zk,sadness
@USER Akibat Menteri Pendidikan Planga Plongo,love
Ada yg posting: Guru direndahkan oleh: Pemerintah Ortu murid Murid Nasib si Kartini 21 April Pengajar dengan status ART DPR RI PGRI Kemendikdasmen RI Kang Dedi Mulyadi Pemprov Jawa Barat Disdik Jabar #TerdidikTerbaik @USER Pendidikan https://t.co/kdjPynpQr8,fear
@USER Ya patut lah pendidikan kita kayak gitu dari muridnya aja melawan sama guru apalagi orang tuanya pasti ngelawan ya tindak lanjut dari pemerintah pun ngk ada respon,love
Makanya perlu pendidikan formal agar tdk gampang dibohongin..... https://t.co/lmlFP6XNGM,love
Jatim Siapkan Ribuan Kursi Pendidikan Gratis Unggulan Lewat Program Sekolah Rakyat Tahun 2026 #BNetwork https://t.co/UVmZxXnHNN,love
Diskusi 2: 8/8 Etika dan pendidikan anti korupsi Manajemen risiko dan asuransi Pengantar statistika AKM I Auditing I Teori portofolio investasi Akuntansi Biaya AKL I ,anger
@USER Beasiswa/pendidikan gratis kata gue solusinya. Mbg program bagus tp untuk saat ini blm prioritas prioritaskan perbaikan ekonomi &amp; stabilitas harga pangan supaya makanan bergizi mudah &amp; murah diakses seluruh lapisan masyarakat.,love
@USER melihat generasi skrg sdh bnr2 kelwt batas adab gk ada sombong sok mrs plg pintar alih2 melwn tenaga guru yg notabennya pengganti ortu di sekolah! tolong buat dinas pendidikan mapel Pendidikan Moral Pancasila (PMP) digalakkan kmbli utk tiap sekolah dr tingkat SD s/d SMA,anger
@USER bagi yang sekolah pendidikan guru bayar aja dengan mendoa kan menteri ini pahala nya gedhe,love
lingkaran setan sdm goblok &gt; milih pemimpin goblok &gt; ga peduli pada aspek pendidikan &gt; lahirlah sdm goblok,anger
@USER Bahkan @USER?? munafik sekali yaa.. mulut sok concern dengan pendidikan begitu balik badan menikmati anggaran embege https://t.co/vls2ktGOp1,love
Sebagai ibu negara beliau sangat peduli kepada anak-anak. Salah satu wujud kasih sayang seorang ibu adalah pendidikan yang baik untuk anak-anaknya.,love
@USER ᅠ ఌ︎ Jika belum terlambat saya tertarik dan ingin mencoba peruntungan. Perkenalkan saya Rebecca Alicesya dengan pengguna rupa Ning Yizhuo. Saya adalah seorang 𝘮𝘦𝘥𝘪𝘤𝘢𝘭 𝘴𝘵𝘶𝘥𝘦𝘯𝘵 𝘫𝘶𝘨𝘢 𝘪𝘯𝘧𝘭𝘶𝘦𝘯𝘤𝘦𝘳 yang aktif dalam mengedukasi terkait pendidikan ᅠ,love
@USER Dunia pendidikan pasca covid bukan y membaik.. Malah yg ada semakin ambrol dan ditambah kurner yg mana siswa/i tdk boleh ada yg tggal kelas atau tdk lulus belum pendidikan etika tdk ada.,anger
Kegiatan ini bertujuan untuk memastikan bahwa setiap objek yang diusulkan memiliki nilai penting sejarah ilmu pengetahuan pendidikan agama dan/atau kebudayaan yang layak ditetapkan sebagai Cagar Budaya peringkat provinsi. Selain itu sidang ini juga menjadi wadah sinergi.,happy
@USER Kenapa ? Dari segi pendidikan saat ini terlihat di ibu kota semua hampir rata rata setara untuk sebuah kasir toko ajah ituh S1 bayangkan padahal pas duduk di bangku kuliah berfikir akan kerja di perusahaan gedung pencakar langit inilah genderasi emas 10000 loker,love
Pendidikan Akhlaq itu diusia Dini Kejujuran itu Pendidikan yg harusnya sdh diberikan kpd Manusia sejak kanak². Jadi jika Kelakuan Seseorang menyimpang itu hasil didikan dimasa kecilnya. Jika Seseorang Korupsi jangan ditanya Universitasnya dimana tapi tanya TK nya dimana ARB https://t.co/boJZ7fnmc8,fear
@USER @USER @USER Berarti aturan terbaru tsb belum tersosialisasi dgn merata di seluruh negeri. Patut diduga Dinas Pendidikan di propinsi dan di kabupaten/kota belum meneruskan info tsb ke sekolah² swasta,fear
Makin gada harga dirinya dah pendidikan di indo,sadness
@USER Salah satu peyebab ini karena sistem pendidikan juga diacak acak semua harus lulus gak boleh ada yang gak naik kelas guru sibuk ngurus adm gaji pengajar rendah zonasi dan usia. Ditambah efek masih sosial media dan influencer. Udahlah wassalam ,love
@USER harusnya langsung dikeluarkan diboikot dr pendidikan siswa bgitu murid jaman dulu senakal.nakalnya ga berani sama guru. beranipun cm dibelakang sungguh miris,love
@USER @USER sekolah dulu ege lu kek orang kagak dikasih pendidikan ama mak bapak lu,love
@USER Gapaham orang judi sampe juta-jutaan. Mau nyari uang kenapa ga ambil pendidikan kursus sertifikasi sekalian ambil tools buat kerja. Kalo mau nyari menang tinggal beli PC terus beli game. Kalo ga puas ama gamenya tinggal pasang mod atau bikin sendiri sekalian,anger
@USER Hidup MBG ya wo @USER bangun wo.... bangun... anda tuh terpilih jd pemimpin di Indonesia buat ksh solusi kyk gini2 lho bkn malah bolak-balik ke paris ultah si teddy di rayain mewah bkn wo urusan elo tuh urusin rakyat2 kecil agar mrk punya akses ke pendidikan kesehatan,anger
@USER @USER Kan kemarin2 udah ada capres yg mau gratisin pendidikan &amp; kesehatan kalo ga salah...,anger
Lowongan Kerja CV Fajar Jaya (Garment and Textile Industry) Staff Purchasing Pendidikan minimal S1 dari seluruh jurusan Selengkapnya di: https://t.co/ZzQWYBBlAI,love
Terima kasih KPT turun padang ke UiTM Shah Alam meninjau keperluan projek RP1 RMKe-13. Fokus utama: Ganti peralatan PdP usang Naik taraf kolej kediaman Semoga permohonan peruntukan fasiliti ini diluluskan demi kualiti pendidikan &amp; keselesaan mahasiswa. https://t.co/WRH6jnvJCh,happy
paling bener lu kirim anaka anak lu ke sekolah katolik atau kristen atau budda selain pendidikan karakter juga dibentuk kaya pelita harapan atau sekolah santa theresia atau ada tzu chi punya,anger
@USER Bukti bahwa Pendidikan di Indonesia masih banyak PR,love
@USER Stay - @USER - 1 - Lulus pendidikan lebih cepat karena program akselerasi. Memiliki sahabat bintang laut. Suka berjalan-jalan tapi mudah tersesat.,love
Dalam kondisi tersebut digitalisasi menjadi solusi strategis untuk mempercepat pemerataan pendidikan. Pemprov Kalteng terus mendorong transformasi pembelajaran melalui Kelas Digital Huma Betang sistem pembelajaran hybrid penguatan pembelajaran bahasa asing serta pemanfaatan,sadness
@USER @USER Ealah masih ada yg begini ternyata. PR pendidikan kita masih jauh banget,love
@USER @USER Bukti pendidikan di Indonesia masih banyak PR nya,love
@USER Saat pemerintah tak ada keinginan mengutamakan pendidikan dan pembentukan karakter anak bangsa maka kecerdasan etika dan moralitas anak bangsa akan terus mengalami kemrosotan,love
@USER @USER @USER terbukti kan warga kita butuh pendidikan gratis sampe ke orang orang miskin kak? duh jadi keinget visi misi seseorang deh,love
@USER Akibat pelecehan dunia pendidikan yang dilakukan pejabat,love
Capaian ini juga melanjutkan keberhasilan sebelumnya di mana Gubernur Kalimantan Tengah H. Agustiar Sabran meraih Pemimpin Daerah Award 2025 kategori Inovasi Daerah Bidang Pendidikan sebagai pengakuan atas komitmen memajukan sektor pendidikan di Bumi Tambun Bungai.,fear
Penghargaan yang diterima secara langsung oleh Wakil Gubernur Kalimantan Tengah H. Edy Pratowo ini menjadi bentuk apresiasi atas berbagai terobosan Pemprov Kalteng dalam meningkatkan kualitas pendidikan berbasis teknologi serta pemerataan akses pendidikan bagi masyarakat.,sadness
Selamat &amp; sukses atas diraihnya penghargaan National Governance Award 2026 oleh Pemerintah Provinsi Kalimantan Tengah pada kategori Pendidikan. https://t.co/0HKZXsfex8,love
@USER Sistem pendidikan yang terbukti .....,love
alasan gamau jadi guru walaupun kuliah pendidikan,love
@USER @USER Ide: Apakah kemiskinan yg diwariskan punya korelasi/kausalitas dgn pendidikan ortu. Gak perlu data raw krn bakal digabung sitasi yg lain.,love
Cek OHSOME Mainan Balok Susun Anak DIY 280pcs Bahan ABS Kuat Tahan Lama Set Kado Pendidikan Awal Toys Educational Gift Set Boys Girls Multicoloured Game Musical dengan harga Rp59.900. Dapatkan di Shopee sekarang! https://t.co/5ZKj8mKAUd,happy
@USER Black list aja dari dunia pendidikan,love
Cek OHSOME Mainan Balok Susun Anak DIY 280pcs Bahan ABS Kuat Tahan Lama Set Kado Pendidikan Awal Toys Educational Gift Set Boys Girls Multicoloured Game Musical dengan harga Rp59.900. Dapatkan di Shopee sekarang! https://t.co/5ZKj8mKAUd https://t.co/otOzaepJwi,happy
@USER Jumlah guru harus ditambah kualitas guru harus ditingkatin gaji guru harus tinggi fasilitas pendidikan lengkap. Harusnya gitu,love
Dari program jadi proyek jadi bisnis jadi politis Sebuah trajektory yang sukses dari penggunaan dana publik untuk pendidikan,sadness
Saya Tidak Punya Pendidikan Tinggi tetapi Hidup Memaksa Saya Terus Belajar https://t.co/Vh9UB4hH5c,sadness
@USER @USER Kurikulum Pendidikan Ganti Mentri Ganti Kurikulum. Pejabat /Mentri baru spt Alergi dg Kurikulum pendahulunya. Kl alasan mengikuti Kemajuan zaman ok lah tp jgn smua di Rubah kurikulum nya. Toh dg Perubahan Kurikulum tdk ada Dampak nya pd Anak Didik. Tk bkin siswa makin pintar.,love
Ahmad Safei: Jembatan Rusak di Matausu Menyangkut Akses Pendidikan dan Konektivitas Antarwilayah https://t.co/q72D30rrjL,sadness
Penghargaan yang diterima secara langsung oleh Wakil Gubernur Kalimantan Tengah H. Edy Pratowo ini menjadi bentuk apresiasi atas berbagai terobosan Pemprov Kalteng dalam meningkatkan kualitas pendidikan berbasis teknologi serta pemerataan akses pendidikan bagi masyarakat.,sadness
kelebihan : bertanggung jawab secara finansial sandang-pangan-papan pendidikan semua terpenuhi kekurangan : short temper hobi kekerasan fisik + verbal gaprnh punya waktu dirumah (taunya cm kerja) in the end dia diam diam nikah sm cewe lain gw tau sebulan sblm bokap meningsoy,sadness
@USER @USER Sekolah Rakyat di tentang?? Kalian gak setuju sekolah Rakyat??? Bukannya pada minta pendidikan gratis?,love
@USER kmrn abis beli bakso abangnya nanya lg ujian gini emBG masih dibagiin? trs gw jwb jalan terus atuh gabakal berenti. pas puasa aja ttp jalan orgmah anak lg sekolah jgn dikasih mbadok gratisin pendidikan sm kesehatan harusnya emg program sampah bener.,anger
@USER Mungkin dampak dari kebijakan sekolah zonasi yang dulu digagas menteri pendidikan yg skrg dipenjara dimana tidak ada sekolah favorit yang harus ditempuh dengan ujian namun hanya modal lokasi pelajar terhadap lokasi sekolah sudah bisa dapat sekolah bagus,anger
@USER Mana peran pemerintah menteri pendidikan??? Sepertinya negeri ini tidak punya pemimpin untuk Rakyatnya!! Rakyat dari A-Z berjuang sendiri... pajaknya di Uber2 telat di denda...,anger
@USER inilah cermin pendidikan indonesia..klo kita lihat pola pendidikan di jepang..dari TK smpe SD...benar2 pebdidikan ahklak dan moral do prioritaskan,love
Ini dosen goblog banget ngebacot tapi argumennya lemah tipikal pemuja anies emang mayoritas orang yg dibesarkan oleh orang tua minim pendidikan walau mereka skrg mereka bependidikan tinggi tapi nalarnya lemah Woy dosen goblog merauke salah satu lumbung padi indonesia timur https://t.co/SbE9Pd6Z3e,anger
@USER Ketika perform guru minim didaktik metodik dan dangkal pendekatan emosional dan kering manajemen kelas. Yg terjadi yaaa seperti itu. Boleh percaya boleh tidak sarjana pendidikan fresh graduate tidak siap mengajar.,happy
@USER Inikah buah dari Revolusi Mental ala @USER ? Inikah potret pendidikan kita saat ini @USER ? Apakah generasi kedepan yg spt ini yang akan melanjutkan estafet kepemimpinan negeri ? Miris dan suram dunia pendidikan kita.,love
Khamis 23 April 2026 - Kementerian Pendidikan melalui Program Bimbingan Literasi dan Numerasi 2.0 (LNCP 2.0) dengan kerjasama Unit Tenaga Pengajar Akademi Kepimpinan dan Guru Brunei Darussalam telah mengadakan Sesi Sosialisasi Coaching Model Training Programme 2026/2027... https://t.co/4vnqpgTRWK,anger
kagak menarik samsek anjeeerrrr kecuali kalo lu kasih rumah jaminan masa tua jaminan kesehatan sama pendidikan anak gratis baru dahhh,love
Kerajaan Negeri menawarkan latihan Pendidikan dan Latihan Teknikal dan Vokasional (TVET) secara percuma melalui Inisiatif Kemahiran Teknikal &amp; Ikhtisas Smart Selangor (IKTISASS) bagi membuka lebih banyak peluang pekerjaan berkualiti kepada penduduk tempatan. EXCO Sumber https://t.co/DoUBbdxmdY,sadness
𝗗𝗼𝘀𝗲𝗻 𝗨𝗕𝗛𝗜𝗡𝗨𝗦 𝗱𝗶 𝗨𝗶𝗧𝗠: 𝗞𝗮𝗺𝗽𝘂𝘀 𝗱𝗲𝗻𝗴𝗮𝗻 𝗦𝘁𝗮𝗻𝗱𝗮𝗿 𝗣𝗲𝗻𝗱𝗶𝗱𝗶𝗸𝗮𝗻 𝗜𝗻𝘁𝗲𝗿𝗻𝗮𝘀𝗶𝗼𝗻𝗮𝗹 Keren! Dosen UBHINUS terpilih jadi Guest Faculty di UiTM Malaysia bulan Juni nanti. Selengkapnya: https://t.co/1syx3y1o4f https://t.co/wGiESpj9R9,fear
gua udah harus mulai berkorban dan masuk tahap berhemat untuk masa depan direndahkan karena ga setara dalam hal pendidikan adalah yang terburuk. ngatain jelek ke gua ga begitu kena di gua tapi kalau bilang gua cuma tamatan SMK itu cukup menyakitkan.,sadness
@USER Mentri pendidikan + kpai + mentri ham...brengseek semuaa,love
Wabup Gagarin menyebut guru madrasah di Pacitan sebagai pejuang multitalenta yang tangguh di tengah keterbatasan. Baca ulasan lengkap tentang komitmen memajukan pendidikan Pacitan di tautan berikut: https://t.co/8jxKoYNqj3,sadness
@USER Bener Bu. Pertolongan Allooh itu sangat dekat. Allooh Maha Adil. Salam buat Adik Topi Merah.. ilmunya berkah semoga mendapat Rizqi buat pendidikan yang diinginkan.,love
@USER @USER Hemm kalo inflasi pengamat itu ada inflasi pengurus pendidikan yang diurus orang bukan dari background pendidikan ada juga kah?,love
@USER @USER Bang saya tau pendidikan di Indonesia tidak merata tapi jangan terlalu ditampakkanlah ketidak merataan itu.,love
@USER Akibatnya Hutang makin melejit Hukum makin jungkir balik semuanya dilanggar senak judatnya jika pemimpin hasil dari manipulasi serta pendidikan ngak jelas berijasa palsu.,fear
kuliah di pendidikan tapi ga mau jadi guru,sadness
Gua makin kesel sama yg lebih milih makan siang Gratis dari pada pendidikan gratis anjing emang kalian ,love
@USER Semoga di blacklist tuh murid dari dunia pendidikan,love
@USER Enak banget hidup Lo ya memalsukan indititas pendidikan untuk ngerampok keuangan negara ....,love
Terakhir Ujian Satuan Pendidikan 2526 Barakallah Lancar dan sukses selalu 9D Izin post X ya... Nak! https://t.co/HocEb10lY8,love
@USER Ini kalau beneran dan dua-duanya bisa hilang kontrol memang bukan cuman individu guru dan murid yg bermasalah tapi sistem pendidikan dan pembinaan diri sekolah tersebut perlu dipertanyakan! Ada yg salah disistemnya ini. Mirisss,love
ember makanya pendidikan tuh penting buat awewe,anger
Pengangguran bnyk 19jt lapangan bullshit Sembako mahal Listrik gas BBM pajak mahal Kesehatan pendidikan mahal Apa2 serba dipajakin Dll Makan tuh TerMulWo siapapun presidennya ga ngaruh sm hidup gw ,anger
@USER ada sistim pendidikan kita yang salah,love
@USER Tolong pemerintah perbaiki UU nya njir jujur aja nih lama2 nyebelin ayo tag menteri pendidikan ama DPR Ri siruh ubah sistem ,anger
@USER Bisa jd institusi pendidikan juga diambil alih,love
@USER sini kak aku juga lulusan pendidikan lagi BU juga lagi buka joki apa aja 35-50k hari ini ajaa hehe https://t.co/jHe3ul8Y9r,love
@USER @USER Ini Professor otaknya sudah konslet jiwanya sakit...yg namanya sakit itu tdk mengenal status sosial status pendidikan...selama reformasi Orang² seperti ini yg paling menikmati dari usahanya di industri demokrasi utk meraih kekayaan dari tipu daya dgn survei.,anger
Segala cara dilakuin kecuali ngasih pendidikan gratis dan merata satu Indonesia,love
masa kini berani menghadapi tantangan menginspirasi sesama dan berkontribusi bagi kemajuan bangsa Mari terus dukung kesetaraan pendidikan dan ruang berkarya bagi perempuan Indonesia menuju masa depan yang lebih cerah. @USER @USER @USERrie,love
Jujur waktu SD gue selalu bolos tiap hari Kartini alasannya ya karena malas pakai baju adat ga mau repotin ortu cari kostum dan ngapain juga belajar pakai baju berbahan panas. Kartini mendorong hak² pendidikan tapi cara memperingatinya malah bikin penerusnya malas ke sekolah.,anger
Empat Anak Asuh Yayasan Satu Hati Terima Bantuan Pendidikan Babinsa Klumpu Pastikan Tersalur Aman Dan Tepat Sasaran https://t.co/T24jZ5hiqj,love
@USER @USER @USER padahal di Langsa na sidroe guru yg jeut ke Kadisdik aleuhnyan dianggap hayeu sampo dilantik ke sekda kota Langsa seharusnya alih alih nyo sekda beuna perhatian lebih ke dunia pendidikan kadang kalale Ngon proyek wkwkwkw,happy
HARI INI : KARNIVAL JOM MASUK UNIVERSITI 2026 ZON TENGAH II ! Jom hadir ke JMU 2026 Zon Tengah II di ketetapan berikut! Dewan Tuanku Canselor Universiti Pendidikan Sultan Idris Tanjong Malim Perak 25 April- 26 April 2026 8.00 Pagi - 5.00 Petang https://t.co/VZm7Q90mbt,anger
Pelajaran berharga dari Sumedang: Bakti kepada orang tua itu mulia tapi pendidikan tetap yang utama. 🇮🇩 Ikhsan membuktikan bahwa niat baik selalu punya jalan. #spotifyxbts https://t.co/ZfLk4fej8t,sadness
#SahabatBawaslu Bawaslu Kab. Banjarnegara menjadi narasumber Pendidikan Politik oleh Badan Kesatuan Bangsa dan Politik Kabupaten Banjarnegara di Desa Gemuruh Bawang (23/4). #Bawaslu #BawasluJateng #BawasluBanjarnegara #PendidikanPolitik https://t.co/ZsOaEHoFBx,sadness
@USER Ampun dah smaa orang2 disekitar nya malah diam aja Sungguh miris pendidikan sekarang,anger
Viral‼️ Video Siswa Melawan Guru di Langsa Kembali Hebohkan Media Sosial Dunia pendidikan di Kota Langsa kembali dihebohkan dengan beredarnya sebuah video singkat yang memperlihatkan tindakan tidak terpuji seorang siswi terhadap gurunya. Video yang berdurasi beberapa detik https://t.co/rNBl1gUWN3,sadness
@USER @USER Era SBY lumayan pendidikan diperhatiakn.,love
baca komennya masih ada netizen yg gak paham. pada mengkritik nantangin untuk dipalakin. memang pendidikan warga indonesia sudah turun kualitasnya,anger
@USER sekarang ada rencana pembubaran jurusan pendidikan karena over supply dari 490 ribu hanya ada kuota 20 ribu. Prodi kedokteran bakalan kena https://t.co/nRCCQa0iRa,love
kejujuran adalah aset yg tak ternilai dalam dunia pendidikan. dukungan kita hari ini adalah bentuk komitmen menjaga integritas tersebut tetap hidup Justice For Poppy https://t.co/2ofkkIvzqH,happy
Kasus Smartboard Dinas Pendidikan Kabupaten Langkat sudah lima bulan belum dilimpahkan ke Pengadilan Tipikor. Baca selengkapnya: https://t.co/vfIxO7RTXd https://t.co/Z06Q2iWiQK,love
Smart Baby HP Edukasi Anak Mainan Pendidikan Telepon Cerdas yang Sangat Populer dengan 45 Tombol Fungsi + Lampu + Konten Audio Lengkap Cocok untuk Anak Usia 1-6 Tahun untuk Bermain di Rumah https://t.co/kkFHyPmclv,love
@USER @USER jahat kalo lo sampe doain yang buruk buruk gini ke rakyatnya. mereka bisa setolol itu juga karena dari dulu gak ada akses pendidikan yang baik jadi rakyat rakyat tolol itu gampang digoblok goblokin sama pemerintah. ibaratnya tanpa lo doain juga mereka udah struggling dri dlu,anger
@USER Tugas istri patuh sama suami + pendidikan anak,love
Skandal Dana Ratusan Miliar LPD Mambal Anak Nasabah Terancam Gagal Lanjutan Pendidikan https://t.co/juztjZyOEP https://t.co/douBejMMNx,sadness
Pendidikan di indo udah ga terselamatkan mana yang katanya generasi bangsa dikasi makan bergizi tiap hari tapi moral dan attitude nya saja tidak terbentuk Seakan disengaja digerogoti dari dalam bakal jadi apa 10 th kedepan ya indonesia ga berbentuk karena keegoisan pemerintah,sadness
@USER Pendidikan skr sifatnya transaksional relasi guru Dan murid sdh gk ada segan seganya. Dulu murid nakal dihukum guru ngadu ke ortu malah digampar bokap skr malah gurunya disomasi,love
JIKA SDA DIKELOLA DENGAN BENAR DAN AMANAH maka rakyat Indonesia tak perlu membayar Pajak dan termasuk pendidikan dan kesehatan gratis. MUSTAHIL terwujud Tanpa Hukuman Mati bagi Para Koruptor ! TITIK https://t.co/AxGODESemZ,anger
@USER Mengerikan memang kualitas pendidikan kita... seprtinya memang ada skenario utk Mendowngrade Generasi indonesia @USER,love
@USER Pemerintah pusat giliran revisi anggaran staf honorer di instansi pendidikan sendiri dilambatkan tidak disetujuilah sampe gaji karyawan delay berbulan bulan is is is,sadness
@USER gw harap next year ada program pendidikan korek kuping,love
halooo jasa tarot reading hari ini masih ready sampai malam! bisa bahas apa aja cinta karir pendidikan self love past life hidden truth confession message atau pesan dari semesta! bisa pilih juga mau time-based question-based atau theme-based#zonauang https://t.co/3p6dh6oksW,love
@USER Indonesia negara kaya. Pendidikan kesehatan bisa gratis untuk setiap rakyat. Kalau pemerintahan nya mau ngasih kek pemerintah ngasih anggaran ke MBG jancok,love
@USER Panggil orang tuanya bawa pulang D.O dari sekolah. Gini amat pendidikan di Konoha. Kagak ada Marwah nya.,anger
Banyak yg ga tau kalo guru honorer sering harus kerja ekstra utk nutup kebutuhan sehari2. Padahal mereka ujung tombak pendidikan. Mungkin udah saatnya pemerintah evaluasi sistem pembayaran biar hak mereka terpenuhi tepat waktu?,anger
@USER @USER Keren nih dapat POV dari yang pernah terjun langsung. Emang sekompleks itu berarti kak ya pendidikan dasar di negeri ini Tanpa ngerendahin pelajaran yang lain matematika dasar itu ilmu yg wajib banget menurutku buat dikuasain. Masalah mereka akhirnya bisa atau enggak itu,anger
@USER Nama kartini jadi besar karena memang dia orang yg membuka mata para petinggi kolonial kalau di negara koloni mereka perempuan harusnya punya hak yg sama dalam pendidikan ga sekedar hanya sebagai pelengkap untuk laki laki,anger
@USER @USER di era sekarang kartini bakal memperjuangkan kesetaraan wanita memperoleh pendidikan setinggi2nya. peningkatan skill jaminan gizi-kesehatan dan keamanan bagi perempuan yg jd tulang punggung keluarga. sjw sama feminazi mana nyampe ke sana otaknya.,anger
@USER Tentara tapi jadi duta sekolah lebih baik ikut pendidikan guru dan mengajar di sekolah.,love
@USER inilah pendidikan jauh dari nilai agama adab lebih mulia daripada ilmu nikmatilah masa suram mu wahai indonesia,love
@USER @USER Ngg juga mas. Pernah berkali2 nge- test karyawan yg mau kerja periode 2015-2020. Soal matematika sederhana banyak yg jeblok. Emang ada yg salah dlm kurikulum dan kebijakan pendidikan kita.,love
@USER Aku mikirny mungkin ayah ibunya belum bisa menempuh pendidikan setinggi anaknya tpi bisa support sejauh itu smpe anakny lulus Lebih bermakna dripada gelar itu sendiri ,love
@USER @USER Anggaran pendidikan dan kesejahteraan guru dikuras habis dihambur²kan utk MBG yg korup oleh rezim penguasa @USER,love
@USER Seharusnya 500 batalion honorer Pasukan khusus untuk perbaikan pendidikan ️,love
Gua ngomong ini sebagai dyslexic salah semua yang gak kasih ruang khusus untuk berkembang and learn what we need to learn. Dulu pun gua harus nambah bimba sampai akhir kelas 2 SD. Root problemnya pendidikan yang tidak merata maybe even poverty that leads to child neglection,love
@USER Bener di desaku juga lagi gini sebagian gedung SD diminta untuk pembangunan KDMP dengan alasan melindungi tanah sawah. Sebenanrnya esensi pendidikan itu apa sih? Bahkan SD nya masih aktif dipakai dan siswanya banyak. Polemik ini masih di kabupaten yg sama. Blitar,anger
@USER Mas aku pengen bisa kerja ginian tapi background pendidikan cuma smk sisanya pengalaman kerja di pabrik. Bisa ga si buat kerja wfh? Terus biasanya yang dikerjain tu apa aja kalo wfh? Terimakasih,love
@USER Andaikan Pendidikan adalah prioritas Sekolah gratis anak2 bisa masuk sekolah semua Misal tiap semester ada bagi2 tas sepatu untuk siswa yang membutuhkan Tiap masuk tahun ajaran baru ada seragam yang Perlu di jahit ini bisa meningkat penghasilan tukang jahit,love
@USER @USER @USER Kagak ada mulianya ajg. Plintat plintut dari awal yg katanya buat stunting aja udah ngaco ngasihnya ke orang yg udah gede Ibarat naik tangga langsung melangkah ke MBG. Yg urgen di pendidikan (infrastruktur kesejahteraan pengajar) malah dilewatin,anger
@USER @USER Kekhawatiran soal biaya pendidikan valid tapi narasi MBG bikin rakyat diam terlalu jauh. MBG itu soal pemenuhan gizi bukn alat pembungkam. Pendidikan mahal ttp harus dikritisi tapi solusinya bukan menolak program gizi melainkan dorong keduanya diperbaiki bareng. #LanjutkanMBG,anger
@USER @USER jgn pendidikan y plis semakin ruwet jalur karir dan perkembangan kurikulumnnya,love
@USER @USER @USER JANGAN NUTUP MATA JUGA : 1. Banyak guru Negri ini gajinya ga sepadan dg gaji tukang nyuci piring MBG 2. Lulusan SMA ga cukup buat menciptakan generasi emas zaman ini 3. Banyak sekolah bobrok 4. Anggaran MBG = sunat dana pendidikan JANGAN TUTUP MATAMU! BTW ente owner sppg/ kary?,anger
@USER 50:50 50% gaji istri untuk kebutuhan istri pribadi 50% untuk tabungan hari tua; 60:30:5:5 terdiri dari 60% penghasilan suami untuk Rumah Tangga belanja 30% Pendidikan 5% asuransi kesehatan &amp; inv. saham 5% biaya ops suami: makan bensin rokok karaoke hotel jet pribadi.,love
Bismillah Kami mengajak kaum Muslimin untuk bergabung menjadi bagian dari Gazwah Media Indonesia! Saat ini kami membuka lowongan pekerjaan untuk posisi Videographer - Pria Muslim taat beribadah - Tidak merokok dan bebas Narkoba - Pendidikan min. D3 Semua Jurusan (DKV &amp; https://t.co/TkENRbnNTs,happy
negara lain pada mau sdmnya maju makanya pendidikan murah bahkan gratis. lah ini negara malah batesin ilmu biar apa coba biar pada bisa diboong boongin yha ️,anger
@USER Kita sulit menghargai profesi pendidik karena kita tidak bisa melihat hasil pendidikan dalam waktu singkat. Masyarakat saat ini adalah hasil dari sistem pendidikan 30 tahun kebelakang. Masyarakat 30 tahun kedepan ditentukan dari sistem pendidikan saat ini.,love
@USER @USER @USER Nggak harus pilih salah satu. Pendidikan tetap diperkuat fasilitas diperbaiki dan MBG bantu anak biar sehat dan fokus di kelas. Dua-duanya bisa jalan bareng kalau dikawal dengan benar. #LanjutkanMBG,love
ini ngapa dia yg ngomongin solusi dah mksd gw kyk menteri pendidikan nya teh kamana kitu,anger
Ud lama ga buka X Bangun pagi persiapan pendidikan lagi teman teman yang sekarang isinya rata rata influencer ‍️,sadness
saat itu membutuh kan pendidikan kini membutuhkan alutista bekas . tulang harus kuat ..makanya di butuhkan makan .,love
Kemendiktisaintek Tak Toleransi Segala Bentuk Kekerasan di Institusi Pendidikan https://t.co/mADDgaUh3A,sadness
@USER Harusnya presiden peka terhadap rakyat dibiarkan terpecah hanya krn dari awal pencalonan cawalkot solo dgn pendidikan yg tidak jelas dan Raib di KPU Solo Jakarta..? Ini harus diusut tuntas biar jelas Tidak ada hukumnya Penyidik jd Pembela bisa melangkahi Pengadilan.? usulan https://t.co/mYzZOPZroZ,anger
SANIAGAM BRAHMACARI: HUT KE-16 FAKULTAS PENDIDIKAN UNIVERSITAS HINDU INDOESIA RAHAYU &amp; JAYA️ https://t.co/7TC8HVhedH,love
@USER @USER @USER Emosi boleh tapi jangan sampai nutup fakta ya. Pendidikan gratis di SD SMA negeri itu udah jalan dan kesejahteraan guru juga ada jalurnya sendiri. MBG hadir buat lengkapi dari sisi gizi bukan saingan anggaran pendidikan. #LanjutkanMBG,anger
@USER @USER @USER @USER @USER @USER @USER @USER @USER @USER @USER @USER Yg jelas mengambil anggaran pendidikan. Dan ini sedang digugat ke MK. https://t.co/0KVFJiKuOe,love
@USER @USER Emg ahli gizi boleh ya lulusan sarjana pendidikan?,love
@USER Aku lulusan pendidikan. 3 tahun honorer di SD merasa tidak ada harapan + gaji cuma ratusan ribu. Desember 2025 akhirnya keluar banyak temen2 yang nawarin jadi ahli gizi di sppg. Tapi akhirnya kerja di bimbel gaji juga sama kaya pegawai sppg ehehe,love
@USER karna apa?mereka menjadikan anak sebagai bahan kasian coba deh lo ke lampu merah terdekat serius gue gaboong pendidikan emang penting banget malah tapi liat juga kualitas orang sdm negri payah ini masih sehat hobi kawin anak dijadijn bahan ngemis,love
@USER Saking kuatnya anggaran pendidikan rakyat ratusan triliun pertahun hanya dijadikan mainan dan candaan,love
PEMERINTAH DUNGU! Tolong para Guru murid walimurid lebih kenceng bersuara menolak MBG. Kami lebih ikhlas uang rakyat dipakai buat pendidikan gratis &amp; mensejahterakan para tenaga pendidik serta perbaikan sekolah drpd utang negara makin gede tp hanya masuk kantong koruptor!,anger
@USER @USER PEMERINTAH DUNGU! Tolong para Guru murid walimurid lebih kenceng bersuara menolak MBG. Kami lebih ikhlas uang rakyat dipakai buat pendidikan gratis dan mensejahterakan para tenaga pendidik serta perbaikan fasilitas sekolah,anger
@USER @USER selamat menempuh pendidikan tinggi,love
@USER @USER HAHAHAHAHAHA BISA KO LANGSUNG JADI PERWIRA ADA YANG NAMANYA AKMIL AKMIL LULUS PENDIDIKAN LGSG JADI PERWIRA,love
Video Siswa Melawan Guru di Langsa Kembali Hebohkan Media Sosial ​LANGSA Dunia pendidikan di Kota Langsa kembali dihebohkan dengan beredarnya sebuah video singkat yang memperlihatkan tindakan tidak terpuji seorang siswi terhadap gurunya. Video yang berdurasi beberapa detik https://t.co/RMKt1kh0o1,sadness
Memastikan pendidikan anak sesuai zamanya adalah sebuah keharusan. Kami beradaptasi dengan teknologi dan keterampilan abad 21 tanpa pernah meninggalkan akar nilai keislaman. https://t.co/LRi4Ju181K,love
Apapun dilakukan kecuali memperbaiki pendidikan SPPG digaji buat apa kalau guru² yg gajinya gak seberapa itu masih dipersulit Makan gaji buta &amp; duit haram dong SPPG nya?,anger
@USER Setuju.Pdhl kl dlm Islam madrasatul ula alias t4 pendidikan anak pertama ada di sosok Ibu. Bpikir kritis tkdg g sbanding sm tgkatan pddkan https://t.co/3BsHR2dExq kan yg S2 tp g bpkir kritis?,anger
@USER @USER Emang Luh ga update si MULYONO emang ijazahnya palsu dua tahun ga ditunjukkan ke gorong gorong ajee pamer sewa pengacara keluarin duit SDH trilyunan jagain jgn sampai diTangkap..ini Ajee pendidikan tahunnya bikin keder yg otak cerdas paham https://t.co/mk35voMCnh,anger
@USER Pemikiran bagus kok sisa persen² an nya itu kan di pake buat cintai orang tua nya sendiri buat hobi pendidikan dan lain² nya (positif) untuk berkembang yg manusia wajib jadikan itu prioritas masak pacaran mau jadi prioritas dari segalanya?.,anger
@USER Udah kepikiran dari pilpres kemarin bakal as caos apa Indo ini mulai dari pemotongan anggaran pendidikan sampai anak kip pada nggak dapet disusul pangkalan LPG diurus pemerintah bencana Sumatra aihh Indo ini udah nggak ketolong.,happy
dan Papua kayak diputus akses dari dunia luar. transportasi mahal biaya pangan mahal pendidikan sangat tidak merata. kek Indonesia nih ke Papua cuma nyedot kekayaan alamnya aja lingkungan dan manusianya ga dipedulikan ,anger
@USER Selain soal guru honorer yg menyedihkan dari dunia pendidikan hari ini adalah diskursusnya jadi melulu soal mbg ga ada yg bener2 mikirin gimana pendidikan yg seharusnya didapat anak2. Negara jahat.‍️‍️,happy
 Kartini gak sama dengan feminazi jaman sekarang karena dia memperjuangkan perempuan biar bisa sekolah kayak laki laki Di jaman beliau dia nuntut dan menulis tentang kenapa pendidikan buat perempuan itu penting udah dapet label feminazi ,sadness
2011 bersama Laksamana Marsetio saat menjabat sebagai Kepala Staf Angkatan Laut dan 2026 bersama Laksamana (purn) saat menjabat Penasihat Menteri Pendidikan Tinggi Sains dan Teknologi 🇮🇩 Jalesveva Jayamahe ️ https://t.co/Jm74Ia2vUG,sadness
Sejak SD. Soalnya beda rumah sama ortu walau ya kadang mereka tetap datang buat mantau. Soalnya tempat sekolah gua dan kerja mereka beda daerah jadi mau gak mau gua menyelesaikan pendidikan SD dulu baru ikut mereka. Ikut mereka juga gua ujungnya dikontrakin rumah beda rumah. ,love
@USER Kalau kartini dianggap tidak segitu bernilainya ga akan mungkin nama dia sampai di abadikan di 4 jalan di belanda hatta hanya 1 syahrir 3 Justru kartini yg nampar pihak kolonial kalau pendidikan untuk wanita di negara kolonial sama pentingnya sama laki laki,anger
@USER @USER Ada yg direkrut. kadang dengan iming-iming nanti dimasukan dapodik... (ini gw ngomong konteks dunia pendidikan) mirisnya /2025 penerapan input dapodik udh bnr2 ditutup kecuali buat guru yg puny sertifikasi. tapi iming2 ini masi aja ada,anger
@USER Ini dosen goblog banget ngebacot tapi argumennya lemah tipikal pemuja anies emang mayoritas orang yg dibesarkan oleh orang tua minim pendidikan walau mereka skrg mereka bependidikan tinggi tapi nalarnya lemah Woy dosen goblog merauke salah satu lumbung padi indonesia timur,anger
@USER Paling benar emang pendidikan gratis ngapain bikin sekolah rakyat? Proyek bagi2 cuan lagi nih?,love
Secara umum politik di Amerika Serikat terbagi dalam dua arus besar: 1. Kiri (liberal / progresif) Biasanya diwakili oleh Partai Demokrat Ciri utama: Peran pemerintah lebih besar (kesehatan pendidikan bantuan sosial) Dukungan terhadap hak minoritas LGBTQ dan pernikahan https://t.co/tU5ro5o404,sadness
@USER Agak laen memang ini gubernur. Dan banyak lagi penggemarnya. Karena dianggap bantuan umroh gratis gaspoll pendidikan itu dari duit dia.,love
pernah pas dulu ngambil jurusan buat lanjut kuliah guru aku sangat menyarankan jangan ambil prodi pendidikan. karena katanya jadi guru di negara yang seperti ini gak bakal dihargain sedih sih dengernya and i blame pemerintah for this shit.,happy
 The Future is Yours! AMRI hadir untuk memastikan setiap anak. Mari bersama AMRI kita bangun ekosistem pendidikan yang inklusif untuk generasi emas Indonesia! 🇮🇩 #Kepemudaan #Indonesia #AMRI #InovasiSosial #PembangunanBangsa https://t.co/9d1mv7MEHJ,happy
@USER ini nih penting nya pendidikan moral sejak kecil biar pas udah gede ngga jadi orang yang sagapung,love
@USER Di akhir obrolan temen gue cuma bisa nyimpulin di tengah bobroknya sistem pendidikan sekarang dia bilang: Untuk saat ini yang paling penting gue cuma mau kesehatan mental murid gue tetap terjaga dan mereka baik-baik aja. Tmn gue ini guru BK sampai skrg masih sakit bgt.,love
@USER Kelebihan: menikmati hidup menjadi bapak rumah tangga dan tidak insekyur pendidikan dan pekerjaan istrinya diatas beliau Kekurangan: rambut,love
@USER gimana ga undervalued ekonomi kesehatan pendidikan keamanan hukum APBN semua2 ancur sebut 1 masalah yg berhasil dikendaliin presiden sekarang mana! sayangnya fakta masih dipoles makanya jdi keliatan aman tinggal tunggu roboh aja nih tp gapapa santaii masih bisa joget gemoy,anger
pendidikan ga merata gini jangan nyalahin warga pemerintah yg ga becus. sebenernya kan udh banyak ya kasus anak sekolah gabisa basic hitung²an dll harusnya itu ditindak lanjut sm pemerintah. dicari sebabnya apa dan dicegah biar ga terjadi lagi . politik sedeket itu sm hiduplu,anger
@USER @USER Kek orang pendidikan rendah trus jadi OKB yg gak punya selera berkelas,anger
@USER Polemik: ijasah jokowi palsu Kesepakatan Bersama Para Pendiri Bangsa Pendidikan Adalah Tujuan dan Cita² Negara memanipulasi memalsukan Dokumen Kependidikan demi meraih Tahta dan Jabatan Adalah bentuk Hianat terhadap Konsitusi Bangsa,anger
@USER Cita cita menaikkan gaji guru honorer tapi buat pendidikan serba mahal berisiknya kek beo.. Hidup kok ga pernah selaras antara keinginan a dan kenginan b,anger
@USER Pendidikan no 1 dia rela dtg ke rmh guru gue buat minjem buku pljrn buat anaknya bljr dmn buku itu hrsny cm dipegang ama guru dgn keterbatasan bapa gue (gaptek n bukan lulusan sekolah tinggi) tapi dia bisa selalu dpt info2 penting tentang pendidikan (msh bnyk) sehat terus pa,happy
Banyak lulusan SMA sekarang bingung pilih jurusan karena takut nanti susah dapat kerja. Padahal kuliah katanya investasi masa depan. Sistem pendidikan kita lagi gagal hubungkan antara bangku kuliah dan dunia kerja atau cuma persepsi aja?,fear
Well deserved Puteri Indonesia 2026 : Agnes Aditya Rahajeng (BANTEN) Puteri Indonesia Lingkungan: Victoria Titisari Kossasie Putri (BALI) Puteri Indonesia Pariwisata : Karina Moudy Widodo (JAKARTA 3) Puteri Indonesia Pendidikan : Gisela Thessalonica Alma Silalahi (JAKARTA 2),anger
Hai aku lulusan S2 pendidikan inget banget dulu pernah jadi materi presentasiku waktu bahas Knowledge management Ba (Ikujiro Nonaka) dan kaitannya dengan Albert Bandura's social learning theory. Saya riset online di Denmark ada human's library loh https://t.co/MJNlfvIkt3,love
@USER Usut tuntas rentan di korupsi. Itu uang pajak rakyat bukan untuk dikorupsi berjamaah. Alokasikan yg tepat bubarkan BGN. Mending buat PENDIDIKAN (SEKOLAH GRATIS ),anger
Untuk para perempuan ini gunanya pendidikan dan gunanya otak dalam kehidupan. Biar elu pada gak kepikiran sedikitpun bawa anak lu ke tempat ini.,anger
Sarana belajar oke asupan nutrisi terjaga. Lewat Pilar MBG Kuat pemerintah bangun SDM unggul sekaligus perbarui infrastruktur pendidikan di seluruh pelosok. #IndonesiaHebat 🇮🇩 https://t.co/ilyTVRqldd,sadness
Mewujudkan Transformasi Gizi Bangsa melalui sinergi asupan sehat dan ruang kelas yang aman. Pemerintah berkomitmen penuh pada kualitas gizi serta fasilitas pendidikan nasional. https://t.co/11A1DaU1Ce,anger
@USER Di rezim saat ini produksi faces dan bisnis ritel pejabat lebih penting daripada pendidikan dan kesehatan Om ,love
asal ngerasa suka aja sama jurusannya. klo sekarang ngerasa salah jurusan ga? engga juga yg bikin gw kepikirannya kenapa gw mesti milih pendidikan (I mean yeah I used to dream of being a teacher tho),anger
@USER aku setuju tutup aja wok udah gaada duit maksa udahlah wok gantian kasih program pendidikan gratis wok,love
@USER @USER Yg bela kadang kalo gk ordal itu sendiri ya yg gk napak tanah. Kan gak mungkin anak mereka sekolah di tempat yg menerima MBG. Class pendidikan beda.,anger
@USER Biasanya nih ya biasanya anak2 kayak gini tuh kalo gk emang yg ortu nya pendidikan rendah banget atau justru anak yg punya ortu punya power kayak anak aparat dll.,fear
@USER skripsi bab 3 pendidikan sejarah feenya 300k kak sampe acc. wa ku di bio testi ada,love
@USER Aku joki skripsi kak testi lengkap bisa kerjain bab III pendidikan sejarah udah ada outline? boleh banget bisa nego di wa,love
@USER @USER @USER @USER Aku jawab mahal kak.. Duluuu pernah pakai asuransi mandiri tapi yg pendidikan dan itu mahal ,love
need joki skripsi bab III jurusan pendidikan sejarah (udh ada outlinenya) drop fee pls #zonauangㅤ,love
@USER @USER Sistem pendidikan yang hancur tapi tetep makan gratis dlu yang jadi prioritas pemerintah. Salah mapping masalah,love
Gibran hanya tamat SD mestinya dari sekarang harus mengambil program pendidikan paket C untuk SMP dan SMA 2029 Gibran tidak bisa ikut kompetisi cawapres lagi ingatkan kepada KPU jangan terjadi lagi keributan dan kegaduhan diminta kepada KPU pemilu harus jurdil https://t.co/OI1YquRzNn,anger
@USER Pantes anak Indonesia perkalian aja ga bisa orang model tontonan nya kaya gini. Besok besok tuh ya kalau bikin series yg mengangkat isi sosial yang memiliki nilai pendidikan dan edukasi bukan malah kaya gini. Bikin series yg penting rame doang tapi ga mikirin gimana dampaknya,anger
@USER @USER Bukan pada suka tp cocok ga cocok sama gayanya dia si ngelantur ini cinephile alias dari segi latar belakang pendidikan emg org sinema. Ibarat dokter ngomongin kesehatan mau kita ga suka jg ttp aja dia ahli ,anger
@USER @USER Ya ampun pak km kemana aja betul dana pendidikan dan kesehatan diambil buat MBG tp itu dana yg tidak memiliki dampak semacam studi banding dan anniversary. Disisi lain dana dan fasilitas pendidikan meningkat BUKAN berkurang.,love
@USER @USER Pendidikan 'gak penting'... yg penting perut kenyang. Kalau kenyang pasti diem dan ngantuk. Kalau perut lapar bisa berontak.,love
liatnya lucu sih tp juga kek anjir ni anak kurang ajar kaya gapernah mengenyam pendidikan ajh (memang&lt;3),sadness
Sebenernya yang aku bingung kenapa yang jawab bukan dari Mentri Pendidikan?,love
LANDSKAP PENDIDIKAN R&amp;D LAHIR GENERASI PAKAR SIBER SISTEM pendidikan modul R&amp;D perlu bermula dari sekarang! #Berita757 #RakyatKeutamaanKami https://t.co/55j0iMApUG,love
Gue kerja jd guru buat ngehindarin omongan tetangga desa bjir Sarjana pendidikan udah kuliah jauh-jauh ujungnya kerja di sawah berisik emg orang desa ini,sadness
@USER Klo di swasta yg biasa malah uang sumbangan pendidikan pas awal masuk minimal 350jt kalau yg 200-400jt sampai lulus biasanya yg di PTN masuk jalur SNMPTN,anger
Congratulations! Agnes Aditya Rahajeng as Putri Indonesia 2026 Victoria Titisari Kosasieputri as Putri Indonesia Lingkungan 2026 Karina Moudy as Putri Indonesia Pariwisata 2026 Gisela Belicia Alma Thesalonica as Putri Indonesia Pendidikan 2026 https://t.co/6HSS6lfadU,anger
Apakah di rezim sekarang ini pendidikan tak di anggap penting,sadness
@USER bener... kartini aja gatau kalo dia bakal kadi pahlawan di masa depan. mereka tuh ga mikir apa ya kalo ga ada kartini mereka (khususnya cewe) juga belum tentu dapet pendidikan kayak sekarang...,anger
@USER @USER Nggak terasing lihat posisi geografis kita strategis buat semua kekuatan global. Kita memang dibendung biar tetap medioker. Kasus2 hukum terakhir ini yang tidak masuk akal menampakkan wajahnya dengan fulgar. Yg sepi dan rapi seperti pendidikan jauh lebih menggurita,happy
‼️ UNIVERSITAS PAKUAN DARURAT KEADILAN ‼️ Ketimpangan biaya pendidikan di Universitas Pakuan menjadi keresahan bagi seluruh mahasiswa suara yang terus di batasi janji yang hanya menjadi alat penenang serta pencitraan tanpa aksi nyata yang terus dilakukan. https://t.co/zjSBtDZSFM,anger
@USER Ga semua pengalaman kerja jadi nilai plus. Pernah ngalamin waktu ngelamar kerja posisi cs dengan pengalaman 2.5thn ga diterima krn cuma pendidikan sma yg diterima fresh grad s1 yg waktu test ngomongnya masih gelagapan,happy
AHY Tinjau Proyek Strategis di Yogyakarta Fokus Pendidikan hingga Infrastruktur Simak selengkapnya: https://t.co/VpySGFo8Mf Baca artikel lainnya di: https://t.co/fH6UsGK7Aw #News #MostUpdate #AHY #Yogyakarta #Pendidikan,sadness
@USER Wahh... selamat ya Mau di spill biaya pendidikan atau biaya kesehatan anak der?,love
@USER Kalo dia buat edukasi ttg penyakit ke masyarakat pelosok yg kekurangan pendidikan menurut gue fine aja. Asal ga ikut politik di kemenkesnya kak. Belajar berpositif thinking aja sih ya,love
Puteri Indonesia 2026 Banten Puteri Indonesia Lingkungan Bali Puteri Indonesia Pariwisata DKI3 Puteri Indonesia Pendidikan DKI2 Puteri Indonesia Kebudyaan Kaltara Puteri Indonesia Inovasi Papua #puteriindonesia,anger
@USER @USER @USER @USER @USER Jangan diliatin gitu lah gak sekolahnya dek. Kalau gagal sekolah dan gak tau arti DSM 5 atau jurnal psikologi harusnya kritik pemerintah ya dek biar dibenerin nih sistem pendidikan bobroknya jangan malah nyalahin LGBT dan jadi tong kosong gini otaknya. GWS ya ,love
Pemerintah sudah membuat keberpihakan pada peningkatan kualitas orang asli Papua. Peningkatan itu dapat dilakukan melalui pendidikan formal dan juga pendidikan yang sifatnya nonformal seperti melalui balai-balai pelatihan kerja #papua #otsuspapua #pemekaranprovinsi #kstpapua https://t.co/pE85XwFJP2,sadness
@USER pendidikan tinggi sih kak,love
PUTERI INDONESIA 2026 1. BANTEN 2. BALI (Lingkungan) 3. DKI JAKARTA 3 (Pariwisata) 4. DKI JAKARTA 2 (Pendidikan) GOKIL ANAK PAK HARNO!!!,anger
 Perempuan ngapain pendidikan tinggi-tinggi? ujung-ujungnya juga ngurus rumah doang Biar gak goblok kayak gini kasian banget adeknya dijejek pake kerokan kayu ,sadness
Gelo anjir lah di sebelah dibilang efek mbg udah kemana mana termasuk akses pendidikan terasa mahal krn skrg bahan baku aj udah mahal tp tim wowo gebrong trs gaterima tuh otaknya isi apaansih,sadness
aku gaada bakat minat di perhitungan tapi disuruh msk akuntansi ya aku jalanin aja smpe lulus pdhl stres mah ada BGT cuma aku ga protes ke ortu karna jdi tau jga akuntansi tuh bikin STRES makanya klo dikasih kesempatan buat lanjutin pendidikan ga yakin klo hrs akuntansi lagi,sadness
Program Radio Nasional FM akan menampilkan Segmen Radio Haja Tuju Pelajar Selepas BC GCE O Level Dan A Level sebagai panduan kepada para pelajar dan ibu bapa dalam merancang laluan pendidikan seterusnya. https://t.co/jKRR35L5LG,anger
Puteri Indonesia Pariwisata DKI 3 Puteri Indonesia Pendidikan DKI 2,anger
@USER Coba cek lagi deh menteri pendidikan tiap periodenya nyaris selalu diisi oleh ormas terbaik di dunia.,love
@USER @USER Setuju. Bahkan ketika ybs bukan orang yg punya pendidikan yg gimana2 pasti ada sesuatu yg menarik dari ceritanya.,anger
Reformasi Guru Pendidikan Khusus 2026 https://t.co/jNfWwDa8L5,love
5. Keluargaku itu basicnya pendidikan ya saya juga suka pendidikan tapi apakah pendidikan itu harus dari PNS aja kan belum tentu guys Anak muda : baik. Jadi pilihannya Abang itu ingin kerja sampingan (freelance) karena sudah mengikuti perkembangan jaman begitu,love
setelah ohyul pap salad di kasur dengan piyama lucu prabowo reflek memberhentikan mbg dan mengalokasikan duitnya ke sektor pendidikan &amp; kesehatan lalu beliau sadar akan ketidakbecusannya dan turun dari jabatan presiden-nya,sadness
WEH SALAH CUYY Pendidikan DKI 2 Pariwisata DKI 3,anger
@USER Solusi universal: Alokasikan 300-350 triliun untuk menggratiskan jenjang pendidikan sampai menengah/tinggi secara menyeluruh dari anggaran pendidikan APBN (769 T) dengan memfokuskan anggaran utk kementerian pendidikan serta efesiensi program bukan prioritas. @USER @USER,love
Puteri Indonesia's Final Final Prediction Puteri Indonesia: Bali Puteri Indonesia Lingkungan: Banten Puteri Indonesia Pariwisata: DKI Jakarta 3 Puteri Indonesia Pendidikan: DKI Jakarta 2,anger
selamat bertugas gisela sebagai putri indonesia pendidikan 2026,love
Pi pendidikan : Dki 2,sadness
PI Pendidikan adalah DKI JAKARTA 2 KA GISELLLLL,anger
@USER Emang kayak gitu kok di luar juga udah mulai keliatan. Rakyat jelata dibikin kecanduan brainrot (karena itu doang yang masih kejangkau) sambil anggaran pendidikan budaya dikurangin. Sementara konglomerat sekolahnya strict no gadget banyak kegiatan ini itu baca literatur ,anger
#BuletinBernama: RPM pastikan sistem pendidikan negara selari perkembangan AI #digitalbernamatv #RPM #AI #pendidikan #sistem https://t.co/wICWNFqkrU,happy
jujur pgn hiphop jg tp ak prodi pendidikan jirs,love
@USER Asu habis pendidikan jepang ya,love
@USER Ga punya otak memang rakyat butuh kesehatan dan pendidikan gratis bukan makan gratis,love
Bagi kita ini adalah masalah pendidikan yang harus diselesaikan bagi pemerintah anak-anak ini tetap akan dijaga gizinya dengan MBG.. Sekolah no. 2 yang penting dapat MBG https://t.co/t9GmNslxKR,love
@USER Ini sebenernya program bagus. Tapi kenapa gak coba per cluster daerah 3T dulu? Susah akses dan distribusi logistik kan? Ya bangun jalan. Perhari 1.2 triliun kok MBG ini. Satu lagi MBG janganlah kau sedot anggaran pendidikan dan kesehatan.,anger
Penghargaan ini bukan sekadar apresiasi tetapi juga menjadi motivasi untuk terus menghadirkan inovasi dan memastikan pendidikan berkualitas dapat dirasakan secara merata di seluruh Kalimantan Tengah menuju Indonesia Emas 2045. (9/10),love
Selain itu program sekolah gratis dan kuliah gratis menjadi langkah nyata dalam membuka kesempatan seluas-luasnya bagi masyarakat khususnya dari keluarga kurang mampu maupun wilayah pedalaman agar dapat mengenyam pendidikan tanpa terkendala biaya. (8/10),happy
Dalam kondisi tersebut digitalisasi menjadi solusi strategis untuk mempercepat pemerataan pendidikan. Pemprov Kalteng terus mendorong transformasi pembelajaran melalui Kelas Digital Huma Betang sistem pembelajaran hybrid penguatan pembelajaran bahasa asing serta (6/10),sadness
Capaian ini juga melanjutkan keberhasilan sebelumnya di mana Gubernur Kalimantan Tengah H. Agustiar Sabran meraih Pemimpin Daerah Award 2025 kategori Inovasi Daerah Bidang Pendidikan sebagai pengakuan atas komitmen memajukan sektor pendidikan di Bumi Tambun Bungai. (4/10),fear
Penghargaan ini menjadi bentuk apresiasi atas berbagai terobosan Pemprov Kalteng dalam meningkatkan kualitas pendidikan berbasis teknologi serta pemerataan akses pendidikan bagi masyarakat. (3/10),sadness
Selamat &amp; sukses atas diraihnya penghargaan National Governance Award 2026 oleh Pemerintah Provinsi Kalimantan Tengah pada kategori Pendidikan (1/10) https://t.co/nKpiUBUInl,love
Pengarah Jabatan Pendidikan W.P Labuan sifatkan pemilihan venue di Kompleks Sukan Laut Antarabangsa Labuan adalah disebabkan pusat pelancongan yang sesuai untuk rekreasi! #MSSM2026 #NadiArena #AstroArena https://t.co/bSdLHSH1It,love
ini yg putri pendidikan eloquent banget terus berikutnya yasalam ‍️siap banget speechnya ,love
@USER there s only like 10% chances. and you know damn well these adults are not making fun of that child. SDM gelap gak salah pendidikan untuk orangtuanya aja udah bobrok sampai itu anak udah SMP gak dikasih terapi (KALAU MEMANG disleksia). it s harmful to say that.,love
rinan i love u terimakasih yaaa. jangan lupa terus up velocity yaa - rinanda putri indonesia pendidikan 2025 &amp; 2nd runner up miss charm 2025,happy
rinaaaann.. speechnya selalu menyentuhh nice diksii puteri pendidikan kamii luvvv ,love
@USER @USER Whole of system pendidikan atau sistem yg lbh spesifik? Kurikulum hal guru hak siswa lingkungan belajar etc,love
@USER @USER Baik kita buka diskusi. Sebaiknya sistem pendidikan yg bagus di adopt olh Indonesia itu yg spt apa? Dg menimbang faktor kultur sosial dan budaya di sini.,anger
Hot take: Digitalisasi pendidikan bagus tapi kalau siswa di pelosok masih kesulitan sinyal dan device kita cuma bikin gap makin lebar. Pendidikan merata di Indonesia emang cuma slogan atau ada harapan nyata di 2026?,sadness
@USER Ibarat basic pendidikan otomotif yg di kasih jabatan di negri ini lulusan kedokteran hewan sampai kiamat gk bakal maju negri ini ( jabatan jatah parpol ),love
juara 1 banten lingkungan bali pariwisata dki 2 pendidikan dki 3,anger
aku sejak kelas 5 sd udah kerja udah pontang panting sendiri buat pendidikan ku bener bener kayak ga punya peran orang tua semua aku usahain sendiri banyak hal yang bikin aku malu tapi selalu aku berusaha lupain,sadness
@USER mana akunnya sini gw gebukin pakai data komen to lol. atau gak pernah ke Iran dia? BBM Indon busuk Rp 29rbu/liter disana mahal ada GRATIS - Rp 5000 per liter ini masih BBM Pendidikan sampai S3 GRATIS. Indon S1 aja udah sampai 19 juta awakwakwak,anger
@USER Ada yang merasa paling ngerti soal dunia pendidikan padahal gak jurusannya dan gak pernah ada di lapangan saya kawatir ada guru yang hidupnya susah/berat denger omongan ini malah di ketawain karena ngomonya ASBUN! https://t.co/IBr8q8fsK8 https://t.co/Ce6MGnxNDQ,anger
untung nya dulu era ini aku masi jadi manusia pengangguran yang belom mikirin pendidikan banget jadi bener bener bisa nikmatin era nct 2021 ini,love
Program TV Pendidikan terbitan Unit TV Pendidikan Pusat Teknologi Pendidikan Kementerian Pendidikan.,love
Program TV Pendidikan bersiaran di RTB Aneka dan RTBGO setiap hari Isnin hingga Khamis dan Sabtu. Siaran Program TV Pendidikan bagi hari Sabtu 25 April 2026 bermula jam 8.00 10.00 pagi. https://t.co/VtyutP4uw5,love
@USER Jujur ada yang salah dengan dunia pendidikan di negeri ini. Dulu siswa gak berani membantah ucapan guru. Sekarang guru gak punya wibawa di mata siswa.,love
RPM Pastikan Sistem Pendidikan Negara Selari Perkembangan AI https://t.co/inOusqiOeY,anger
Kelas itiket ini macam pendidikan dasar trainee esem ... chanyeol aja bilang etika d meja makanpun juga d ajarin pas trainee ...,anger
Selamat &amp; sukses atas diraihnya penghargaan National Governance Award 2026 oleh Pemerintah Provinsi Kalimantan Tengah pada kategori Pendidikan. Capaian ini menjadi bukti komitmen Pemprov Kalteng dalam meningkatkan kualitas pendidikan yang inklusif inovatif dan berdaya saing. https://t.co/TNTzyRoqTz,love
@USER chances being small. gua juga disleksia kenal kawan disleksia tapi kami punya semangat belajar dan kebetulan pendidikan kami bagus (didorong untuk giat dan latih baca tulis). kamu malah ngaitin inkompetensi ke orang-orang neurodivergent. it s a paradox of ableist atp lol,love
lagi lagi juga rakyat kecil tuh yang kena dibodoh bodohi lah mereka rakyat kecil dengan embel embel kekuasaan mereka. yaa makanya pemerintah juga lebih demen ngasih kita makan sama sembako sampe kenyang daripada kasih pendidikan gratis kalau rakyatnya pinter abis lah mereka ,sadness
Jawatan Kosong Perbadanan Tabung Pendidikan Tinggi Nasional (PTPTN). Tarikh tutup permohonan 28 April 2026 (Selasa). Info jawatan selanjutnya dipautan berikut : https://t.co/n0tW3PVlMc Follow kami di facebook : https://t.co/QzGWyGzuMR https://t.co/srwCsZcGED,sadness
@USER Maaf pendidikan &amp; kesehatan bukan prioritas utama presiden pilihan 58 % bangsa Indonesia ini ,love
yang lg kuliah atau sudah alumni jurusan pendidikan masyarakat cunggg!!! yg alumni skrg udah jd apaa??,anger
@USER emng gila pendidikan sekolah lu mau SEBEGO dan SETOLOL apa pun tetap naik kelas anjing anjing anak nakal anak bermasalah intinya kalo absen lu bagus lu naik kelas tapi dulu di jaman gua orang tolol nilai jelek ga bakal naik kelas anjing ini apa apaan ngentod,love
Abis liat postingan jelk jlekin Fresh graduate yang dianggap kureng kira kira umurnya 22 thn lah ya masa golden age stunting ya dari balita lah ya sampe sd berarti belasan tahun yang lalu trus ada yg nyindir yang penting makan ye gamikir pendidikan . Mikir skid cacad logika,love
@USER @USER ane guru di sekolah kismin beneran ada dia skrg kelas 9 smp. dan ya ga bisa. bukan krna ga mampu emang dia males. ortunya petani anaknya ga peduli bisa baca dan aturan di sekolah ga ada tinggal kelas . ini alasan gw cabut dri sekolah KISMIN. ga semua butuh pendidikan.,love
gini - Banten (Putri Indonesia) - Bali (Putri Indonesia Pariwisata) - DKI Jakarta 3 (Putri Indonesia Lingkungan) - DKI Jakarta 2 (Putri Indonesia Pendidikan),anger
@USER @USER Psikiater bisa BPJS kak nah yg ga bisa tu psikolog. Aku sebel banget MBG² gtu Weh selain buat subsidi psikolog mending buat subsidi pendidikan lebih juga sih ketimbang makan gratis,happy
@USER Kemungkinan semua anak bisa dapat pendidikan gratis,love
@USER @USER halo kak maaf mau nanya dan memastikan kalau minta tolong ke fakul udah pasti langsung dibukain kah kak dan ga perlu ke diktorat pendidikan?,anger
@USER Well yes ofcourse it s gonna be pendidikan jasmani it s just my brain is off that time,love
#Indonesia #education #Pendidikan #MBG,happy
@USER pendidikan jasmani ,love
@USER Lolos snbt pil 1 pendidikan bahasa Jepang upi dengan selamat sentosa amiin,love
@USER @USER Itu pun klo mereka merasa perlu pendidikan.,love
@USER Bapakku bisa sekolahin aku sampe S-2 tapi bapak ga lulus SD:) pokoknya bapak orang nomor 1 di dunia. Semoga bapak-bapak yang mengupayakan pendidikan anaknya masuk surga paling depannnnnn.,happy
Diskusi 2: 7/8 Etika dan pendidikan anti korupsi Manajemen risiko dan asuransi Pengantar statistika AKM I Auditing I Teori portofolio investasi Akuntansi Biaya ,anger
@USER Ya Ampun...mubadzir bngt...kykny program ini bner2 kurang pas deg...mending dialihkan ke pendidikan...meringankan ortu,love
Puteri Indonesia: Banten Puteri Indonesia Lingkungan: DKI 3 Puteri Indonesia Pariwisata: Bali Puteri Indonesia Pendidikan: DKi 2,anger
@USER Tuhan dewa dll. ada lebih dari ribuan jadi bisa saja Tuhan-mu menolak gay bukan berarti Tuhan gue harus mengikuti Tuhan-mu. Setuju. Kualitas pendidikan Indonesia masih bobrok,love
evaluasi yg ada bukan cari alesan bikin ladang korupsi baru. kita bukan kekurangan sekolah tapi kekurangan pendidikan layak.,anger
Sebelum melanjutkan pendidikan mari kita tanyakan dulu kepada diri ini sejauh mana kamu sudah sembuh dari luka batinmu.,love
elu bocah ingusan harusnya tu fokus mikir pendidikan buat masa depan ya oon bukannya malah ngerusak masa depan orang lain dan bikin anak orang jadi trauma grgr kelakuan fantasi bejat lo itu,anger
fiks gak seh kayanyee??????? Banten (Puteri Indonesia) DKI 3 (PI Lingkungan) Bali (PI Pendidikan &amp; Kebudayaan) DKI 2 ( PI Pariwisata),anger
@USER anggaran sektor pendidikan: am i a joke to you?,love
dr sd udah sering baca cerita rakyat dan gue sebagai anak sd kemampuan berpikir logis gue udh jalan. pdhl cerita rakyat itu udh jelas isinya dongeng macam apa tp kok ini bule2 yg katanya dr negara maju pendidikan maju pada gbs bedain fiksi sama realita?,anger
Penjas apa wehh jgn cakap pendidikan jasmin,happy
@USER ya parah itu sdh pendidikan rendah dan tak punya akhlak.... tiada ya bisa diharapkan kecuali kerusakan....biasanya org2 macam ini tak berani menampakkan identitasnya akunnya parodi,anger
@USER @USER @USER ya kan di bahasa umum tuh Greek mythology emang istilah buat cerita dewa-dewi Yunani kuno. bukan maksud ngerendahin atau bilang agama lu itu mitos. itu kan istilah yang sering dipakai di sejarah dan pendidikan.,anger
pusat pula sekali-kali lah pemerataan pendidikan bun,love
@USER ( Halo aku Ivana Auerbach ╱ Zhao Jinmai 🇨🇳 Saat ini aku bekerja sebagai research engineer di bidang energi berkelanjutan. Tertarik pada isu perempuan dan pendidikan kalau cocok aku dengan senang hati ikut bergabung. Terima kasih! ),love
Bupati Mappi dorong kolaborasi dengan Pemprov Papua Selatan untuk Asrama Mahasiswa dan Bali Guru dalam rangka Program 1000 Sarjana. #AllEyesOnPapua #PapuaSejahtera #PapuaIndonesia #Pendidikan #EducationMatters https://t.co/3NkWIITh7A,happy
@USER @USER Karna mayoritas masyarakatnya memang minim literasi pendidikan nya begitupun juga rendah tingkat kelas ekonominya. Selama itu masih dominan sulit majunya.,love
@USER Wah sekarang dia juga merangkap mentri pendidikan,love
@USER @USER Dalam konteks pendidikan semua aspek itu bagus dan penting karena bersifat holistic tapi dari semua yg penting itu kalo mau tumbuh optimal ada yg harus diprioritaskan,love
terus lagi pusing penelitian tugas soal character building tentang pendidikan berkualitas dan harus ada narasumber baru inget pacarku guru bakor jadinya minta tolong suki suki lagi buat bantu tugasnya dan jadi narsum https://t.co/FV2nhBChEy,sadness
Sisa-sisa Orde Baru (termasuk jenderal-jenderal dan raja-raja kecil) KKN dan privatisasi segala lini pokok (pendidikan dan kesehatan).,love
Bayangin anak lulusan SMA ga bisa 4x7 even 3x3 aja dia make sure ke gurunya bener/ga syok bgt ngalamin irl menyaksikan semenyedihkan itu pendidikan di kita :(((,sadness
pas udah sampe cafe sambil nunggu temen aku diajak ngobrol tukang parkir. trs dikasih wejangan jangan mikir cowo dulu fokus kerja dulu sama pendidikan LAHHH PODO,happy
Sorong Rabu 22 April 2026. Tim Monitoring dan Evaluasi (Monev) Seksi Pendidikan Islam Kantor Kementerian Agama Kabupaten Sorong melaksanakan pengawasan langsung pelaksanaan Tes Kemampuan Akademik (TKA) tingkat Madrasah Ibtidaiyah (MI). https://t.co/skFElfJaCs,fear
@USER Ndak rilet temenku kismin tp suaminya dokter &amp; dari keluarga pengusaha. Di sekitarku byk yg ceweknya biasa aja tp cowoknya dari segi pendidikan &amp; ekonomi jaaauuuhh bgt di atas.,happy
gw sadarnya pas bikin kalender pendidikan buat anak anak gw,sadness
salahin pemerintah lu karna system pendidikan di indon JELEK BGT. lagian ada kemungkinan dia ada dyslexic?????,love
@USER dipikir tuh heran pendidikan para pejabat itu tinggi tapi kok pemikiran sama sikapnya bego,anger
HAHAHA sama hal nya dengan kuliah jurusan pendidikan gw sendiri jurusan pendidikan dan udah lulus tetapi gw melarang dengan keras saudara-saudara gw untuk kuliah jurusan pendidikan. soal nya negara ini jahat sama guru apalagi di rezim skrng,love
Kemudahan Internet berkelajuan tinggi ini dijangka akan meningkatkan kualiti hidup warga ATM khusunya dalam menyokong keperluan pendidikan anak-anak urusan komunikasi harian serta kesejahteraan digital keluarga selaras dengan aspirasi Malaysia MADANI.,sadness
Usaha perkasa tingkatan enam IPG tuntut kematangan pendidikan negara - PM @USER https://t.co/8yCGzHtZSM #BernamaNews https://t.co/ObSWxM6h7Z,happy
️️️ ️ ️️️ Keluhannya singkat: Dok saya minder sekali karena bekas luka bakar di wajah saya sejak kecil. Apa benar-benar bisa dihilangkan tanpa operasi besar? Mikayla terdiam. Ia membaca kalimat itu berulang kali. Di rumah sakit pendidikan dulu ️️️,sadness
@USER Di novel bapaknya lagi benci sama anaknya karna sex orientation dia. Malah dikurung 3 bulan dikasi minum macem2 ubat ramuan utk sembuhkan dia abis itu diantar ke US utk sambung pendidikan. Produksi gak cukup biaya kali ya makanya plot 2nd CP dibikin kayak gini,love
@USER Bukankah Mulyono yg bilang sendiri dia lulusan TEKNOLOGI KAYU? jurusan fakultas yang cuma ada 1 di dunia dan haya 1 orang yg punya pendidikan tersebut,anger
Bermula tahun depan semua 58 MRSM akan ada warden sepenuh masa dikalangan bekas anggota beruniform dengan pemilihan yang ketat dan wajib melalui latihan untuk faham Falsafah Pendidikan MARA. Guru-guru tidak perlu lagi terbeban dengan tugas warden hanya fokus mengajar ,happy
 Kesempatan pendidikan harus dimanfaatkan dengan sungguh-sungguh karena ilmu pengetahuan adalah bekal penting menuju kehidupan yang lebih baik. Fitrian Noor https://t.co/fNWJimpQLv,love
@USER Menurut ku sama penting tidak ada yg lebih ... Krn di kelas B ada contoh nyatanya contoh nyata prof. yohanes surya yg mengajar anak bodoh menjadi pintar dan juara di tingkat internasional... Krn pendidikan itu saling terkait.,fear
@USER @USER @USER KASIAN DARI SEMUA POIN LU GABISA NGEJELASIN APA HUBUNGAN SIMON SAMA PRABOWO WKWK YANG GAPUNYA PENDIDIKAN ITU ELU KOCAK. BLACK CAMPAIGN MULU SAMPAH WKWK. NENEK GUE PUN JG TAU SIMON ITU PEMIMPIN MILITER YANG DITANYA ITU APA HUBUNGANNYA SAMPAH. BODOH²,love
Komandan Lanud Sjamsudin Noor Kolonel Pnb Hilman L.P. Ambarita M.M.S. Jumat (24/04/2026) menghadiri undangan dalam rangka mengikuti Upacara Penutupan Pendidikan Pertama Bintara Infanteri TNI AD Gel. I TA. 2026. Selengkapnya : https://t.co/n8v6Wez9pq https://t.co/LJw2C0fFHR,happy
Thx god waktu aku ikut pengabdian yg cuman sehari di desa anak-anak SD nya udh pada pintar baca dan nulis padahal kelas 1. Ikut senang banget! Tapi sangat disayangkan dalam kasus gini masih ada yang tidak benar-benar menempuh pendidikan secara layak.,happy
gausah fisika truk segede gaban ditarik motor....... yah yaudahlah mau gimana orang pendidikan jg merata malah embege terus,happy
Lowongan Kerja Rumah Sakit JIH Purwokerto 1. Terapis Wicara 2. Terapis Okupasi 3. Staff IPCN Pendidikan minimal D3 Cara daftar cek di: https://t.co/jBncKNnzb9,sadness
@USER @USER Biaya kuliah yang tinggi + waktu pendidikan yang lama + beban kerja tapi tidak sebanding sama gajinya,love
@USER @USER Secara menyelurug MBG itu makan porsi anggaran pendidikan tak peduli di mana pun dapurnya.,love
@USER @USER @USER @USER PENDIDIKAN FORMAL. modal akhlak baik doang mana bisa punya duit &amp; hidup berkecukupan. noh yg duduk di kursi pemerintahan aja pd ga berakhlak.,love
@USER iyakannnn mending pendidikan dlu dibanding mbg masa ada berita kantor sppg nya lebih bagus drpada sekolahnya kan kocakkk ,love
@USER Bagi @USER nya @USER yang penting pendidikan tidak lebih baik,love
@USER buah mahal karna pupuknya mahal. pendidikan mahal karna aggaran mbg nya mahal hihi,love
Dinas Pendidikan dan Kebudayaan (Disdikbud) Kabupaten Rejang Lebong Provinsi Bengkulu melakukan penguatan integritas dan karakter jajarannya melalui pembinaan mental atau bintal.https://t.co/XfUoaW84Ap,love
@USER @USER @USER @USER pendidikan karakter sejak dini bisa membantu anak mandiri kelak dan berakhlak pulak,love
Sangat amat bertanggung jawab terutama perihal pendidikan apapun yang ku mau klo menyangkut pendidikan akan dituruti,love
Setelah mengetahui kenyataan bahwa ternyata masih banyak di luar sana keluarga-keluarga yang tidak menempuh pendidikan tinggi menjadikan aku sadar bahwa terlahir dari keluarga yang kedua orang tuaku merupakan sarjana dan menomorsatukan pendidikan adalah sebuah privilese.,sadness
@USER Ini manfaat mbg nya @USER. Daerah dan desa tidak bisa membangun kualitas pendidikan menurun.,love
1. Rakyat disuruh nyari kerja sendiri 2. Uang Rakyat dipalak atas nama Pajak 3. Pemerintah korupsi 4. Rakyat dibungkam 5. Pemerintah sama Asing takut 6. Mentingin makan gratis daripada pendidikan gratis tebak negara???,anger
@USER Pemerintah telah merusak harapan anak - anak untuk masa depan,sadness
emg yh pemerintah skrng gasuka rakyatnya jadi pinter kah,anger
Apa nggak sebaiknya yang diangkat menjadi duta adalah mereka yang bukan hanya terdaftar tapi juga pengguna BPJS? Semoga beliau bisa menjadi jembatan masyarakat kecil pengguna BPJS kepada pemerintah.,happy
Salut walaupun anda buzzer pemerintah emang sepatutnya jika Salah ya harus dikritik. Tinggal pembela pemerintah lainnya kira² pada bahas MBG si dadan ini tidak karena selama ini pada bela si dadan ,sadness
Gimana kalo kita mulai ngestan pemerintah lalu kita bikin fandom namanya rawit alias retapan sawit,anger
ih cintanya aku sama pasangan melarat enih(blaming pemerintah for this),love
kalau pemerintah ga mau buat demand swasta bisa banget. sebagai contoh yayasan2 konglo bisa buat sekolah dan employ sarjana pendidikan. menguntungkan bagi semua pihak involved,sadness
@USER umkm ya ini at least min upahnya 50% up dari ump/umk dgn jam kerja 7 jam plus harus kasi mkn/uang mkn istirahat 1x seminggu.. sorry to say rata2 umkm kuliner bnyk sperti ini di kota2 seindonesia itulah hrsny fungsi n peran pemerintah hadir buat hal ini tp kenyataanny sulit,fear
@USER Tiap rencana pemerintah gue dah ga percaya pasti ada hitungan bisnisnya,fear
yang relevan dimata pemerintah cuma prodi nyuci ompreng,sadness
padahal demandnya bisa dibuat kapan saja sama pemerintah. mala buat program mitra MBG yang nyerap mala kredensial yang tidak jelas,sadness
Yuk bijak bersosmed jangan gampang percaya isu bansos dihapus Sebelum share berita pastikan cek dulu ke sumber resmi pemerintah #Saringsebelumsharing #AntiHoaks https://t.co/qpaMbYtFFu,sadness
BENCI BANGET ANJENG BANCI BANGET BANGSAT KNP LO PADA RAKYAT TIKTOK KLO DIKASIH TAU NGEYEL ANJENGGGGGG knp sampe detik ini yang dimana udah beribu ribu kebobrokan pemerintah masih aja yg bela anjengggggg lu knp goblok bgt mau bela pemerintah asuuuuuuu lu dapet apa celeng,anger
yaudah iya ini kan secara lingkungannya nah skrg jelasin regulasi pemerintah terkait tindak lanjut menjaga lingkungan lewat pajak karbon makasih cad,sadness
@USER Jujur pendidikan relevan kalo ADA LAPANGAN KERJA DAN GAJINYA MANUSIAWI NJIR di negara enih kan guru gajinya amat tidak manusia kaya tenaga kesehatan. Tapi prodi nya buanyakkk apa lagi kedokteran buanyakkkk pengeluarannya alangkah baiknya ya pemerintah bisa evaluasi,anger
@USER @USER Saya pikir salah tukang rujak bang. Masa akuarium dipake nyimpen buah. Ternyata salah pemerintah yah. Wk wk wk,anger
@USER 1. Sudah aneh mengaitkan program studi dengan kebutuhan industri kecuali itu vokasi. 2. lulusan keguruan melebihi kebutuhan tetapi mengapa masih ada guru honorer? 3. masalah pada kesiapan pemerintah dalam pemerataan antardaerah sehingga baik industri maupun pekerja mau ke daerah,sadness
@USER Allah bersama wni iblis bersama pejabat pemerintah,sadness
Waduh Guru harus benar2 dipagari ini pemerintah. https://t.co/1pNXwcWhQa,sadness
iya deh iyaaa krmn sempet live sama beomgyu tuh ga termasuk temen ya? kalau cuma dapet dari KATANYA tuh jangan langsung dipercayaa bisa stop gasih kalian ngetwit jelekin hs mulu deh mending energinya buat jelekin pemerintah lu,sadness
apa ya yg membuat pemerintah khususnya presiden tuh kekeuh mempertahankan program ini?,sadness
agar semua orang bisa tau pemerintah hanya mengurusi perut mereka sendiri,sadness
Dari pada nutup prodi mending lu semua aja yg tutup umur. Udah mah gk relevan ngerusak masa depan bangsa pula. Pemerintah goblok,anger
mau cerdas jangan baca fanfic anyinggg seburuk apa sih pemerintah kita sampe literasi warganya bergantung sama fanfic nsfw omegaverse etc?,sadness
Kita harusnya punya pemerintah yg waras kaya gini ga sih guys ,sadness
kan emang gitu pak tujuan pemerintah indonesia ! menurunkan kemampuan sdm agar bisa dibodoh in jadi tidak kritis supaya mereka bebas ngapain aja udh kebaca kali pak dari mulai kurikulum dan kebijakan nyeleneh serta pendidikan bukan prioritas,sadness
@USER udh saatnya pemerintah buat program ini sih semua perempuan butuh jehi ,anger
@USER @USER Bisa jadi uang itu untuk membungkam agar tidak vocal mengkritik pemerintah.,anger
@USER @USER @USER Damkar kan salah satu instansi pemerintah berarti si dc ini sudah merugikan dan menipu pemerintah dong bener ga logikanya?? Biar makin kusut tuh si dc..,anger
@USER @USER @USER @USER @USER @USER @USER @USER @USER @USER @USER Ga ada yang bisa diharapkan dari pemerintah kak jaga diri masing-masing!,love
pemerintah orang gila,sadness
pemerintah tolong masukin hari apes ke kalender dong biar kita ada persiapan aja gitu @USER izin bapaaakk ,sadness
Apasi orang yg mempermasalahkan fanfic nih? Aneh bgt lu. Kalo mau ningkatin literasi masyarakat mah lu kritik pemerintah bukan author fanfic kocak.,anger
abis baca artikelnya dan kesimpulannya memang gini doang memang pendek akalnya pemerintah https://t.co/ZnDROYzTbE,sadness
Beberapa minggu jelang penyelenggaraan piala dunia 2026 pemerintah Amerika melalui Utusan khusus Presiden AS Donald Trump Paolo Zampolli mengusulkan kepada FIFA agar Iran dicoret dari keikutsertaan dari Piala Dunia 2026 dan digantikan dengan Italia yang kalah di fase playoff. https://t.co/unUKZlzLFR,sadness
org nganggur bukan krn jurusannta ga sesuai emg lokernya aja yg gaada padahal ya masih dibutuhin aja. heran sama pemerintah yg nalarnya selalu ga dipake solusinya ga menyelesaikan masalah kaya ga dipikir,sadness
Ketika pendidikan bukan fokus utama bagi pemerintah ini dia efeknya.,sadness
@USER Woyy PK PM PU tuh kayak gabungan subtest SAT GMAT dan GRE dan kontolnya pemerintah tuh kayak pengen kita bernalar kayak di luar negeri ngentotot udah tau pendidikan kita masih kurang,love
Pemerintah yg gak becus ngasih lapangan pekerjaan kok jurusan/prodi2 yg ditutup. Goblok bgt jing,anger
saatnya mengalihfungsikan akun ini sesuai fungsi awal (maki maki pemerintah),anger
@USER tetep ke MBG sih aku bukan buzzer pemerintah tapi ekonomi kecil tumbuh pesat akibat MBG,anger
@USER @USER Apanya yang ini ? Temanya mengkritik pemerintah soalnya. Terus yang kuambil tema ultahnya masa ultah gak senyum ,anger
Pemerintah dongok gak bisa bedain mana yang emang oversupply karena murni kebanyakan stok dan mana yang oversuppy karena kompetensinya tidak terserap dengan maksimal sesuai kebutuhan yang ada. ALIAS PEKOK SUUUU ASU TOLOL GOBLOK OTAK DIPAKE NJING.,anger
buseettt dah serem bgt join go kaya gini perkara ga terima di kritik lgsg doxxing orang persis bgt kelakuan lu kaya pemerintah,fear
barusan diceritain instansi pemerintah ada yg order di pt tempat gua. biasanya ordernya banyak. tapi kali ini sedikit. ternyata anggarannya dipangkas buat embege,sadness
Pemerintah daerah pun seharusnya rutin melakukan inspeksi mendadak ke daycare-daycare yang beroperasi. Izin usaha saja tidak cukup. Harus ada standar nasional perlindungan anak yang benar-benar dijalankan bukan hanya di atas kertas.,sadness
Klo pemerintah licik bisa jadi bakal manipulasi harga sembako utama seperti ayam dan telur biar meredam amukan massa. Hal ini seperti yg dilakukan di turki sekarang,sadness
Pemerintah jepang sama korea udh level ngasih tunjangan ke warga negara yg mau nikah. Itupun ga menjamin bisa menaikkan populasi negara. Lah ini malah ngasih kangkung,anger
@USER Pertama-tama dan yang paling utama adalah prodi Perencanaan Wilayah dan Kota. Puluhan tahun berdiri hasil kajiannya jarang didengar sama pemerintah untuk penataan kota dan wilayahnya.,love
@USER Ini kejadian bulan Januari 2026 BGN sudah mengambil tindakan tegas terhadap SPPG yang menyebabkan terjadinya keracunan tersebut. Berbagai langkah perbaikan terus dilakukan oleh pemerintah dan BGN untuk mewujudkan zero keracunan dalam pelaksanaan program MBG. #LanjutkanMBG,anger
@USER Klo pemerintah licik bisa jadi bakal manipulasi harga sembako utama seperti ayam dan telur biar meredam amukan massa. Hal ini seperti yg dilakukan di turki sekarang,sadness
Tadi di event wonpil ada FGD dan ngebahas alasan gabisa jadi idol Gue : jejak digital sering viral karena ngeluh sistemik dan ngata ngatain pemerintah,sadness
Sabtu 25 April 2026 bertempat di Masjid Agung Syahrun Nur Komplek Perkantoran Pemerintah Kabupaten Tapanuli Selatan telah dilaksanakan kegiatan pemberangkatan jamaah calon haji Kabupaten Tapanuli Selatan Tahun 2026. Kepala Kejaksaan Negeri Tapanuli Selatan (c) https://t.co/BdqwFba0UM,sadness
@USER @USER Emang gw sarkas wkwk gw aja suka kritik pemerintah kok ,anger
Sensus ini penting bagi para pelaku usaha untuk membantu pemerintah memahami kebutuhan dan potensi sektor-sektor usaha Indonesia. Yuk siapkan data usaha Anda dan dukung kelancaran sensus ini! Mari bersama #MencatatEkonomiIndonesia! #SadarStatistik #SE2026 #SensusEkonomi2026,sadness
????another stupid statement came from pemerintah ih tolol,sadness
mending lu ngomong gini ke pemerintah aja sob krn tugas pemerintah utk mencerdaskan bangsa bukan tugas author fanfic homo mpreg aboverse,sadness
if u tried to blame authors for said minim literasi dan akses yang terbatas untuk membaca lu bisa arahin mata dan pikiran lu ke pemerintah. u are the one that needs more education reading comprehension is ZERO.,sadness
Digitalisasi ini juga buka pintu bagi petani dan peternak lokal untuk jadi pemasok nasional. Dengan tata kelola modern pemerintah tak hanya penuhi gizi bangsa tapi juga gerakkan ekonomi akar rumput secara nyata dan berkelanjutan. 🇮🇩 #PetaniLokal https://t.co/nbyVFwdFYL,sadness
haii new moots maaf ya akun ini kadang suka kayak orang gila yapping sunoo butuh asupan sunshine di tengah pemerintah yg bikin pusying ini ,sadness
@USER Huhu bgsttt SEKALINYA VIRAL NGATAIN PEMERINTAH,anger
Please kalau emang terjadi Cukup pemerintah dan 2 org itu aja yg kena Masyarakat luas jgn ya Pemimpin dan wakil kan sepaket tolong turun bersama,anger
@USER Sangat setuju negara ini mau dibawa ke arah keinginan pemerintah diluar rel konstitusi contoh BoP satu blok dgn pelaku genosida dan mau didikte AS sang presidennya ala teroris,anger
Repost from @USERkkalteng Selamat &amp; sukses atas diraihnya penghargaan National Governance Award 2026 oleh Pemerintah Provinsi Kalimantan Tengah pada kategori Pendidikan https://t.co/kHQfZBu8S0,love
Personel Batalyon B Pelopor Satbrimob Polda Papua Barat melaksanakan giat perawatan kebun sebagai wujud dukungan terhadap Program Pemerintah di bidang ketahanan pangan guna mendorong kemandirian pangan dan kesejahteraan masyarakat. Sabtu 25 April 2026 https://t.co/eGDHeOdm63,sadness
readers punya power penuh buat stop atau skip baca kalo dirasa tulisannya ga sesuai moralitas pribadi atau sesimple ga masuk sm gaya tulisan penulis. kita punya tenaga pendidik untuk mendidik tp pemerintah menghardik tenaga pendidik ya gmn ya,anger
ada pilihan buat keritik kebijakan pemerintah tp dia milih ngekritik penulis fanfic okay klo yg dikritik soal hal2 yg menyangkut tulisannya tp sampe beban moral diberatkan ke penulis fanfic tuh rasanya ga etis.,sadness
gw yg baca fanfik karena orang aslinya kena ban pemerintah ga bisa interaksi irl jadi cuma bisa mengandalkan fanfik,sadness
ANJING WUAKAKAK fakultas penggerak massa demo dibubarin sm pemerintah biar gada yg protes lagi dan mrk bisa semakin leluasa berbuat semena ke rakyat dgn bikin kebijakan ngaco ,sadness
inilah akibat pemerintah pikir pendek dan mau solusi instan pdhl akar masalahnya adalah negara belum mampu menciptakan lapangan kerja yang beragam kampus dipaksa jd balai latihan kerja bukan think-tank dan ekonomi stagnan jd org pintar gbs berkarya ,anger
kayanya para pemerintah itu harus mendalami buku ini beserta judul nya deh,sadness
@USER @USER @USER @USER itu emang udh ga waras Tp gak penting jg sik toh masy luas jg udh tahu kedengkian hatinya Di level elite jg dia GA di anggep jd bisanya cuma jd tkg hoax keliling Gw rasa udh di blacklist jg di brbagai Instansi Pemerintah &amp; Perush2 korporat karena adatnya dengki!,love
mengonfirmasi kalo sebenernya pemerintah bisa kasih dana yg cukup atau bahkan lebih buat pendidikan dan kesehatan tapi kalo gamau ya ga akan jadi,sadness
@USER @USER Harus Pemerintah mengusahakan pengolahan sendiri tanpa tergantung luar Anak negri banyak ko yg pinter. Pemerintah nya yg gaK tanggap dari dulu yg untung ya broker² nya. Coba bikin Refinery sendiri mau dapet cuan dari mana tu broker² yg bercokol di dalam pemerintahan??,anger
sebagai mahasiswa prodi pendidikan INI STATEMENT RAGEBAIT PEMERINTAH YG BENER2 BIKIN GW KESEL SIH NDER KEK RENDAH BNGT PENDIDIKAN DIMATA MEREKA ANJG https://t.co/c9M8viINMF,anger
@USER Masalahnya umat sudah tidak percaya pengelolaan oleh pemerintah akan amanah!!!,love
@USER Itulah antek antek asing yang sebenarnya gak usah jauh nyasar ke lsm dengan narasi dibayar soros dll musuh lu itu kebanyakan ada di dalam instansi pemerintah itu sendiri wkwk,anger
Bisa ga sehari aja ga ada keputusan aneh dan bego dari pemerintah ,sadness
@USER Tentunya kita semua mendukung agar pemerintah bisa membangun infrastruktur di seluruh Indonesia sedangkan MBG adalah investasi untuk menciptakan generasi penerus bangsa yang sehat kuat dan tangguh. #LanjutkanMBG,love
Jangan biarkan keunikan produk daerahmu pudar. Kemenkum Jabar siap membantu Pemerintah Desa di Kabupaten Bandung dalam mendokumentasikan Kekayaan Intelektual Komunal agar diakui secara resmi oleh negara. Kemenkum Jabar - Asep Sutandar.,sadness
Soal skor literasi warga dan akses susah ke bacaan mah lu protesnya sama pemerintah woi. Penulis fanfic nulis juga ga dibayar yakali harus ketambahan beban moral macam ini. Manusia kenapa sih suka aneh-aneh.,sadness
gk SIAP pasti SUMUK banget nnti badan PLIKET mandi 10x pun tidak BERASA karena PANAS bngettt emng semua salah pemerintah,anger
kenapa ya gapernah gitu denger berita baik dari pemerintah lololololol,sadness
Alrigjt jujur gw gangerti industri yang dimaksud pemerintah itu apa maaf i dont really understand what are they trynna say,anger
nah inilah salah satu contoh kegagalan pemerintah dalam meningkatkan skor literasi warganya teman-teman,sadness
@USER Mencari Ilmu aja dibatasi sm pemerintah. Ini melanggar UUD 45 ngak? membatasi pendidikan? Tpi klu memang ini kejadian hukum sih yg harus dihapuskan aplgi hukum konsitusi &amp; tata negara. Soalnya ngak ada gunanya pemerinth udh makar konsitusi tpi kyk ngak ad maslh.,anger
Pemerintah bisa stop ga si dzolim dan jahat nya ya Allah udh ga sanggup bgt liat kelakuan lu semua sumpah. smg yg jahat dzolim dll beneran ga diampuni dosa-dosanya ya Allah ya rabb kalo bisa selamanya mereka di neraka mu aja ya Allah kami gada yg mau mengampuni dosa2 mereka,sadness
saya kasar bukan karena saya baddie. saya kasar karena pemerintah kasar sama saya,sadness
Pemerintah Berduka atas Kembali Gugurnya Personel RI di Lebanon Beri Penghormatan Setinggi-tingginya Jakarta Pemerintah Indonesia menyampaikan duka cita atas gugurnya Prajurit Kepala (Praka) Rico Pramudia anggota Pasukan Perdamaian PBB di Lebanon (United Nations Interim https://t.co/497e8ACDoD,anger
@USER @USER Solihun mah memang Ndak expert bidang gituan istri nya doi Kan ASN jadi Ndak berani Kritisi pemerintah malah melintir terus,anger
Pemerintah matangkan skema KDMP dengan dukungan Rp40 triliun siapkan 35 ribu tenaga kerja untuk dorong ekonomi desa yang berkelanjutan. #koperasidesamerahputih #mbg #bgn #kdmp #prabowo https://t.co/cd3bLWMpf2,sadness
Nah kelebihan pemerintah untuk markup harga itu ya dari e-katalog disitu aplikasi beli2 barangnya Mau lu minta 1 laptop thinkpad 100jt juga tinggal request ,sadness
Pemerintah itu selalu pilih yang enterprise nah harganya ini tergantung vendor.. Kalo tender biasanya adu pelicin + koneksi + harga Kalo mau bongkar harus tau dulu vendornya siapa kalo dah tau vendornya siapa gampang nyarinya karena ruang lingkup IT itu kecil ,anger
Dengar-dengar Indonesia lagi bikin langkah gede buat ngamanin energi nasional. Lewat diplomasi Presiden Prabowo Subianto ke Moskow pemerintah kabarnya berhasil mengamankan 150 juta barel minyak mentah dari Rusia. https://t.co/jjKSrud5yT,anger
@USER @USER Memang selama ini Pemerintah Kompeten ? Wong banyak pencitraan Dan ABS yang ada Video di atas ya kebutuhan Konten citra Visual nanti juga kembali ke Setelan Pabrik Numpuk di Gudang Sampai Belatung ditimbun,anger
@USER 4 6. bisa nabung di 2 jt pas itu (sekarang udh gabisa pemerintah anj) ongkos sehari 20rb jajan 10rb mentok frugal parah generally ga hepi tapi hepinya pas uangnya bener2 kepake di kondisi darurat. ini hanya berlaku buat yg gapunya backup klo w anak orkay mah ogah,sadness
pemerintah dzolim bangettttttttt,sadness
Bener bener dah ini pemerintah rasanya dah gak ada tenaga buat misuhinnya,sadness
Sekolah Rakyat Ringankan Beban Ibu di Pati yang Hidupi Anak Seorang Diri Pati - Sri Wahyuni ibu tunggal asal Desa Pelemgede di Kabupaten Pati merasa sangat bersyukur karena anaknya bisa bersekolah gratis di Sekolah Rakyat yang didirikan pemerintah. Sehari-hari Sri bekerja https://t.co/lRQUHjjPX3,sadness
@USER Rakyat minta Pemerintah serius menangani SPPG yang mengecewakan. Jangan akting di Media Mainstream.,anger
Klo pemerintah cina se anti itu sama tampilan cowok yang terlalu feminim di dunia entertaiment kenapa mereka ga coba ngembangin industri perfilman ala hongkong lagi....,anger
Kasih Paham Pak Anis. Di masa siapa dan kapan sih pemerintah memprioritaskan bidang pendidikan sebagai yang utama? Ini investasi jangka panjang lohhh rugi klo hal ini dipandang sebelah mata. Cobalah bercermin dari Negara Iran Singapura Jepang dll yang kuncinya di pendidikan.,anger
dosa apa ya punya pemerintah buang2 duit bukan buat prioritas,anger
spd banyak dikurangin karena katanya oversupplyya lu banyakin lapangan kerjanya kocakga pernah ga bodoh jadi pemerintah,anger
Desakkan Agar Pemerintah Dapat Menjaga Daya Beli Masyarakat https://t.co/iOcQXP6yY6,sadness
eh sehari satu berita buruk aja udah lebih dari cukup ini kenapa banya bener sihhh berita buruknyaaaa @ pemerintah,sadness
@USER bapaknya polisi tiap hari ngeliat kasus kriminal ga kelar2 kek anak muda idealis ngeliat pemerintah skrg la. Ada trigger ryuk ngasih tu death note,anger
@USER Sempet kepikiran loh orang orang yg naikin harga produk mereka itu apa mereka mau aji mumpung ya kalau naikin harga nanti kan yg disalahin pemerintah ,anger
Pemerintah Indonesia menyampaikan duka cita atas gugurnya Prajurit Kepala Rico Pramudia anggota Pasukan Perdamaian PBB di Lebanon setelah menjalani perawatan intensif akibat luka berat dari insiden ledakan artileri pada akhir Maret 2026. Pemerintah menegaskan penghormatan https://t.co/K2CIi9Te24,sadness
@USER Kebanyakan sampah plastik sangat berdampak buruk pemerintah&amp; masyarakat jg tdk jeli mengurai sampah tersebut.,anger
Kenapa ya ada aja orang yg GENGSI BANGET MINTA MAAF DAN MENGAKUI KESALAHAN??? Sama kaya pemerintah mental cupu tukang gaslight. Eww..,anger
Program KDMP disiapkan dengan perencanaan matang pemerintah targetkan 35 ribu tenaga kerja jadi penggerak ekonomi desa berbasis sistem yang transparan dan berkelanjutan. #koperasidesamerahputih #mbg #bgn #kdmp #prabowo https://t.co/QNjDexsqYs,sadness
Karena kalo rakyatnya pintar jadi masalah buat pemerintah,anger
@USER ada hacker kan beneran ada mau legal/ilegal tapi ya gak begitu juga anjg tolol bgt pemerintah lu,anger
BUKA TWT KEK PINGIN MARAHHHHH TAPI MARAH GAYA GIMANA LAGI YA ANJENGGGGG CAPEK BGT LIAT KETOLOLAN PARA BJINGAN ITUH ALIAS PEMERINTAH BLOON,anger
Iblis kalah ama kalian bgst!!!! Yg ky gini harusnya pemerintah cmpur tgn blacklist biar ga bs krja dimanapun!!!,anger
Soroti Potensi Pelanggaran Pemerintah Tegaskan Jangan Ada Pungutan Biaya Tambahan ke Jemaah Haji Jakarta - Demi meningkatkan kenyamanan jemaah haji dalam beribadah pemerintah menegaskan kepada Kelompok Bimbingan Haji dan Umrah (KBIHU) agar tidak memungut biaya tambahan kepada https://t.co/Yv0cLc42U4,anger
Aku kegencet sama kemalasanku dan keputusan pemerintah,sadness
contoh skor literasi warga tersebut adalah elu karena konteks awalnya adalah dldr untuk fiksi tema problematik. lu ada gila-gilanya naikkin skor literasi wni dibebanin ke author fiksi lu minta ke pemerintah lah anj fiksi dd:dne lagi yang lu dapetin secara cuma-cuma,anger
banyak ya allah pendidikan area wilayah yg terpencil/dihutan gitu umr indo YA ALLAH MASIH BANYAK GASI?? cuman pemerintah aja malas gerak ke lapangan,anger
@USER @USER @USER Aku bukannya bela pemerintah tapi maksud dia itu pemerintah ingin bangun akses jalan tol contohnya untuk memudahkan akomodasi tapi malah banyak yg komen Kami gak makan jalan tol . Padahal secara gk lgsg makanan &amp; kebutuhan mereka bisa ada karena salah satunya lewat jln tol,love
Danantara Indonesia menjadi langkah konkret pemerintah dalam mengoptimalkan aset negara untuk mendorong pertumbuhan ekonomi yang berkelanjutan. #DanantaraIndonesia #InvestasiStrategis #IndonesiaMaju https://t.co/kYvfDSUjLX,sadness
Sudah banyak jutaan penerima manfaat MBG yang menjadi program unggulan pemerintah,sadness
ngeluh di sg kalo aku beli tahu walik 10 ribu tapi kurang 2 dan cuma dapet 8... ternyata skrg 10 ribu isinya emang cuma 8 pemerintah ajg https://t.co/tH5Y1hVYzS,sadness
@USER OALAAH...SIAL AMAT HIDUP INI.. PAGI SIANG MALEM DI PRANK PEMERINTAH.. GILIRAN MAU SANTAI EH DI PRANK ANAK SEKOLAHAN.. ,anger
@USER @USER @USER TINDAK DENGAN TEGAS DONG INSTANSI PEMERINTAH MENORMALISASI LIVING TOGETHER MAU JADI APA INDOENSIA INI,anger
Pemerintah finalisasi skema operasional KDMP secara hati-hati untuk memastikan pengelolaan Rp40 triliun tepat sasaran dan berkelanjutan. #mbg #bgn #kdmp #koperasidesamerahputih https://t.co/tk9CVSFdmQ,sadness
Sudah banyak jutaan penerima manfaat MBG yang menjadi program unggulan pemerintah,sadness
Ya lu gatau arti sebenernya dari DLDR kan? Ini tu sama aja buat milah yang gak suka dibanding malah ngedrag karya fanfiksi. Oh kalo mau naikin literasi yang rendah harusnya salahin PEMERINTAH dong bukan si penulis fanfiksi itu sendiri. Mereka nulis karna suka bukan dibayar,anger
Sudah banyak jutaan penerima manfaat MBG yang menjadi program unggulan pemerintah,sadness
Sudah banyak jutaan penerima manfaat MBG yang menjadi program unggulan pemerintah,sadness
@USER @USER Mau enak ? 1. Repelita di tekankan lagi 2. APBN lebih ranah industrial 3. Gak perlu proteksi tapi lebih imvestasi terbuka 4. Premanisme dihajar 5. Sentralisasi pemerintah pusat,happy
@USER susahnya ya bukannya gw dukung pemerintah tapi gw dah liat lgsg gimana susahnya temen dari jurusan yg mon maap agak kurang buat dpaet kerja. Kalo dibuka asal an dan banyak orang gatau dan ketrap ama kuliah doang kasihan ortu bayar mahal tapi ga sesuai ekspetasj,anger
baca neehhh orang2 tone deaf gk napak tanah ituuuuuu yang biasa hidup ber privilegeeee. dikiranyeee harga apa apa naik bukan grgr pemerintah trs gara2 apee cong,anger
Sinergi dengan Pemerintah Desa Mekarmaju membuktikan bahwa Kemenkum Jabar peduli hingga ke pelosok. Kami ingin setiap pengrajin tradisional merasa dihargai dan dilindungi hak kekayaan intelektualnya oleh negara. Kemenkum Jabar - Asep Sutandar.,sadness
@USER emang pemerintah indonesia ini kadang gak ada bedanya sama bencana alam,anger
@USER Artinya pemerintah berhasil,anger
@USER @USER Ya bs. Karena mungkin pemerintah menerapkan pengecilan uang dari 100000 jd 10 rb. ,anger
Gue beneran sedih banget liat berita ya Allah... sepanjang scrolling gak ada berita baik yang ada cuma kebobrokan pemerintah dari berbagai angle,sadness
@USER G lah sama aja kayak lo yg perhatian ke pak jokowi dan pemerintah bang. Cuma saking perhatianya kalian smpe lupa ngaca prilaku kalian sendiri,anger
@USER Pemerintah dan BGN terus melakukan evaluasi dan perbaikan secara menyeluruh agar terwujud pelaksanaan program MBG yang semakin baik dan berkualitas. #LanjutkanMBG,love
Instead of limiting it like this it would be better to expand the scope of the work. emang negara rusak anjing. it's NOT about the major is the PROBLEM. but YOU pemerintah kontol. bukannya bebenah diri malah buat bisa2 nya buat kebijakan kayak gini???? ga ada otak,sadness
Kalo lu bisa naikin gaji dosen 200% pecatin semua dosen outdate datengin 10 pemenang nobel buat ngajar disini investasi besar di RnD skala industri + murahin biaya kuliah semua prodi pasti kena seleksi alam sendiri. Itu contoh pemerintah yg kerjanya bener ygy ,sadness
@USER Ah media itu awalnya gw suka ama media itu karena bahas parkir liar tapi lama lama malah bikin kampanye mendukung program pemerintah yg g jelas wkwkw sebenarnya mau bagus atau jelek harus di eval malah bikin film pendek buat stimulus otak penonton kalau mbg kayak program suci,anger
Redam Dampak Avtur Mahal Pemerintah Tanggung PPN Tiket Pesawat 60 Hari https://t.co/xi2v9kWyOd,fear
Sampai sekarang imo Jakarta punya kemampuan fiskal yg tumpah2 dibandingkan dgn luas wilayah makanya bisa buat Transum se-oke itu. Belum lagi pusat pemerintahan di sana juga jadi banyak support dari pemerintah pusat dan sumber pendanaan lain.,sadness
Saking pengennya baca artikel baik dari pemerintah habiskan aja gue kebacanya hasilkan.,sadness
emang udah ga ada harapan lagi ama pemerintah indo,sadness
Anggep aja Bambang Pamungkas. Dipanggilnya bang mie ayamnya 1 kaya biasa ya. Sehari-hari bukan dagang mie ayam bukan juga main bola melainkan memasak pemerintah. Sudah siap memasak pemerintah bersama saya? -rl https://t.co/K1bCd52EhG,sadness
Baksos kerjasama WALUBI Pemerintah Kec Tembarak &amp; MWC NU Tembarak. meliputi: - Pemeriksaan Umum - Pemeriksaan Labs (kolesterol asam urat diabetes) - Pemeriksaan Gigi (cabut tambal pembersihan karang) - Pembagian Kacamata Baca - Pemberian Kursi Roda Sabtu 25 April 2026 https://t.co/lbtqjVzogm,anger
Baksos kerjasama WALUBI Pemerintah Kec Tembarak &amp; MWC NU Tembarak. meliputi: - Pemeriksaan Umum - Pemeriksaan Labs (kolesterol asam urat diabetes) - Pemeriksaan Gigi (cabut tambal pembersihan karang) - Pembagian Kacamata Baca - Pemberian Kursi Roda Sabtu 25 April 2026 https://t.co/yi8ACCdVgO,anger
Baksos kerjasama WALUBI Pemerintah Kec Tembarak &amp; MWC NU Tembarak. meliputi: - Pemeriksaan Umum - Pemeriksaan Labs (kolesterol asam urat diabetes) - Pemeriksaan Gigi (cabut tambal pembersihan karang) - Pembagian Kacamata Baca - Pemberian Kursi Roda Sabtu 25 April 2026 https://t.co/XynmgvJYd4,anger
Wkwkwkwk knp lembaga pemerintah g bnr mulu dah,sadness
Baksos kerjasama WALUBI Pemerintah Kec Tembarak &amp; MWC NU Tembarak. meliputi: - Pemeriksaan Umum - Pemeriksaan Labs (kolesterol asam urat diabetes) - Pemeriksaan Gigi (cabut tambal pembersihan karang) - Pembagian Kacamata Baca - Pemberian Kursi Roda Sabtu 25 April 2026 https://t.co/PEPaiCYCxR,anger
Sehari aja gaada berita buruk dari pemerintah kayanya mukjizat deh,sadness
MALAS KALIIII AKUUU BACA BERITA PEMERINTAH INI,anger
Pemerintah Jepang pangkas biaya paspor guna meningkatkan jumlah pemegang paspor dan mendorong anak muda untuk rajin ke luar negeri. https://t.co/GDsjscrUH6,sadness
@USER @USER lalu kalau merugi dana yg menutup dari mana? dari pemerintah? pemerintah uang darimana? yups pajak rakyat.,anger
mending pemerintah yang pada tutup usia lu semua ga guna dihari ini dan dimasa depan.,sadness
nih negara memang gk butuh guru ya? saking gk sukanya sama guru tuh prodinya terancam ditutup. pemerintah anjing.,anger
@USER Keluar kata kata kasar ke pemerintah,sadness
Pemerintah pls pemerintah anjggg,sadness
Bisa jadi bahasan akademik tapi tetep ya bukan ranah utamanya mencerdaskan bangsa. Fanfic ini for fun aja... Kalo warga susah mau ningkatin literasi ya salah pemerintah noh kurikulum diutak atik terus2an akses gk merata fasilitas gk lengkap pula hadeuh,anger
Gada berita baik ya akhir2 ini. Semarahnya sama pemerintah ini lebih lagi. Lgsg nangis abis liat kaki anak2nya diikat kain cuma dipakein pampers gak dipakein baju ditelantarin gt aja mana banyak lebam2nya yaa Allah kok bisa separah itu hati mereka pada dimana ya,happy
@USER di layanan kampus aja nder atau lembaga yg diakui pemerintah (selain toefl yg jutaan itu),anger
@USER Bisa/mau tidak @USER minta atau perintahkan Pemerintah (KPK/BPK) utk mengaudit BGN dan KDMP?,anger
Gw nonton podcast horror papua bukannya takut malah marah krn bisa2nya papua belom dapet listrik sama internet. KEMANA AJA PEMERINTAH? UDAH 2026 ini blegug!,fear
Semua Program Studi Itu Bermanfaat Tinggal Manusianya Saja Bermanfaat Atau Tidak Manusia Tergantung Dari Kebijakan Pemerintah Yg Tidak Relevan &amp; Tidak Bermanfaat Sejatinya Adalah Pemerintah,sadness
@USER @USER Emang lebih cepet Ditunggu Kiamatnya keknya daripada ditunggu Beresinnya Sampe Dajjal Turun bagi bagi Embege jg Pemerintah masih sibuk Bagi bagi Jabatan,happy
negara ini emang pengen warganya bodoh biar semua hal dikuasain sama sekeluarga sepertemanan pemerintah,sadness
Desentralisasi Otonomi Harus Nyata Pemerintah Bukan Malah Memperkuat Sentralisasi. https://t.co/LX1YbcYQi6 https://t.co/ulp3zf4OxS,sadness
Kalau gini bakal bnyk prodi di uwin yg tutup monyeett jan gt laah monyeettt. Mending lu bukaa 19 jt lapangan pekerjaan yg dijadiin pemerintah dongo,anger
Semua Program Studi Itu Bermanfaat Tinggal Manusianya Saja Bermanfaat Atau Tidak Manusia Tergantung Dari Kebijakan Pemerintah Yg Tidak Relevan Sejatinya Adalah Pemerintah,sadness
@USER Giliran sepi nanti malah nangis dan ngadu ke pemerintah. Lagu lama udah basi! ,fear
@USER @USER Selama Mahasiswa yg mau demo masih makan beras hasil Swasembada pangan Pemerintah ini yang demo akan di tertawakan oleh Semesta.,anger
Iya pls. Asli gue ke kantor pemerintah pusat kaga ada yang punya duit selain instansi 3 huruf. Pemerintah udah semiskin itu. Gue aja takut anjir,fear
pemerintah dengan skill issuenya,sadness
@USER @USER @USER Selama Mahasiswa yg mau demo masih makan beras hasil Swasembada pangan Pemerintah ini yang demo akan di tertawakan oleh Semesta.,anger
@USER @USER @USER Tindakan Pemerintah: Kasus ini memicu respons nasional. Menteri Pendidikan saat itu menekankan bahwa sekolah negeri tidak boleh mewajibkan atribut keagamaan tertentu bagi siswa yang berbeda agama. Hal ini dianggap sebagai bentuk intoleransi dan pelanggaran terhadap kebhinekaan,love
yg katanya penguasa bumi GEMES BGT ANJR EMG BOLEH SM PEMERINTAH,anger
@USER mirip pemerintah yg nempelin telapak pdhl itu yutub,anger
@USER @USER @USER Selama Mahasiswa yg mau demo masih makan beras hasil Swasembada pangan Pemerintah ini yang demo akan di tertawakan oleh Semesta.,anger
Koalisi Masyarakat Sipil untuk Reformasi Sektor Keamanan menolak Rancangan Peraturan Pemerintah (RPP) Tugas TNI (tertanggal 9 April 2026) sebagai turunan dari ketentuan Pasal 7 ayat (4) UU No. 34 Tahun 2004 jo. UU No. 3 Tahun 2025 tentang TNI https://t.co/m0e17Rl5JG,anger
@USER Percuma ditayangin pemerintah tutup mata apalagi curut BGN??,anger
Ini mah upaya untuk mempergoblok bangsa. disuruh belajar buat nyari duit dan memperkaya pemodal doang. Intelektualitas dibunuh biar nggak ada yg ngeh lagi jahatnya pemerintah kayak apa,anger
@USER @USER Selama Mahasiswa yg mau demo masih makan beras hasil Swasembada pangan Pemerintah ini yang demo akan di tertawakan oleh Semesta.,anger
makanya kl jd pemerintah yg bener ajg minimal punya solusi buat keresahan warga krn hidup di sini hampir 100% bakal selalu kena masalah,anger
hrsnya pemerintah buka lebih banyak lapangan kerja biar sesuai sm prodi-prodi yg dibilang 'gak relevan'. trs gaji guru dinaikin dulu kalo emg cm butuh 20k calon guru pikirin jg lulusan keguruan lainnya bisa disalurkan ke mana (selain sekolah).,sadness
btw aku paling ga suka tipikal antagonis seperti fulwish yang mainnya media dan opini publik mirip pemerintah aja. ,sadness
Penguatan Kesiapsiagaan Hadapi Musim Kemarau dan El Nino Pemerintah Gelar Apel Siaga Karhutla https://t.co/f8OX153UUP,fear
tiap hari ada aja gebrakan gobloknya dr pemerintah,sadness
@USER intinya pemerintah kita gamau susah padahal bisa memperluas jangkauan lapangan kerja jadi semua sarjana bisa kebagian porsi masing2. bahkan yang ga sesuai jurusan pun ga akan mengganggu memang kalo dipikir2 susah tapi masa negara gapunya solusi untuk hal begitu,sadness
TOKEN Temukan Obati dan Kendalikan Kasus Malaria. Simak Video berikut ini untuk mengetahui cara menurunkan kasus Malaria. Follow @USERng untuk dapat informasi tentang kesehatan &amp; edukasi program Pemerintah Provinsi Kalteng lainnya #kaltengberkah #kaltengmaju https://t.co/9ukjKat4vi,sadness
Saatnya pemerintah berhenti memaksakan anggaran MBG fokus menata keuangan negara dan mengutamakan program yang benar benar berkelanjutan bagi rakyat https://t.co/Po0GPxxbYF,anger
emang jagoan bgt pemerintah ini kompakan semua mau bu//nuh masyarakat dalam kecepatan full speed ini mah,sadness
Pemerintah = maling pajak,sadness
@USER Berasnya ternyata d timbun ya Pak @USER ? Yg akibatnya harga beras naik terus. Ini Pemerintah sengaja cari uang gt ya Pak dr jualan beras? Msh bnyk yg kelaparan Pak jgn d timbun beras itu rusak lapuk dn tak berguna. Gmn Mas @USER ?! Knp beras d timbun? Ra bener blas,anger
@USER Emang ya si palkon bener2 Ahhh ngentot punya pemerintah gini amat,anger
Sinergi Kemenkum Jabar dan Pemerintah Desa Mekarmaju merupakan langkah strategis. Kami ingin memastikan setiap pengrajin lokal mendapatkan manfaat ekonomi dari pelindungan Kekayaan Intelektual yang diberikan. Kemenkum Jabar - Asep Sutandar.,sadness
yey jadi tolol aja kita kalau yang di tutup prodi pendidikan jadi tolol bareng bareng biar pemerintah makin gragas ngambil duit soalnya rakyatnya tolol,anger
tbh aku juga selalu bilang indonesia belum pantas punya pemimpin bagus sudah kelihatan dari orang-orangnya. a lot of us are Stupid karena terus-terusan dijajah pemerintah sendiri that's just the truth. so i guess pak anies never stood a chance.,love
Budeh gw masuk RSUD Kota Bekasi karena serangan jantung dan pemasangan ring. Dia pake jamkesds yang bpjs kelas 3 dibayar pemerintah. Gw pikir perawat RSUD bakal judes apa gimana. Tapi disitu pelanannya jos gandos. Bahkan nebus obat sampai dianter.,anger
nanti sm pemerintah bisa diisi sm ijo &amp; coklat.,sadness
Dengan menyasar jutaan penerima MBG pemerintah tidak hanya memenuhi kebutuhan nutrisi mendasar tetapi sedang membangun fondasi intelektual dan fisik generasi mendatang. https://t.co/e8taPMMHLR,sadness
/wp/ jujur penasaran kalian yg suka baca political romance apa ga terbayang pemerintah indo?? ,anger
Warga Jepang berkumpul di Tokyo untuk memprotes kebijakan baru pemerintah Jepang yang merevisi aturan ekspor peralatan dan teknologi pertahanan. Selengkapnya di video berikut ini! #ForYourInformation #CariBeritaditvOne #Jepang #Tokyo #Demonstrasi #FYI02 #AW03 https://t.co/b3fIKeCJqz,sadness
@USER S.Hum gua kayak gada harganya di mata pemerintah wkwk,fear
Pemerintah udah gak relevan juga sih apa harus di... ,sadness
@USER gunakan sosmed sesuai fungsinya aja sihh. contoh X buat sambat misuh cerita dan ghibahin pemerintah,happy
Kemenkum Jabar mendorong pemerintah daerah untuk aktif mengusulkan potensi wilayahnya. Kami siap membantu proses pendaftaran Kekayaan Intelektual Komunal agar kekayaan budaya kita tetap terjaga dan lestari. Kemenkum Jabar - Asep Sutandar.,sadness
@USER Sama bang Gw gaji 1 triliun Istri 26 quadriliun Sebulan cuman kepale 1 5jt doang Sisanya buat bantu pemerintah bayar bung utang,anger
Makin aneh saja pemikiran Pemerintah ini. Apa sih bidang-bidang ilmu pengetahuan yang tak relevan dengan kebutuhan masa depan Pak @USER @USER??? ‍️ Cc: @USER @USER @USER @USER @USER @USER #IndonesiaGelap #IndonesiaCemas2045,sadness
coba marah marahnya sama pemerintah,anger
@USER Pemerintah mental jukir liar.,love
@USER @USER Memang kinerja pemerintah bagus dan mampu ya mengelola perekonomian negara?,anger
@USER aduh banyak mah kalo berandai andai bisa dari yg fundamental kayak kesehatan dan pendidikan tapi kalo gada political will jg bisa apa. Pemerintah skrg kayaknya ngejar program populis untuk ngumpulin suara di 2029,love
Sjafrie Sjamsoeddin mengundang para mantan panglima kepala staf dan pejabat TNI untuk membahas berbagai program pemerintah di bidang pertahanan. Diskusi difokuskan pada evaluasi dan penguatan program pertahanan negara #PRI #PartaiRakyatIndonesia #TumbuhBersamaRakyat https://t.co/SW0FecxNzp,sadness
Akar persoalan justru berasal dari kebijakan awal yang menetapkan target produksi besar secara serentak. Program MBG yang ditujukan untuk puluhan juta siswa membuat pemerintah menetapkan angka produksi sekitar 3.000 porsi per SPPG per hari. https://t.co/OSI3Qs7uKR,fear
@USER Kenapa malu bjir dagang cangcut kah Tapi itu jg ga perlu malu sih pemerintah aja makan duit kita ga malu,anger
Kelebihan pemerintah kita cuma kreatif cari jabatan baru,sadness
@USER @USER Takde HOAX indo memang impor bbm from mlydesh tp krn pemerintah indo bijak harga bbm indo bisa lbh murah dr mlydesh Ron95 nonsubsidized mly RM3 87 Ron95 nonsubsidized indo RM2 96 Indo takde pengurangan kuota Mly kuota dikurangi jd 200ltr/bln Ron97 mly RM4 85 Ron98 indo RM4 45 https://t.co/oxVTVZe3EI,love
Skar persoalan justru berasal dari kebijakan awal yang menetapkan target produksi besar secara serentak. Program MBG yang ditujukan untuk puluhan juta siswa membuat pemerintah menetapkan angka produksi sekitar 3.000 porsi per SPPG per hari. https://t.co/Z9OrPagUke,fear
Menteri Keuangan (Menkeu) Purbaya Yudhi Sadewa memberikan kepastian bahwa pemerintah membatalkan rencana penerapan Pajak Pertambahan Nilai (PPN) pada sektor jalan tol sekaligus membatalkan kebijakan pajak tambahan yang sebelumnya menyasar masyarakat berpenghasilan tinggi.,anger
temen gw jadi akpol nanti takut di aduin pernah memaki2 pemerintah dh,fear
@USER Pemerintah adil,love
BRENGSEKKKK JURUSAN KU MAU DIHAPUS???? gue emg gasuka jurusan gue skrng TAPI YAUDAH SIH???? GA MINTA UANG PEMERINTAH JUGA ANJINGGGGG,anger
mbg disangkut pautin ke lapangan pekerjaan jatohnya janggal yee jatohnya pemerintah ini emang mau nyiptain pekerjaan yang semacem itu aja bukan pekerjaan buat ngebangun sumber daya manusia jirrr️️️,sadness
Di Malaysia chip dalam eKTP mereka sudah terintegrasi ke database pemerintah sehingga setiap warganya bisa mendapatkan subsidi BBM. Hidup mereka jadi mudah. Di Indonesia Chip eKTP nya membusuk gak berguna. Urusan apapun masih butuh FOTOCOPY eKTP! eKTP kok masih difotocopy itu https://t.co/hjzWE6ElYX,anger
Ya karena gaada yg protes turun ke jalan ramenya di sosmed yg mana pemerintah pasti kek meremehkan gitu loh nanti akan ada saatnya masyarakat turun trus huru hara baru mereka pada kocar kacir,anger
setolol-tololnya pemerintah adalah pemerintah indonesia.,sadness
ngeri euyyyy komen soal 10 hari menjelang ujian kelulusan ambil kelas online langsung dibungkam udah kayak buzzer pemerintah kalau ada yg mengkritik buzzer auto turun lapangan gas nyerbu yauda iya selain donatur dilarang ngatur kan wkwk oke #salampendidikan,fear
Dahlah tinggal di indo nerakanya dobel udahlah panas pemerintah nya juga tolol,sadness
@USER bantu jawab kalo realistisnya ngga ada penambahan kak. soalnya Sri Tanjung itu termasuk kereta subsidi yg terikat kontrak Public Service Obligation (PSO) dari pemerintah yg mencakup kapasitas/jumlah gerbong. jadi ngga bisa leluasa nambahin gerbong meskipun lagi peak season,fear
Kyk ngapain tiba-tiba ngefollow akun yg isinya cuma misuh-misuh krn tugas kuliah renjun bts marahin pemerintah dan kucing ,sadness
Semuanya aja naik pemerintah ngapain sih,sadness
Bisa ga si minimal satu hari satu kabar baik dari pemerintah negara ini?? https://t.co/CqLVHkzQHS,sadness
info portal isekai aku malas tinggal di indo kalo didzolimi pemerintah,sadness
Kerjasama ini menunjukkan bahwa pemulihan Aceh bukan hanya tugas pemerintah pusat tetapi juga hasil sinergi antar daerah. Dengan bantuan ini Aceh diharapkan bisa bangkit lebih cepat dan lebih kuat. #satgasprr #sumaterabangkit #banjirsumatera #acehviral https://t.co/wcARuW070P,sadness
gak bisa mikir jangka panjang emang pemerintah,sadness
@USER @USER @USER @USER @USER @USER @USER @USER @USER Yg jadi pertanyaan peran pemerintah dimana? Udh tau byk warganya miskin dikasih pinjol gini ya makin miskin kan Blum lagi DC yg penagihannya bar2 bukannya selesein masalah malah bikin masalah baru Ada yg dipecat ada yg keluarganya hancur ada yg bunuh diri @USER ?,love
@USER Aku pernah resign kerja gara² gak bisa sholat jum'at. Gak pikir lama langsung off kerja cuma seminggu. Lucunya setelah dapat kerjaan baru bisa sholat jum'at gak lama dari itu malah covid muncul larangan jum'atan dari pemerintah ,sadness
pemerintah kita segila itu ternyata masa prodi ga relevan industri di tutup tapi pejabat pemerintah gabisa kerja ga disuruh mundur?,sadness
Pemerintah Provinsi DKI Jakarta melakukan pemadaman listrik secara serentak di lima wilayah kota administrasi dalam rangka peringatan Hari Bumi. Sejumlah gedung di kawasan Bundaran HI Jakarta Pusat turut mematikan lampu sebagai bentuk partisipasi dalam upaya pencegahan dan https://t.co/IzZN3yi0w3,sadness
Si @USER mirip sama pemerintah konoha klo kerja LELET SEKALI,anger
@USER benerbener dah. bukan kelebihan pasokan. tapi emang tempat untuk mengamalkan nya gaada. seharusnya satu kelas 15 siswa tuh utkk 1 guru. tapi di negeri bisa 36-40 an utk 1 guru yang idealnya tuh 2-3 guru. artinya kita tuh kekurangan guru dan gaji guru yang layak. nih pemerintah,happy
@USER Gila makin hari makin gila aja berita bgn hambur²in uang &amp; dibiarin begitu aja sama pemerintah. Korupsinya makin ugal²an aja ! ,fear
Keselamatan dan gizi anak bangsa adalah harga mati! Pemerintah tindak tegas 1.700 dapur MBG yang curangi porsi makanan dan langsung menutup SPPG pelanggar standar sanitasi. Mari bersama kawal kualitas program ini demi generasi sehat! #MakanBergiziGratis #KawalMBG https://t.co/HDd0tv2X3M,sadness
@USER Tentunya kita semua berharap agar pemerintah membuat kebijakan untuk peningkatan infrastruktur dan kualitas pendidikan di seluruh Indonesia tetapi membenturkan dengan MBG bukan langkah bijak karena Program MBG adalah investasi untuk masa depan anak Indonesia #LanjutkanMBG,love
@USER request pemerintah saus tiram,happy
Meningkatkan skor literasi bangsa bukan tugas author au . Tapi tugas pemerintah ,sadness
@USER @USER @USER @USER @USER @USER @USER Walah begini kawan. Anda bilang Dinas itu berarti bagian Pemprov DKI. Setelah dicek ternyata bukan milik dinas di DKI. Ini milik salah satu instansi pemerintah domisili Jakarta namun bukan DKI. Kenapa saya membatasi karena saya bagian Pemprov DKI. Semoga paham ya,anger
Knp gk dibikin rumah susun ya? Apa karena rusin itu identik dengan proyeknya beliau ya jd gk dipake² sama pemerintah? YTTA,sadness
@USER Menjilat pemerintah nyoblos 02 dan jadi buzzer presiden.,happy
ah elah kesel bgt apalah pemerintah ini,sadness
Belom bisa kritik pemerintah dulu di ig karena gabisa login jir,sadness
Jgn lupakan harga buku yg mahalnya bikin istighfar sistem pendidikan yg belom merata dan segala bentuk ekosistem pemerintah yang bikin orang orang literasinya mines bukan author fanfic yg share tulisan geratisan jir,anger
Tiap waktu ada aja bahan baru buat nambah benci sama pemerintah.,anger
@USER Fear mongering yg dikakukan pemerintah bisa dalam bentuk : 1. politics of fear 2. FUD (Fear Uncertainty and Doubt) 3. Sekuritisasi (Securitization) 4. State Terrorism (Terorisme Negara) 5. Populisme Ketakutan (Populism of Fear) Macam-macam bentuknya.,anger
@USER @USER Jelasin ding di bagian mana pemerintah memusuhi rakyat. Kalaupun ada kebijakan yg gak memuaskan sebagian rakyat spt nya itu hal yg biasa,anger
@USER rakyat di press suruh efiensi giliran pemerintah enteng banget kucurin anggaran buat APBD APBN? denger orang pinter di siram air kerass aja udah aneh ini negara rasa kompeni..,anger
Pemerintah iki gebrakane onok waeee https://t.co/aZldELEPnC,sadness
Fyi tentang pengguna akun ini ini 1. Penikmat Sun rata kanan #allxsun 2. Riwoo rata kanan 3. Junhan rata kanan 4. Wonwoo rata kanan 5. Suka goblok goblokin pemerintah.,sadness
@USER Apakah ini artinya pemerintah sekarang sudah berada dijalan yg tepat? Makanya banyak yg serang dari segala penjuru karena banyak yg tidak suka Indonesia lebih baik,anger
@USER iya gajelas kyk pemerintah indo...,love
@USER di era sekarang? dengan pemerintah seperti ini?,sadness
@USER mau belajar ke china ntar dituduh komunis dulu pulang dari china di tuduh masukin paham komunis tapi setelah 2 minggu disana lihat industri UKM nya ternyata lebih maju workshop saya tapi mereka lebih terintegrated terpola dan pemerintah dekat dengan program industri,sadness
@USER emang gapaham lagi sm pola pikir pemerintah indo udah ada masalah bukannya diselesaikan malah ditutupin jadi masalah baru yg lebih masif,anger
@USER Sebenarnya di lapangan banyak siswa yang bosan mengeluh lauknya sama setiap minggunya cuman karena mereka terlanjur sudah dikasih pemerintah secara gratis maka tetap makan. Jadi kesalahannya di variasi lauk yang kurang beragam dan inovatif,happy
#Repost @USER Dari tangan pemerintah untuk masyarakat. Penyerahan bibit oleh Sekretaris Daerah Kabupaten Bulukumba menjadi awal tumbuhnya harapan usaha dan kesejahteraan bersama #PemkabBulukumba #BibitUnggul #Pertanian https://t.co/xRFnLiYOq3,happy
indonesia kalo gaada pemerintah kyknya aman aja dah real warga bantu warga,sadness
Eh kl sebutuh itu bacaan geratis mah salahin pemerintah yang perpus bagusnya cuma di kota dan ipusnasnya error mulu jink??? Bukan nyalahin author FANFIC yg nulis suka suka dia jir??????? Nyimeng lu?,sadness
Purbaya Yudhi Sadewa menyebut pelemahan rupiah dipengaruhi faktor global. Namun dampaknya tetap terasa bagi masyarakat sehingga pemerintah perlu menjaga daya beli dan stabilitas ekonomi. Sumber: CNBC Indonesia #rupiah #ekonomi̇ #purbaya #dprri #fraksipdiperjuangan https://t.co/7eI5oS50qx,sadness
Aneh banget gak ngerti lagi sama jalan pikiran pemerintah ini. Pendidikan udah gak ada harga dirinya lagi kah di negri ini? miris banget.,sadness
@USER @USER @USER anj wkwkwkwk Sipaling mau merdeka padahal kemampuan fiskalnya aja 90% ngarepin pemerintah pusat. Trs sok ngandelin sawit padahal sawit yang punya 95% dari masyarakat dan swasta pemerintah pusat lewat bumn aja cuman punya 4% an.,happy
@USER Soras soros soras soros utk nutupin bejatnya pemerintah sejak era Jokowi @USER Si Pembohong Biadab itu pakai cara melemparkan issue ke hal yg lain ,fear
PSN DI ACEH Melalui Proyek Strategis Nasional (PSN) pemerintah membuka jalan baru bagi kemajuan Aceh: infrastruktur modern lapangan kerja akses ekonomi dan konektivitas antar wilayah. #pembangunanekonomi #ekonomiindonesia #indonesia #pembangunanindonesia #pembangunanaceh https://t.co/kHOmwes5UE,sadness
Pemerintah goblok banget anjinggggg,anger
@USER Apakah ini ga berlawanan dgn prinsip efisiensi pemerintah..? kenapa tdk mengoptimalkan instansi damkar yg sudah ada mereka sudah tentu lebih kompeten di bidangnya.,anger
@USER Betul min kami2 ini yang kena dampaknya. Kami ini serba susah dinaikkan harga nya pembeli menurun gak di naikkan kami yang rugi. Kami mohon pemerintah segera menstabilkan harga plastik ini.,anger
Kadang masalah di bank swasta bikin berpikir ulang memang lebih nyaman dengan bank pemerintah.,sadness
Membangun pondasi hukum ekonomi kreatif di Jawa Barat. Kemenkum Jabar giat melakukan audiensi untuk menyatukan visi dengan pemerintah daerah Kabupaten Bandung dalam hal pelindungan Kekayaan Intelektual. Kemenkum Jabar - Asep Sutandar.,fear
Memang kadang lebih aman pilih bank yang sudah jadi andalan banyak orang seperti bank pemerintah.,happy
@USER @USER Kalau pakai prinsip ekonomi iya. Tp tdk selalu bnr. Krn utk tetap menjaga kesejahteraan petani pemerintah menaikan HPP gabah maupun beras dr petani sejak 2026. Makanya bs swasembada beras org senang bertani kembali pupuk dipermudah pemerintah beli tinggi. Cukong impor nangis,anger
Menteri Desa dan Pembangunan Daerah Tertinggal Yandri Susanto Kepala KSP M. Qodari dan tokoh lainnya. Selain untuk memperkuat silaturahmi acara ini juga untuk memperkokoh hubungan para tokoh dan pemerintah daerah Sumbagsel serta masyarakat. https://t.co/cjAJpo4j2n,anger
@USER Kalo aku diposisi gurunya tak tempeleng bocahnya bodoamat kalo ada yg bilang guru nggak boleh gitu terus bakal tak bilang emang nggak boleh kaya gitu tp kalo muridnya kaya setan gini mah tak hajar aja gilaaa bgt udh pemerintah kaya anzing ditambah bocah ada yg nggak punya adab,fear
Sebenarnya yg dipikirin pemerintah ni apa sih,sadness
pemerintah syalan cepet bubar ajalah,sadness
Ya Allah pemerintah ini kenapa sih ,sadness
Ternyata sering kejadian juga ya nggak salah pilih tetap setia sama bank pemerintah.,sadness
Error begini makin sering muncul ya. Kalau aku lebih tenang transaksi di bank pemerintah.,sadness
@USER @USER Keracunan yang masih terjadi dalam pelaksanaan program MBG membuat kita semua prihatin sudah saatnya kita mendukung langkah perbaikan dan pengawasan secara menyeluruh yang gencar dilakukan oleh pemerintah dan BGN untuk mewujudkan zero keracunan. #LanjutkanMBG,love
Kalau ada masalah seperti ini makin yakin deh buat pakai layanan dari bank pemerintah yang stabil.,sadness
ANJING LU SEMUA YA!!!!!!! @USER ERROR MULU MINGGU LIBUR. LU PIKIR PEMERINTAH? LU BIDANG PELAYANAN CS PUSAT DITELFON AJA GA NGANGKAT. PELAYANAN LU SEMUANYA BURUK ANJING,anger
Pakai bank yang sudah terpercaya banyak orang emang lebih aman kayak bank pemerintah.,sadness
tutup aja semuanya kita bikin negara mbg jadi semuanya sarjana mbg rakyatnya pada mati isinya pemerintah bajingan semua terus duit siapa ya yg mereka makan kalo yg dipalakin dah pada mati,anger
baru juga seneng dah muncul kebijakan goblok lagi aje dari pemerintah sial,sadness
Game love ada campur tangan pemerintah,sadness
@USER Balik lagi ke sini baik pemerintah dan masyarakat sama2 pelit utk spending kesehatan nakes dan named yg nanggung https://t.co/uCshLxLecT,anger
@USER @USER Krn Pemerintah menaikan HPP dari petani biar petani juga menikmati jerih payahnya,anger
Seringnya kasus kayak gini bikin makin yakin buat tetap setia sama bank pemerintah.,anger
@USER @USER Klu ditelusuri secara jujur mungkin masih banyak rumah ibadah berdiri tanpa ijin namun pemerintah Tidak Pernah Hentikan org yg sedang Beribadah. Lantas jika ada org yg larang melakukan ibadah karena alasan surat izin apkh itu karena keWenangannya atau karena keSewenang²annya?,anger
Memang lebih aman kalau pilih bank yang sudah terbukti stabil contohnya bank pemerintah.,happy
beweep kayak pemerintah. bukannya berbenah malah buat kebijakan seenaknya,sadness
Iki seriuz akun instansi pemerintah ngene iki modele??? Gak tau ndue bojo/anak wedok/ngeterno nak dokter obsgyn a kok pekok ngenee???,anger
Pengalaman-pengalaman seperti ini bikin tambah percaya pilih aman pakai bank pemerintah.,happy
PEMERINTAH BAJINGAAANNNNNNN,sadness
Memang lebih tenang kalau pakai bank pemerintah. Mereka biasanya lebih stabil dan jarang ada masalah teknis.,sadness
@USER Kalo emang pendidikan dibuat untuk mendukung program pemerintah ya fokuskan aja semua siswa buat ambil jurusan tata boga ,love
PEMERINTAH ANJENG PAKDE BEDJO NAIK 3k https://t.co/w1xZrsdbac,anger
Pemerintah Kota Singkawang melalui Dinas Pendidikan dan Kebudayaan mengadakan Gebyar Hardiknas. Acara ini diselenggarakan dalam Rangka menyambut Hari Pendidikan Nasional (Hardiknas) 2026. https://t.co/4Qcm1XsIWj,love
sebenernya pemadaman listrik dalam rangka hari bumi tu dilakukan dari pemerintah apa lebih ke ngajak?,sadness
Mari kita normalisasi gak udah salam2an sambil nyengir2 ceria klo ketemu pejabat pemerintah.,anger
Kalau sering gini makin mantap aja pilih bank pemerintah yang lebih stabil.,sadness
The worst part is kita udah tau kelakuan bejad mereka (pemerintah) contoh ky di tweet ini Tapi kita cuma bisa liat karna ya gabisa apa apa Demo pun berasa percuma DPR juga performatif doang We know something is wrong we know what cause the problem but we cant do anything bcs-,love
@USER ini bukan akun pemerintah kak.. tapi jabatan pendaftaran negara. di sini kami bikin kad pengenalan urusan mendaftar sebagai warganegara untuk semua warga malaysia,anger
Wah kalo sering error gini jadi makin yakin deh sama stabilitas bank pemerintah.,sadness
@USER @USER Kasihan badan segede gaban dipajakin pemerintah,love
@USER TEDI LAGIH TEDI LAGIH. GAK ADA ORANG LAEN DI SELURUH JAJARAN PEMERINTAH ENDONESA APA?????!!!! MULTITALENTA BANGET SI TEDI INI???!!!,anger
Kalau sering ngalamin masalah kayak gitu gue jadi makin bersyukur bisa andelin bank pemerintah yang lebih stabil.,sadness
75/ Pemerintah hadir untuk memberikan perlindungan hukum yang adil Kanwil Kemenkum Babel #KementerianHukum #LayananHukumMakinMudah #KanwilKemenkumBabel Kanwil Babel Pasti Kredibel,sadness
@USER Tidak sudi Itu bukan tanggung jawab saya; itu adalah tanggung jawab mereka sendiri yang pergi ke Jepang serta pemerintah dan politisi korup Jepang yang membawa mereka. Saya tidak tertarik tinggal di Jepang. Terima kasih.,anger
Disuruh berpikir gimana itu kapal2 bisa nyinggah ke sumatera malas banget ini pemerintah dari dulu. Paling bisa ngasih ide buat palakin yg lewat. Jadi beda sama ormas berkedok karang taruna itu apa ini negara?!,anger
@USER takut bgt spaceny dimasukin buzzer pemerintah,fear
Kalau sering error gini jadi makin yakin pilih layanan yang lebih stabil seperti di bank pemerintah.,sadness
@USER @USER Klo setiap pihak yg mengkritik pemerintah lo sebut buzzer oposisi boleh g klo ane curiga klo lo itu sebenarnya buzzer dari pihak pemerintah yg dibayar ️,anger
Kalau sering ada error mungkin bisa pertimbangkan pakai bank pemerintah yang lebih terpercaya.,sadness
@USER bank negara jadi ATM pemerintah. Kalau programnya jalan mulus puji-puji. Kalau mulai goyang rakyat disuruh sabar dan jaga stabilitas . Padahal akar masalahnya bukan ajakan viral tapi kepercayaan yang sudah retak. MBG yang katanya prioritas nasional vendornya bermasalah duit,anger
Masalah kayak gini bikin tambah nyaman tabungan di bank pemerintah yang lebih stabil.,sadness
@USER Please jangan viral please jangan sampe pemerintah tau apa itu A03 dan omega verse. Bisa2 nambah program blokir akses A03 dan terpaksa pake VPN ,anger
Harusnya pemerintah yang pusing mikirin nasib rakyat nya ini kok kebalik ya malah rakyat yang pusing mikirin pemerintah yang hanya habiskan anggaran yang tak tentu rudu.. https://t.co/91LIgCCtLz,anger
Kadang error bikin frustrasi. Yakin lebih tenang pilih yang stabil contohnya bank pemerintah.,sadness
@USER @USER Kamu tanam sendiri aja nyet padinya trus jual dibawah HPP Rp 6.500 yang ditetapkan pemerintah sejak 2026 Kamu pikir petani itu budak gabah nya bisa dibeli sesukanya aja,anger
tiap melihat org opini aneh bin asbun ah inilah produk berhasil dan dicintai pemerintah . alias menolak ilmu dan menolak edukasi stay oon dah lu,sadness
Emang kocak geming kelakuan pemerintah negara satu ini lawak lawan,sadness
Pas baca ini jadi makin bersyukur pakai yang lebih stabil kayak bank pemerintah.,sadness
UDARA PANAS &amp; BERITA DARI PEMERINTAH SELALU BIKIN MAKIN EMOSI,anger
Kemenkum Jabar mendorong pemerintah daerah membuat kebijakan pro-KI. Dengan banyaknya produk daerah yang terdaftar Kekayaan Intelektualnya maka ekonomi daerah Kabupaten Bandung akan semakin stabil dan kuat. Kemenkum Jabar - Asep Sutandar.,fear
Phuspa film india ttng pembalakan hutan penebangan pohon yg dibekingin aparat kayaknya kalau diremake di indonesia bakal rame dicekal pemerintah,anger
@USER kocak emg pemerintah. lulusan s1 kesulitan cari kerja bkn krn background mereka ga sesuai tp emg pemerintah kurang memfasilitasi lapangan pekerjaan buat lulusan s1 terutama guru. gmn ga banyak pengangguran terdidik klo lulus fkip masih harus ppg buat bisa ngelamar ke sekolah https://t.co/6MCvzamIag,anger
emng pemerintah ajg udah tol nya mahal banget jalanan kaga bener bikin rusak mobil doang tai,anger
capek2 kerja buat bayarin gaji pemerintah ujung-ujungnya penulis fanfic gratis yang harus membantu literasi warga supaya berkembang,sadness
@USER Pinter an pemerintah dong drpd rakyatnya.... Rakyat gwoblog mah diapain jg pasrah wkwkwk..,anger
Tw // pemerintah Kok gitu solusinyaa??!! Kan harusnya ya kalian mikir GIMANAAA CARANYA BUAT BUKA LAPANGAN PEKERJAANN UTK PARA SARJANA... BUKANNYA NUTUP PINTU PERKULIAHAN BIAR KERJAAN MASYARAKATNYA JADI MONOTON/ITU² AJAAA BAPAK² DAN IBU² SKALIANNN https://t.co/JaXBhGlqog,anger
@USER Pemerintah emng ga ke hal2 akademis condongnya tapi klo bisa dikritik ya emng dari kualitas pendidikan banyak prodi kebanyakan belum bisa ngehasilin SDM yng mumpuni yg setidaknya bisa bersainglah ke pasar kerja global klo di negara kita belum ada banyak lapangan...,anger
Industrinya aja juga gak sebanyak itu plis lahh sehari aja ga ada gebrakan gabisa ya ini pemerintah????,fear
@USER Jangan jangan dikerjain pemerintah sendiri nih ,anger
Pemerintah buruk will pass eventually,sadness
Untuk ngurus impor BBM 150 juta barel dari Rusia pemerintah malah mau bikin BLU baru. Padahal sudah ada Pertamina. Kalau lembaga yang ada dianggap nggak mampu harusnya yang dibenahi kinerjanya. Bukan malah bikin pemain baru seolah masalahnya kurang institusi. Ini solusi https://t.co/zGkHToL7b8,anger
kalo pemerintah niat kan u bakal putar otak buat memanfaatkan banyak peminat model-model jurusan pendidikan soalnya ya gak bakal ada ruginya bukannya oon begitu malah ngecut kuota/jurusannya aelahhhh tolol banget udah capek banget liatnya,anger
Kalau masalahnya kelebihan lulusan harusnya pemerintah mikirin gimana cara ngatasinya ya gimana mau nggak kelebihan kalau lulusan nonpendidikan bisa jadi guru sedangkan yang lulusan pendidikan harus ikut ppg dulu lah biar bisa sertifikasi terus ijazah S.Pd itu buat apa?,anger
@USER Rakyat jg gwoblog. Pemerintah udah kek gini akut nye jg nyatai2 aje cok apalagi mahasiswa dan aktivis. MATI SEMUA! KENA TERNAAAKKK! JANCOK KELUARGA SOLO!,anger
@USER harusnya ada standard day care nih dari pemerintah kalo gak memenuhi standard paksa tutup izinnya. syaratnya harus ada CCTV yang dibuka publik dan orang tua bisa akses CCTV tersebut seharian.,anger
Pemerintah mengimbau masyarakat agar tidak mudah tergiur dengan tawaran haji tanpa antre yang dipastikan ilegal. Juru Bicara Kementerian Haji dan Umrah Maria Assegaf menegaskan bahwa ibadah haji hanya bisa dilakukan menggunakan visa haji resmi dari Pemerintah Arab Saudi karena https://t.co/0l8ONpU03h,sadness
@USER @USER Emang lagi BU banget udah ga di kasih dana ama pemerintah lagi sejak gagal kualifikasi pildun di lepas suruh cari duit sendiri dari sponsor aja kurang ,anger
@USER mau temenan dan menggoreng pemerintah,fear
@USER Negara ngerasa lulusan pendidikan kebanyakan dan pemerintah gk bisa nyelesain masalah kesempatan kerja yg gk ada,anger
[KLARIFIKASI] Hoaks Isu Pemerintah Ambil Alih Dana Kas Masjid https://t.co/cYp3yxPkOR #CekFakta #KemenagRI #InfoMasjid #LawanHoax #BeritaMasjid #LiterasiDigital #Tabayyun #KementerianAgama #DanaUmat #EdukasiPublik #KabarTerbaru #IndonesiaCerdas #AntiHoax #PengelolaanMasjid https://t.co/vHoEYUn3sd,sadness
@USER @USER Nyusahin rakyat aja luh..? Purbaya juga menekankan pemerintah belum berencana menambah jenis pajak atau menaikkan tarif dalam waktu dekat.,love
 Anggep aja Bambang Pamungkas. Dipanggilnya bang mie ayamnya 1 kaya biasa ya. Sehari-hari bukan dagang mie ayam bukan juga main bola melainkan memasak pemerintah. Sudah siap memasak pemerintah bersama saya? https://t.co/2GxpQhC7uC,sadness
Another day another liat oknum pemerintah yang logikanya ngawur gini,anger
@USER @USER Kritis bukan berarti tidak mendukung pemerintah dan mendukung bukan brrti semua kebijakannya dibenrkan Kalo anda mendukung pemerintah karena sosok idola itu salah kaprah ,anger
@USER @USER Tapi jangan tutup mata juga dengan orang tua murid dan masyarakat yang semakin berat hidup &amp; ekonominya karena pemerintah memangkas anggaran/subsidi sektor strategis yang seharusnya untuk masyarakat luas dan di alihkan ke MBG ini. Niat baik belum tentu membawa hal baik loh.,anger
Hal yang baik biasanya adalah sebaliknya dri omongan pemerintah Kan?,sadness
oomf born hater pemerintah ril. gw gayut parkir lu deh las.,sadness
@USER ayo bacotin pemerintah,love
@USER Klo smpe pemerintah meghilangkan jurusan2 ini (mtk murni ilmu ekonomi kimia murni sejarah filsafat politik) wah bisa ancur indonesia di masa depan wkwkk. Biasalah gen x dan boomer ga bisa berpikir ke depan,anger
Apasih anjing pemerintah yang gak bisa kasih lapangan pekerjaan malah prodi nya di hilangkan GOBLOK,anger
Tiap hari ada aja berita dari pemerintah yg bikin mental gw down ajg,sadness
MPR Desak Pemerintah Bangun Kesadaran Pentingnya Vaksinasi Anak pada Masyarakat https://t.co/gbUYb9dzNE,sadness
Gw kayaknya harus career switch dah. Soalnya kalo misal gw mau ngelamar posisi import lagi susah. Bkn krn lowongannya tp krn import mulai dipersulit + kurs usd naik terus. Jd perkiraan gw import bakal turun dan ga rame fak pemerintah,fear
Cuih banget nyalahin penulis fanfic drpd pemerintah yang lebih bertanggung jawab pada hal literasi rendah itu,sadness
@USER Terkutuklah Pemerintah zalim dengan kaki-tangannya yang mengkhianati konstitusi sumpah jabatan dan akal sehat.,love
@USER Ganti pemerintah kak,love
@USER @USER @USER Wong gitu faktanya lebih najis penjilat pemerintah kayak sampean,love
Kalau pemerintah bilang A maka lalukan (A-) pasti mereka ada rencana yang kalian ga tau ud kek episode Marinir dan Pemerintah Dunia di One Piece pokoknya.,sadness
Komisi I DPR meminta pemerintah untuk melakukan evaluasi menyeluruh terkait aspek keamanan dan pola penugasan prajurit di Lebanon. #Polhuk #AdadiKompas https://t.co/8xpYV5PtDW,sadness
Desentralisasi Otonomi Harus Nyata Pemerintah Bukan Malah Memperkuat Sentralisasi. Otonomi tidak cukup diperingati tetapi harus dijalankan dengan kewenangan nyata di daerah. https://t.co/4vr5fL75ca https://t.co/4KZBqDdwPn,sadness
Apasii negara ini ya Allah. Emg bener curiga masuk surga jalur didzolimi pemerintah,sadness
5. Pemerintah untuk memastikan implementasi cepat dan tegas UU PPRT termasuk mekanisme pengawasan di ruang domestik.,sadness
Tennessee menjadi negara bagian kedua di Amerika Serikat yang melarang Bitcoin ATM setelah pemerintah setempat mengesahkan undang-undang baru yang membuat kepemilikan atau pengoperasian mesin tersebut menjadi tindakan ilegal. https://t.co/LkbSgGFxI4 @USER,sadness
@USER padahal inti kuliah kan emang diciptain buat ngebuka ranah wawasan mahasiswanya karena pemerintah nya goblok aja jadinya kuliah dijadiin ajang sekalian nyari prospek kerja mahasiswa nya ga salah yang kuliah ga salah yang salah pemerenta titik,anger
Komisi I DPR meminta pemerintah untuk melakukan evaluasi menyeluruh terkait aspek keamanan dan pola penugasan prajurit di Lebanon. #Polhuk #AdadiKompas https://t.co/IkaTdX7Lp0,sadness
@USER @USER Kalau hidup di Negara dan pemerintah yang Gila gimana Mindos?,anger
Kemenkum Jabar melihat pentingnya keterlibatan aktif Pemerintah Desa. Koordinasi dengan Desa Mekarmaju adalah contoh bagus bagaimana pendaftaran Kekayaan Intelektual bisa dimulai dari tingkat akar rumput. Kemenkum Jabar - Asep Sutandar.,sadness
@USER sebanyak itu anak yang tidak punya kesempatan mengenyam pendidikan tapi katanya pemerintah wajib mencerdaskan anak bangsa apa mungkin karena biar nggak sekolah nggak papa yang oenting tidak protes dan kritis kalau pinter susah diatur,sadness
Aneh banget manusia menyalahkan fanfic writer karna skor literasi indo yg rendah . Itu tanggungjawab pemerintah bukan writer apalagi writer gratisan,sadness
Video: Pemerintah Siapkan Skema Jika Belanja Pegawai di Daerah Belum 30% https://t.co/UPse8PNwLs,sadness
ni pemerintah pada ga becus anjir,sadness
Penulis fanfic tidak punya beban moral untuk mencerdaskan bangsa. Penulis ini nulis buat kesenangan mereka sendiri dibagikan ke fandom mereka. Kalau mau cerdas salahkan pemerintah dong. Buku mahal perpus jam bukanya ngawur kurikulum pendidikan yang ganti2. Ngawuur ngawuur,anger
- hubungan bi dengan pemerintah pusat dan pemerintah daerah - apa itu bank sentral - fungsi bank sentral dan BI - apa bedanya banksentral dan bi,sadness
ANEH. Mending jabatan sing gajelas &amp; tunjangan pemerintah e dikurangi. MBG iku lo entek² ii anggaran tp ga mutu blas &amp; nambah beban guru sing gaji e yoo mek sak bijimu wok Jare negoro gede tp pemerintah e diisi wong kyk kontol suwe² ajur negoro iki. Rupiah ii lo tmbh anjlok AJG,anger
Soal dia nolak kerjaan lbh baik yg diomongin sana-sini? Itu kn bumbu2 skandal aja bang. Ibam nih kn lagi dikriminalisasi terus ada fakta muncul dia nolak Meta krn lbh milih kerja dg pemerintah. Ada cerita gitu kamu berharap publik bereaksi kayak mana?,sadness
@USER @USER @USER @USER @USER @USER @USER @USER situ yg tdk tertib nalarnya kalo nalarnya tertib dapat gaji ratusan juta dari pemerintah tentu sdh paham dg resiko yg akan dihadapi jika suatu saat ternyata bermasalah dg hukum.,love
Buat teman-teman queers di indo hati-hati dan saling jaga ya takut kalian dikambing hitamkan gara-gara pemerintah yang nggak becus dan kompeten nanti bawa-bawa agama buat eksekusi kalian. Masih inget kan tahun 98 chindo yang jadi kambing hitamnya?,fear
@USER Galau in pemerintah aja kak,sadness
@ pemerintah kalo lu gak ngerti pembicaraan ginian mending sekolah lagi gausah ngurus negara. Kalo cuma punya solusi level cetek atau yg dijawab pas ditanya wartawan level asbun mending dagang cilok aja gausah ngurus negara. Gak kompeten!,anger
@USER Masih ga ngerti kenapa ada orang yg hobinya ngebentuk konflik horizontal gini. Suruhan pemerintah kah? Just wondering,anger
@USER Dari dulu coy pemerintah kalian itu bangsat. Tapi kenape rakyat membiarkan. Yg gwoblog siapa. Semua gwoblog..,anger
SISTEM TIDAK JELAS Pemerintah malah berencana salurkan bansos lewat Kopdes. Saya mengutip berita dari kantor berita antara Peneliti dari CORE Yusuf Rendy Manilet memberikan peringatan terkait rencana pemerintah menggunakan Koperasi Desa (Kopdes) Merah Putih sebagai penyalur https://t.co/BYhYWBhM9Z,anger
@USER Meuni tutup mata pisan maneh Jelas dina video ge atuh milu mijah. Aing supporter mayar pajak belegug wajar aing protes ka pemerintah fokus we urus jabar nu bener aing geus mayar pajak gunakeun duit aing keur nu hal baleg. Maneh bodo na kacida anying ,anger
EH SICMONYET PEMERINTAH INI PENDIDIKAN BAHASA INGGRIS KOK DITUTUP MONYETTT,anger
@USER @USER @USER Kalo rakyat yg membuat nilai rupiah melemah dikarenakan takut nilai hartanya kegerus inflasi Indo dibilang pengkhianat bangsa.. Tapi kalau pemerintah yg membuat nilai rupiah melemah dibilang apa dong? Toh kalo pemerintah becus dan ekonomi negara ini bagus g bakal beli usd,fear
Bantuan pembangunan rumah apung tersebut hasil kolaborasi antara Pemerintah Provinsi Jawa Tengah Pemerintah Kabupaten Demak dan Bank Jateng. ---------- Baca Berita Terpercaya lainnya di https://t.co/gWEjMt5krv,fear
Kapan sih ga kaget sama asbun pemerintah...,anger
 ... Pemerintahlah yg sesungguhnya antek asing. Tidak mencintai bangsanya sendiri. Rakyat sibuk cari kerja begitu ada lowongan orang asing didahulukan dengan gaji di atas warga nkri. Warga sendiri diupah umr. Sebenarnya yg menghina bangsanya sendiri adalah pemerintah.,anger
Enak kalo pemerintah mau biayain vaksin HPV biar mencegah penyakitnya. Ini aja ga dibiayain pdhl menurut gue ini crucial.,anger
ini twt isinya bnr bnr gado gado dah alias banyak bgt topiknye. ada anime lah ada 5sos lah ada jg pemerintah taik itu jirlah wokaowkaowk,sadness
@USER @USER @USER @USER Kesel sm kelakuan pemerintah tp banyak masyarakat kita yg dukung juga kaya gn contohnya ,anger
Gawat Bantalan Anggaran Semakin Tipis Saldo Anggaran Lebih atau SAL yang tersimpan di Bank Indonesia semakin menipis. Sejak tahun lalu hingga saat ini pemerintah menarik SAL hingga tersisa kurang dari separuhnya sebagian besar digerojokkan pada bank. Apa risiko dari kian https://t.co/XEfEgeDnL7,sadness
Sinergi Kemenkum Jabar dan Pemerintah Desa Mekarmaju membuka jalan bagi pengrajin lokal untuk mendapatkan haknya. Mari kita dorong pertumbuhan ekonomi desa berbasis pelindungan Kekayaan Intelektual. Kemenkum Jabar - Asep Sutandar.,sadness
Sebenarnya saya pengen bikin akun perlawanan terhadap pemerintah. Tapi ya saya mikir2. Udah paling enak itu nyerang Jokowi-Gibran-Bahlil aja aman. Jangan nekat nyebut nama Mr P,sadness
https://t.co/QyM0nYFRhg JurnalPatroliNews Yogyakarta Pemerintah Kota (Pemkot) Yogyakarta melalui Dinas Pemberdayaan Perempuan Perlindungan Anak dan Pengendalian #PENGADILAN #pemerintah #kota,sadness
Makin hari makin ada aja bahan buat benci sama pemerintah,sadness
semua hal dikerjakan pemerintah kecuali 'bekerja'.,sadness
@USER Saya lebih terkejut kalo DPR terkejut karna hampir semua orang parpol di DPR adalah pendukung pemerintah....,anger
Peraturan Pemerintah (PP) No. 16 Tahun 2021. Pembahasan yang mengatur tentang Garis Sempadan Bangunan (GSB) dan Jarak Bebas Bangunan.,sadness
Betul posisi di market itu penting tapi yg kita harapkan sebagai ritel unyu ini adalah kejelasan regulasi dr pemerintah. Jangan tiap hari ada aja darderdor mbg kopdes udh mah tau sentimen lg negatif investor unyu makin kemari makin emosi,anger
80 tahun Indonesia merdeka apakah belum pernah Pemerintah dalam hal ini menteri @USER mencoba minta dikembalikan ke Indonesia sebagai kekayaan budaya Indonesia?,sadness
Nungguin kuis di IG Pertamina Enduro voucher beli bensin atau LPG Bright gas kan Pertamina udah menang. Tolonglah rakyat jelata yang di dzolimi pemerintah ini.,sadness
@USER Harusnya pemerintah yang pusing bukan kita.. Ini kok tebalik ya,anger
@USER @USER @USER @USER @USER @USER @USER @USER @USER @USER @USER @USER Selama hal-hal sperti ini trs dibiarkan terjadi maka selama itu MBG akan ttp jadi bahan &amp; sumber masalah yg akan trs diteriakkan oleh para pembenci pemerintah. Jangan heran klu MBG yg trs jdi sasaran. PEMERINTAH HRS SADAR &amp; SEGERA BENAHI https://t.co/YufnE9zaf2,love
@USER @USER @USER @USER Betul ekonomi melemah karena kebijakan pemerintah yg kacau dan juga perang usa-iran yg belum selesai orang-orang lebih memilih nabung dari buang duit nonton konser beda cerita kalau lu orkay.,anger
Mantan sekretaris Partai Komunis Hohhot Li Jianping telah dieksekusi m*ti oleh Pemerintah Tiongkok pada Desember 2024. Ia terkena kasus korupsi sekitar 3 miliar yuan atau Rp 6 7 triliun. Ini menjadikannya sebagai kasus korupsi individu terbesar di Tiongkok. #korupsi #tiongkok https://t.co/mLbEJKJKvu,sadness
@USER Ini ga bisa bayangin alumninya jd omongan para hrd sampai ke tetangga² ohh prodi yg udah di tutup pemerintah itu ya idiiihh nyesek ,anger
...masyarakat imbau pemerintah tak baperan karena itu hak rakyat...,anger
@USER Sejak jaman kalianlah Amerika bebas disini Demi narik hutang negara pun kalian buat tak bermartabat Sebutan Apa cocoknya buat kalian ini wahai pemerintah?,anger
@USER @USER @USER @USER @USER @USER @USER @USER @USER @USER @USER @USER @USER Repot amat sih menanggulangi masalah dagang makanan apakah Pemerintah sudah tidak punya kedaulatan Demokrasi bagi warga yg berjualan. Yg protes bukan warga setempat tp sebagian kaum intoleran HTI Taliban dari warga yg ga jelas.,love
@USER perasaan di negara negara lain artisnya nggak ada yang jadi pemerintah,fear
@USER kasus gaji guru 50-100 ribu perbulan itu selalu jadi concern masyarakat. gaji nakes yg ketahan karna tunggakan bpjs pemerintah/mismanajemen rs jg masyarakat yg nyuarain. yg dikritik sistemnya praktik buang2 anggaran ga penting yg sbnrnya bs dialokasikan ke hal yg lebih urgent-,anger
@USER Hadeh....Tiap hari ada aja buat ulah. Daripada ngebatasin. Mending pemerintah pada lengser semua aja dah. Pada gak jelas.,anger
punya lead yg toxic hari ini ke kantor cuma memaki pemerintah kali ini i stand with u,anger
@USER @USER @USER @USER @USER @USER Maka saya bilang Plat B itu utk semua kendaraan terdaftar di DKI. Bukan otomatis milik Pemprov. Kode P itu berarti terdaftar di Jakarta Pusat. Instansi pemerintah di Jakarta Pusat itu banyak ada kementerian/lembag maka saya bilang akan dicek dulu. Salahnya di mana?,anger
https://t.co/RfIZYvF1tJ Upaya pemerintah dalam memulangkan para WNI ini mendapat apresiasi dari mahasiswa Magister Hubungan #indonesia #pemerintah #wni,sadness
@USER @USER giliran ga dapat kerja yang relevan sesuai jurusan nyalain pemerintah sudah seharusnya sekolah dan kuliah harus searah dan relevan dengan lapangan pekerjaan,anger
Ngomong tinggi-tinggi fafifu wasweswos lu sendiri aja kaga paham fungsi fanfic tuh bukan buat mencerdaskan bangsa bzirrr kenapa author fanfic dibebanin moral begini padahal kalau soal rendahnya literasi anak bangsa salahin aja pemerintah babiii,anger
 ...Karena itu pemerintah berencana mengendalikan kesenjangan tersebut dengan menutup sejumlah prodi yang tidak relevan... Salah satunya Badri menyebut program ilmu sosial dan kependidikan... ,sadness
Buku ini menganalisis upaya pemerintah Orde Baru beserta agen-agen kebudayaannya dalam memanfaatkan produk-produk budaya untuk melegitimasi pembantaian 1965-1966. Sinopsis lengkap: https://t.co/wNAD8CnEJH https://t.co/vaNUw5KisH,sadness
@USER INI salah.1 AKIBAT PROGRAM PENDIDIKAN tak JADI PRIORITAS no.1 DINEGERI🇮🇩NKRI yg KAYA BERLIMPAH dari HASIL BUMI &amp; SDA Apalagi PELAJARAN BUDI PEKERTI sdh HILANG mulai TINGKAT SD SMP &amp; SMK PEMERINTAH SENANG BAHAGIA bila CUCU2 ANAK2 GENERASI🇮🇩PENERUS dibiarkan BERSOSMEDRIA,love
Menjelang Idul Fitri dan dalam bulan baik ini bulan Ramadhan. Saya mengumpulkan tim relawan untuk bersilaturahmi mendengarkan masukan-masukkan dari mereka karena mereka juga warga Jakarta Utara yang tau masalah di lingkungannya. Semoga kebersamaan... https://t.co/WfIa4k7l0p,love
@USER wkwkwkwk yaa gimana pacarku ternyata nama aslinya sunwoo ramadhan baru tauu eh . . ( ̯́ ₃ ̯̀),love
waktu puasa aku beneran cuman puasa teraweh ke masjid baca alquran sampai selesai (pertama kali selesai 30 juz bln ramadhan) terus aku berdoa supaya bisa kerja habis lebaran dan pas mendekati lebaran aku mulai lamar lamar kerja lagi,sadness
@USER KENAPA RAMADHAN ,love
@USER inisial nya S belakangnya ramadhan ajaa . . (≖⩊≖) muehehehehe ! !,love
@USER jangan lupa muzakki ramadhan juga.,love
Toutes les du'as qu'j'ai faites pendant Ramadhan j'ai l'impression qu'elles sont allées nulle part alors que j'sais qu'c'est faux. L'épreuve de patience que j'vis tous les jours c'est atroce...,sadness
ty indosat meskipun paketmu mahal tp dapet google drive 200gb sama gemini+ tiap beli merasa tidak rugi dan semoga collabonation ada lagi di ramadhan tahun depan‍↔️,happy
???????kok ikutan naik???? lebih parah di gueh ada yg jualan esteh 15k karna bulan ramadhan,sadness
@USER OH LMFAO she has me blocked long ago bc she thinks me saying im trying not to read any lgbt and remotely spicy books during ramadhan constitute to me being homophobic and a tool of misogynists ,anger
Itu masjid 1 bisa ga sih klo adzan jgn telat sendiri gue pengen dengerin lagu jir lucunya klo ramadhan ga pernah telat... Telatnya tu bener2 yg lain udh kelar dia baru sampe syahadat jir,anger
klo diinget2 aku udh lama gak nonton hockey terakhir keknya pas ramadhan kemarin,sadness
marhaban ya ramadhan om,love
Jadi keinget salah satu show di event Ramadhan 2021 kalo ga salah The Quiz. Pokoknya yang Freya marahin Zee sambil teriakin yang ini Azizi Asadel yang ini ,sadness
@USER @USER Kok nggak ada ramadhan,love
@USER setelah ohyul ramadhan terbitlah lou ramadhan,love
Beneran ramadhan ver. Pake kerudung,love
haiii kaaka² team love selamat dan semangat untuk sonichi hari ini selamat juga untuk oshi ku satu satunya nya @USER Uda dari event ramadhan gasabar liat sonichi kalian yang baca pose team love nya dong hehehe #ItadakiLoveJKT48 https://t.co/EhnsHalQRs,love
Exol bener ye luuu ini jadi vibes ramadhan ya,love
Marhaban ya Ramadhan bulan penuh ampunan telah tiba. Semoga kita semua mendapatkan keberkahan dan ampunan dari Allah SWT Selamat Menunaikan Ibadah Puasa 1447 H. @USER @USERetRI #KemendesPDT #BpsdmKemendesaPDT #BangunDesaBangunIndonesia #TPPKemendesaDamping,love
@USER @USER Velevt junioar kak? Kmrin abis ramadhan aku co itu buat kado.,love
Aku pun nganggep haid sebagai waktu istirahatnya dibanyakin. Tidur bisa lanjut meski udah masuk waktu sholat bikin kue pas ramadhan kalo lagi haid,sadness
@USER Ada novelnya Ramadhan KH,love
Alhamdulillah Telah menyelesaikan Khataman membaca 30 Juz Al-Qur an di bulan ramadhan Semoga bisa terus dijaga dan diamalkan #Khataman #Quran #Alhamdulillah https://t.co/oZLnp6CJHN,happy
@USER AHAHHA KELAKUAN GW SAMPE SEKARANG di desa mamah masih percaya begituan setiap malem ke 27 ramadhan pasti bnyk sesajen dan itu sampe h+3 lebaran. jd tiap gw nemu sajen yg ada uangmya gw ambil hehe kdang ada rokoknya gw ambil buat pak ogah di jalan maap ya mbah demit,anger
Eh udah lama gak nongol disini. Btw aku udah ada pekerjaan walaupun kontrak 3 bulan aja. Waktu Ramadhan kemarin dianya buat minta kerja dikabulin.,sadness
Marhaban ya Ramadhan bulan penuh ampunan telah tiba. Semoga kita semua mendapatkan keberkahan dan ampunan dari Allah SWT Selamat Menunaikan Ibadah Puasa 1447 H. @USER @USER #KemendesPDT #BpsdmKemendesaPDT #BangunDesaBangunIndonesia #TPPKemendesaDampingiDesa,love
@USER ga peduli sih soal hartanya mau dia baik kek ganteng kek sikapnya dll.. kalau sholat masi bolong puasa ramadhan masi bolong aku langsung ilfil dan pergi,love
@USER @USER @USER Not only ramadhan every single day a man is excused for providing the bare minimum but let a woman not cook food for two days and hell will break loose.,love
𝐋 𝐞𝐱𝐢𝐠𝐞𝐧𝐜𝐞 𝐝 𝐮𝐧 𝐥𝐞𝐚𝐝𝐞𝐫𝐬𝐡𝐢𝐩 𝐞𝐱𝐞𝐦𝐩𝐥𝐚𝐢𝐫𝐞 De leur côté les prédicateurs Sheikh Ramadhan Ndikumana et Hilgien Ngendakumana ont centré leurs enseignements sur les fondements d un leadership responsable. Ils ont insisté sur le fait qu un dirigeant doit https://t.co/wv3gOfo1Tw,sadness
@USER Nolongin bocah yg tenggelam jujur gue pun gak bisa renang. Karena gue pikir aman yaudah coba buat tolong. Ini posisi nya lagi pada mandi di sungai buat nyambut bulan ramadhan kalo kalian orang padang pasti tau namanya apa.,anger
。 intinya waktu itu aku lagi haus ber agency karena selama ramadhan aku gabisa agencyan. Terus lihat aetherwish mungcul aku kek WOAH. Lalu akhirnya aku caper dengan melakukan sesuatu yang sempet bikin pro dan kontra sampai aku takut di blacklist.,love
@USER Evil triple t be like: come and break your fast early in ramadhan,love
@USER Iyakan hawa hawa ramadhan samalebarannya dapet bgt,love
Marhaban ya Ramadhan bulan penuh ampunan telah tiba. Semoga kita semua men. keberkahan dan ampunan dari Allah SWT Selamat Menunaikan Ibadah Puasa 1447 H @USER @USERetRI #KemendesPDT #BpsdmKemendesaPDT #BangunDesaBangunIndonesia #TPPKemendesaDampingiDesa,love
Prajuritnya udah banyak yg meninggal di libanon ~ masih kah berdiam diri? Berdiam diri tuh pas ramadhan akhir di masjid. Mengecam yang salah aja masih takutan di mana letak akan disegani mau menunggu berapa banyak lagi?,sadness
ada yg tau au edisi ramadhan yg awalnya isinya cuman anak anak eos sama pandavva gaa? terus di season 2 nya masuk anak dexter yg pas baru join dikasi masakan serba ijo pls pla pka itu aunya siapaa ilaang kocaak aunya,sadness
Satgas ketahanan pangan Polda Jatim Kapolres Gresik AKBP. Ramadhan Nasution S.I.K. M.H. https://t.co/o44d19mFB9. memerintahkan *(Kapolsek Duduksampeyan AKP BAKRI S.H)* beserta anggotanya untuk melaksanakan pengecekan pemeliharaan tanaman padi di Ds. Sumengko Kec. Duduksampeyan,happy
3 Paket Ramadhan untuk janda wali yatim #salimah #salimahpati https://t.co/SI7gr4lyca,love
H. Priyantna Abdurrasyid - Dari Cilampeni Ke New York. Mengikuti Hati Nurani Oleh: Ramadhan K. H. Tahun 2001. 312 Halaman Harga 60.000. Minat? https://t.co/DzGJOmhp0z,sadness
H. Priyantna Abdurrasyid - Dari Cilampeni Ke New York. Mengikuti Hati Nurani Oleh: Ramadhan K. H. Tahun 2001. 312 Halaman Harga 60.000. Minat? Cara Order silakan DM or Klik link WA https://t.co/tw77mxCDLN https://t.co/OemVVb0FoU,sadness
@USER Udah kelar ramadhan emang harusnya muncul agensi semut,love
Hafal tanggal Masehi tapi lupa tanggal Hijriyah? Padahal hari Arafah awal Ramadhan dan puasa-puasa sunnah semuanya mengikuti kalender Hijriyah. Yuk order sekarang juga! Informasi 0821-1176-8585 (MPD Store) https://t.co/ndHtXEZNMp,sadness
@USER Di Indonesia udah Zulkaidah di Madrid masih Ramadhan kah?,love
@USER @USER @USER Ingat event ramadhan kemarin ,love
@USER TIBA TIBA RAMADHAN,love
@USER MARHABAN YA RAMADHAN,love
@USER gw ga pernah lupa besty ramadhan gw,love
@USER karang ramadhan,love
Kuliah Shubuh after praying shubuh in Ramadhan 1447 https://t.co/mHoefZf4RV,love
@USER Kelebihannya bapakku meninggal di 10 hr trakhir bulan Ramadhan. Itu yg orang² bilang ke aku untuk menguatkan aku supaya bisa ikhlas melepas beliau. Sayangnya trakhir kami bertemu dlm komunikasi yg buruk. Semoga Allah mengampuniku dan mengampuni beliau. Aamiin,happy
@USER Wkwkw kekny es buah ini ada banyak klo pas ramadhan ini aku berencana ke bingxue aja soalnya ada varian es buah nya ,fear
@USER Food price jumped nearly 20% since 2022...?? All the country feels it . You don't even know how Indo feel when the price spike 100℅ everytime we have Ramadhan fasting month. Are we struggling? Yes it's inflation about. But it's how the govt handle to keep it under control.,love
Sebenernya dulu beberapa kali ganti di 2021 tapi akhirnya aku balik ke ava ini lagi kyungsiti tetap di hati Sehunita si paling ramadhan era tiap ramadhan ganti ini sampe 2022 klo ga salah https://t.co/F4Dlf48VQC,sadness
Jangankan guru honorer waktu lebaran guru dan tendik PPPK paruh waktu daerah gue pada ketar-ketir lebaran pakek uang apa soalnya belum digaji dari bulan Januari. Gajinya turun pun kayaknya pas minggu terakhir bulan ramadhan.,sadness
@USER Harga beras dan telur terasa naik semenjak mbg beroperasi. Bulan Ramadhan tidak naik dianggap pemerintah berhasil tekan harga pangan pdhl udah naik jauh hari sebelumnya. Minyak goreng naik alasan kemasan plastik naik. BBM naik alasan selat Hormuz pdhl krn gagal diplomasi.,anger
Yaa begitulah.. kita sdg berada di pasar kaget harga barang kaga nentu stok dan harganya. Sesuatu yg jarang bahkan kaga pernah tertemui harga barang melonjak jauh bukan di bulan Ramadhan.,sadness
@USER @USER Sama apalagi kalo pas ramadhan walau kudu ganti tapi ya ngegantinya bisa nyicil,love
omg une de mes fav meilleure trouvaille de ramadhan,love
@USER Maaf oot LONG TIME NO SEE KAKK OMOO tahun ini ga ada postingan menu saat ramadhan yang lucu itu yaa Sehat selalu yaa kakkk ,happy
selama bbrp taun setelah pandemi kenaikan barang emang gila-gilaan bgt sih ga cuma pas ramadhan doang. tiap taun makin naik kalo inget harga sesuatu pas taun 2023 aja bikin nangis krn sejauh itu bedanya pdhl kek baru kmrn??,sadness
- padahal Ramadhan taun depan msh lama. ak dah jalani metode bulan syaban buat bayar qadha dan ga kusuka (sll merasa umurku ga sampe). Lebih suka bayar d bulan syawal krn vibes puasanya masih kerasa juga,sadness
Setuju gua beli kipas angin pas kemaren puasa issue dapet ojol susah karna mereka dibayar murah dan gua pake instant niat gua emg mau ngasih tip tp dia minta parkir yauda sekalian aja. Iseng lah gue nanya seller. Lg bulan ramadhan aja masih ngeboong tu gila jg kt w https://t.co/zfRualA7F0,fear
Dans sa prédication Sheikh Ramadhan NDIKUMANA est revenu sur le thème du jour tiré de la Bible. Il a insisté sur les caractéristiques d un bon dirigeant : avoir une vision claire servir d exemple à ses subalternes respecter la loi et promouvoir l intégrité. #Burundi https://t.co/5xkFlmMPrQ,love
klo kulkas kost ada ini tandanya lago ramadhan akwosmidke,love
jumat yg sangat-sangat berat. jam tidur pasca ramadhan masih belum balik normal jatuhnya insomnia lagi. tidur sejam kebangun deg-degan udah gabisa tidur. plus tbtb diare &amp; bolak balik KM. badan dehidrasi di kerjaan dibilang pucet. semaleman gak tidur. baru siuman jam 01.30.,sadness
@USER @USER unfortunately at like ramadhan bazaars here they premake them in the dat then just sell them at night but my friend's husband's stall makes them fresh and i just start buying from him instead now,love
@USER der aku gak bisa jawab semua karena semua (ini bener bener semua apalagi kalau kamu nonton yt escape ramadhan tahun ini) terjawab ust Felix Siauw n Koy dan biasanya ditanyain sama (a girlie aku lupa namanya) yang nonis bisa kamu pahamin karena bahasanya Gen Z banget ,love
INI BNERAN GAINGET CUG gue ingetnya nama dia tuh islami gitu kan ya. gue coba inget² tp yg muter di kepala nama-namanya cuma rijal... ramadhan.. faisal.. anjing padahal jauh bgt oon apa kayanya he doesn't caught my attention that much ya?? jadi namanya kurang,anger
@USER Banyak kak dulu tuh yg berita hailey dan jb ngehina ramadhan sampe masuk berita di tvone itu juga hoax bikinan fans selena.,love
#NewProfilePic : Dieditin zizi @USER Lampion belakangnya ga keikut semua gpp biar ga dikira bibi la tema ramadhan. https://t.co/mjeW3dKLXt,happy
@USER HIFKSS IYAA KAN mauk Ramadhan LagiEk,love
@USER tidaak onty hijabnya edisi ramadhan ajaa ,happy
oomf told me keeho knows about fasting and ramadhan keeho muslim era. ive been calling it https://t.co/fAe7tQWFEu,sadness
GRAND GREY takes the Champions Sprint Cup! The Domestic G1 @USER goes to Jaber Ramadhan and @USER! Grand Grey (Havana Grey) was a #GoffsNovember purchase by Mirage Partnership consigned by Tullogher House Stud. #Goffsgrad https://t.co/J6Rb9SKNdD,happy
Mulai masuk bulan februari itu rata rata buah memang sulit jadi harganya biasanya akan mulai naik apalagi tahun ini bulan februari juga memasuki moment ramadhan kemarin buah impor dan lokal semunaya rebutan dengan mbg di lahan yang berani harga tinggi itu yang dapat,sadness
@USER Untung si boston setan nyh masih ke iket pas bulan ramadhan kemaren #OnlyFriendsDreamOnEP9,happy
Waktu itu pas gue deactive IG sebulan pas ramadhan itu ampuh bgt ngurangin looking up to other people lama-lama gue gamau punya instagram deh tp knp pikiran takut ketinggalan tuh sllu ada kenapaaaa knp gue harus liat kehidupan orang lain di sosmed seh,fear
gimanaa kalo kakek kandung yaa gakebayang happynyaa akuuskrg aki uda mau 40 hari ninggalin aku dia yang qs always Adzan imamin bangunin sahur dan ingetin buka puasa ramadhan dimesjidMasyaAllah,love
Sudah kangen ramadhan lagi,sadness
 Salam persaudaraan! Selamat atas terpilihnya saudara Muhammad Syahrul Ramadhan sebagai Ketua Umum TBM Cutaneus FK UNG Periode 2026/2027 . Dengan persaudaraan Demi kemanusiaan Jayalah PTBMMKI https://t.co/4mQUzqu2X1,happy
@USER Kalo kemunculan Dajjal itu sebagai tanda proses dimulainya dunia menuju hari akhir maka itu adalah pintu tobat sudah tertutup ibarat bedug subuh disaat bulan ramadhan dimana makan minum membatalkan puasa. Maka bertobatlah sebelum tanda akhir jaman itu datang.,happy
@USER Yess! Ehm mungkin kurang umum di Pulau Jawa betul. Aku juga baru tahu ada pempek ini waktu family gathering pas ramadhan kemarin. Bentuknya mirip banget kayak pastel. ,fear
Pelatihan Pra-Bakti Sosial 1 Pemateri: dr. Ramadhan Maulana Hikmat M.Kes NIA. TBM-Cs/R/XV/08 Rabu 8 April 2026 16.00 WITA - Selesai RKB 3 Lt. 4 FKIK ULM Banjarmasin TBM-Cs Only. https://t.co/JWQOlrBd65,happy
 M https://t.co/xBecd3PTw1 pantas ni jeans viral amat di toktok sampe masuk top 1 jeans pas akhir ramadhan kemarin. TERNYATA EMANG SECAKEP ITU ada les garisnya yg bikin unik warna retronya jg ga norak + gampang mix match cardi https://t.co/fScJYCICpy https://t.co/HTIUjqYpJU,sadness
Kalo kiminiji bosen ah dah sering di ramadhan event tahun brp ya lupa,sadness
yang penting Mbah yaaaai yooo ngaji Al-Qur'an semalam suntuk sembahyang sholat 5 waktu di usahakan walaupun malas ga puasa Ramadhan.. yooo posooo Qodo' bersama itu budaya orang jawa,fear
ESRAR under Alberto Sanna adds another win for Al Afoo Racing in the Rehc Prestige Cup! Al Afoo Racing &amp; Jaber Ramadhan with an impressive form this season! https://t.co/W92iXy0911,happy
Tahun 2027 aku papa mama dam keluargaku pergi umroh full selama bulan Ramadhan aamiin.,love
#jumuahmubarak #IniMuslim #CALEM institute Prières collectives pour Ramadhan 2026 - 1447 Dr. &amp; Imame @USER English subtitles available online All vidéos youtube. com/@USER https://t.co/E93gpalZUa https://t.co/Pz8Kv5oB0e,happy
#jumuahmubarak #IniMuslim #CALEM institute Prières collectives pour Ramadhan 2026 - 1447 Dr. &amp; Imame @USER English subtitles available online All vidéos youtube. com/@USER https://t.co/E93gpalZUa,happy
@USER @USER Dibulan RAMADHAN,love
@USER mingyu ustadz memorable karna pas puasa hikd jd kangen bln ramadhan,love
@USER jadi kangen:(((( mau ramadhan lagi :((((((,love
@USER penting amat sebelum ramadhan kayaknya gen,love
@USER Kangen edisi ramadhan ndos :(,love
@USER Puasa ramadhan wajib diganti di hari lain baca quran &amp; berdzikir boleh kok sambil lihat hp. yg namanya darah itu najis/kotor pun di dunia medis darah itu media kotor. wanita haid harus dlm keadaan sehat nutrisi hrs terpenuhi jd hrs makan yg baik sesayang itu Allah pd hambaNYA,anger
Ramadhan tiba.. ramadhan tiba..,love
@USER Kapan lagi syukur2 ramadhan tahun depan masi dpt,love
ni anime nambah mulu sementara gw blm lanjut nonton lg sejak ramadhan bjir,sadness
@USER Di kalimantan ramadhan udah 90,love
@USER Nlikua nimefunga Ramadhan hadn't eaten anything aside from a glass of water for 2 days. By the third day mambo ilikuwa imechemka ,happy
@USER Striker musim depan cukup Paraiba + Dasilva + Ramadhan Sananta . Wes,love
@USER Reminder: 160 school children at school your Country killed in Iran during the Holy month of Ramadhan,love
GUA KIRAIN WILLEST EDISI RAMADHAAN ITU LAMPIONNYA RAMADHAN BGT,love
Tau ga apa yang paling sakit.. Orang yg selalu ada di doa 10 terakhir ramadhan.. Orang yg selalu ada di doa sepertiga malam.. Justru orang yang paling nyakitin kita....,anger
@USER ramadhan?,love
@USER Iran ask for 2 thing -Close US airbase and Embassy -Close airspace for military used by USA and Israel. But your goverment do not listen when Iran retaliate you act like the victim. Where were you when 200 Iranian children die on the hands of USA and Israel during Ramadhan?,love
Jujur aku nek puasa diluar puasa ramadhan niat ku selalu wakehhhh seng niat karna Allah pengen sehat pengen irit pengen diet apapun iku tak sebut pas lagi niat,love
Melokal sekali Sunwoo Ramadhan ,love
@USER Ada tuh dulu Dey cedera parah dibagian lutut dia bertahan hampir 2 tahunan tapi g ikut perform teater yg setlist cuman ikut yg event ramadhan sama acara goplay,love
@USER @USER Allen Valindra Ramadhan,love
goals tahun depan umroh ramadhan ya Allah mau banget Aamiin,love
@USER Kok susah yahh. Perasaan waktu ramadhan kemarin easyy,fear
@USER Iyaa lagi mana season nya banyak bahkan ada season Ramadhan ,love
@USER @USER Ne mu Ramadhan Aisha yali atutta,love
@USER Poin 5 Betul Betul banget Bumi bisa ditanami jagung padi juga aspal dengan Jutaan knalpotnya. Menutup ugal-ugalan industri rokok macam preman berjubah bawa pentungan dipasar pas ramadhan _PASTI AKAN MENIMBULKAN GUNCANGAN UGAL-UGALAN PULA- * Perokok (saya) memang ndablek.,love
Menikah punya anak membangun keluarga kecil sederhana yang hangat dan penuh cinta dan merasakan ramadhan dua kali dalam satu tahun dalam keadaan udah jadi ibu AAMIIN YAA RABBAL 'ALAMIN,love
@USER @USER pepaya sebelum ramadhan 10k pas ramadhan naik 15k kemarin beli di pasar 17k aarghhhh momarah,love
Sudah Jumat menjelang akhir bulan tapi tetap aja kayaknya bulan ini berjalan lambat dibandingkan ramadhan lalu,sadness
Perang efik fury di bln ramadhanmembawa berkah persatuan islam bukan syiah Semoga muslimin semua kembalinpd ajaran islam yg benar yg dibawa oleh nabi Muhammad ﷺ آمين يارب العالمين,sadness
@USER skrg susah bgt kemarin pas ramadhan perasaan gampang,love
So... Gue beli beras bareng suami. And you know what? HARGANYA 91.000 5KG. semahal itu bro... Perasaan ramadhan 75K dengan merk yang sama. https://t.co/xkqqo80aSi,love
بسم الله الرحمن الرحيم Remember that Ramadhan is not a scorecard and you're not racing with anyone on anything. The only thing you need to care about is how to get yourself closer to Allah QS. Al-Baqarah ayat 165 وَمِنَ النَّاسِ مَنْ يَّتَّخِذُ ... https://t.co/9dusX7IVux,love
Memasuki penghujung bulan suci Ramadhan Bupati Langkat H. Syah Afandin SH memberikan santunan kepada 65 santri Pondok Pesantren Ulumul Quran dalam sebuah kegiatan yang berlangsung di Rumah Dinas Bupati Langkat Jumat (13/3/2026). https://t.co/4LTJ2T6Uui,sadness
Bupati Langkat H. Syah Afandin SH yang diwakili Wakil Bupati Langkat Tiorita Br Surbakti SH menghadiri kegiatan Ramadhan Berbagi bersama anak yatim dan kaum dhuafa yang digelar di Masjid Nurul Ihsan Desa Baru Pasar VIII Kecamatan Hinai Jumat (13/3/2026). https://t.co/OgNdHW2rZ9,sadness
pengen nikmatin lagi baca AU kaya dulu:(( jaman sma gapernah absen baca AU apalagi universenya papadan zidane khail Justin NAUFAL RAMADHAN ㅠㅠ huhu aku sampe beli novel papadan Ama si jidann jidann ituㅠ skrg bac AU blm ada yg cocok di hati,anger
(program) mereka jadi kiblat artis tv yg udh masuk ke yutub. podkes2an udh ga rame soalnya kebukti pas ramadhan kemaren.,sadness
@USER Ramadhan is the equivalent of Easter or Christmas not St Georges day you complete idiot. Supermarkets have christmas from October to December. Seriously you utter ignorant cretins are so jarring,love
Hiks naufal ramadhan pal bangun pal solat isya dulu gue blom beres baca housemate 2 lgi ,sadness
tiktok sudah up!!! tercemar ramadhan kalo ga sabtu minggu yaah wargaa hehehe timakaci sudah menunggu,sadness
Aku baru pindah kost ke sewaan bedakan gitu tetangganya pasutri baru. Baru nikah 2/3 bulan yg lalu intinya sebelum ramadhan tergolong muda bgt kan? Tp aku seneng tetanggaan sm mereka walau aku belum tegur sapa atau kasih makanan say hai krn masih bingung bgasih apa ,love
@USER Halo kak saya sebagai korban mau ngasih tau kalau sebenarnya bukti chat itu udah ada dari sebelum ramadhan dan gw baru berani reveal sekarang dan juga waktu itu saya pikir ah yaudahlah ternyata saya ga nyangka dampaknya dan pas saya speak up itu ternyata udah ada korban lain ka,anger
Mens hari pertama setelah ramadhan skip mens alias ga mens 2 bulan pdhal tadinya besok mau ke dokter ,sadness
kirain live Ramadhan Sale shopee anjir maafff gen,sadness
@USER maka dari itu mari kt dukung ramadhan utk memikat pujaan hati yg kemaren confessannya dikira bercandaan tsb,love
Aku ingin kembali kan waktu ke bulan ramadhan,love
@USER @USER @USER bro doesnt know that for us we are still in Ramadhan,love
YAALLAH BENERAN 2/5 HAJATKU HASIL 1/3 MALAM HAMPIR SEBULAN PENUH SELAMA RAMADHAN DALAM WAKTU KURANG DR 2BLN TERKABUL MAKASIH YAALLAHH,love
@USER Sebo Wansubiza mu Ramadhan ,love
These small simple moments are honestly what made the night so memorable. To all people who attend your presence truly made the night feel complete. May the month of Ramadhan continue to bring us closer strengthen our bonds and fill our hearts with peace.,love
@USER A He spent the end of Ramadhan celebrating and hosting the Muslim Nigerian president and his family in his palace meanwhile Christians in Nigeria were slaughtered. It was the week before Easter !!!,love
@USER Should've done research Ramadhan nights at Makadara grounds are good though,love
Weekend Vlog : Nyubuh Di Bandara Lalu Makan Mie Dan Nyore Ke Pantai Sebelum Ramadhan. https://t.co/6gvwKvLpWo https://t.co/6cALhLZs1F,sadness
These small simple moments are honestly what made the night so memorable. To all people who attend your presence truly made the night feel complete. May the month of Ramadhan continue to bring us closer strengthen our bonds and fill our hearts with peace.,love
@USER abis sunat gapernah bolong sholat sm puasa ramadhan bare minimum sih tp ga pada jaga,love
@USER gantiin yang bocor ramadhan kmrin,love
sekarang kalau waktu sholat apapun itu mepet suka resah banget dan ngga mau ketinggalan sholat. alhamdulillah ternyata after ramadhan ibadah igel masih terjaga dan konsisten,sadness
@USER pas bulan ramadhan sering banget nonton marapthon karena jujur aja kayak lagi di temenin apalagi pas ga bisa tidur,love
Alhamdulillah selesai utang puasa ramadhan Sudah siap ketemu bulan ramadhan lagi https://t.co/xMXRMvUNca,love
paling iri emang cuman sama ortu sendiri yang tiap taun bisa umroh sebulan full di bulan ramadhan dan kurban sapi 1 ekor utuh.. huhu i wish mau banget ya Allah : )),sadness
Bulan ramadhan kemarin nggak ada tu laper mata beli takjil giliran hari biasa kek gini pengen banget beli cilok dkk buat buka,sadness
MBG Bubar saya jg nazar 1 bulan penuh kek puasa Ramadhan (selama ga mens ya) GASSS NGENG,anger
@USER @USER 151cm before ramadhan my weight 52kg now 49.90kg. fasting non skip 2 weeks after eid. help lose water and fat in body,love
again from kukiko cookies. kemaren beli ramadhan edition buat adek sekalian buat aku sendiri dan dpt free doodle hihihi https://t.co/naWrYwPD9s,happy
5/6 puasa qadha ramadhan https://t.co/Jv7xYDXt53,love
Kalo di flashback lagi ramadhan kemaren tuh berkah banget sih,sadness
dan Ketua PD HIMA PERSIS Tanjungpinang-Bintan Muhammad Zhein Noor Ramadhan yang hadir didampingi oleh jajaran pengurusnya menyampaikan apresiasi atas keterbukaan Kejaksaan Negeri Bintan. Pihak Aliansi Cipayung Plus menyampaikan aspirasi terkait peran aktif mahasiswa dalam,love
@USER @USER yang islam tadi itu ukm dd mungkin dia butuh data kalau mau bikin kegiatan tau gitu siapa aja yang bakal di ajak (gak bakal sesering itu kok dd kegiatannya) bener kata teman kamu bisa jadi pas bulan ramadhan aja,love
Yuk meskipun Ramadhan sudah berlalu kita perkuat interaksi dengan Al-Qur an dengan membacanya mentadabburinya beriman kepadanya dan beramal sesuai dengannya semampu kita.,love
Pantau dan monitoring SPBU oleh personil polsek binjai selatan selama bulan Ramadhan 2026 (1447 H) merupakan bagian dari kegiatan pengamanan obyek vital dan patroli rutin untuk menjaga situasi keamanan dan ketertiban masyarakat (kamtibmas) tetap kondusif.,happy
And Naufal Ramadhan,love
doa pas ramadhan biar internet yang mati malah lampu yang mati,sadness
@USER @USER TICKETINGNYA PAS RAMADHAN KAK SOALNYA AWOKWWKWKWK,love
Nessie ga dapet mega hbd ga dapet paus ramadhan ga dapet hiu komet ga dapet jaat betul,sadness
@USER la cuisine française est copié collé de la cuisine Algerienne le croissant en est un bon exemple ce pain confectionné durant le ramadhan que les français ont appelé croissant au lendemain de la prise d'Alger.pour connaitre leur vrai cuisine regardez le film asterix,love
@USER @USER Tahjod and fasting not only in Ramadhan these two we can do at any time one moslim man said IAM fasting Monday and Thursday plus 3days every month when Ramadhan will come I feel fasting in Ramadhan very easy even IAM at work why because these work IAM doing make to me easy,love
Tahniah Ramadhan Saifullah mendapat undian tertinggi (48%) untuk MFL Top Goals LS22 Liga Super 2025-26! https://t.co/tmqcDMtF8I #MFLTopGoals #LigaSuper2025-26 #DemiLigaKita #LigaMalaysia,happy
@USER @USER itu keknya yg pas promo ramadhan gua tanya grok cuman berlaku sampe 31 maret,love
!Upi Yuk isi survey kilat berhadiah mengenai Food Waste di Bandung! cuma 2 menit dan bisa dapetin saldo GRATIS. Kriteria responden: Gen Z Kota Bandung yang pernah memesan delivery makanan online selama bulan Ramadhan kemarin! https://t.co/KbcHIsBJdv,sadness
Campus! Yuk isi survey kilat berhadiah mengenai Food Waste di Bandung! cuma 2 menit dan bisa dapetin saldo GRATIS. Kriteria responden: Gen Z Kota Bandung yang pernah memesan delivery makanan online selama bulan Ramadhan kemarin! https://t.co/M6voSXOhuk,sadness
Yap! Yuk isi survey kilat berhadiah mengenai Food Waste di Bandung! cuma 2 menit dan bisa dapetin saldo GRATIS. Kriteria responden: Gen Z Kota Bandung yang pernah memesan delivery makanan online selama bulan Ramadhan kemarin! https://t.co/pMvrLUoFZ6,sadness
@USER ketika bulan Ramadhan yang katanya setan-setan diikat itu ternyata sedang ngomongin si pribadi manusia sendiri ya....,love
@USER @USER katanya itu pas ramadhan doang ya ?,love
Sy setuju musik haram dan ada hadistnya tp dalam agama tdk ada hukuman untuk org yg mendengarkan atau menjadi musisi gini deh di Islam aj ga ada hukuman untuk org yg ga sholat atau ga puasa di bulan ramadhan masa musik aj jd masalah? Menurut sy Allah memberi kita kehendak bebas..,anger
@USER sebelum ramadhan,love
Satgas ketahanan pangan Polda Jatim Kapolres Gresik AKBP. Ramadhan Nasution S.I.K. M.H. https://t.co/o44d19mFB9. memerintahkan Kapolsek Benjeng AKP HENDRAWAN . beserta anggotanya untuk melaksanakan pengecekan tanaman sawi di Ds. Bulurejo Kec. Benjeng Kab. Gresik untuk mendukung,happy
@USER Agenda ramadhan kah,love
Genuinely not trying to make smoking as my whole personality tapi mau rokok tapi pun kalau aku bilang gini aku gak merokok terakhir kali aku merokok pas ramadhan itu pun cuman dikit ,sadness
Lagu dia yg femes diari ramadhan rafique je. Over nau la kosmo,love
bOYYYYYY RAMADHAN X RAYA SPENDINGS STATEMENT CAME OUT AND THERE GOES 60% OF MY SALARY DAWGGG,love
@USER udh kaya jokes ramadhan tiap tahun jokes ini bakal keluar lg,love
@USER Ramadhan tiba ramadhan tiba ramadhan tiba tiba-tiba ramadhan tiba-tiba ramadhan ,love
@USER Hari biasa makan sendiri-sendiri. Makan bareng kalo pas ramadhan aja. Pas buka sama sahur gitu. Rasanya ya seneng bisa makan bareng walau momennya cuma sebulan dalam setahun ,love
@USER @USER They have a trauma bond with Islam they are attached to it because of the memories of those bubbly nostalgic moments they had on Eid or Ramadhan with their family but at the same time believing the religion suppresses them cause they have an inferiority complex to non Muslims,love
stop kelas pagi please kelas jam 8 waktu ramadhan udah pas banget itu waktunya,sadness
@USER Waktu Kiky ikutan di acara bukber ramadhan liat dia pake celana pendek keq gimana gitu. Yg biasa aja nambahin kerudung ini malahan buka aurat,love
@USER @USER di projek solo nya Ahmad Dhani ama Andra Ramadhan (Andra pengisi gitar tapi sekalian di Include aja),love
last time Chelsea scored a PL goal was ramadhan day 15 iftar ,love
 itu iqbaal ramadhan bukan iqbal paskah ,love
Let's do it after fajr with the fam wear your best thobe and give the Friday khutba. Gotta have the walima after Friday prayer in our Masjid with the orphans tullabul ilm &amp; scholars. And finally spend the last 10 days of Ramadhan 1448H. I'll show you around my hometown ,love
@USER @USER What Arab literature then? If you search first Arabic literature every site states the 6th century. Arabs were pagans guess from where? This is why even the word Ramadhan is Hindu it means meditate on Rama. Dhyana in Sanskrit means meditate. Asura is Hindu Vedic.,love
16. Serupa Rumah edisi Ramadhan https://t.co/o7buSAG9IA,love
Zidane Hamizan Khail Adnan Naufal Ramadhan ya itu top 3 karakter au Jeongwoo yang paling memorable!!! Kayak.. meskipun udah lama gak ada yang bahas tapi sekalinya muncul tiba-tiba kek gini pasti orang-orang langsung inget kembali sama kisahnya huhuuuu,sadness
@USER King Charles 3 hosted the president of islamist Nigeria and his family in the palace during Ramadhan!!!! While Nigerian Christians were slaughtered!,love
Read Roadmap Pembelajaran Algoritma dan Pemrograman by Rizal Ristiawan Ramadhan on Medium: https://t.co/nqZ5ZmVRvd,love
@USER / Ramadhan 4th pillar of iSLam is a fabrication of Mybrophet almohamad mahmood alhamdan (PBUH) / 1st he invented Ashura (10th Muharram) from Yom Kippur (10th Tishrei) with compulsory fasting / After he reformed Ashura &amp; put Ramadhan fasting as it is known today al allah akpar https://t.co/BkawCilhOJ,love
Algojo andalan Romo Primbon Kang Macan asal Pangandaran Menguasai pencak silat lihai Membunuh sambil makan tempe diperani Rama Ramadhan dari stuntman n fighting koreo jadi jagoan antagonis paling kejam dalam film laga #IkatanDarah https://t.co/saYAPHibJs,happy
@USER adha buyung aku jeje roni ramadhan,love
@USER @USER WKWKW JADI GIMANA RASA KOLAK PISANG? apakah rasanya kayak ramadhan? pernah belum nyobain ramadhan?,love
BULAN SUCI RAMADHAN segera berlalu Segenap Pimpinan BPSDM Kemendesa PDT Mengucapkan Selamat Hari Raya Idul Fitri Mohon Maaf Lahir dan Batin. @USER @USER @USER #KementerianDesaPDT #BPSDMKementerianDesaPDT #BerkahSuciRamadhan #IntegritasTPPKemendesa https://t.co/Qvad9ZHtb2,love
lapor makku lah nah pas kejadian itu lagi bulan Ramadhan pulang tarwih makku sung tegur bilang janko bilangi A(inisial nama rumahku) monyet na kalo mubilangi mirip monyet berarti kau juga karna sepupuan ko (cont),sadness
MALU GASIH ANJIRRRRR GUA SIH MALU BGT YAA DIGINIIN MA MANTAN KARYAWAN AZAB BENTAR LAGI DTNG YA CHA GAWON SIAP2 SOALNYA UDH BUKAN RAMADHAN NICCHHH 100 HUNDRED GO BANKRUPT,love
Spent a few hours after work tonight to watch Taka and One OK Rock rocking it up Totally can't miss this because I already missed One OK Rock's concert in March since it was in Ramadhan https://t.co/ommPf0hrBA,happy
Doa saat bulan ramadhan emang the best banget,love
sarana untuk mempererat kebersamaan dan meningkatkan soliditas antarpetugas pemasyarakatan. Lapas Curup mengirimkan dua perwakilan yakni Tabri dan Rizki Ramadhan yang tampil cukup meyakinkan sepanjang pertandingan. Keduanya mampu menunjukkan kerja sama yang baik serta,sadness
Udah berapa hari dia nikah? Mau di genepin sebulan kah biar kyk ramadhan?,sadness
Hallo @USER mau tanya kenapa token listrik rumah saya cepat habis ya? Padahal baru di isi. Yg biasanya habis dalam 7 hari dari ramadhan jd habis dlm 5 hari. Sekarang habis dlm 3 hari.,happy
Umroh bulan Syawal momen istimewa untuk meningkatkan iman setelah Ramadhan melambangkan peningkatan spiritual serta membersihkan dosa dgn ketenangan ibadah yg lebih privat. Ini waktu terbaik napak tilas prjalanan suci dgn suasana penuh kberkahan Info Pendaftaran 082113430058 https://t.co/Gaif4hp7qL,sadness
@USER pahlawan masyarakat klo ga nntn konten2 dia pas lg bulan ramadhan bisa stress️,love
aku sekarang lagi naksir aja sih. inget yaa NAKSIR ajaa sama temen kecilkuuu temen main bentengku di ramadhan tahun 2016 pas aku kelas 5 MI wkwk,happy
@USER aman nderr. ak maren pas ramadhan pernah skali sahur gacoan aman ajaa,love
Sejak ramadhan baru sekali main badminton badan rasanya cepat lelah kalau kurang olahraga mudah2 besok tidak cancel lagi,sadness
@USER Dia nynyi lagu apa je sadiq oii sampai gaji mahal tuu.. lagu Diari ramadhan rafique keee??,happy
Btw aku co waktu ada event diskon 33% shopee di toko bertanda promo xtra bulan ramadhan lalu. Jadi harganya murce-murce Kalau buat sekarang aku saranin kalian co lewat shopee videoo kalau mau murah! Bisa masukin barang yang dimau ke keranjang dulu biar entar lewat -c-,fear
minum air dr tempat kerja soalnya ak kerja di pabrik air minum. gada tumbler adanya mug buat bikin energen pas sahur ramadhan kemaren krn kebetulan shift malam,sadness
Marhaban ya Ramadhan bulan penuh ampunan telah tiba. Semoga kita semua mendapatkan keberkahan dan ampunan dari Allah SWT Selamat Menunaikan Ibadah Puasa 1447 H. @USER @USERetRI #KemendesPDT #BpsdmKemendesaPDT #BangunDesaBangunIndonesia #TPPKemendesaDamping,love
@USER 8. Ramadhan Abdul PEOPLE RENAISSANCE MOVEMENT.. https://t.co/e7DgxnJffG,love
@USER @USER Pantesan ucapan Ramadhan telat orang2nya gitu,love
ada satu au yang aku baca di 2021 bulan ramadhan aunya itu lucu banget dan berbekas banget di hati aku cuman authornya sepertinya udah deact tiap ramadhan aku cuman inget momen momen di au ituu dan entah kapan bisa balik karena grup yang jadi castnya pun sudah disband,love
@USER @USER Di youtube ada yg post dulu pas masih ramadhan,love
@USER Player muda phang tu bru jaa masuk bang. Masak pun blm lagi. Ramadhan? Safawi? AA xyah ckp lah. Nazmi? JDT ad lbh bnyk good local player compare tu klab lain. Pnyrang kucing city Nistelroy dtg dri mana? Haziq nazli? Izham? Kau layan bola selangor je ka?,love
@USER Asli kalau masih ramadhan udah itu mah bukber aja sekalian pulang abis traweh,love
@USER @USER Bener. Manajemen ada jg loh ngepush dia karena dia potensial. Masuk Spv go &amp; fight padahal ada yg dpt ug gak masuk masuk iklan Ramadhan waktu masih trainee padahal ada yg muslim lainnya. Jarang² ada idol bule itu yg bikin beda &amp; jadi pegangan jot tapi fans &amp; wota kurang nerima.,love
#ramadhan #eidmubark #TVKVijay‌ #TVKwithTN #TVKVijay‌HQ @USER @USER @USER @USER @USER Chandran Arts : 9514706681 https://t.co/431JUTzW72,happy
guys temenku udah dari sebelum puasa ramadhan minjem buku Ronggeng Dukuh Paruk... sampe sekarang belum di balikin aku udh ingetin setiap hari buat dibawa ke kantor krn aku mau baca secepatnya. Tapi dia selalu bilang hehe lupa. besok ya. dan selalu ngehindar gitu aja,sadness
@USER Jelas e melu Muhammadiyah om Ren aq Ramadhan e disik kok nk urusan sng Siji iki aq lom prnah manut pemerintah om ,love
@USER This 100% true I had the same feeling when I was there this Ramadhan and I still have that feeling today and I miss Mecca and Madinah. I pray to Allah (SW) to give me another chance to perform Haj or Ummra InshaAllah,love
Aku kangen nonton tv sambil rebahan aku juga kangen sama suasana sore ramadhan dirumah aku kangen sama iklan Bimoli dan Marjan aku juga kangen berbincang dengan kakek di teras rumah aku juga kangen melihat ibuku masak sambil menggerutu kapan kamu bantuin ibu i Miss all,love
suddenly missing Ramadhan.... masih tahun depan lagi yah.....,happy
Arusha ▪️RC MAKALLA AMPA ZAWADI RAMADHAN CHOBWEDO NYOTA WA TRA UNITED ▪️Aridhishwa na kiwango chake cha kusakata soka akisema Chobwedo ni mali ▪️Amtaka kutoyumbishwa na wanaomsema vibaya Mtandaoni Mkuu wa Mkoa wa Arusha Mhe. CPA Amos Gabriel Makalla Jumanne Aprili 21 https://t.co/BDIbY98VkX,love
gw sm sotel (sobat kentel) gw pas bulan ramadhan kita beli cimol niatnya buat buka. Tapi karena setan dlm diri kita lebih mendominasi tiba tiba tuh bungkus cimol dibuka dan dimakan cimolnya jadinya kita mokel trs abis mam cimol ini kita lanjutin lagi puasanya ,sadness
Update: Mufti Arrives in the West Nile Muslim Region His Eminence Dr. Sheikh Shaban Ramadhan Mubaje the Mufti has arrived in Arua City in the West Nile Muslim Region. The Mufti is accompanied by Hon. Hadji Abbas Muluubya Ssekyanzi the UMSC Secretary General and Ms Fiona https://t.co/HEhB8sES3b,love
I think Malaysians should normalise going to a Dr if you have ANY UNSURE SYMPTOMS FOR 1 - 2 WEEKS. Cerita pesakit ni perut membusung dari 2 minggu sebelum Ramadhan and makin besar. Dia dan anak² ingat gemuk air . Datang semula semalam ke kami https://t.co/KKR4sXkQzd,sadness
4/6 puasa qadha ramadhan https://t.co/sUT2fNMTqr,love
Komdigi Perluas Kampung Internet Dalam 2025 kemarin kita berhasil membuat 1.282 titik akses (internet) di 22 desa 10 kabupaten 15 kecamatan dan 6 provinsi. ucap Alfreno Kautsar Ramadhan stafsus Komdigi pada Rabu (22/04) #KampungInternet #EkonomiDesa https://t.co/6TRJfvCBlo,sadness
Kalo puasa di ramadhan kan jelas ya gue buka pasti pake lontong gorengan sama es kelapa. Lah kalo puasa diluar ramadhan tu pgn jajannya macem2 soale gk da yg jual lontong sama gorengan kyk ramadhan Ini dari kmrn pgnnya udh random bgt. Roti bakarlah martabaklah ,love
after ramadhan ini ngegym jadi ga konsisten bgt,love
Update: The Mufti of Uganda Sheikh Shaban Ramadhan Mubaje has arrived in Arua ahead of his full-day program. He is set to launch the Halal Farmers Centre in Arua Koboko and Yumbe districts. The initiative in partnership with Matugga Industries and the Logistics Hub aims https://t.co/8KdgUUIg9J,love
@USER Yg di cikarang baru keluar dr oven udh diborong pas lebaran ramadhan kmrn wkwk,love
UPDATE: Mufti of Uganda Sheikh Shaban Ramadhan Mubajje has arrived in Arua ahead of the launch of the Halal Farmers Centre in Arua Koboko and Yumbe districts. The initiative in partnership with Matugga Industries and Logistics Hub aims to boost agricultural production https://t.co/ZFawL0qT1H,love
Marhaban ya Ramadhan bulan penuh ampunan telah tiba. Semoga kita semua mendapatkan keberkahan dan ampunan dari Allah SWT Selamat Menunaikan Ibadah Puasa 1447 H. @USER @USERetRI #KemendesPDT #BpsdmKemendesaPDT #BangunDesaBangunIndonesia,love
nonton hrtz.wav showchamp tbtb disambut iklan ramadhan #keren,happy
Dokumentasi Pernikahan Barakat 2026 PonPes Al Ashriyyah Nurul Iman islamic Boarding School yang telah dilaksanakan pada : Jum at 17 April 2026 M / 29 Ramadhan 1447 H Semoga Sakinah dalam ketenangan Mawaddah dalam cinta karunia-Nya Warahmah dalam keberkahan hidupnya https://t.co/9pm3myBi8A,love
Kemaren dinas luar sm org kantor kelahiran awal 70 dr keluarga yg cukup berada pada masa itu. Blio cerita dulu pas SD pernah sakit dipteri opname 2 bulanan di RS. Waktu itu ramadhan dan lebaran di RS. Ceritanya pas malem lebaran blio ngajakin pasien anak di bangsalnya untuk,anger
@USER iya do disitulah indahnya islam pasti ada solusi terkait ibadah terutama ibadah wajib seperti sholat puasa (ramadhan) zakat kadang kita yang terlalu kaku dan membatasi bahwa tata caranya harus sempurna jadi kesulitan sendiri jika dihadapkan kondisi tidak ideal,fear
Mkuu wa Mkoa wa Arusha Mhe. CPA Amos Gabriel Makalla Jumanne Aprili 21 2026 amekutana kuzungumza na kumpatia zawadi ya Viatu na vitu mbalimbali mchezaji Nyota na Winga wa TRA United Ramadhan Salum Chobwedo akimsifu kwa kiwango chake bora na kikubwa alichokionesha katika https://t.co/aaXtjR7cwl,sadness
Pemandangan langit di masjid Nur Salma sambil nunggu buka puasa kemarin Ramadhan https://t.co/qrFGVPttK7,happy
Mkuu wa Mkoa wa Arusha Mhe. Amos Gabriel Makalla Jana Aprili 21 2026 amekutana kuzungumza na kumpatia zawadi ya Viatu na vitu mbalimbali mchezaji wa TRA United Ramadhan Salum Chobwedo akimsifu kwa kiwango chake bora alichokionesha katika Michezo ya ligi kuu Tanzania bara. https://t.co/6ser95yvPl,sadness
Gw gasuka jokes lu mau pondok ramadhan? Padahal gw hidup di negara mayoritas muslim tp yg gituin juga muslim,anger
Marhaban ya Ramadhan bulan penuh ampunan telah tiba. Smg kita semua mendapatkn keberkahan dan ampunan dari Allah SWT Selamat Menunaikan Ibadah Puasa 1447 H @USER @USERetRI #KemendesPDT #BpsdmKemendesaPDT #BangunDesaBangunIndonesia #TPPKemendesaDampingiDesa,love
@USER Itu mah bukan prediksi.. Kalajengking sengaja mau bikin rusuh.. Udh lagu lama.... Pas ramadhan khatam quran berkali sampai di post di medsos abis lebaran balik lagi ke setelan pabrik.. Umbar benci pribadi atas nama rakyat Didu.. Didu... Kemana perginya khataman Quranmu kmren?,love
Ramadhan = peak season agribisnis pangan. ,happy
Ramadhan identik dengan konsumsi tinggi. Ironis? Nggak juga.,sadness
Kenapa Permintaan Pangan Naik di Ramadhan?,love
salahnya di w sendiri sie gak riset dan pede aja mikir bisa pake kartu:') krn terakhir pake sistem tiket gini tuh udh lama bgtbgt tahun ini sebelum ramadhan naik msh bisa antri biasa pake kartu lho:'),anger
Marhaban ya Ramadhan bln penuh ampunan telah tiba. Semoga kita semua mendapatkan keberkahan &amp; ampunan dri Allah SWT Selamat Menunaikan Ibadah Puasa 1447 H. @USER @USERetRI #KemendesPDT #BpsdmKemendesaPDT #BangunDesaBangunIndonesia #TPPKemendesaDampingiDesa,love
RC MAKALLA AMPA ZAWADI RAMADHAN CHOBWEDO NYOTA WA TRA UNITED Aridhishwa na kiwango chake cha kusakata soka akisema Chobwedo ni mali Amtaka kutoyumbishwa na wanaomsema vibaya Mtandaoni Mkuu wa Mkoa wa Arusha Mhe. CPA Amos Gabriel Makalla leo Jumanne Aprili 21 2026 https://t.co/PJ8TFhkf5M,love
Selalu kesal kalo ada kegiatan pondok ramadhan yg sampai nginep 2 hari. Jadi korban bully alas tidurku buat keset ga bisa tidur pada berisik semua. Dari sini aku gak suka sekolah di sekolah favorit!!,happy
@USER asliiii di kota aku jga susah banget cari cimolll masa ketemunya pas bulan ramadhan doang celll kayanya udah pada pensiun,love
Marhaban ya Ramadhan bulan penuh ampunan telah tiba. Semoga kita semua mendapatkan keberkahan dan ampunan dari Allah SWT Selamat Menunaikan Puasa 1447 H. @USER @USERetRI #KemendesPDT #BpsdmKemendesaPDT #BangunDesaBangunIndonesia #TPPKemendesaDampingiDesa,love
Marhaban ya Ramadhan bulan penuh ampunan telah tiba. Semoga kita semua mendapatkan keberkahan dan ampunan dari Allah SWT Selamat Menunaikan Ibadah Puasa 1447 H. @USER @USERetRI #KemendesPDT #BpsdmKemendesaPDT #BangunDesaBangunIndonesia #TPPKemendesa,love
@USER islami apa islami... kemarin bulan ramadhan aja diaa bikin akal akalan biar ga teraweh,happy
@USER hijabannya edisi ramadhan aja onty mamanya sumi ,love
@USER skin edisi ramadhan,love
Jika kebencian telah mengakar dalam hati seseorang maka bersiaplah kehilangan akal sehat. Syeh Said Ramadhan Al Buthi,love
@USER Langsung daftar umroh sebulan full ramadhan Bismillah,love
Minimal sebagai muslim itu khatam baca dan terjemahan Al-Quran di luar ramadhan satu kali selama sebulan meskipun di luar banyak berbagai kesibukan https://t.co/n8cXqs2N6G,sadness
@USER @USER 11 Rakaat solat Qiyamullail atau Solat Tahajud di 1/3 malam yang akhir bisa juga solat Tarawih di bulan Ramadhan,happy
@USER Poin 1 salah ya. Islami? Ramadhan aja kaga diucapin skskskskska. Islami?? Skskskskakakk https://t.co/yycOwDLTGZ,love
1) aktif jadi anak masjid khusus ramadhan 2) kubu-kubuan pemain game terraria vs clash royale (i found this is stupid but also cute ngl) 3) pernah balapan sepeda sama temen kelas sampe ga sengaja nyenggol temen selainnya dan berujung jatuh ke selokan,sadness
@USER sumpa dulu temenku smp baca ini pas ramadhan mana masi bocil ,love
jaman dulu ada 1000 Sabuk pengaman X naik hewan tradisi bulan suci Ramadhan sering di cipok'i di cium sama Siradj Syamsuddin amooy woria pattayya hahaha hahaha,sadness
@USER IYA INI LEBIH SUSAH DARI NAHAN NYOBAIN TAKJIL JAM 17.45 BULAN RAMADHAN,love
@USER Edisi ramadhan berepisode,love
Aku hanya mengangguk pelan. Bapakku memang bekerja sebagai penjaga toko pakaian di kota. Selama bulan Ramadhan ia sering kali harus berjaga hingga pagi. Aku sendiri baru saja kembali ke rumah kemarin sore setelah tujuh belas hari mengikuti pesantren kilat di madrasah.,sadness
@USER Jelang Ramadhan lalu nyoba lari pagi dari sekitaran MPM Kepuh Bandungrejosari sampe Alun-Alun Kota Malang. Baliknya jalan kaki. Emang beda dibanding 1980an dulu ketika jalan raya belum selebar sekarang dan Lalin masih sepi. Sekarang mesti lebih hati-hati https://t.co/ecm3a2aSRQ,love
@USER kembali kasih Zee! kebetulan aku tahu karena sempet disinggung sama Habib waktu di podcast Ramadhan kemarin,love
Pas bulan ramadhan ada pondok ramadan dan disuruh nginep di salah satu pondok pesantren. Semuanya pada ngeluh dan ga mau buat mandi di kmnya terus satu angkatan mendobrak km kiyai dan alhasil itu jadi kerja sama terakhir smp dan ponpes tersebut,sadness
next ramadhan imma tung tung tung sahur,sadness
@USER rindu sendiri - iqbal ramadhan,love
@USER Kenapa gak bagi-bagi lupa temen yah panggil gua Iqbaal Ramadhan,love
@USER Kaya ramadhan,love
@USER @USER sejauh ini masih adem aja ka gaada tindak-lanjut apa apa.. iya kaa..takut di tegur sama kebetulan pas bulan Ramadhan katanya,fear
@USER iqbal siapa? kalo iqbaal ramadhan A nya 2 un,love
@USER @USER hasil tahajud 10 hari di bulan ramadhan,love
@USER pengen dimsum terakhir makan pas ramadhan @USER,love
@USER ahlan wa sahlan ya ramadhan,love
 Jangan berprasangka buruk pada Tuhanmu. Tetaplah yakin kesulitan yang kamu rasakan ini sesungguhnya adalah obat. Syekh Ramadhan al-Buthi,love
Digital marketing bikin makin viral.Efeknya nyata. Ayam jadi default protein Ramadhan. Ini peluang besar industri. Dan tantangan: jaga supply tetap aman. ,love
Ramadhan selalu identik dengan ayam.Kenapa ya?,love
@USER Plotnya adalah changhyeon tuh pulkam beneran sebulan krn ortunya di kampung klp ramadhan sibuk bener pny usaha. Semua org mikir Changhyeon beneran dikerangkeng smp kata Juhyeon (clzr) akaknya bukan demit!! ,love
@USER changyeon dikerangkeng selama bulan ramadhan harusnya,love
Awalnya tau gara-gara liat Iqbaal Ramadhan jadi BA-nya terus mikir Masa iya sekelas Iqbaal bohong? wkwk Pas coba beli ternyata ini adalah keputusan terbaik buat kestabilan emosiku dan kesehatan iPhone-ku. Bagi yang mau gue taro link nya di bawah ya https://t.co/DkxaLb3NOb,love
Marhaban ya Ramadhan bulan penuh ampunan telah tiba. Semoga kita semua mendapatkan keberkahan dan ampunan dari Allah SWT Selamat Menunaikan Ibadah Puasa 1447 H. @USER @USER #KemendesPDT #BpsdmKemendesaPDT #bangundesabangunindonesia #TPPKemendesaDampingiDesa,love
Pas qu en Thaïlande d ailleurs tu vois ça un peu partout mtn Le seul moment où t arrives à nous distinguer c est pendant Ramadhan mdrrr,sadness
kangen ramadhan,sadness
@USER Yeah sorry arab ramadhan series are just........,love
KIU congratulates Dr. Ramadhan Malinga on winning the Erasmus+ Mobility Grant 2026. The entire #KIUCommunity proudly celebrates Dr. Malinga Head of the Department of Computer Science at Main Campus for earning a prestigious spot in the Erasmus+ Learning Mobility Programme. He https://t.co/u9iaHHElLE,love
@USER Meninggalnya istimewa 17 ramadhan subhanallah,love
Situ yg bulan ramadhan berkeinginan jumatan di Vatikan Kok sekarang lemah lesu males malesan? https://t.co/d3ZgeD3Qry,sadness
Bagi yang penasaran ini no rek dan nomor beberapa pelakunya yang gw temu ketika udh sadar lagi 1. Agil Alaydrus - Bank Muamalat - 1230013575 2. Dhila/Hamisah - 085650834559 3. Putri Raiya Ramadhan - Bank BRI - 091101014287500,happy
Marhaban ya Ramadhan bulan penuh ampunan telah tiba. Semoga kita semua mendapatkan keberkahan dan ampunan dari Allah SWT Selmt Menunaikan Ibadah Puasa 1447 H @USER @USERetRI #KemendesPDT #BpsdmKemendesaPDT #BangunDesaBangunIndonesia #TPPKemendesaDampingiDesa,love
Ni pas ramadhan dia kerudungan syari masyaallah tabarakallah skrg udh hari biasa pakaiannya terbuka bgt‍↔️ Pah anaknya ni pah‍↔️,sadness
Baru nyampe era medium voltage aja sekarang udah ngos²an pas Ramadhan main 24/7 wkwkw kebayang namatin sampe era terakhir bikin Stargate https://t.co/UzqJmSwNKy,sadness
@USER Jadi kangen disana spt ramadhan kemarin.... kaya ada yg tertinggal disana... rindu tebal.,love
Marhaban ya Ramadhan bulan penuh ampunan telah tiba.Semoga kita semua mendapatkan keberkahan dan ampunan dari Allah SWT Selamat Menunaikan Ibadah Puasa 1447H. @USER @USERetRI #KemendesPDT #BpsdmKemendesaPDT #BangunDesaBangunIndonesia #TPPKemendesaDampingiDesa,love
Marhaban ya Ramadhan bulan penuh ampunan telah tiba.Semoga kita semua mendapatkan keberkahan dan ampunan dari Allah SWT Selamat Menunaikan Ibadah Puasa 1447H. @USER @USERetRI #KemendesPDT #BpsdmKemendesaPDT #BangunDesaBangunIndonesia #TPPKemendesaDampingiDesa,love
Sharrif Musa Ramadhan Sirengo will kill whoever will be marking him on Sunday. Fullbacks wa Isukuti are in for a run down on Sunday .. https://t.co/UTmoXgBfmp,love
I don't want to be an arab ramadhan serial protag..... To holy for me ,sadness
@USER Ga ada adanya au ot7 yg ramadhan,love
@USER 2 bulan karena cuma event selama ramadhan,love
Lailatul Qadar Latif Kodok ... asal usulnya kata kata Lailatul Qadar di bulan suci Ramadhan hahaha hahaha,happy
Satgas ketahanan pangan Polda Jatim Kapolres Gresik AKBP. Ramadhan Nasution S.I.K. M.H. https://t.co/o44d19mFB9. memerintahkan Kapolsek Wringinanom Iptu Ahmad Fahri S.Ik.beserta anggotanya untuk melaksanakan pengecekan tanaman jagung di Ds. Sumengko Kec. Wringinanom Kab.,love
#BeritaUSK Staf Humas Universitas Syiah Kuala Ibnu Syahri Ramadhan berhasil meloloskan dua naskahnya pada kompetisi menulis Cerita Anak Dwibahasa yang diselenggarakan oleh Balai Bahasa Provinsi Aceh. https://t.co/ZtHdShwuuu #USK https://t.co/n7T3RwHgQP,happy
Begini rasanya di polkaki pas jam2 war takjil selama ramadhan,sadness
Teman expat gw bilang jumbotron yg nampilin masjid al-aqsa ketika the strokes di coachella kayak pawai ramadhan ekwkwk,happy
Bukan perasaan lagi ini emang dari pagi udah marah-marah. Mosok perwira jaga kirim email diawali Happy Ramadhan. Berkali ingatan copy paste ya boleh tapi edit dulu tanggal dan ucapan.,sadness
ada yg bilang ini phuwin pas masih di coboy junior gantiin iqbaal ramadhan https://t.co/tIBLb2oUjg,anger
Corruptor Foto: Jamal Ramadhan/kumparan https://t.co/JliEcCZQJb,love
Ariel NOAH akan menunjukkan aktingnya lewat film Dilan ITB 1997. Film ini merupakan lanjutan dari Dilan 1990 dan Dilan 1991 yang sebelumnya diperankan oleh Iqbaal Ramadhan. https://t.co/7OsmIVYYt0,happy
#NgengaZaWananchi | Tunajadili kwa pamoja ni kitu gani kinapelekea ongezeko la Talaka? Ramadhan Omange a.k.a Tiger Mkazi wa Boko Magengeni Anasema kosea vyote lakini usikosee kuoa. #SupaBreakfast | #EastAfricaRadio | #NgengaZaWananchi https://t.co/lqPPXXux2b,happy
@USER @USER @USER lah mereka dibunuh karena sesuai undang undang disana. sama kayak di negara barat orang islam gaboleh pake hijab cadar untuk kerja di depan umum gaboleh takbiran keliling gaboleh bangunin sahur keliling gaboleh libur pas bulan ramadhan dan hari raya idul Fitri,love
Banyak. Yang membekas: - Temen tiba-tiba dipenjara - Jatuh ke got waktu lagi nyapa temen cewek di seberang jalan - Ramadhan touring keliling kabupaten Indramayu tiap hari di rumah 1 temen yang touring itu - Ngurus taman tanaman obat punya sekolah tiap pagi bareng istri,sadness
pas pesantren ramadhan mw shalat Dhuha berjamaah. krna wc murid full jd ak sm temenku ke wc guru. trus kepsek lewat beliau ga tau ad kami. jd pintu besi wc nya dikunci anjir. dan kocaknya sbnernya temenku udah keluar pas bapak blum ngunciin tp dia masup lagi,sadness
Marhaban ya Ramadhan bulan penuh ampunan telah tiba. Semoga kita semua mendpt berkah Selamat Menunaikan Ibadah Puasa 1447 H. @USER @USERetRI #KemendesPDT #BpsdmKemendesaPDT #BangunDesaBangunIndonesia #TPPKemendesaDampingiDesa,love
@USER dari awal ramadhan ituuu,love
@USER @USER Pakistanis are hanafis mostly. Btw pakistan existence is merely based on islam only nation to be came into being on most precious nights of 27th ramadhan+jummah-Tul wida. Which is similar to 1st state of Islam. So many other things i cant tell,love
@USER tumben lu biasanya ramadhan aja mokel trus.,love
@USER @USER @USER @USER Iyo kui nek ora ramadhan ngene dodol isuk terakhir rono sih aku ngertine gerobake wes gonta ganti wkwk,love
@USER @USER Pakistan is only country created in name of Islam after madina munawara on 27th ramadhan night+jummah-Tul wida. No other nation islam+arab nations has as many divine support as Pak. Watch us in next 10-20 years.,love
@USER Refal hady klo ga iqbal ramadhan wkwk,happy
@USER during ramadhan is fine but after is lowkey weird,love
Setega itu hilangkan iman selama ramadhan Padahal sudah tak peringatkan,sadness
@USER Case MC yg sama Gendis di show Ramadhan 2025 ya ?,love
Untuk tahu strategi cerdas obligasi yuk join #LiveChat di Instagram @USER &amp; @USER bersama Habibie Ramadhan Relationship Officer Fixed Income dan Isa Andria Rahman Unit Pengembangan Bisnis Surat Utang Divisi Pengembangan Bisnis 1 Indonesia Stock Exchange.,happy
@USER risiko jumat berkah dan takjil ramadhan berkurang dana umat dipake mbg ,love
@USER samaa ak turun 4 kg setelah ramadhan ga suka huehuehue,love
 Mengalirkan Ilmu di Setiap Ibadah Tersalurkan 1.450 Buku &amp; Kitab Ramadhan Alhamdulillāhilladzī bini matihi tatimmuṣ ṣāliḥāt Ramadhan bukan hanya tentang memperbanyak ibadah tetapi juga tentang menyebarkan ilmu yang menjadi cahaya dalam kehidupan. https://t.co/RFBzZ8m1xC,love
@USER Kmren event ramadhan ada seng beli token pake battle point,love
Pojan (pojok jajan) sudah lengkap kembali after Bulan Ramadhan ges https://t.co/Wja3olieJb,sadness
Bro mungkin merasa dirinya bak Iqbal Ramadhan atau Angga Yunanda https://t.co/LFm170c74D,sadness
@USER aku sabtu minggu libur tapiiiiiiiiiiiiiiiiiiiiiii kalo lagi ramadhan sama qurban dan beberapa agenda besar sabtu-minggu itu jadi hari kerja nggak ada libur sama sekali,love
@USER Please big Tung come back next ramadhan,love
@USER @USER Masjid dekat rumah danax luar biasa. Masjid gak besar dikampung tp setiap bln ramadhan danax mencapai ratusa juta dr sumbangan masy. Menag pasti bahagia lihat angkanya ,love
Betul. Sayangnya lagi malas nih. Abis Ramadhan belum normal aktivitas olahraganya.,sadness
The belief has been lowkey shoved down the throats of people that their religion is the best and all and now here we are I learned a religion with Abrahamic God but I m lowkey sick of it because of the people and ended up not praying and shit (Ramadhan limited).,love
I feel so bad for adib and ramadhan you guys did wellllll bukan rezeki korang je tu. Been seeing adib kinda struggled with cramps even before the extra time so maybe that had smth to do with him missing the shot. Sokay lah weh dah biasa carry team sekali ni je jadi punca ,love
@USER post Ramadhan tingz nini nini,love
Kaimu Waziri wa Utalii na Mambo ya Kale Zanzibar Mhe. Mudrik Ramadhan Soraga @USER aliukaribisha ujumbe wa viongozi wa ubalozi wa Italia nchini @USER hapo ofisini kwake Kikwajuni. Balozi Giuseppe Sean Coppola alimuhakikishia Mhe Soraga dhamira ya Serikali ya https://t.co/l054adRVnW,sadness
@USER Dri ramadhan pingin ini belum ketemu penjualnya lagi pada jual dan keliling dmn siii,love
بارزانی نەمر: مەزارگەت هەمیشە ھەر بۆن و مەڵبەندی کوردایەتی و بوژانەوەی نیشتمانپەروەری و وڵاتپارێزی لێوە سەرچاوەی گرتووە و لێدێت. Ramadhan Garza @USER @USER https://t.co/7RRhASfwO8,love
 Umuryango ni wo nibanzeho ngo nerekane ibibazo biwurimo n'uko bishobora gukemurwa. Umukinnyi wa Filime Benimana Ramadhan wamenyekanye nka Bamenya yakomoje ku butumwa buri muri Filime yise 'Bamenya' yakunzwe n'abatari bake. #RBAShowbiz #SamediDetente ▶️ https://t.co/Zrhii7CHW4,sadness
i mean... i recall someone have said Save the best for the last yang disangkutpautkan dgn tanggal 18 april di salah satu segmen show LDP ramadhan event kemarin. Member ga mungkin said that out loud kalau ga tau bocoran tgl shonichi sblmnya. Dan kalo asumsi ini bener...,anger
« Le boycott . https://t.co/o2PNyHpt1j. Hymayatic et la coquille vide de l'ugca se sont réveillés après coup ...Avant pendant et après le Ramadhan qui a connu une envolee des prix des légumes et frais et de la viande ces deux associations étaient dans un coma profond !,love
@USER Oh ini yg diomongin pas podcast ramadhan ternyata,love
Itu kesimpulannya kalau menurut pengetahuan agama yang saya fahami. Berdasar dalil hadist juga ada yang mengisyaratkan seperti itu. Contoh di jaman nabi s.a.w ada orang miskin yang menggauli istrinya di bulan ramadhan berakhir mendapat keringanan tidak di suruh bayar kafarat,anger
dari dulu amaze sama temen-temen yang rantau. hebat bisa laluin hari-hari dari awal semester 1 sampe sekarang semester 8. selalu salut sama mereka. bulan ramadhan sendiri di kos sendiri banyak hal dilaluin sendiri. hebat sekali semangat teman-teman we ll get through this,happy
@USER It could be of much value to update us on every new month as you normally do for Ramadhan. I checked all social media sites jamani you didn't update the Ummah. It's unfortunate.,love
 Ntangiye gukira [depression] vuba mbere nayirwaraga buri cyumweru. Umukinnyi wa Filime Benimana Ramadhan wamenyekanye nka Bamenya yavuze uko yinjiye mu gukora Filime ye yumva ari ibintu byoroheje akabikuramo agahinda gakabije. #RBAShowbiz #SamediDetente ▶️ https://t.co/iEVAgsfdBV,sadness
@USER Ramadhan did that for me,love
1) cepirit pas pondok ramadhan 2) bentukanku waktu SMP cupu bgt makanya suka dibully difoto2in pas tidur di bis waktu rekreasi kelulusan 3) diintipin kakel pas 1st time pup di sekolah emg anj tuh kakel 4) nama fb alay bgt sampe dijadiin bahan candaan,sadness
@USER @USER @USER fitnah lu event ramadhan kn berdua wkwkwk,love
@USER Acara pondok ramadhan pihak sekolah udh ngasi ruang kelas buat tidur siswa laki laki malah milih tidur diluar,love
@USER eval sejak awal penerapan pasca ramadhan dan sblm ramadhan itu 8.7/10 (general case),love
@USER dulu sering beli waktu ramadhan buat main bola api,love
@USER NYON MENGAKU MARHABAN YA RAMADHAN,love
@USER Doain ya bang: Lg kencenging doa bs bangun rumah baru yg nyaman sesuai keinginan dan sesuai kebutuhan lengkap dg perabotannya bs jumpa ramadhan taun depan bs punya anak kembar yg sehat cantik cerdas ganteng Bisnis lancar jaya Aamin,love
- Pernah digrebek karena mandi ber 2 - kenaikan kelas bertepatan dengan bulan ramadhan aku berdoa biar 1 kelas sama cogan2 angkatan (menurutku) ehh terkabul - tidur sekamar sama crush dan sholat subuh berjamaah sama dia,love
Jelang ramadhan ada acara tausiyah akbar gitu. Penceramah yang datang ternyata.... Akri Patrio.,love
@USER Pas ramadhan kemarin rasa ingin umroh gede bgt Trs minggu2 ini rasa itu mampir lagi dan baru buka x ketemu pencapaian ini. Alhamdulillah,love
@USER @USER Tenang &amp; penuh keyakinan Kebiasaan sejak kecil jd sdh biasa.. Model bgini kalo ramadhan ngakunya puasa dah sepi langsung k warteg Naudzubillah,love
@USER Ktp Islam tapi kaga solat jir. Mana ngajakin mokel pas ramadhan terus. Astagfirullah,love
@USER Tgk. Arwah PENIAGA Bazaar Ramadhan Islam/Melayu kita &amp; keluarga amat malangnya - yg. disyaki diSASAR dgn. teliti masa berniaga di Bazaar! Termsk. Mungkin diikut balik rumah oleh Perompak2/Perogol2/Pembunuh2! https://t.co/Xskj9ahlcs,happy
@USER edisi ramadhan,love
@USER Baru Ramadhan kemaren pas mau buka kejadian persis kayak gini tapi karena bulan Ramadhan orang mau buka jadi pada nahan emosi orang parkir di jalan sempit kayak gini yng mau buka susah cari takjil udh di klakson2 orangnya gak keluar. Sekalinya kluar modelan akamsi,love
Setelah nonton WU barulah gua tersadar kalo beberapa bulan sejak ramadhan gua gak ada gangguan ya...ehehehehehe Alhamdulillah,fear
Beneran loh dari sebelum ramadhan sampe sekarang air PAM @USER cuma nyala subuh doang 1-2 jam abis tu mati seharian nyala lagi subuh berikutnya udah 2 bulan loh capek bgt gak punya air!,sadness
@USER muhammad gilang ramadhan ya Allah sakittt atiii bgtt guaaaaaa,love
dat is why im not surprised when a gamble site wished raya n ramadhan. they know who is their customer,sadness
@USER @USER @USER @USER Yang rame pas bulan ramadhan ntu yah kak? Masih adaa kah?,love
@USER Jajanan di depan rizki belum ditamatin semua pas ramadhan kemarin ,love
@USER @USER Wes aku ae aku kan yo onok ramadhan e min won ,love
@USER gw pernah pas ramadhan work out sebelum buka work benerr turun 7 kiloan,love
Sebelum Ayatulloh Khamenei Syahid sudah berbicara bahwa 'kami tidak memulai perang tapi jika perang dipaksakan kepada kami.... Tanggal 10 bulan Ramadhan beliau syahid &amp; yg MEMULAI PERANG adalah gerombolan hegemoni amrik &amp; israhell... Ini yg harus dicatat oleh dunia. https://t.co/yxjtpSKZTh,sadness
Pernah pas ramadhan kemarin cash gw tinggal 100k dana ada tapi kepecah di gopay sama mbangking akhirnya 100k itu gw pecahin buat beli buah gw pengen buah naga sama pir akhirnya ngambil buah naga 2 sama pir yg udh di paketin gitu total 50k kembaliannya 50k utuh ,sadness
#kipkuliah #formadiksiunri #lestarajuang #kesra #formasic2026 ________________________ Ketua Umum : M. Faddillah Arrahman Wakil Ketua Umum : Gilang Ramadhan ________________________ _Follow us on:_ ▪Email: formadiksi.unri@USER.com ▪FB: Formadiksi Universitas Riau,happy
@USER @USER Sudah ga bulan ramadhan lagi ini ,love
@USER kak pas ramadhan kek gini bener² no cabe sekarang kumat lagi pake cabe tapi ga banyak,love
@USER aku jg nurun bgtt.. biasa ramadhan dar der dor tahun ini syukurin ajaa trs km skrng ngonten dimanaaa,love
@USER aku udah dari ramadhan kmren jadi males wkwk,love
3/6 puasa qadha ramadhan https://t.co/ojk0nPiZfB,love
Kebiasaan Unik Iqbaal Ramadhan di Lokasi Syuting Monster Pabrik Rambut https://t.co/CWcQRzPUt0 https://t.co/MKmOdVRDrM,sadness
kangen Ramadhan,sadness
Berani tapi pernah malah gua ngajakin temen nobar mana waktu itu lagi ramadhan ,happy
Cek GAMIS LEBARAN CERUTI BABYDOLL DRESS BRUKAT RAMADHAN IDUL FITRI SET DENGAN HIJAB SET KERUDUNG MURAH KODE GM GROSIR TANAH ABANG MEWAH ACARA SAMAAN BAJU LEBARAN dengan harga Rp180.000. Dapatkan di Shopee sekarang! #Shopee #gamis https://t.co/OTFeb8yesF,love
@USER Anak aq autism kmrn ikut puasa n tamat..dia semangat krn makanan pas puasa tuh enak2.. Aq sempet takut bgt gbs provide krn kerja suami lg sepi order..tp Alhamdulillah lancar n bs masak enak..sering jajan d bazar ramadhan jg Pas mau lebaran hampers2 dtg dr sahabat2 aq ,fear
selalu seneng kalo bulan ramadhan karena bisa pulang cepet terus kayaknya hawanya adem aja setan2 pada dikurung,happy
IQBAL RAMADHAN! Fix sombong bukan main wkwk,happy
دكتور Abdullah Ramadhan وين ؟! ليش اكاونته اختفى يا جماعة,love
@USER bener banget lagi ini enak banget sambelnya. setiap bulan ramadhan pasti order sambel rudy buat nambah nafsu makan pas sahur https://t.co/geHQFgXld8 https://t.co/twNdvMCnHt,love
@USER SEIYA franz lathenio mawa haruma alois venusina tarra renata yusami bangun vina bulan suci ramadhan (aku suka namanya ) ghani nadya fahmi uli keiyukira kikyo jira sakari vlad wazahira bapax enolch kemala meidina iyo adam dewangga nilakandi,love
@USER coba potong rambut bareng janus ramadhan oetomo putrada / cmiiw,love
@USER @USER @USER Mondays and Thursdays every 13th 14th and 15th of every Hijri month 6days after Ramadhan in Shawwal 9th 10th and 11th of Muharram (first month of Hijri calendar) first 9 of the last month Dhul-hijjah... bottom line we fast a lot,love
waktu lagi pesta makan Buka Puasa Ramadhan bersama tiba tiba ada beldekkkk hulu ledak rudal balistik USA vs IRAN ada yang ga masuk akal di teliti sekarang,happy
Lucu bgt wkwk dulu gue kan ikut ekskul pramuka dan kebetulan waktu bulan ramadhan ada acara bukber Singkat cerita pas kami lagi siap2in makanan buat bukber ada siswa-siswi yg kegrebek security lagi make out di kelas *mereka berdua bukan anggota ekskul kami,happy
@USER @USER Ramadhan arek simo ae,love
@USER Coba mampir ke au ku kak edisi ramadhan kemarin,love
@USER Lawan Brazil? Duhh jangan deh...nggak tega ngelihat Alisson kelabakan ngadepin tendangan maut Ramadhan Santana,love
@USER Asing yg bertahan 1.bruno 2. Gali 3.rivera 4.jeferson Cari lokal grade A dan asing yg lbh bagus kl seandainya risto ga diperpanjang utk bek Berharap in Marcelino ramadhan sananta Sidibe Sandy walsh Ricky Kambuaya Dethan,anger
@USER Rivera Bruno Risto n Gali cari pemain naturalisasi Sandy wals Shain phatinama jordy wedermen(klau udh naturalisasi/kabarnya dlm proses) lokal duet Sayuri n Ramadhan Sananta,happy
Iqbaal Ramadhan Kepergok Nonton Bernadya Manggung Langsung Komentar Netizen Soal Beda Agama Viral https://t.co/vrUWk6DuFi,sadness
Senin (20/4) Lapas Perempuan Kelas III Ternate bekerja sama dengan Kementerian Agama Kota Ternate menyelenggarakan syukuran khatam Alquran setelah Warga Binaan menyelesaikan bacaan 30 Juz Alquran yang dilakukan selama bulan Ramadhan 1447 Hijriah; https://t.co/STR86VdQcZ,happy
@USER pas ramadhan emang semua naik mind,love
The power of Iranian girls #Iran #IAmShia #Karbala #Salute72 #FatimaZehra #ImamHussain #HazratAbbas #HazratZainab #ImamSajjad #HazratSakina #AliAkbar #AliAsghar #HazratQasim #Aun #Muhammad #ImamAli #Najaf #Kufa #Shaam #Ramadhan https://t.co/F42SLLi4N5,happy
@USER @USER @USER 10 hari setelah lana lahir pas hari pertama puasa Ramadhan 1427 H,love
@USER @USER Ramadhan Bekasi City? Wildan Ramdhani come back wkwk?,love
Di balik gemerlap panggung ada proses panjang yang penuh dedikasi. Di Balik Layar Budaya mengajak kamu melihat perjalanan kreatif Ki Husen H Ramadhan sebagai seorang dalang mulai dari.. Selengkapnya https://t.co/mIHVxpt88k https://t.co/bD4KjG0oec,sadness
@USER Sebelum ramadhan kemarin aku kesini sama ortu. Sampai sana dini hari sekitar jam 02.30-an. Alhamdulillah ketika sampai disambut hangat ibuku di suruh istirahat di tempat khusus perempuan. Jd ada kayak ruangan untuk tidur dll. Nyaman dan adem tempatnya. ,love
@USER @USER Udah dari juli 2025 harga ayam sama telur susah turun. Ramadhan udah selesai tetep aja harga keduanya susah turun karena supply diborong mbg dari dulu.,love
@USER Ramadhan sip. Apa mau Ramadhan lain merapat?,love
Pemuda Pancasila Rohul Tebar Kepedulian Santuni Anak Yatim di Bulan Ramadhan https://t.co/LERLUbxJrW,sadness
@USER @USER Du Didu elou dulu kan ASN pejabat lagi kok sekarang bernarasi penuh kebencian ma Jokowi demi membela Jk. . nikmati masa pangsiun dengan hati yang bersih tidak dengki hasut dsb.. . emang kamu yakin masih bisa ketemu ramadhan tahun depan,anger
3. *Ass. Prof.* Dr. *Herlambang* *Wiratraman* (Lecturer at the Faculty of Law Universitas Gadjah Mada) Moderator: *Mario* *Surya* *Ramadhan* (Researcher at the Research Center for Politics BRIN) RSVP: Mario Ramadhan (+6282120507617) Save the date and join us!,love
Satgas ketahanan pangan Polda Jatim Kapolres Gresik AKBP. Ramadhan Nasution S.I.K. M.H. https://t.co/o44d19mFB9. memerintahkan Kapolsek Benjeng AKP HENDRAWAN . beserta anggotanya untuk melaksanakan pengecekan tanaman jagung di Ds. Munggugianti Kec. Benjeng Kab. Gresik untuk,happy
@USER @USER katanya gara-gara mc dia yang ga sopan sama senior pas event ramadhan tahun lalu cmiiw,love
Kok abangnya sky pas kecil kyk iqbal ramadhan ,sadness
@USER KOCAG NGAPE UPIN IPIN SIH bagusan pas episode ramadhan nun,love
@USER @USER Kebalik euy.. mana ada ibadah yang sulit? Naik Haji aja buat yang mampu doang.. yang gak mampu jadi gak wajib.. puasa Ramadhan yang wajib kalau lagi safar aja boleh berbuka.. sholat kalau gak bisa berdiri bisa duduk.. mana ada ibadah yang susah..,anger
MANTEP BGT GARING KRIUKK KRES JUSET SEGER KAYA ES BUAH TIAP RAMADHAN YA ALLAH MASYAALLAH TABARAKALLAH,love
Dalam Rangka menguatkan nilai spiritual dan kebersamaan setelah bulan Suci Ramadhan telah laksanakan kegiatan Power Up Friday - Siraman Rohani Yang diikuti oleh jajaran Managemen Pegawai PIKK Tenaga Alih Daya Serta Siswa Magang. https://t.co/z1HzW84eHu,love
@USER Sabil ramadhan,love
@USER Aku spg brand baju ini jujur aja ini baju bes seller banget kemarin pas ramadhan dan aku tau juga harga baju ini lumayan mahal,love
@USER it's so comforting to hear that kak coz akun kakak ini yang bikin aku grow with us sama temen temen sai lain pas ramadhan ,happy
Giliran hari biasa mens telat tiga hari. Pas ramadhan kmrn kok tepat waktu bgt. Kan jadi ga ikut solat eid ,sadness
@USER @USER @USER Di gang rumahku ada kelompok 'pemuda' yg suka buat acara2 gang gitu kyk pas ramadhan dll tapi isinya semua bapak2 (termasuk bapakku). Malah yang muda2 pada gak mau join. Tapi selama usia produktif masih pemuda gak sih..,anger
@USER Ramadhan taun depan ntar gua kasih buku untuk ttd ustad dah,love
Haven t so much as TOUCHED my switch in so long because of school ramadhan then travelling and now sch again but I would touch it for tomodachi life and putting random ass characters and people on it together to see how it goes,love
gue setuju bgt sama statement uang bisa beli kebahagiaan krn kita bisa beli brg yg kita mau dll. Tapi gue berterimakasih krn uang gabisa beli attitude percuma pny bnyk uang kl gapunya attitude. So be a good &amp; wise person everyone we don't know what will happen in the future.,anger
@USER Bayi denger ya: Uang langganan X (17T) itu buat bayar listrik server &amp; bikin Grok jago. Uang buat creator (3 45T) datang dari iklan orang lain bukan dari dompet langganan. Dua kantong duit beda. Bukan akal-akalan namanya bisnis biasa aja. Paham kan sayang? ,love
Ni bendahara juga kebanyakan ngoceh harusnya kerja aja sesuai tupoksinya dan jelasin aja apa2 yg jadi tanggung jawabnya ketika stakeholdernya bertanya soal uang yang dikelolanya. Ga usah banyak janji kerjain aja yang ada. Makin banyak omong makin kelihatan ga nguasai kerjaan,anger
Gabisa? Minta tolong sama orang. Gak mau ? Gausah pelit untuk kasih fee ke orang itu. Uang jajan atau uang rokok kek. Gak apa2. Gausah pelit. Masa iya Sudah pelit malas mikir pula. Gunakan otak buat cari cara gimana nih barang harus dikirim hari ini .,anger
@USER Wkwkkwkwwk trus refund uang kulyahnya,happy
Cuma Modal Sampul Film Bisa Jadi Uang?! https://t.co/jhekWyWVEL lewat @USER,fear
@USER simpen dlu uang nya trus coba bikin pengumuman atau gmn siapa tau ada yg kenal oh iya kalau dia baru aja tutup akun nya mungkin bisa tunggu bentar karena biasanya kalau inget pernah commis bakal pake akun lain buat reach out,happy
@USER JOKOWI TIDAK ADA BERKAS ADMINISTRASI JIKA TIDAK LENGKAP TAHAN FASILITAS NEGARA ATAS JOKOWI...RUMAH UANG PESANGON UANG PENSIUN PENGAWAL TARIK SEMUA TERBUKTI SUDAH IJAZAH PALSU DIA HARUS BAYAR DENDA PADA NEGARA BAYAR UTANG YANG DIA BUAT. JIKA HUKUM MEMBOLEHKAN DOOR DIA.,anger
Klo pasarnya ada kan berarti sbnrnya masy. Indo itu (sdikit) percaya bahwa jurusan tsb berguna dan berprofit. Tpi pejabat indo nih udh punya mandat malah kenyang makan uang jdi lalai dan males kerja,sadness
@USER Saya kasih tau ya ustad itu uang HRAM biar ga susah jawabnya ngadat² gitu..,anger
@USER 7% paling dari saham entah berantah. Itu uang 400rb walaupun untung 100% kalau negaranya ekonominya anjlok juga itu uang gak ada nilainya,anger
@USER @USER bener2 laki2 serba kekurangan. Kurang uang kurang juga otaknya,anger
gaada tuh yg namanya stress kalo punya uang,anger
@USER bro saran gw asli lu istirahat otak dlu soalnya skrg lu posisi kaget pny uang segede itu trs selang bbrp bulan baru deh lu boleh ngambil investasi segala macam its okey,anger
@USER @USER @USER Mata uang anjlok kita bener bener bagus buat pariwisata sama ekspor kalau mata uang kita kuat pariwisata mahal buat bule sama ekspor mahal loe digoblok goblokin rupiah harus kuat bahkan Amerika juga pengen usd melemah buat ekspor made in america lebih murah dan jadi memonopoli,love
@USER Bersakit sakit dahulu punya uang dikit dihina mulu,anger
ya allah hujan uang when,sadness
Hasilkan uang yang cukup itu akan menyelesaikan banyak masalah. Yang dibutuhkan itu uang bukan pacar bukan pernikahan. Pacar pergi pernikahan berantakan itu karena miskin. Sudah tau miskin bebal gak tau diri ngasih enggak seberapa tapi ego udah seperti ngasih seisi dunia.,anger
@USER Beli lagi gapapa uang bisa dicari cepet @USER,love
@USER Pengen liat reaksi orang tua nya mereka ngeluarin uang buat bantu urus anaknya malah anaknya di gituin.,anger
@USER Tidak ada habis nya berita ttg org ini. Dan yg sllu di pikiran nya hanya uang dan uang saja. Tidak mau tau klu rakyat sdh sangat sengasara,anger
Menkeu Beberkan Kondisi APBN: Uang Kita Masih Banyak https://t.co/UEIlqMXlDM,anger
ㅤ uang bisa dicari order martabak malem malem kapan lagi untung gak pada di rumah jadi bebas beraksi ㅤ,sadness
@USER gizi ku terpenuhi gak yah alah nyocot kalo pinter ngelola uang dan gak males mah masih bisa bikin makanan gizi lengkap sendiri,anger
@USER MASUK... so yg zona uang ga dipakai lagi ya?,anger
@USER Niat hemat dari awal tapi ujung-ujungnya tetap aja keluar uang buat hal yang nggak direncanakan. 12 #LoveYouTeacherSeriesEP7,anger
@USER Waktunya kamu minta uang jajan.,anger
egiluuuyyyy gue beli merch harga up 300k aja deg degan bgt anjir walaupun duitnya ada bgt di rek gue ini udah ga punya uang malah take merch sampe jutaan lagi sakit anjir,fear
pro manage uang misalnya,sadness
@USER semangat kadang uang harus dikejar dulu hingga nanti uang balik mengejarmu ,fear
@USER Buat aja 1 prodi KKN...habis itu kita sebar ke semua negara....uang yg dikorupsi masuk ke Kas Negara...cukup itu,anger
@USER @USER ah aku mah bukan yang ah nanti kayaknya butuh ini tapi aku yang emang dasar gelap mata semuanya dipengenin makanya kalau kemana-mana harus bawa uang lebih karena aku suka tiba-tiba kepengen ini itu yang diluar list/tujuan awal...... #maaf,fear
Lee emang yang ini gak laku ya di warung warung daerah ku gada yang mau nerima hadeuhh masa iya cuman jadi koleksi doang Gda yang mau terima Kalo daerahmu laku gak lee uang pecahan 75rb itu https://t.co/ruv3vUnIMD,sadness
udah giru pas pagelaran diwajibin nyediain konsumsi buat juri pake uang siswa juga?? gila kali sekolah apaan anjir kaya gitu,sadness
Tolol lu MBG tolol. Semua yang punya SPPG atau yang kerja ngurus MBG gw anggep tolol. Bodoamat kali ini gw main generalisasi. Mau alasan lu karena butuh uang lu butuh makan bodoamat. Ga ada main sisi kanan,anger
Buat mahasiswa di Makassar saya harap bisa lebih bijak baca situasi lapangan. Dan buat temen-temen Ojol saya paham banget susahnya cari uang tapi jangan sampe kekerasan jadi solusi. Kita ini satu barisan jngan mau diadu domba sama keadaan.,anger
I'm deadass about to kill this mf if I can. Gua yg belum bisa ngasih uang ke ortu aja tau diri dengan gak ngekost gak minta duit lagi dan bayar kebutuhan gua sendiri lewat freelance. Si monyet ini bisa² nya pake data ibunya buat pinjol,anger
Ngapa bnyk yg pinjem uang yak. Dikira duit gua banyak kali,anger
Meskipun aku belum bisa beli rumah dan jalan-jalan sampai luar negeri tetapi dengan uang tabungan hasil kerja keras... akhirnya aku bisa merenovasi kamarku sendiri. Bersyukur kamarku sudah lebih glow up daripada sebelumnya https://t.co/Y0VuWc3yvj,sadness
@USER aku dulu mikir orang ke kantor bawa kendaraan cuman keluar uang buat bensin (enak ya) eh ternyata bayar parkir juga... mana mahal lagi... wkwkwk,anger
@USER Tapi kalau mau jujur nasabah disini juga ada salahnya. Terlalu percaya sama si bangsat itu. Jangan pernah 100% mempercayakan uang kita entah ke orang bank ke pendeta ke Kiai atau ke siapapun.,anger
@USER @USER Speda di parkiran gak diawasi kang perkir tp pas mau pergi ditagih uang ya kesel. Dan iki kasus e bukan motor tp anak !,anger
duhhh masih ga ngerti fungsi pagelaran nari di sma apa cape banget gua hampur ga punya hari libur cuman buat latihan nari uang gua juga abis buat transportasi+nyewa kostum+nyewa pelatih,anger
MEMBELI sekaligus BERAMAL Cincin yaman wulung warna hitam pekat di senter warna merah. Uang hasil jual 100% akan saya sumbangkan buat renovasi masjid. https://t.co/RhWopWoKf7 https://t.co/arGGl4zbwu,fear
pengen banyak uang tp malas kerja itulah aku..,sadness
kenangan buruk gueh dengan dompet strawberry shortcake yang dimana uang lebaran recehan disimpen disitu semua emg ga ada yg 50/100an tapi recehan klo dijumlahin ada 400an yg pas jaman gue kecil itu duitt banyak mnrt kuu dan yapp dicopett di bus pas pulkam anjritt ,anger
@USER Gak ada minta maafnya langsung tanya no rek dikira semua bisa selesai dengan uang kali yaa. Kalo aku tiap nyari kost pasti nanya dulu sih ke pemilik kostnya peralatan di dapur itu disediain dari kost atau punya masing-masing gak enak kalo pake barang orang sembarangan,anger
badminton sih dri kecil gue hobi maen badminton cm duitnya minim jd sekedar maen aja. dlu pas sd jg ada keinginan msk klub gt tp apa daya money eopsoo knp si di dunia ini bertransaksi pk uang? knp ga make daun aja,anger
kenapa muka danil kaya bocil bgt yak kaya bocil ga dikasi uang jajan sama abang dante buat beli mainan wkwk https://t.co/niHzOoTeHo,happy
TIDAK ADA SEX KONDISI SADAR AKAL SEHAT kalian hanya bisa bius &amp; Tagihan Bius Hutangnya besar. Saya Korban Bius Kalian &amp; teror Sperma. Terencana Terorganisir. Teror segala Ancaman dan Merasa Aman. Tidak Ada Uang untuk bayar tagihan Bius yang sangat besar.,anger
Tebak duluan uang gue ke kumpul buat beli ini atau kiamat? ,anger
@USER Kangen bgt bgt dan aku tim manggo float banget. rela nyisain uang jajan buat minum ini pas jaman SMP ️️️,love
@USER kata papi papa kerja cari uang buat aku beli pulau ,anger
@USER @USER Ada yang namanya Para pejuang dua karena lama ga hamil2 Uang banyak ga ada artinya mereka berharap hamil dan punya anak Mari perbanyak istighfar dan bersyukur,anger
@USER I know gak semuanya berniat. Tapi kalo kamu lihat berita anak anak suka mencuri itu karena kebiasaan dari kecil dari dia curi uang ortu. Iyaa bagus didikan ibu kamu dan kamu juga harus tau. Perilaku mencuri itu lama lama bisa jadi tabiat. Jadi stop normalisasi ya terimakasih,love
@USER @USER Apalagi pencucian uang lewat artis modus perusahaan fiktif,anger
@USER ㅤ Jika begitu uang. jawab jejaka bersurai cokelat penuh keseriusan walakin sebuah senyuman kini menghiasi iras seolah berguyon. Sejatinya dapat dikata bahwa ia lebih dari sekadar berkecukupan. Namun bilamana ditawarkan hanya itu yang akan dipinta. ㅤ,fear
Kepala w sakit banget dah sembuhnya dapet uang satu milyar dan diusap usap jongseong ini,sadness
dasar npd kntl udh mah hidup dengan mencuri uang orang lain nyiksa org yg dicuri uangnya krn udh tua kasih pengaruh jahat ke adek gue.. semoga lo membusuk di neraka ya bgst.,anger
Komplotan Gengs Bius &amp; Pemeras Uang Bos Besar Cs. Setiap hari setiap malam bangunkan orang tidur berkali-kali. TEROR minta Sex Kondisi Akal Sehat &amp; ingin Manipulasi jumlah Pelaku Bius sesuai Angka Jarum Jam. INI KRIMINAL PIDANA tambah besar Kejahatannya. Tambah Penjara ️ https://t.co/xMSgdqUAd4,anger
@USER Next klo minjem lagi tanyain buat beli apa terus km aja yg beliin. Pokoknya jangan dikasih uang mentahnya.,anger
@USER yakan kak makan uang haram kasihan kalo sama Cust apalagi budget pas2an misalnya,happy
@USER joss jangan lupa uang jajan i jugaaa ,anger
@USER aku klo jd ricis bakalan mikir kira yg aku lakuin ini bklan melibatkan org lain ga ya. contohnya kakanya sendiri pasti kakanya dibawa secara kakanya ustadzah. sebenernya takut bgt berpendapat ttg ini pasti banyak yg bilang yauda si terserah dia uang dia juga itu haram tau,fear
@USER Lebih baik polisi di bubarkan karena institusinya sdh terlalu rusak dan tidak bs di selamatkan terlalu banyak makan uang haram sampai kiamat pun nama polisi tidak akan pernah baik dan selalu buruk. https://t.co/TDIjXUtZBN,anger
Gausah engage ya mentemen ku. Cuma cenblu yang berusaha cari uang haram aja. Surga-neraka itu hak prerogatif Tuhan. https://t.co/KyVr6Q4hng,sadness
Hari ini nganterin adekku beli make up. Aku juga ikut masuk tokonya kan tapi entah kenapa rasanya malu sama takut gitu. Emang gak bawa uang buat beli sih tapi emang mau nyobain aja make up kayak orang .,fear
@USER umkm ya ini at least min upahnya 50% up dari ump/umk dgn jam kerja 7 jam plus harus kasi mkn/uang mkn istirahat 1x seminggu.. sorry to say rata2 umkm kuliner bnyk sperti ini di kota2 seindonesia itulah hrsny fungsi n peran pemerintah hadir buat hal ini tp kenyataanny sulit,fear
@USER Belajar investasi tapi jangan investasi di saham atau crypto yg uang nya bisa ilang dalam sekejap. Jangan tergiur sama omongan orang untuk lipat gandakan uang dengan cepat apapun caranya pokoknya jgn pernah tergiur. Paling aman menurut saya pribadi mending beli logam mulia aja.,fear
@USER personally mikir gitu juga karena uang lebihan admin bisa dipakein untuk freebies dll... tp mikir apakah pada lbh nyaman di oren aja,love
@USER pengen uang semilyar sih amin,happy
@USER Uang gak jelas asal-usulnya koq main terima gitu aja knp gak ditolak? Seandainya kasus ini gak diusut sama KPK selamet lah itu uang 8 4M di rekening gak perlu ada pengembalian² segala macem.,anger
@USER Uang jemaat yg di sebut kafir dipaksi nsik haji halal ya hajinya?,happy
@USER Uang gege mah lebih banyak kali Hasil dari balapan liar itu,happy
@USER SAMA PLS butuh uang,anger
@USER @USER Hi Kak kami memahami rasa khawatir yg Kakak alami mengenai kendala transfer uang ke rekening bank yg masih diproses. Mohon kesediannya menunggu 1x24 jam sejak tanggal &amp; jam kamu melakukan transfer namun tidak menutup kemungkinan bisa lebih cepat ya Kak. (1),fear
@USER Intinya pajak rayat sdh dipermainkan..kl tak ada bayar apa negara punya uang?apa mungkin patungan kabinet prororo saweran unt APBN?ga mau bayar ya ancam..,anger
@USER Malah lebih bangga sihh berusaha sendiri dan gak mengandalkan uang orang tuaa malah makin sayang ,love
@USER 8 juta juga uang syantik dikit dikit aja penting rajin. Semangattt,anger
@USER apa saja dilakukan biar dapat jatah uang rezim,anger
@USER uang 1 M atau xavier jadi nyata,love
@USER untuk mengobati rasa marah saya saya resign habis lebaran disaat saya satu shift dengan cook tsb dan disaat teman teman kitchen mudik semua yg berakibat dia handle kitchen berdua doang karena masih suasana lebaran dan sya relakan uang overtime saya sebulan full tdk sy ambl,anger
@USER @USER Minta uang jajan sama papa,love
tahun ini xh jd co-headliner di pjf ternyata jalan aku bener bener dipermudah sama Allah kali ini. mulai dari restu ortu yg langsung acc temen-temen barengan yang baik banget dan masalah nabung yg ternyata aku bisa loh... meski pake uang sendiri ternyata aku bisa ya..,happy
aduh jd mau yapping dsini tahun lalu aku sempet nangis terus menerus sampe pusing krn found out aku gabisa nonton byuma indo padahal deket bgt dri rumah dan masalah uang mah alhamdulillah waktu itu banyak bgt ketimbang skrng. setelahnya aku selalu doa supaya bs ktmu xh. ternyata,love
aku besok katanya mau di ajak mantai sm sepupu.... semoga beneran heung.... mau mantai.... mau muncak juga remed merbabu kmrn ya Allah jatuh kan lah uang,anger
@USER aku mah waktu itu pengen sesuai taggal lahir soalnya biar cantik pas ditulis di mahar yang akrilik itu loh. Jadi logam mulia kian emas perhiasan sekian terus tahun lahirnya pake uang. Tapi sih ya kan yang mau nikah kamuu tiap orang pasti beda beda,happy
@USER macama bubb menurutku sih gitu ya mending keluarin uang agak banyak dikit drpd menyesal gk dapet yang diinginkan apalagi kalo wtt kadang susahh,happy
@USER Telat banget..!!! Uang dah digondol rampok,anger
...rumornya 99% itu mau dibayar yang kirim uang senior.,anger
Anak itb unpad ini masuk jalur pake uang haram kah? Ga ada adab sama sekali.,sadness
@USER Tipikal orang penjilat Budi Ari ini jgn di gubris semua statemenya pasti belain Jokowi asal dapet proyek jabatan dan uang .. pantat ayam pasti dijilat sama orang ini,anger
buat tambah uang jajan + ditabung. saat itu aku jualan cuma 1 taunan. habis itu vaccum. setelah lulus kuliah baru aku merajut kembali. dan lagi-lagi rajutanlah penolongku sumber pemasukanku. baru nyadar merajut telah menyelamatkanku berulang kali wkakak. this mine in 2014 https://t.co/og1HEm3Plu,sadness
barang siapa yang sabar maka itu bukan gw uang bisa dicari liat aespa kapan lagi?? https://t.co/7gPyf5G7wN,anger
Uang,anger
@USER Ngelunasin utang negara?? Atau ngelunasin utang negara tu bukan pake uang?,anger
Aku mati-matian nahan diri buat gak jajanin uangku karna tau ekonomi keluarga lagi gak bagus tapi mereka dengan entengnya minta uang cuma buat beli hal yang gak ada manfaatnya.,anger
@USER emg siapa yg ga suka uang,anger
@USER owalaa. soalnya ini cek ht zona uang masih rame yang pake ???,fear
padahal dulu ada cita2 kalo punya uang banyak mau buat daycare penitipan anak biar ibu2 yg kerja tenang dijagain anaknya selama kerja kyk di komik hai miiko. Tapi ternyata tetep aja yah ada daycare yg ga amanah,anger
@USER kalo bisa ku apply tu sunscreen 1000lapis aku lakuin deh sebadan badan kita bisa tetep dapet uang kan ya meski nggak keliling? apa sambil live dan challenge kicau mania 24jam nonstop?,love
@USER bener lebih suka uang dan tenang,love
@USER Kapan ada tragedi demo besar-besaran lagi? Para pemimpin di negeri konoha bikin kita naik darah aja gak mikir apa rakyatnya masih banyak yg miskin masih banyak yg kelaparan cari uang demi bisa makan sesuap nasi gak punya tempat tinggal mikir gak kesitu??,anger
???? Segala uang buat zoom meeting aja di korupsi.,anger
Udah dibilang ada oknum di Kemenkeu yg sedari dulu maunya uang itu gak transparan dapat berapa keluar berapa itu seenak mereka aja angkanya. Inget ayah si anak setan? Penjara brp th aku lupa dan gayus2 lainya? Kenapa B2B jd APBN di KCIC dan lainnya? siapa yg bermain? Fee!!,anger
@USER Aamiin!! Termasuk dapet kado dr dd yaa? Makasih banyak yaa dd kadonya bentuk uang jg bleh dd mau norek?,happy
udah di tahap PGN BGT NONTON KONSER THE BOYZ YA ALLAH BERI AKU UANG DAN WAKTU AGAR BISA NONTON KONSER THE BOYZ MAU LIAT JUYEON DI LAYAR GEDE KONSER KEMAREN AKU GAK BISA DATENGGG KALIAN KONSER ABIS PULANG WAMIL SEMUA PUN GPP GW TUNGGUINhttps://t.co/O8kJ3ePZVA,love
@USER Ckckck ada2 aja alasan untuk menghambur-hamburkan uang,happy
Buat apa buang-buang uang anggaran untuk merancang UU kedepan kalau setiap sengketa hukum bisa diselesaiin dengan restorative justice. Lebih baik bubarin aja lembaga hukum kalau setiap sengketa hukum selalu berakhir dengan uang damai uang duka uang pengobatan dll,anger
Gak cuma Rupiah mata uang negara lain juga lagi kena mental sama Dolar AS. ​Yang paling penting jeroan ekonomi Indonesia sebenarnya masih sehat banget. Inflasi aman dan BI selalu siap sedia di garda terdepan buat jaga stabilitas. ​#jagaindonesia https://t.co/us7vcDNDAP,anger
@USER gak usah malu kan beli pake uang sendiri nder,anger
@USER Bhkan mamaku aja dukung kalau aku punya uang sendiri mau nonton konser yang ku suka silahkan lah ini outsider bjir ya kan. ,anger
@USER kamu cocoknya bercinta sama uang byy,happy
Uang papa,love
@USER iyaaaa bgtttt semoga uang kaka dibalikin yaa,fear
@USER Uang kamu terlalu mungil,anger
@USER Lebih ke ga ada uang sama hpnya Krn miskin banget ,anger
@USER udah dibayar belum hyung uang sewanya?,anger
Ini uang beneran HANYA untuk zoom kah,anger
Masyarakat indonesia itu ga akan gerak sebelum lapar. Tahun 65 massa gampang di mobilisasi ya karena pada laper hyperinflasi 600%. Tahun 98 juga massa gampang di mobilisasi ya karena laper juga deapresiasi mata uang signifikan tapa diikuti kenaikan gaji dri brp taun.,anger
@USER boleh tapi lu kudu kasih uang bulanan ke gue,anger
@USER Aku juga suka uang,love
@USER uang aku sisa 25rb zi km berapa,love
Rejeki ga selalu tentang uang dapet tawaran kerjaan disaat kemarinnya pusing mikirin gimana bulan depan bayar utang itu termasuk rejekii ,sadness
@USER Masyarakat indonesia itu ga akan gerak sebelum lapar. Tahun 65 massa gampang di mobilisasi ya karena pada laper hyperinflasi 600%. Tahun 98 juga massa gampang di mobilisasi ya karena laper juga deapresiasi mata uang signifikan tapa diikuti kenaikan gaji dri brp taun.,anger
@USER yang penting ada uang,anger
Duh jaman di bhwr banget inimah tapi klo uang lebih milihnya krushers,sadness
Masih ga nyangka bentar lagi jaehyun pulang dar uang awal nya nangisin dia seharian sekarang ga berhenti senyum ,happy
@USER @USER Tebakan gue karna program MBG yg sangat memakan uang banyak terus sektor lain kena efisiensi sehingga di sektor pendidikan tercetus ide pembatasan kuota PTN tapi mungkin setelah beberapa pertimbangan akhirnya malah milih buat ngilangin prodi yg ga relevan,anger
Wkwkwk dia itu lagi menyapa uang-uangnya ,sadness
Ia turun sambil menghitung sisa uang receh di saku. Hasilnya menyedihkan. Seandainya koin bisa berkembang biak hidup akan jauh lebih damai gumamnya sendiri.,happy
@USER Ngapain? Simpen aja uang mungil kamu itu,anger
@USER @USER Semua mata uang pasti kena inflasi tp seengaknya dibanding mata uang kita nilai tukarnya lbh kuat.,fear
Mana utang ga di bayar bayar kan guwehh minta uang guweh sndri,anger
uang 10jt+ effort waktu yg terbuang sia-sia banyak lah tolol nya sampe muak //,anger
@USER T6. 25/25 Baubillious! 25/20 (-11HP) aku ga terlalu banyak berharap buat hubungan kita aku cuman mau kalo suatu saat kita udah saling sukses kita ga saling ninggalin. aku cuma takut saat kamu udah sukses kamu banyak uang kamu lupa aku hehe..,fear
@USER uang sisa 20k beras ga ada makan ga ada kuota sekarat. 20k beli bensin ngojek seharian pulang bawa 150k Alhamdulillah .. intinya jalan aja dulu jangan takut ga bisa makan selagi ada allah,fear
 OPEN PO MERCH WORLD TOUR BLOOD SAGA ENHYPEN ‼️ Close sold out web *Note* _Untuk barang textile akan di bawa Handcarry di bulan Mei_ EMS TAX DP Berat &amp; Rate naik harga naik sebaliknya Cansel uang hangus hnr blacklist Admin Packing Jakbar https://t.co/2X4ru0jz8A,anger
semua dilakukan tapi bikin mata uang rupiah jadi stabil gk bisa,anger
@USER @USER Semuanya pasti akan ATH krn patokan itungan dasarnya ttp ada komponen USD nya jd kalo USD naik trhadap IDR pasti mata uang lain akan ketarik naik jg. Tp pqlibg ga ttp masu lbh murah dibanding USD lgsung si cari mara uang yg prospek negaranya bajal maju trs kek CNY/SGD.,love
@USER 4010 . Siapp menerima uang papihh,happy
aduh dokter nita banyak ya yang single parent juga harus kerja cari uang dan disamping itu harus menghidupi anaknya ga sempat punya waktu buat asuh anak. jadi dokter itu harus ada empati dong dok yang gaboleh mah simpati,sadness
yaAllah plis uang 100 M dan bisa refill,anger
@USER Balikin lagi uang imut kamu dd.. Minta uangnya ke mama papa..,anger
@USER 4.ibu2 harus memberikan uang jajan -&gt; terus kalau lu nerima mbg semua orang bahagia gitu lu kira mbg dari langit persembahan dari tuhan buat yesus yg ada orang2 yg sekarat dibawah itu yg kena dampaknya lu jadi manusia berada bersyukur deh,anger
@USER ‍‍semoga aku bisa nyusulll mw beli iphone pake hasil uang sendiri...,love
Ngeles berat. Dalil saja diomongin dan diingat. Giliran uang berlagak lupa. ,anger
punya cash kagak bisa dipake anjirdah kemana mana cuman nerima uang pas/qris apadeh,anger
Uang sudah mulai ku tabung main sudah ku kurangi in syaa allah bulan depan bulan mei,sadness
Lagi pengen hambur-hamburin uang,happy
Gw benci klo ditanya mau apa giliran udh beli tbtb ngeluh uang ke gw?? maksud nya tuh apah njim,anger
Gubernur Kalimantan Timur (Kaltim) Rudy Masud merasa dirinya kasihan menyetir mobil sendirian sehingga membuat anggaran kursi pijat pakai uang negara sebesar RP 125 juta. Ikuti https://t.co/3Mc1B25h39 untuk informasi menarik lainnya https://t.co/kPFSwZa6lS,anger
pgn ktmu cwo ku tpii cwo ku gamau ktmu krna tgl tua gajian dia blm turun paling turun tgl 30an or 29 tpi ku twrin pke uang ku malah dia gamau:((,sadness
Kalo mental maling ya maling ajah namanya maling kerjaannya emang cari celah gmn caranya nggarong uang rakyat. Dan Jangan ngangkat isu koruptor ama ani2 itu kan modus pencucian uang bkn sekedar urusan selangkangan !! https://t.co/aug0PWXHCH,anger
@USER Mending you minta ganti uang buat pan nya trus pindah kos vibes nya jelek bgt,anger
@USER Ustadz juga manusia biasa berbohong juga kalo uang 10 ribu itu percaya uang dari mana dari bunga bank misal? La ini 8 4 milyar loh berarti uangmu puluhan triliun tad?,fear
 aku di blokir cewekku tanpa alasan jelas. terakhir chat tuh malam Jumat dia bilang Sabtu Minggu ada proker. terus aku kasih sejumlah uang buat dia jajan terus aku nanya ke ibu nya kenapa aku di blokir kata ibu nya mungkin anaknya lagi jenuh lagi ga mau di ganggu,sadness
@USER Karena maljum lagi cari uang malming buat habisin uang,anger
kopi 2d homo uang game ,sadness
Kok pacarnnya tahan ya Memang kekuatan uang maha dahsyat,anger
Kak maaf bgt lihat dirimu sendiri deh banyak kekurangannya coba kalau di call out harshly sama orang lain gaenak kan? Makanya walau aku tahu km lagi cari uang kata2nya dijaga kalau caranya baik uang yg datang juga pasti baik kok.,anger
@USER Kalo didaerah pedesaan masih banyak yg bakar sampah begitu karna masih banyak lahan kosong cuma kalo udah tinggal dikomplek apalagi rumahnya terbilang mewah memang goblok aja yg punya rumah apa gunanya uang iuran sampah bulanan. https://t.co/c8iYCzq092,anger
 JUST IN: Odds Trump bakal buka blokir aset Iran jeblok ke 14%. Artinya apa? Pasar udah mulai sadar janji politik itu sering cuma umpan busuk buat nenangin massa. Di depan kamera ngomong damai di belakang layar ngerem semua jalur uang. Itulah wajah asli kekuasaan: senyum di https://t.co/Ejrrjpsa1w,anger
Izin flexing tapi bukan uang atau harta https://t.co/fc7Cf77LgL,anger
@USER Kalau kangen dapat uang ga?,anger
@USER Apapun momennya aku lebih suka kasih hadiah berupa uang. Mau disimpan dibelikan makanan kesukaan atau barang yang dibutuhkan biar penerima yang memutuskan.,love
 Himbara digoyang isu MBG sampai OJK turun tangan? Kalau dana nasabah aman kenapa sampai ada ajakan tarik massal yang viral begini? Bau-baunya ada yang nggak beres. Masih berani simpan uang di sana atau mending amankan sekarang? #Himbara #OJK #Ekonomi ((Malming Dirumah)) https://t.co/0Qu0V8iilH,anger
kerasa april lama bgt uang gue udah habis tak bersisa,sadness
@USER Inget wajah bos BGN aja udah ga sudi apalagi nanti uang hasil meres keringat diambil buat beli kaos kaki,anger
@USER @USER @USER Lu bawa balik ni warga malaydesh yg ramai datang ke indo curi uang atm selundup dadah curi kayu rampok perhiasan dll https://t.co/R0Rv34J3uf,anger
@USER kalo udah kaya banget biasanya ada tekanan untuk nambah uang terus kalo uangnya berkurang atau anak cucunya jadi lebih miskin bikin gelisah itu yang terjadi sama petinggi2 negara ini kebanyakan duit dan aset juga bikin gak tenang karena orang usil pasti ada aja.,anger
GUYSS yang mau join freelance atau butuh uang tambahan buat jajan? bisa dm atau hubungi nomor dibawah yhh ️‼️ #zonauang #infoloker #zonajajan #freelance https://t.co/mZuOZevWeW,anger
@USER @USER Iyalah?? Kalo lebih dari 120 hari gabisa di usut lagi kah kak?? jujur sayang bgt uang kita,love
 JUST IN: Odds Trump bakal buka blokir aset Iran jeblok ke 14%. Artinya apa? Pasar udah mulai sadar janji politik itu sering cuma umpan busuk buat nenangin massa. Di depan kamera ngomong damai di belakang layar ngerem semua jalur uang. Itulah wajah asli kekuasaan: senyum di https://t.co/N0UaRhwW95,anger
@USER klo uang kana sudah banyak seperti daun kana gas membeli 10,happy
@USER Apakah Dean tidak punya uang satu sen pun untuk cari penginapan murah satu atau dua malam sampai harus menangis di halte...,anger
@USER org-org ini bisa dicepetin nggak sih kena azabnya? ya Allah capek bgt lihat uang dihambur-hamburin buat hal yg gk berguna,anger
@USER Makan uang rakyat,love
@USER Ayahku kesehatan air listrik uang,anger
lagi pusing ga punya uang tiba2 ini lewat gak mungkin kebetulan kan? Apakah ini petunjuk ? https://t.co/0ZUX2Bqtnf,anger
@USER Terus kalau tdk dihubungi kpk uang ga jelas jd uang halal gitu?,anger
/cs Guys jajan merch semampunya aja yaa jangan sampai nyuri uang orang tua cuma buat beli merch. Be aware juga buat own go skz karena anaknya masih aktif coret/beli merch https://t.co/gMvR5OKprp,anger
@USER jangan lupa bayar uang keamanan,anger
@USER aku ga pake obligasi nder soalnya kadang merah jd pake pasar uang inii ijo terus selama 4 tahunan https://t.co/yHKwqexxgP,fear
@USER @USER Menyala uang pajak rakyat,love
@USER lebih insecure gak punya uang sih jujurly,anger
@USER Kmren sempet diurut sama bude langganan kerumah dia cerita suaminya tukang bangunan di salah satu daerah ku dikabupatennya Pulang pulang tangan kosong padahal harpan lebaran bakal dapet uang Ternyta malah g dibayar sama sekali yg mpunya proyek kaburrr,happy
[OPEN PO] ARIRANG X SELLKOR Avail: Rooted In Music Rooted In Korea 195k dp 80k EMS TAX DP Berat &amp; Rate naik harga naik sebaliknya Cansel uang hangus hnr blacklist Admin Packing Jakbar,anger
@USER @USER ga kok waktu itu aku ga bawa duit. cuma dia yg buka conversation soal identitas aku. dia penasaran cara aku kalo main gimana rasanya gimana aku pancing mas nya mau nyoba? dia langsung pasrah. malah dia yg ngasih kontak + uang jajan.,anger
Apa aja yg mesti dipelajarin era sekarang cara trading bahkan hal2 kayak cara check in di lounge hotel 5* ngajarin cara pake kamera hp biar lebih bagus pas take video ngajarin aku pake laptop. Wkwk Kan aku emg gaptek yaa. Punya laptop aja karna ada uang dari open++ di sini.,anger
Unpopular opinion about alter ego.. Punteeenn newbie di sini. Gak kerasa udah beberapa tahun main alter yg awalnya dulu cuma buat nonton video++ malah 2 tahun terakhir jadi tempat aku nyari uang. Tapi aku gak akan bahas gimana aku nyari uang di sini karna bukan itu pointnya. https://t.co/SueKbjgZha,anger
Rupiah sempat tembus Rp17.300/USD Beberapa bulan lalu masih Rp16.000an Artinya? Kalau lu cuma simpan uang doang Lu semua lagi kehilangan value dari rupiah lu tiap hari. Inflasi didepan mata. Masih mau pegang cash terus?,anger
@USER Dikira uang bapak moyang nya...,anger
@USER ya itu tadi uang mengatur negara termul juga gitu ada uang dia bergerak maju tak gentar membela yang bayar...,anger
OKE KITA REKAP GEBRAKAN 2 hari ini sebelum pulang ke indon 1. Sepeda ketuker di sevel 2. di malam yang sama drama kunci apato dan kotak surat‍↕️ 3. Bayar uang jaminan 4 Man semoga balik ya allah 4. Tab ketinggalan 5. Macet saat ke bandara Fukuoka 6. Hp ketinggalan untung ktm,anger
@USER gatau ya gmn tiap ngeluarin uang selalu bunyi kicaw ,love
selalu banyak masalah ga punya temen deket cuma kenal banyak orang ga pinter publik speaking belibet suara ga bisa keras gendut item selalu disalahin di keluarga ga punya uang bahkan mau beli baju ky org² aja mikir berkali kali ga pernah jsdi fav org,anger
@USER 1. Gibahin si A 2. Gibahin si C 3. Gibahin si B 4. Inflasi uang 5. Pamer BA 6. Adu outfit terkece 7. Nostalgia OA 8. Menu makan hari ini 9. Review konsep OA 10. Kirim menfess 11. Asmara artis 12. Pocong di Depok 13. El Nino Godzilla 14. Cara tidak insomnia 15. Adu lagu debut Dst.,anger
REAL BANGET DAHHHHHHH rasanya jadi banyak takutnya mau spend uang sendiri pun takut padahal untuk kebutuhan juga KAYAK ya Allah sedih banget rasanya,fear
@USER okeee nanti gue kinta uang ke pacarnya dd mueheheheh,fear
@USER Astaga uang iuran npjs serius utk gaji orang2 gak guna begini?,anger
@USER Iya tuh. Yang itu suka pencitraan. Ya udah lah kalau gitu aku pake uang monopoli aja!,love
@USER Kak lain kali atuh ngomong dlu ke ibunya . Kalo mau minta uang nya ngomong aja bu minta uang dong sekian2 ,anger
@USER @USER Background idol gen 2 rata miskin yg sampe miskin bgt kayak IU terus taemin dulu sampe pura pake headset krn gak punya uang beli music player. Eunhyuk tiap mau ke toilet harus numpang toilet stasiun. Cerita hidupnya sedih sedih,anger
Hmmm akal akal biar uang negara raib kan,anger
@USER Selamat Malam min Hari ini Sabtu 25 April 2026 jam 20.28 saya tarik tunai sejumlah Rp. 200.000 - tetapi uang tidak keluar dari mesin dan saldo terpotong itu gimana ya min?,love
@USER iya lagi boros bgt kalo megang uang byk,fear
Info freelance la wee buat bayar uang kos #gaymedan,happy
@USER perbanyak uang aja ga sih in this economy ,happy
HALOO!! lagi pusingin tugas?? gue open joki buat ALL tugas sd smp sma #butuhuang #butuhduit joki kartul benerin kartul translator edit vidio. lagi BUTUH UANG &amp; lagi nganggur jadi fast respon. murah aja bayarnya sesama pelajarr. #jokitugas #zonauang #jokitugasmurah,happy
@USER Gpp. Saling muts yg gk pinya uang,anger
Minjemin uang ke teman itu ujian persahabatan paling realistis. Tutorial menolak minjemin uang dengan tetap tidak memutuskan tali silaturahmi https://t.co/966sc3xvu7,anger
Haji dan Umroh pakai uang haram bisa alami peristiwa aneh-aneh disana loh? https://t.co/oGMVQrmkHz,sadness
@USER Nyebar ketakutan trs buzzer Soros??... Hati hati guys LSM LSM yg di kasih uang sama Soros lagi tebar ketakutan di Indonesia.,anger
@USER manifesting mau ganti hp juga taun ini pake uang tabungan yg aku kumpulin dr hasil kerja kerasku sendiri,happy
@USER jujur cari uang karena sambil jualan,anger
NGAPAIN MALU ANJJ YG PENTING BAWA AIR kdg ga rela fak ngeluarin uang buat sesuatu yang sebenarnya bisa di bawa dari rumah ya kaya air ini ,anger
Badan lemes terus padahal uang banyak. Pas di cek ke dokter katanya harus banyak makan sayur dan muah-muahan ;(,sadness
#zona uang need netflix satu hari 3k bisa qris,happy
rasanya masuk record store abis tuh duit gue (kl gue punya penghasilan) mungkin ini alasan Tuhan blm ngasih gue pekerjaan tp janji Tuhan gue akan bijak bgt dlm menggunakan uang,fear
@USER Semua cuma proyek menghambur2kan uang yg sejatinya milik rakyat.,anger
@USER uang hyung kan banyak.. beli satu dorm buat aku gak akan buat hyung bangkrut kok..,anger
Jilka hajinya mabrur dan haji pakai uang halal hasil kerja keras itu rasanya beda kalau sekarang ada yang haji dan umroh pakai uang tidak halal loh? https://t.co/p6oq8Na4UG,anger
@USER Download stockbit/ipot/ajaib/bibit dll untuk investasi saham dan jadikan uang berkembang lebih banyak. Kalau memang belum bisa ilmunya belikan tanah lagi aja. Minimal uangmu tetap ada. Kalau berupa cash seperti itu uang 100 juta sebentar aja juga tergerus dan tidak ada rupa.. ,anger
@USER dana haji uang rakyat di korupsi. yang korupsi ustads. haha... Yang satu koruptor yanh satu lagi hobo isap kontol sehingga dinakaman SPK. Syeikh Penikmat Kontol. Menjijikkan,anger
@USER Ada sih uang mah tapi agak sayang ,love
Yang kerja dari pagi sampai jam 10 malam. Tidak ada libur. Libur nasional pun tetap buka. Melihat kelakuan bosku setiap hari ambil uang di laci meja kasir buat jajan dirinya anaknya dan pacar mokondonya wkwkwk,sadness
YA Lord buruan bulan Juni biar gue bayar tuh uang pangkal kuliah. Biar gue ga berlagak gila mulu. Kudu diniatin kuliah lagi ,fear
@USER eh sumpah ini fanmerch mxtx keluar keluaran semua semoga capek kita di ganti dengan uang 10M,happy
juara satu dah ngabisin uang rakyat,anger
@USER @USER Ngarang bilang lumayan dapat info darimana? Sodara ky kerja di golden geisha utk lulusan SMA tanpa pengalaman probation aja udah d gaji 3jt tiap masuk dapat tambahan uang makan siang. Laundry langganan ku pegawainya d gaji 4jt loh dekat ISI.,anger
halo min @USER pembayaran qris saya di @USER via wondr gagal dan tertulis dana sudah dikembalikan tapi nyatanya uang belum masuk. tolong solusinya.,anger
Terimakasih kak @USER uang jajan udah masuk Semoga rejekinya tambah banyak dan sehat selalu ya kak https://t.co/68b0zRfszn,love
@USER bawa badan dan uang,love
kmren lg kepepet uang blm cair. cairin spaylater... bunganya doang 700rb agak nangis tp emng lg kepepet bgt tp alhamdulillah dh ketutup semua️ plis egk lg. semoga egk ada kepepet2 lg,sadness
bahkan kalah sama mamah muda yang baru belajar bikin mpasi :)))) kalah sama ibu ibu yang cuma belajar dari internet buat bikin mealprep beberapa minggu sekali. emang murni bodoh nggak ada otaknya mereka tuh. keburu kena parasit dari uang haram,sadness
@USER Uang ya?,love
@USER lucu banget bilang city tanpa uang ga bisa apa2. In modern football era ga punya duid ya emg susah buat bertahan. Bro look at ur club punya owner pelit ga mau keluar duid old trafford punya curug mau rutin tiap tahun ucl aja susah. Lo harus jujur that money matters in this era,anger
@USER Ga bawa uang cash haha,anger
@USER F26 karena single jadi hobinya cari uang #LoveStory https://t.co/JBay5I1Fht,love
Menteri agama itu bayarannya amal jariyyah Pahala.. kalau ingin cari bayaran uang Ya berdagang jangan jadi Menteri agama. Mau kaga luh.? Kelakuan Ulama Akhir Zaman omongannya seenak jidatnya saja. https://t.co/K01kfRXBKt,anger
aku tidak akan membuang waktuku untuk cemburu overthinking bersaing or membandingkan soalnya aku lebih suka ketenangan &amp; uang,love
uang jajan gwee....,anger
hari ini menghabiskan uang bagaikan istri bos sawit,anger
Smakin ku scroll tu shopee thai smakin ingin ak mnghabiskan uang untuk anabul,sadness
Bahkan lembaran uang warna merah pun kalah cantik sama kamu. Merah menyala banget ini koko cindo mana ini.,happy
@USER nantideeeh kalo ada uang lg sekarang lg daring,happy
@USER KDM bersama dengan salah satu menteri sok sok an ngasih uang sama Persib Padahal dari awal pun culture Persib itu jauh dari cawe2 pejabat Bobotoh murka jangan cari nama dan muka di Persib Kejadian di akhir musim lalu harusnya jdi pelajaran,anger
@USER Yang Jelas karena kita pejuang Mata Uang Global sedang di sisi Dunia banyak kejolak peperangan yang tak mau tahu perdamaian . Team Warriors GCV Jawa Barat 🇮🇩 Jenderal Lien ,fear
@USER @USER Ya bs. Karena mungkin pemerintah menerapkan pengecilan uang dari 100000 jd 10 rb. ,anger
@USER Betul dia kaya waktu dan ada uang juga,fear
@USER harganya bukan berupa uang tapi suatu pengorbanan alias lu mesti cari sendiri. https://t.co/sfDQcgYLTJ,anger
Motor listrik kaos kaki zoom. Ada aja akal-akalan mereka buat ngeruk uang negara,anger
padahal kata ibuku piring ini dlu harganya lumayan. malah kalau di desa-desa ini bisa digadein jirr /pax hajatan gt gadainya (dlu umumnya dipake hajatan). soalnya ibuku jg pernah minjemin uang tetangganya dikasih jaminan ni piringg 2 rantang ,anger
oh berarti teman2ku yang punya dapur mbg sudah punya modal uang lebih dari 2M lah ya under 30 risssszzz,sadness
@USER @USER @USER Nanti Adiknya diomelin loh Kak?kalau uang jajanku berkurang gimana..,anger
13/13 Ibn Khaldun di abad ke-21 bukan soal membaca ulang Muqaddimah. Ini soal satu pertanyaan keras untuk kita semua. Kita punya uang ratusan universitas ribuan lulusan luar negeri. Apa kita ini sedang membangun ekosistem atau apa yg sedang kita lakukan ini?,sadness
hi world doain gua semoga beasiswa gua di acc in this economy beasiswa jadi last hope gua krn uang spp kalo di total bisa bikin ortu bangkrut jadi harus kejar beasiswa dari segala penjuru ,sadness
@USER @USER Orang Batak yg penting uang ga masalah belain yg salah tapi tidak semua,anger
@USER Buat makan ajaa. Album bisa beli kapan2 pas ada uang lebih,happy
Perempuan yg dicintai dg serius terus dia bilang gini JELEK AMBIL UANGNYA AJA INGAT INI CARI UANG SUSAH SEKALI BAHKAN NYAWA TARUHANNYA. DAN INGAT INI engkau punya bapak laki2 mungkin adik/kakak laki2 mungkin akan punya anak laki2.,anger
sbnrnya punggungku pegal bgtt tp blm ada uang untuk ke panti pijit pulihkan punggungku Tuhan,happy
Pepek pake aja zoom premium murah beli di zona uang kenapa sih anjing 5 7 miliar buat hasil yang jauh dari bagus,sadness
Yap! Coba flexing sesuatu tapi bukan uang atau harta,anger
@USER supirin ak ntar aku kasih uang makan siang,love
@USER Uang negara sudah dihamburkan secara membabibuta. Sebelum segala sesuatunya hancur ayo para mantan panglima bicaralah kalian bahas apa hayo. Jgn seperti bunted ditanya uangnya dari mana jawabnya: pokoknya ada,anger
@USER Selama ada uang semuanya bisa.,love
@USER kabur ?? mereka ikut naik haji kan sudah dan harus bayar?? apa yang perlu dijaga ?? untuk menghambur hambur kan uang ??,anger
@USER Untung ada tulisan coba kalau dimanipulasi uang nya seakan akan asli bisa bahaya itu,anger
@USER aku jaga toko juga gaji 1 2. 11 jam kerja tanpa uang makan siang job gausah ditanya namanya toko wkwk. dari buka smpe tutup dilakukan sendiri sebulan dapet libur 2x. cape pol pengen berhenti blom ada back up,love
@USER @USER KPK mentalnya hanya di kabupaten dan desa mau cari uang tambahan makanya cari di provinsi kabupaten mana tau ada uang dirumah dinasnya untuk dikutip lumayan jga kan.. kalau di pusat mana berani,anger
Alias dikira kasih uang 100k pas bayar... Dan dengan sifat busuknya malah ditilep dan malah buat makan makanan lain.. pas aku jawab gaboleh ga jujur haram ngeles buat tukang parkir jga dilebihin parkirnya aku jawab nambah dosa dong ngasih uang haram dia cmn diem aga jutek ,anger
@USER @USER Ternyata serangga suka merampok uang rakyat juga ya.,love
@USER Wajar atau tidaknya gak ada parameter nya sih. Yg penting punya tagihan/cicilan dibayarkan. Inget itu bukan uang pemberian itu uang yg dipinjamkan ke kamu.,anger
semoga the weeknd konser nnt uang gue byk dan waktu gue ada,happy
@USER Hahaha rakyat lu bahkan rela mati dan dipenjara demi dapatkan jutaan rupiah dengan cara mencuri/membobol uang ATM dan selundup dadah/narkoba di indo https://t.co/6jROUxAGRP,anger
wkwkwkkw pusing uang sekolah,sadness
Q; kalau kamu jadi benda mau jadi apa? ; aku mau jadi uang krn uang diinginkan dan diperebutkan(?) semua orang. KAU ATUR DEK https://t.co/YgUeTMc3Lx,anger
@USER Dan masih mempertahankan program yang gak tau arahnya dan gak ada SOP Jelas kek MBG yang bikin negara rugi di uang dan kesehatan (banyak yg keracunan) emosi banget sampe sekarang gak ada kemajuan di pemerintahannya,anger
Selamat datang di zaman pendidikan tak lagi penting jika tidak menghasilkan uang Assalamualaikum capitalism,love
Bae tdk habis uang iyo ‍ eh ranga,fear
Ralat 3-5 uang,anger
@USER pukpuk utk kita smg dibalas dengan kejatuhan uang 2 miliar usd (jgn rupiah krn anjlok) https://t.co/Jwhi8UhhfF,anger
@USER @USER Huhuuuu nangis banget pasti ade2nya pd trauma. Ibunya pasti magis bngt mereka cape2 kerja nyari uang trs ngerasa bersalah karena ninggalin anak eh anak mereka malah pd diginiin ,fear
@USER @USER Jahat banget sodara ku dagang mochi ngegaji karyawan 1 5/bulan + uang bensin 120 itu kerja cuma 7 jam doang kadang klo udah abis cepet diperbolehkan pulang,love
ada aja godaan mau konser bjir uang uangggggg,anger
@USER Industri pencucian uang gan....,happy
@USER Tangkap jokowi Uda jls kok dia antek dari semua korupsi besar dlm negara ini. Lihat saja uang nya nga habis habis,anger
@USER setuju bgt selama si cowo masih mau usaha kerja jgn dikatain mokondo at least mereka ngajak kita ngedate pake uang hasil kerja mereka bukan pake uang ortu cmiiw,anger
@USER lewat tl selamat ya kak ikut seneng deh semoga nular juga bisa beli iphone pake uang hasil kerja sendiri,happy
Kalau gk ada uang ngapain jajan merch bjir merch cuman buat yang punya punya duit aja. Yang miskin tingkat atas minggir,anger
@USER @USER @USER Anjir gila harusnya dapet uang lembur tuh setau ku ada uu nya pdhl,anger
@USER Jangan malu karena anak pedagang selama punya adap yang baik. Mereka masih hidup dari uang halal coba liat yang hidup dari uang korupsi mereka aja gak malu,anger
@USER Suami gua dengan bercanda dia bilang jadi selama ini beli buku sebanyak itu dengan uang aku kamu tambah pinter aja amunisi untuk mendebat aku juga?. Dan akhirnya kami ketawa bareng ... Not gonna lie.. tapi nikah dengan pria yang maskulinitas nya sehat tuh nikmat.,love
@USER Rakyat gk dikasi terpancing padahal pejabat kaya pengusaha &amp; orang kaya sdh switch tabungan mrk ke LN &amp; cash mrk sdh di converted ke US &amp; mata uang luar lain. Di bank tersisa tabungan warga yg gak seberapa itupun sdh diputar buat supporting proyek Presiden. Warga bisa apa??,anger
Ada kating cerita ke aku dengan bangganya menceritakan perbuatan jeleknya seolah oleh abis Nemu duit jadi dia dari coffe shop bareng temennya dan pesan sesuatu nih berdua menggunakan uang 50an dan waktu kasih kembalian itu kasir kasih kembalian lebih dari 50..,love
@USER Aduh pak uang ku g ada buat bayar kost :( ,happy
@USER Mamah Uang Makan Ketentraman Kesehatan,happy
@USER Saya malas mengomentari manusia perintang waktu dan sy sudahnyatakan dlm diri saya bahwa jokowibitu tidak punya ijazah yg asli. Di sisa umurnya di habiskan uang untuk bayar pengikutnya pengacara y pelaku pendukungnya ada dilingjaran kabinet Prabowo saat ini.,anger
ya Allah mau uang ,sadness
@USER @USER pinter ya dek masalah'a uang jajan seratus itu susah didapetin gak sie,anger
@USER Pengen istirahat pengen banyak uang.,fear
@USER @USER bagi uang boleh?,love
Bukannya pelit apa gimana ya masalahnya blio kaya gaada niat mau balikin juga bjir wkwkwk. Udah kuikhlasin si cuma masih keinget aja betapa bodohnya aku meminjamkan uang segampang itu. Kalo mamaku tau pasti dimarahin,anger
@USER Bobrok banget indonesia punya progrma bgn &amp; mbg bukannya bener malah hambur²in uang mulu ,anger
Polresta Yogyakarta yang dipimpin oleh Aiptu Gatot Hertanto laksanakan patroli dialogis dengan pelaku UMKM (Usaha Mikro Kecil dan Menengah) Agar lebih berhati hati dengan aksi prlaku peredaraan uang paksu yang memanfaatkan kelengahan pemilik UMKM dan jika mengetahui adanya,happy
@USER Antisipasi maraknya aksi peredaraan uang palsu Polsek Ngampilan giatkan patroli dialogis dengan pelaku UMKM.Sabtu 25/04/2026. Dalam rangka mengantisipasi maraknya aksi pelaku peredaraan uang palsu personel unit patroli Samapta Polsek Ngampilan https://t.co/nTD6RkcAeH,anger
@USER @USER @USER Minco boyen = bocah sepulu yen Lupa pas dari korea ga dapet uang won,happy
@USER @USER @USER Lupa kemaren pas pulang ga dikasih uang saku krw,happy
Aku inget banget dulu awal awal ngekos ada temen yg minjem uang ke aku 100k padahal kenalnya cuma karena ada 1 matkul yg sama doang. Tapi tetep aku pinjemin walopun uang jajanku waktu itu posisinya lagi lumayan pas pasan juga. Eh sampe skrg blm dibalikin,fear
@USER Uang dihold coba dicari. Kalo udah nunggu bbrp bulan (sesuaikan sendiri) dan masi gaada kabar boleh diambil. Jangan lupa update ToS biar kalo kejadian lagi udah ada acuan,anger
Pejabat yg kerjanya ga efektif dan efisien program yg ga relevan ke masyarakat malah hambur2 uang ga ditutup sekalian? Pilih kasih,anger
@USER Kalo ga punya uang ya ga ush main jauh2 emg di bogor ga ada mall?,anger
@USER kalau ada uang ya kenapa engga di Indo mah lama kan:(,anger
APA-APAAN ANJING TIBA-TIBA BAPAK GW NYELETUK SAMBIL LIRIK KE GW BILANG Gas pol ndangak ndangak ndangak. NGENTOT NGAPA LIRIK KE GW JUGA ANJING. DI UANG-ULANG LAGI ANJIR,love
@USER @USER Kepala sekolahnya harus tegas dong. Jangan mengorbankan jam mengajar hanya untuk MBG. Mereka udah digaji pake uang rakyat utk ngantar sampe sekolah kok pake alasan jauh.,anger
@USER @USER Kalo untuk editorial gini memang biasanya penulisan nominal mata uang ribuan triliun atau lebih ditulis Rp1.000 triliun atau Rp1 juta triliun. Jarang banget pake kata kuadriliun.,anger
@USER Ingat kalo away ga bs dapet uang buat bayarin tiket pesawat bisnis klas pemain yg main di luar,anger
@USER @USER @USER ga ah males mengeluarkan uang buat dia,anger
langkah gw pendek bgt berniat untuk membuka eyemakeup tiap konser koreya laki gw blg gausah kerjalah nanti kamu item emg uang dari aku kurang? LAH BUKAN SOAL DUIT TP GW SUKA,happy
e ngga deng buruh uang aja ternyata,happy
@USER temen gw ga boleh kerja dulu langsung disuruh s2 dikasih mobil iphone baru uang saku banyak bgt. ,anger
real. 'kan kerja cari uang buat makan',anger
@USER Aku sih realistis aja ya kalau ada yang nyaranin ikut kursus aja itu orang bodoh atau penipu jangan ditanggapi untuk umum uang segitu paling bisa cuma ikut kursus jelek ilmunya dikit + sertifikatnya gak berguna,fear
OG crypto gak cuma pegang uang mereka muterin lagi. Dari fiat jadi aset dari aset jadi peluang baru dinikmati hasilnya. Sementara yang lain? Uang datang langsung habis tanpa sempat berkembang Blocktroopers tipe yang muterin uang atau langsung habisin buat pacar nih? https://t.co/KKTT52IDPj,anger
pentingnya kuliah yang benar ya kak dan punya uang sendiri,anger
@USER EFEK DOMINO JOKOWI 10 TAHUN UANG NEGARA DI GARONG2. TIDAK ADA LAIN. HANYA JOKOWI. 11 RIBU TRILYUN.,anger
ketika aku &amp; kaka iparku berkata gapunya uang disitulah kita malah belanja,love
@USER ditraktir tapi pake uang masing masing :),love
@USER ga ada orag suka kerja adanya orang yg suka uang utk sebagian besar orang kerja adl cara mendapatkan uang,anger
@USER yakan kak aduhh uang 500rb kita itu,happy
@USER Pi adalah mata uang digital baru yang dikembangkan oleh Stanford PhD dengan lebih dari 55 juta anggota di seluruh dunia. Untuk mengklaim Pi Anda ikuti tautan ini https://t.co/AQzhJzSBS0 dan gunakan nama pengguna saya (Yemryevendy) sebagai kode undangan Anda.,love
Percaya uang akan datang gw co...hehehehehehheh,anger
Sefruit nasehat ke sepupu-sepupuku yg masih gadis juga NPD juga salah satunya tapi yodah mungkin sebagian orang butuh cinta aja bukan uang https://t.co/6gk9Sgi23q,love
@USER @USER Aku error ka mana mau ambil uang:(,love
punya pikiran apa sblmnya sampe berani mencuri uang ibu mu kak??? pdhl kl minta baik2 ke beliau &amp; kasih alesannya buat apa jg dikasih ga sih km?? anjir jahat bgt,anger
@USER Cari jalan tengahnya aj. Buat negara yg belum meratifikasi UNCLOS maka RI berhak untuk memungut uang keamanan dari kapal-kapal mereka yang melintas...,anger
Mau curhat aplikasi booking kebanyakan ga akan refund uang tamu yg cancel kalo ownernya ga accept cancel request. Berapa kali aku dapet cancel request dadakan gitu dan kalo aku jahat sebenernya bisa aja aku reject biar aku yg dapet duit. Tp ga tau kenapa aku selalu ga tega.,anger
Daripada keluar uang jutaan buat ganti spul set mending pasang Soket Anti Kode 12 ini sejak dini. Pemasangan PnP (Plug &amp; Play) nggak ribet dan yang pasti jauh lebih awet dari standar pabrik. ️ ​Mumpung lagi diskon di Shopee: https://t.co/IiYVp5X3fR https://t.co/K1rqRqLlhH,anger
@USER HAHAHAH bukan mas. Santunan anak yatim dari anak yatim. (Uang jajan dari kakakku),happy
Idk but gw udh ditahap ditawarin rumah sama temen seumuran.... Dimata kalian aq sebanyak uang itu kah?,fear
@USER 10 tahun Jokowi... RAMPOK2 UANG NEGARA.,anger
@USER Katanya laki2 kalau ga diambil Tuhan ya diambil cewek lain. Kalaupun tu laki setia gimana kalau tiba2 meninggal dipecat dll. Kita ga pernah tau. Punya uang sendiri juga membuat kita punya power to leave anytime the marriage doesnt serve us.,anger
bismillah Ya Allah taun depan ya apapun merk nya pokoknya hp baru uang sendiri cash buat DIRI SENDIRI aamiinn,happy
@USER Gimana bisa makan kalo negara ga bener? Mikir benerin negara dulu Uang naik bahan naik eh ntar anggaran juga naik wkwkwk ancur,anger
 Duhh gimana ini guru pada mengeluh kehidupan ga sejahtera berarti kita tutup sekalian aja prodinya biar pada gak mau jadi guru. Murid nya dikasih MBG suruh belajar pakai AI begitu lah kalau Tuhannya uang dan kekuasaan.,anger
Kalo belum mampu beli merch tolong banget jangan sampai nyuri uang orang tua apalagi orang tuanya sampe chat ke own go buat bantu jualin jajanan yang kalian take. Dan tolong banget jangan seenak jidat cancel padahal barang udah sampe ina. Merch gaakan dibawa mati guys beli https://t.co/Es00YyD9AZ,anger
@USER baru kejadian tmn gw ada project dapet budget 15jt sm sononya di tf 150jt wkwk. mn dia checknya pas bangun tidur langsung melek semelek2nya untuk gak di introgasi org bank krn tbtb ada uang gede wkwk,anger
it's so mee kaget bgt kemarin ditanyain tabungan sama bibi aku in this economy + aku udah ga di kasih uang sepeserpun sama ortu bahkan aku ikut bantu beli kebutuhan keluarga + masih harus bayar ukt 3 8jt kos sehari hari dan tetek bengek nya...,sadness
@USER @USER Udah ku spill aku tukang abisin uang yang penying gak abisin uang rakyat yaaa,love
@USER Anakku: Bunda kerja mulu Aku: ya kan biar dapet uang Anakku: oh biar aku bisa bergaya ya? BERGAYA.,happy
@USER yg cewe ga setuju sih itu mereka cari uang sambil nunggu jodohnya dateng wkwk,anger
@USER gue diem bukan berarti gue gak tersinggung ya gue liatin lo ngejokes kaya gitu mulu ke gue kaya gini sekali dua kali gapapa tapi kalo sampe tiga kali empat sama dengan dua belas ditambah sepuluh jadi dua puluh dua uang nya dua puluh lima puluh salam kenal? https://t.co/FZTq3k634G,love
@USER Biasanya tanya admin kasih bukti tf dulu atau langsung ngelist ya min . Terus kalau bisa gamau dp dulu maunya langsung lunas takut lupa terus pas pelunasan gaada uangnya. Dannn beli sesuai dg budget yang di punya kalau gaada uang gausah beli dulu.,fear
@USER Aku kalau lihat gini jd bersyukur jadi full IRT anak2 selalu dalam pantauan. Walau kadang ngenes kalau uang belanja bulanan gak ada kembalian. Gagal checkout sepatu batminton. ,love
@USER @USER Kalau sama sama ngabisin uang kapan kaya nya dong ,happy
Rekor terbanyak aku nemu uang itu 5000 yen di salah satu gang kecil di kota Tokyo yg masih basah karena abis hujan pada malam hari.,sadness
knp y punya hobi mhl bgt (mnurutku) kek ..mnumpuk buku meronce mnontn konser.. aaaaaaa UANG MANA UANG,anger
Di sudut ruangan yang temaram Miyano duduk bersila di atas tatami. Ia sedang berkunjung ke rumah nenek dan ini hal pertama uang ia lakukan. Matanya tertuju pada selembar kertas lusuh berisi syair kuno karya Matsuo Bashō. &gt;,sadness
@USER @USER Pinjam uang masnya dulu bisa nanti saya gantiin kalau ingat mas.,love
@USER Ak goj*k dulu deh nyari uang untuk nafkahin kamu ,happy
@USER Guru itu pengajar tp cuma sedikit yg jd pendidik Maaf jg anak2 skrg krisis keteladanan krn hampir gak ada di negri ini yg bisa dijadikn teladan ortu nya sibuk nyari duit buat bertahan hidup pejabat negara ny sibuk memperkaya diri dgn uang haram anak2nya jg makan dr uang haram,anger
@USER Iya aku ngerasain kok apalagi beda pulau gitu . Tim nunggu oren tapi gak punya uang akunya ,love
Makasih temen kuu doain aku sukses yg baca juga sukses aamiin biar aku balas jasa² mu yg mau minjemin aku uang buat byr UKT di pinjemin laptop antar jemput bahkan buat makan siang aku di kasih kadang aku kalau malem suka nangis kapan ini berhenti,happy
ㅤ uang sisa dikit di atm dan habis melakukan adegan berbahaya sebelum tanggalnya ditf donatur siap siap mulai besok makan di rumah mulu ㅤ,sadness
dgn sisa uang 49rb harus bertahan sampe akhir bulan APRIL LAMA BGT WOYYYY https://t.co/xz3uFXLXZE,sadness
@USER Demi uang segepok why not bes,happy
@USER @USER @USER Ya itu bool lu aja yang useless bool temen gw selain bisa di pake orang ngehasilin uang juga makannya punya bool dirawat biar berguna,anger
@USER Alokasikan uangnya untuk : 1. Kursus atau kelas pokoknya ningkatin soft &amp; hardskill 2. Modal untuk kerja keluar negeri 3. Simpan x6 bulan sesuai gaya hidup yang sekarang (jangan dihambur hamburkan karena pegang uang),happy
@USER Tuh kan bener jadi mubadzir dech uang 14 triliyun itu bisa beliin mobil untuk seluruh rakyat Indonesia ,love
@USER mas kawin ku tuh senilai tanggal nikahan ku nder 3-3-24 cincin emas 3gram dan uang 324 ribu rupiah. ini juga salah satu dream wedding aku pas kecil kalau nikah mau mas kawin nya sesuai tanggal nikah dan alhamdulilah suami sanggupin ,fear
UANG RAKYAT DIBUANG BUANG TANPA ADA GUNA. KECUALI MASUK SAMPAH.,anger
@USER Anggaran ga mungkin turun jika tdk di tandatanganin DPRD dan verifikasi kemendagri Gub bukan seorang Raja yg bisa seenaknya gunakan uang negara.,anger
Semenjak pembayaran bisa cashless udah gak pernah mungut uang up to 300rb di jalan. *hestek STOP QRIS*,anger
Oke lah pak siap tapi lebih enak di medsos lah biar dunia tau pengelolaan uang negera harus benar dan transparan. Gitu aja kok repot sih pak.. https://t.co/Ph23c0SEAG,sadness
@USER iya nih lagi nyari uang buat nikah (?),anger
@USER @USER @USER Kalo aku punya uang dan waktu gabut gpp kuladeni sekalian,love
@USER Aman.. Aamaaan.. Kita punya banyak uang.. Rinciannya gimana? Pokoknya ada!,anger
knapa si dunia perlu ini itu klo ga pasti uang gue udah banyak,anger
@USER Pada dasar nya siswa dr keluarga mampu itu tidak butuh MBG. Sebaik nya MBG diberikan kpd siswa tidak mampu di setiap sekolah dalam bentuk uang tunai kepada orang tua siswa tidak mampu dng demikian tidak ada pemborosan anggaran.,anger
semenjak beli barang di orang itu ga pernah komunikasi lagi even dulu nya segrup skrng mencar cukup tau aja uang gua habis di dia hampir 1jt awalnya barang gabisa di gunain samsek dan gua diemin bbrp hari itu barang karna merasa muak akhirnya gua akalin pake lem tembak,love
@USER Cepet akurnya ya uang memang segalanya walau salib sudah dirusak terus digantiin yg baru langsung akur bro,happy
@USER @USER ini kenapa error dah gue lg mau bayarrr uang gue cuman disitu njir. Bangke lah,fear
Ihh abang ku nii pengen aku pukul masa anaknya minta jajan malah disuruh minta uang sama aku,sadness
@USER Dih kenapa deh? Sheikh Mansour my lord my savior gak ngasih uang dan dukunnya? ,anger
@USER eror kok jam segini min? yang bener aja dong uang saya gimana?,anger
@USER saya minta uang buat saya istri dari yunho,anger
@USER Uang Kesehatan Tidur Workout Game,love
@USER uang cibu aja bil,happy
Udah ditahap menolak ajakan nikah muda dan aku ngerasa bakal nikah mungkin umur 30an bodo amat kata tetangga gimana juga soalnya banyak yang harus aku kejar apalagi mimpi aku tuh pengen punya usaha sendiri biar berhenti kerja tuh uang tetep berputar gitu,fear
@USER Koplak! Ni gegara kehabisan uang....pusing 7 keliling. Efisiensi sdh dilakukan tp pengeluaran fantastis utk MBG KMP jalan terus. Hasil dr eksport dan pajak ga bisa nutupi defisit anggaran. Tabrak sana sini...,anger
@USER Pi adalah mata uang digital baru yang dikembangkan oleh Stanford PhD dengan lebih dari 55 juta anggota di seluruh dunia. Untuk mengklaim Pi Anda ikuti tautan ini https://t.co/AQzhJzSBS0 dan gunakan nama pengguna saya (Yemryevendy) sebagai kode undangan Anda.,love
Gatau aja uang warga indo bisa buat embege bertahun-tahun ,anger
@USER Mode survival.. Tetapi uang rakyat dihambur2kan pada program yg tdk prioritas dan tidak akuntable..,anger
@USER Banyakan uang kakak tuh tapi,happy
Lebih butuh uang sih sejujurnya https://t.co/aT3igkkxEk,anger
@USER @USER Jgn pcy si penghianat. 11-12 dgn jokowi setali tiga uang.,happy
ceritanya spending uang buat jalan2 keluar kota. Beli2 barang tersier. Branded stuff. Device pemuas sosmed dan gengsi. Eh ya Allah kurang bersyukur ni bocah Dipikir2 keren juga ortuku ga ngasih kepuasan tersier ke aku. Tapi tetep ngeprovide sekolahku,sadness
@USER @USER Mohon maaf ini konsepnya aku bukan ngabisin uang ku buat mokondo yaaa :(,love
Kita Mikir Nih Jadi Cowo Harus Ada Pematangan Uang Ada Yang Namanya Bangun Rumah Buat Masa Depan Istri Sama Anak Kita Belum Mikirin Gimana Strategi Buat Persiapan Diri Usahakan Diri Kalau Belum Punya Apa Apa Cari Uang Terlebih Dahulu Kita Harus Mikirin Biaya Rumah Biaya Angsuran,anger
@USER jadi orang kaya raya banyak uang kak,anger
@USER agama dan uang,love
Hahaha pembahasan ini curhat ke tmn cwo bilang mau lanjut s2. Di bilang ngapain buang2 uang:),anger
 Kalau uang habis harus cepetan ngomong ya -mama,sadness
mau ngeluh merasakan apa-apa naik kebutuhan pokok naik pokoknya uang 100rb jujur kyk gampang bgt habis. tapi disela-sela itu masih dicukupkan sama Allah alhamdulillah. harus banyak bersyukur buar hati lebih ringan. tetep terus berdoa semoga Allah jaga semuanya,anger
ada yg tau uang gw kmn,anger
@USER Hi Yuha. Adekmu @USER mau pinjam uang seratus. Boleh?,happy
Kadang ngerasa udh boros tp uang ga abis2,sadness
aku ngumpulin dr sisa uang saku skull n eskul buat mng eh mala gahoki lagi ajg pdhl tabungan udh lebih gocap lohya ,anger
Jaga Diri Itu Bukan Soal Matang Atau Siap Gak Nya Mapan Tapi Kalau Lu Kagak Ada Uang Atau Kalah Ekonomi It's Okey Gua Gak Masalah Bakal Cari Yang Pas Buat Diri Gua Juga Bukan Sekedar Soal Uang Karena Bagi Gua Lebih Baik Jaga Diri Dari Pada Nahan Rasa Sakit Terus Terusan Gak Guna,anger
Pengalaman dari keluarga miskin yaitu setiap anak tidak ajarkan cara mencari uang logika masuk keluarnya uang tetapi langsung disuruh mencari uang tanpa dasar pondasi mencari uang itu seperti apa.,anger
dulu smp tiap dikasih uang 150k buat uang jajan bulanan di asrama kebanyakan mesti sisa sampe jatah bulan depan. sekarang sekalinya keluar rumah dan mata lapar 150k habis gitu aja... mana parkir tiap berhenti kadang beda²‍️ada yg seribu dua ribu bahkan empat ribu..,anger
@USER @USER Aku bantu ngabisin uang bole,love
Gua Sedang Growth Up Upgrade Diri Buat Jadi Orang Karyawan Atau Setidaknya Punya Uang Buat Diri Gw Sendiri Pegangan Karena Kalau Gak Punya Yauda Jalanin Aja Nikmatin Sendiri Kalau Di Beri Kepastian Atau Harapan Buat Jalanin Lebih Serius Lebih Matang Gua Harus Berpikir Diri Gua,anger
@USER Cari uang buat kamu,anger
