"conversation_id_str","created_at","favorite_count","full_text","id_str","image_url","in_reply_to_screen_name","lang","location","quote_count","reply_count","retweet_count","tweet_url","user_id_str","username"
"2048074679886434638","Sat Apr 25 17:40:10 +0000 2026","0","@direktoridosen Jangan takut kompetisi jangan takut kompetisi. Berak. Sono ngomong ke temen lu Bahlil. SPBU luar sangat dibatesin geraknya buat usaha disini. Ngomong jg ke org dpr yg punya grup singa terbang yg memonopoli banyak rute lokal. Giliran dosen disuruh kompetisi. ","2048094731188752621","","direktoridosen","in","","0","0","0","https://x.com/undefined/status/2048094731188752621","68945123",
"2048091815044403416","Sat Apr 25 17:28:35 +0000 2026","0","BAHLIL ANJ","2048091815044403416","","","in","","0","0","0","https://x.com/undefined/status/2048091815044403416","2017924033740967936",
"2048031655034761290","Sat Apr 25 17:24:26 +0000 2026","0","@Pengikutdaj55 Ya ga paham adiknya Bahlil berarti","2048090772789149757","","Pengikutdaj55","in","","0","0","0","https://x.com/undefined/status/2048090772789149757","1171825311517773825",
"2048087470001258666","Sat Apr 25 17:11:19 +0000 2026","0","Mau pake tumbler partai ada muka bahlil segede gaban dan kalaupun itu satu satunya yang gua punya akan tetap gua bawa apa urusannya sama pikiran orang bodo amat lah Pls stop mikirin perasaan orang lain itu hal utama drpd diri lo sendiri your life matters.","2048087470001258666","","","in","","0","0","0","https://x.com/undefined/status/2048087470001258666","1339913518812782592",
"2048030213746118949","Sat Apr 25 17:07:21 +0000 2026","0","@Rebornian48 Buzernya bahlil itu kah bon?","2048086473547862035","","Rebornian48","in","","0","0","0","https://x.com/undefined/status/2048086473547862035","1901205428857643009",
"2048086033158545604","Sat Apr 25 17:05:36 +0000 2026","0","Warning lebih banyak dari hasil kerja Bahlil tapi masih dikira game yang aman buat bocil tolol https://t.co/diTB1jyNhs","2048086033158545604","https://pbs.twimg.com/media/HGxDZNMaEAADEwC.png","","in","","0","0","0","https://x.com/undefined/status/2048086033158545604","1656249747601231872",
"2047902527413428647","Sat Apr 25 17:04:04 +0000 2026","1","@myron_pi adiknya bahlil berarti","2048085648385687859","","myron_pi","in","","0","1","0","https://x.com/undefined/status/2048085648385687859","1171825311517773825",
"2048082529329270898","Sat Apr 25 16:51:41 +0000 2026","0","jelek bgt sinyal kek muka bahlil","2048082529329270898","","","in","","0","0","0","https://x.com/undefined/status/2048082529329270898","1008748934569680903",
"2047803567625675064","Sat Apr 25 16:41:24 +0000 2026","0","@doelpaten Banyak2 dengerin kasir negara pur ngomong dah. Kalo belon puas dengerin Dadan. Masih kurang? Dengerin Bahlil. Dijamin . Anda akan merasa lebih waras dari mereka ","2048079943377256839","","doelpaten","in","","0","0","0","https://x.com/undefined/status/2048079943377256839","1501140967285354497",
"2047735212390662407","Sat Apr 25 16:35:54 +0000 2026","0","@AnakLolina2 pak tedi mah baik cuma di bahlil itu yg harus dan harus dibuang nyusahin rakyat mulu","2048078560423022860","","AnakLolina2","in","","0","0","0","https://x.com/undefined/status/2048078560423022860","1497997038448898050",
"2048066244168061212","Sat Apr 25 16:32:57 +0000 2026","0","@Imhereforreply @L_MarshaJKT48 Haha gambar Bahlil asli yang cerah banget tadi itu loh! Yang di reply sebelumnya. Dah capek ya? Oke deh mending nonton JKT48 bareng Marsha-nya. Lucu banget sih! Kalau mau edit ulang bilang aja ya ","2048077817145970770","","Imhereforreply","in","","0","0","0","https://x.com/undefined/status/2048077817145970770","1720665183188922368",
"2048066244168061212","Sat Apr 25 16:30:32 +0000 2026","0","@Imhereforreply @L_MarshaJKT48 Haha bener juga editannya kurang mirip ya? Maaf salah pasang muka. Ini Bahlil Lahadalia asli yang cerah banget kayak di GIF-mu! ","2048077206090326086","","Imhereforreply","in","","0","1","0","https://x.com/undefined/status/2048077206090326086","1720665183188922368",
"2048077070589423708","Sat Apr 25 16:29:59 +0000 2026","0","gamau di samain sm bahlil ","2048077070589423708","","","in","","0","0","0","https://x.com/undefined/status/2048077070589423708","1934760722535469058",
"2048066244168061212","Sat Apr 25 16:27:37 +0000 2026","0","@Imhereforreply @L_MarshaJKT48 Sudah diedit jadi Bahlil Lahadalia ya! Cerah banget juga nih. https://t.co/TjO7zNFDap","2048076475350347875","https://pbs.twimg.com/media/HGw6s6ZWUAAVhqV.jpg","Imhereforreply","in","","0","1","0","https://x.com/undefined/status/2048076475350347875","1720665183188922368",
"2048071927512920419","Sat Apr 25 16:09:33 +0000 2026","0","Fakkk abis liat salasatu komen di tt MBG: mas bahlil ganteng ","2048071927512920419","","","in","","0","0","0","https://x.com/undefined/status/2048071927512920419","1275270074366955522",
"2048048504069824866","Sat Apr 25 16:09:08 +0000 2026","0","@akuciaaaaa Cari bahlil","2048071820629426351","","akuciaaaaa","in","","0","0","0","https://x.com/undefined/status/2048071820629426351","947632364003368961",
"2048071273507594416","Sat Apr 25 16:08:44 +0000 2026","0","@blogmunson de bahlil lelaw","2048071720804995333","","blogmunson","in","","0","1","0","https://x.com/undefined/status/2048071720804995333","1742917991434698753",
"2048066635521794400","Sat Apr 25 16:02:15 +0000 2026","0","@natyeong Emang Bahlil udah ngelarang kangen sama temen ya? ","2048070089514373620","","natyeong","in","","0","1","0","https://x.com/undefined/status/2048070089514373620","1296578201704005632",
"2048069357323125088","Sat Apr 25 15:59:20 +0000 2026","0","side nya apa tuh? kalo bahlil saya gak mau.","2048069357323125088","","","in","","0","0","0","https://x.com/undefined/status/2048069357323125088","2028826072226357248",
"2048068109270196626","Sat Apr 25 15:54:23 +0000 2026","0","Pengen ganti nama jadi Dinda biar dipanggilin mulu sama Kanda (Bahlil).","2048068109270196626","","","in","","1","0","1","https://x.com/undefined/status/2048068109270196626","824517928917757952",
"2048067132269969688","Sat Apr 25 15:50:30 +0000 2026","0","BGN MBG PRABOWO GIBRAN BAHLIL DADAN DAN SPPG ADALAH WORD TRIGGER BAGI GW","2048067132269969688","","","in","","0","1","0","https://x.com/undefined/status/2048067132269969688","947424208664932352",
"2048066036084465776","Sat Apr 25 15:46:08 +0000 2026","0","w kira bahlil anjing","2048066036084465776","","","in","","0","1","0","https://x.com/undefined/status/2048066036084465776","1916860409065488384",
"2048060592238514534","Sat Apr 25 15:44:34 +0000 2026","0","@leilhaechan Ponakannya bahlil begini nih.","2048065639760515278","","leilhaechan","in","","0","1","0","https://x.com/undefined/status/2048065639760515278","1116389021905592321",
"2048064332706320858","Sat Apr 25 15:39:22 +0000 2026","0","Pemerintah tetap menjaga stabilitas energi nasional. Menteri ESDM Bahlil Lahadalia menegaskan BBM subsidi tetap dilindungi untuk masyarakat #berita #bahlillahadalia #darirakyatuntukenergi #esdmfu https://t.co/PQ7m2q6H3X","2048064332706320858","https://pbs.twimg.com/media/HGwvp1waQAEkMvg.jpg","","in","","0","0","0","https://x.com/undefined/status/2048064332706320858","1727703517975252992",
"2047809260617429175","Sat Apr 25 15:28:14 +0000 2026","0","@denni_sauya 2 menteri terbodoh @prabowo 1. Bahlil 2. Purbaya Menteri Keuangan pelawak","2048061530923798730","","denni_sauya","in","","0","0","0","https://x.com/undefined/status/2048061530923798730","1767455135842926592",
"2048048011394392347","Sat Apr 25 15:27:23 +0000 2026","0","@seuligie @_ Ibu peri lebih baik balik ke khayangan lagi soalnya di bumi ada Bahlil. ","2048061313801457965","","seuligie","in","","0","1","0","https://x.com/undefined/status/2048061313801457965","2757414705",
"2047319281495654485","Sat Apr 25 15:13:36 +0000 2026","0","@Ballericnare Kamu aja sana kan matching ntu Belle x Bahlil.","2048057846957592833","","Ballericnare","in","","0","0","0","https://x.com/undefined/status/2048057846957592833","1825829534819823618",
"2048057674345132424","Sat Apr 25 15:12:55 +0000 2026","0","Setelah liat pernyataannya Bahlil tentang baca buku gw udah gak heran kok kalo rezim ini bikin kebijakan kayak gini.","2048057674345132424","","","in","","0","0","0","https://x.com/undefined/status/2048057674345132424","1468130584383819777",
"2048043711695835168","Sat Apr 25 15:10:15 +0000 2026","0","@brkskbnn Saya lapor Anda ke Pak Bahlil ","2048057005651447828","","brkskbnn","in","","0","1","0","https://x.com/undefined/status/2048057005651447828","86934018",
"2048054868028571870","Sat Apr 25 15:07:30 +0000 2026","0","@shinyupasming @helloyuyaa @yuyadimsum @jihoonjaktim @pimchanwan @boljjippangyin mahasiswa bahlil","2048056312530190771","","shinyupasming","in","","0","2","0","https://x.com/undefined/status/2048056312530190771","1683498045068185602",
"2047741981733052574","Sat Apr 25 15:06:10 +0000 2026","175","@cupchake Astaghfirullah kak ini mah udh jelas2 bullying gaada merasa bersalahnya jg. Kalo mereka sindir2an lagi blgin gini selama ini berarti kalian tuh sadar dong kalo berisik dan ganggu kenyamaan orang? Kalo mau teriak2 mending ngekos di hutan aja dan semoga jodoh lu mirip bahlil ","2048055975148671145","","cupchake","in","","0","1","1","https://x.com/undefined/status/2048055975148671145","1306195958506516480",
"2048054933115601253","Sat Apr 25 15:02:01 +0000 2026","6","Damn. Selamat datang fasisme. Makin mengamplifikasi komentar Bahlil soal Udah bukan ilmu buku lagi dismissing ahli anti-intelektualisme","2048054933115601253","","","in","","0","0","2","https://x.com/undefined/status/2048054933115601253","1139937040357711873",
"2047707018572775885","Sat Apr 25 14:59:24 +0000 2026","0","@markjenciy usn @markjenciy nyebut bahlil sekali kiamat maju satu abad","2048054273632854504","","markjenciy","in","","0","0","0","https://x.com/undefined/status/2048054273632854504","1647288853211013120",
"2048028470845051378","Sat Apr 25 14:56:38 +0000 2026","1","@warpopski foto bahlil terima ga?","2048053576484991151","","warpopski","in","","0","0","0","https://x.com/undefined/status/2048053576484991151","993404623",
"2048053345454309382","Sat Apr 25 14:55:43 +0000 2026","0","Ada tulisan khusus yg isinya ilmu utk mendidik gak dibaca giliran fanfic malah disuruh jadi tulisan yg mendidik. Negara udh tebolak balik emang efek bahlil","2048053345454309382","","","in","","0","0","0","https://x.com/undefined/status/2048053345454309382","2022992831598739456",
"2048051556617232839","Sat Apr 25 14:48:36 +0000 2026","0","Iteman gw apa bahlil","2048051556617232839","","","in","","0","0","0","https://x.com/undefined/status/2048051556617232839","1621101169434333187",
"2048043971079983117","Sat Apr 25 14:43:48 +0000 2026","1","@Tobias744 @elonmusk Wkwkwk.. gw aja gak ngerti cara nya.. Yg ptg puas aja Punya hobby bacotin Bahlil!! Duit Yahudi jd gak pentink ","2048050347827175463","","Tobias744","in","","0","0","0","https://x.com/undefined/status/2048050347827175463","1118723550649544704",
"2048028470845051378","Sat Apr 25 14:25:15 +0000 2026","0","@warpopski Bahlil datang mau borong buat jumat berkah boleh gak min","2048045678707032124","","warpopski","in","","0","0","0","https://x.com/undefined/status/2048045678707032124","1005945751",
"2048045174161580528","Sat Apr 25 14:23:15 +0000 2026","0","Kata gua mah ngedadak sih ngedadak tapi kagak gini juga lah bahlil","2048045174161580528","","","in","","0","0","0","https://x.com/undefined/status/2048045174161580528","1628267588311724032",
"2048021396396335307","Sat Apr 25 14:16:43 +0000 2026","13","@yusuf_dumdum Percuma ganti. Kalo aslinya susunan kabinet cuma: 1. Prabowo 2. Teddy 3. Kepala BGN 4. Bahlil. Yg lain pajangan doang . Ga ngefek","2048043533807034735","","yusuf_dumdum","in","","0","0","2","https://x.com/undefined/status/2048043533807034735","618479571",
"2048042652525113643","Sat Apr 25 14:13:13 +0000 2026","0","siapa yg setuju bahlil unggul 1-0 sama shinichi kudo https://t.co/ztLdAvXUca","2048042652525113643","https://pbs.twimg.com/media/HGwb75GaAAA2Kx4.jpg","","in","","0","0","0","https://x.com/undefined/status/2048042652525113643","1629747381356089348",
"2048014532308799971","Sat Apr 25 14:11:07 +0000 2026","0","@vuacre coba liat paling sebelas duabelas sama bahlil","2048042120888631399","","vuacre","in","","0","1","0","https://x.com/undefined/status/2048042120888631399","2036483605615239169",
"2048017081086484698","Sat Apr 25 14:10:06 +0000 2026","0","@lukiosan Bahlil pun ga percaya","2048041865031881099","","lukiosan","in","","0","0","0","https://x.com/undefined/status/2048041865031881099","1383638996",
"2048039843666747642","Sat Apr 25 14:02:04 +0000 2026","0","oppa bahlil","2048039843666747642","","","in","","0","0","0","https://x.com/undefined/status/2048039843666747642","2040497422913417217",
"2048039630793302369","Sat Apr 25 14:01:13 +0000 2026","4","pas nebak pw kek apa ya... bahlil? eh itu mah 6 pas mikir lagi.. oalah ternyataa dan di ketik ternyata lngsung bener kwkwk","2048039630793302369","","","in","","1","0","0","https://x.com/undefined/status/2048039630793302369","1912858212514336768",
"2048036624114835545","Sat Apr 25 13:58:20 +0000 2026","0","@shapzn pake ava Bahlil","2048038904490766545","","shapzn","in","","0","1","0","https://x.com/undefined/status/2048038904490766545","2036483605615239169",
"2048036671279796247","Sat Apr 25 13:58:09 +0000 2026","0","@hawuchan Ngapa si bahlil","2048038860702265506","","hawuchan","in","","0","1","0","https://x.com/undefined/status/2048038860702265506","3096524198",
"2048017735859548575","Sat Apr 25 13:58:08 +0000 2026","0","@nicorwobin kudo shinichi vs bahlil menangan siapa by","2048038856461881734","","nicorwobin","in","","0","1","0","https://x.com/undefined/status/2048038856461881734","1629747381356089348",
"2048015858690097213","Sat Apr 25 13:53:13 +0000 2026","34","@anfess_ Kalo gw jadi dia gw juga tulis tuh nama bahlil","2048037619964248320","","anfess_","in","","1","0","9","https://x.com/undefined/status/2048037619964248320","1070044576872714240",
"2048007827491561705","Sat Apr 25 13:50:22 +0000 2026","0","@adxraboy di bisa bisain masa bahlil jelek aja bisa nerobos jadi mentri kamu buka gituan aja nda bisa","2048036901379330050","","adxraboy","in","","0","1","0","https://x.com/undefined/status/2048036901379330050","1626826955265019904",
"2047935146268176548","Sat Apr 25 13:44:40 +0000 2026","0","@rofmeov 8. Ganti presiden 9. Bahlil jatoh di kamar mandi","2048035467317416200","","rofmeov","in","","0","0","0","https://x.com/undefined/status/2048035467317416200","1830653152884043776",
"2048012226007826768","Sat Apr 25 13:43:40 +0000 2026","0","@injeolmmmi Bahlil kah lu dik","2048035214283489318","","injeolmmmi","in","","0","0","0","https://x.com/undefined/status/2048035214283489318","1781712452557963264",
"2048029909214478634","Sat Apr 25 13:42:53 +0000 2026","0","@Darhedevil Kamu mau bub aku ya kakak Bahlil.","2048035017700630925","","Darhedevil","in","","0","0","0","https://x.com/undefined/status/2048035017700630925","2469144686",
"2048032370822197729","Sat Apr 25 13:42:36 +0000 2026","0","@uwupoll temen gw kmren ada yg pamer gini besoknya disamperin bahlil https://t.co/zKqCyecD83","2048034944568697306","https://pbs.twimg.com/media/HGwU7cwb0AAV4Po.jpg","uwupoll","in","","0","1","0","https://x.com/undefined/status/2048034944568697306","1743186149076791296",
"2048033304298041701","Sat Apr 25 13:36:05 +0000 2026","0","Gimana postingan ttg JKW Bahlil ataupun Teddy jadi pundimu kan? sudah terima kasih belom ama mereka?","2048033304298041701","","","in","","0","0","0","https://x.com/undefined/status/2048033304298041701","2922114955",
"2047820585535943152","Sat Apr 25 13:31:36 +0000 2026","0","@Dussyme BAHLIL","2048032179679269083","","Dussyme","tr","","0","0","0","https://x.com/undefined/status/2048032179679269083","1630433162433302529",
"2048030213746118949","Sat Apr 25 13:28:39 +0000 2026","74","@Rebornian48 beby sering ketemu bahlil nggak ya","2048031435727274044","","Rebornian48","in","","0","6","12","https://x.com/undefined/status/2048031435727274044","1207605303669211136",
"2048029632541360446","Sat Apr 25 13:21:29 +0000 2026","17","Sangat Masuk Akal Jika Bahlil Di-Reshuffle https://t.co/nYatHrfGjG","2048029632541360446","","","in","","0","1","10","https://x.com/undefined/status/2048029632541360446","887743587579944960",
"2048028653334970520","Sat Apr 25 13:17:36 +0000 2026","0","Bahlil gw ilang https://t.co/M1n0XWhZOZ","2048028653334970520","https://pbs.twimg.com/media/HGwPMUYbwAA11oV.jpg","","in","","0","0","0","https://x.com/undefined/status/2048028653334970520","1658772890018533377",
"2047319281495654485","Sat Apr 25 13:17:00 +0000 2026","0","@barculers Kenapa ih kk pake bahlil iconic tuh nanti gavin ft bahlil ","2048028504114253917","","barculers","in","","0","1","0","https://x.com/undefined/status/2048028504114253917","1948989080207065093",
"2048015675994583205","Sat Apr 25 13:15:29 +0000 2026","4","@merch_fesss bahlil menyukai tweet ini","2048028121342112075","","merch_fesss","in","","0","0","0","https://x.com/undefined/status/2048028121342112075","951734211009855489",
"2047932804680573125","Sat Apr 25 13:12:43 +0000 2026","0","@BARI_klana tahu bahlil","2048027424403939530","","BARI_klana","in","","0","1","0","https://x.com/undefined/status/2048027424403939530","1993981223866396672",
"2048027275493576745","Sat Apr 25 13:12:36 +0000 2026","0","Ini kalo gak di acc parah aduin bahlil soalnya udh nurunin gengsi","2048027396289491425","","pors8che","in","","0","0","0","https://x.com/undefined/status/2048027396289491425","2003100517850025984",
"2047682013369381066","Sat Apr 25 13:08:25 +0000 2026","0","@tanyakanrl Ga tau. Enak semua soalnya mau manapun bisa ngaduin bahlil monokotil dkk nya ke atasan.","2048026341896024107","","tanyakanrl","in","","0","0","0","https://x.com/undefined/status/2048026341896024107","958944903538462720",
"2048016407187849369","Sat Apr 25 12:59:49 +0000 2026","0","@haminciko bawail bahlil","2048024178323017737","","haminciko","in","","0","1","0","https://x.com/undefined/status/2048024178323017737","1629206474357604352",
"2048024123994218997","Sat Apr 25 12:59:36 +0000 2026","0","Sebenarnya saya pengen bikin akun perlawanan terhadap pemerintah. Tapi ya saya mikir2. Udah paling enak itu nyerang Jokowi-Gibran-Bahlil aja aman. Jangan nekat nyebut nama Mr P","2048024123994218997","","","in","","0","0","0","https://x.com/undefined/status/2048024123994218997","1974133393077198848",
"2047481920351797293","Sat Apr 25 12:58:39 +0000 2026","0","@msaid_didu Tanpa Jokowi dan LBP mustahil Bahlil jadi Ketum Golkar.","2048023885569036616","","msaid_didu","in","","0","0","0","https://x.com/undefined/status/2048023885569036616","1825921155481612290",
"2048019069551694071","Sat Apr 25 12:56:52 +0000 2026","0","@Gi_N0ng Percoyo opo milih dari Adine bahlil","2048023438712086908","","Gi_N0ng","in","","0","1","0","https://x.com/undefined/status/2048023438712086908","1171825311517773825",
"2048012352390565965","Sat Apr 25 12:54:17 +0000 2026","0","@noopiieeeeee Milih percoyo opo Adine bahlil","2048022786606858706","","noopiieeeeee","in","","0","1","0","https://x.com/undefined/status/2048022786606858706","1171825311517773825",
"2048020289683157317","Sat Apr 25 12:48:17 +0000 2026","0","@baseconvo Iya makasih ya Semangat jg kita semua termasuk pak bahlil dan limbad","2048021275491303516","","baseconvo","in","","0","0","0","https://x.com/undefined/status/2048021275491303516","458022089",
"2048021122336337925","Sat Apr 25 12:47:40 +0000 2026","0","orang yang hampir confess (bahkan udh confess tapi blm ngajak pacaran) trnyata bisa jg ga keep contact seharian. gue masih heran tapi yg gue tau dia emg sibuk bgt tapi dia emg kaya tai jg ngalahin bahlil sibuknya. apakah gw hrs jadi cegil nanya lgsg bang ayo kita pacaran aja","2048021122336337925","","","in","","0","0","0","https://x.com/undefined/status/2048021122336337925","1486028439618727936",
"2047994192782410087","Sat Apr 25 12:46:32 +0000 2026","0","@ajmilirodah wkwkwkwkwkw ya kaan kaaa aku mikir kesitu aja walau gak proper sih udh bayangin bisa foto di umbul2 ming bareng poca + doll eh kampret kaga ada tapi yaudalah dripada umbul2 bahlil makin gamau akuuu. wkwkwkwkwk macam kader golkar nantinya kaaa ","2048020834711925161","","ajmilirodah","in","","0","1","0","https://x.com/undefined/status/2048020834711925161","1351997215",
"2048009268880891983","Sat Apr 25 12:43:30 +0000 2026","0","@compactdium Yang jelek di dunia ini cuma Bahlil","2048020071386423661","","compactdium","in","","0","0","0","https://x.com/undefined/status/2048020071386423661","1485439538889912321",
"2048019368098074941","Sat Apr 25 12:40:42 +0000 2026","4","Bahlil takut nanti butuh suara PDIP tp gak sejalan dasar politisi Padahal Golkar itu inisiator pertai dg pergantian ketum paling baik menurutku jd tidak ada yg dominan berkuasa di partai","2048019368098074941","","","in","","0","1","1","https://x.com/undefined/status/2048019368098074941","1709123175450288128",
"2048017739282038910","Sat Apr 25 12:34:14 +0000 2026","21","Said Didu: Golkar Sudah Dikendalikan Jokowi Sejak Bahlil Jadi Ketum https://t.co/0VszBtPOSN","2048017739282038910","","","in","","2","0","14","https://x.com/undefined/status/2048017739282038910","887743587579944960",
"2047540693569298640","Sat Apr 25 12:32:51 +0000 2026","0","@nihiliisme Ogah bgt liatnya jir lu harusnya ke IA skrg gan foto bareng sama bannernya bahlil ","2048017391947559393","","nihiliisme","in","","0","0","0","https://x.com/undefined/status/2048017391947559393","4675756812",
"2047924706976870512","Sat Apr 25 12:30:25 +0000 2026","1","@SumandoGaek Sekelas Bahlil &amp; Kapolri aja takut Ganti Kapolri kalau berani","2048016780623499702","","SumandoGaek","in","","0","0","0","https://x.com/undefined/status/2048016780623499702","1941490384796057600",
"2048015476522197282","Sat Apr 25 12:25:14 +0000 2026","0","Gue liat banyakan tuntutan ke author daripada kerjaan bahlil","2048015476522197282","","","in","","0","0","0","https://x.com/undefined/status/2048015476522197282","1987604622371139584",
"2048012451996938408","Sat Apr 25 12:22:12 +0000 2026","0","@ryulsite YES alhamdulillah aku udh menanti hari ini tiba Terimakasih bahlil terimkasih satpam terimakasih ya Allah","2048014713230139527","","ryulsite","in","","0","1","0","https://x.com/undefined/status/2048014713230139527","1712456407356977152",
"2048000313765007468","Sat Apr 25 12:20:30 +0000 2026","0","@cinammonours gambarin bahlil kak","2048014286526750921","","cinammonours","in","","0","0","0","https://x.com/undefined/status/2048014286526750921","1282811068142612480",
"2047901335870402761","Sat Apr 25 12:17:11 +0000 2026","0","@__AnakKolong Ada aja yang pancing auto demo besar ini kaya agustus. Ayo bahlil naikkan harga solar-pertalite!!","2048013450853679512","","__AnakKolong","in","","0","0","0","https://x.com/undefined/status/2048013450853679512","1766120500508717057",
"2047707018572775885","Sat Apr 25 12:12:56 +0000 2026","0","@my_j2304 bahlil upsss maaf kalo benerr","2048012381960470606","","my_j2304","in","","0","1","0","https://x.com/undefined/status/2048012381960470606","1380867490599727105",
"2048012352390565965","Sat Apr 25 12:12:49 +0000 2026","5","Aku dan kamu ngobrol berdua terus kita bicarakan masa depan yang sirik fix temennya Bahlil sama Dadan","2048012352390565965","","","in","","0","5","0","https://x.com/undefined/status/2048012352390565965","1171825311517773825",
"2048010760245379410","Sat Apr 25 12:06:30 +0000 2026","4","inikah saatnya...... pls bahlil aja kek sono yg wmil gt","2048010760245379410","","","in","","0","0","0","https://x.com/undefined/status/2048010760245379410","1409108644881338371",
"2048010509581230402","Sat Apr 25 12:05:30 +0000 2026","0","Jaga Marwah Diplomasi Presiden Prabowo Ambil Alih Peran Lobi Menteri Bahlil https://t.co/EhkhJvZXFF https://t.co/faMNquSUzv","2048010509581230402","https://pbs.twimg.com/media/HGv-tJLbQAAsUFN.jpg","","in","","0","0","0","https://x.com/undefined/status/2048010509581230402","1857478545024626690",
"2047992086818083017","Sat Apr 25 12:02:46 +0000 2026","0","@nayalogy KENAPA JARINYA BAHLIL SIH","2048009821207859475","","nayalogy","in","","0","0","0","https://x.com/undefined/status/2048009821207859475","1388511307708518401",
"2048003263384142022","Sat Apr 25 12:01:10 +0000 2026","0","@shiznyu @1 Kecewa gak kalo tanggal 29 nanti kita mau pap mukanya pake muka bahlil dan kawan kawan? Coba tebak admin Creamoire ada berapa? Kalo bener saya kasih tepuk sakinah.","2048009420119192051","","shiznyu","in","","0","1","0","https://x.com/undefined/status/2048009420119192051","230420061",
"2047836277274476549","Sat Apr 25 11:59:53 +0000 2026","3","@Ableh_Kusut @tahilalats fukkk . untung aja gak dikutuk jd bahlil","2048009095828185131","","Ableh_Kusut","in","","0","0","0","https://x.com/undefined/status/2048009095828185131","1759273445500850176",
"2048008873286758821","Sat Apr 25 11:59:00 +0000 2026","0","Idrus Marham Respons Keras Hasil Survei LSSIR Soal Bahlil Lahadalia: Bertentangan Dengan Fakta &amp; Akal Sehat #bahlillahadalia #kuningkeren #golkarindonesia #partaigolkar #GolkarSolid https://t.co/q8sPX045F6","2048008873286758821","","","in","","0","0","0","https://x.com/undefined/status/2048008873286758821","721898354502930433",
"2047974002363412853","Sat Apr 25 11:58:05 +0000 2026","0","@writeuwhen mbah yunah ga lari dia mau nabok bahlil pakai tabung lpg koket itu","2048008644420350012","","writeuwhen","in","","0","0","0","https://x.com/undefined/status/2048008644420350012","2020375568391471104",
"2048005733971857497","Sat Apr 25 11:50:11 +0000 2026","1","@Jakartalk Mao rapat remaja masjid sm Kakanda Bahlil","2048006657775739221","","Jakartalk","in","","0","0","0","https://x.com/undefined/status/2048006657775739221","1602486247871590400",
"2048006494818607408","Sat Apr 25 11:49:33 +0000 2026","2","NOT BAHLIL PHOTO OH MY","2048006494818607408","","","en","","0","0","0","https://x.com/undefined/status/2048006494818607408","1567670880746217472",
"2048002248333250681","Sat Apr 25 11:43:42 +0000 2026","2","@dimasrizal15243 @vestiazeta Ingat kata bahlil matikan kompor setelah memasak ","2048005022034940029","","dimasrizal15243","in","","0","0","0","https://x.com/undefined/status/2048005022034940029","1470262611115593730",
"2047991510441046057","Sat Apr 25 11:40:16 +0000 2026","0","@osharik Ini ngomongin bahlil apa bunted?","2048004159501414882","","osharik","in","","0","0","0","https://x.com/undefined/status/2048004159501414882","1800859312878956544",
"2047713418820640973","Sat Apr 25 11:27:39 +0000 2026","0","@kompascom Ketua pantat Bahlil","2048000986598523059","","kompascom","in","","0","0","0","https://x.com/undefined/status/2048000986598523059","1505342278281629701",
"2048000303128334736","Sat Apr 25 11:24:56 +0000 2026","0","gak pernah kepikiran bakalan dipanggil dinda sama bahlil","2048000303128334736","","","in","","0","0","0","https://x.com/undefined/status/2048000303128334736","1542579214393540608",
"2047994192782410087","Sat Apr 25 11:20:41 +0000 2026","0","@ajmilirodah kak... positivenya aja yuk yaudah gapapa gak ada umbul umbul daripada kaya treasure dipasang umbul umbul bahlil makin sedih yang ada kak nangis kejer mah aku kalo 3logy kmrn dipasang umbul umbul partai","2047999232750334185","","ajmilirodah","in","","0","1","0","https://x.com/undefined/status/2047999232750334185","1351997215",
"2047996806991429720","Sat Apr 25 11:11:03 +0000 2026","33","Said Didu: Golkar Sudah Dikendalikan Jokowi Sejak Bahlil Jadi Ketum https://t.co/OTkegBeIUE","2047996806991429720","","","in","","0","4","14","https://x.com/undefined/status/2047996806991429720","3319260420",
"2047990044850606572","Sat Apr 25 11:10:58 +0000 2026","0","@sunwhines EH JUJUR BANGETTTT AKKK mau cekek bahlil","2047996788393885705","","sunwhines","in","","0","1","0","https://x.com/undefined/status/2047996788393885705","1725403597482131456",
"2047695737925104124","Sat Apr 25 11:09:52 +0000 2026","0","@hantsutomo Yg pasti bukan bahlil diapasti langsung marah wkwk","2047996510080827624","","hantsutomo","in","","0","0","0","https://x.com/undefined/status/2047996510080827624","1141237821862080514",
"2047981633190691074","Sat Apr 25 11:09:33 +0000 2026","0","@direktoridosen @prabowo Bahlil Pigai Dadan Dimaki satu Indonesia pun tetap tegar masa lu kalah sama mereka ","2047996428488958026","","direktoridosen","in","","0","0","0","https://x.com/undefined/status/2047996428488958026","983918452657217538",
"2047885826131214372","Sat Apr 25 11:06:27 +0000 2026","0","@xendless_s muka kayak bahlil gitu sok2an buka celana astaga","2047995647866093905","","xendless_s","in","","0","0","0","https://x.com/undefined/status/2047995647866093905","808162744562315264",
"2047994625819058418","Sat Apr 25 11:02:23 +0000 2026","0","Sabtu 25 April 2026 Menteri Bahlil menghadiri pelantikan DPP Partai Golkar di Jayapura Papua. Kehadiran ini menjadi momen untuk memperkuat semangat kebersamaan persaudaraan dan komitmen Partai Golkar dalam merangkul seluruh masyarakat termasuk di Tanah Papua. https://t.co/79piGx3SlJ","2047994625819058418","https://pbs.twimg.com/ext_tw_video_thumb/2047994483573506049/pu/img/rg_2aDcPKDQoUNcF.jpg","","in","","0","0","0","https://x.com/undefined/status/2047994625819058418","2250797574",
"2047963832052531632","Sat Apr 25 11:00:07 +0000 2026","4","@P3gEl Di buku juga ga ada menjelaskan bagaimana caranya menutup aib dg pergi umroh mendadak saat foto opa bahlil viral sedang minum hibiki","2047994056777887927","","P3gEl","in","","0","1","0","https://x.com/undefined/status/2047994056777887927","2002016144010702849",
"2047859298437562819","Sat Apr 25 10:58:46 +0000 2026","0","@tempurkonten otw mas bahlil","2047993715449536786","","tempurkonten","in","","0","0","0","https://x.com/undefined/status/2047993715449536786","994388782467051520",
"2047985471951929376","Sat Apr 25 10:49:11 +0000 2026","3","@KanoShikitaa11 Wahh hadiah pap bahlil ini berhargaaa banget ","2047991306048434675","","KanoShikitaa11","in","","0","0","0","https://x.com/undefined/status/2047991306048434675","1787284138531393536",
"2047991070257221872","Sat Apr 25 10:48:15 +0000 2026","0","Ini pak bahlil masih disana ga?","2047991070257221872","","","in","","0","0","0","https://x.com/undefined/status/2047991070257221872","458022089",
"2047990882402714075","Sat Apr 25 10:47:30 +0000 2026","0","Kentot kentot negara gila di luar negeri aja banyak jurusan aneh bahkan mistis pun ada tapi negaranya maju maju aja. Di indo nih ngentot bgt pemerintahannya. BAHLIL","2047990882402714075","","","in","","0","0","0","https://x.com/undefined/status/2047990882402714075","62664366",
"2047990576415682635","Sat Apr 25 10:46:17 +0000 2026","1","Saat ini rupiah di angka 17rb. Perlu di ingat ini bukan krisis ini dampak dolar AS nilainya mnguat.. faktanya ekonomi Indonesia saat ini masih tetap kuat dan stabil.. #rupiah #dolar #purbaya #bahlil #jagaindonesia https://t.co/mEIvvjHOLO","2047990576415682635","https://pbs.twimg.com/media/HGvsk15bwAA-diV.jpg","","in","","0","0","0","https://x.com/undefined/status/2047990576415682635","1452604093738864648",
"2047990469901406641","Sat Apr 25 10:45:52 +0000 2026","0","keren loh bapak bahlil https://t.co/UhgVGqPk5b","2047990469901406641","https://pbs.twimg.com/media/HGvsereboAAVhYy.jpg","","in","","0","0","0","https://x.com/undefined/status/2047990469901406641","1955195591878963200",
"2047810529226637802","Sat Apr 25 10:44:06 +0000 2026","1","@honeymoon250 Bahlil","2047990026299175033","","honeymoon250","tr","","0","0","0","https://x.com/undefined/status/2047990026299175033","1299190730653532162",
"2047850743697473724","Sat Apr 25 10:39:19 +0000 2026","0","@LovellaVerena Dari bahlil","2047988819786715587","","LovellaVerena","in","","0","0","0","https://x.com/undefined/status/2047988819786715587","1079734702414516225",
"2047670330047738041","Sat Apr 25 10:39:15 +0000 2026","0","@patillele4364 Gestur bicaranya kok persis Bahlil ya?","2047988805903552818","","patillele4364","in","","0","0","0","https://x.com/undefined/status/2047988805903552818","1757774558709649408",
"2047570152355684778","Sat Apr 25 10:39:06 +0000 2026","0","@Krayonsincan23 Langsung nanya bahlil udah mandi belum","2047988767861223433","","Krayonsincan23","in","","0","0","0","https://x.com/undefined/status/2047988767861223433","1079734702414516225",
"2047988745824248221","Sat Apr 25 10:39:01 +0000 2026","0","alasan bahlil left dari treasure","2047988745824248221","","","in","","0","2","0","https://x.com/undefined/status/2047988745824248221","1807405357599436800",
"2047988279560269827","Sat Apr 25 10:37:10 +0000 2026","0","ngakak kemaren gw baca ntah dimana ada yang bilang udah h-1 tapi semua masih muka bahlil","2047988279560269827","","","in","","0","0","0","https://x.com/undefined/status/2047988279560269827","2005874300298182656",
"2047878504025632996","Sat Apr 25 10:34:53 +0000 2026","1","@vicko_twitt Jelek banget kaya Bahlil","2047987704923873337","","vicko_twitt","in","","0","0","0","https://x.com/undefined/status/2047987704923873337","1753799614208315392",
"2047987264215773202","Sat Apr 25 10:33:08 +0000 2026","0","Menteri Energi Sumber Daya Mineral (ESDM) Bahlil Lahadalia memang layak dicopot menjadi menteri. Pasalnya beberapa kebijakan Bahlil dinilai merugikan publik Selengkapnya baca; https://t.co/8cJ6TZ1Sn3 https://t.co/0bpqUpyCag","2047987264215773202","https://pbs.twimg.com/media/HGvpkDFagAArIAj.jpg","","in","","0","0","0","https://x.com/undefined/status/2047987264215773202","1899398008418217984",
"2047935146268176548","Sat Apr 25 10:28:16 +0000 2026","0","@rofmeov 8. Dadan 9. Bahlil","2047986041827869050","","rofmeov","in","","0","0","0","https://x.com/undefined/status/2047986041827869050","1782240776132702208",
"2047983821786923347","Sat Apr 25 10:19:27 +0000 2026","0","ga pernah ga cekikikan kalo ngomongin bahlil bareng ade gue","2047983821786923347","","","in","","0","0","0","https://x.com/undefined/status/2047983821786923347","712106126",
"2047973333355143570","Sat Apr 25 10:12:11 +0000 2026","0","@thiaaxo bahlil siapany nithan","2047981991396802748","","thiaaxo","in","","0","0","0","https://x.com/undefined/status/2047981991396802748","1768272838069534720",
"2047935992863338891","Sat Apr 25 10:11:42 +0000 2026","0","@dellunera bahlil sabar kokk","2047981873578807613","","dellunera","in","","0","0","0","https://x.com/undefined/status/2047981873578807613","470124959",
"2047639346749243761","Sat Apr 25 10:09:47 +0000 2026","0","@Nananayyyy0 @youngkheey pasti caca sedih banner bahlil di ganti ","2047981390877327745","","Nananayyyy0","in","","0","0","0","https://x.com/undefined/status/2047981390877327745","1447464306983903235",
"2047980016982794295","Sat Apr 25 10:04:20 +0000 2026","1","Menteri ESDM Bahlil Lahadalia mendukung penuh subsidi motor listrik sebesar Rp5 juta yang disiapkan pemerintah. Ini merupakan langkah untuk mempercepat transisi energi bersih dengan beralih ke motor listrik yang lebih hemat.#bahlillahadalia #darirakyatuntukenergi #viral #esdmfu https://t.co/fnl3fBnYnP","2047980016982794295","https://pbs.twimg.com/media/HGvi-PlbIAAYZ8K.jpg","","in","","0","0","0","https://x.com/undefined/status/2047980016982794295","1971036823863558145",
"2047540693569298640","Sat Apr 25 10:03:26 +0000 2026","0","@dearmingyi @eeviey80 @id99nom @zhangzimoo @Mybailulu Lu pasti terpesona bahlil","2047979792457482726","","dearmingyi","in","","0","0","0","https://x.com/undefined/status/2047979792457482726","1926980954729353216",
"2047965950897697204","Sat Apr 25 10:02:02 +0000 2026","0","@Mxndxyn Iyakaaan!! Ini syukur banget ada moots baik yg mau kasih informasi terkait pintu masuk buat rv b Emang halal banget dikasih street banner bahlil si ime ini greget aku","2047979440693776846","","Mxndxyn","in","","0","0","0","https://x.com/undefined/status/2047979440693776846","1510290898189717506",
"2047978759496876088","Sat Apr 25 09:59:20 +0000 2026","1","Menteri ESDM Bahlil Lahadalia menegaskan pentingnya kebijakan DMO batubara untuk menjaga kestabilan pasokan energi dalam negeri. Ini adalah langkah strategis untuk memastikan listrik Indonesia tetap stabil #bahlillahadalia #darirakyatuntukenergi #viral #esdmfu https://t.co/hXVlniT0KZ","2047978759496876088","https://pbs.twimg.com/media/HGvh091a4AAhZRr.jpg","","in","","0","0","0","https://x.com/undefined/status/2047978759496876088","1983492890895790080",
"2047836748328456600","Sat Apr 25 09:55:48 +0000 2026","12","@kdrama_menfess siapapun tolong buat permintaan gulingkan rezim saat ini trus buatnya pake deepfake muka bahlil aja trims","2047977868119191845","","kdrama_menfess","in","","0","1","1","https://x.com/undefined/status/2047977868119191845","1187530396285599745",
"2047975143914504679","Sat Apr 25 09:49:38 +0000 2026","0","Tidak senyum supaya cool dan rebel itu akal-akalan Bahlil.","2047976316562255883","","jugkr","in","","0","0","0","https://x.com/undefined/status/2047976316562255883","1622904506",
"2047854419979739578","Sat Apr 25 09:47:45 +0000 2026","0","@kamarlintang Masak gosong mulu. Ga patuh ma nasehat bahlil..","2047975842538819767","","kamarlintang","in","","0","0","0","https://x.com/undefined/status/2047975842538819767","894085686470483968",
"2047974002363412853","Sat Apr 25 09:40:26 +0000 2026","2","mbak yunah hati2 itu tabung gas lpg diincer sm si bahlil","2047974002363412853","","","in","","0","1","0","https://x.com/undefined/status/2047974002363412853","2020375568391471104",
"2047973333355143570","Sat Apr 25 09:37:46 +0000 2026","0","Aku mendapat kabar dari si Bahlil kalau nanti malam nithan live","2047973333355143570","","","in","","0","1","0","https://x.com/undefined/status/2047973333355143570","1606199921282908166",
"2047972388722065702","Sat Apr 25 09:34:01 +0000 2026","0","Ini bersebrangan sama banner treasure atau udah dicabut? Kalau belum ayok kita cabut muka bahlil ini kesel banget sumpret wkqkwk. Ihhhhhh bayangin treasure liat ini dan bertanya-tanya ini siapa sampai mukanya dipasang sebanyak itu","2047972388722065702","","","in","","0","0","0","https://x.com/undefined/status/2047972388722065702","2039684821379682304",
"2047970113077580054","Sat Apr 25 09:24:59 +0000 2026","0","Budaya menyambut dengan hangat langkah terasa makin dekat dengan masyarakat. Pace Bahlil ikut menikmati sambutan tarian Papua #JejakBahlil #BahlilLahadalia #ESDM #Golkar #FromZeroToHero #PrabowoGibran https://t.co/P6dvUdtxCn","2047970113077580054","https://pbs.twimg.com/ext_tw_video_thumb/2047970012514951168/pu/img/AIMAO6AXNQWw20OR.jpg","","in","","0","0","0","https://x.com/undefined/status/2047970113077580054","1904420831750668288",
"2047969635329564700","Sat Apr 25 09:23:05 +0000 2026","0","Inget kata bahlil","2047969635329564700","","","in","","0","0","0","https://x.com/undefined/status/2047969635329564700","2436300270",
"2047897171979100433","Sat Apr 25 09:22:50 +0000 2026","0","@tanyakanrl Kodok nya kok mirip bahlil","2047969574528925990","","tanyakanrl","in","","0","1","0","https://x.com/undefined/status/2047969574528925990","1391015323931877377",
"2047961207223799925","Sat Apr 25 09:21:28 +0000 2026","0","@Onelleeell konon untuk orang yang suka numpang nama di kelompok nanti tidurnya ketindihan Bahlil","2047969228037468210","","Onelleeell","in","","0","1","0","https://x.com/undefined/status/2047969228037468210","1644732377774833665",
"2047900996433748194","Sat Apr 25 09:20:20 +0000 2026","0","@txtdrbekasi mana muka bahlil nyaaarghh","2047968944896778730","","txtdrbekasi","in","","0","0","0","https://x.com/undefined/status/2047968944896778730","440660195",
"2047964951349018881","Sat Apr 25 09:04:28 +0000 2026","1","Bahlil Beri Sinyal Penyesuaian Harga BBM Nonsubsidi Tahap Kedua Menteri ESDM Bahlil Lahadalia #golkarpedia #Partaigolkar #dprri #bahlillahadalia #meutyahafid https://t.co/QrooPBDumf","2047964951349018881","https://pbs.twimg.com/ext_tw_video_thumb/2047964921875550208/pu/img/aMFaPNRd3jZPLJWE.jpg","","in","","0","0","0","https://x.com/undefined/status/2047964951349018881","1593171387057049600",
"2047964530114998551","Sat Apr 25 09:02:47 +0000 2026","0","bahlil dan antek2nya","2047964530114998551","","","in","","0","0","0","https://x.com/undefined/status/2047964530114998551","1809193837858033664",
"2047943464747442561","Sat Apr 25 09:00:06 +0000 2026","0","@BWSMaestro tapi itu semua hanya khayalan bang ian aja karna sebenernya dia yg nyemplung ke got akibat meleng abis liatin gigi ompong bahlil yg sexy. bang ian ga terima dan malah nyalahin mba ibby karna ngetawain bang ian. dia bilang klow dia sudah mengirim jin ifrit untuk gangguin mba","2047963853556973956","","BWSMaestro","in","","0","1","0","https://x.com/undefined/status/2047963853556973956","73851546",
"2047963832052531632","Sat Apr 25 09:00:01 +0000 2026","226","Izin opa bahlil jangan marah ya dua neng geulis ini mau menjelaskan soal buku dan peta geopolitik dunia https://t.co/jvwhVkGmSa","2047963832052531632","https://pbs.twimg.com/amplify_video_thumb/2047955909331275776/img/Wa3psUygTSYizjS4.jpg","","in","","2","5","50","https://x.com/undefined/status/2047963832052531632","224431376",
"2047962921918214497","Sat Apr 25 08:56:24 +0000 2026","0","jirrr kata gwehh niatnya tuktik langsung seger liat banner cowo ganteng ternyata sepanjang jalan yang muncul king bahlil https://t.co/1CmbCr6QNg","2047962921918214497","https://pbs.twimg.com/media/HGvTauIbwAAsSiS.jpg","","in","","0","0","0","https://x.com/undefined/status/2047962921918214497","2041005514344353792",
"2047961547964911880","Sat Apr 25 08:50:56 +0000 2026","0","konon katanya au ddaengpalmz nyongtella dan iyuh akan rilis saat bahlil menyandang gelar pria tertampan di dunia HAPUS https://t.co/JXgTkK1AHZ","2047961547964911880","","","in","","0","0","0","https://x.com/undefined/status/2047961547964911880","1465593165658738693",
"2047956873627025816","Sat Apr 25 08:46:29 +0000 2026","0","@KucengTerbanggg bahlil","2047960425896304978","","KucengTerbanggg","tr","","0","0","0","https://x.com/undefined/status/2047960425896304978","1539458338974355456",
"2047956873627025816","Sat Apr 25 08:42:56 +0000 2026","0","@KucengTerbanggg Bahlil","2047959532828332382","","KucengTerbanggg","tr","","0","0","0","https://x.com/undefined/status/2047959532828332382","3238869307",
"2047689480560386134","Sat Apr 25 08:31:46 +0000 2026","0","@abortiveskeg Bisa aja menantunya bahlil","2047956724330705235","","abortiveskeg","in","","0","1","0","https://x.com/undefined/status/2047956724330705235","1890075795068186630",
"2047955872190771289","Sat Apr 25 08:28:23 +0000 2026","0","Alhamdulillah enggak jadi pada foto sama banner bahlil ","2047955872190771289","","","in","","0","0","0","https://x.com/undefined/status/2047955872190771289","840870903697231872",
"2047943454622425329","Sat Apr 25 08:19:18 +0000 2026","0","@bellaveds Bahlil","2047953584705421661","","bellaveds","tr","","0","0","0","https://x.com/undefined/status/2047953584705421661","1785299054475575296",
"2047540693569298640","Sat Apr 25 08:17:40 +0000 2026","0","@dearmingyi @eeviey80 @Versntappen @zhangzimoo @Mybailulu inilah saatnya ghia dateng ke konser bahlil........ omg...... terharu mlihatnya","2047953172694749316","","dearmingyi","in","","0","0","0","https://x.com/undefined/status/2047953172694749316","1456890540952223748",
"2047920710870573442","Sat Apr 25 08:13:06 +0000 2026","0","@hawuchan BAHLIL","2047952023950372871","","hawuchan","tr","","0","1","0","https://x.com/undefined/status/2047952023950372871","3096524198",
"2047951844954267685","Sat Apr 25 08:12:23 +0000 2026","0","liat sebelah mau konser tapi gbk isinya muka pak bahlil lucu banget weh kenapa sih di momen ada konser yg hype beliau coba pak turunkan dulu itu","2047951844954267685","","","in","","0","1","0","https://x.com/undefined/status/2047951844954267685","1165120532989132800",
"2047947948953416060","Sat Apr 25 07:56:54 +0000 2026","0","Bahlil Pastikan Harga BBM Subsidi di Papua Tak Naik Klaim Kantongi Kontrak Jangka Panjang dari Rusia https://t.co/IvFjK7oAKI","2047947948953416060","","","in","","0","0","0","https://x.com/undefined/status/2047947948953416060","1959578357387145216",
"2047947624142270726","Sat Apr 25 07:55:37 +0000 2026","0","prabowo sama bahlil harus coba naik sih","2047947624142270726","","","in","","0","0","0","https://x.com/undefined/status/2047947624142270726","1976673716366159872",
"2047938702513738086","Sat Apr 25 07:53:57 +0000 2026","0","@kitteniesmwa Kenapa aku? Kenapa gak bahlil aja?","2047947206427312145","","kitteniesmwa","in","","0","1","0","https://x.com/undefined/status/2047947206427312145","764990106759487488",
"2047947143873454512","Sat Apr 25 07:53:42 +0000 2026","0","KANDA BAHLIL ‍️","2047947143873454512","","","tr","","0","0","0","https://x.com/undefined/status/2047947143873454512","1106322283386200064",
"2047944578846896479","Sat Apr 25 07:51:51 +0000 2026","1","@newwieni ngepet sayang bahlil yg ngider","2047946677085229250","","newwieni","in","","0","1","0","https://x.com/undefined/status/2047946677085229250","1868311021775130624",
"2047840996537602324","Sat Apr 25 07:45:09 +0000 2026","0","@PlaymenID main tentara tentaraan dan gebukin bahlil https://t.co/jrWjhxYceL","2047944992237461853","https://pbs.twimg.com/media/HGvDF_zboAAcCfr.jpg","PlaymenID","in","","0","0","0","https://x.com/undefined/status/2047944992237461853","1027338273205641217",
"2047817036198543482","Sat Apr 25 07:38:46 +0000 2026","0","@SumandoGaek Bahlil golkar yaa","2047943383319232622","","Enemy_Incoming","in","","0","0","0","https://x.com/undefined/status/2047943383319232622","1173539482252873729",
"2047870805984616941","Sat Apr 25 07:38:02 +0000 2026","0","@RagilSemar @Bambang_behape Bahlil pigai berhasil","2047943201458438513","","RagilSemar","in","","0","0","0","https://x.com/undefined/status/2047943201458438513","1819144270517067776",
"2047641050873999582","Sat Apr 25 06:37:43 +0000 2026","0","@PutraMataSatu @prabowo Susah Kalau pemimpin tidak ada nyalinya sekelas Bahlil saja tidak berani pecat pada berkali-kali membohongi pimpinannya","2047928019860508699","","PutraMataSatu","in","","0","0","0","https://x.com/undefined/status/2047928019860508699","1941490384796057600",
"2047876377605783919","Sat Apr 25 06:34:40 +0000 2026","0","@ddodbo mau ketemu bahlil","2047927251908567328","","ddodbo","in","","0","0","0","https://x.com/undefined/status/2047927251908567328","2003666115646640128",
"2047488630483247529","Sat Apr 25 06:32:52 +0000 2026","0","@Alouaette @moyyaaa_ @CrestfaIled jauh-jauh ke gbk buat bahlil doang ","2047926799011877199","","Alouaette","in","","0","0","0","https://x.com/undefined/status/2047926799011877199","1951257917472272384",
"2047926174119235931","Sat Apr 25 06:30:23 +0000 2026","0","Kocak gweh bacanya kuil bahlil https://t.co/s1UbwI7izJ","2047926174119235931","https://pbs.twimg.com/media/HGux--TaMAAGxc0.jpg","","in","","0","0","0","https://x.com/undefined/status/2047926174119235931","1513114678498820097",
"2047924764778586140","Sat Apr 25 06:24:47 +0000 2026","0","bahlil udh mulai lucu syalann","2047924764778586140","","","in","","0","0","0","https://x.com/undefined/status/2047924764778586140","1085053734017626112",
"2047865283994693845","Sat Apr 25 06:22:57 +0000 2026","0","@ferrykoto @prabowo Bahlil Pigai kepala BGN paling banyak blunder tapi aman jaya memang negara formalitas","2047924306576064617","","ferrykoto","in","","0","0","0","https://x.com/undefined/status/2047924306576064617","1236636511036043264",
"2047894659423150175","Sat Apr 25 06:22:50 +0000 2026","0","@tanyarlfes Kalau tumbler u motifnya muka bahlil malu sih","2047924275945124123","","tanyarlfes","in","","0","0","0","https://x.com/undefined/status/2047924275945124123","1791060643728314368",
"2047909239642079732","Sat Apr 25 06:21:17 +0000 2026","0","@dobbygf4 Five si banner bahlil udh dicopot semua kan ya? Tidak ada yg merusak mata lgi?","2047923883458875469","","dobbygf4","in","","0","1","0","https://x.com/undefined/status/2047923883458875469","1721045093828935680",
"2047540693569298640","Sat Apr 25 06:16:43 +0000 2026","0","@eeviey80 bahlil ngaku member treasure","2047922734701936864","","eeviey80","in","","0","0","0","https://x.com/undefined/status/2047922734701936864","1322019581565657089",
"2047920555169558866","Sat Apr 25 06:08:03 +0000 2026","0","Benyamin/bahlil","2047920555169558866","","","in","","0","0","0","https://x.com/undefined/status/2047920555169558866","1307641947637522433",
"2047530276885336475","Sat Apr 25 06:06:33 +0000 2026","1","@Jelli_cent Lord bahlil senyum Liat penampilan lord mbg ini. Semakin banyak lord di masa sekarng","2047920177187361058","","Jelli_cent","in","","0","0","0","https://x.com/undefined/status/2047920177187361058","87661595",
"2047914282789302653","Sat Apr 25 06:02:55 +0000 2026","0","@jawingoss bahlil","2047919261839208813","","jawingoss","tr","","0","0","0","https://x.com/undefined/status/2047919261839208813","1469869257970225155",
"2047918276584579111","Sat Apr 25 05:59:00 +0000 2026","0","Bahlil Lahadalia Wanti-wanti Kader: Tak Ada Tempat untuk Kubu-Kubuan di Partai Golkar! #bahlillahadalia #kuningkeren #golkarindonesia #partaigolkar #GolkarSolid https://t.co/klYiwNsob3","2047918276584579111","","","in","","0","0","0","https://x.com/undefined/status/2047918276584579111","721898354502930433",
"2047834605756285043","Sat Apr 25 05:58:39 +0000 2026","0","@Gieehad Memuji kehebatan bahlil","2047918191234654612","","Gieehad","in","","0","1","0","https://x.com/undefined/status/2047918191234654612","1551001994911162369",
"2047917311554932748","Sat Apr 25 05:56:03 +0000 2026","1","@Finsen007 Siap! Bahlil udah jadi pengawal kiri-kanan nih. https://t.co/fMhHvM7jT9","2047917534687445361","https://pbs.twimg.com/media/HGuqJVIXkAEdczi.jpg","Finsen007","in","","0","0","0","https://x.com/undefined/status/2047917534687445361","1720665183188922368",
"2047203469883576586","Sat Apr 25 05:55:19 +0000 2026","0","@chiccoCMBR @achaCMBR @devanoCMBR @elsariraCMBR Apa besok gw framing jadi bahlil?","2047917349534359816","","chiccoCMBR","in","","0","1","0","https://x.com/undefined/status/2047917349534359816","2046941476672897024",
"2047917113646727572","Sat Apr 25 05:54:23 +0000 2026","1","Anjir Bahlil cok","2047917113646727572","","","in","","0","0","0","https://x.com/undefined/status/2047917113646727572","1649764208840699906",
"2047349744117415979","Sat Apr 25 05:54:10 +0000 2026","1","@hannicani Hannibal meme with Bahlil is a new thing ","2047917062740398232","","hannicani","en","","0","0","0","https://x.com/undefined/status/2047917062740398232","1649764208840699906",
"2047859412463976534","Sat Apr 25 05:52:00 +0000 2026","0","@unmagnetism Yang percaya ini asli pendukung bahlil","2047916517992620094","","unmagnetism","in","","0","0","0","https://x.com/undefined/status/2047916517992620094","2008746831455678469",
"2047916409985093989","Sat Apr 25 05:51:35 +0000 2026","1","Bahlil Lahadalia Umumkan Potensi Gas Bumi Raksasa: 5 TCF Ditemukan di Kalimantan Timur! Menteri Energi dan Sumber Daya Mineral (ESDM) Bahlil Lahadalia https://t.co/UcOupIR5NF #golkarsolid #partaigolkar #golkarpedia #bahlillahadalia https://t.co/Wi932eWJzq","2047916409985093989","https://pbs.twimg.com/media/HGupH0tboAEl-0n.jpg","","in","","0","0","0","https://x.com/undefined/status/2047916409985093989","1593171387057049600",
"2047853672797987166","Sat Apr 25 05:46:02 +0000 2026","0","@LambeSahamjja Wowo aja yg diresufle ganti bahlil","2047915015064502615","","LambeSahamjja","in","","0","0","0","https://x.com/undefined/status/2047915015064502615","1756709167879114752",
"2047817036198543482","Sat Apr 25 05:42:10 +0000 2026","1","@SumandoGaek Pantes begitu karena di Libya ga ada Bahlil dan Luhut","2047914040698220862","","SumandoGaek","in","","0","0","0","https://x.com/undefined/status/2047914040698220862","1486485379767144451",
"2047909734452445500","Sat Apr 25 05:40:08 +0000 2026","0","@ohyultime kenapa otak gw auto nginget meme bahlil","2047913531165798617","","ohyultime","in","","0","1","0","https://x.com/undefined/status/2047913531165798617","2017172444143079424",
"2047855368576078301","Sat Apr 25 05:32:01 +0000 2026","0","@Aerio_Id Milih doso opo dari Adine Bahlil ?","2047911485427662983","","Aerio_Id","in","","0","0","0","https://x.com/undefined/status/2047911485427662983","1171825311517773825",
"2047910201135865980","Sat Apr 25 05:27:07 +0000 2026","0","haruto 1000 bahlil -100000","2047910252247724196","","salsalibi_","in","","0","0","0","https://x.com/undefined/status/2047910252247724196","1240989604666388490",
"2047312377075683518","Sat Apr 25 05:26:55 +0000 2026","0","@rmol_id Mantan Napi kok oleh pak Bahlil msh dikasih panggung orang ini rugi besar loh Golkar klo mantan Napi dijadikan pengurus di Partai besar nanti rakyat malas pilih Golkar loh","2047910204025852285","","rmol_id","in","","0","0","0","https://x.com/undefined/status/2047910204025852285","1395713255637585923",
"2047910201135865980","Sat Apr 25 05:26:54 +0000 2026","0","TUHKAN BENER inimah battle visual haruto bahlil","2047910201135865980","","","in","","0","1","0","https://x.com/undefined/status/2047910201135865980","1240989604666388490",
"2047909267978780806","Sat Apr 25 05:23:12 +0000 2026","0","jd ini mau liat trejo apa bahlil?","2047909267978780806","","","in","","0","2","0","https://x.com/undefined/status/2047909267978780806","1468983079045791745",
"2047687737206313256","Sat Apr 25 05:20:08 +0000 2026","0","@lilaccountz Kirain Bahlil","2047908495576735995","","lilaccountz","in","","0","0","0","https://x.com/undefined/status/2047908495576735995","1204149710098796545",
"2047907566035128607","Sat Apr 25 05:16:26 +0000 2026","6","Pengen kesana nuker wowo bunted bahlil dadan jack dengan pisang kepok nenas ikan teri Tapi sayang ongkos pulkam ke Indonesia lagi mahal https://t.co/Nkw67mvJfP","2047907566035128607","https://pbs.twimg.com/ext_tw_video_thumb/2047907514038317056/pu/img/T7AgznoG6dTQ8HCh.jpg","","in","","0","3","0","https://x.com/undefined/status/2047907566035128607","1585843448434765830",
"2047829704900825343","Sat Apr 25 05:11:06 +0000 2026","0","@xooxooluvv Gapapap banyak kok yg yellow bahlil ","2047906221110575553","","xooxooluvv","in","","0","1","0","https://x.com/undefined/status/2047906221110575553","1029140840013213696",
"2047906039803392454","Sat Apr 25 05:10:22 +0000 2026","0","KONSER AKBAR BAHLIL KAH WKWKWKKWKW","2047906039803392454","","","in","","0","0","0","https://x.com/undefined/status/2047906039803392454","1743493626284650496",
"2047604932589818349","Sat Apr 25 05:07:47 +0000 2026","1","@alora1209 @footycinephile jir gue malah liatnya bahlil","2047905387467423878","","alora1209","in","","0","1","0","https://x.com/undefined/status/2047905387467423878","61991847",
"2047881253794591027","Sat Apr 25 05:04:43 +0000 2026","0","@yunoojw Kesannya mau fanmeet sama bahlil WKWKWKWWKWKWKWK ","2047904616806043695","","yunoojw","in","","0","1","0","https://x.com/undefined/status/2047904616806043695","1529979832331018240",
"2047903195574538385","Sat Apr 25 04:59:04 +0000 2026","0","Dan bayangin aja kalo ternyata yang nyelametin kita nanti adalah Kanda Bahlil...","2047903195574538385","","","in","","0","0","0","https://x.com/undefined/status/2047903195574538385","1892505344024399874",
"2047892366569476535","Sat Apr 25 04:57:42 +0000 2026","0","@iwbyer Bahlil.","2047902852060966985","","iwbyer","tr","","0","0","0","https://x.com/undefined/status/2047902852060966985","1739265592534958080",
"2047874713121370518","Sat Apr 25 04:45:35 +0000 2026","0","@ladaandaliman Muiring e rek koyok nek ndelok bahlil","2047899802265083947","","ladaandaliman","in","","0","1","0","https://x.com/undefined/status/2047899802265083947","2937604454",
"2047898222212088250","Sat Apr 25 04:39:18 +0000 2026","0","Oh ini yg dibilang si alifah suruh foto sama banner bahlil ","2047898222212088250","","","in","","0","0","0","https://x.com/undefined/status/2047898222212088250","115909517",
"2047540693569298640","Sat Apr 25 04:35:59 +0000 2026","0","@eeviey80 Biar di setiap bahagiamu ttp ada bahlil yg menyertai","2047897387075821865","","eeviey80","in","","0","0","0","https://x.com/undefined/status/2047897387075821865","1713935050075697152",
"2047611702481695030","Sat Apr 25 04:27:45 +0000 2026","1","@Franken_blues komedi macam apa ini bahlil kinerjanya tidak ada yang bisa di kritik...? pak aceh belom 100% pak... pak lpg melon ketentuannya balik lg karena perencanaan yang gk becus... intinya klo kerjanya bagus orang santai2 aja... it's that simple...","2047895315479732569","","Franken_blues","in","","0","0","0","https://x.com/undefined/status/2047895315479732569","173010785",
"2047213748981801362","Sat Apr 25 04:25:30 +0000 2026","1","@vaniepink Seluruh dunia juga harga2 lagi naik krn selat hormuz ditutup kenapa nyalahin pak bahlil? Emangnya dia yg nutup selat hormuz? Hadeeeh ","2047894748149735541","","vaniepink","in","","0","0","0","https://x.com/undefined/status/2047894748149735541","1691077889377345536",
"2047894164126494729","Sat Apr 25 04:23:11 +0000 2026","0","Menteri ESDM Bahlil Lahadalia menegaskan penyesuaian BBM bukan berarti semua harga naik. BBM non-subsidi mengikuti harga pasar global dan memang ditujukan untuk masyarakat mampu. Sementara Pertalite tetap Rp10.000 dan Biosolar Rp6.800 dijaga hingga akhir 2026. 🇮🇩 https://t.co/htkXbhuGsR","2047894164126494729","https://pbs.twimg.com/media/HGuU2dxa0AAINEA.jpg","","in","","0","1","0","https://x.com/undefined/status/2047894164126494729","1574878153016807425",
"2047893822554984457","Sat Apr 25 04:21:49 +0000 2026","35","Sangat Masuk Akal Jika Bahlil Di-Reshuffle https://t.co/CcjH8Xjmki","2047893822554984457","","","in","","0","2","7","https://x.com/undefined/status/2047893822554984457","3319260420",
"2046954308521128166","Sat Apr 25 04:16:23 +0000 2026","0","@d_ddeblue @notsvngjin @Kimwonpl GWNYA GAK SIAP LIHAT LU MANCING BAHLIL","2047892451508326746","","d_ddeblue","in","","0","1","0","https://x.com/undefined/status/2047892451508326746","743074213859229697",
"2047889418237927597","Sat Apr 25 04:04:19 +0000 2026","0","bahlil seekor petelur","2047889418237927597","","","in","","0","0","0","https://x.com/undefined/status/2047889418237927597","904588740944814080",
"2047888360463827017","Sat Apr 25 04:00:07 +0000 2026","1","Bahlil: ide KPK di Golkar bagus ketum satu periode saja. https://t.co/kBUjMcEqOz","2047888360463827017","","","in","","1","0","0","https://x.com/undefined/status/2047888360463827017","47596019",
"2047611702481695030","Sat Apr 25 03:58:59 +0000 2026","0","@Franken_blues apa? bahlil? ","2047888076366901327","","Franken_blues","in","","0","0","0","https://x.com/undefined/status/2047888076366901327","88864204",
"2047884547417890914","Sat Apr 25 03:52:40 +0000 2026","0","@ddodbo semoga bahlil yg asli dateng juga","2047886486658498639","","ddodbo","in","","0","1","0","https://x.com/undefined/status/2047886486658498639","1650080494149840902",
"2047886005014089901","Sat Apr 25 03:50:46 +0000 2026","0","ga di senayan doang ternyata di depok ada muke bahlil","2047886005014089901","","","in","","0","0","0","https://x.com/undefined/status/2047886005014089901","1214027907816804352",
"2047870032257200639","Sat Apr 25 03:46:59 +0000 2026","0","@libravocado bahlil cahaya GBK","2047885055176196194","","libravocado","in","","0","0","0","https://x.com/undefined/status/2047885055176196194","812187450965528576",
"2047643477081456747","Sat Apr 25 03:46:58 +0000 2026","1","@Crazymoments01 Kirain bahlil","2047885050965102679","","Crazymoments01","in","","0","0","0","https://x.com/undefined/status/2047885050965102679","280824661",
"2047884547417890914","Sat Apr 25 03:44:58 +0000 2026","0","semoga banner bahlil masih ada aku pengen banget foto ","2047884547417890914","","","in","","0","11","0","https://x.com/undefined/status/2047884547417890914","1870437511362973696",
"2047883096805228816","Sat Apr 25 03:39:12 +0000 2026","0","Tapi pertalite gw lbih awet skrang apa gegara bahlil game kmren naikin campuran.... Apa cuman perasaan gw yah...","2047883096805228816","","","in","","0","0","0","https://x.com/undefined/status/2047883096805228816","1407290013990014988",
"2047586956012593272","Sat Apr 25 03:38:24 +0000 2026","0","@HJWRupy Foto dlu di banner bahlil","2047882893280825539","","HJWRupy","in","","0","1","0","https://x.com/undefined/status/2047882893280825539","1822759631741218816",
"2047881253794591027","Sat Apr 25 03:31:53 +0000 2026","0","pick me banget bahlil tolol","2047881253794591027","","","in","","0","1","0","https://x.com/undefined/status/2047881253794591027","2497402572",
"2047191206929772790","Sat Apr 25 03:31:05 +0000 2026","0","@JeffMoses00 Untung aja gada muka bahlil","2047881054091145357","","JeffMoses00","in","","0","1","0","https://x.com/undefined/status/2047881054091145357","104435483",
"2047824650709893258","Sat Apr 25 03:24:25 +0000 2026","10","@SigitWasito8 Ingat. Ijazah bahlil juga hasil beli di UI. ","2047879373366399487","","SigitWasito8","in","","0","2","0","https://x.com/undefined/status/2047879373366399487","728949641421553665",
"2047668278114521400","Sat Apr 25 03:21:15 +0000 2026","0","@komjeh tuh mirip banget typing bahlil","2047878579548270675","","komjeh","in","","0","0","0","https://x.com/undefined/status/2047878579548270675","1414168202234322947",
"2047878477299556554","Sat Apr 25 03:20:51 +0000 2026","0","Merusak pemandangan aja lu bahlil","2047878477299556554","","","in","","0","0","0","https://x.com/undefined/status/2047878477299556554","1966019893113008151",
"2047877551507530036","Sat Apr 25 03:17:10 +0000 2026","0","bahlil dah dicopot kah","2047877551507530036","","","in","","0","2","0","https://x.com/undefined/status/2047877551507530036","1283032405830447111",
"2047872629009502488","Sat Apr 25 03:13:55 +0000 2026","0","@m00n_whispers Hahahaa anak buah Abang Bahlil dong","2047876731131048231","","m00n_whispers","in","","0","0","0","https://x.com/undefined/status/2047876731131048231","1721569107034980352",
"2047875624031944994","Sat Apr 25 03:09:31 +0000 2026","0","ancrit bahlil sunbenim","2047875624031944994","","","en","","0","0","0","https://x.com/undefined/status/2047875624031944994","740384227653390336",
"2047697844480692344","Sat Apr 25 03:07:04 +0000 2026","0","@ourluuvshuay yang bahlil mana kok g msuk","2047875010619171317","","ourluuvshuay","in","","0","0","0","https://x.com/undefined/status/2047875010619171317","1816816595072876547",
"2047874999009378429","Sat Apr 25 03:07:02 +0000 2026","0","Bahlil Tanggapi Usul KPK; Di Golkar Tiap Munas Ada Ketua Umum Baru Baca konteks lengkapnya: https://t.co/lY5cOCgs4p","2047874999009378429","","","in","","0","0","0","https://x.com/undefined/status/2047874999009378429","456426648",
"2047874135905435899","Sat Apr 25 03:03:36 +0000 2026","0","Astagaa ga jls bgt pagi2 mimpi makan siang sama pak Bahlil dan pak Prabowo ","2047874135905435899","","","in","","0","0","0","https://x.com/undefined/status/2047874135905435899","228223151",
"2047870692017029619","Sat Apr 25 02:49:55 +0000 2026","0","Tl gua banyak bape banget anjir Curiga bahlil reshuffle","2047870692017029619","","","in","","0","0","0","https://x.com/undefined/status/2047870692017029619","1262526782772633602",
"2047754446025687209","Sat Apr 25 02:47:57 +0000 2026","0","@Akumeaaron @grok He looks like bahlil","2047870197487607910","","Akumeaaron","en","","0","1","0","https://x.com/undefined/status/2047870197487607910","1262526782772633602",
"2047853143187501246","Sat Apr 25 02:41:34 +0000 2026","0","@lertrratkosum bahlil kecewa","2047868592730059225","","lertrratkosum","in","","0","0","0","https://x.com/undefined/status/2047868592730059225","1959516180433272832",
"2047553035174584654","Sat Apr 25 02:40:16 +0000 2026","0","@alsyoosrl Wkwkw Bahlil Sunbaenim","2047868263196184598","","alsyoosrl","in","","0","1","0","https://x.com/undefined/status/2047868263196184598","1557386004415205376",
"2047668278114521400","Sat Apr 25 02:39:55 +0000 2026","0","@tiramwisuu Wah curiga pendukung bahlil ","2047868177149997202","","tiramwisuu","in","","0","1","0","https://x.com/undefined/status/2047868177149997202","1278950106352570368",
"2047576138009178245","Sat Apr 25 02:32:54 +0000 2026","0","@biewithyonk Kumur-kumur ka habis sun berhala bahlil","2047866411087999140","","biewithyonk","in","","0","0","0","https://x.com/undefined/status/2047866411087999140","1375542201627811842",
"2047540693569298640","Sat Apr 25 02:31:16 +0000 2026","0","@cherry_floweryt bahlil udah diturunin deh kak banner trejo pun uda naik","2047865999584797123","","cherry_floweryt","in","","0","0","0","https://x.com/undefined/status/2047865999584797123","1888852038844633088",
"2047821054496915477","Sat Apr 25 02:28:09 +0000 2026","0","@wi5list otw kanda bahlil","2047865214880878664","","wi5list","in","","0","1","0","https://x.com/undefined/status/2047865214880878664","1874853269807509509",
"2047863454275661925","Sat Apr 25 02:21:09 +0000 2026","0","untung yang aku liat bannernya treasure bukan bahlil https://t.co/K4fVE3jmOX","2047863454275661925","https://pbs.twimg.com/amplify_video_thumb/2047863284058198016/img/-SrfsC3ZUQr70dK3.jpg","","in","","0","0","0","https://x.com/undefined/status/2047863454275661925","1450781557",
"2047344326175490530","Sat Apr 25 02:20:53 +0000 2026","0","@jeongh4nie Sama bahlil mau?","2047863386172748039","","jeongh4nie","in","","0","0","0","https://x.com/undefined/status/2047863386172748039","1946258930759573508",
"2047701738908729640","Sat Apr 25 02:16:27 +0000 2026","0","@ze44405 gmw nnti pas cetak keluarnya bahlil","2047862270433394832","","ze44405","in","","0","0","0","https://x.com/undefined/status/2047862270433394832","1306387812841709568",
"2047673539428581591","Sat Apr 25 02:15:52 +0000 2026","0","@waikeey liatin muka bahlil pasti pen ee","2047862124639338991","","waikeey","in","","0","1","0","https://x.com/undefined/status/2047862124639338991","2025764491129188352",
"2047840263088091283","Sat Apr 25 02:15:13 +0000 2026","0","@brigitta_hadid @KulineRain sial gue bacanya bahlil","2047861959249498446","","brigitta_hadid","in","","0","1","0","https://x.com/undefined/status/2047861959249498446","1240083407003996160",
"2047859298437562819","Sat Apr 25 02:14:58 +0000 2026","0","@tempurkonten Kanda Bahlil ","2047861896997691497","","tempurkonten","tr","","0","0","0","https://x.com/undefined/status/2047861896997691497","2013106988201410560",
"2047861827053535273","Sat Apr 25 02:14:41 +0000 2026","0","bahlil gabung memb treasure kah??","2047861827053535273","","","in","","0","0","0","https://x.com/undefined/status/2047861827053535273","1637748875862900736",
"2047540693569298640","Sat Apr 25 01:14:47 +0000 2026","0","@eeviey80 bahlil collab sama trejo kah? ","2047846753475629069","","eeviey80","in","","0","0","0","https://x.com/undefined/status/2047846753475629069","1832806638086209536",
"2047845355707113944","Sat Apr 25 01:09:14 +0000 2026","0","Ini kita foto ketambahan banner bahlil kah? Ihhh gk mauuu https://t.co/ZzI5RSH1oT","2047845355707113944","https://pbs.twimg.com/media/HGtofo4bYAA6S_y.jpg","","in","","0","0","0","https://x.com/undefined/status/2047845355707113944","1669795515238866944",
"2047844616549118431","Sat Apr 25 01:06:18 +0000 2026","0","Checked ppout BAHLIL NAMANYA's video! #TikTok https://t.co/BkRiA9OxX6","2047844616549118431","","","en","","0","0","0","https://x.com/undefined/status/2047844616549118431","1644010946153832452",
"2047844463138189770","Sat Apr 25 01:05:41 +0000 2026","2","Prabowo Turun Tangan Urus Energi Kepercayaan ke Bahlil Menurun? https://t.co/coG86XjeqX lewat @Keuangan News https://t.co/YxK9LHkTwG","2047844463138189770","https://pbs.twimg.com/media/HGtnrqQawAAkL2p.jpg","","in","","0","1","1","https://x.com/undefined/status/2047844463138189770","1226436091617505281",
"2047844383786144162","Sat Apr 25 01:05:22 +0000 2026","0","ama suka bahlil","2047844383786144162","","","in","","0","0","0","https://x.com/undefined/status/2047844383786144162","1806339204395503616",
"2047313630815977591","Sat Apr 25 01:00:37 +0000 2026","0","@geloraco Sama kayak Bahlil juga pak Idrus Marham ini ya","2047843187876831699","","geloraco","in","","0","0","0","https://x.com/undefined/status/2047843187876831699","1913859108",
"2047843129672507414","Sat Apr 25 01:00:23 +0000 2026","0","ngebayangin bahlil perform going crazy gara gara ka icey","2047843129672507414","","","in","","0","2","0","https://x.com/undefined/status/2047843129672507414","1870437511362973696",
"2047145255875891213","Sat Apr 25 00:56:40 +0000 2026","0","@dar1966badar @M3di4Upd4t3 Pdhl sdh jelas civitas academica @UGMYogyakarta gak gaduh spt gelar bahlil https://t.co/DweT2TbOkh","2047842193445134509","https://pbs.twimg.com/ext_tw_video_thumb/2047842135198806016/pu/img/la7-j2CdDZnzuZMZ.jpg","dar1966badar","in","","0","0","0","https://x.com/undefined/status/2047842193445134509","1974772232972013568",
"2047842188982382920","Sat Apr 25 00:56:39 +0000 2026","0","info banner bahlil masih ada gak ya? ngerusak mood sama pemandangan bgt","2047842188982382920","","","in","","0","1","0","https://x.com/undefined/status/2047842188982382920","1533144312019439616",
"2047713418820640973","Sat Apr 25 00:54:48 +0000 2026","0","@kompascom Mungkin sajalah apalagi bahlil banyak duitnya karena rajin menambang.","2047841722613510364","","kompascom","in","","0","0","0","https://x.com/undefined/status/2047841722613510364","1726981774407028736",
"2047829704900825343","Sat Apr 25 00:50:22 +0000 2026","1","@kimdoybie kak takut nyaru sm banner bahlil ","2047840606953898243","","kimdoybie","in","","0","1","0","https://x.com/undefined/status/2047840606953898243","1281776920493842432",
"2047829704900825343","Sat Apr 25 00:49:50 +0000 2026","0","@kimdoybie Jangan kuning kak nnti di sangka fans bahlil","2047840474183110984","","kimdoybie","in","","0","1","0","https://x.com/undefined/status/2047840474183110984","1462436524566319108",
"2047645685093118345","Sat Apr 25 00:44:40 +0000 2026","0","@Thex460202 @RyanRozbiani salah kita punya prabowo. inisiator MBG kita fokus MBG aja lumayan 6jt sehari. gak urus perang soal minyam kita percayakan saja ke kanda bahlil hidupp jokowiii","2047839171046522941","","Thex460202","in","","0","0","0","https://x.com/undefined/status/2047839171046522941","1782491938983444480",
"2047836956487524498","Sat Apr 25 00:35:52 +0000 2026","1","Ini bahlil mau ikut perform?","2047836956487524498","","","in","","0","1","0","https://x.com/undefined/status/2047836956487524498","1691947915303067648",
"2047821389328158784","Sat Apr 25 00:32:25 +0000 2026","0","@saphelune_ kalo untuk kak @saphelune_ gapapa bahlil ga dulu","2047836088199516525","","saphelune_","in","","0","0","0","https://x.com/undefined/status/2047836088199516525","1717188745227862016",
"2047829704900825343","Sat Apr 25 00:25:16 +0000 2026","0","@kimdoybie gpp kuning biar samaan kek bahlil","2047834289656774870","","kimdoybie","in","","0","3","0","https://x.com/undefined/status/2047834289656774870","1580599284386234371",
"2047834116528435232","Sat Apr 25 00:24:34 +0000 2026","0"," Bahlil Sebut Golkar Partai Terbuka: Saya Dari Papua Diberi Ruang Memimpin https://t.co/78UfKuUR20","2047834116528435232","","","in","","0","0","0","https://x.com/undefined/status/2047834116528435232","2024614804011532288",
"2047832467093209227","Sat Apr 25 00:18:01 +0000 2026","0","Bahlil oppa Yellow era ","2047832467093209227","","","in","","0","0","0","https://x.com/undefined/status/2047832467093209227","1211267476605947907",
"2047832103237411034","Sat Apr 25 00:16:34 +0000 2026","0","bajingan setiap kali buka t1ktok gue dibuat mbatin sm kelakuan voter 02 gampang banget buat minta maaf dan muji² bahlil. manusia kyk bahlil prabowo gibran tuh ga pantes buat dapet pujian. sial pusing banget lihat kelakuan penjilat ini https://t.co/L8rjYlX1tw","2047832103237411034","https://pbs.twimg.com/tweet_video_thumb/HGtccGlbkAEljaQ.jpg","","in","","0","0","0","https://x.com/undefined/status/2047832103237411034","1498821353583296512",
"2047829830641824029","Sat Apr 25 00:07:33 +0000 2026","0","yg keliatan malah banner si bahlil","2047829830641824029","","","in","","0","0","0","https://x.com/undefined/status/2047829830641824029","1348536521398181890",
"2047286653765702135","Fri Apr 24 22:21:22 +0000 2026","0","@dimasdwikidrmwn Aku alergi bahlil","2047803110119420043","","dimasdwikidrmwn","in","","0","0","0","https://x.com/undefined/status/2047803110119420043","1293579875555524608",
"2047268117446021500","Fri Apr 24 22:16:03 +0000 2026","0","@isevoire aku tunggu pls taro di perempatan biar gantiin banner bahlil ","2047801774241910996","","isevoire","in","","0","1","0","https://x.com/undefined/status/2047801774241910996","1857207019016683520",
"2047786790522875954","Fri Apr 24 21:16:31 +0000 2026","0","random aja dimimpiku ada pa bahlil:(","2047786790522875954","","","in","","0","0","0","https://x.com/undefined/status/2047786790522875954","1086901958697340928",
"2047776125712245122","Fri Apr 24 20:34:08 +0000 2026","0","ga mood liat tl banyak poster bahlil","2047776125712245122","","","in","","0","0","0","https://x.com/undefined/status/2047776125712245122","1956928943136882688",
"2047117049496039690","Fri Apr 24 20:32:24 +0000 2026","0","@LambeSahamjja ada ada aja kelakuan junior bahlil","2047775687508111856","","LambeSahamjja","in","","0","0","0","https://x.com/undefined/status/2047775687508111856","2976928880",
"2047571144325353580","Fri Apr 24 20:18:55 +0000 2026","0","@kaatnice wkwkwk lagi istirahat malah ketemu bahlil","2047772292797833434","","kaatnice","in","","0","0","0","https://x.com/undefined/status/2047772292797833434","1717188745227862016",
"2047768743875662051","Fri Apr 24 20:04:48 +0000 2026","0","Selain bahlil pls kalau mau ngasih berita muka bapak ini dan ibu di sebelahnya di sensor Gue udh muak","2047768743875662051","","","in","","0","0","0","https://x.com/undefined/status/2047768743875662051","1623442456707764224",
"2047721982859338212","Fri Apr 24 19:38:22 +0000 2026","1","@golkarpedia Bapak Bahlil terhormat bilangin sama Bapak Presiden RI Bapak prabowo subianto selat Malaka itu punya apartemen mewah hotelnya rumah ya tidak punya izin di periksa izin ya Bayar pajak senilai 50 milyar rupiah Bapak Bahlil terhormat","2047762088026833078","","golkarpedia","in","","0","0","0","https://x.com/undefined/status/2047762088026833078","1901835201262899200",
"2047721982859338212","Fri Apr 24 19:31:27 +0000 2026","0","@golkarpedia Bapak Bahlil terhormat bilangin sama Bapak Presiden RI Bapak prabowo subianto selat Malaka kapal asing lewat bayar pakek uang senilai 10 milyar rupiah Bapak Bahlil terhormat","2047760348317679983","","golkarpedia","in","","0","0","0","https://x.com/undefined/status/2047760348317679983","1901835201262899200",
"2047732014565171318","Fri Apr 24 19:21:14 +0000 2026","0","@acekimindaeyo finding nemo is redred ‍️‍️‍️ finding bahlil is greengreen ","2047757778014646647","","acekimindaeyo","en","","0","1","0","https://x.com/undefined/status/2047757778014646647","1118515847872409605",
"2047687404904202513","Fri Apr 24 19:12:59 +0000 2026","0","@scoupsexs tanda nya itu kaka di suruh hype offah bahlil","2047755701355942243","","scoupsexs","in","","0","0","0","https://x.com/undefined/status/2047755701355942243","1431616531",
"2047753366751883642","Fri Apr 24 19:03:42 +0000 2026","0","ga nyangka ternyata bahlil lucu","2047753366751883642","","","in","","0","0","0","https://x.com/undefined/status/2047753366751883642","1930686168892678144",
"2047735556973752520","Fri Apr 24 18:49:00 +0000 2026","0","@Oseanctuaryy bahlil pun bingung wi gua rasa","2047749667757379788","","Oseanctuaryy","in","","0","1","0","https://x.com/undefined/status/2047749667757379788","1152586148713095168",
"2047580467411751397","Fri Apr 24 18:37:29 +0000 2026","0","@dsat911 Hidup bahlil","2047746769916985608","","dsat911","in","","0","0","0","https://x.com/undefined/status/2047746769916985608","1788119878265896960",
"2047742446176792935","Fri Apr 24 18:20:19 +0000 2026","0","#03BERKICAW vs #04sho dikabarkan mulai memanas sampe bahlil gosong","2047742446176792935","","","in","","0","0","0","https://x.com/undefined/status/2047742446176792935","1894722471250796544",
"2047735923572633690","Fri Apr 24 18:15:06 +0000 2026","0","@fliesharu @cocodae__ kakk brrtii banner bahlil yellow bsk udah gada lagi kannn???","2047741137319018653","","fliesharu","in","","0","0","0","https://x.com/undefined/status/2047741137319018653","1779818772586754048",
"2047740520580190366","Fri Apr 24 18:12:39 +0000 2026","0","Oot dikit tapi kondisi disana gimana? Apakah muka bahlil masih ada? ","2047740520580190366","","","in","","0","0","0","https://x.com/undefined/status/2047740520580190366","1623442456707764224",
"2047738647735410741","Fri Apr 24 18:05:13 +0000 2026","0","Video Bahlil Soal Jabatan Ketum Parpol Dibatasi 2 Periode: Jangan Dibuat Seragam https://t.co/Rgp0J5iP0q","2047738647735410741","","","in","","0","0","0","https://x.com/undefined/status/2047738647735410741","598959076",
"2047733001744957736","Fri Apr 24 18:03:38 +0000 2026","0","@vibinwkals ambil sendiri apa disuapin bahlil","2047738250597740786","","vibinwkals","in","","0","0","0","https://x.com/undefined/status/2047738250597740786","616708859",
"2047735923572633690","Fri Apr 24 17:57:11 +0000 2026","0","@fliesharu Syukurlah trima kasih kakak vidi soalnya kek..... masa abis liat muka ganteng hoonsuk disuguhin bahlil.... MALESSSSS","2047736626907124041","","fliesharu","in","","0","0","0","https://x.com/undefined/status/2047736626907124041","1127101594040856576",
"2047693050659659982","Fri Apr 24 16:37:14 +0000 2026","0","@xforyayaa keknya lu kalo bikin au reminder kasih fiksi segede banner baliho kek bahlil deh kak ","2047716505656451220","","xforyayaa","in","","0","0","0","https://x.com/undefined/status/2047716505656451220","2865275599",
"2047586392776270149","Fri Apr 24 16:35:40 +0000 2026","0","@ygtreasuremaker Request banner bahlil di turunin bang","2047716112851435567","","ygtreasuremaker","in","","0","0","0","https://x.com/undefined/status/2047716112851435567","2037004081248821248",
"2047539922161291289","Fri Apr 24 16:34:51 +0000 2026","1","@tanaberuto_ Bisa turunin dulu ga itu si bahlil merusak pemandangan bgt","2047715906852446573","","tanaberuto_","in","","0","0","0","https://x.com/undefined/status/2047715906852446573","1579666277785690112",
"2047715118256185729","Fri Apr 24 16:31:43 +0000 2026","0","ngikik taunya kepikiran tbtb tresur duet ma bahlil","2047715118256185729","","","in","","0","0","0","https://x.com/undefined/status/2047715118256185729","1312715291709771778",
"2047714042761142318","Fri Apr 24 16:27:27 +0000 2026","0","tai bgt baru dipasang pas gw udah balik sampe tadi terpaksa foto ama banner bahlil","2047714042761142318","","","in","","0","0","0","https://x.com/undefined/status/2047714042761142318","1380813921498451970",
"2047713879518847304","Fri Apr 24 16:26:48 +0000 2026","0","akhirnya bahlil tergantikan","2047713879518847304","","","in","","0","0","0","https://x.com/undefined/status/2047713879518847304","1466435396057899022",
"2047713763357581383","Fri Apr 24 16:26:20 +0000 2026","0","Tempo hari di sudut jalan gue sempat denger celetukan obrolan orang kurang lebih begini: BBM stabil real kerjanya Bahlil. Dollar udah tembus di 17.300 harga BBM non subsidi meroket. Mari kita liat 1-2 bulan ke depan bakalan ada celetukan yang sama atau nggak.","2047713763357581383","","","in","","0","0","0","https://x.com/undefined/status/2047713763357581383","147061586",
"2047713753547030849","Fri Apr 24 16:26:18 +0000 2026","0","jir gw balik dari IA lgsg gatel2 badan kayaknya beneran alergi liat muka bahlil sepanjang jalan","2047713753547030849","","","in","","0","6","0","https://x.com/undefined/status/2047713753547030849","623847653",
"2047604555572207839","Fri Apr 24 16:25:54 +0000 2026","0","@scowbaby tau sendiri kan tadi dia aja mabok depan bahlil","2047713653743640843","","scowbaby","in","","0","0","0","https://x.com/undefined/status/2047713653743640843","1380813921498451970",
"2047710860383260979","Fri Apr 24 16:25:18 +0000 2026","0","@Wornbi @_ Bahlil","2047713503335928110","","Wornbi","tr","","0","1","0","https://x.com/undefined/status/2047713503335928110","1306200150549774336",
"2047708213760733419","Fri Apr 24 16:18:53 +0000 2026","0","@JongseongLeft @IsaLeft bahlil on the way","2047711887346065778","","JongseongLeft","en","","0","0","0","https://x.com/undefined/status/2047711887346065778","2040438989078102016",
"2047540693569298640","Fri Apr 24 16:17:44 +0000 2026","0","@eeviey80 bahlil oppa saranghae shibal sekkiya","2047711597930701268","","eeviey80","in","","0","0","0","https://x.com/undefined/status/2047711597930701268","1836403319507689472",
"2047457005065941431","Fri Apr 24 16:16:43 +0000 2026","0","@TruthTrumpPost Coy .. jangan perang2 terus lah .. damai aja knapa sih . Susah gw gegara lu yg perang si bahlil jadi punya alasan naikin harga minyak....","2047711342963155416","","TruthTrumpPost","in","","0","0","0","https://x.com/undefined/status/2047711342963155416","2038790037337186304",
"2047488630483247529","Fri Apr 24 16:16:09 +0000 2026","0","@moyyaaa_ MARAHH BGTT TURUNKAN BAHLIL!!?","2047711199073370159","","moyyaaa_","in","","0","0","0","https://x.com/undefined/status/2047711199073370159","1667213950176612352",
"2047576138009178245","Fri Apr 24 16:13:31 +0000 2026","0","@biewithyonk Bahlil oppa sarange","2047710539414184375","","biewithyonk","in","","0","0","0","https://x.com/undefined/status/2047710539414184375","167290442",
"2047667640622358753","Fri Apr 24 16:11:43 +0000 2026","0","@brokx Eh iya maap TETEH nanti pengganti red carpetnya pakai banner muka bahlil aja ya.","2047710086798442905","","brokx","in","","0","1","0","https://x.com/undefined/status/2047710086798442905","166956438",
"2047710048655458599","Fri Apr 24 16:11:34 +0000 2026","9","Baca di sini: https://t.co/lM1kPyhXpN Saya pikir masing-masing partai itu punya cara yang berbeda-beda. Nah bahkan kalau di Partai Golkar itu bukan dua periode setiap Munas ada ketua umum baru. Jadi biasa saja di Golkar ujar Bahlil saat ditemui di GBK Jakarta Jumat https://t.co/DsC4Vk59dQ","2047710048655458599","https://pbs.twimg.com/media/HGrtUIfb0AERbSw.jpg","","in","","0","0","0","https://x.com/undefined/status/2047710048655458599","23343960",
"2047708034663899173","Fri Apr 24 16:11:22 +0000 2026","0","@slsaajiiikyuwoo jujur menakutkan klo bner2 bsk msih ada banner bahlil yellow ituumengganggu pemandangan teume yg lewat gksihhh ihh","2047709995815620872","","slsaajiiikyuwoo","in","","0","1","0","https://x.com/undefined/status/2047709995815620872","1779818772586754048",
"2047708517927469395","Fri Apr 24 16:05:29 +0000 2026","0","Mama : kamu boong lagi ya ke mama pergi nonton konser kpop ?? Gw be like : kakak lagi seminar golkar kok ma (jan lupa kirim foto di depan banner bahlil) ","2047708517927469395","","","in","","0","0","0","https://x.com/undefined/status/2047708517927469395","1796124042791182336",
"2047708483009818968","Fri Apr 24 16:05:21 +0000 2026","7","the reason why gw ga percaya sm this religion ya krn kalimat pertama lu itu wdym bahlil bakal masuk surga rk bakal masuk surga pdhl tukang main memek trs seseorang baik dermawan ga maksiat dari suatu agama lain ga bakal masuk surga bcs ga beragama nganu????","2047708483009818968","","","in","","0","0","1","https://x.com/undefined/status/2047708483009818968","1291593168685682688",
"2047708382052880427","Fri Apr 24 16:04:57 +0000 2026","0","Anjer kerjaan gue yang sekarang mendadak bikin gue jadi ngeliat anjirrrr si bahlil dari exposure cokk dari konser trejo inii","2047708382052880427","","","in","","0","0","0","https://x.com/undefined/status/2047708382052880427","1311592741873229824",
"2047699317876769225","Fri Apr 24 16:04:12 +0000 2026","0","@CNNIndonesia Terima kasih sudah berusaha keras cukupkan BBM dalam negeri tapi jangan lupa pecat Bahlil","2047708194806608382","","CNNIndonesia","in","","0","0","0","https://x.com/undefined/status/2047708194806608382","1743939521673367552",
"2047707927503585703","Fri Apr 24 16:03:09 +0000 2026","1","@ime_indonesia serius kagak ada banner dri pihak promotor? SINGKIRIN MUKA BAHLIL TOLONG","2047707927503585703","","ime_indonesia","in","","0","0","0","https://x.com/undefined/status/2047707927503585703","1533144312019439616",
"2047677987613708679","Fri Apr 24 16:01:15 +0000 2026","0","@NhanC18 @Its_ereko Worth adding the nuance Jakarta itself uses: this isn t framed domestically as picking a side or defying the West. Energy Minister Bahlil explicitly said the Russia deal won t reduce US imports. Indonesia s foreign policy doctrine since 1948 has been independent and active :","2047707451685036503","","NhanC18","en","","0","0","0","https://x.com/undefined/status/2047707451685036503","1407688024167632905",
"2047507059378360390","Fri Apr 24 15:58:44 +0000 2026","0","@ilvsunflowerr Mending nama nama pemerintah dasar Bahlil","2047706817996923365","","ilvsunflowerr","in","","0","0","0","https://x.com/undefined/status/2047706817996923365","1450838051031191556",
"2047698225252216851","Fri Apr 24 15:56:55 +0000 2026","0","@iHugsKseokjin mnding teg bahlil apa buna tedi ","2047706360381690255","","iHugsKseokjin","in","","0","1","0","https://x.com/undefined/status/2047706360381690255","1567560776",
"2047667310861926620","Fri Apr 24 15:54:22 +0000 2026","0","@cattbury @kyuucimol_ disitu isinya banner bahlil SEBEL BGT","2047705720217567587","","cattbury","in","","0","0","0","https://x.com/undefined/status/2047705720217567587","1308791122148298752",
"2047682722492207260","Fri Apr 24 15:54:08 +0000 2026","0","@kyutiewoos_ banner bahlil?","2047705660163580255","","kyutiewoos_","tr","","0","0","0","https://x.com/undefined/status/2047705660163580255","1712986577381777408",
"2047693723681890769","Fri Apr 24 15:53:59 +0000 2026","0","@uniquediin nah iyaa tapi sayang belum dipasang soalnya wajah Bahlil masih ada","2047705623417295270","","uniquediin","in","","0","1","0","https://x.com/undefined/status/2047705623417295270","1588173063446986754",
"2047705499613962304","Fri Apr 24 15:53:30 +0000 2026","0","bersanding dgn banner bahlil kah","2047705499613962304","","","in","","0","0","0","https://x.com/undefined/status/2047705499613962304","1308791122148298752",
"2047694162628341962","Fri Apr 24 15:53:12 +0000 2026","0","@taehyunitis maaf ya kalo aku salah nyebut nama fandomnya jgn rujak aku bahlil stans","2047705426490532152","","taehyunitis","in","","0","1","0","https://x.com/undefined/status/2047705426490532152","1643896865296109568",
"2047672099259715746","Fri Apr 24 15:52:25 +0000 2026","0","@Enthrealled Om Bahlil? Oh itu Om jauh aku.","2047705227739173099","","Enthrealled","in","","0","0","0","https://x.com/undefined/status/2047705227739173099","1877198756451594243",
"2047639346749243761","Fri Apr 24 15:49:29 +0000 2026","0","@sevdiakala @youngkheey Caca Bahlil 100% cinta","2047704488795070922","","sevdiakala","in","","0","1","0","https://x.com/undefined/status/2047704488795070922","1480508991679565825",
"2047704232896405686","Fri Apr 24 15:48:28 +0000 2026","0","sialan si bahlil manggil dinda dinda terus ","2047704232896405686","","","in","","0","0","0","https://x.com/undefined/status/2047704232896405686","972114098",
"2047639346749243761","Fri Apr 24 15:47:07 +0000 2026","0","@Nananayyyy0 @youngkheey caca ngidam bahlil","2047703894126702905","","Nananayyyy0","in","","0","2","0","https://x.com/undefined/status/2047703894126702905","1447464306983903235",
"2047703888627941832","Fri Apr 24 15:47:06 +0000 2026","0","itu bahlil gak sih njir? ","2047703888627941832","","","in","","0","0","0","https://x.com/undefined/status/2047703888627941832","1767696055532175360",
"2047693066199527884","Fri Apr 24 15:47:01 +0000 2026","1","@landakmode iya bang gw takutnya coachella klo pake dana MBG headliner nya bahlil biber","2047703867899666709","","landakmode","in","","1","0","0","https://x.com/undefined/status/2047703867899666709","1478639074038607872",
"2047639346749243761","Fri Apr 24 15:43:25 +0000 2026","0","@youngkheey Besok fotbar begini ka cacaaa kmrn kamu nangis nangis pengen Bahlil Yakan ta @sevdiakala","2047702962240397529","","youngkheey","in","","0","2","0","https://x.com/undefined/status/2047702962240397529","1480508991679565825",
"2047687737206313256","Fri Apr 24 15:43:23 +0000 2026","0","@lilaccountz Ciri2 bahlil","2047702955047129448","","lilaccountz","in","","0","0","0","https://x.com/undefined/status/2047702955047129448","78008720",
"2047702841222201361","Fri Apr 24 15:42:56 +0000 2026","0","Gedean banner bahlil daripada gate konser tresur @pramestiaraa","2047702841222201361","","","in","","0","1","0","https://x.com/undefined/status/2047702841222201361","765758941",
"2047698521210642642","Fri Apr 24 15:42:29 +0000 2026","0","@thedevilsworld Kepala bahlil maaf kalau benar.","2047702728756125988","","thedevilsworld","in","","0","1","0","https://x.com/undefined/status/2047702728756125988","166956438",
"2047702074104963511","Fri Apr 24 15:39:53 +0000 2026","0","Bahlil: Kita Satu Nusa Satu Bangsa Apalagi yang Perlu Diperdebatkan? https://t.co/tVJGJ5uVvG","2047702074104963511","","","in","","0","0","0","https://x.com/undefined/status/2047702074104963511","990237626",
"2047680451905782262","Fri Apr 24 15:39:43 +0000 2026","0","@nitkinyis pdhal ada bahlil","2047702030224130293","","nitkinyis","in","","0","0","0","https://x.com/undefined/status/2047702030224130293","1751478947752349696",
"2047667310861926620","Fri Apr 24 15:36:42 +0000 2026","0","@kyuucimol_ TADI SIANG LIAT BAHLIL DOANG","2047701274100212087","","kyuucimol_","in","","0","0","0","https://x.com/undefined/status/2047701274100212087","1176164711705931776",
"2047667310861926620","Fri Apr 24 15:36:18 +0000 2026","0","@kyuucimol_ Baru di pasang soalnya dari kemarin ada Banner Orang ganteng se indonesia . BAHLIL ","2047701171272667647","","kyuucimol_","in","","0","0","0","https://x.com/undefined/status/2047701171272667647","496154169",
"2047701024195199318","Fri Apr 24 15:35:43 +0000 2026","0","gak nyaman banget liatnya led treasure sebelahan sama banner bahlil","2047701024195199318","","","in","","0","0","0","https://x.com/undefined/status/2047701024195199318","2039380218998140928",
"2047698575849836560","Fri Apr 24 15:34:08 +0000 2026","0","@sofluffie Nasi bahlil","2047700628546474299","","sofluffie","in","","0","0","0","https://x.com/undefined/status/2047700628546474299","1651408837046579200",
"2047667310861926620","Fri Apr 24 15:33:19 +0000 2026","0","@kyuucimol_ @M4Rkleemakeu bahlil cahaya asia nya dikemanain ituuu ???","2047700422077612226","","kyuucimol_","in","","0","0","0","https://x.com/undefined/status/2047700422077612226","1707613713241706496",
"2047692980237250695","Fri Apr 24 15:32:42 +0000 2026","0","@sakaashakaa takut banget dikira partner bahlil","2047700267395883173","","sakaashakaa","in","","0","1","0","https://x.com/undefined/status/2047700267395883173","1130886159603707904",
"2047699667916587244","Fri Apr 24 15:32:30 +0000 2026","0","@Evanahol1c @rvamyeon Bahlil","2047700215856042253","","Evanahol1c","tr","","0","0","0","https://x.com/undefined/status/2047700215856042253","2040517063551127552",
"2047699772879049117","Fri Apr 24 15:30:44 +0000 2026","0","Soalnyaa siang tadi masih bahlil ","2047699772879049117","","","in","","0","0","0","https://x.com/undefined/status/2047699772879049117","1760861163129274368",
"2047699477008716159","Fri Apr 24 15:29:34 +0000 2026","1","ITU BAHLIL BUKAN SI ANJING HAHAHAHAHAH","2047699477008716159","","","in","","0","0","0","https://x.com/undefined/status/2047699477008716159","1801504349040033793",
"2047698225252216851","Fri Apr 24 15:29:32 +0000 2026","0","@eatjin_id tag bahlil","2047699469375025638","","eatjin_id","de","","0","1","0","https://x.com/undefined/status/2047699469375025638","1646616763663286273",
"2047698983913713871","Fri Apr 24 15:27:36 +0000 2026","3","selain jago cari minyak kanda bahlil ternyata juga jago main bass bener2 insan yg multi talent.. lovyu sekebon https://t.co/270BugylFv","2047698983913713871","https://pbs.twimg.com/ext_tw_video_thumb/2047698956243914752/pu/img/ZkRSS2-g4kwzSh3x.jpg","","in","","0","1","0","https://x.com/undefined/status/2047698983913713871","733221559",
"2047698630749069316","Fri Apr 24 15:26:12 +0000 2026","0","aduh gue ngatawain banner bahlil depan gate treasure ga kelar kelar anjg drtd","2047698630749069316","","","in","","0","0","0","https://x.com/undefined/status/2047698630749069316","1730787524585607169",
"2047697423578079316","Fri Apr 24 15:26:07 +0000 2026","0","@dellunera Mau dijual ke bahlil","2047698610285166836","","dellunera","in","","0","0","0","https://x.com/undefined/status/2047698610285166836","1156869918370873344",
"2047540693569298640","Fri Apr 24 15:22:25 +0000 2026","0","@eeviey80 Lebih gede muka si bahlil anjir","2047697678260465716","","eeviey80","in","","0","1","0","https://x.com/undefined/status/2047697678260465716","1292083360768995329",
"2047663500148019418","Fri Apr 24 15:22:16 +0000 2026","0","@idedek masa iya abis liat jeongwoo nengok dikit muka bahlil...","2047697638511046984","","idedek","in","","0","0","0","https://x.com/undefined/status/2047697638511046984","1457546571600388098",
"2047688783072809139","Fri Apr 24 15:22:02 +0000 2026","4","@kyuucimol_ kakk mksh info nyaa btw banner bahlil pas msuk gate 10 itu gk dilepas ya kakk???","2047697583603397038","","kyuucimol_","in","","0","1","0","https://x.com/undefined/status/2047697583603397038","1779818772586754048",
"2047697578574406066","Fri Apr 24 15:22:01 +0000 2026","0","alay lu jadi admin kanda bahlil melangkahdaritimur sana","2047697578574406066","","","in","","0","0","0","https://x.com/undefined/status/2047697578574406066","1697243376364765184",
"2047571144325353580","Fri Apr 24 15:20:55 +0000 2026","0","@kaatnice Wah mau dapet proyek ini mah kalo mimpiin kanda bahlil","2047697299950968892","","kaatnice","in","","0","0","0","https://x.com/undefined/status/2047697299950968892","2013106988201410560",
"2047490332720570856","Fri Apr 24 15:20:39 +0000 2026","0","@scowbaby @eajw00ah bahlil oppa SELAMAT DATANG TREASURE #TREASURE_PULSEONinJAKARTA #TREASURE #트레저 @treasuremembers","2047697233710301318","","scowbaby","in","","0","0","0","https://x.com/undefined/status/2047697233710301318","1475815345772318724",
"2047696984338006072","Fri Apr 24 15:19:40 +0000 2026","0","nurunin poster bahlil dulu","2047696984338006072","","","in","","0","0","0","https://x.com/undefined/status/2047696984338006072","1457546571600388098",
"2047667310861926620","Fri Apr 24 15:16:11 +0000 2026","0","@kyuucimol_ Info kak Bahlil nya udh lepas semua belum?","2047696110974898441","","kyuucimol_","in","","0","0","0","https://x.com/undefined/status/2047696110974898441","1288349989123416064",
"2047672388972867824","Fri Apr 24 15:15:51 +0000 2026","0","@qnstarss udah ga bahlil wkwkwk","2047696025817952425","","qnstarss","in","","0","1","0","https://x.com/undefined/status/2047696025817952425","1209329456847867904",
"2047695403517403211","Fri Apr 24 15:13:23 +0000 2026","0","Males bgt spanduk bahlil nyampe tl gue disini fakk","2047695403517403211","","","in","","0","0","0","https://x.com/undefined/status/2047695403517403211","1989328856944353280",
"2047678444449018064","Fri Apr 24 15:10:11 +0000 2026","0","@m0neymount BERHARAP KOK SAMA BAHLIL SIH MARAAA ","2047694599733612762","","m0neymount","in","","0","1","0","https://x.com/undefined/status/2047694599733612762","216984251",
"2047466382703652954","Fri Apr 24 15:09:39 +0000 2026","0","@yourngk Ih kan ada tuh Banner Bahlil lagi rame bannget","2047694465692061741","","yourngk","in","","0","0","0","https://x.com/undefined/status/2047694465692061741","846113317907132416",
"2047678444449018064","Fri Apr 24 15:08:59 +0000 2026","0","@m0neymount Boleh tapi bahlil sibuk ngurus negara kayaknya","2047694297458442463","","m0neymount","in","","0","1","0","https://x.com/undefined/status/2047694297458442463","495212543",
"2047691663687180432","Fri Apr 24 15:08:11 +0000 2026","0","@aurubyverse Gajelas lu sugar baby nya bahlil","2047694096354205943","","aurubyverse","in","","0","0","0","https://x.com/undefined/status/2047694096354205943","1284375681082650626",
"2047690934834667671","Fri Apr 24 15:08:05 +0000 2026","0","@yoxicha Astaga tuhan kalau gitu ini sih ime beneran minta w pukul pake street banner bahlil tadi siang kh?","2047694069921628638","","yoxicha","in","","0","0","0","https://x.com/undefined/status/2047694069921628638","1510290898189717506",
"2047678444449018064","Fri Apr 24 15:07:29 +0000 2026","0","@m0neymount Bahkan bahlil juga ga peduli kita masih bernafas apa tidak.","2047693919547424811","","m0neymount","in","","0","1","0","https://x.com/undefined/status/2047693919547424811","216984251",
"2047672600940425660","Fri Apr 24 15:05:29 +0000 2026","0","@ddoppyong ditunggu foto sm bahlil oppa nya","2047693418042925133","","ddoppyong","in","","0","0","0","https://x.com/undefined/status/2047693418042925133","1744665685442351104",
"2047693172885909742","Fri Apr 24 15:04:31 +0000 2026","0","bahlil anjing ngapain lo ikutan masang poster babii ","2047693172885909742","","","in","","0","0","0","https://x.com/undefined/status/2047693172885909742","1106892195880042499",
"2047687404904202513","Fri Apr 24 15:03:45 +0000 2026","0","@Wornbi siapa yang mau di jbjb dek? tl abang isinye bahlil sama saham anjlok","2047692980774195474","","Wornbi","in","","0","1","0","https://x.com/undefined/status/2047692980774195474","760262528228286465",
"2047692980237250695","Fri Apr 24 15:03:45 +0000 2026","9","Dah malah day 2 aku kuning lagi tar takut dikira antek² bahlil https://t.co/Aq4hskFniE","2047692980237250695","https://pbs.twimg.com/media/HGrd5oib0AAM2OX.jpg","","in","","0","6","0","https://x.com/undefined/status/2047692980237250695","1462302471913558016",
"2047618550656016515","Fri Apr 24 15:02:47 +0000 2026","0","@diselangkangen 999x telfon tak terjawab dari bahlil","2047692739261960248","","diselangkangen","in","","0","0","0","https://x.com/undefined/status/2047692739261960248","884726880300974081",
"2047692232950747457","Fri Apr 24 15:00:47 +0000 2026","0","treasure: wah bahlil sunbaemin dimana2 ","2047692232950747457","","","in","","0","0","0","https://x.com/undefined/status/2047692232950747457","1907942033270173696",
"2047691783992463752","Fri Apr 24 14:59:00 +0000 2026","0","Menteri ESDM Bahlil Lahadalia Siap Teken IPR Sulut: Tambang Rakyat Dapat Lampu Hijau Lingkungan Jadi Syarat! #bahlillahadalia #kuningkeren #golkarindonesia #partaigolkar #GolkarSolid https://t.co/csPI8KRKfO","2047691783992463752","","","in","","0","0","0","https://x.com/undefined/status/2047691783992463752","721898354502930433",
"2047640927519625541","Fri Apr 24 14:54:30 +0000 2026","0","@TetanggaResah Nah ini dia kebanggan mamah papah karena berhasil menaikkan derajat hidup. Tergantung sih kalau bahlil gue kabur. Pas pdkt sama pacar gw gw yg ngejar kaya soang sih mil lu pernah dikejar soang kaga https://t.co/ktREjIsYD1","2047690651471597752","https://pbs.twimg.com/media/HGrbyzDaQAA9r8D.jpg","TetanggaResah","in","","0","1","0","https://x.com/undefined/status/2047690651471597752","445465394",
"2047690520475103598","Fri Apr 24 14:53:58 +0000 2026","0","turunkan banner bahlil!","2047690520475103598","","","tr","","0","0","0","https://x.com/undefined/status/2047690520475103598","1664900398300430336",
"2047690435284590719","Fri Apr 24 14:53:38 +0000 2026","4","riccaa exclusive full exc seleb update: https://t.co/b8svLfNhld iphone17 bahlil riskanjut amelia koleksi viral https://t.co/8dr5sr7y41","2047690435284590719","https://pbs.twimg.com/amplify_video_thumb/2047689932609921024/img/8mvJDPVfljzTPA3Y.jpg","","in","","0","0","0","https://x.com/undefined/status/2047690435284590719","1947975014961356800",
"2047683740064006507","Fri Apr 24 14:49:13 +0000 2026","0","@yessmdrum KAMU MAHH!!!! MASA ASAHI DIGANTI KE BAHLIL","2047689324075036804","","yessmdrum","in","","0","0","0","https://x.com/undefined/status/2047689324075036804","1407180614306918401",
"2047671197173961207","Fri Apr 24 14:48:47 +0000 2026","0","@gummyonly_ besok ambil freebies aku ya foto bahlil","2047689214440173695","","gummyonly_","in","","0","1","0","https://x.com/undefined/status/2047689214440173695","1565385061775527937",
"2047689091417022592","Fri Apr 24 14:48:18 +0000 2026","0","bye bahlil","2047689091417022592","","","in","","0","0","0","https://x.com/undefined/status/2047689091417022592","1344265142784016387",
"2047671197173961207","Fri Apr 24 14:46:16 +0000 2026","0","@gummyonly_ Saya fanboy Bahlil kak","2047688581746196528","","gummyonly_","in","","0","1","0","https://x.com/undefined/status/2047688581746196528","1565385061775527937",
"2047667310861926620","Fri Apr 24 14:42:49 +0000 2026","0","@kyuucimol_ Dmn ini kak? Td msh muka bahlil ","2047687710522118441","","kyuucimol_","in","","0","0","0","https://x.com/undefined/status/2047687710522118441","3903069253",
"2047687495715033523","Fri Apr 24 14:42:41 +0000 2026","0","hampir seperempat abad idup gapernah liat org sejelek bahlil sorry bgt","2047687680751001756","","evrrywonwoo","in","","0","0","0","https://x.com/undefined/status/2047687680751001756","1984284275685175296",
"2047672989681172922","Fri Apr 24 14:40:15 +0000 2026","415","@dittolongdit ilmu olah sekelas kanda bahlil pun dimulai dari pengetahuan soal trivia2","2047687064855159019","","dittolongdit","in","","0","1","3","https://x.com/undefined/status/2047687064855159019","1075090106770309121",
"2047683740064006507","Fri Apr 24 14:40:13 +0000 2026","0","@yoosahiyaa besok kalo rame foto di banner bahlil aja phiii","2047687057980707207","","yoosahiyaa","in","","0","1","0","https://x.com/undefined/status/2047687057980707207","887281286556950529",
"2047568821863760257","Fri Apr 24 14:40:08 +0000 2026","0","@direktoridosen Nyoblos Golkar karena Bahlil","2047687036954665408","","direktoridosen","in","","0","0","0","https://x.com/undefined/status/2047687036954665408","1775417331281502208",
"2047686612415623524","Fri Apr 24 14:38:27 +0000 2026","0","demi apapun ga ada dipikiran gua konser treasure pake banner Bahlil","2047686612415623524","","","in","","0","0","0","https://x.com/undefined/status/2047686612415623524","1581594281273622529",
"2047576138009178245","Fri Apr 24 14:38:11 +0000 2026","0","@biewithyonk Bahlil oppa ","2047686546724458992","","biewithyonk","no","","0","0","0","https://x.com/undefined/status/2047686546724458992","243103521",
"2047667310861926620","Fri Apr 24 14:32:48 +0000 2026","0","@kyuucimol_ @jungjeonana ini timpa2an sama si bahlil kah?","2047685193176326422","","kyuucimol_","in","","0","0","0","https://x.com/undefined/status/2047685193176326422","2041862430356369408",
"2047461047117000783","Fri Apr 24 14:32:45 +0000 2026","0","@Ikademan_Yong @msaid_didu @Gerindra @NasDem @Partai_PSI @Golkar5 Udah gak ada yg gak mungkin sejak beliau berhasil mengganti airlangga dengan bahlil","2047685179549122678","","Ikademan_Yong","in","","0","0","0","https://x.com/undefined/status/2047685179549122678","1181514390140411904",
"2047684886530777323","Fri Apr 24 14:31:35 +0000 2026","0","women support women kecuali spesies Kesha cocok untuk papah bahlil aja Masih berlaku ga ini nonnie WKWKWKWK https://t.co/cOm2NH9YeZ","2047684886530777323","","","in","","0","0","0","https://x.com/undefined/status/2047684886530777323","1363081307236929536",
"2047684625657720935","Fri Apr 24 14:30:33 +0000 2026","0","BISA GA TURUNIN DULU MUKA BAHLIL? ","2047684625657720935","","","in","","0","0","0","https://x.com/undefined/status/2047684625657720935","1581594281273622529",
"2047682799629730022","Fri Apr 24 14:29:25 +0000 2026","0","@j3llyseaa lah lu gamau ikut? secinta itu ya lu sm bahlil #kawalsampaimenikah #imabahlilforever","2047684338956022025","","j3llyseaa","in","","0","2","0","https://x.com/undefined/status/2047684338956022025","1281776920493842432",
"2047684002434457804","Fri Apr 24 14:28:04 +0000 2026","1","bahlil kalah saing gak si","2047684002434457804","","","in","","0","1","0","https://x.com/undefined/status/2047684002434457804","1429050498678591499",
"2047683959220470226","Fri Apr 24 14:27:54 +0000 2026","0","treasure ngundang bahlil kah nnti?","2047683959220470226","","","in","","0","0","0","https://x.com/undefined/status/2047683959220470226","2041016722908704768",
"2047683880095011036","Fri Apr 24 14:27:35 +0000 2026","0"," Punya Gaji Tetap Jangan Ambil Hak Rakyat! Bahlil Lahadalia Ingatkan ASN Soal BBM Subsidi Lur Bahlil Lahadalia menegaskan bahwa BBM subsidi seperti Pertalite seharusnya diprioritaskan untuk masyarakat yang benar-benar membutuhkan bukan untuk kalangan mampu termasuk ASN. https://t.co/LaFcvIVslz","2047683880095011036","https://pbs.twimg.com/media/HGrVoWxacAAnjP8.jpg","","in","","0","0","0","https://x.com/undefined/status/2047683880095011036","828503372969832448",
"2047683837107577049","Fri Apr 24 14:27:25 +0000 2026","3","Kita memasuki fase clipper Bahlil era. https://t.co/xVrKb1r8yK","2047683837107577049","https://pbs.twimg.com/ext_tw_video_thumb/2047683812549971968/pu/img/z0AMv-oT0UazL74n.jpg","","in","","1","3","2","https://x.com/undefined/status/2047683837107577049","1970463967362621440",
"2047683800910745965","Fri Apr 24 14:27:16 +0000 2026","0","Najis banget besok sebelum liat asahi liat bahlil anj","2047683800910745965","","","in","","0","0","0","https://x.com/undefined/status/2047683800910745965","1481956915647496196",
"2047682799629730022","Fri Apr 24 14:23:18 +0000 2026","0","list yang mau merubuhkan banner bahlil 1. alya","2047682799629730022","","","in","","0","1","0","https://x.com/undefined/status/2047682799629730022","1281776920493842432",
"2047682566388658649","Fri Apr 24 14:22:22 +0000 2026","0","Malem baru dipasang tadi siang soal bgt liatnya muka Bahlil! :))","2047682566388658649","","","in","","0","0","0","https://x.com/undefined/status/2047682566388658649","1453626871132803073",
"2047682227484676189","Fri Apr 24 14:21:01 +0000 2026","0","Paling kesel dari gate mini ini adalah umbul-umbul yellow mukanya bahlil kampretttttt https://t.co/lJ1ZtcHPwY","2047682227484676189","https://pbs.twimg.com/media/HGrUIhAbUAAKU2s.jpg","","in","","0","0","0","https://x.com/undefined/status/2047682227484676189","1491218945390817280",
"2047682214557896711","Fri Apr 24 14:20:58 +0000 2026","0","Bahlil akankah menjadi ketuaa geng treasureeee","2047682214557896711","","","in","","0","1","0","https://x.com/undefined/status/2047682214557896711","1511524008931782658",
"2047682204894191793","Fri Apr 24 14:20:56 +0000 2026","0","bahlil oppa","2047682204894191793","","","no","","0","1","0","https://x.com/undefined/status/2047682204894191793","2850055082",
"2047344811196268596","Fri Apr 24 14:20:33 +0000 2026","0","@shitposts_mp4 Wait is that Bahlil Lahadalia (Minister of Energy and Mineral Resources)?","2047682109167505444","","shitposts_mp4","en","","0","0","0","https://x.com/undefined/status/2047682109167505444","903269938734915586",
"2047681763179401274","Fri Apr 24 14:19:11 +0000 2026","0","SPANDUKK TREJO UDH DIPASANG BLUM YEAHH?? terakhir liat masih bahlil","2047681763179401274","","","in","","0","1","0","https://x.com/undefined/status/2047681763179401274","1794381955653578752",
"2047670501808668695","Fri Apr 24 14:18:47 +0000 2026","0","@worthlessix thx: tahu herex cogil: cowo gila jabatan sbb: sorry banget bahlil hr: halah reza arap musikmenfess: tempat flexing selera musik tw: teddy widodo cw: coko widodo","2047681665015926903","","worthlessix","in","","0","1","0","https://x.com/undefined/status/2047681665015926903","385215794",
"2047681560862929368","Fri Apr 24 14:18:22 +0000 2026","0","malesss bgt besok liat banner bahlil","2047681560862929368","","","in","","0","1","0","https://x.com/undefined/status/2047681560862929368","1278626613580582920",
"2047539922161291289","Fri Apr 24 14:16:26 +0000 2026","0","@tanaberuto_ Ngga sabar banget nonton bahlil joget move","2047681073757438240","","tanaberuto_","in","","0","0","0","https://x.com/undefined/status/2047681073757438240","1483030110232281089",
"2047680797898080502","Fri Apr 24 14:15:20 +0000 2026","0","gak sudi banner ganteng ini disandingkan dgn yellow bahlil","2047680797898080502","","","in","","0","0","0","https://x.com/undefined/status/2047680797898080502","1489807406209339395",
"2047680489818095757","Fri Apr 24 14:14:07 +0000 2026","0","Bahlil ahjussi mau joget darari","2047680489818095757","","","in","","0","0","0","https://x.com/undefined/status/2047680489818095757","1483030110232281089",
"2047674564986261910","Fri Apr 24 14:12:20 +0000 2026","0","@jeliciouws sarangheyo bahlil oppa HUEK","2047680041862185290","","jeliciouws","in","","0","1","0","https://x.com/undefined/status/2047680041862185290","1514806545955323908",
"2047679591276519801","Fri Apr 24 14:10:33 +0000 2026","0","akhirnya ga ada agenda foto bersama bahlil itu","2047679591276519801","","","in","","0","0","0","https://x.com/undefined/status/2047679591276519801","1537872777264627712",
"2047679061800214576","Fri Apr 24 14:08:27 +0000 2026","0","Bahlil date ️️️ https://t.co/kxedJIBA4w","2047679061800214576","https://pbs.twimg.com/media/HGrRP0Ca8AAo0WK.jpg","","tr","","1","0","0","https://x.com/undefined/status/2047679061800214576","1865410864595234817",
"2047667837767196689","Fri Apr 24 14:06:49 +0000 2026","0","@writtenbykeon kalo boleh tau bahlil siapa ya kak? hehehe maaf gakenal ^_^","2047678654491361496","","writtenbykeon","in","","0","0","0","https://x.com/undefined/status/2047678654491361496","1954901887876259840",
"2047663500148019418","Fri Apr 24 14:05:57 +0000 2026","0","@jjoumiu sumpah iya setiap jalan ada bahlil","2047678434349027628","","jjoumiu","in","","0","0","0","https://x.com/undefined/status/2047678434349027628","1292125154269523968",
"2047676783001276575","Fri Apr 24 14:04:58 +0000 2026","0","@kyuucimol_ Pantesan muka si Bahlil masih ada ga kak?","2047678186650239079","","kyuucimol_","in","","0","0","0","https://x.com/undefined/status/2047678186650239079","1547131736265748481",
"2047675968048054596","Fri Apr 24 14:04:39 +0000 2026","0","@jekjekarchive Kak jangan kak nanti jadi bahlil maker","2047678108413919371","","jekjekarchive","in","","0","0","0","https://x.com/undefined/status/2047678108413919371","1931223079906430976",
"2047678103691075830","Fri Apr 24 14:04:38 +0000 2026","0","eh itu banner si bahlil bsk bakal dicopot gaksih? ","2047678103691075830","","","in","","0","1","0","https://x.com/undefined/status/2047678103691075830","1281776920493842432",
"2047678071894135115","Fri Apr 24 14:04:31 +0000 2026","0","NI UDAH ADA BANNER JUNKYU LU PADA STOP NYURUH GWEH POTO SAMA BANNER BAHLIL Y ANJRIT","2047678071894135115","","","in","","0","1","0","https://x.com/undefined/status/2047678071894135115","1143929335838957568",
"2047672388972867824","Fri Apr 24 14:04:13 +0000 2026","0","@qnstarss TADI UDH DATENG TAPI MASIH SI BAHLIL","2047678000385401248","","qnstarss","in","","0","1","0","https://x.com/undefined/status/2047678000385401248","1482365395332124673",
"2047677964113019293","Fri Apr 24 14:04:05 +0000 2026","0","bahlil ganggu anjj","2047677964113019293","","","in","","0","0","0","https://x.com/undefined/status/2047677964113019293","1258173895816826880",
"2047677845485555961","Fri Apr 24 14:03:37 +0000 2026","0","Itu banner trejo di mane sih gue tdi lewatin arah IA malah masih SI BAHLIL ANJAY","2047677845485555961","","","in","","0","1","0","https://x.com/undefined/status/2047677845485555961","1721045093828935680",
"2047676544668311887","Fri Apr 24 14:02:36 +0000 2026","0","keyboard gw aja gkmw ngetik bahlil","2047677592938188856","","neirddoy","in","","0","0","0","https://x.com/undefined/status/2047677592938188856","1538136209213444096",
"2047676544668311887","Fri Apr 24 14:02:24 +0000 2026","0","bahlil astaga GW BENCI AUTOCORRECT","2047677543315345829","","neirddoy","in","","0","0","0","https://x.com/undefined/status/2047677543315345829","1538136209213444096",
"2047449217518768472","Fri Apr 24 14:02:11 +0000 2026","0","@bardanslm MBG (Mas Bahlil Ganteng)","2047677484767084674","","bardanslm","in","","0","0","0","https://x.com/undefined/status/2047677484767084674","1869706771",
"2047674564986261910","Fri Apr 24 14:01:28 +0000 2026","0","@cherrycountry bahlil oppa","2047677305200562392","","cherrycountry","no","","0","1","0","https://x.com/undefined/status/2047677305200562392","1283032405830447111",
"2047610321427116417","Fri Apr 24 14:00:42 +0000 2026","1","@BaseBDG friends with bahlil","2047677114560958697","","BaseBDG","en","","0","0","0","https://x.com/undefined/status/2047677114560958697","2027787669070372864",
"2047673760233463869","Fri Apr 24 14:00:39 +0000 2026","0","@pakslamet88 Plss mau liat kakanda bahlil","2047677100145172592","","pakslamet88","in","","0","1","0","https://x.com/undefined/status/2047677100145172592","477253273",
"2047676981471523199","Fri Apr 24 14:00:11 +0000 2026","0","Sial terus direpnya ada yg bilang taesungnya bahlil","2047676981471523199","","","in","","0","0","0","https://x.com/undefined/status/2047676981471523199","881617734194274304",
"2047675906991575093","Fri Apr 24 13:59:55 +0000 2026","0","@ndarararari Tapi yg bahlil barti dah di copot semua kan ya","2047676918217228531","","ndarararari","in","","0","1","0","https://x.com/undefined/status/2047676918217228531","1029140840013213696",
"2047600502767268051","Fri Apr 24 13:59:36 +0000 2026","0","@bidxxyz_ yg jelas ga kaya bahlil","2047676836172517516","","bidxxyz_","in","","0","0","0","https://x.com/undefined/status/2047676836172517516","1370230985648914432",
"2047576138009178245","Fri Apr 24 13:57:48 +0000 2026","0","@biewithyonk LAGIAN KONSER SIAPA KENAPA BANNER BAHLIL ANJ","2047676384366276796","","biewithyonk","in","","0","0","0","https://x.com/undefined/status/2047676384366276796","1721143536958205952",
"2047676136097009923","Fri Apr 24 13:56:49 +0000 2026","0","Curiga bsok Jeongwoo collab sama bahlil","2047676136097009923","","","in","","0","2","0","https://x.com/undefined/status/2047676136097009923","1547071659647340544",
"2047672946819527158","Fri Apr 24 13:56:23 +0000 2026","0","@do0bbies_ Iya ga satu baris ama bahlil wkwkwkwk","2047676027892363392","","do0bbies_","in","","0","0","0","https://x.com/undefined/status/2047676027892363392","1715286353347489792",
"2047672946819527158","Fri Apr 24 13:56:14 +0000 2026","0","@junkyualakyuu Gaada ini beda bahlil dkt led WKWKWKWKWKWKKW","2047675987614425526","","junkyualakyuu","in","","0","0","0","https://x.com/undefined/status/2047675987614425526","1715286353347489792",
"2047675906991575093","Fri Apr 24 13:55:54 +0000 2026","0","banner baru dipasangin tadi kesana masih muka bahlil ih betmut ","2047675906991575093","","","in","","0","5","0","https://x.com/undefined/status/2047675906991575093","1079763779217371136",
"2047670304214819235","Fri Apr 24 13:55:22 +0000 2026","0","@yappingfess Boolnya bahlil bisa ngirim menfess ya?","2047675771398041940","","yappingfess","in","","0","0","0","https://x.com/undefined/status/2047675771398041940","1369644747518746630",
"2047673760233463869","Fri Apr 24 13:54:41 +0000 2026","0","@pakslamet88 Besok fotoin muka Bahlil dong","2047675599834300712","","pakslamet88","in","","0","1","0","https://x.com/undefined/status/2047675599834300712","477253273",
"2047675521912447213","Fri Apr 24 13:54:23 +0000 2026","0","bahlil udh gada?","2047675521912447213","","","in","","0","0","0","https://x.com/undefined/status/2047675521912447213","3134083854",
"2047675497883254795","Fri Apr 24 13:54:17 +0000 2026","0","Wowo Gibran Bahlil","2047675497883254795","","","in","","0","0","0","https://x.com/undefined/status/2047675497883254795","293380973",
"2047675173370024388","Fri Apr 24 13:52:59 +0000 2026","0","elaaah giliran gue udh balik aja males bgt liat si bahlil drtd lilll lilll ah betmut","2047675173370024388","","","in","","0","0","0","https://x.com/undefined/status/2047675173370024388","1835830764975603712",
"2047671197173961207","Fri Apr 24 13:51:56 +0000 2026","0","@harut0niq5 Asahi menciptakan yellow untuk Bahlil oppa","2047674908860379423","","harut0niq5","in","","0","1","0","https://x.com/undefined/status/2047674908860379423","1565385061775527937",
"2047667310861926620","Fri Apr 24 13:51:55 +0000 2026","0","@kyuucimol_ kuranh cepet sama bahlil ka ","2047674903676219711","","kyuucimol_","in","","0","0","0","https://x.com/undefined/status/2047674903676219711","1926294385714466816",
"2047674681977970912","Fri Apr 24 13:51:02 +0000 2026","0","Met mlem aa jungwoo smoga mimpi indah. Yg bkan aa jungwoo mimpi bahlil aj","2047674681977970912","","","in","","0","0","0","https://x.com/undefined/status/2047674681977970912","632900181",
"2047674564986261910","Fri Apr 24 13:50:34 +0000 2026","0","tau ga bisabisanya ga ngeh banner project udh terpasang malah keasikan foto sm banner bahlil ","2047674564986261910","","","in","","0","2","0","https://x.com/undefined/status/2047674564986261910","1514806545955323908",
"2047663656977227998","Fri Apr 24 13:50:13 +0000 2026","0","@AqilSannz_ @alpin_09 11 12 ama bahlil","2047674474603110862","","AqilSannz_","tr","","0","1","0","https://x.com/undefined/status/2047674474603110862","1658772890018533377",
"2047667310861926620","Fri Apr 24 13:47:54 +0000 2026","0","@kyuucimol_ Kasian bgt bahlil pasti kebanting bgt ini","2047673890848342128","","kyuucimol_","in","","1","0","0","https://x.com/undefined/status/2047673890848342128","1792351004274667520",
"2047540693569298640","Fri Apr 24 13:47:34 +0000 2026","0","@eeviey80 treasure with bahlil","2047673807457173896","","eeviey80","en","","0","0","0","https://x.com/undefined/status/2047673807457173896","1863581234204676096",
"2047668924192546855","Fri Apr 24 13:46:26 +0000 2026","0","@rudongie wah oke kak takut ketemu bahlil","2047673524601717242","","rudongie","in","","0","1","0","https://x.com/undefined/status/2047673524601717242","1262978544289714177",
"2047672946819527158","Fri Apr 24 13:46:25 +0000 2026","0","@sundheey KAK GK ADA SI BAHLIL KAN?","2047673518972973093","","sundheey","in","","0","1","0","https://x.com/undefined/status/2047673518972973093","2023767822799892482",
"2047667837767196689","Fri Apr 24 13:46:20 +0000 2026","0","@keonsyiL pake muka bahlil","2047673496508256311","","keonsyiL","in","","0","1","0","https://x.com/undefined/status/2047673496508256311","1959607613978705920",
"2047673300302831753","Fri Apr 24 13:45:33 +0000 2026","0","semua gara2 banner bahlil anj","2047673300302831753","","","in","","0","0","0","https://x.com/undefined/status/2047673300302831753","1173081077411241985",
"2047611702481695030","Fri Apr 24 13:44:29 +0000 2026","2","@Franken_blues Terus siapa yang menyerang Bahlil dan Teddy demi menjatuhkan Prabowo? Kenapa tidak langsung ke tujuan aja ada yg ngebet Prabowo lengser dan Gibran naik RI-1. Sudah pasti bapaknya pelaku drama serangan ke Bahlil dan Teddy","2047673031292768617","","Franken_blues","in","","0","0","0","https://x.com/undefined/status/2047673031292768617","1486485379767144451",
"2047672996404576413","Fri Apr 24 13:44:20 +0000 2026","0","emg kudunya banner begini yg kepasang buat cuci mata bukan banner bahlil","2047672996404576413","","","in","","0","0","0","https://x.com/undefined/status/2047672996404576413","1549274101063503873",
"2047672617600229459","Fri Apr 24 13:42:50 +0000 2026","0","alhamdulillah no more bahlil","2047672617600229459","","","in","","0","0","0","https://x.com/undefined/status/2047672617600229459","1065168230954618880",
"2047532405184147923","Fri Apr 24 13:26:16 +0000 2026","0","@kyustellation bahlil sunbaenim","2047668447103107088","","kyustellation","in","","0","0","0","https://x.com/undefined/status/2047668447103107088","1931183531771977728",
"2047668413603234166","Fri Apr 24 13:26:08 +0000 2026","5","terpantau belom turun juga nih banner si bahlil dkk https://t.co/l4SZABZrFY","2047668413603234166","https://pbs.twimg.com/amplify_video_thumb/2047668282120122368/img/z5garS9bfzx0hPlW.jpg","","in","","0","1","0","https://x.com/undefined/status/2047668413603234166","1641431995086675968",
"2047653856964948024","Fri Apr 24 13:25:40 +0000 2026","0","@pixoire BENCI BGT HARI INI GABISA FOTO FOTO BANNER KARENA ADA MUKA BAHLIL","2047668297299321272","","pixoire","in","","0","0","0","https://x.com/undefined/status/2047668297299321272","1235861700496117760",
"2047667310861926620","Fri Apr 24 13:25:20 +0000 2026","0","@kyuucimol_ banner bahlil masih ada ga kak iel ","2047668212750565829","","kyuucimol_","in","","0","1","0","https://x.com/undefined/status/2047668212750565829","1296082774416224260",
"2047665143690256545","Fri Apr 24 13:24:33 +0000 2026","0","@aiurskieschu minimal lepas 2 hari lah gila malu bgt diliat teume ln yg nongol bahlil","2047668015660253335","","aiurskieschu","in","","0","0","0","https://x.com/undefined/status/2047668015660253335","1275620771776196613",
"2047666210809294929","Fri Apr 24 13:24:30 +0000 2026","0","@ouryunieverse bahlil sunbaenim besok mau ikit perform yellow katanyaa","2047668002519490961","","ouryunieverse","in","","0","0","0","https://x.com/undefined/status/2047668002519490961","1888852038844633088",
"2047667466407661832","Fri Apr 24 13:22:22 +0000 2026","0","eh gue mau foto depan banner bahlil yellow deh...","2047667466407661832","","","in","","0","0","0","https://x.com/undefined/status/2047667466407661832","1377646370471833601",
"2047665984526532860","Fri Apr 24 13:22:12 +0000 2026","0","@nasiypadank yg ga ngomong pacarnya bahlil","2047667424494039265","","nasiypadank","in","","0","0","0","https://x.com/undefined/status/2047667424494039265","1440689016458731526",
"2047663042201338269","Fri Apr 24 13:22:07 +0000 2026","0","@ceyiiwonn Bayangin deh ditiang yang sama tapi sebelah kanan muka Bahlil sebelah kiri muka jungwon ","2047667405695205508","","ceyiiwonn","in","","0","1","0","https://x.com/undefined/status/2047667405695205508","1151397633153368064",
"2047665355502612896","Fri Apr 24 13:21:44 +0000 2026","0","@cintanyanara nanti dikejar bahlil mau?","2047667306281742582","","cintanyanara","in","","0","1","0","https://x.com/undefined/status/2047667306281742582","1609391570838769664",
"2047665934576578864","Fri Apr 24 13:21:32 +0000 2026","0","@phuwinthehouse katanya bahlil siap sayang sayangin nel","2047667258454126711","","phuwinthehouse","in","","0","1","0","https://x.com/undefined/status/2047667258454126711","1609391570838769664",
"2047667190334386288","Fri Apr 24 13:21:16 +0000 2026","13","Bahlil Harusnya Malu Tugas Menteri ESDM Dikerjakan Presiden https://t.co/36c9LBNqUK","2047667190334386288","","","in","","0","2","12","https://x.com/undefined/status/2047667190334386288","887743587579944960",
"2047667185418744085","Fri Apr 24 13:21:15 +0000 2026","0","Bahlil sunbaenim","2047667185418744085","","","in","","0","0","0","https://x.com/undefined/status/2047667185418744085","1515528563935842305",
"2047663042201338269","Fri Apr 24 13:20:44 +0000 2026","0","@louvemeskyzz bencii banget ga mauu takut enhypen trauma TAPIII BUAT INTERFANS GA PAPA biar pulang langsunh ke negaranya masing masin karna takut liat muka bahlil","2047667056934580353","","louvemeskyzz","in","","0","1","0","https://x.com/undefined/status/2047667056934580353","1293752028032688128",
"2047658649703862419","Fri Apr 24 13:20:17 +0000 2026","0","@MiskinTV_ ide Bahlil tentang pembelian gas hijau wajib pake ktp &amp; hanya dijual diagen resmi itu sebenarnya ide bagus. Asal insfrastruktur nya sudah mempuni.","2047666942182637953","","MiskinTV_","in","","0","0","0","https://x.com/undefined/status/2047666942182637953","3178340132",
"2047576138009178245","Fri Apr 24 13:19:57 +0000 2026","0","@biewithyonk Kak hati hati kak nanti kena pelet jadi bahlil maker","2047666858653106625","","biewithyonk","in","","0","0","0","https://x.com/undefined/status/2047666858653106625","1931223079906430976",
"2047666858598584427","Fri Apr 24 13:19:57 +0000 2026","0","BAHLIL SUNBAENIM ","2047666858598584427","","","in","","0","0","0","https://x.com/undefined/status/2047666858598584427","1301372526644191233",
"2047666837656309847","Fri Apr 24 13:19:52 +0000 2026","0","EH AMPE BESOK ITU BANNER BAHLIL MASIH ADA KAH???","2047666837656309847","","","in","","0","0","0","https://x.com/undefined/status/2047666837656309847","937649329602306048",
"2047665934576578864","Fri Apr 24 13:18:07 +0000 2026","0","@phuwinthehouse bentar gua tag bahlil","2047666398454014172","","phuwinthehouse","in","","0","1","0","https://x.com/undefined/status/2047666398454014172","1609391570838769664",
"2047664101061730343","Fri Apr 24 13:18:04 +0000 2026","0","@xeulis Bahlil?","2047666383639744895","","xeulis","tr","","0","1","0","https://x.com/undefined/status/2047666383639744895","2886036856",
"2047662788152262781","Fri Apr 24 13:03:47 +0000 2026","0","yaampun bahlil sunbae https://t.co/ZjzsM7QtDO","2047662788152262781","https://pbs.twimg.com/media/HGrCczDaAAAsFgz.jpg","","in","","0","2","0","https://x.com/undefined/status/2047662788152262781","1343881728578863105",
"2047660690715058375","Fri Apr 24 13:03:37 +0000 2026","0","@irsannh soalnya lebih bahaya kalo ah masih menjabat agak susah ngatur golkarnya tp bahlil ini jago jg main politiknya","2047662749866709067","","irsannh","in","","0","1","0","https://x.com/undefined/status/2047662749866709067","1360106704520679424",
"2047319281495654485","Fri Apr 24 13:02:24 +0000 2026","0","@barculers Pake bahlil ya kakak","2047662441186910500","","barculers","in","","0","1","0","https://x.com/undefined/status/2047662441186910500","1948989080207065093",
"2047661547502326008","Fri Apr 24 12:58:51 +0000 2026","0","Langsung diserang buzzer timothy setara kanda bahlil","2047661547502326008","","","in","","0","0","0","https://x.com/undefined/status/2047661547502326008","2024681204428255233",
"2047661442057580660","Fri Apr 24 12:58:26 +0000 2026","0","Ada acara apasi kok dipasang banner bapak bahlil???","2047661442057580660","","","in","","0","0","0","https://x.com/undefined/status/2047661442057580660","1598812274445062149",
"2047660987302768684","Fri Apr 24 12:57:42 +0000 2026","0","@feeltherytm jangan lupa foto di banner nya bahlil kak wkwk","2047661257390784602","","feeltherytm","in","","0","1","0","https://x.com/undefined/status/2047661257390784602","1588383154964160512",
"2047582564295360830","Fri Apr 24 12:56:31 +0000 2026","1","@tempodotco Kolom komen dipenuhi orang yang ga tau konteks wkwkw bahlil bisa jadi ketua golkar lewat siape emang cok. kok malah pada bilang ga pede bahlil maju yang dijagain si gibran ini kocak bahlil ga akan maju pilpres Ujung galahnya bahlil kan belum punya kendaraan eligible buat 2029.","2047660962652852686","","tempodotco","in","","0","1","0","https://x.com/undefined/status/2047660962652852686","3886880420",
"2047655685295677829","Fri Apr 24 12:51:34 +0000 2026","0","@Vanian___ kan pak bahlil sendiri yang bilang kak","2047659715136761925","","Vanian___","in","","0","0","0","https://x.com/undefined/status/2047659715136761925","1240797266450894849",
"2047635918593597668","Fri Apr 24 12:50:00 +0000 2026","0","@shuajagiya Mending nonton konser bahlil","2047659321144877332","","shuajagiya","in","","0","0","0","https://x.com/undefined/status/2047659321144877332","1393217967253385219",
"2047659011772928121","Fri Apr 24 12:48:46 +0000 2026","2","Unboxing my bojo Kata adek gue Lah cakepan Bahlil https://t.co/Q8X33EAGTl","2047659011772928121","https://pbs.twimg.com/media/HGq_A5-acAAvgzC.jpg","","in","","0","0","0","https://x.com/undefined/status/2047659011772928121","1265127377094361089",
"2047652974898692395","Fri Apr 24 12:47:34 +0000 2026","0","@estfisip bannernya masih bahlil kak....","2047658707610489322","","estfisip","in","","0","0","0","https://x.com/undefined/status/2047658707610489322","1620991964438233090",
"2047568821863760257","Fri Apr 24 12:46:03 +0000 2026","2","@direktoridosen Ya tergantung orangnya kalo yg emang die hardnya Mega sampe mati ya bakal pilih pdip terus. Kalo Mega mati paling yg gantiin juga puan. Kalo Golkar emang sangat progresif sampe kanda bahlil mampu mengacak acak dominasi para elite.","2047658327451300243","","direktoridosen","in","","0","0","0","https://x.com/undefined/status/2047658327451300243","1503930081689104384",
"2047540693569298640","Fri Apr 24 12:45:44 +0000 2026","1","@khanyeola TAKUT BGT BAHLIL SUNBAENIM ","2047658247319093485","","khanyeola","in","","0","0","0","https://x.com/undefined/status/2047658247319093485","1888852038844633088",
"2047658101902327908","Fri Apr 24 12:45:09 +0000 2026","0","makin mirip mingyu deh km maaf ya sayang kemarin komunikasi kita jelek kita perbaiki lagi ya#fyp #bahlil #viral #bbm #jj https://t.co/xfYwMAZMLe","2047658101902327908","https://pbs.twimg.com/ext_tw_video_thumb/2047658033715503104/pu/img/kU2YNsb4ymU778hi.jpg","","in","","0","0","0","https://x.com/undefined/status/2047658101902327908","2026927263154061312",
"2047540693569298640","Fri Apr 24 12:44:04 +0000 2026","17","@fratchyaraa bahlil sunbaenim","2047657829524467731","","fratchyaraa","in","","0","0","1","https://x.com/undefined/status/2047657829524467731","1888852038844633088",
"2047657666634489922","Fri Apr 24 12:43:26 +0000 2026","0","benci bgt anj liat muka bahlil","2047657666634489922","","","in","","0","0","0","https://x.com/undefined/status/2047657666634489922","1536189954321051649",
"2047657073325085086","Fri Apr 24 12:41:04 +0000 2026","0","Besok ke IA lagi dengan style ala trainee YG gua mau poto sama baliho bahlil!!!!","2047657073325085086","","","in","","0","0","0","https://x.com/undefined/status/2047657073325085086","1923984468865581063",
"2047507240115212370","Fri Apr 24 12:41:04 +0000 2026","2","@pap_kill Robot diananya kayak bahlil","2047657071005581518","","pap_kill","in","","0","0","0","https://x.com/undefined/status/2047657071005581518","969994763729436672",
"2047532405184147923","Fri Apr 24 12:40:10 +0000 2026","0","@kyustellation bahlil ngaku se gen sama jyp","2047656846039957778","","kyustellation","in","","0","0","0","https://x.com/undefined/status/2047656846039957778","1587062179269787649",
"2047539922161291289","Fri Apr 24 12:36:45 +0000 2026","1","@tanaberuto_ imtu bakal dicopot kapan deh???? masa imyah mau konser limhat muka bahlil ","2047655985108672977","","tanaberuto_","in","","0","0","0","https://x.com/undefined/status/2047655985108672977","2027367023500808192",
"2047490332720570856","Fri Apr 24 11:07:32 +0000 2026","0","@scowbaby @eajw00ah Walau nggak nonton sumpah benci banget liatnya. Aku adalah haters no 1 nya bahlil soalnya","2047633536379945168","","scowbaby","in","","0","0","0","https://x.com/undefined/status/2047633536379945168","1734908471940964352",
"2047633516901585228","Fri Apr 24 11:07:28 +0000 2026","7","Bahlil Harusnya Malu Tugas Menteri ESDM Dikerjakan Presiden https://t.co/6e6RlpgXNS","2047633516901585228","","","in","","0","4","0","https://x.com/undefined/status/2047633516901585228","3319260420",
"2047597728197435459","Fri Apr 24 11:05:13 +0000 2026","0","@ohyulmen lahdalah ada bahlil","2047632952310566981","","ohyulmen","in","","0","1","0","https://x.com/undefined/status/2047632952310566981","1994398218067881984",
"2047632839483724272","Fri Apr 24 11:04:46 +0000 2026","0","PULANG NGANTOR GUE TBTB LIAT MUKA BAHLIL SEGEDE GABAN","2047632839483724272","","","in","","0","0","0","https://x.com/undefined/status/2047632839483724272","1174545617390977024",
"2047632482905010422","Fri Apr 24 11:03:21 +0000 2026","9","Bahlil tiap kali ngaca:","2047632482905010422","","","in","","0","0","1","https://x.com/undefined/status/2047632482905010422","478829168",
"2047632460255744192","Fri Apr 24 11:03:16 +0000 2026","0"," pak turun di deket poster bahlil ya https://t.co/ph8QGfvi9V","2047632460255744192","https://pbs.twimg.com/media/HGqm3RuasAAAOZG.jpg","","in","","0","0","0","https://x.com/undefined/status/2047632460255744192","266505417",
"2047576138009178245","Fri Apr 24 11:00:03 +0000 2026","0","@biewithyonk foto sama junghwan pulang foto sawan (brcnda pa bahlil p pgn bensin turun donk) lafyu","2047631652202160611","","sukakejukraft","in","","0","1","0","https://x.com/undefined/status/2047631652202160611","387674143",
"2047566338475061284","Fri Apr 24 10:58:25 +0000 2026","0","@knithetapes yg bahlil yg monyet anjir (sorry)","2047631240883499295","","knithetapes","in","","0","1","0","https://x.com/undefined/status/2047631240883499295","1412383619419570180",
"2047490332720570856","Fri Apr 24 10:57:43 +0000 2026","0","@scowbaby mungkin bahlil teume juga. playlist spotify dia pasti ada yellow","2047631065968517301","","scowbaby","in","","0","0","0","https://x.com/undefined/status/2047631065968517301","1899751357344878592",
"2047631060499075176","Fri Apr 24 10:57:42 +0000 2026","1","HIKS HIKS KAKA CANTIK BAYARIN UKT AKU KAKA CANTIK MAKASIH UDAH SELALU CANTIK DAN KINYIS KINYIS KASIAN SEKALI KM KAKA CANTIK HARUS SENDIRIAN MENGINDAHKAN NKRI DI ERA JELEK NYA MUKA BAHLIL... GBK TOLONG PASANG BANNER KAKA CANTIK INI AJA DARIPADA MUKA BAHLIL ITU ️ https://t.co/4zqGzzDqWC","2047631060499075176","https://pbs.twimg.com/media/HGqll4IbMAA82JG.jpg","","in","","0","0","0","https://x.com/undefined/status/2047631060499075176","2037836916494659584",
"2047576138009178245","Fri Apr 24 10:57:02 +0000 2026","0","@biewithyonk bahlil sunbaenim","2047630892982825162","","biewithyonk","in","","0","1","0","https://x.com/undefined/status/2047630892982825162","387674143",
"2047629697396453632","Fri Apr 24 10:56:28 +0000 2026","0","@muzii69 Muka shreknya ganti yang itu mirip bahlil","2047630750493913252","","muzii69","in","","0","1","0","https://x.com/undefined/status/2047630750493913252","1539229042515521536",
"2047543556534128959","Fri Apr 24 10:53:42 +0000 2026","0","@izmehaii bahlil semakin di depan","2047630052620460473","","izmehaii","in","","0","0","0","https://x.com/undefined/status/2047630052620460473","470124959",
"2047576138009178245","Fri Apr 24 10:51:22 +0000 2026","0","@biewithyonk km pasti gbs bedain mn member mn bahlil y ka? saking miripnyqa?!?!?","2047629466885837089","","biewithyonk","in","","0","0","0","https://x.com/undefined/status/2047629466885837089","1552724833368125440",
"2047629248727597284","Fri Apr 24 10:50:30 +0000 2026","0","lusyu bangyet bahlil yellow era","2047629248727597284","","","in","","0","1","0","https://x.com/undefined/status/2047629248727597284","1358811495379861508",
"2047270315605328371","Fri Apr 24 10:49:06 +0000 2026","0","@PorosHalangID Darah gw udeh terlanjur merah. Mau king lagi renyek Mau lagi tengkurep Mau lagi ngaduk semen Mau lagi gali goa. Tetep aja king terus mengalir dalam tubuh jiwa raga ini. Uanjay Bahlil ga tuh","2047628894623375397","","PorosHalangID","in","","0","0","0","https://x.com/undefined/status/2047628894623375397","1885012963322662912",
"2047628874461450513","Fri Apr 24 10:49:01 +0000 2026","0","bahlil ngaku treasure","2047628874461450513","","","in","","0","0","0","https://x.com/undefined/status/2047628874461450513","1496662353194405893",
"2047583038645907846","Fri Apr 24 10:48:59 +0000 2026","1","@kumifigo Anjir itu bahlil?","2047628866781692266","","kumifigo","in","","0","1","0","https://x.com/undefined/status/2047628866781692266","1454387567411879938",
"2047576138009178245","Fri Apr 24 10:48:48 +0000 2026","0","@biewithyonk wall of bahlil https://t.co/71dJYEzNva","2047628819826372694","https://pbs.twimg.com/media/HGqjjTlagAA6DSt.jpg","biewithyonk","en","","0","0","0","https://x.com/undefined/status/2047628819826372694","1137597105617326080",
"2047488630483247529","Fri Apr 24 10:48:40 +0000 2026","0","@moyyaaa_ Yellow sih yellow yak tp enggak si bahlil juga","2047628788545331605","","moyyaaa_","in","","0","0","0","https://x.com/undefined/status/2047628788545331605","1951094173844766720",
