"conversation_id_str","created_at","favorite_count","full_text","id_str","image_url","in_reply_to_screen_name","lang","location","quote_count","reply_count","retweet_count","tweet_url","user_id_str","username"
"2048040971334816000","Sat Apr 25 15:53:02 +0000 2026","0","@LambeSahamjja Jadi poinnya ada di persebaran yg kurang merata karena fokus hanya di Jawa sedangkan di luar itu sebenarnya masih banyak yg kurang so jalannya bukan penutupan prodinya tapi pemerintah yg harus benahi fasilitas dan umr daerah luar jawa","2048067769657446449","","LambeSahamjja","in","","0","0","0","https://x.com/undefined/status/2048067769657446449","1826018092390166528",
"2047610534305128582","Sat Apr 25 15:52:42 +0000 2026","0","@lalalundse @UdaShafiq Wkwkwk mau senggol cina India kalah jauh bang. Nyoba ke Jawa yg mereka pikir bisa jd superior eh ga juga ","2048067687541301425","","lalalundse","in","","0","0","0","https://x.com/undefined/status/2048067687541301425","1108370230277890048",
"2048067666070606149","Sat Apr 25 15:52:37 +0000 2026","0","jawa mendunia","2048067666070606149","","","in","","0","0","0","https://x.com/undefined/status/2048067666070606149","887579184347856896",
"2048008357001482569","Sat Apr 25 15:52:15 +0000 2026","0","@agatazou @iPopBase Gua bkn org betawi btw. Padahal biasanya sutradara film setan jawa itu org jawa tapi entah knp mereka milih org non jawa buat meranin org jawa.","2048067573250687435","","agatazou","in","","0","0","0","https://x.com/undefined/status/2048067573250687435","1704733374613770240",
"2048065306204217842","Sat Apr 25 15:52:13 +0000 2026","0","WONTONNYA ENAK CUY soft kriuk tidak nusuk langit-langit mulut serta gusi ah~~ *nelen ludah australian sirloin boat noodle; rasanya dominan manis dan seger bening gitu (lidah JAWA friendly) bahan mienya ga dominan tepung aduh enak apa CIUM AJA YA https://t.co/NQ0dsPjs23","2048067566552457462","https://pbs.twimg.com/media/HGwymElboAA_5WT.jpg","caweut","in","","0","0","0","https://x.com/undefined/status/2048067566552457462","1558139616502620160",
"2048067369302712624","Sat Apr 25 15:51:26 +0000 2026","0"," wts ethereal elise top red cherry or gingham sleeveless (60k) 𐚱 perfect condition used once 𐚱 no minus 𐚱 dom surabaya jawa timur 𐚱 checkout by oyen () dm if these catches ur eyes! #zonauang https://t.co/YOZmkYuein","2048067369302712624","https://pbs.twimg.com/media/HGwyaiLbcAABbhV.jpg","","en","","0","0","0","https://x.com/undefined/status/2048067369302712624","1702866762340143104",
"2047996965775192387","Sat Apr 25 15:50:43 +0000 2026","0","@menterimedan @idextratime Template pemecah belah Jawa-Sumatera pada zamannya","2048067188847001801","","menterimedan","in","","0","0","0","https://x.com/undefined/status/2048067188847001801","1630456285203415046",
"2048067170752705012","Sat Apr 25 15:50:39 +0000 2026","0","dan yang mulai membantah itu UGM juga karena naskah Kraton Mataram Islam (Solo-Jogja) mulai dianggap absurd dan banyak bohongnya apalagi semenjak prasasti jawa kuno bermunculan. Akhirnya keabsahan narasi sejarah keraton Islam mulai dipertanyakan ulang","2048067170752705012","","","in","","0","0","0","https://x.com/undefined/status/2048067170752705012","713308836950454273",
"2047677628833042869","Sat Apr 25 15:50:21 +0000 2026","0","@wakgus8 @Txtdariiugm dan yang mulai membantah itu UGM juga karena naskah Kraton Mataram Islam (Solo-Jogja) mulai dianggap absurd dan banyak bohongnya apalagi semenjak prasasti jawa kuno bermunculan. Akhirnya keabsahan narasi sejarah keraton Islam mulai dipertanyakan ulang","2048067096287064304","","wakgus8","in","","0","0","0","https://x.com/undefined/status/2048067096287064304","713308836950454273",
"2048066767097139412","Sat Apr 25 15:49:03 +0000 2026","0","Pindad Akan Kerjakan Mobil Nasional Sedan Listrik di Pabrik Karawang Jawa Barat Menteri Koordinator Bidang Perekonomian Airlangga Hartarto akhirnya angkat bicara mengenai rencana pengembangan mobil nasional (mobnas) Indonesia. Dalam pernyataannya Menko Airlangga https://t.co/bUEIdMdNnc","2048066767097139412","https://pbs.twimg.com/media/HGwx3quaUAAEzxJ.jpg","","in","","0","0","0","https://x.com/undefined/status/2048066767097139412","76973108",
"2048050149319204968","Sat Apr 25 15:48:19 +0000 2026","0","@qiuyuazn @necromanxerz Jawa serius. - heboh - WUWA - tengil - gimik - (isi sendiri)","2048066582476386440","","ruinedhymn","in","","0","0","0","https://x.com/undefined/status/2048066582476386440","2266562250",
"2048056286391271879","Sat Apr 25 15:47:59 +0000 2026","1","@Vanian___ Iya bang jawa barat","2048066500817522805","","Vanian___","in","","0","1","0","https://x.com/undefined/status/2048066500817522805","1478639074038607872",
"2048035856460427547","Sat Apr 25 15:47:05 +0000 2026","0","@PurpleLotusGCV Great forever Pioneer terkasih Korea Utara thank you Miss Doris Yin Salam satu hati GCV Team Warriors GCV Jawa Barat 🇮🇩 Jenderal Lien ","2048066272517365922","","PurpleLotusGCV","in","","0","0","0","https://x.com/undefined/status/2048066272517365922","1734390897918480384",
"2048065063185989717","Sat Apr 25 15:46:31 +0000 2026","0","@muncorner pendapat kamu tentang minke yang kurang suka adat jawa?","2048066131064504670","","muncorner","in","","0","0","0","https://x.com/undefined/status/2048066131064504670","1939267455639298048",
"2048065603437723938","Sat Apr 25 15:46:13 +0000 2026","1","Kemenkum Jabar bangga atas pencapaian TKDN produk lokal Mekarmaju. Mari kita perkuat daya saing produk tersebut dengan pendaftaran KI Komunal agar menjadi produk unggulan kebanggaan masyarakat Jawa Barat. Kemenkum Jabar - Asep Sutandar.","2048066053859868672","","kemenkumjabar","in","","0","0","0","https://x.com/undefined/status/2048066053859868672","1177725229",
"2048066024868819415","Sat Apr 25 15:46:06 +0000 2026","0","𝗣𝗿𝗲𝗹𝗼𝘃𝗲𝗱 || POSHA Tavi Pants Beige Rp.120.000 Size: All size Lingkar pinggang: 70cm-90cm Lingkar pinggul: 114cm Lingkar paha: 76cm Panjang celana: 105cm Nego Good condition masih baru &amp; mulus Hanya 1× pakai dijual karena kebesaran Jawa Timur https://t.co/h4ZCRC51sA","2048066024868819415","https://pbs.twimg.com/media/HGwxMG3bsAEChGp.jpg","","in","","0","0","0","https://x.com/undefined/status/2048066024868819415","1964117863368945664",
"2048065837488377924","Sat Apr 25 15:45:21 +0000 2026","0","sak pedot'e nafasku masio aku ra sugeh bondo moh yen digawe loro mung kowe sing tak tunggu ora ono liyane sing ning atiku ora ngaleh tresnaku ademe angin dalu sak oncate nyawaku dadi saksi bisu Jadi keinget lagu jawa OurShoreWithYunYi #TheOtherSideBKKD1","2048065837488377924","","","in","","0","0","0","https://x.com/undefined/status/2048065837488377924","1985637302564184064",
"2048065774137606167","Sat Apr 25 15:45:06 +0000 2026","0","F ngawi jawa timur dm","2048065774137606167","","","in","","0","0","0","https://x.com/undefined/status/2048065774137606167","2028495147647066112",
"2048065603437723938","Sat Apr 25 15:44:45 +0000 2026","0","Kemenkum Jabar mendorong penguatan ekosistem KI di Jawa Barat melalui sinergi antar lembaga. Koordinasi dengan Pemkab Bandung ini diharapkan mempercepat proses pendaftaran aset intelektual daerah yang ada. Kemenkum Jabar - Asep Sutandar.","2048065684828209317","","kemenkumjabar","in","","0","0","0","https://x.com/undefined/status/2048065684828209317","1177725229",
"2048062287530070197","Sat Apr 25 15:44:19 +0000 2026","1","@IamYusan Halal. Itu bahannya udah tertulis di label di bawah merk. Kayu secang cabe jawa pandan dll","2048065577739235614","","IamYusan","in","","0","1","0","https://x.com/undefined/status/2048065577739235614","1793234531774058496",
"2048062333902360647","Sat Apr 25 15:31:26 +0000 2026","0","Bismillah H2 2026 pindah pulau gak mau kerja di Jawa","2048062333902360647","","","in","","0","0","0","https://x.com/undefined/status/2048062333902360647","1193888999930097670",
"2048048528161902922","Sat Apr 25 15:30:44 +0000 2026","0","@QueenImaIsBack Lu duluan ya sentimen Mulu gua liat2... Giliran yg jelek langsung ke Jawa... Tapi LU BUTA DAN TULI apa yang dilakuin suku lain. Gada tuh lu yapping ke pengusaha Bugis yg megang batu bara disumatera sama Kalimantan. Padahal mereka lebih ngerugiin tolol.","2048062158450417847","","QueenImaIsBack","in","","0","0","0","https://x.com/undefined/status/2048062158450417847","1438160497375789056",
"2048061986257453171","Sat Apr 25 15:30:03 +0000 2026","0","Lucu banget nama pemaen gatafe satriano. Orang jawa masnya? Wkwk","2048061986257453171","","","in","","0","0","0","https://x.com/undefined/status/2048061986257453171","1778380760346722304",
"2048061884595851752","Sat Apr 25 15:29:39 +0000 2026","0","butuh mie ayam jawa untuk merayakan seporsi kekalahan","2048061884595851752","","","in","","0","0","0","https://x.com/undefined/status/2048061884595851752","2384907475",
"2047964005323747538","Sat Apr 25 15:29:30 +0000 2026","0","@LambeSahamjja Hampir semua sungai Jakarta hulunya di Jawa Barat yuk saling kerjasama.","2048061847828607036","","LambeSahamjja","in","","0","0","0","https://x.com/undefined/status/2048061847828607036","30622684",
"2047979628627943565","Sat Apr 25 15:28:22 +0000 2026","0","@Viechansoo @notsooshi aku rikues kak batik sm baju jawa kan dah pernah","2048061563207369004","","Viechansoo","in","","0","0","0","https://x.com/undefined/status/2048061563207369004","1075379916764413953",
"2048035125221593486","Sat Apr 25 15:28:14 +0000 2026","0","@alazzyy jawa gila","2048061528310685878","","alazzyy","in","","0","0","0","https://x.com/undefined/status/2048061528310685878","1396437636865089541",
"2047989444565930375","Sat Apr 25 15:27:21 +0000 2026","0","@zakiberkata api cemburu siapa sih sampe bikin panas sepulau jawa gini ","2048061309351276714","","zakiberkata","in","","0","0","0","https://x.com/undefined/status/2048061309351276714","1281140605406461953",
"2048024540379553883","Sat Apr 25 15:26:55 +0000 2026","0","@icaicoicioca @radenrauf Jawa mana ka","2048061199405973815","","icaicoicioca","in","","0","0","0","https://x.com/undefined/status/2048061199405973815","1674838347032989696",
"2048061085442617445","Sat Apr 25 15:26:28 +0000 2026","0","aku bangun 500 mesjid agung DEMAK pantura jawa biar ga' boseni dunia islam sekarang","2048061085442617445","","","in","","0","0","0","https://x.com/undefined/status/2048061085442617445","1541832736955981824",
"2048061022527971811","Sat Apr 25 15:26:13 +0000 2026","0","tiba2 gw kangen lelaki greenflag jawa timur itu maap kihyun oleng bntr","2048061022527971811","","","in","","1","0","0","https://x.com/undefined/status/2048061022527971811","1330106603597688834",
"2048054618085859837","Sat Apr 25 15:25:45 +0000 2026","0","@bujangjersey belanja sama aku nanti tak tawar nganggo basa jawa","2048060905519521825","","bujangjersey","in","","0","0","0","https://x.com/undefined/status/2048060905519521825","287494139",
"2048060852633489595","Sat Apr 25 15:25:33 +0000 2026","0","Update Peringatan Dini Cuaca Wilayah - Jawa Barat Tgl. 25 April 2026 pkl. 22:30 WIB Prakirawan - BMKG - Jawa Barat https://t.co/wg0xYyoZf2 https://t.co/ZlR0TCAjG1","2048060852633489595","https://pbs.twimg.com/media/HGwsfUZaUAAiemO.jpg","","in","","0","0","1","https://x.com/undefined/status/2048060852633489595","108543358",
"2048060847210275250","Sat Apr 25 15:25:31 +0000 2026","0","#s wts aab gaeul nayeon mina wonyoung seeun yujin dom Jawa Tengah Semarang bisa nego tipis https://t.co/vOPibmdEwb","2048060847210275250","https://pbs.twimg.com/media/HGwsfHoaMAAnkyQ.jpg","","in","","0","1","0","https://x.com/undefined/status/2048060847210275250","1492387319151665152",
"2048060813924352447","Sat Apr 25 15:25:23 +0000 2026","1","flis jawa fliss https://t.co/Szo1azDU2Q","2048060813924352447","https://pbs.twimg.com/media/HGwsdGDbQAAFS2E.jpg","","in","","0","9","0","https://x.com/undefined/status/2048060813924352447","2016382065022042112",
"2048060744344969297","Sat Apr 25 15:25:07 +0000 2026","1","Ijazah jokowi bakal muncul saat saya kembali wujud asli Apa tua atau muda Saat itu dia masih dusta 1. Seluruh keluarga dia aku habisi 2. Seluruh suku jawa aku habisi Boleh pilih salah satu https://t.co/QACZ3sTPee","2048060744344969297","https://pbs.twimg.com/media/HGwsZNDbIAADWPF.jpg","","in","","0","0","0","https://x.com/undefined/status/2048060744344969297","1376172927679221766",
"2006908927812972873","Sat Apr 25 15:24:51 +0000 2026","0","@Heaybluesky Kayanya tanemannya bukan di jawa ya mba?","2048060679018668098","","Heaybluesky","in","","0","0","0","https://x.com/undefined/status/2048060679018668098","1305070447906549760",
"2048024540379553883","Sat Apr 25 15:24:34 +0000 2026","1","@radenrauf hii aku f-31 ada yg mau kenalan gak? tp jujur aku pengangguran tp sedang dalam proses cari kerja kok cuma lulusan SMA asal jawa barat makasih https://t.co/kjuuxJqdIu","2048060605438075341","https://pbs.twimg.com/media/HGwsQt0bwAAJEuM.jpg","radenrauf","in","","0","2","0","https://x.com/undefined/status/2048060605438075341","1907113317782716416",
"2047633037152960746","Sat Apr 25 15:24:25 +0000 2026","0","@uzhiefreedom @indepenSumatera Pertanyaannya pulau jawa bagian mana aja yg paling banyak mendapatkan anggaran dalam angka 60%. Apakah terkonsentrasi dlm beberapa wilayah doang atau tersebar merata.","2048060571006984287","","uzhiefreedom","in","","0","0","0","https://x.com/undefined/status/2048060571006984287","1804592214427013120",
"2048030480919036203","Sat Apr 25 15:23:33 +0000 2026","0","@yaemqko ngapak tuh lebih ke logat sih tapi gatau kenapa kerasa bgt bedanya logat jawa biasa ama yg ngapak lucu aja dnger logat ngapak kalo udah ngomong","2048060351472918761","","yaemqko","in","","0","1","0","https://x.com/undefined/status/2048060351472918761","1382008262",
"2048038412855447911","Sat Apr 25 15:23:10 +0000 2026","0","@flowerbuust iya saya jawa","2048060255293370462","","flowerbuust","in","","0","0","0","https://x.com/undefined/status/2048060255293370462","1799823338023579648",
"2048060005400854552","Sat Apr 25 15:22:11 +0000 2026","0","gapapa pren kalok memang degradasi hiatus dulu kita setahun kedepan sampe balek lagi tottenham ni ke premier league memulai hidup baru di jawa barat","2048060005400854552","","","in","","0","0","0","https://x.com/undefined/status/2048060005400854552","1189769780238020609",
"2047830210201186625","Sat Apr 25 15:21:59 +0000 2026","0","@bestofstarwar This little jawa https://t.co/952XCMN6lx","2048059957698760813","https://pbs.twimg.com/tweet_video_thumb/HGwrqiQbwAAdEsg.jpg","bestofstarwar","en","","0","0","0","https://x.com/undefined/status/2048059957698760813","54626979",
"2048059760868835833","Sat Apr 25 15:21:12 +0000 2026","1","Membangun ekosistem KI yang tangguh di Jawa Barat adalah misi utama Kemenkum Jabar. Koordinasi dengan Pemkab Bandung adalah langkah nyata dalam mewujudkan kemandirian ekonomi berbasis perlindungan hukum. Kemenkum Jabar - Asep Sutandar.","2048059760868835833","","","in","","0","9","0","https://x.com/undefined/status/2048059760868835833","1177725229",
"2047984323610193931","Sat Apr 25 15:21:11 +0000 2026","0","@senogp Awal suka baca jarena majalah jawa Penyebar semangat Jayabaya Djakalodang Ada sama? 1995-2010an dijejal ini terus tiap miggu","2048059754065658099","","senogp","in","","0","0","0","https://x.com/undefined/status/2048059754065658099","1615287809061048321",
"2047721678046941207","Sat Apr 25 15:20:57 +0000 2026","0","@sayani06 Hmm bujhlam. Esob jotoi lekho tomar Mecca jawa hobena","2048059696628781165","","sayani06","in","","0","0","0","https://x.com/undefined/status/2048059696628781165","1586688673071992838",
"2048049106548072535","Sat Apr 25 15:19:35 +0000 2026","0","@digorengnasi Kalo mau 10 nyanyi jangan remas bijiku versi Jawa","2048059352234520807","","digorengnasi","in","","0","1","0","https://x.com/undefined/status/2048059352234520807","1971800843730276357",
"2048059151696466195","Sat Apr 25 15:18:48 +0000 2026","0","Sejak setel karaoke jawa ucen bapak gue nanya setiap tontonan gue ada yang nyanyi lagu jawa ","2048059153999143015","","binarstesyu","in","","0","0","0","https://x.com/undefined/status/2048059153999143015","2022646672346771456",
"2048059151696466195","Sat Apr 25 15:18:47 +0000 2026","0","*menonton freetalk* Bapak: loh itu yang kemarin nyanyi (shoujo rei)? Gw: iya Bapak: ada nyanyi jawa gak? Semua aje yang gue tonton ditanyain ada nyanyi jawa apa kaga but bapak ku selalu suka kalo disetel karaoke ucen yang jawa karena satu playlist wkwkwk","2048059151696466195","","","in","","0","1","0","https://x.com/undefined/status/2048059151696466195","2022646672346771456",
"2048044425209860391","Sat Apr 25 15:17:49 +0000 2026","1","@puspawangsa fun fact lagi ya kultur nasi di tanah melayu cenderung berderai kalau di kukus nanti terlalu pera teksturnya makanya di tanah sedangkan nasi di daerah pulau jawa kebanyakan sticky kaau di tanak makanya di kukus untuk megurangi sticky nasi itu sampai cenderung pulen","2048058907734737222","","puspawangsa","in","","0","0","0","https://x.com/undefined/status/2048058907734737222","1672326617241354244",
"2048058832916750632","Sat Apr 25 15:17:31 +0000 2026","0","Ini akun dia lucu banget semua ngoming Jawa tapi aksennya beda beda ada thai india korea gitu ","2048058832916750632","","","in","","0","0","0","https://x.com/undefined/status/2048058832916750632","1058886992962801669",
"2047989444565930375","Sat Apr 25 15:17:26 +0000 2026","0","@zakiberkata Itu baru jawa bekasi apakabar","2048058810158415989","","zakiberkata","in","","0","0","0","https://x.com/undefined/status/2048058810158415989","1798405864010969088",
"2048058742093336599","Sat Apr 25 15:17:09 +0000 2026","0","https://t.co/fKY0rFkajS Pengolahan Sampah Energi Listrik (PSEL) Siap Dibangun di Jawa Barat Mulai Juni 2026 #Pangku #Malming #Passion #MalamMinggu #Borneo #Ketapang #Lavani #Trisha https://t.co/8QnyuWSHFL","2048058742093336599","https://pbs.twimg.com/media/HGwqj5sb0AIpt2O.jpg","","in","","0","0","0","https://x.com/undefined/status/2048058742093336599","765762376838840346",
"2047942919555084774","Sat Apr 25 15:16:54 +0000 2026","0","@sefkelik Ogah lebih dijajah jawa sumatra lagi","2048058678935519484","","sefkelik","in","","0","0","0","https://x.com/undefined/status/2048058678935519484","1724427841234784256",
"2048037593145553251","Sat Apr 25 15:16:47 +0000 2026","0","@keonhyeonfess mauuu mauu mauu minat banget konyom jawa jawa mcm iniii tag gue pls tag gueee ","2048058649172750757","","keonhyeonfess","in","","0","0","0","https://x.com/undefined/status/2048058649172750757","1890265492818132992",
"2048042113615749454","Sat Apr 25 15:15:54 +0000 2026","0","@indepenSumatera Karena monyet jawa dan orangutan sumatra bikin ancur ini negeri. @indepenSumatera","2048058426971004931","","indepenSumatera","in","","0","0","0","https://x.com/undefined/status/2048058426971004931","1724427841234784256",
"2047969232823144669","Sat Apr 25 15:15:02 +0000 2026","0","@kopidansenjaa Aura mas mas gen jawa itu emang beda gitu rasanya","2048058209202802973","","kopidansenjaa","in","","0","0","0","https://x.com/undefined/status/2048058209202802973","1160961477898936323",
"2048058137039839557","Sat Apr 25 15:14:45 +0000 2026","0","Plissss jangan terlalu jawa gitu ryul mukanya","2048058137039839557","","","in","","0","0","0","https://x.com/undefined/status/2048058137039839557","103019461",
"2048058131171942560","Sat Apr 25 15:14:44 +0000 2026","0","Jawa kh lukh peien pake acara rikuh oh mbotennn️ oh? Ah! Matur nuwun ","2048058131171942560","","","in","","0","0","0","https://x.com/undefined/status/2048058131171942560","1571361536517763073",
"2048057415158116672","Sat Apr 25 15:14:34 +0000 2026","0","@dnaaluvoo Iya kak emang jawa bakalan panas katanya","2048058091900695034","","dnaaluvoo","in","","0","1","0","https://x.com/undefined/status/2048058091900695034","1267606125429452800",
"2047931684226805796","Sat Apr 25 15:14:31 +0000 2026","0","@TaliUdeng Oh ini yang pas saya mau mudik sepanjang jalan Pantura SE Jawa Barat jalan pelan dikiri dia unit dua unit","2048058079246454985","","TaliUdeng","in","","0","0","0","https://x.com/undefined/status/2048058079246454985","2033203664438104064",
"2048048543236297136","Sat Apr 25 15:12:57 +0000 2026","0","@indepenSumatera Ada monyet sumatra buzzer jawa ini Abis pergi kemana kk ","2048057681915818345","","indepenSumatera","in","","0","0","0","https://x.com/undefined/status/2048057681915818345","1724427841234784256",
"2048057466508705992","Sat Apr 25 15:12:05 +0000 2026","0","akhirnya lengkap sudah jawa dan 01 ini","2048057466508705992","","","in","","0","0","0","https://x.com/undefined/status/2048057466508705992","1100048135261310978",
"2048012443423789492","Sat Apr 25 15:09:45 +0000 2026","0","@is_pelssy @MariaAlkaff_ Iya... gue inget logatnya medok Jawa banget... ","2048056878777958792","","is_pelssy","in","","0","0","0","https://x.com/undefined/status/2048056878777958792","80559922",
"2047939892790092217","Sat Apr 25 15:09:44 +0000 2026","0","Yang punya jabatan di Jawa Barat dan sekitarnya terlihat meniru-niru gaya kepemimpinan ala-ala KDM. Runtah!","2048056874478731586","","gema_muchamad8","in","","0","0","0","https://x.com/undefined/status/2048056874478731586","1671728613866229764",
"2047699123227570288","Sat Apr 25 15:09:10 +0000 2026","0","@kamarlintang @mimobum orang jawa wajah &amp; namanya indonesia bgt tp ngomong nya bahasa jawa trs. pola pikirnya sama ga?","2048056732967199047","","kamarlintang","in","","0","1","0","https://x.com/undefined/status/2048056732967199047","3284801258",
"2048024540379553883","Sat Apr 25 15:07:41 +0000 2026","0","@Gaktaugimana @radenrauf Ciri² yg km tulis. Cuma aku asli jawa bukan banten wkwkwk","2048056356171911522","","Gaktaugimana","in","","0","0","0","https://x.com/undefined/status/2048056356171911522","409652028",
"2048056329361854520","Sat Apr 25 15:07:34 +0000 2026","0","Gimana ya.. cewek Sunda nyakitin Betawi nyakitin Jawa nyakitin Minang nyakitin Dayak nyakitin. Suku mana lagi yang belum nyakitin gw?","2048056329361854520","","","in","","0","6","0","https://x.com/undefined/status/2048056329361854520","2034164188235632640",
"2048056231928217678","Sat Apr 25 15:07:11 +0000 2026","2","Innalillahi wa innailaihi raji'uun... Duka di Cianjur: Balita 2 Tahun Meninggal Usai Makan Menu Gratis Polisi Tunggu Hasil Lab... Dinas Kesehatan Kabupaten Cianjur Jawa Barat masih menunggu hasil laboratorium guna memastikan penyebab meninggalnya balita MAB (2) warga https://t.co/XDc9v1CWga","2048056231928217678","https://pbs.twimg.com/media/HGwoR75bwAEM7f3.jpg","","in","","2","0","2","https://x.com/undefined/status/2048056231928217678","80559922",
"2047320071790616813","Sat Apr 25 15:06:35 +0000 2026","0","@rahmaniarbaftim Aturan kuota memang belum ada dulu harusnya diurusin BRTI yg dibubarkan jokowi di era raja jawa. Kewenangannya ditarik ke kementrian yang isinya pedagang dan politishit. Hasilnya? Korupsi bakti kominfo sampai judol.","2048056079708512413","","rahmaniarbaftim","in","","0","0","0","https://x.com/undefined/status/2048056079708512413","2011325560707039238",
"2047968901288575252","Sat Apr 25 15:05:38 +0000 2026","1","@Gank_Of_Petojo saya jawa sj na'udzubillah min dzalik gk suka dg jokowi dan ghufron masa dibilang lutung.","2048055842533224863","","Gank_Of_Petojo","in","","0","0","0","https://x.com/undefined/status/2048055842533224863","1333709793526091776",
"2048016888731697191","Sat Apr 25 15:05:12 +0000 2026","0","@belisoyjoy Vibesnya pun aku suka.. Jawa kuno gitu lah.","2048055732734734507","","belisoyjoy","in","","0","0","0","https://x.com/undefined/status/2048055732734734507","1608833472780730371",
"2047939921571410213","Sat Apr 25 15:05:04 +0000 2026","0","@sjfi_twider Owhh. Tapi tu lah nampaknya org Indo still tak boleh terima kalau kebaya ni memang asalnya berkembang di pelabuhan Melaka seterusnya barulah tersebar ke wilayah SEA yang lain. Kalau ikutkan bangsawan Jawa sebelum Mataram mana ada yg pakai kebaya mostly Kemban + Gagampang.","2048055699243196614","","sjfi_twider","in","","0","0","0","https://x.com/undefined/status/2048055699243196614","1841014336225226752",
"2048055626576888005","Sat Apr 25 15:04:47 +0000 2026","0","#wts help rt ---Habisin Koleksi Edisi Stopcol #WTSBTS indramay Jawa barat CO Condi By DM Album +poster Nego tipis Ready ina langsung kirim #wtsbts #Jungkook #jungkookbts #wtsina #wts #stopcol #zonabu #BU #wtsbts #wts https://t.co/3jI16wedQ6","2048055626576888005","https://pbs.twimg.com/media/HGwnuHLa4AAMDx9.jpg","","in","","12","0","0","https://x.com/undefined/status/2048055626576888005","1200985379202973696",
"2048001851149480109","Sat Apr 25 15:04:04 +0000 2026","0","@pauwsbiru produk Jawa emang sematep enih ‍️‍️‍️","2048055447610167727","","pauwsbiru","in","","0","0","0","https://x.com/undefined/status/2048055447610167727","1632977256112091136",
"2048054286559441154","Sat Apr 25 15:04:01 +0000 2026","0","@muncorner itulah udah saatnya cari cowo jawa. infokan mas mas jawa.","2048055435194982815","","muncorner","in","","0","0","0","https://x.com/undefined/status/2048055435194982815","14134768",
"2047967601704517665","Sat Apr 25 15:03:49 +0000 2026","0","@ndrypd @tempodotco aku sastra jawa massss. piye jal? ","2048055385966473304","","ndrypd","in","","0","1","0","https://x.com/undefined/status/2048055385966473304","3118209083",
"2047945709861671216","Sat Apr 25 15:03:40 +0000 2026","0","@BruceEmond Kosa kata Bahasa Jawa byk lebih singkat lagi... ","2048055346674192747","","BruceEmond","in","","0","0","0","https://x.com/undefined/status/2048055346674192747","219506362",
"2048055239182540807","Sat Apr 25 15:03:14 +0000 2026","2","Suhu di Jawa Besok Sumber @zakiberkata https://t.co/SBga5F8JSz","2048055239182540807","https://pbs.twimg.com/media/HGwnYlHbEAAFjg-.jpg","","in","","0","0","3","https://x.com/undefined/status/2048055239182540807","785145642",
"2047996965775192387","Sat Apr 25 15:02:57 +0000 2026","0","@sbqux @menterimedan @idextratime Template dulu warga padang kaget sama menu padang di Jawa yang biasanya cuma pake 1 lauk aja","2048055167195693220","","sbqux","in","","0","0","0","https://x.com/undefined/status/2048055167195693220","270235350",
"2047983278364430581","Sat Apr 25 14:47:56 +0000 2026","0","@Gendoet3G Jadi inget kasus Meita Irianty yang juga dikenal sebagai Tata Irianty pemilik daycare Wensen School di Depok Jawa Barat dan seorang influencer parenting yang terjerat kasus hukum pada tahun 2024... divonis 1 tahun penjara akibat melakukan penganiayaan terhadap balita...","2048051388064911714","","Gendoet3G","in","","0","0","0","https://x.com/undefined/status/2048051388064911714","80559922",
"2048027347216130073","Sat Apr 25 14:46:18 +0000 2026","0","@zethvoo pasti jawa dan sekitar ya","2048050975643169121","","zethvoo","in","","0","1","0","https://x.com/undefined/status/2048050975643169121","1409830412",
"2048050859280589220","Sat Apr 25 14:45:50 +0000 2026","0","25 April 2026 Mengikuti sarasehan pada jambore pksm tingkat provinsi jawa tengah. Dinas LHKJateng #dlhkjateng #cdk1jateng #jateng #rembang https://t.co/C6oLnWDGH6","2048050859280589220","https://pbs.twimg.com/media/HGwjZcOaoAANOYV.jpg","","in","","0","0","0","https://x.com/undefined/status/2048050859280589220","2014159487712772096",
"2048050771930001794","Sat Apr 25 14:45:41 +0000 2026","1","Hadir dalam acara Silahturahmi Kebangsaan dan Penguatan Moderasi beragama di Jawa Tengah 2026 yang diprakarsai oleh Kesbnagpol Prov Jateng dan FKUB Prov Jateng Di gedung PKK Ungaran Kab Semarang Ungran 23 April 2026 https://t.co/U5Jq8xzE9H","2048050820592329134","https://pbs.twimg.com/media/HGwjV1RbAAAC368.jpg","JatengWalubi","in","","0","0","0","https://x.com/undefined/status/2048050820592329134","1078014765367095296",
"2048050819665441070","Sat Apr 25 14:45:41 +0000 2026","0","Orang jawa mana tahan sejuk ️️","2048050819665441070","","","in","","0","0","0","https://x.com/undefined/status/2048050819665441070","1046235311305441280",
"2048050771930001794","Sat Apr 25 14:45:31 +0000 2026","1","Hadir dalam acara Silahturahmi Kebangsaan dan Penguatan Moderasi beragama di Jawa Tengah 2026 yang diprakarsai oleh Kesbnagpol Prov Jateng dan FKUB Prov Jateng Di gedung PKK Ungaran Kab Semarang Ungran 23 April 2026 https://t.co/vFe1SGT9w5","2048050781786632203","https://pbs.twimg.com/media/HGwjVMwbkAAG0xc.jpg","JatengWalubi","in","","0","1","0","https://x.com/undefined/status/2048050781786632203","1078014765367095296",
"2047968901288575252","Sat Apr 25 14:45:31 +0000 2026","1","@YoppiOktavianus @Gank_Of_Petojo Lah ini orang juga malah nyalahin orang kristen ketika ada muslim yg merusak makam kristen di jawa tengah kemarin.","2048050781589512393","","YoppiOktavianus","in","","0","1","0","https://x.com/undefined/status/2048050781589512393","2039934269837942784",
"2048050771930001794","Sat Apr 25 14:45:29 +0000 2026","1","Hadir dalam acara Silahturahmi Kebangsaan dan Penguatan Moderasi beragama di Jawa Tengah 2026 yang diprakarsai oleh Kesbnagpol Prov Jateng dan FKUB Prov Jateng Di gedung PKK Ungaran Kab Semarang Ungran 23 April 2026 https://t.co/AH1YluCCBX","2048050771930001794","https://pbs.twimg.com/media/HGwjUhva8AA4BJ1.jpg","","in","","0","1","0","https://x.com/undefined/status/2048050771930001794","1078014765367095296",
"2047644460931285310","Sat Apr 25 14:44:56 +0000 2026","0","@_Ggukieeeee ini bahasa jawa mana?","2048050633471881248","","_Ggukieeeee","in","","0","0","0","https://x.com/undefined/status/2048050633471881248","1509209427312021508",
"2048033323377979795","Sat Apr 25 14:44:16 +0000 2026","0","@phuwintiel aku baca juga mencet atu atu huhu yg ga jawa kalau convo tementemnya hima","2048050463384481814","","phuwintiel","in","","0","0","0","https://x.com/undefined/status/2048050463384481814","1929956546366320645",
"2047901335870402761","Sat Apr 25 14:44:10 +0000 2026","0","@__AnakKolong Kayaknya susah buktinya sampe sekarang jalan kok. Kalau anomalinya sejak era raja jawa sudah mulai kelihatan anomalinya hampir berubah 180 dari era petugas partai terutama dari supremasi sipil menuju supremasi militer puncaknya ya MKMK. Kalian mau nunggu anomali apalagi????","2048050439288217669","","__AnakKolong","in","","0","0","0","https://x.com/undefined/status/2048050439288217669","2011325560707039238",
"2048050433474900335","Sat Apr 25 14:44:08 +0000 2026","0","jawa dikit lagi jadi neraka anj","2048050433474900335","","","in","","0","0","0","https://x.com/undefined/status/2048050433474900335","1176447554675888129",
"2048050208987349220","Sat Apr 25 14:43:15 +0000 2026","1","Kemenkum Jabar berkomitmen mendukung penuh peningkatan ekonomi kreatif di Jawa Barat. Koordinasi dengan Pemkab Bandung ini hanyalah satu dari sekian banyak langkah nyata kami untuk melindungi karya anak bangsa. Kemenkum Jabar - Asep Sutandar.","2048050208987349220","","","in","","0","9","0","https://x.com/undefined/status/2048050208987349220","1177725229",
"2048050149319204968","Sat Apr 25 14:43:01 +0000 2026","0","@ruinedhymn @necromanxerz jawa","2048050149319204968","","ruinedhymn","in","","0","1","0","https://x.com/undefined/status/2048050149319204968","1966173903384166402",
"2048049952874692845","Sat Apr 25 14:42:14 +0000 2026","2","Mohon maaf kata sambal bahkan ada dalam manuskrip prasasti Jawa kuno sejak abad ke-9/10 Masehi artinya justru sambal pertama kali dibuat oleh orang² Indonesia Apalagi kata cabia sudah ada sejak dulu meskipun merujuk ke cabai Jawa ","2048049952874692845","","","in","","1","0","0","https://x.com/undefined/status/2048049952874692845","1856073257738481664",
"2047922359479545987","Sat Apr 25 14:41:27 +0000 2026","0","@palitonyalo Mau dihina juga gak apa2 gak akan pernah menumbangkan keteguhan hati kami sebagai orang Jawa.","2048049756711330031","","palitonyalo","in","","0","0","0","https://x.com/undefined/status/2048049756711330031","1846800619786719233",
"2047932546852557125","Sat Apr 25 14:40:06 +0000 2026","0","@DaikinIndia I have sent mail to your CEO Mr Kanwaljeet Jawa and your customer service mail as well","2048049418721771940","","Nishant061185","en","","0","0","0","https://x.com/undefined/status/2048049418721771940","1535531481665155072",
"2048049411113328893","Sat Apr 25 14:40:05 +0000 2026","0","MAHADASYAT MAS MAS JAWA MAKE BAJU BATIK","2048049411113328893","","","in","","0","0","0","https://x.com/undefined/status/2048049411113328893","1854822600817688576",
"2048049100097277964","Sat Apr 25 14:38:51 +0000 2026","0","Terima kasih sudah streaming Oh My Pumpkin! versi bahasa jawa!️ Yang belum nonton bisa langsung mampir ke YouTube channel aku yaaa!! Mari menjadi iwak dugong bersama-sama https://t.co/JCxXMVqX3z","2048049100097277964","https://pbs.twimg.com/media/HGwhw2caYAEKZ2v.jpg","","in","","0","0","0","https://x.com/undefined/status/2048049100097277964","2040254885933780992",
"2048049069415874956","Sat Apr 25 14:38:43 +0000 2026","0","dateng bulan ni punggung sakitttttt bgtttt kaya abis maraton sumatra - jawa ","2048049069415874956","","","in","","0","1","0","https://x.com/undefined/status/2048049069415874956","1644722618766090240",
"2048047695257100404","Sat Apr 25 14:37:39 +0000 2026","0","@hinowatomari_ Ehh riyal kemarin aku ngelist ongkir ke luar jawa agak shock gimana yahh caranya biar lebih murce ","2048048800921694623","","hinowatomari_","in","","0","1","0","https://x.com/undefined/status/2048048800921694623","1433700038476058627",
"2047922359479545987","Sat Apr 25 14:37:37 +0000 2026","0","@palitonyalo iya lagi baru ngeh dia ngejeknorang jawa segitunya wkwkw","2048048790469505229","","palitonyalo","in","","0","0","0","https://x.com/undefined/status/2048048790469505229","1801782128264593408",
"2047952973180125648","Sat Apr 25 14:37:23 +0000 2026","0","@JasonWong_Pi Terbaik Thank you Mr Jason Wong and Miss Doris Yin Semoga dengan Buku GCV ini sangat membantu dan bermanfaat bagi Pioneer terkasih Team Warriors GCV Jawa Barat 🇮🇩 Jenderal Lien ","2048048732856619132","","JasonWong_Pi","in","","0","0","0","https://x.com/undefined/status/2048048732856619132","1734390897918480384",
"2048038412855447911","Sat Apr 25 14:37:09 +0000 2026","1","@flowerbuust aku jawa","2048048672504742240","","flowerbuust","in","","0","0","0","https://x.com/undefined/status/2048048672504742240","1601833691700813826",
"2048048191900135830","Sat Apr 25 14:37:03 +0000 2026","0","@selfolssi Mauuu janji jawa yah!!","2048048650065158390","","selfolssi","in","","0","0","0","https://x.com/undefined/status/2048048650065158390","2006406726560657408",
"2048048628661669995","Sat Apr 25 14:36:58 +0000 2026","8","At this point guys gue udh gk kenapa lgi ngeliat cf atau meet n greet atau merch souta wkwkwk KEK- yudh lah mau gimna lgi? Nasib bukan di pulau Jawa dan bukan pewaris KLO ada duit dan cukup mah gas. KLO gk ada yudh Bukan berarti gue gk mau gue MAU BNGT cuman yudh lh","2048048628661669995","","","in","","0","3","0","https://x.com/undefined/status/2048048628661669995","1467396517757472769",
"2048048518280122824","Sat Apr 25 14:36:32 +0000 2026","0","Ini bisikan dari raja Jawa yg ayah &amp; anak ijazahnya gak jelas itu kah? Kok memusuhi guru seagresif gini?","2048048518280122824","","","in","","0","0","0","https://x.com/undefined/status/2048048518280122824","155209732",
"2048048482448228717","Sat Apr 25 14:36:23 +0000 2026","0","Filosofi Angka Jawa Time Line https://t.co/zCp7TZaGrD lewat @YouTube","2048048482448228717","","","in","","0","0","0","https://x.com/undefined/status/2048048482448228717","1832657839657250817",
"2048048435065217432","Sat Apr 25 14:36:12 +0000 2026","0","Diajak ngobrol mbahku ak gangerti bhs jawa mmf klo gak berbudaya","2048048435065217432","","","in","","0","0","0","https://x.com/undefined/status/2048048435065217432","1074061673604890629",
"2047862933355716936","Sat Apr 25 14:35:33 +0000 2026","0","@NoncePadja Siap Bunda Nonny Selamat dan sukses selalu satu hati GCV Team Warriors GCV Jawa Barat 🇮🇩 Jenderal Lien ","2048048272837865477","","NoncePadja","in","","0","0","0","https://x.com/undefined/status/2048048272837865477","1734390897918480384",
"2048045364650090923","Sat Apr 25 14:35:21 +0000 2026","1","@liangchaaa_ full bahasa jawa timur masih minat?","2048048220224504142","","liangchaaa_","in","","0","1","0","https://x.com/undefined/status/2048048220224504142","2003127151038791681",
"2048047351160619250","Sat Apr 25 14:35:08 +0000 2026","1","Kemenkum Jabar hadir sebagai katalisator pertumbuhan industri kreatif. Dengan perlindungan KI yang kuat kami yakin Kabupaten Bandung akan menjadi pusat inovasi yang disegani di wilayah Jawa Barat dan sekitarnya. Kemenkum Jabar - Asep Sutandar.","2048048166063542441","","kemenkumjabar","in","","0","0","0","https://x.com/undefined/status/2048048166063542441","1177725229",
"2048048147134644345","Sat Apr 25 14:35:03 +0000 2026","0","ini 1001 matahari berkunjung ke jawa kah?","2048048147134644345","","","in","","0","0","0","https://x.com/undefined/status/2048048147134644345","1662850812136267776",
"2048048132823421397","Sat Apr 25 14:35:00 +0000 2026","1","Polres Metro Depok memastikan bahwa kabar mengenai penampakan pocong yang sempat menggegerkan warga Pasir Putih Kecamatan Sawangan Kota Depok Jawa Barat adalah berita bohong atau hoaks. https://t.co/TPZke99G2N","2048048132823421397","","","in","","0","0","0","https://x.com/undefined/status/2048048132823421397","68930552",
"2048047978716528884","Sat Apr 25 14:34:53 +0000 2026","0","Pejuang yang Terlupakan Kisah Kusni dimulai di masa revolusi kemerdekaan. Ia bukan sekadar kriminal biasa; ia adalah pemuda yang terjun ke medan pertempuran di Jawa Timur melawan Belanda. Ia bergabung dengan laskar rakyat dan dikenal sebagai prajurit yang pemberani. Konon ia","2048048105485189390","","MiskinTV_","in","","0","1","0","https://x.com/undefined/status/2048048105485189390","1437750326707191812",
"2047928529376182354","Sat Apr 25 14:34:40 +0000 2026","0","@MSDianAbhiii Jawa game machine https://t.co/MyiFlMxHc2","2048048048786583752","https://pbs.twimg.com/tweet_video_thumb/HGwg1yIaMAEdqqU.jpg","MSDianAbhiii","en","","0","0","0","https://x.com/undefined/status/2048048048786583752","1416793904649625607",
"2047905290092487039","Sat Apr 25 14:34:38 +0000 2026","1","@jojo102102 Salam sukses selalu Para Petinggi GCV Konngo semoga membawa jalan baik menuju Kesuksesan GCV Thank you Mr Jojo Team Warriors GCV Jawa Barat 🇮🇩 Jenderal Lien ","2048048040150470849","","jojo102102","in","","0","0","0","https://x.com/undefined/status/2048048040150470849","1734390897918480384",
"2048048023511642340","Sat Apr 25 14:34:34 +0000 2026","0","Tre porapat nih ibarat makanan tuh gula aren gula jawa jenang legit banget ya allah","2048048023511642340","","","in","","0","0","0","https://x.com/undefined/status/2048048023511642340","1938547638397538304",
"2047610534305128582","Sat Apr 25 14:34:30 +0000 2026","0","@Winter068127063 @tgazman77 @UdaShafiq Jika dengan hinaan sudah gagal menumbangkan keteguhan hati kami mau dengan cara apa lagi? Itulah soft power orang Jawa.","2048048008923938978","","Winter068127063","in","","0","0","0","https://x.com/undefined/status/2048048008923938978","1846800619786719233",
"2047970747063087168","Sat Apr 25 14:33:38 +0000 2026","0","@ch_chotimah2 kalau Pak Jokowi representatif sipil jelatah bodoh nggak ada urusan mengenai ijazahnya asli atau nggak luaran jawa pasti mau terima terlepas bahwa itu banteng. 10 tahun pesta rakyat. kalau Soekarno dan Megawati biasanya luaran jawa malas bahas mereka.","2048047790975336929","","ch_chotimah2","in","","0","1","0","https://x.com/undefined/status/2048047790975336929","2016333904870047745",
"2048046601093202125","Sat Apr 25 14:33:30 +0000 2026","0","@rubygimx Owh ini mbak mbak jawa itu","2048047753700503687","","rubygimx","in","","0","0","0","https://x.com/undefined/status/2048047753700503687","2046052810735927296",
"2047993130188968195","Sat Apr 25 14:32:52 +0000 2026","0","@lurima_pi Mantap thank you Miss Lumari dan Pioneer terkasih Vietnam yang sukses menyelenggarakan Barter by Ekosistem Pi Team Warriors GCV Jawa Barat 🇮🇩 Jenderal Lien ","2048047594623164573","","lurima_pi","in","","0","0","0","https://x.com/undefined/status/2048047594623164573","1734390897918480384",
"2048045012580262318","Sat Apr 25 14:32:44 +0000 2026","0","@HarrisCainee Nasib tinggal di luar jawa :((((","2048047561660080394","","HarrisCainee","in","","0","0","0","https://x.com/undefined/status/2048047561660080394","1836932708947349505",
"2048047541061865650","Sat Apr 25 14:32:39 +0000 2026","0","Taik bener ribut soal makanan doank ga penting apa lg banding2kan begitu plus rasis ama Jawa","2048047541061865650","","","in","","0","0","0","https://x.com/undefined/status/2048047541061865650","1268923442536910848",
"2047989940265316848","Sat Apr 25 14:31:44 +0000 2026","0","@direktoridosen SASTRA SUNDA SASTRA JAWA SASTRA BALI SASTRA MINANG SASTRA BATAK SASTRA MELAYU SASTRA BUGIS-MAKASSAR harus ditutup tidak sesuai industri","2048047311381811612","","direktoridosen","in","","0","0","0","https://x.com/undefined/status/2048047311381811612","302417940",
"2047837865778757979","Sat Apr 25 14:31:18 +0000 2026","0","@PurpleLotusGCV Yang Jelas karena kita pejuang Mata Uang Global sedang di sisi Dunia banyak kejolak peperangan yang tak mau tahu perdamaian . Team Warriors GCV Jawa Barat 🇮🇩 Jenderal Lien ","2048047201566560327","","PurpleLotusGCV","in","","0","0","0","https://x.com/undefined/status/2048047201566560327","1734390897918480384",
"2048047006674047204","Sat Apr 25 14:30:31 +0000 2026","2","bukti valid kalau motif batik berasal dari Jawa bukan dari semenanjung ya","2048047006674047204","","","in","","0","0","0","https://x.com/undefined/status/2048047006674047204","203493606",
"2047653766686761102","Sat Apr 25 14:29:57 +0000 2026","0","@susreigen @avocadofloat20 @rockstarzszz Salah analogi gimana lu bilang rasisme ke white do not exist karena mereka ga punya sejarah oppression dan sama kek jawa gam punya sejarah oppression juga","2048046861890818434","","susreigen","in","","0","0","0","https://x.com/undefined/status/2048046861890818434","1941882439967846401",
"2048046730311303315","Sat Apr 25 14:29:26 +0000 2026","0","Kelen yg orang Jawa tuh pernah ga sih potong kuku malem2 terus dibilang gaboleh gitu ama orang-orang tua?? Tau ga sikk kalau dilogika kenapa gaboleh tuh menurut gue karena jaman dulu kan ga ada lampu jadi kalo potong kuku malem-malem ga keliatan..","2048046730311303315","","","in","","0","1","0","https://x.com/undefined/status/2048046730311303315","1382878901169385475",
"2047858131074507042","Sat Apr 25 14:28:53 +0000 2026","0","@afiiitz10 @ARSIPAJA Hapus akun x dalam 24 jam. Pilih tutup akun atau masuk penjara karena UU ITE! AFIT FAHRUDIN TEMANGGUNG 10-02-1984 ALAMAT DSN PENUNGKULAN RT001/RW003 LEMPUYANG CANDIROTO TEMANGGUNG JAWA TENGAH JUMINI afitzkeren@gmail.com 085786615851","2048046593027547204","","afiiitz10","in","","0","0","0","https://x.com/undefined/status/2048046593027547204","1967557527211786240",
"2048046567404515459","Sat Apr 25 14:28:47 +0000 2026","0","TEMANS pls part baris deret di PM tuh kayak apa sih??? gue blm nemu bentuknya dh?? PLS JAWA https://t.co/SFlNR94ygj","2048046567404515459","https://pbs.twimg.com/media/HGwff8BbwAAeOPR.png","","in","","0","1","0","https://x.com/undefined/status/2048046567404515459","1954440565866872832",
"2048046476140642357","Sat Apr 25 14:28:25 +0000 2026","1","Apakah chef dari Jawa panggilannya mas koki? https://t.co/JznYVDFzpt","2048046476140642357","https://pbs.twimg.com/tweet_video_thumb/HGwfaEja0AAaddu.jpg","","in","","0","0","0","https://x.com/undefined/status/2048046476140642357","56070794",
"2047903410519998593","Sat Apr 25 14:27:41 +0000 2026","0","@crestellae2 kak aku ada preloved buku buku berikut ini yaa semuanya in good conditions dan harganya jg bisa negoo udh gratis ongkir jg sepulau jawa kalau mau cek kondisi detailnya bisa dm/rep aja yaa thank youu https://t.co/fdxCDDQZJV","2048046291092205767","https://pbs.twimg.com/media/HGwfPdWbAAABV9s.jpg","crestellae2","in","","0","0","0","https://x.com/undefined/status/2048046291092205767","1269971073266675712",
"2048046176768061648","Sat Apr 25 14:27:14 +0000 2026","0","walaupun lagu fav dan familiar alias my playlist bgtt tetap tidak bisa mengalahkan ada lagu kegarete sama seibetsu di dreamm mana ada teppen (aseli kalau lirik nya dibuat jawa lagi atau pakai bahasa daerah member lain gongg sih) aku cintaa semuaa setlist iniih ","2048046176768061648","","","in","","0","1","0","https://x.com/undefined/status/2048046176768061648","1672119216806461441",
"2047858131074507042","Sat Apr 25 14:26:54 +0000 2026","0","@afiiitz10 @ARSIPAJA Hapus akun ini dalam 1x24 jam atau saya laporkan UU ITE. Siap-siap dipenjara kalau masih nekat aktif! AFIT FAHRUDIN TEMANGGUNG 10-02-1984 ALAMAT DSN PENUNGKULAN RT001/RW003 LEMPUYANG CANDIROTO TEMANGGUNG JAWA TENGAH JUMINI afitzkeren@gmail.com 085786615851","2048046096459694496","","afiiitz10","in","","0","0","0","https://x.com/undefined/status/2048046096459694496","2026550071966527488",
"2047968901288575252","Sat Apr 25 14:26:38 +0000 2026","1","@Gank_Of_Petojo masa dia nulis jawa = lutung ","2048046027744403527","","Gank_Of_Petojo","in","","0","1","0","https://x.com/undefined/status/2048046027744403527","1333709793526091776",
"2048011006266540251","Sat Apr 25 14:25:59 +0000 2026","5","@WatchmenID Film Exhuma seharusnya Indonesia bikin kaya film Exhuma dimana dukun bukan cuman duduk komat kamit doang ada tarian &amp; adat dikelilingi orang banyak. Banyak potensi tentang perdukunan ngga cuman di jawa doang.","2048045865135493499","","WatchmenID","in","","0","0","0","https://x.com/undefined/status/2048045865135493499","1363701485276602368",
"2048038412855447911","Sat Apr 25 14:25:51 +0000 2026","0","@flowerbuust jawa lagi diem aja tetep dipanggil2..","2048045830012313691","","flowerbuust","in","","0","1","0","https://x.com/undefined/status/2048045830012313691","2047198662481129472",
"2047944823269900387","Sat Apr 25 14:25:38 +0000 2026","0","@xiapanic kak aku ada preloved buku buku ini yaa semuanya masih good conditions tentunyaa harganya jg bisa nego kirim dari jateng tp gratis ongkir sepulau jawa kakk https://t.co/C6pSdhG9rX","2048045775360573656","https://pbs.twimg.com/media/HGwexjJbwAAwqc4.jpg","xiapanic","in","","0","0","0","https://x.com/undefined/status/2048045775360573656","1269971073266675712",
"2048045717906927986","Sat Apr 25 14:25:24 +0000 2026","0","walah bubar kita jawa jawa ini @berjalanditempa @Exorcissttttt","2048045717906927986","","","in","","0","1","0","https://x.com/undefined/status/2048045717906927986","1726575456227598336",
"2047653766686761102","Sat Apr 25 14:24:43 +0000 2026","1","@R0z33N4NT3 @avocadofloat20 @rockstarzszz lu sendiri bilang not at systematic level tapi masih maksa nyamain itu justru poin gua jrit. prejudice bisa ada ke siapa aja tapi tanpa dampak sistemik ya jelas ga setara. and jawa ≠ white. di Indo konteks power-nya beda. lu dari awal udh salah analogi","2048045543839170948","","R0z33N4NT3","in","","0","4","0","https://x.com/undefined/status/2048045543839170948","1464386225427648515",
"2048045498045694422","Sat Apr 25 14:24:32 +0000 2026","0","Simulasi Perang Rudal! TNI Latihan Gabungan di Karimun Jawa 20 Kapal Perang &amp; F-16 Dikerahkan https://t.co/uAaoE43QEb","2048045498045694422","","","in","","0","0","0","https://x.com/undefined/status/2048045498045694422","71436318",
"2047610534305128582","Sat Apr 25 14:24:29 +0000 2026","3","@bendedesh67 @UdaShafiq nama pun malaydogsialan lidah busuk pekat terus salahkan jawa pemalas betul jadi malaydogsialan pergi keluar negara pun susah sia sia ringgit naik tapi rakyat still miskin keluar negara hanya utk try sambal jawa pun susah","2048045488617005455","","bendedesh67","in","","0","0","0","https://x.com/undefined/status/2048045488617005455","1494108781445545985",
"2048045442701856845","Sat Apr 25 14:24:19 +0000 2026","0","niat hati stream redred di yt malah nemu playlist lagu jawa jadi asoy asoyan lama banget ","2048045442701856845","","","in","","0","0","0","https://x.com/undefined/status/2048045442701856845","1987337309734514688",
"2048045191513432149","Sat Apr 25 14:23:19 +0000 2026","0","Junan asli orang Jawa","2048045191513432149","","","in","","0","0","0","https://x.com/undefined/status/2048045191513432149","755135662815338496",
"2048045136308015170","Sat Apr 25 14:23:05 +0000 2026","0","Kamis 23 April 2026 - Gubernur Kalimantan Tengah H. Agustiar Sabran S.Ikom dan Gubernur Jawa Timur Dr. (H.C.) Dra. hj. Khofifah Indar Parawansa https://t.co/EbpFLH4iOK beserta jajaran Kepala OPD Mengunjungi Display Produk. https://t.co/CDHKK3wYOL","2048045136308015170","https://pbs.twimg.com/media/HGweI2pbwAAe62T.jpg","","in","","0","1","0","https://x.com/undefined/status/2048045136308015170","1824094975531081728",
"2048042688684175528","Sat Apr 25 14:22:10 +0000 2026","0","@carburqnt WKWKKWK sabar ya jawa","2048044902920175914","","carburqnt","in","","0","0","0","https://x.com/undefined/status/2048044902920175914","2033367032792756225",
"2048044811002032428","Sat Apr 25 14:21:48 +0000 2026","0","@DaikinIndia FIRE HAZARD at my home Nakur. Your dealer Khandelwal Bareilly cut wiring then burnt VRVX PCB A1P while fixing. Unit dead 0.0 Amp. Need MD Mr. KJ Jawa intervention. New outdoor in 24hrs or legal action. Complaint: * #DaikinFraud","2048044811002032428","","DaikinIndia","en","","1","0","0","https://x.com/undefined/status/2048044811002032428","960166089475919872",
"2048044792337346810","Sat Apr 25 14:21:43 +0000 2026","0","WANT TO SELL WTS KIM HYEYOON 2026 FANMEETING MD Photocard Set = Rp135 000 Welcome Set = Rp165 000 Pin Button Set = Rp125 000 Sticker Set = Rp155 000 exclude ongkir (manual) admin shopee (by request) brebes jawa tengah ️ dm / chat https://t.co/dIJtWhWUEE https://t.co/sChfYSC0NI","2048044792337346810","https://pbs.twimg.com/media/HGwd2-WaIAAYt7g.jpg","","in","","0","0","0","https://x.com/undefined/status/2048044792337346810","1209829466173624320",
"2048044651693871200","Sat Apr 25 14:21:10 +0000 2026","0","Me everyday: I wanna go to public spaces to chill and draw Jawa everyday.. jan panase ra umum ","2048044651693871200","","","en","","0","0","0","https://x.com/undefined/status/2048044651693871200","1460497303702171648",
"2047824650709893258","Sat Apr 25 14:20:51 +0000 2026","0","@SigitWasito8 JK itu Sulawesi apakah ada sejarahnya dan itung2 politik org luar Jawa jadi presiden... Buzer dongok Go-block ","2048044572371206407","","SigitWasito8","in","","0","0","0","https://x.com/undefined/status/2048044572371206407","1827380532851904512",
"2048023382550253644","Sat Apr 25 14:20:30 +0000 2026","12","@aniesbaswedan Jika jadi dieksekusi maka fakultas/prodi yg akan dieliminasi adl: 1. MIPA 2. FISIP 3. FEB prodi EkBang 4. FKesMas 5. FIB prodi sejarah arkeo dan beberapa prodi bahasa spt sastra Jawa 6. Prodi pendidikan sosial 7. Kampus/prodi ilmu seni budaya 8. Kampus ilmu agama 9. dll dst..","2048044483447750741","","aniesbaswedan","in","","1","1","0","https://x.com/undefined/status/2048044483447750741","1878738942482370560",
"2047826589195608533","Sat Apr 25 14:20:29 +0000 2026","0","@EricaRN4USA @BarackObama it looks like a Jawa Sand Crawler","2048044478519550000","","EricaRN4USA","en","","0","0","0","https://x.com/undefined/status/2048044478519550000","16243471",
"2047919194164150403","Sat Apr 25 14:20:06 +0000 2026","0","@smallwingedonee kekuatan jawa","2048044384655155380","","smallwingedonee","in","","0","0","0","https://x.com/undefined/status/2048044384655155380","454511848",
"2048044358583136518","Sat Apr 25 14:20:00 +0000 2026","0","Gelandang Timnas Indonesia tersebut mencetak dua gol (brace) untuk membawa timnya menang tipis 2-1 di Stadion Gelora Bangkalan Jawa Timur Sabtu (25/4/2026). https://t.co/nu7jnbG9v0","2048044358583136518","","","in","","0","0","0","https://x.com/undefined/status/2048044358583136518","68930552",
"2048044310206292315","Sat Apr 25 14:19:49 +0000 2026","61","Rangkuman berita hari hari ini 1. Purbaya bilang kita masuk mode survival 2. Prabowo ke Perancis lagi 3. Jenderal jenderal Purnawirawan TNI di undang ke istana 4. TNI latihan tembak rudal di Karimun Jawa. 5. Rupiah melemah 6. Asing banyak keluar dari saham big Banks. Why? Ada","2048044310206292315","","","in","","0","4","22","https://x.com/undefined/status/2048044310206292315","2045731527086989312",
"2047959805156085769","Sat Apr 25 14:19:47 +0000 2026","1","@RestuAwalliddin Ada pertanyaan gubernur harapan pendukung persib aja udah aneh sih buat gw ga perlu dijawab atau dibahas panjang lebar pertanyaan begituan.. PERSIB BANDUNG itu besar penuh sejarah dan kebanggaan bukan hanya bagi penggemarnya di jawa barat tp diseluruh pelosok indonesia","2048044305403822211","","RestuAwalliddin","in","","0","0","0","https://x.com/undefined/status/2048044305403822211","892775046",
"2047915160216760584","Sat Apr 25 14:18:55 +0000 2026","1","@YorukawaID1234 Jawa Jawaしてきた","2048044084917649900","","YorukawaID1234","ja","","0","0","0","https://x.com/undefined/status/2048044084917649900","1606700349120983040",
"2048043764737065072","Sat Apr 25 14:18:21 +0000 2026","0","Garis wajah yang tidak bisa berbohong: Inilah perbandingan visual antara Dwi Sasono dan ilustrasi Prabu Jayabaya menjadikannya pilihan paling otentik dan sempurna jika kisah legendaris sang peramal agung Kediri ini diangkat ke layar lebar dalam skenario Baratayudha versi Jawa. ","2048043942554611854","","HHariman88776","in","","0","0","0","https://x.com/undefined/status/2048043942554611854","2007034221517471745",
"2048043905267175656","Sat Apr 25 14:18:12 +0000 2026","0","WTS // Want to sell nct dream CHEERING KIT JAEMIN (uchiwa) 200.000 inc packing ready ina adm oren bogor jawa barat Order? DM https://t.co/tOqUI2b7P4","2048043905267175656","https://pbs.twimg.com/media/HGwdEtoacAAIyQW.jpg","","in","","0","0","1","https://x.com/undefined/status/2048043905267175656","1942914495707521024",
"2048043749406814337","Sat Apr 25 14:17:35 +0000 2026","0","Kamis 23 April 2026 - Dinas Perdagangan dan Perindustrian Provinsi Kalimantan Tengah dan Dinas Perindustrian dan Perdagangan Provinsi Jawa Timur membuka Pojok Layanan dan Konsultasi dalam kegiatan Misi Dagang dan Investasi Provinsi Kalimantan Tengah dan Provinsi Jawa Timur. https://t.co/FR8Hx1Dt5P","2048043749406814337","https://pbs.twimg.com/media/HGwc4M3bAAA6av_.jpg","","in","","0","0","0","https://x.com/undefined/status/2048043749406814337","1824094975531081728",
"2048043735246946463","Sat Apr 25 14:17:31 +0000 2026","0","*୨ৎ || LEOWON Cafe Event Surabaya || ୨ৎ* Bober Cafe Jl. Raya Jemursari No.70 Jemur Wonosari Kec. Wonocolo Surabaya Jawa Timur 60237 ️ Sunday 14th of June 2026 ️ HTM IDR 85.000 / Person (Dp 50.000) 13.00-Selesai Pink / Yellow https://t.co/KEVvkE1c8W https://t.co/LmYUxL96Nk","2048043735246946463","https://pbs.twimg.com/media/HGwc44xaoAAeKIa.jpg","","in","","0","0","0","https://x.com/undefined/status/2048043735246946463","1925028366421557248",
"2048025635453644883","Sat Apr 25 14:16:56 +0000 2026","1","@NUSANTARA_VRL @selatsunda007 @UdaShafiq Dari sejak orok mereka sudah diajarkan untuk membenci Jawa. Apa yang bisa kamu harapkan dari modelan semacam itu??","2048043587347374194","","NUSANTARA_VRL","in","","0","0","0","https://x.com/undefined/status/2048043587347374194","1684412479974309889",
"2048043339828924667","Sat Apr 25 14:15:57 +0000 2026","1","Update Peringatan Dini Cuaca Wilayah - Jawa Timur Tgl. 25 April 2026 pkl. 21:15 WIB Prakirawan - BMKG - Jawa Timur https://t.co/yZjChYnx4C https://t.co/lcD3ip4dTf","2048043339828924667","https://pbs.twimg.com/media/HGwcjx4aQAAhfNc.jpg","","in","","0","0","0","https://x.com/undefined/status/2048043339828924667","108543358",
"2048043233549418988","Sat Apr 25 14:15:32 +0000 2026","0","Kamis 23 April 2026 - Penandatanganan Kesepakatan Bersama (KSB) antara Gubernur Jawa Timur dengan Gubernur Kalimantan Tengah dan Penandatanganan Perjanjian Kerja Sama (PKS) Dinas Perindustrian dan Perdagangan Provins Jatim dan Dinas Perdagangan dan Perindustrian Prov Kalteng https://t.co/e7cY5y7mbs","2048043233549418988","https://pbs.twimg.com/media/HGwbn5uaAAAy3au.jpg","","in","","0","0","0","https://x.com/undefined/status/2048043233549418988","1824094975531081728",
"2048042944096256320","Sat Apr 25 14:14:23 +0000 2026","1","Kemenkum Jabar bangga atas keragaman budaya di Jawa Barat. Melalui pendaftaran Kekayaan Intelektual Komunal kita lestarikan seni dan tradisi Kabupaten Bandung agar tidak lekang oleh waktu dan tetap jaya. Kemenkum Jabar - Asep Sutandar.","2048042944096256320","","","in","","0","9","0","https://x.com/undefined/status/2048042944096256320","1177725229",
"2047993972191265043","Sat Apr 25 14:13:01 +0000 2026","1","@vierarien Dia istrinya Gatotkaca (versi pewayangan Jawa)","2048042601887228052","","vierarien","in","","0","0","0","https://x.com/undefined/status/2048042601887228052","1824753756648730624",
"2048024540379553883","Sat Apr 25 14:12:56 +0000 2026","8","@radenrauf Wajarnya mas² Jawa yg banyak gaya bukan banyak ceweknya #LoveStory https://t.co/kNxvTyi397","2048042581930430768","https://pbs.twimg.com/media/HGwbrMtbkAEZ6aX.jpg","radenrauf","in","","0","3","0","https://x.com/undefined/status/2048042581930430768","1689307552658653184",
"2048042413244240220","Sat Apr 25 14:12:16 +0000 2026","0","update #WTS photocard seventeen + cahol dom depok jawa barat bisa co oren (excl adm+pack) atau manual yaa boleh tanya2 dan nego yaa mt after dm yahh! wts wtb photocard pc seventeen svt wts wtb https://t.co/KX9oGnGco6","2048042413244240220","https://pbs.twimg.com/media/HGwbtlAbIAAt4DQ.jpg","","in","","0","0","0","https://x.com/undefined/status/2048042413244240220","1202885596034658305",
"2048038924875157673","Sat Apr 25 14:12:09 +0000 2026","0","@flow2098 Ih kepo kontennyaa aku mas2 jawa holic soalnya LOVE UPON A TIME EP5 #ภพเธอEP5","2048042382361497627","","flow2098","in","","0","0","0","https://x.com/undefined/status/2048042382361497627","1887703679446491138",
"2048042382277681419","Sat Apr 25 14:12:09 +0000 2026","3","membesar dlm keluarga Minang di Kuala Lumpur Nenek dan Bundo merendang sambal sebiji mcm sambal Melayu Semenanjung. sambal direndang lama supaya gas lada hilang dan perut tak meragam makan lada tak direndang lama atas dapur. itulah Melayu Minang kami. p/s: Laki Nenek aku Jawa.","2048042382277681419","","","in","","0","0","0","https://x.com/undefined/status/2048042382277681419","1313094499472556032",
"2048027123085139992","Sat Apr 25 14:11:51 +0000 2026","0","Rahmet: jawa jawa rahmet orang paling ngeselin cok sebenernya wkwkwk. Cuman dia tuh bercandaannya masuk di orang2 dan seru plus dia kabid yang gua rasain dan gua pengen ngelebihin dia lah (Egooooo). Banyak hal yang sering diomongin dan pengen gua buktiin ke dia kalo gua bisa","2048042308634030551","","mfghiffario","in","","0","1","0","https://x.com/undefined/status/2048042308634030551","2489832343",
"2048024540379553883","Sat Apr 25 14:11:10 +0000 2026","3","@radenrauf cari yang katolik biar bisa misa bareng siapa tau jadi partner travelling dom pasming asli jawa https://t.co/nwHYx0odUc","2048042133366702251","https://pbs.twimg.com/media/HGwbdYWaoAAatwh.jpg","radenrauf","in","","0","2","0","https://x.com/undefined/status/2048042133366702251","1244990530531905536",
"2048041456619909266","Sat Apr 25 14:11:09 +0000 2026","1","Kemenkum Jabar hadir untuk memberikan kepastian hukum bagi setiap inovasi. Jangan biarkan ide hebat Anda dicuri orang lain. Daftarkan sekarang juga di kantor wilayah kami yang berlokasi di Jawa Barat. Kemenkum Jabar - Asep Sutandar.","2048042132251066713","","kemenkumjabar","in","","0","0","0","https://x.com/undefined/status/2048042132251066713","1177725229",
"2048042119030538588","Sat Apr 25 14:11:06 +0000 2026","1","TUKAR BACA KOMIK LOKAL JOGJA Tuker-tukeran jajanan komik di Comipara yuk! Pada abis belanja apa aja siiiii??? Kuratoru Jl. Cempedak No G-3 Condongcatur Seleman Yogyakarta Jawa Tengah Minggu 26 April 2026 ⏰️ 15.00-19.00 WIB #TUKARBACAKOMIKLOKAL https://t.co/DmbBcXTBeO","2048042119030538588","https://pbs.twimg.com/media/HGwbcSLbMAAgcMC.jpg","","in","","0","0","2","https://x.com/undefined/status/2048042119030538588","1782810854683226112",
"2048041970887741745","Sat Apr 25 14:10:31 +0000 2026","0","꧋ꦱꦼꦢꦺꦫꦼꦏ꧀ꦙꦮꦶ ꦥꦭꦶꦁ ꦲꦸꦠꦩꦶ ꦥꦫ ꦠꦿꦤ꧀ꦱ꧀ꦩꦶꦒꦿꦤ꧀ꦲꦪꦺꦴ ꦢꦶꦥꦸꦤ꧀ꦲꦸꦫꦶꦲꦸꦫꦶ ꦧꦱ ꦙꦮꦶ ꦠꦒꦼꦩ꧀ꦲꦤꦏ꧀ꦥꦸꦠꦸ ꦥꦤ꧀ꦗꦼꦤꦼꦔꦤ꧀ꦱꦩꦶ꧋ Hai transmigran Jawa ajari anakmu basa Jawa! Supaya masa depanmu cerah! https://t.co/QUmfvgHQiS","2048041970887741745","https://pbs.twimg.com/ext_tw_video_thumb/2048041924687527936/pu/img/Wzt7CTTdjsZmYQWn.jpg","","und","","0","0","0","https://x.com/undefined/status/2048041970887741745","1664592546289569792",
"2047677628833042869","Sat Apr 25 14:10:25 +0000 2026","0","@ganz__7o @Txtdariiugm Orang jawa mbah2 kita dlu yg nglakoni (menuntut ilmu) mmg bisa punya kelebihan dibanding manusia normal..","2048041947160556020","","ganz__7o","in","","0","0","0","https://x.com/undefined/status/2048041947160556020","2256405408",
"2048041872875270620","Sat Apr 25 14:10:07 +0000 2026","0","rekom destinasi staycation di jawa timur dongggg tpi ojok sg ws umum gtu looo ofc selain malang dan surabaya","2048041872875270620","","","in","","0","0","0","https://x.com/undefined/status/2048041872875270620","1777520050733506560",
"2048041456619909266","Sat Apr 25 14:10:06 +0000 2026","1","Kemenkum Jabar berkomitmen mendukung hilirisasi industri kecil di Jawa Barat. Melalui perlindungan Merek dan Desain Industri kita perkuat posisi tawar produk Kabupaten Bandung di mata para konsumen global. Kemenkum Jabar - Asep Sutandar.","2048041868592914744","","kemenkumjabar","in","","0","0","0","https://x.com/undefined/status/2048041868592914744","1177725229",
"2048041833541022008","Sat Apr 25 14:09:58 +0000 2026","0","Lu aslinya orang jawa kan wooo?? Ada medok2nya","2048041833541022008","","","in","","0","0","0","https://x.com/undefined/status/2048041833541022008","1255138239192502281",
"2048040690148631001","Sat Apr 25 14:09:40 +0000 2026","0","@kenyusexual suguru tuh aslinya mas mas jawa greenflag abis cmn kebawa arus nangor aja die ","2048041757557031271","","kenyusexual","in","","0","0","0","https://x.com/undefined/status/2048041757557031271","1575071627645427713",
"2048041614204194887","Sat Apr 25 14:09:06 +0000 2026","0","Kamis 23 April 2026 - Dalam rangkaian kegiatan Pembukaan Misi Dagang Provinsi Jawa Timur dan Provinsi Kalimantan Tengah Tahun 2026 diselenggarakan peragaan batik dan tenun khas dari kedua provinsi sebagai upaya memperkenalkan dan mempromosikan produk unggulan daerah. https://t.co/5DLX2anr86","2048041614204194887","https://pbs.twimg.com/amplify_video_thumb/2048040187566206976/img/bLJaDQAkWHC1RPMN.jpg","","in","","0","0","0","https://x.com/undefined/status/2048041614204194887","1824094975531081728",
"2048041588635705413","Sat Apr 25 14:09:00 +0000 2026","0","jawa dropped because of his knees and arms.","2048041588635705413","","","en","","0","0","0","https://x.com/undefined/status/2048041588635705413","1692591327689441280",
"2047996965775192387","Sat Apr 25 14:08:08 +0000 2026","0","@WayanTeja @sbqux @menterimedan @idextratime bukan ini orang sumatra yg merantau ke jawa katanya lauk nya dikit kalo makan","2048041373170122925","","WayanTeja","in","","0","1","0","https://x.com/undefined/status/2048041373170122925","1367767563669700609",
"2048041313887789243","Sat Apr 25 14:07:54 +0000 2026","0","YG GUE HARAPIN KALAU KETEMU FINESHYT DARI JAWA DAN GUE DARI KALIMANTAN:","2048041313887789243","","","in","","0","0","0","https://x.com/undefined/status/2048041313887789243","1469634398039392258",
"2048015441646542886","Sat Apr 25 14:07:43 +0000 2026","0","@KangManto123 kayak Kursi Tahta Raja Jawa ","2048041269092659420","","KangManto123","in","","0","0","0","https://x.com/undefined/status/2048041269092659420","174193809",
"2048041089995882999","Sat Apr 25 14:07:01 +0000 2026","0","[] dolor-dolor sedoyo... Monggo pinarak wonten prasmananipun... lha... Naga Jawa.... ?","2048041089995882999","","","in","","0","1","0","https://x.com/undefined/status/2048041089995882999","1702160531426308096",
"2048038412855447911","Sat Apr 25 14:06:16 +0000 2026","1","@flowerbuust jawa hama","2048040902682345606","","flowerbuust","in","","0","0","0","https://x.com/undefined/status/2048040902682345606","1143005262002831360",
"2048040826752921865","Sat Apr 25 14:05:58 +0000 2026","0","penelitian terhadap pasangan ldr jawa kalimantan","2048040826752921865","","","in","","0","1","0","https://x.com/undefined/status/2048040826752921865","1817893611130040320",
"1115813806909919238","Sat Apr 25 14:05:50 +0000 2026","1","@jokowi Kalian jawa mau apa sekarang. Mau aku mampusin.","2048040791122366725","","jokowi","in","","0","0","0","https://x.com/undefined/status/2048040791122366725","1376172927679221766",
"2048040709639516424","Sat Apr 25 14:05:30 +0000 2026","2","Gue dari pertama x disuruh beralih ke gas non subsidi langsung ganti eh ternyata di kantor banyak yg masih pake gas ijo jangkriikkk! LPG 3 Kg Mulai Dibatasi di Jawa Tengah ASN PPPK dan Usaha Besar Wajib Beralih ke Gas Nonsubsidi https://t.co/0pp5fTGfCT","2048040709639516424","","","in","","0","1","0","https://x.com/undefined/status/2048040709639516424","1331174509",
"2048040708960141740","Sat Apr 25 14:05:30 +0000 2026","0","cortis x lagu jawa candu bgt sial","2048040708960141740","","","in","","0","0","0","https://x.com/undefined/status/2048040708960141740","1990806015407988736",
"2048040651171008527","Sat Apr 25 14:05:16 +0000 2026","0","Case Filed against Classic Legends (#Jawa #yezdi #bsa motorcycles) on their restrictive practices relating to their spare parts diagnostics tools and service @BikeWale @91wheels @Zigwheels @MotorVikatan @timesofindia @htTweets @IndianExpress https://t.co/aZXByrye8V","2048040651171008527","https://pbs.twimg.com/media/HGwaHQhaEAAUktH.jpg","","en","","0","0","0","https://x.com/undefined/status/2048040651171008527","44816736",
"2048040405137256753","Sat Apr 25 14:04:17 +0000 2026","0","ya Allah lindungi jawa","2048040405137256753","","","in","","0","0","0","https://x.com/undefined/status/2048040405137256753","1703335314566332417",
"2048040388188078485","Sat Apr 25 14:04:13 +0000 2026","1","Selamat tinggal Jawa timur puter balik menuju bekasi","2048040388188078485","","","in","","0","1","0","https://x.com/undefined/status/2048040388188078485","1791756207172337664",
"2048039530335461784","Sat Apr 25 14:04:03 +0000 2026","1","Kemenkum Jabar hadir sebagai mitra bagi kemajuan UMKM di Jawa Barat. Koordinasi di Kab. Bandung ini adalah langkah nyata dalam memberikan perlindungan hukum bagi para pelaku usaha kecil yang sedang berkembang. Kemenkum Jabar - Asep Sutandar.","2048040342327550272","","kemenkumjabar","in","","0","0","0","https://x.com/undefined/status/2048040342327550272","1177725229",
"2048040110479069448","Sat Apr 25 14:03:07 +0000 2026","0","Kamis 23 April 2026 - Dalam rangkaian kegiatan Pembukaan Misi Dagang Provinsi Jawa Timur dan Provinsi Kalimantan Tengah Tahun 2026 diselenggarakan peragaan batik dan tenun khas dari kedua provinsi sebagai upaya memperkenalkan dan mempromosikan produk unggulan daerah. https://t.co/b8frUiDaWI","2048040110479069448","https://pbs.twimg.com/media/HGwZlJ0aQAAgt7V.jpg","","in","","0","0","0","https://x.com/undefined/status/2048040110479069448","1824094975531081728",
"2048037211023839525","Sat Apr 25 14:02:59 +0000 2026","0","in fact lu gatau di bekasi hampir tiap tahun demo. may day lah serikat lah apa lah. ada regulasi ga bener protes ada perusahaan licik lapor harga bahan pokok naik ya demo. mas/mba kita ga nrimo ing pandum saya juga jawa btw. kalo pemikiran dan usahamu cuma bersyukur...","2048040077495005328","","athearss","in","","0","1","0","https://x.com/undefined/status/2048040077495005328","1133070729467944960",
"2048036613994037463","Sat Apr 25 14:02:58 +0000 2026","0","@_V0rtigern_ Jujur sebagai user daily KRL maupun ad mereka jg tetep meresahkan soalnya capeknya sepulau Jawa","2048040072994578657","","_V0rtigern_","in","","0","0","0","https://x.com/undefined/status/2048040072994578657","1901758734319394816",
"2048036830314930203","Sat Apr 25 14:02:50 +0000 2026","0","@sbyfess Kalau half jawa boleh aku mauuu. Hit me on dm nder!","2048040038156697999","","sbyfess","in","","0","0","0","https://x.com/undefined/status/2048040038156697999","1837768773803429890",
"2047981696205861322","Sat Apr 25 13:54:37 +0000 2026","0","@rizkyhaidhar mas mas Jawa berkacamata tinggi kurus atau berotot bolehh Islam soft spoken sabar tidak merokoksementara itu dulu ingyahh haha","2048037971664977955","","rizkyhaidhar","in","","0","1","0","https://x.com/undefined/status/2048037971664977955","1143464165232635904",
"2048037960566915392","Sat Apr 25 13:54:35 +0000 2026","1","maaf ya -- aku yg gak di Jawa dan budget pas-pas an ini klo tau RV kek gitu aku gasin kmrn berangkat. Beneran gak nyangka sejelas itu... but semoga semua teume aman nyaman dan stay safe tetap enjoy dan semoga treasure nya jg enjoy guys ","2048037960566915392","","","in","","0","0","0","https://x.com/undefined/status/2048037960566915392","1584461288864108545",
"2047653766686761102","Sat Apr 25 13:54:32 +0000 2026","0","@susreigen @avocadofloat20 @cardigayn @rockstarzszz Dan lu literally bilang statement jawa gw rasis yang dimana kita bisa equate jawa=white dalam konteks indonesia that means racism against white definitely exist and heterophobia exist just not at systematic level","2048037951335235586","","R0z33N4NT3","in","","0","1","0","https://x.com/undefined/status/2048037951335235586","1941882439967846401",
"2048037836189052977","Sat Apr 25 13:54:18 +0000 2026","15","Detail lokasi poster di sekitar area Blok M Jakarta (2) dekat sport olympics di depan blok M square (toko emas) dekat jawa-jawa https://t.co/F67vadraJQ","2048037890559729869","https://pbs.twimg.com/media/HGwXmWpakAEYndA.jpg","nexz_idn","in","","0","0","7","https://x.com/undefined/status/2048037890559729869","1896047328525762560",
"2048037664587444412","Sat Apr 25 13:53:24 +0000 2026","0","buat versi pulau Jawa juga plis :D","2048037664587444412","","","in","","0","0","0","https://x.com/undefined/status/2048037664587444412","1799015593720614912",
"2048037639807488034","Sat Apr 25 13:53:18 +0000 2026","0","skrg marahnya pake jawa udh bkn inggris https://t.co/fBZJB3T61g","2048037639807488034","https://pbs.twimg.com/media/HGwXYEpa0AEHgdJ.jpg","","in","","0","0","0","https://x.com/undefined/status/2048037639807488034","1655196037903179776",
"2047988332941230252","Sat Apr 25 13:52:07 +0000 2026","0","@zastrphl OH BENER BENER.. bener bener inimah jokes YJJA yang jawa jawa aja","2048037340573237668","","zastrphl","in","","0","0","0","https://x.com/undefined/status/2048037340573237668","3222669566",
"2048037195689373816","Sat Apr 25 13:51:32 +0000 2026","0","je' wessss boseni hidup ini mbah yaaaai aku di pemerintahan raden fatahillah 500 mesjid agung demak pantura jawa pesisir jawa ... buat ga' boseni hidup ini","2048037195689373816","","","in","","0","0","0","https://x.com/undefined/status/2048037195689373816","1541832736955981824",
"2047653766686761102","Sat Apr 25 13:50:37 +0000 2026","0","@susreigen @avocadofloat20 @cardigayn @rockstarzszz lu pikir karna ada rasisme terhadap orang berkulit hitam bakal juga ada rasisme terhadap bule putih gt? Statement ini mengimplikasikan klo rasisme ke ras yang ga pernah dioppressed bukan rasisme and after gw pake argumen jawa itu lu malah bilang itu rasis artinya rasisme ke","2048036961794076743","","susreigen","in","","0","1","0","https://x.com/undefined/status/2048036961794076743","1941882439967846401",
"2047944896565465493","Sat Apr 25 13:50:23 +0000 2026","0","@aeriseepy Jadi kangen mantan.... Mana dia Jawa aku Kalimantan","2048036905107980663","","aeriseepy","in","","0","0","0","https://x.com/undefined/status/2048036905107980663","1627275874067419138",
"2048036830314930203","Sat Apr 25 13:50:05 +0000 2026","15","-ning adakah mba-mba jawa yang bisa jadi someone to talk? siapa tau bisa lanjut dari em29 pekerjaan alhamdulillah udah stable","2048036830314930203","","","in","","0","50","0","https://x.com/undefined/status/2048036830314930203","1152437175587241985",
"2046576218330271920","Sat Apr 25 13:50:04 +0000 2026","0","@direktur_ @yappingfess bahasa Jawa apa jir ngehamilin","2048036824829063411","","direktur_","in","","0","1","0","https://x.com/undefined/status/2048036824829063411","1465590081662554113",
"2047971407632679404","Sat Apr 25 13:49:45 +0000 2026","0","@callmeeryuu + jawa adalah kunci","2048036746693407207","","callmeeryuu","in","","0","0","0","https://x.com/undefined/status/2048036746693407207","1929217169122086912",
"2047987471380832508","Sat Apr 25 13:49:38 +0000 2026","0","@JoeJoeIDX Ga bang hehehhe saya lahir di jkt keluarga besar jawa cuma kebetulan rumah di kab bogor.","2048036714913165382","","JoeJoeIDX","in","","0","0","0","https://x.com/undefined/status/2048036714913165382","71484643",
"2048036711268286486","Sat Apr 25 13:49:37 +0000 2026","1","*_Dari Wonosobo Jawa Tengah Nyatakan Perang Melawan Hoaks_* Hadir dalam seminar Wonosobo Melawan Hoax ini Hersubeno Arief produsen konten dan wartawan senior memberikan contoh-contoh kongkrit hoax yang baru saja terjadi di jagad media sosial dan sangat berbahaya jika","2048036711268286486","","","in","","0","0","1","https://x.com/undefined/status/2048036711268286486","101156777",
"2048036619903738042","Sat Apr 25 13:49:15 +0000 2026","0","Palangka Raya Kepala Dinas Koperasi dan UKM Provinsi Kalimantan Tengah menandatangani perjanjian kerja sama dengan Kepala Dinas Koperasi dan UKM Provinsi Jawa Timur pada Kamis 23 Februari 2026 bertempat di Hotel Bahalap Palangka Raya. https://t.co/P8vTR7uQsj","2048036619903738042","https://pbs.twimg.com/media/HGwWY84a8AAemf2.jpg","","in","","0","0","0","https://x.com/undefined/status/2048036619903738042","1848558532926513152",
"2047927180085362866","Sat Apr 25 13:48:51 +0000 2026","1","@zakariamlk All jeroan bebek dan ikan yg disajikan di pulau jawa","2048036519362088973","","zakariamlk","in","","0","0","0","https://x.com/undefined/status/2048036519362088973","1566022633921327106",
"2048032025995858340","Sat Apr 25 13:48:32 +0000 2026","0","@nozelism Jawa jawa jawa","2048036438823113017","","nozelism","in","","0","0","0","https://x.com/undefined/status/2048036438823113017","1671376834729226240",
"2048036406925336967","Sat Apr 25 13:48:24 +0000 2026","1","jadi di Jawa kuno sudah ada mekanisme sengketa pajak. sengketanya juga mirip2 dengan sengketa pajak modern soal identitas sebagai WPDN atau WPLN","2048036406925336967","","","in","","0","0","0","https://x.com/undefined/status/2048036406925336967","203493606",
"2048010256677249520","Sat Apr 25 13:48:06 +0000 2026","0","@ellajenor Gini bgt nasib luar Jawa","2048036328760393742","","ellajenor","in","","0","0","0","https://x.com/undefined/status/2048036328760393742","1410609969917947913",
"2048034215405769042","Sat Apr 25 13:39:42 +0000 2026","0","Wargalo ketagihan ayak gepuk malah elo ngatain Jawa ngaca dulu makananlo tuh rawan kolesterol https://t.co/EVUNws3hOW","2048034215405769042","https://pbs.twimg.com/media/HGwUQyyaMAEsNHJ.jpg","","in","","0","0","0","https://x.com/undefined/status/2048034215405769042","433051766",
"2048018698464866621","Sat Apr 25 13:38:59 +0000 2026","0","@SEGASAKl HAHAHAHA. Papnya dulu mana. :3 Niscaya bukan cuma Jawa sama Sumatera yang bersatu tapi aku satuin Pangea.","2048034034564100282","","SEGASAKl","in","","0","1","0","https://x.com/undefined/status/2048034034564100282","875685139342217216",
"2047994355101888562","Sat Apr 25 13:37:33 +0000 2026","1","@jokowi hhh ruarr biasa mengerikannya fitnah dajjal.. dajjal jawa sj daya rusakk dn menipu nya spt ini... melahirkan jenis makhluk termul","2048033674395078737","","jokowi","in","","0","0","0","https://x.com/undefined/status/2048033674395078737","1603519410584817665",
"2048033633261453403","Sat Apr 25 13:37:23 +0000 2026","0","Wts love and deepspace rafayel chara set laser ticket 25k pc badge set 80k postcard 75k dom jawa barat #warunglads #warunganime take all diskonn jadi 160k ajaa","2048033633261453403","","","en","","0","0","0","https://x.com/undefined/status/2048033633261453403","1134446134968012802",
"2047258847367299563","Sat Apr 25 13:36:55 +0000 2026","0","@h_radite @pergijauhkealam Matoa atau Pometia pinnata bukan hanya ada di Papua. Di Jawa barat namanya leungsir di Lampung orang menyebutnya kungkil di Sumatera Barat dinamai Kasai. Hanya saja yang layak dimakan adalah yang berasal dari Papua.","2048033513967145216","","h_radite","in","","0","0","0","https://x.com/undefined/status/2048033513967145216","2993672654",
"2044339433387036995","Sat Apr 25 13:36:34 +0000 2026","0","@sfynnr_ Mas kok yakin saya tahu soal astronomi Jawa Kuno ","2048033428306849836","","sfynnr_","in","","0","1","0","https://x.com/undefined/status/2048033428306849836","118363988",
"2047855056935088569","Sat Apr 25 13:36:14 +0000 2026","0","@pwettykyoong @aprilisfouwrr Jawa manaa aku juga jawa","2048033343187669350","","pwettykyoong","in","","0","0","0","https://x.com/undefined/status/2048033343187669350","1654069185620901891",
"2048027347216130073","Sat Apr 25 13:36:12 +0000 2026","0","@btsdoeslove di pulau sumatera na kamu di pulau jawa kah?","2048033335390478438","","btsdoeslove","in","","0","1","0","https://x.com/undefined/status/2048033335390478438","1409830412",
"2048033230188847439","Sat Apr 25 13:35:48 +0000 2026","0","Gw mleyot bgt liat Shu Jawa smsnskjdnsksdkksn kasep pisan euy","2048033236228636697","","moricchibiru","in","","0","0","0","https://x.com/undefined/status/2048033236228636697","1681635903092170752",
"2048024540379553883","Sat Apr 25 13:35:28 +0000 2026","18","@radenrauf F29 Jawa dom Bogor sbg corporate girly pasti butuh kopi jd skrg lagi explore nih wkwk ayo berteman siapa tau jd teman hidup ️ #LoveStory https://t.co/AKnqSBqNrT","2048033152111972607","https://pbs.twimg.com/media/HGwTSNcbMAAmLo0.jpg","radenrauf","in","","0","6","0","https://x.com/undefined/status/2048033152111972607","283905206",
"2047956277066883331","Sat Apr 25 13:35:24 +0000 2026","0","@motherlander Menarik bang terimakasih. Sayang sekali di Jawa malah punah ya.","2048033132331581853","","motherlander","in","","0","1","0","https://x.com/undefined/status/2048033132331581853","1645670132939894784",
"2048033092892557573","Sat Apr 25 13:35:14 +0000 2026","2","Warga Karawang mengira dirinya di luar Jawa soalnya bang","2048033092892557573","","","in","","0","0","0","https://x.com/undefined/status/2048033092892557573","777774752337309696",
"2048032025995858340","Sat Apr 25 13:34:53 +0000 2026","0","@bidxxyz_ Planet jawa emg beda wkwk","2048033006045348048","","bidxxyz_","in","","0","0","0","https://x.com/undefined/status/2048033006045348048","1650324820402520065",
"2047992790957895785","Sat Apr 25 13:34:51 +0000 2026","0","@phuwbit tadi gua liat perkiraan cuaca pulau jawa merah neraka jir gasiap banget padahal udah dijalani berhari hari","2048032996213850487","","phuwbit","in","","0","0","0","https://x.com/undefined/status/2048032996213850487","2007045220844929024",
"2048032025995858340","Sat Apr 25 13:34:44 +0000 2026","1","@ArieDady Jawa beda","2048032964668526821","","ArieDady","in","","0","0","0","https://x.com/undefined/status/2048032964668526821","1650324820402520065",
"2048017971751055503","Sat Apr 25 13:34:41 +0000 2026","0","@TamagoPost ㅤ ㅤ Mahika 2009. Kebetulan Mamaku asli Jawa. Papaku Jawa-Pakistan. Jadi aku 2/3 Jawa 1/3 nya Pakistan. Salam kenal Kak! ㅤ ㅤ","2048032952672739591","","TamagoPost","in","","0","0","0","https://x.com/undefined/status/2048032952672739591","716135214481846272",
"2047677628833042869","Sat Apr 25 13:34:37 +0000 2026","0","@FiD008 @Txtdariiugm Ken Arok itu raja jelas aja ada catatannya. Wali Songo itu juga konsep yang ditulis Mataram Islam. Tapi tokoh-tokohnya kemungkinan bukan fiktif soalnya Tome Pires juga mencatat ada jaringan ulama di pesisir utara Jawa.","2048032937069994103","","FiD008","in","","0","1","0","https://x.com/undefined/status/2048032937069994103","2937117672",
"2048032902185926884","Sat Apr 25 13:34:29 +0000 2026","4","Sate itu LAHIR DI PULAU JAWA. Inspirasinya memang dari kebab yg dibawa oleh pedagang Arab dan Muslim Tamil. Tapi orang Jawa memotong dagingnya kecil2 menusuknya pakai lidi bambu (bukan besi kayak kebab) lalu membakarnya dan MENCIPTAKAN SAUS KACANG dan SAUS KECAP yg manis gurih.","2048032902185926884","","","in","","0","1","1","https://x.com/undefined/status/2048032902185926884","1452928148018905091",
"2037057289539219690","Sat Apr 25 13:34:07 +0000 2026","1","@KFachry23 @zaynkhalifah @Irwan_publik @neohistoria_id Sate itu LAHIR DI PULAU JAWA. Inspirasinya memang dari kebab yg dibawa oleh pedagang Arab dan Muslim Tamil. Tapi orang Jawa memotong dagingnya kecil2 menusuknya pakai lidi bambu (bukan besi kayak kebab) lalu membakarnya dan MENCIPTAKAN SAUS KACANG dan SAUS KECAP yg manis gurih.","2048032811551236172","","KFachry23","in","","0","0","0","https://x.com/undefined/status/2048032811551236172","1452928148018905091",
"2048032747399364818","Sat Apr 25 13:33:52 +0000 2026","0","Anggota TNI asal Papua ini sudah tinggal di Jawa selama lima tahun dan pintar berbahasa Jawa. #PapuaNKRI #PapuaBangkit #PemerataanPembangunan #ekonomikuat #IndonesiaKuat https://t.co/df3zDg0UcL","2048032747399364818","https://pbs.twimg.com/ext_tw_video_thumb/2048032688263905281/pu/img/3b-QYghzA-5v4sdd.jpg","","in","","0","0","0","https://x.com/undefined/status/2048032747399364818","447666044",
"2048032743330910392","Sat Apr 25 13:33:51 +0000 2026","0","aku sih jawa sama sumatra ya","2048032743330910392","","","in","","0","0","0","https://x.com/undefined/status/2048032743330910392","823818536187375616",
"2048024540379553883","Sat Apr 25 13:33:25 +0000 2026","39","@radenrauf M31 178/72 Cowo straight gak ngerokok apalagi alkohol Asli jawa barat tapi budak korporat di PMA di BSD Hobby gym futsal denger podcast Nyari yg bisa diajak serius well educated bukan mencari penyembuh trauma masa lalu. Sedikit updated jga dgn politik di Indonesia https://t.co/VqXSx2dhHM","2048032633880531308","https://pbs.twimg.com/media/HGwS0uPa4AAd9Ye.jpg","radenrauf","in","","0","16","0","https://x.com/undefined/status/2048032633880531308","1897060294645678080",
"2048032445866635281","Sat Apr 25 13:32:40 +0000 2026","0","Perkuat Sinergi Satukan Langkah! ​Menghadiri Turba PWM Jawa Tengah di GDM Pemalang hari ini menjadi momentum penting bagi Kwartir Daerah Hizbul Wathan Pemalang untuk menyelaraskan visi dan memperkuat arah gerak organisasi. https://t.co/gOmfXtH5n2","2048032445866635281","https://pbs.twimg.com/media/HGwSp-ybkAAje20.jpg","","in","","0","0","0","https://x.com/undefined/status/2048032445866635281","1985328638292832256",
"2048032382637539837","Sat Apr 25 13:32:25 +0000 2026","0","Balai Bahasa Provinsi Jawa Tengah memberikan layanan Smara Muruhita berupa fasilitasi narasumber Peningkatan Kemahiran Berbahasa Indonesia di Dinas Pendidikan Kepemudaan dan Olahraga (Disdikpora) Kabupaten Kebumen pada Sabtu 25 April 2026. Kegiatan yang berlangsung di https://t.co/JcoebLiVlG","2048032382637539837","https://pbs.twimg.com/media/HGwRlv0aQAA5SBA.jpg","","in","","0","1","0","https://x.com/undefined/status/2048032382637539837","1082847985145237504",
"2047653766686761102","Sat Apr 25 13:32:15 +0000 2026","0","@susreigen @avocadofloat20 @cardigayn @rockstarzszz Yakan tweet lu mengimplikasikan ga ada bentuk rasisme samsek ke kulit putih so by ur own statement and logic ya statement jawa hama itu ga rasis","2048032341394927647","","susreigen","in","","0","0","0","https://x.com/undefined/status/2048032341394927647","1941882439967846401",
"2048032190618042698","Sat Apr 25 13:31:58 +0000 2026","0","Melindungi hak cipta dan merek adalah prioritas. Kemenkum Jabar terus memantau potensi pelanggaran KI di Jawa Barat dan memberikan pendampingan hukum bagi korban peniruan produk yang sudah terdaftar resmi. Kemenkum Jabar - Asep Sutandar.","2048032271232651519","","kemenkumjabar","in","","0","0","0","https://x.com/undefined/status/2048032271232651519","1177725229",
"2047960750283731275","Sat Apr 25 13:31:27 +0000 2026","0","@takbernadya Apalagi jawa kan","2048032140198371536","","takbernadya","in","","0","0","0","https://x.com/undefined/status/2048032140198371536","1682813922720743424",
"2047989444565930375","Sat Apr 25 13:31:23 +0000 2026","21","@zakiberkata Orang jawa besok siang https://t.co/d1MPWjRIbv","2048032125556023748","https://pbs.twimg.com/ext_tw_video_thumb/2048032104953659392/pu/img/Pc5Ee1jxltDUKPka.jpg","zakiberkata","in","","0","0","6","https://x.com/undefined/status/2048032125556023748","1440498227195699203",
"2048018372424839222","Sat Apr 25 13:31:09 +0000 2026","1","@KentLavis Sastra Indonesia Sastra Inggris Sastra Arab Sastra Jepang Sastra Rusia Sastra China Sastra Jawa Sastra Batak Sastra Melayu Yg gak ada masa depannya ini tutup aja apa ya","2048032065292206368","","KentLavis","in","","0","1","0","https://x.com/undefined/status/2048032065292206368","567887486",
"2048021956621185415","Sat Apr 25 13:30:53 +0000 2026","0","@cewegaIak @pjmylover @grenpyyy egiluy uda udah nyampai tanah jawa","2048031995943628869","","cewegaIak","in","","0","1","0","https://x.com/undefined/status/2048031995943628869","1448992297618530311",
"2048031837017260540","Sat Apr 25 13:30:15 +0000 2026","0","PIHAK kepolisian memastikan bahwa kabar mengenai penampakan pocong yang sempat menggegerkan warga Pasir Putih Kecamatan Sawangan Kota Depok Jawa Barat adalah berita bohong atau hoaks. Kepastian mengenai video pocong Depok yang hoaks ini didapat setelah jajaran Polres Metro","2048031837017260540","","","in","","0","0","0","https://x.com/undefined/status/2048031837017260540","68930552",
"2044339433387036995","Sat Apr 25 13:28:44 +0000 2026","0","@motherlander Mas kalau soal ilmu navigasi di jawa kuno (menentukan posisi dan arah mata angin) di jawa kuno gimana ya?","2048031456312672759","","motherlander","in","","0","1","0","https://x.com/undefined/status/2048031456312672759","1004393501696483330",
"2048008908900647302","Sat Apr 25 13:28:21 +0000 2026","1","@sunnyafterneun ADA JAWA JAWANYA GITU GASI","2048031358585557372","","sunnyafterneun","in","","0","0","0","https://x.com/undefined/status/2048031358585557372","2019699390940901376",
"2047653766686761102","Sat Apr 25 13:28:14 +0000 2026","0","@R0z33N4NT3 @avocadofloat20 @cardigayn @rockstarzszz iya tweet gua. r u illiterate or sum shit? lol strawman lagi. smua Jawa hama rasis tp g punya dampak sistemik. ga setara. ya ada aja orang 'rasis' ke orang bule tapi apakah setara dgn rasisme ke orng hitam? y kgk lah dafuq man. ga bs disamain. just like 'heterophobia'.","2048031332685787199","","R0z33N4NT3","in","","0","3","0","https://x.com/undefined/status/2048031332685787199","1464386225427648515",
"2048031243506503906","Sat Apr 25 13:27:53 +0000 2026","2","Pernah banget ngalamin kaya Si hatiku tertinggal d jawa jiwa ku di Sumatera HOMETOWN ROMANCE EP4 #คุณแฟนบ้านนอกEP4","2048031243506503906","","","in","","0","0","4","https://x.com/undefined/status/2048031243506503906","1955205968259899392",
"2047942919555084774","Sat Apr 25 13:27:22 +0000 2026","1","@Acarkrispi1 RIS pun hasil dekolonisasi Belanda yang menyatukan RI di Jawa &amp; Sumatera dng negara-negara bagian anggota BFO di bagian-bagian selebihnya Indonesia.","2048031112421859629","","sefkelik","in","","0","0","1","https://x.com/undefined/status/2048031112421859629","211150943",
"2048031019992031467","Sat Apr 25 13:27:00 +0000 2026","0","provinsi apa yang dedi mulyadi? Jawa barak xixixixi","2048031019992031467","","","in","","0","0","0","https://x.com/undefined/status/2048031019992031467","847105428756447232",
"2048006973325705407","Sat Apr 25 13:26:35 +0000 2026","0","@unknaiq yuyur aku yg ga di jawa aja ini seharian cuma pake puanassss polllll kipas ga berasa lagi","2048030915532898543","","unknaiq","in","","0","1","0","https://x.com/undefined/status/2048030915532898543","1720635726306631680",
"2048023577765740573","Sat Apr 25 13:26:35 +0000 2026","0","@anothercaac Kapan pulau jawa sama kalimantan dempet?","2048030914136195201","","anothercaac","in","","0","0","0","https://x.com/undefined/status/2048030914136195201","1251502530783109121",
"2048030553212174739","Sat Apr 25 13:25:09 +0000 2026","0","Cabang Dinas Pendidikan (Cabdin) Jawa Timur Wilayah Kabupaten Gresik resmi memperkenalkan EDUTRUST sebuah platform digital revolusioner untuk tata kelola pendidikan kemarin Jumat (23/4) di SMA Negeri 1 Manyar. https://t.co/AIqEk0GR6b","2048030553212174739","","","in","","0","0","0","https://x.com/undefined/status/2048030553212174739","594258945",
"2047254149352599874","Sat Apr 25 13:24:17 +0000 2026","0","@ferdidwjlnt Waktu naik bis semarang banjir belum ada tol trans jawa putar lewat alas roban yang temanggung itu pokoknya seat belakang teriak pak sopir pocong pak supir yg ngelihat 2 orang akhirnya pindah depan terus awalnya dangdutan ganti cak nun sampai rumah makan bisnya dicuci","2048030338572845400","","ferdidwjlnt","in","","0","0","0","https://x.com/undefined/status/2048030338572845400","749542889982603264",
"2046793615591014761","Sat Apr 25 13:24:01 +0000 2026","0","@samsungID Let s create Magical Photo dengan prompt: buat aku berada di candi Borobudur memakai baju adat khas jawa tengah. TADAA!! Magic happen with Photo Assist di #GalaxyS26Ultra #GalaxyAI #YouandAICan #MagicalwithS26Series","2048030271669420310","","samsungID","in","","0","0","0","https://x.com/undefined/status/2048030271669420310","1833672845953826817",
"2048019435630547437","Sat Apr 25 13:23:55 +0000 2026","0","@wonbinsawojajar Gw runtuhin jawa","2048030244553314530","","wonbinsawojajar","in","","0","0","0","https://x.com/undefined/status/2048030244553314530","1721328338747445248",
"2048029277053128809","Sat Apr 25 13:23:19 +0000 2026","0","Kemenkum Jabar berupaya menciptakan iklim usaha yang kondusif di Jawa Barat. Melalui penguatan Kekayaan Intelektual di Kab. Bandung kami memberikan kepastian hukum yang sangat dibutuhkan para investor lokal. Kemenkum Jabar - Asep Sutandar.","2048030093675823271","","kemenkumjabar","in","","0","0","0","https://x.com/undefined/status/2048030093675823271","1177725229",
"2048029857553014840","Sat Apr 25 13:22:23 +0000 2026","0","RYUL JAWA https://t.co/xX9heAGGKB","2048029857553014840","https://pbs.twimg.com/amplify_video_thumb/2048029796798758914/img/DYuxwoDsZXN1nXJ4.jpg","","in","","0","0","1","https://x.com/undefined/status/2048029857553014840","1100048135261310978",
"2048029733695504807","Sat Apr 25 13:21:53 +0000 2026","0","Tadi sekre gereja kedatangan 4 orang dari Belanda ditemani seorang guide. Mereka ceritanya napak tilas mengunjungi tempat2 yang pernah ditinggali oleh orangtua dan om tante mereka di Jawa. Ortu mereka dan sodara2nya semuanya lahir di Bandung blasteran belanda-sunda ...","2048029733695504807","","","in","","0","1","0","https://x.com/undefined/status/2048029733695504807","224579834",
"2048029570507714821","Sat Apr 25 13:21:14 +0000 2026","0","PRELOVED https://t.co/L2XzYHDQsy Komik Miiko edisi spesial -Kumpulan cerita terbaik (1~7) -Fan Book -Namaku Miiko -Miiko Cilik (reguler &amp; warna) harga semua 30k dom Depok Jawa Barat tags buku bacaan bekas murah original Jepang shoujo manga rare item ","2048029570507714821","","","in","","1","0","0","https://x.com/undefined/status/2048029570507714821","1491094591474663424",
"2047315677200150652","Sat Apr 25 13:21:08 +0000 2026","1","@mas_veel ya ampun semua guru SD orang jawa semuanya juga ngomong gitu di zaman gw tahun 1995 itu angkatan gw sebelumnya juga gituh saat Presiden Suharto jadi presiden seolah-olah pergaulan itu musti pada tau biar jangan kalah sama yang kelas wapres sby itu suatu saat nanti","2048029543886410181","","mas_veel","in","","0","1","1","https://x.com/undefined/status/2048029543886410181","1609201794525327361",
"2047633037152960746","Sat Apr 25 13:20:47 +0000 2026","0","@NUMEROUNO1718 @indepenSumatera Dah gausah bawa2 jawa kalau di sumatra banyak pejabat dan rakyat bangsat penindas saudara ny","2048029454216335773","","NUMEROUNO1718","in","","0","0","0","https://x.com/undefined/status/2048029454216335773","2033181344260636672",
"2048006574262849910","Sat Apr 25 13:20:45 +0000 2026","0","@yudhakhan_ Gampang lah bisa beli chef jawa. Mas koki https://t.co/IejFNiZa55","2048029448499495065","https://pbs.twimg.com/tweet_video_thumb/HGwP7FTawAA_hZq.jpg","yudhakhan_","in","","0","0","0","https://x.com/undefined/status/2048029448499495065","56070794",
"2048029414852907147","Sat Apr 25 13:20:37 +0000 2026","0","JAWA MODE PDI PERJUANGAN KAH? MERAH","2048029414852907147","","","in","","0","0","0","https://x.com/undefined/status/2048029414852907147","342544895",
"2047975344582611137","Sat Apr 25 13:20:36 +0000 2026","1","@Katakatahatiind Jawa logic","2048029410515923208","","Katakatahatiind","pl","","0","0","0","https://x.com/undefined/status/2048029410515923208","1170321440660262912",
"2048023764307415092","Sat Apr 25 13:19:45 +0000 2026","2","@OctaRolando KDM Jawa Barat?","2048029193892745553","","OctaRolando","in","","0","0","0","https://x.com/undefined/status/2048029193892745553","1495747302358917126",
"2047944896565465493","Sat Apr 25 13:19:40 +0000 2026","0","@aeriseepy kali ini gua setuju tolong bilangin kak segera realisasikan penyatuan jawa x kalimantan ini. terima kasih ","2048029176687665395","","aeriseepy","in","","0","0","0","https://x.com/undefined/status/2048029176687665395","1390462744814514179",
"1983454116807667980","Sat Apr 25 13:18:40 +0000 2026","0","@Quipar3 @innovacommunity Siap-siap aja akan dipenjarakan karena sudah melanggar UU ITE. Hapus segera akunmu NAMA : RAFI IZZATUL RIZQU FARIS DEPOK 28-11-2002 KOMPLEK RRI CIMANGGIS RT001/RW001 CISALAK SUKMAJAYA KOTA DEPOK JAWA BARAT SITI MARFIAH BELUM KAWIN","2048028921464287293","","Quipar3","in","","0","0","0","https://x.com/undefined/status/2048028921464287293","1957234680056684544",
"2048023779578888350","Sat Apr 25 13:18:19 +0000 2026","0","@_raaa0014 jauh bngtt aku di luar pulau jawa tapi makasih kakk rekomm nyaa nanti dicobain pas ke jkt","2048028837079027887","","_raaa0014","in","","0","0","0","https://x.com/undefined/status/2048028837079027887","1619931597872197634",
"2048028774286201079","Sat Apr 25 13:18:04 +0000 2026","0","Ricky Kambuaya menjadi bintang lapangan yang membawa Dewa United membungkam tuan rumah Madura United FC 2-1 dalam laga Super League di Stadion Gelora Bangkalan Jawa Timur Sabtu.https://t.co/jNtTvorEZQ","2048028774286201079","","","in","","0","0","0","https://x.com/undefined/status/2048028774286201079","423220305",
"2048010314592268637","Sat Apr 25 13:18:01 +0000 2026","0","@hnxxthvi Kak.... mengiri bgt bjir Knp pulak rumah gw paling selatan pulau jawa ","2048028760667291839","","hnxxthvi","in","","0","0","0","https://x.com/undefined/status/2048028760667291839","1282329136426434560",
"2047965767657021707","Sat Apr 25 13:17:54 +0000 2026","0","@rozanorov Makanya jangan Jawa","2048028731919520249","","rozanorov","in","","0","0","0","https://x.com/undefined/status/2048028731919520249","2023729915842179072",
"1983454116807667980","Sat Apr 25 13:17:12 +0000 2026","0","@Quipar3 @innovacommunity Mumpung masih ada kesempatan segera hapus tuh akunmu dalam pantauan pihak berwajib krn melanggar UU ITE NAMA : RAFI IZZATUL RIZQU FARIS DEPOK 28-11-2002 KOMPLEK RRI CIMANGGIS RT001/RW001 CISALAK SUKMAJAYA KOTA DEPOK JAWA BARAT SITI MARFIAH BELUM KAWIN","2048028555230232806","","Quipar3","in","","0","0","0","https://x.com/undefined/status/2048028555230232806","1952923470427254784",
"2048014678190903552","Sat Apr 25 13:16:21 +0000 2026","0","@hannalovjk pulau jawa merah membara akhir2 ini","2048028341689893277","","hannalovjk","in","","0","0","0","https://x.com/undefined/status/2048028341689893277","1709347125551824896",
"2048027934225740127","Sat Apr 25 13:16:01 +0000 2026","0","Kemenkum Jabar berkomitmen menjadikan Jawa Barat sebagai provinsi sadar Kekayaan Intelektual. Langkah awal di Kabupaten Bandung ini diharapkan menjadi inspirasi bagi daerah lain untuk melakukan hal serupa. Kemenkum Jabar - Asep Sutandar.","2048028257048809630","","kemenkumjabar","in","","0","0","0","https://x.com/undefined/status/2048028257048809630","1177725229",
"2047485360100487467","Sat Apr 25 13:15:20 +0000 2026","0","@KuwanaMSK @ekstasis_crane Samurai takut pada jawa","2048028086042792347","","KuwanaMSK","in","","0","0","0","https://x.com/undefined/status/2048028086042792347","2004059736975798272",
"2048028017331679734","Sat Apr 25 13:15:04 +0000 2026","0","Desa Sumberejo Kecamatan Sudimoro Kabupaten Pacitan Jawa Timur terus menunjukkan perkembangan positif melalui upaya optimalisasi potensi lokal yang dimilikinya. https://t.co/q3Naaf6nSO @AidilAKBAR","2048028017331679734","","","in","","0","0","0","https://x.com/undefined/status/2048028017331679734","1731964323566845952",
"2048028004128096594","Sat Apr 25 13:15:01 +0000 2026","4","- ikan lautnya juara!!! - masakannya enak2 pedes2 gurih. Pas balik ke Pulau Jawa makanan gurih di sini malah terasa manis - kaca belakang angkot digambar Bendera Israel bukan Palestina - Suka pesta! Anak ultah undang biduan anak masuk SMP gelar makan2 ","2048028004128096594","","","in","","0","1","0","https://x.com/undefined/status/2048028004128096594","1586599310572998656",
"2048027791690747971","Sat Apr 25 13:14:10 +0000 2026","0","Turun harga turun harga Bismillah laresssss #JerseyForSale England2008-2010 Excellent 750K Emyu AON 2011-2012 Excellent 750K Size: All XXL NEGOTIABLE nego sampai dealll FREE Ongkir Pulau Jawa-Bali Order/info https://t.co/GX8cRamZ61 /DM https://t.co/KL1OvJ6UN0","2048027791690747971","https://pbs.twimg.com/media/HGwOatibMAIzGFQ.jpg","","in","","0","0","0","https://x.com/undefined/status/2048027791690747971","77976639",
"2048027468725158136","Sat Apr 25 13:12:53 +0000 2026","2","Delapan tahun pengabdian sebagai bagian dari Paspampres tentu bukan waktu yang singkat ikatan emosional pun terbentuk kuat Gang Kutai Utara No 1 Sumber Banjarsari Solo Kota Surakarta Provinsi Jawa Tengah pada Selasa 21 April 2026. Mayor Inf Windra Sanur tampak menahan haru https://t.co/2lncvbxsze","2048027468725158136","https://pbs.twimg.com/ext_tw_video_thumb/2048027430372474880/pu/img/mHTLWUD-RRHeHYi3.jpg","","in","","0","1","0","https://x.com/undefined/status/2048027468725158136","1306988533",
"1983454116807667980","Sat Apr 25 13:12:28 +0000 2026","0","@Quipar3 @innovacommunity Gak usah banyak alasan hapus akun atau surat panggilan meluncur. Batas waktu 1x24 jam! NAMA : RAFI IZZATUL RIZQU FARIS DEPOK 28-11-2002 KOMPLEK RRI CIMANGGIS RT001/RW001 CISALAK SUKMAJAYA KOTA DEPOK JAWA BARAT SITI MARFIAH BELUM KAWIN","2048027361669738691","","Quipar3","in","","0","0","0","https://x.com/undefined/status/2048027361669738691","2038993980533186560",
"2048027329155477858","Sat Apr 25 13:12:20 +0000 2026","1","Aku pernah ngobrol dan bener² bikin lost interest. Oh Blitar ya? Jawa Tengah kan? Duh aku ngga ngerti dan ngga bisa ngebedain kota di Jawa ngga penting juga Wah.. bye.","2048027329155477858","","","in","","0","0","0","https://x.com/undefined/status/2048027329155477858","1921770704556765184",
"1983454116807667980","Sat Apr 25 13:11:22 +0000 2026","0","@Quipar3 @innovacommunity Segera tutup akun atau saya proses hukum malam ini. Sanksi ITE nggak main-main 1x24 jam! NAMA : RAFI IZZATUL RIZQU FARIS DEPOK 28-11-2002 KOMPLEK RRI CIMANGGIS RT001/RW001 CISALAK SUKMAJAYA KOTA DEPOK JAWA BARAT SITI MARFIAH BELUM KAWIN","2048027086481424747","","Quipar3","in","","0","0","0","https://x.com/undefined/status/2048027086481424747","2038991429775572992",
"2047976541603414406","Sat Apr 25 13:11:16 +0000 2026","1","@Ayinnarlesia Yin aku aja yang masih satu pulau di Jawa belum pernah ke comifuro ","2048027062229938534","","Ayinnarlesia","in","","0","0","0","https://x.com/undefined/status/2048027062229938534","1488356797190590466",
"2048027013005619296","Sat Apr 25 13:11:05 +0000 2026","0","gw dukung satukan kalimantan dan jawa pls","2048027013005619296","","","in","","0","0","0","https://x.com/undefined/status/2048027013005619296","1830942891025502208",
"2048002145535090727","Sat Apr 25 13:10:39 +0000 2026","0","@cavante_ nasib nasib yang tinggal diluar pulau jawa ","2048026905727914001","","cavante_","in","","0","1","0","https://x.com/undefined/status/2048026905727914001","1648687720460587016",
"2048026747359433145","Sat Apr 25 13:10:01 +0000 2026","8","Jawa tulen yg benci Islam.","2048026747359433145","","","in","","0","1","5","https://x.com/undefined/status/2048026747359433145","55501012",
"2047858156282511725","Sat Apr 25 13:07:53 +0000 2026","0","@WidasSatyo Tol trans jawa itu sangat berpengaruh untuk menekan biaya logistik kata siapa malah makin mahal? Karena ada tol trans jawa paket reguler dr surabaya ke jakarta jadi hanya 24 jam sampai dulu bisa 3 hari memang apa yang lebih mahal di dunia ini drpd waktu?","2048026210861830339","","WidasSatyo","in","","0","0","0","https://x.com/undefined/status/2048026210861830339","1997134474950451200",
"2047681132859465779","Sat Apr 25 13:07:16 +0000 2026","0","@bagindo_kopi @setkabgoid ini kalo dalam bahasa jawa disebut kere munggah bale ","2048026052669129142","","bagindo_kopi","in","","0","0","0","https://x.com/undefined/status/2048026052669129142","2024320870567858176",
"2047828978493497785","Sat Apr 25 13:07:04 +0000 2026","1","@Andria75777 @Muslim_AntiPKI9 Sekedar info dia punya 3 rumah satu di kota Solo satu di kab. sukoharjo dan satu di kab. Kendal yg semua di wilayah provinsi Jawa Tengah","2048026003281510873","","Andria75777","in","","0","0","0","https://x.com/undefined/status/2048026003281510873","1655362632180985857",
"2048025961531318438","Sat Apr 25 13:06:54 +0000 2026","0","takoyaki jawa. the only decent food here https://t.co/HgXdxXABvR","2048025961531318438","https://pbs.twimg.com/media/HGwMv0FbAAELkes.jpg","","en","","0","1","0","https://x.com/undefined/status/2048025961531318438","909828611200319488",
"2047264314114093378","Sat Apr 25 13:06:36 +0000 2026","0","@khanifirsyad aku dan mentemen dan juga lagi belajar aksara meskipun awalnya karena tugas... tapi justru dari situ kita sadar pelestarian aksara jawa penting siapa lagi yang mau melestarikan kalo bukan anak mudanya sendiri (?) https://t.co/9fFVoiBtQh","2048025885442482588","https://pbs.twimg.com/media/HGwMsHubwAA1IWv.jpg","khanifirsyad","in","","0","0","0","https://x.com/undefined/status/2048025885442482588","1479044300415508480",
"2048025752306885109","Sat Apr 25 13:06:04 +0000 2026","0","Nobody: Malays: jawa jawa jawa jawa jawa https://t.co/Lotc5M7tqd","2048025752306885109","https://pbs.twimg.com/amplify_video_thumb/2033114868505571328/img/9EgkiB1xx78bgKYG.jpg","","in","","0","0","0","https://x.com/undefined/status/2048025752306885109","1800451267749449728",
"2048018371325948063","Sat Apr 25 13:05:54 +0000 2026","0","@luxcifwer Nah itu bukan tergantung amal ibadah. Tergantung hoki aja kalau gak hoki ya dapetnya emas emas jawa","2048025708979683455","","luxcifwer","in","","0","0","0","https://x.com/undefined/status/2048025708979683455","633599184",
"2047824650709893258","Sat Apr 25 13:05:37 +0000 2026","1","@SigitWasito8 maaf ya..dg mayoritas suku..dn pendidikan masyarakat Indonesia... dmn dominan suku jawa. . ya bgmpun capres diluar suku jawa sulit utk jadi.. apalagi setelah dirusak seluruh sendi2x bernegara oleh dajjal jawa","2048025638263759074","","SigitWasito8","in","","0","0","0","https://x.com/undefined/status/2048025638263759074","1603519410584817665",
"2048025635453644883","Sat Apr 25 13:05:36 +0000 2026","19","sebenarnya ga usah gaduh soal makanan tapi karena memang ayam gepuk ini asalnya dari Indonesia+ malaysia anti Indonesia so mereka akan buat alasan panjang agar terkesan ayam gepuk is bad. memburukkan cita rasa suku lain (jawa) ga akan membuat negaramu (malaysia) lebih baik.","2048025635453644883","","","in","","0","1","2","https://x.com/undefined/status/2048025635453644883","2038528909516378112",
"2048025597277073880","Sat Apr 25 13:05:27 +0000 2026","2","Plat B itu ada di Jawa loh. Biasanya kan dihubungkan ke Jawa sama admin nih tumben sekali untuk cuitan ini gak dikaitkan ","2048025597277073880","","","in","","0","0","0","https://x.com/undefined/status/2048025597277073880","1220019150585643009",
"2047988332941230252","Sat Apr 25 13:05:23 +0000 2026","0","@aetherisse Itu memang jokesnya patang puluh patang. Jadi gini Sayangku. Bahasa Jawa 44 itu patang puluh papat tapi karena ada orang yang belum paham banget dia bikin video dan tanya sama orang Jawa patang puluh patang viral deh itu. Jadilah jokes sampai sekarang.","2048025582026600774","","aetherisse","in","","0","1","0","https://x.com/undefined/status/2048025582026600774","903864392017518592",
"2048024540379553883","Sat Apr 25 13:05:19 +0000 2026","2","@radenrauf Mau ngobrol sama mas mas non jawa. Hmu!!","2048025565509423542","","radenrauf","in","","0","1","0","https://x.com/undefined/status/2048025565509423542","1970058152",
"2048025491135926552","Sat Apr 25 13:05:02 +0000 2026","11","JEMBATAN CANGAR Mitos Jembatan Cangar telah lama menjadi bagian dari cerita rakyat yang beredar di kawasan perbatasan Kota Batu dan Kabupaten Mojokerto Jawa Timur. ( Thread ) https://t.co/Xc4OVbvYIA","2048025491135926552","https://pbs.twimg.com/ext_tw_video_thumb/2048025315231006720/pu/img/VBUyFcYIrroa8pvV.jpg","","in","","2","2","2","https://x.com/undefined/status/2048025491135926552","1100609875",
"2048025425058889988","Sat Apr 25 13:04:46 +0000 2026","0","Kantor Perwakilan Bank Indonesia Provinsi Jawa Timur mempersembahkan Pameran Museum Bersama 2026: Women of Light. Jelajahi 3 zona spesial yang menghadirkan koleksi dari Museum Kartini Museum Nasional Indonesia hingga Museum Bank Indonesia. https://t.co/tdh4gSAx4u","2048025425058889988","https://pbs.twimg.com/media/HGwMQ-BaEAAX_Up.jpg","","in","","0","1","0","https://x.com/undefined/status/2048025425058889988","1569962529178402817",
"2048025399167496400","Sat Apr 25 13:04:40 +0000 2026","0","Yg Diluar jawa cuma cuma Senyum senyum aja udah","2048025399167496400","","","in","","0","0","0","https://x.com/undefined/status/2048025399167496400","1070997315643572226",
"2048024955405939030","Sat Apr 25 13:02:55 +0000 2026","0","Bantuan pembangunan rumah apung tersebut hasil kolaborasi antara Pemerintah Provinsi Jawa Tengah Pemerintah Kabupaten Demak dan Bank Jateng. ---------- Baca Berita Terpercaya lainnya di https://t.co/gWEjMt5krv","2048024960921383308","","suaramerdeka","in","","0","0","0","https://x.com/undefined/status/2048024960921383308","219527452",
"2048024955405939030","Sat Apr 25 13:02:54 +0000 2026","0","Pemprov Jawa Tengah terus menggulirkan bantuan pembangunan rumah apung bagi warga terdampak bencana rob di Kabupaten Demak. #suaramerdeka #gubernurjateng #ahmadluthfi #wagubjateng #tajyasin #humasjateng #rumahapung #demak #rob https://t.co/f4W7xmLWmD","2048024955405939030","https://pbs.twimg.com/amplify_video_thumb/2048024419487092736/img/3-rK9_JWM3VpSoea.jpg","","in","","0","1","0","https://x.com/undefined/status/2048024955405939030","219527452",
"2047704371958538360","Sat Apr 25 13:02:51 +0000 2026","0","@BumiAltair @yogiadipras @sosmedkeras Luar jawa menyimak hehe","2048024942575497493","","BumiAltair","in","","0","0","0","https://x.com/undefined/status/2048024942575497493","194111263",
"2047944896565465493","Sat Apr 25 13:02:39 +0000 2026","0","@aeriseepy LUCU BGTTTT TP JANGAN GEPENGIN PLSSS SOALNYA GUE JAWA ","2048024890947899884","","aeriseepy","in","","0","0","0","https://x.com/undefined/status/2048024890947899884","1667804039726399490",
"2048024522667012522","Sat Apr 25 13:02:30 +0000 2026","1","Kemenkum Jabar hadir memperkuat ekosistem Kekayaan Intelektual di wilayah Jawa Barat. Dengan koordinasi intensif di Kab. Bandung kita bangun benteng hukum bagi karya-karya kreatif masyarakat kita sendiri. Kemenkum Jabar - Asep Sutandar.","2048024854339985708","","kemenkumjabar","in","","0","0","0","https://x.com/undefined/status/2048024854339985708","1177725229",
"2048024849826840612","Sat Apr 25 13:02:29 +0000 2026","0","Ceweknya cantik² jujur karena gw kalok pulang kesana ke rumah keluarga besar mama emang lebih putih² Tapi...gw bersyukur lahir di jawa ketimbang lahir disana Parah men aseli. Apalagi masuk pasar Tomohon ","2048024849826840612","","","in","","0","0","0","https://x.com/undefined/status/2048024849826840612","1504627720915132416",
"2048024623321866358","Sat Apr 25 13:01:35 +0000 2026","0","Kantor Perwakilan Bank Indonesia Provinsi Jawa Timur mempersembahkan Pameran Museum Bersama 2026: Women of Light. Jelajahi 3 zona spesial yang menghadirkan koleksi dari Museum Kartini Museum Nasional Indonesia hingga Museum Bank Indonesia. https://t.co/LBvCFU8r4A","2048024623321866358","https://pbs.twimg.com/amplify_video_thumb/2048024434435641344/img/P_BeTq-Dm7QiWLP1.jpg","","in","","0","1","0","https://x.com/undefined/status/2048024623321866358","1569962529178402817",
"2048024213349630312","Sat Apr 25 12:59:57 +0000 2026","0","kenapa jadi kayak orang JAWA","2048024213349630312","","","in","","0","0","0","https://x.com/undefined/status/2048024213349630312","354245519",
"2047969232823144669","Sat Apr 25 12:59:46 +0000 2026","0","@kopidansenjaa jawa adalah kunci","2048024165291356456","","kopidansenjaa","in","","0","0","0","https://x.com/undefined/status/2048024165291356456","1394281787036078081",
"2047978889520238938","Sat Apr 25 12:59:06 +0000 2026","0","@Toothlessjaywon Gakuat bahasa jawa tb tb ","2048023997963739169","","Toothlessjaywon","in","","0","1","0","https://x.com/undefined/status/2048023997963739169","1651755692649496577",
"2048023743939879421","Sat Apr 25 12:58:05 +0000 2026","0","Tdi nonton makuake terus ku nyalain auto translation nya trs kuubah ke bhs jawa ngakak bgt help berasa banget lokalnya hahahhaha https://t.co/OaJU1Qxofu","2048023743939879421","https://pbs.twimg.com/media/HGwKvZib0AAu9N6.jpg","","in","","0","0","0","https://x.com/undefined/status/2048023743939879421","3303418976",
"2047575356190945545","Sat Apr 25 12:56:55 +0000 2026","0","@rfkzul asal muasal di sebut asam gimana ceritanya? dimana² pun asalkan asam pasti disebut asam jawa","2048023447851467248","","rfkzul","in","","0","0","0","https://x.com/undefined/status/2048023447851467248","1751762469528420352",
"2048023422245171568","Sat Apr 25 12:56:48 +0000 2026","1","Nggak ada ASAP klo ga ada api Di Jawa nafasmu bau menyan dan berkabut Surau kau sudah lautan ","2048023422245171568","","","in","","0","0","0","https://x.com/undefined/status/2048023422245171568","2033799047514099712",
"2048023378381115398","Sat Apr 25 12:56:38 +0000 2026","7","Jawa Timur serasa di Padang gurun Hot is not publik","2048023378381115398","","","in","","0","1","0","https://x.com/undefined/status/2048023378381115398","1445092285826297863",
"2048006022896455961","Sat Apr 25 12:56:25 +0000 2026","0","@enambinar kolesom (ginseng jawa) &gt;&lt; 'Talinum triangulare' yang bisa adaptasi di suhu tinggi","2048023325386199431","","enambinar","in","","0","2","0","https://x.com/undefined/status/2048023325386199431","1977360428801110016",
"2048002145535090727","Sat Apr 25 12:56:10 +0000 2026","0","@byuberriess kalimantan tapi kuliah di jawa kamuuu ???","2048023261473341920","","byuberriess","in","","0","1","0","https://x.com/undefined/status/2048023261473341920","1439653379257487360",
"2048023129986076767","Sat Apr 25 12:55:39 +0000 2026","0","jawa goreng","2048023129986076767","","","in","","0","1","0","https://x.com/undefined/status/2048023129986076767","1470788052884733954",
"2048023099820679632","Sat Apr 25 12:55:32 +0000 2026","4","Sastra Indonesia Sastra Inggris Sastra Arab Sastra Jepang Sastra Rusia Sastra China Sastra Jawa Sastra Batak Sastra Melayu Alias FIB tutup aja kalau gitu.","2048023099820679632","","","in","","0","1","0","https://x.com/undefined/status/2048023099820679632","567887486",
"2048023035962400880","Sat Apr 25 12:55:16 +0000 2026","0","tbtb pgn nikah adat jawa","2048023035962400880","","","in","","0","0","0","https://x.com/undefined/status/2048023035962400880","1944939354637656065",
"2048023001564868637","Sat Apr 25 12:55:08 +0000 2026","0","Leluhur Jawa lebih tua dari pada jawara Betawi Ajining diri Ono ing lathi Deso mowo Toto Nek Ra biso ditoto luwih apik pindah Negoro https://t.co/l8O7REVdoM","2048023001564868637","https://pbs.twimg.com/media/HGwKEMrbAAA8Dpx.png","","in","","0","0","0","https://x.com/undefined/status/2048023001564868637","2033799047514099712",
"2047610534305128582","Sat Apr 25 12:55:06 +0000 2026","3","@tehoaisdua @kincaireview @UdaShafiq Kenapa dengan beras? Di Jawa itu lumbung beras nasional.","2048022990751936935","","tehoaisdua","in","","0","2","0","https://x.com/undefined/status/2048022990751936935","1846800619786719233",
"2047996965775192387","Sat Apr 25 12:54:40 +0000 2026","0","@idextratime Di Eropa coba hidup di Jawa Timur. Isuk sego bungkus kopi racik + sebat surya. Awan sego padang dadar + paru. Bengi sego Bebek purnama.","2048022883008749863","","idextratime","in","","0","1","0","https://x.com/undefined/status/2048022883008749863","965952567380357120",
"2047990028589203748","Sat Apr 25 12:54:38 +0000 2026","0","@AzzamIzzulhaq Kata org jawa kalo kebelet berak tapi jauh dari wc umum suruh ngantongin batu. Mungkin itu tujuannya.","2048022874058015120","","AzzamIzzulhaq","in","","0","0","0","https://x.com/undefined/status/2048022874058015120","1428275108930457604",
"2048021645676499005","Sat Apr 25 12:53:33 +0000 2026","1","Kemenkum Jabar menegaskan komitmennya dalam menjaga setiap jengkal Kekayaan Intelektual di Jawa Barat. Audiensi dengan Pemkab Bandung adalah bagian dari perjalanan panjang pelindungan aset daerah kita. Kemenkum Jabar - Asep Sutandar.","2048022600681738297","","kemenkumjabar","in","","0","0","0","https://x.com/undefined/status/2048022600681738297","1177725229",
"2047710383637701083","Sat Apr 25 12:52:28 +0000 2026","0","@ze44405 enaknya pny go yang se dom apa daya luar jawa ini","2048022329356321228","","ze44405","in","","0","0","0","https://x.com/undefined/status/2048022329356321228","1550840046042828800",
"2047915821650121026","Sat Apr 25 12:52:28 +0000 2026","0","@MariaAlkaff_ Lawan China udah pasti kalah telak. jika hari ini Beijing mengirim rudal² balistik hipersonik ke kota² di Jawa sudah dapat dipastikan tidak bisa dicegat. Ironisnya tidak satu butir peluru dari TNI @Puspen_TNI mampu menjangkau China. https://t.co/wd7bpdAdng","2048022328211309014","https://pbs.twimg.com/amplify_video_thumb/2048022228990849024/img/isZoAqzgeUP6JZMN.jpg","MariaAlkaff_","in","","0","0","1","https://x.com/undefined/status/2048022328211309014","1488839355351597057",
"2048022275065348503","Sat Apr 25 12:52:15 +0000 2026","1","...artinya akan dibagikan ke korem kodim &amp; koramil yg ada di seluruh jawa timur...","2048022275065348503","","","in","","0","0","0","https://x.com/undefined/status/2048022275065348503","388798201",
"2048022266374652215","Sat Apr 25 12:52:13 +0000 2026","0","Mas-mas jawa tan skin bisa roll depan belakang. Udh mulai berubah dari : -turu menjadi bobo -mangan menjadi maem Yok jadian massss","2048022266374652215","","","in","","0","0","0","https://x.com/undefined/status/2048022266374652215","1587745271823278080",
"2048022216382804011","Sat Apr 25 12:52:01 +0000 2026","2"," NOBAR Live Streaming ARIRANG Tour in Busan &amp; 13th BTS Anniversary with ARMY PONOROGO Sabtu 13 Juni 2026 REDGO CAFE Sebrang Luwes Jl. Kh. Ahmad Dahlan No.91 Hasanudin Nologaten Kec. Ponorogo Kabupaten Ponorogo Jawa Timur 63411 15.00 WIB - Selesai https://t.co/T039XUN4D2","2048022216382804011","https://pbs.twimg.com/media/HGwJVvCbEAADTWZ.jpg","","in","","1","1","1","https://x.com/undefined/status/2048022216382804011","1110004507973292032",
"2028800912286986530","Sat Apr 25 12:51:57 +0000 2026","1","@kimjeonbap Sii Io inii astaghfirullah iihhh...dulu smpet sakit cacar / campak nggak si kak @kimjeonbap ?? Disembur pake aee asem jawa nggak diaa??? ","2048022199530054007","","kimjeonbap","in","","0","1","0","https://x.com/undefined/status/2048022199530054007","1272014364631904256",
"2047969232823144669","Sat Apr 25 12:51:03 +0000 2026","0","@kopidansenjaa Jawa pundi mas?","2048021974426022235","","kopidansenjaa","in","","0","0","0","https://x.com/undefined/status/2048021974426022235","1477281289782714371",
"2048021645638713828","Sat Apr 25 12:49:45 +0000 2026","0","@Waanning km setuju aku runtuhin indonesia supaya bisa memersatukan jawa dan bali","2048021645638713828","","Waanning","in","","0","2","0","https://x.com/undefined/status/2048021645638713828","4761364034",
"2047700531595104269","Sat Apr 25 12:49:26 +0000 2026","0","@masakpartikelir Yess this alasan suka nasgor di jawa tengah","2048021567775580249","","masakpartikelir","in","","0","0","0","https://x.com/undefined/status/2048021567775580249","202501611",
"2047956277066883331","Sat Apr 25 12:47:55 +0000 2026","0","@romance_wrath Nggak ada euy. Cuman ada disertasi Pullen dan Sandra SS (terkait Jawa Kuno)","2048021185259307407","","romance_wrath","in","","0","1","0","https://x.com/undefined/status/2048021185259307407","118363988",
"2047627503825785227","Sat Apr 25 12:47:50 +0000 2026","0","@lostranslation5 @ishkaratoji834 Makanya perlu ada paksaan mau gak mau lagi pula itu lokal bisa nego kalau mau kayak tol jawa","2048021164841427176","","lostranslation5","in","","0","1","0","https://x.com/undefined/status/2048021164841427176","1886581890498662400",
"2048008820585292168","Sat Apr 25 12:47:40 +0000 2026","4","@youn77ungwest saran gw buat @chicc00wild pindah ke jakarta aj jangan di jawa ok?","2048021122550263935","","youn77ungwest","in","","0","1","0","https://x.com/undefined/status/2048021122550263935","802782058556760064",
"2047624048163885170","Sat Apr 25 12:46:11 +0000 2026","0","@MsPiazon @skupreme Sun di jawa entah bagian mana tuh artinya cium kalo disun jadinya dicium ","2048020750205149598","","MsPiazon","in","","0","0","0","https://x.com/undefined/status/2048020750205149598","1925417817031278593",
"2048005257112998046","Sat Apr 25 12:45:39 +0000 2026","5","@rosesareblue219 Pulau jawa pun masih harus war berdarah kak mawar ‍️","2048020614372639098","","rosesareblue219","in","","0","1","0","https://x.com/undefined/status/2048020614372639098","1302985458918420480",
"2047990411961209013","Sat Apr 25 12:45:37 +0000 2026","0","ㅤ Perlahan Ezy memiringkan kepala. Matanya mengerjap tiga kali sebuah kebiasaan yang ia warisi dari ibunya yang orang Jawa dari lontaran pertanyaan Roxy. Wait. You re not joking. I don t remember you at all Ezy menggeleng pelan. ㅤ","2048020607946903940","","ezkeno","in","","0","1","0","https://x.com/undefined/status/2048020607946903940","4821141148",
"2048020267059052593","Sat Apr 25 12:44:16 +0000 2026","0","WTS // WANT TO SELL Tamagotchi Paradise Purple Sky Tamagotchi Uni Pink Rose note: pemakaian baru 3 bulan sudah include case &amp; perintilan lainnya box masih ada Surabaya Jawa Timur : Price DM inc biaya packing ready kamar exc biaya adm oren 3% https://t.co/jGvrtD4kgJ","2048020267059052593","https://pbs.twimg.com/media/HGwHjU7bAAAJ4-c.jpg","","in","","0","0","0","https://x.com/undefined/status/2048020267059052593","1276796485875625989",
"2048019313475662316","Sat Apr 25 12:43:59 +0000 2026","0","bgtu mmg org jawa bgtu mmg org jawa nyenye rasis","2048020195147674001","","turuuzzzz","in","","0","0","0","https://x.com/undefined/status/2048020195147674001","1369059309854728193",
"2048020181558124672","Sat Apr 25 12:43:56 +0000 2026","0","WTS // WANT TO SELL Tamagotchi Paradise Purple Sky Tamagotchi Uni Pink Rose note: pemakaian baru 3 bulan sudah include case &amp; perintilan lainnya box masih ada Surabaya Jawa Timur : Price DM inc biaya packing ready kamar exc biaya adm oren 3% https://t.co/DGuCoYrghs","2048020181558124672","https://pbs.twimg.com/media/HGwHf8SboAAoSiL.jpg","","in","","0","0","0","https://x.com/undefined/status/2048020181558124672","1276796485875625989",
"2048020134015733894","Sat Apr 25 12:43:44 +0000 2026","0","jeongwoo mengaku org jawa","2048020134015733894","","","in","","0","0","0","https://x.com/undefined/status/2048020134015733894","1842140346249269248",
"2048020087408603191","Sat Apr 25 12:43:33 +0000 2026","16","Gak dzikir indonesia sama jawa sehari aja lu kena diabetes ya nyet wkwkwkwk Warga elu yang kecanduan gepuk kena lagi ke indo lagi jawa lagi wkwkwkwk. Warga elu aja kaga demen foodslop makanan lu sendiri bagian kecanduan makanan indo lu lagi yang ngamuk tolol. Wkwkwkwk","2048020087408603191","","","in","","0","2","0","https://x.com/undefined/status/2048020087408603191","1796136307925901312",
"2047944896565465493","Sat Apr 25 12:42:49 +0000 2026","0","@aeriseepy kabarin kalo pulau jawa udah disatuin ma kalimantan ya kak","2048019900766302553","","aeriseepy","in","","0","0","0","https://x.com/undefined/status/2048019900766302553","1152945879931691008",
"2048018771517071669","Sat Apr 25 12:42:36 +0000 2026","0","Tim Kemenkum Jabar terus melakukan pemetaan komprehensif di Jawa Barat. Kabupaten Bandung menjadi fokus karena keberagaman potensi Kekayaan Intelektualnya yang perlu segera mendapatkan perlindungan hukum negara. Kemenkum Jabar - Asep Sutandar.","2048019844881334353","","kemenkumjabar","in","","0","0","0","https://x.com/undefined/status/2048019844881334353","1177725229",
"2048008820585292168","Sat Apr 25 12:42:03 +0000 2026","0","@youn77ungwest Jawa kebakar woy @chicc00wild","2048019706968473871","","youn77ungwest","in","","0","1","0","https://x.com/undefined/status/2048019706968473871","2041328279014006785",
"2048010447513948495","Sat Apr 25 12:41:08 +0000 2026","0","@prjncesseuss + jawa = kunci bahagia","2048019478014001369","","prjncesseuss","in","","0","0","0","https://x.com/undefined/status/2048019478014001369","1935714494661156864",
"2048014459223032193","Sat Apr 25 12:40:41 +0000 2026","0","@gomerjava Kirain jawa","2048019362414759978","","gomerjava","in","","0","1","0","https://x.com/undefined/status/2048019362414759978","3301814735",
"2048019354131059120","Sat Apr 25 12:40:39 +0000 2026","0","jgnkan di jawa sini di Kalimantan baru jam 10 pagi matahari nyengatnya udh nauzubillah. gw pake baju lengan ¼ jalan 5 menitan di outdoor sampe rumah udah merah bgt + pedih tu lengan","2048019354131059120","","","in","","0","0","0","https://x.com/undefined/status/2048019354131059120","3256666824",
"2048019294043390131","Sat Apr 25 12:40:24 +0000 2026","0","Menurut Kalender Jawa karena tahun ini tahun Dal mana tanggal 1 Sura jatuh hari Jumat Kliwon maka tanggal 1 Dulhijah rumusnya adalah Jah Pat Ji artinya tanggal 1 Dulhijah jatuh pada Hari papat (4) mulai Jumat yaitu Senin pasaran siji (1) mulai Kliwon yaitu Kliwon.","2048019294043390131","","","in","","1","0","1","https://x.com/undefined/status/2048019294043390131","1975316822",
"2047829219754000680","Sat Apr 25 12:31:44 +0000 2026","0","@AKUANAKWATAN @MyJAKIM Asam jawa dapat bola tanggung. Puuh lain macam","2048017112405574087","","AKUANAKWATAN","in","","0","0","0","https://x.com/undefined/status/2048017112405574087","588024874",
"2047956277066883331","Sat Apr 25 12:31:36 +0000 2026","2","@dpffhwl Kalau dari kronologi pengenalan baju (atasan) Jawa Kuno (awalnya untuk pemimpin ritual dulu) mulai awal abad ke-10. Kemungkinan Sumatra juga sama.","2048017079736115676","","dpffhwl","in","","2","0","0","https://x.com/undefined/status/2048017079736115676","118363988",
"2047470511148646613","Sat Apr 25 12:30:45 +0000 2026","0","@mongjey Ak senyum Jawa kayak Timo","2048016863704309902","","mongjey","in","","0","0","0","https://x.com/undefined/status/2048016863704309902","1552789587507834880",
"2047989444565930375","Sat Apr 25 12:30:22 +0000 2026","0","@zakiberkata Merah artinya berani Jawa warna merah artinya","2048016766199328836","","zakiberkata","in","","0","0","0","https://x.com/undefined/status/2048016766199328836","765190362365173760",
"2048016612092211210","Sat Apr 25 12:29:46 +0000 2026","0","Asal-Usul dan Budaya Nasi Lemak: Sudah dikenal sejak abad ke-19 di semenanjung malaya. Menjadi resmi sebagai hidangan nasional malaysia Nasi Uduk: Merupakan ikon kuliner Betawi di Jakarta. Nasi uduk adalah hasil akulturasi budaya yg lebih kompleks antara Melayu Jawa dan","2048016616815022238","","mahakersa","in","","0","1","0","https://x.com/undefined/status/2048016616815022238","1645760230398242816",
"2048016236538392694","Sat Apr 25 12:28:15 +0000 2026","1","budget ku 0 rupiah ke Karimun Jawa https://t.co/pz3f66S7g7","2048016236538392694","https://pbs.twimg.com/media/HGwD5_Ea0AAk3sW.jpg","","in","","0","0","0","https://x.com/undefined/status/2048016236538392694","1087256834447048705",
"2048016161653358773","Sat Apr 25 12:27:57 +0000 2026","0","tolong pepetin jawa barat dan sumatera barat @doiminus","2048016161653358773","","","in","","0","0","0","https://x.com/undefined/status/2048016161653358773","3163934618",
"2048015951166308837","Sat Apr 25 12:27:23 +0000 2026","0","Aku jawa","2048016018493329916","","M2O48","in","","0","0","0","https://x.com/undefined/status/2048016018493329916","1531864581240664064",
"2048015962310676634","Sat Apr 25 12:27:10 +0000 2026","0","Udah nabung niatnya mau dibeliin emas tapi mau nunggu harga emas turun. Eh bukannya turun malah makin naik. Lama lama gue cari mas mas jawa aja timbang ngejar emas yg makin melambung itu","2048015962310676634","","","in","","0","0","0","https://x.com/undefined/status/2048015962310676634","1558272447694401536",
"2048015896556470626","Sat Apr 25 12:26:54 +0000 2026","0","Adem dengernya..harta tahta lagu jawa https://t.co/jKJOIV5Cqi","2048015896556470626","https://pbs.twimg.com/ext_tw_video_thumb/2048015871084552192/pu/img/HqWdI8jF12TnQlIY.jpg","","in","","0","0","0","https://x.com/undefined/status/2048015896556470626","1388665994848047106",
"2047989444565930375","Sat Apr 25 12:26:46 +0000 2026","0","@zakiberkata Keknya di jawa satu orng 1 matahari deh","2048015860837790085","","zakiberkata","in","","0","0","0","https://x.com/undefined/status/2048015860837790085","1344480767812853760",
"2047653766686761102","Sat Apr 25 12:26:31 +0000 2026","2","@R0z33N4NT3 wajar aja kalo yg ngomong gitu perantau atau org dari luar jawa yg daerahnya ga se privilege jawa. lain hal kalo misalnya yg ngomong itu org kulit putih esp dutch. liat nuance sama relasi kuasanya lah","2048015799114498078","","R0z33N4NT3","in","","0","0","0","https://x.com/undefined/status/2048015799114498078","1986817651864481792",
"2048015399166566700","Sat Apr 25 12:24:56 +0000 2026","0","yailah ngadepin panasnya jawa + kelakuan pemerintah","2048015399166566700","","","in","","0","0","0","https://x.com/undefined/status/2048015399166566700","897231595178000386",
"2048015346314236321","Sat Apr 25 12:24:43 +0000 2026","0","minat bgt sama fanmerch itu krna kerasa sekali jawanya tpi kenapa lah aksara jawanya ga bener ‍‍‍ ywdh babay semoga ada yg lain yg jawanya sangat jawa ‍‍‍","2048015346314236321","","","in","","0","0","0","https://x.com/undefined/status/2048015346314236321","1799638403635671040",
"2048011947308974369","Sat Apr 25 12:24:13 +0000 2026","0","@callmekilaa AAMIIN YA ALLAH MAU BGT nasib luar jawa #MesaberInteraksi Mesa di Interaksi","2048015219797131317","","callmekilaa","in","","0","2","0","https://x.com/undefined/status/2048015219797131317","1812536446617788416",
"2048001799127453948","Sat Apr 25 12:24:04 +0000 2026","0","@Sali1288794 @ikh_nad Aksara Jawa kak #MesaberInteraksi Mesa di Interaksi","2048015184095273173","","Sali1288794","in","","0","0","0","https://x.com/undefined/status/2048015184095273173","1949340519060127744",
"2047999076344717683","Sat Apr 25 12:23:29 +0000 2026","0","@pocketwwatch Lah lah lah kalau dri kita kamu ke CF nya susah sih harus nyari temen klu gak berani. Tapi aku kmren liat di fesnuk ada open trip daerah jawa tengah tau","2048015034291499072","","pocketwwatch","in","","0","1","0","https://x.com/undefined/status/2048015034291499072","1565184138117754880",
"2048014925570953638","Sat Apr 25 12:23:03 +0000 2026","0","Di jawa panas. Di beberapa sumatera hujan","2048014925570953638","","","in","","0","0","0","https://x.com/undefined/status/2048014925570953638","1782411186014912512",
"2048014801557942722","Sat Apr 25 12:22:33 +0000 2026","0","PLN UIT Jawa Bagian Tengah bersama mitra kerja meneguhkan komitmen penerapan Contractor Safety Management System (CSMS) sebagai langkah strategis memperkuat budaya K3 dan HSSE di seluruh lini operasional. https://t.co/IT0l9ycEfp","2048014801557942722","https://pbs.twimg.com/media/HGwChhfbgAAIbfM.jpg","","in","","0","1","0","https://x.com/undefined/status/2048014801557942722","1073347895611527168",
"2048014743919853577","Sat Apr 25 12:22:19 +0000 2026","0","jangan tanya keadaan ak skrg eos mng tp ak nya diluar Jawa https://t.co/Hv3AsXgqdB","2048014743919853577","https://pbs.twimg.com/tweet_video_thumb/HGwCjK1boAA_izw.jpg","","in","","0","0","0","https://x.com/undefined/status/2048014743919853577","1634102524776153089",
"2048013189359775833","Sat Apr 25 12:16:09 +0000 2026","0"," want to sell / wts Doll Baozi 10cm Han Noah Photocard Bbuu https://t.co/Y51265rbpn Malang Jawa Timur Keep event/split pay/full co oren #warungplave #jajanplave https://t.co/bkCq2pPTh1","2048013189359775833","https://pbs.twimg.com/media/HGwBIjmawAEC6Uw.jpg","","in","","1","2","0","https://x.com/undefined/status/2048013189359775833","861547670900359168",
"2047533271236669752","Sat Apr 25 12:15:41 +0000 2026","0","@Pingping_here Wahhh terimakasih kak rekomendasinya tapi kejauhan kak saya di jawa timur ","2048013072640725396","","Pingping_here","in","","0","0","0","https://x.com/undefined/status/2048013072640725396","1702943217262735360",
"2048013071558557893","Sat Apr 25 12:15:41 +0000 2026","0","Filsafat sastra jawa arkeologi dll bakal tutup?","2048013071558557893","","","in","","0","0","0","https://x.com/undefined/status/2048013071558557893","55969790",
"2047692216647508019","Sat Apr 25 12:15:36 +0000 2026","1","@gavnipb adat jawa yah ka ray","2048013050197033440","","gavnipb","in","","0","1","0","https://x.com/undefined/status/2048013050197033440","1769510221263839232",
"2048002145535090727","Sat Apr 25 12:15:23 +0000 2026","0","@jyamanpark luar jawa ‍️","2048012997130654179","","jyamanpark","in","","0","0","0","https://x.com/undefined/status/2048012997130654179","1439653379257487360",
"2047863021981294593","Sat Apr 25 12:14:50 +0000 2026","0","@makjority jawa kok gue","2048012858592813484","","SweetlyDamned","in","","0","0","0","https://x.com/undefined/status/2048012858592813484","719969064291069952",
"2048011840089973094","Sat Apr 25 12:14:20 +0000 2026","0","@hwan_noona18 kalo dia beneran orang jawa betulan tak kejer terus tak seret ke pelaminan","2048012734357455167","","hwan_noona18","in","","0","1","0","https://x.com/undefined/status/2048012734357455167","1799699464422293504",
"2048012590069199273","Sat Apr 25 12:13:46 +0000 2026","0","hey.. orang jawa bukan berarti bisa bahasa jawa huft.. ","2048012590069199273","","","in","","0","0","0","https://x.com/undefined/status/2048012590069199273","1489304438",
"2048012547220238558","Sat Apr 25 12:13:36 +0000 2026","153","[FRIENDSHIP APPLICATION] Name: ryu/go:P Age: early twenty Occupation: college student of english Domicile: luar jawa dah alias di sumatra Zodiac: ️ Aquarius Height: 170 probably?? Hobby: take a nap and listening to music Fun fact: naturally funny (told by someone) https://t.co/RiCrqugU3M","2048012547220238558","https://pbs.twimg.com/amplify_video_thumb/2048012476802068480/img/ZYWjH1JvpaRF7dDs.jpg","","en","","0","13","2","https://x.com/undefined/status/2048012547220238558","1318454980160806914",
"2048012119388663967","Sat Apr 25 12:11:54 +0000 2026","1","Masih ada kok yg tertarik untuk belajar aksara Jawa. Adalah termasuk saya. Semua tata tulisnya kupelajari bahkan aksara Jawa Kuno pun kuladeni.","2048012119388663967","","","in","","0","0","0","https://x.com/undefined/status/2048012119388663967","1396903655400382467",
"2048011878920847845","Sat Apr 25 12:10:56 +0000 2026","4","setuju banget sama ini.. kalo bisa dari tiap pulau besar - sumatra kalimantan jawa sulawesi papua","2048011878920847845","","","in","","0","1","1","https://x.com/undefined/status/2048011878920847845","2596583762",
"2048011840089973094","Sat Apr 25 12:10:47 +0000 2026","13","Untung aja dia orang korea... Bayangin aja kalau dia orang jawa trus nikah pake baju adat solo basahan https://t.co/IPpCr4mo40","2048011840089973094","https://pbs.twimg.com/media/HGv_6fbbEAA2OOp.jpg","","in","","0","1","1","https://x.com/undefined/status/2048011840089973094","1633680463096328193",
"2047998851458781198","Sat Apr 25 12:10:14 +0000 2026","0","@icebananalatte niu lu org jawa bagian mana niu","2048011703032701242","","icebananalatte","in","","0","0","0","https://x.com/undefined/status/2048011703032701242","1421753429483876353",
"2047953343428149693","Sat Apr 25 12:10:09 +0000 2026","7","@batemanexoxo @Lost_Ataraxia Jowa Jawa. Bilang siapa namanya orang Jawa itu banyak apalagi yang sudah kawin campur dengan ethnis lain juga banyak. Ya orang Jawa nasionalis bukan facist!","2048011682224738590","","batemanexoxo","in","","0","1","0","https://x.com/undefined/status/2048011682224738590","1846800619786719233",
"2048002145535090727","Sat Apr 25 12:09:49 +0000 2026","0","@cavante_ nasib menjadi army luar pulau jawa ","2048011596098888172","","cavante_","in","","0","1","0","https://x.com/undefined/status/2048011596098888172","1832335856738430980",
"2047927180085362866","Sat Apr 25 12:09:29 +0000 2026","0","@daesoocake @zakariamlk Tomat rebus wortel rebus kentang rebus sup nasi kuning soto Banjar + soto jawa nasi goreng telur dadar roti abon ayam goreng selada jamur kuping jamur kancing jamur Enoki jamur tiram kopi susu air putih susu almond risol mayo es krim tahu udang keripik singkong jagung pakcoy","2048011510971339087","","daesoocake","in","","0","0","0","https://x.com/undefined/status/2048011510971339087","2008827427099992064",
"2048011436669207025","Sat Apr 25 12:09:11 +0000 2026","1","utamanya pendidikan dan kesehatan sih di + infrastruktur (khusus luar pulau jawa). harus diutamakan yg diluar pulau jawa (atau yg termasuk daerah 3T)","2048011436669207025","","","in","","0","1","0","https://x.com/undefined/status/2048011436669207025","1558835092008873985",
"2048001455932518655","Sat Apr 25 12:08:58 +0000 2026","1","@Diplomat_01 Lmao duk su suka jawa Mallam wannan matsalar + he's an overly arrogant man. Yes he has his pros but overall he would have best served as the 'Governors friend' than being a counsellor. Go check the shameful housing model he delivered at Millenium city Namadi's looked better!","2048011383644504508","","Diplomat_01","en","","0","0","0","https://x.com/undefined/status/2048011383644504508","214784352",
"2047997248097882476","Sat Apr 25 12:07:31 +0000 2026","0","@owyulkwon gua ss ya jadiin banner segede pulau jawa","2048011016135663620","","owyulkwon","in","","0","1","0","https://x.com/undefined/status/2048011016135663620","2046042234806784000",
"2048011008669851871","Sat Apr 25 12:07:29 +0000 2026","0","ak cari mas mas jawa km aa aa sunda ya li @sephoraolly","2048011008669851871","","","in","","1","0","0","https://x.com/undefined/status/2048011008669851871","1468860723254022147",
"2047653766686761102","Sat Apr 25 12:07:28 +0000 2026","0","@susreigen @avocadofloat20 @cardigayn @rockstarzszz By your logic gak rasis samsek karena ga ada penindasan sistemik ke org jawa bahkan mayoritas ruling class kita jawa","2048011007147356469","","R0z33N4NT3","in","","0","1","0","https://x.com/undefined/status/2048011007147356469","1941882439967846401",
"2047857843068633162","Sat Apr 25 12:05:29 +0000 2026","0","@uhehkrok @brobromeow Semua pendatang kecuali org asli ada kebanyakan puak dari Jawa &amp;; Sumatra saya sopan bukan mcm anjing kurang ajar nak label kaum. Pergi la syiok sendiri. Knp minda lemah &amp; mengidap penyakit inferiority kompleks?","2048010504808132957","","uhehkrok","in","","0","1","0","https://x.com/undefined/status/2048010504808132957","1834128719549792256",
"2047891063281730017","Sat Apr 25 12:05:05 +0000 2026","0","@textfromalter Sby barat hadir ka jawa too haha","2048010406804045923","","textfromalter","in","","0","0","0","https://x.com/undefined/status/2048010406804045923","1251156448572137473",
"2048010394086858766","Sat Apr 25 12:05:02 +0000 2026","0","tmnku yg kuliah di jawa maw menghabiskan libur semester dgn keliling jawa... me maw ikut tpi belum bisa ","2048010394086858766","","","in","","0","1","0","https://x.com/undefined/status/2048010394086858766","1905599187133366274",
"2048008820585292168","Sat Apr 25 12:05:00 +0000 2026","0","@m44dswild kl jawa semerah itu sumatera udh dark red maroon","2048010383626273075","","m44dswild","in","","0","1","0","https://x.com/undefined/status/2048010383626273075","4641511692",
"2048003441155620904","Sat Apr 25 12:04:42 +0000 2026","0","@5kuromi When yes bisa keluar Jawa","2048010309634548128","","5kuromi","in","","0","0","0","https://x.com/undefined/status/2048010309634548128","1947129408701267968",
"2047956277066883331","Sat Apr 25 12:04:28 +0000 2026","0","@motherlander Silpin kerajaan Jawa jos jos Kabeh hormat untuk kalian Mbah !","2048010250012475759","","motherlander","in","","0","0","0","https://x.com/undefined/status/2048010250012475759","1962895722577346561",
"2048003251711484370","Sat Apr 25 12:03:53 +0000 2026","0","@HarrisCainee Siapapun jemput aku buat ke pulau jawa biar deket kesananyaaaaa","2048010103325098016","","HarrisCainee","in","","0","0","0","https://x.com/undefined/status/2048010103325098016","1892079680146243587",
"2047653766686761102","Sat Apr 25 12:03:09 +0000 2026","0","@susreigen @avocadofloat20 @cardigayn @rockstarzszz Klo gw ngomong seluruh jawa hama itu rasis apa ngga","2048009918062739904","","susreigen","in","","0","2","0","https://x.com/undefined/status/2048009918062739904","1941882439967846401",
"2047612955924238448","Sat Apr 25 12:02:44 +0000 2026","0","Wts skin1004 new ori Cleansing oil 200ml on pict include all jawa barat Split = harga berubah https://t.co/IQJ80Bj90A","2048009812869591069","https://pbs.twimg.com/media/HGv-EDPbsAAgrHu.jpg","HEER0FUMI","en","","1","1","0","https://x.com/undefined/status/2048009812869591069","1669665414299926528",
"2047944896565465493","Sat Apr 25 12:01:45 +0000 2026","0","@aeriseepy setuju kak ratain aja biar aku bisa motoran jawa kalimantan juga","2048009565032284176","","aeriseepy","in","","0","0","0","https://x.com/undefined/status/2048009565032284176","1505971904405860352",
"2047981294005661789","Sat Apr 25 12:01:31 +0000 2026","0","@Stakof Nemu nasi goreng pakai kecap cuma di Jawa awalnya kaget banget. Pas kejawa timur lah malah pakai saos juga","2048009506127577416","","Stakof","in","","0","0","0","https://x.com/undefined/status/2048009506127577416","1192838759273746432",
"2048009450024571146","Sat Apr 25 12:01:17 +0000 2026","7","Pernah ada pasien ngeluh kok pelayanan tes HIV Bandung nggak kayak jakarta. Intinya bilang puskesmas jakarta lebih better dari fasilitas nakes dll Yak aku bilang. Beda daerah beda kebijakan beda fasilitas nggak bisa disamaratakan Yg di jawa barat aja banyak yg rela jauh","2048009450024571146","","","in","","0","1","0","https://x.com/undefined/status/2048009450024571146","83809930",
"2048001996251402554","Sat Apr 25 12:00:43 +0000 2026","0","@saxbat :) org makasar mix jawa gini","2048009306977841587","","saxbat","in","","0","1","0","https://x.com/undefined/status/2048009306977841587","2020898360602099712",
"2047904182598819928","Sat Apr 25 12:00:38 +0000 2026","0","@8flome @lalicyi @zengshunx1 KENAPA KALIAN SEMUA JAWA ","2048009287273000969","","8flome","in","","0","2","0","https://x.com/undefined/status/2048009287273000969","2279136042",
"2047904182598819928","Sat Apr 25 12:00:24 +0000 2026","0","@lalicyi @zengshunx1 @8flome OKEH NANTI MINTTT KALO AKU KE SBY AKU INFO KITA MITAP LALU BELAJAR AKSARA JAWA BERSAMA ","2048009228338839873","","lalicyi","in","","0","1","0","https://x.com/undefined/status/2048009228338839873","2279136042",
"2048009159128522876","Sat Apr 25 12:00:08 +0000 2026","0","Butuh kalender Jawa Juli 2029? Cek detail &amp; cari hari baikmu di sini! Bagikan ke teman biar semua tahu! ️ +https://t.co/d9JpHgaFnW #enkosa #kalender-online #kalenderenkosa","2048009159128522876","","","in","","0","0","0","https://x.com/undefined/status/2048009159128522876","315960846",
"2047812837330841666","Sat Apr 25 12:00:06 +0000 2026","18","@bertoalberto_ Tadi tanya chatgpt belerang itu sulfur apa bukan ternyata itu sama. Dulu pernah cacar trus pergi ke jawa ke tempat yang ada air sulfurnya. Langsung berubah muka gue di tempat lol jadi lebih bersih. Coba aja kalo rutin mungkin bisa banyak benefit lainnya.","2048009151532397036","","bertoalberto_","in","","0","1","0","https://x.com/undefined/status/2048009151532397036","1308682292563329024",
"2047889514434089051","Sat Apr 25 11:59:21 +0000 2026","0","@yappingfess Aku orang jawa lebih suka pakai tulisan lengkap soalnya hurufnya cuman 3 contoh: KON COK ASU","2048008961614590256","","yappingfess","in","","0","0","0","https://x.com/undefined/status/2048008961614590256","2582197532",
"2047677628833042869","Sat Apr 25 11:58:43 +0000 2026","0","@Txtdariiugm Kalo emang wali9 gada ya agama seluruh jawa sekarang itu hindu/Buddha/animisme/dinamisme orang tapal kuda bahasanya bukan full madura tapi full osing/jawa Tengger gada pesantren gada kejadian kelam 98 gada gus2an gada kerajaan demak islam. dan kalo emg ada nyali bikin ribut","2048008804433010851","","Txtdariiugm","in","","0","1","0","https://x.com/undefined/status/2048008804433010851","1818063346316562432",
"2048008634865791232","Sat Apr 25 11:58:03 +0000 2026","0","KDM Ajak Sumedang Kembali ke Masa Kejayaan Gubernur Jawa Barat Dedi Mulyadi (KDM) mendorong Kabupaten Sumedang untuk kembali meraih masa kejayaannya dengan memperkuat identitas budaya ekonomi lokal dan kualitas sumber daya manusia... https://t.co/Xu1qmXY2M9","2048008634865791232","","","in","","0","0","0","https://x.com/undefined/status/2048008634865791232","1163117800010866689",
"2048008566657925371","Sat Apr 25 11:57:47 +0000 2026","0","Gak ada sesama orang malaysia yang negur orang ini tiba-tiba rasis ke jawa ya. Lu kalo gak suka sama masakan tetangga tinggal ga dimakan aja gak ada yang nyelundupin juga njir. Lu banyak gak suka sama tetangga tapi bbrp hal tetep lu konsumsi dan di saat bersamaan menghina juga","2048008566657925371","","","in","","0","0","0","https://x.com/undefined/status/2048008566657925371","2037409917468913664",
"2047956277066883331","Sat Apr 25 11:56:28 +0000 2026","4","@KosmaMago Songket Palembang hanya sebagai pembanding saja tapi di Jawa Kuno memang ada tradisi tenun dengan tambahan motif benang emas","2048008238734713009","","KosmaMago","in","","1","1","0","https://x.com/undefined/status/2048008238734713009","118363988",
"2047942901494370744","Sat Apr 25 11:56:16 +0000 2026","0","@NenkMonica Gak bisa komentar apa2 Kate gak ngerti bahasa Jawa","2048008188533047354","","NenkMonica","in","","0","0","0","https://x.com/undefined/status/2048008188533047354","1921221097032478720",
"2047699230828187802","Sat Apr 25 11:55:37 +0000 2026","1","@ardisatriawan @block_no3 Kayaknya setelah baca argumen nya coba bandingkan deh lebih mudah mana menanam padi dengan menanam/memproses tumbuhan pangan pokok asli daerah sana. Karena bisa jadi padi baru beneran mudah ditanam di Jawa perlu beberapa dekade. Terus apakah jadinya sulit?","2048008023281651862","","ardisatriawan","in","","0","0","0","https://x.com/undefined/status/2048008023281651862","1287900937923645440",
"2048007941442400708","Sat Apr 25 11:55:18 +0000 2026","0","Jawa sepanas itu soalnya api cemburu gua membara","2048007941442400708","","","in","","0","0","0","https://x.com/undefined/status/2048007941442400708","1226568185048002560",
"2048007879647694965","Sat Apr 25 11:55:03 +0000 2026","0","Breadlin enak banget.. gak pernah ngecewain kue-kuenya. Breadlin sama Istana Mie dan Es ini wajib banget sih buka cabang di mana mana gak cuma di Kebumen atau Jawa Tengah aja.","2048007879647694965","","","in","","0","0","0","https://x.com/undefined/status/2048007879647694965","1498732508904505346",
"2047878795819163732","Sat Apr 25 11:54:44 +0000 2026","0","@Jakehoonfrvr @itslove23_ bisa dipake belanja di alfa indo jg bokap gue pake flazz bca soalnya waktu itu isi buat tol ke jawa taunya kebanyakan ngisinya jadi dibelanjain sisanya","2048007802468421637","","Jakehoonfrvr","in","","0","1","0","https://x.com/undefined/status/2048007802468421637","1912031709060907008",
"2048005143908712645","Sat Apr 25 11:54:32 +0000 2026","0","@letvaltype Barat kodepos 16431 KC DEPOK MARGONDA 1 yang berlokasi di Yayasan Al Hamidiyah Jl. Raya Sawangan Km.2 No. 12 Pancoranmas Depok Jawa Barat. Atau kakak dapat mendatangi Mesin ATM wilayah Bogor yaitu KCP DEPOK SAWANGAN SARI PLAZA pada wilayah RS RUMAH SEHAT TERPADU (2/5)","2048007750186393947","","bankbsi_id","in","","0","1","0","https://x.com/undefined/status/2048007750186393947","141500996",
"2048005143908712645","Sat Apr 25 11:54:32 +0000 2026","0","@letvaltype Assalamualaikum kak Letvaltype Terima kasih atas ketertarikannya terhadap produk Bank Syariah Indonesia untuk mesin ATM setor tunai wilayah Depok kakak dapat mendatangi KC DEPOK MARGONDA 1 yang berlokasi di Ruko Depok Mas Blok A1-2 Jl. Margonda Raya No. 42 Depok Jawa (1/5)","2048007748613480458","","letvaltype","in","","0","2","0","https://x.com/undefined/status/2048007748613480458","141500996",
"2047939921571410213","Sat Apr 25 11:54:13 +0000 2026","2","@Akikin160 Kalau ikut Wikipedia Indonesia even diorang pun setuju pengaruhnya dari Melaka. Cuma ada satu pembezaan penting antara kebaya Melayu &amp; Jawa. Kebaya Melayu memang ambik konsep abaya sebab Melaka memang pusat Islam sebab tu labuh. Kebaya Jawa pula sepadukan kemban &amp; kebaya..","2048007669072675215","","Akikin160","in","","0","3","1","https://x.com/undefined/status/2048007669072675215","1247462449722212358",
"2048007480673005939","Sat Apr 25 11:53:28 +0000 2026","0","Makan sate atau bakmi jawa yhh? ","2048007480673005939","","","in","","0","1","0","https://x.com/undefined/status/2048007480673005939","1222541570068475910",
"2047677628833042869","Sat Apr 25 11:53:26 +0000 2026","3","@BobiZuhdi18363 @Txtdariiugm Lah wong walisongo itu lebih ke arah islam pesisir kok masih aja nyalahin mataram lu liat tradisi soal walisongo itu lebih banyak di pantura daripada di jawa selatan khususnya jogja. Zaman sebelumnya lagi (majapahit) banyak praktik bhairawa tantra yg aura mistisnya kuat.","2048007475123855449","","BobiZuhdi18363","in","","0","0","0","https://x.com/undefined/status/2048007475123855449","1939718912473755648",
"2047989444565930375","Sat Apr 25 11:53:09 +0000 2026","0","@zakiberkata sore tadi jawa timur hujan deres","2048007403200008554","","zakiberkata","in","","0","0","0","https://x.com/undefined/status/2048007403200008554","1570422845167267842",
"2047967601704517665","Sat Apr 25 11:51:57 +0000 2026","0","@tempodotco Maksudnya industri apa sih? Trus kalau spt sastra Jawa gitu mungkin ga ada industrinya bakal ditutup?","2048007101289820549","","tempodotco","in","","0","0","0","https://x.com/undefined/status/2048007101289820549","1885370832291323911",
"2048007033270751348","Sat Apr 25 11:51:41 +0000 2026","0","stress bgt gwehj rasanya mau traveling keliling jawa","2048007033270751348","","","in","","0","0","0","https://x.com/undefined/status/2048007033270751348","1216971008709541888",
"2047863021981294593","Sat Apr 25 11:51:36 +0000 2026","0","@SweetlyDamned gk jawa gak sih","2048007012081099047","","SweetlyDamned","in","","0","0","0","https://x.com/undefined/status/2048007012081099047","1989703653603880960",
"2048005871897358788","Sat Apr 25 11:51:17 +0000 2026","1","Apa2 hal pun identiti moden Johor yang menjadi asas identiti moden Melayu bukan semata2 dipengaruhi Barat malah terdapat pelbagai pengaruh seperti pengaruh politik Islam dari Uthmaniyyah pengaruh tradisi keilmuan Islam dari Pulau Jawa dan tradisi persuratan Melayu dari Riau.","2048006933173678432","","FitriTukimin","in","","0","0","0","https://x.com/undefined/status/2048006933173678432","1220262716557758465",
"2048006913196216724","Sat Apr 25 11:51:12 +0000 2026","32","Dini hari yang harusnya tenang malah jadi tegang Sekitar jam 01.00 seorang pria kepergok warga saat diduga hendak mengambil kotak amal di masjid wilayah Puger Jember Jawa Timur. Sempat kabur dari kejaran tapi yang bikin geleng kepala sekitar satu jam kemudian ia justru https://t.co/qsikkPmQlC","2048006913196216724","https://pbs.twimg.com/ext_tw_video_thumb/2048006891008380928/pu/img/GFy1_JfQbKxlT1Hg.jpg","","in","","0","0","9","https://x.com/undefined/status/2048006913196216724","1282751327588585473",
"2047953343428149693","Sat Apr 25 11:51:01 +0000 2026","3","@Lost_Ataraxia jelas ada yaitu warga lokal sumatera dan kalimantan itu sendiri kami sudah muak dengan parpol Jawa yang tidak mendengar suara kami paham kau?","2048006864965865491","","Lost_Ataraxia","in","","0","1","0","https://x.com/undefined/status/2048006864965865491","1784172438701678592",
"2047302015408275717","Sat Apr 25 11:29:34 +0000 2026","0","@mufti_sunan @ALTheDiscreet @HadithFajri Betul bahkan sejak zaman Jawa Kuno kata ibu bisa digunakan untuk panggilan perempuan umum tidak selalu orang tua. https://t.co/ubFKWTF47E","2048001467920101777","https://pbs.twimg.com/media/HGv2e06bQAEVks-.jpg","mufti_sunan","in","","0","0","0","https://x.com/undefined/status/2048001467920101777","1396903655400382467",
"2047954051288158630","Sat Apr 25 11:29:24 +0000 2026","0","@quecfy @0tk0il Ini videonya dari Klaten Jawa Tengah. Banyak rumah di kampung tepi sungai/selokan di sana yang mirip gini. Cocok buat yang suka hidup deket air tapi rawan banjir ya. ","2048001424798224445","","quecfy","in","","0","0","0","https://x.com/undefined/status/2048001424798224445","1720665183188922368",
"2047983056653602852","Sat Apr 25 11:29:10 +0000 2026","1","@AmeruNomi WKWK aku jg gabisa bhs jawa tp untungnya aku di kota geplak ae pala bapaknya","2048001368447963194","","AmeruNomi","in","","0","0","0","https://x.com/undefined/status/2048001368447963194","1504806293814808579",
"2047967601704517665","Sat Apr 25 11:29:07 +0000 2026","0","@tempodotco RIP Sastra Jawa","2048001355034583167","","tempodotco","in","","0","0","0","https://x.com/undefined/status/2048001355034583167","1826794387436961796",
"2047951248817832358","Sat Apr 25 11:27:24 +0000 2026","1","@takitaro2 Btw mereka muslim di pulau Jawa yang terkenal moderat tapi level moderat dalam Islam tetap ada keinginan islamisasi tapi dengan cara berbeda dengan isis dan Al-Qaeda.","2048000922496962809","","takitaro2","in","","0","0","0","https://x.com/undefined/status/2048000922496962809","1846778537518551043",
"2047994679187390638","Sat Apr 25 11:26:03 +0000 2026","0","@lucksmithwitz HAHAHAHA sorry. aku rasa 80% mootsku ngira aku org jakarta malah . tp aku emg lmyn rutin bolak balik jawa since i got loads of fams throughout the island","2048000583957987639","","lucksmithwitz","in","","0","0","0","https://x.com/undefined/status/2048000583957987639","2035665416534843392",
"2047955390240014456","Sat Apr 25 11:25:11 +0000 2026","0","@jengkolholic Dulu pas covid aku sering explore tempat terbengkalai di Jawa timur - Bali sendirian tapi gapernah nemu penampakan ","2048000364130209920","","jengkolholic","in","","0","0","0","https://x.com/undefined/status/2048000364130209920","769577024943894528",
"2048000125826637972","Sat Apr 25 11:24:14 +0000 2026","1","#WargiPengayoman sinergi untuk prestasi Jawa Barat kembali hadir melalui kolaborasi penuh energi! Kantor Wilayah Kementerian Hukum Jawa Barat menyelenggarakan Live Podcast Ngopi Pagi bersama Persib Bandung pada Senin 27 April 2026. Bertempat di Persib Store Official https://t.co/dcjGcoNJ5a","2048000125826637972","https://pbs.twimg.com/media/HGv1N_KbgAACqSa.jpg","","in","","0","0","0","https://x.com/undefined/status/2048000125826637972","1177725229",
"2047998112770507205","Sat Apr 25 11:23:53 +0000 2026","0","@butterluscious Kalo kata orang jawa namanya numplek","2048000038232809919","","butterluscious","in","","0","1","0","https://x.com/undefined/status/2048000038232809919","1554193554695528448",
"2048000001427874261","Sat Apr 25 11:23:44 +0000 2026","0","hari ini bpku bilek Jawa emang sepanas ini kah biasanya? ","2048000001427874261","","","in","","0","0","0","https://x.com/undefined/status/2048000001427874261","1050738076228538368",
"2047586222269169793","Sat Apr 25 11:23:00 +0000 2026","1","@kgakwaras @CentroLeaks Many companies headquarters are there too its definitely Pulau Jawa","2047999814869389345","","kgakwaras","en","","0","0","0","https://x.com/undefined/status/2047999814869389345","1220117334121041922",
"2047999603417686400","Sat Apr 25 11:22:10 +0000 2026","2","Polda Jawa Timur melalui Ditpolairud Polda Jatim menggelar konferensi pers terkait pengungkapan tindak pidana penyalahgunaan pengangkutan dan niaga bahan bakar minyak jenis bio solar (BBM bersubsidi) Kamis (23/04/26). https://t.co/TEawij9hg5","2047999603417686400","https://pbs.twimg.com/amplify_video_thumb/2047999434630516736/img/6irKJM5VA_Z0MKso.jpg","","in","","0","1","0","https://x.com/undefined/status/2047999603417686400","1444824442954137603",
"2047514178714472917","Sat Apr 25 11:21:20 +0000 2026","0","@DoruyDx @rkzegion @Monk_of_The_534 @tilehopper Semua sejarah bangsa juga gitu. Karena ini masalah jawa maka ini emang masalah internal atau perang saudara doang. Justru bagus mataram yang menguasai karena lebih mempertahankan sekaligus mengadaptasikan budaya jawa ke dalam perkembangan model zaman itu. Yang heran itu indonesia","2047999397150310903","","DoruyDx","in","","0","1","0","https://x.com/undefined/status/2047999397150310903","1765992034249396224",
"2047993744440668304","Sat Apr 25 11:21:20 +0000 2026","0","@ahnurdiin Trans jawa pokoke","2047999396697280957","","ahnurdiin","in","","0","0","0","https://x.com/undefined/status/2047999396697280957","1672665926439956481",
"2047994907688931837","Sat Apr 25 11:20:59 +0000 2026","0","@racunsiwi Makan pake sendok meskipun orang jawa tapi terbiasa pake sendok NETJJ WITH BEWITCHED #NetJJBWSpecialTime","2047999307291505150","","racunsiwi","in","","0","1","0","https://x.com/undefined/status/2047999307291505150","1937922093129338881",
"2047948349190619415","Sat Apr 25 11:20:10 +0000 2026","0","@PaidoCalcio @unmagnetism Ini lagi masalahin adat. Ga harus jadi Jawa buat memakai adat Jawa. Lagian filosofi nya banyak dan ga melanggar aturan. Sah sah aja","2047999102773072173","","PaidoCalcio","in","","0","0","0","https://x.com/undefined/status/2047999102773072173","1446613148019027970",
"2047959033358008378","Sat Apr 25 11:19:37 +0000 2026","0","@cheryiees banyakin like rt akun lngshot sekalian posting ttg lngshot kak abis ini lngshot ikut award buat pertama kalinya lumayan juga buat naikin lngshot jg hehehhe maaf meracuni kalo kata orang jawa biar gak spaneng","2047998962230304773","","cheryiees","in","","0","1","0","https://x.com/undefined/status/2047998962230304773","1951311965302751236",
"2047996135827247385","Sat Apr 25 11:19:04 +0000 2026","0","@mytshical bs bhs jawa gk","2047998825940578636","","mytshical","in","","0","1","0","https://x.com/undefined/status/2047998825940578636","1910174721095991296",
"2047998823277134074","Sat Apr 25 11:19:04 +0000 2026","0"," rts and likes are appreciated &lt;3 ꩜ Open Order ganci rajut miffy tinggal kirim .ᐟ.ᐟ 𖦹 bahan velvet 𖦹 ukuran segenggam tangan Nganjuk Jawa Timur https://t.co/yIPY7dek9h #wts #wtb #zonajajan https://t.co/tj3XnK2mqM","2047998823277134074","https://pbs.twimg.com/ext_tw_video_thumb/2047998769661464576/pu/img/K9qMbnYRfwwn45qF.jpg","","in","","1","0","0","https://x.com/undefined/status/2047998823277134074","960095030",
"2047627503825785227","Sat Apr 25 11:18:17 +0000 2026","0","@Penghuluikan @kevinkamerad Joke kuli Jawa teruji dengan nampilin gambar candi itu berdasarkan kisah nyata","2047998629550710866","","Penghuluikan","in","","0","0","0","https://x.com/undefined/status/2047998629550710866","1962895722577346561",
"2047941133716869190","Sat Apr 25 11:18:02 +0000 2026","0","@buffnohlim Gak mau kumpul sama matahari Jawa.","2047998565000401267","","buffnohlim","in","","0","1","0","https://x.com/undefined/status/2047998565000401267","794396512818077696",
"2047673256937947602","Sat Apr 25 11:17:29 +0000 2026","0","@AyaniMel Turunan jawa","2047998425267056659","","AyaniMel","in","","0","0","0","https://x.com/undefined/status/2047998425267056659","462712765",
"2047522040266342631","Sat Apr 25 11:17:14 +0000 2026","0","@fourluzz @scrnsyt Standar kabupaten kecil jawa","2047998361798914139","","fourluzz","in","","0","0","0","https://x.com/undefined/status/2047998361798914139","1778018717265510400",
"2047998125613383681","Sat Apr 25 11:16:21 +0000 2026","0","Gak cuma di Jawa investasi kini makin merata ke pelosok negeri berkat program hilirisasi. Meski kondisi global tidak menentu Indonesia tetap jadi pilihan utama para investor untuk tanam modal dan dukung transformasi ekonomi yang lebih kuat. 🇮🇩 #InvestasiMerata https://t.co/uFlbVhUAdp","2047998140117328262","https://pbs.twimg.com/media/HGvzcuqbUAAA0LU.jpg","indonesiago_id","in","","0","0","0","https://x.com/undefined/status/2047998140117328262","1166311360898072577",
"2047998100233736670","Sat Apr 25 11:16:17 +0000 2026","0","Pengungkapan kasus ini sekaligus menegaskan komitmen Polda Jawa Tengah untuk terus memberantas kejahatan ekonomi lintas negara khususnya penyelundupan kendaraan bermotor guna melindungi masyarakat serta menjaga stabilitas perekonomian nasional.","2047998124996902921","","poldajateng_","in","","0","0","0","https://x.com/undefined/status/2047998124996902921","2558329639",
"2047998100233736670","Sat Apr 25 11:16:11 +0000 2026","3","Polda Jateng Bongkar Sindikat Ekspor Ilegal Lintas Negara Selundupkan Ribuan Unit Motor ke Timor Leste Polda Jateng-Kota Semarang | Direktorat Reserse Kriminal Khusus Polda Jawa Tengah mengungkap praktik penyelundupan kendaraan bermotor ilegal lintas negara yang telah https://t.co/e0bVY3spNH","2047998100233736670","https://pbs.twimg.com/media/HGvzaUebAAAIWU6.jpg","","in","","0","1","0","https://x.com/undefined/status/2047998100233736670","2558329639",
"2047998038225170826","Sat Apr 25 11:15:56 +0000 2026","0","*Prakiraan Cuaca Jawa Tengah* _Berlaku Tanggal 25 April 2026 Pukul 19.00 WIB s/d Tanggal 26 April 2026 Pukul 07.00 WIB_ https://t.co/0Gz9s0izq7","2047998038225170826","https://pbs.twimg.com/media/HGvy_lTbcAACCLR.jpg","","in","","0","0","0","https://x.com/undefined/status/2047998038225170826","740799331805110272",
"2047997952204165228","Sat Apr 25 11:15:36 +0000 2026","0","@.mas mas jawa itu","2047997952204165228","","","in","","0","0","0","https://x.com/undefined/status/2047997952204165228","1941613373533118464",
"2047997801368604691","Sat Apr 25 11:15:00 +0000 2026","0","#WargiPengayoman mari hidup sehat sambil melek hukum! ‍️ Kementerian Hukum Jawa Barat hadir di Stadion Si Jalak Harupat pada 26 April 2026 dalam acara Sport Edutainment untuk memperingati Hari Kekayaan Intelektual Sedunia (IP DAY 2026). Bersama Kakanwil Asep Sutandar dan https://t.co/vmCjziC2Hv","2047997801368604691","https://pbs.twimg.com/media/HGvzIKIbcAAX3Tz.jpg","","in","","0","0","0","https://x.com/undefined/status/2047997801368604691","1177725229",
"2047886131983991191","Sat Apr 25 11:13:44 +0000 2026","1","@mihyaru_kai WKEKEKEK TENGKYUUU aku aslinyh gabisa bahasa jawa... Itu di translatein tmn aku","2047997483884982684","","mihyaru_kai","in","","0","0","0","https://x.com/undefined/status/2047997483884982684","1932633997861138432",
"2047997346399875132","Sat Apr 25 11:13:11 +0000 2026","0","Belajar Belajar Dan Terus Belajar .. Alhamdulillah Putri Persahabatan - Putra Putri Kebudayaan Jawa Timur 2026 Kab.Malang Untuk Jawa Timur https://t.co/vn8MvFBXKH","2047997346399875132","https://pbs.twimg.com/media/HGvyu3rbEAAMIJu.jpg","","in","","0","0","0","https://x.com/undefined/status/2047997346399875132","1978793633659899904",
"2047997341567951161","Sat Apr 25 11:13:10 +0000 2026","0","*Prakiraan Cuaca Jawa Tengah* _Berlaku Tanggal 25 April 2026 Pukul 19.00 WIB s/d Tanggal 26 April 2026 Pukul 07.00 WIB_ https://t.co/hNzxoB0U8F","2047997341567951161","https://pbs.twimg.com/media/HGvyuCra0AAO-rA.jpg","","in","","0","0","0","https://x.com/undefined/status/2047997341567951161","1090850245037051904",
"2047627503825785227","Sat Apr 25 11:12:59 +0000 2026","0","@Alhamdulillahm7 Makanya fondasi harus dibangun namun yang kita bangun di sana malah sawit bukan industri ma ufaktur yang korelasi dengan mineral langka. Harus berani untuk membuat suasana konsumsi kalau cuman bisa import dari jawa.","2047997293534773387","","Alhamdulillahm7","in","","0","0","0","https://x.com/undefined/status/2047997293534773387","1886581890498662400",
"2047854419979739578","Sat Apr 25 11:11:56 +0000 2026","0","@kamarlintang padahal gak punya darah jawa lantaran lahir di surabaya identitas kejawaan melekat kuat dalam dirinya bapak sunda ibu keturunan yahudi","2047997031512420746","","kamarlintang","in","","0","0","0","https://x.com/undefined/status/2047997031512420746","1427243946707537920",
"2047996963464138785","Sat Apr 25 11:11:40 +0000 2026","1","rombongan jama'ah haji dari wilayah jawa tengah udah mulai rame lewat depan gang ","2047996963464138785","","","in","","0","0","0","https://x.com/undefined/status/2047996963464138785","1825384567773241344",
"2046966876144808139","Sat Apr 25 11:11:24 +0000 2026","0","@drownedmantis @Brandanara @BudiBukanIntel Mas nya ga pernah ngerasain di sumatera saya ngerasain di jawa mas saya ngelihat langsung kehidupan masyarakat gimana mas nya ga paham poin yang saya sampaikan karena mas nya bukan anak top PTN juga kan? Bukan orang luar jawa kan? Saya ngerasain hidup di jawa dan luar jawa mas","2047996894023188691","","drownedmantis","in","","0","0","0","https://x.com/undefined/status/2047996894023188691","1974189957368696833",
"2047911975674577179","Sat Apr 25 11:11:04 +0000 2026","47","@amocos619 Ada kak A gift presented to King Rama V from Candi Singhasari on behalf of Dutch Goverment in Jawa https://t.co/MZ4ICvhprF","2047996810535612435","https://pbs.twimg.com/media/HGvyPjiacAAUjkx.jpg","amocos619","en","","0","1","4","https://x.com/undefined/status/2047996810535612435","1387337110647017476",
"2047644954714100157","Sat Apr 25 11:10:47 +0000 2026","0","@jesta_shezzar Yoi banget. Bahkan dulu kebijakan kantor tu ga ada fresh grad yg di Jawa wkwkwkwk","2047996739257549014","","jesta_shezzar","in","","0","1","0","https://x.com/undefined/status/2047996739257549014","1479502678203912197",
"2047996593409016100","Sat Apr 25 11:10:12 +0000 2026","0","Gempa Jawa Barat M 3.3 25 April 2026 11.02 WIB Kedalaman 10 km-7.990 106.960 | 102 km selatan barat daya Banjar / 119 km selatan tenggara Sukabumi. Bmkg-EMSC https://t.co/tbEcDIl9NS","2047996593409016100","https://pbs.twimg.com/media/HGvyC1DagAAMPO9.jpg","","in","","0","0","0","https://x.com/undefined/status/2047996593409016100","1988892798054199296",
"2047627503825785227","Sat Apr 25 11:10:07 +0000 2026","0","@kevinkamerad Rugi sementara? Oh man andaikan jadi mereka harus tetep mengirim ke Jawa mobilnya dengan penduduk 60 persen satu satunya cara sumatra di lirik adalah sumatra harus banyak anak baru industri akan melirik mereka sebagai market dan pembuatan barang","2047996572676624654","","kevinkamerad","in","","0","1","0","https://x.com/undefined/status/2047996572676624654","1237581236547117056",
"2047265560619348476","Sat Apr 25 11:09:59 +0000 2026","0","@BatasAir @gagal_hijrah Solo itu kota majemuk isinya macem-macem nggak cuma abangan dan kejawen Islam garis keras seperti yang buat bom bali ada Jawa non Muslim juga banyak. Malah sejarahnya Solo itu kalem tapi kalau meledak Paling serem. Tahun 65 paling parah di Solo. 1980 ada rusuh anti China","2047996537457037489","","BatasAir","in","","0","0","0","https://x.com/undefined/status/2047996537457037489","496600646",
"2047610534305128582","Sat Apr 25 11:07:55 +0000 2026","0","@UdaShafiq Ya betul...bodo Melayu zmn skrg ni stkt ayam gepuk jawa pun nak hype ntah apa2","2047996019758297103","","UdaShafiq","in","","0","0","0","https://x.com/undefined/status/2047996019758297103","264181780",
"2047704633506934994","Sat Apr 25 11:07:31 +0000 2026","1","@kingfish24601 Banyak juga orang Minahasa yang gabung dengan KRIS (Kebaktian Rakyat Indonesia Sulawesi) dan berperang di Sumatra dan Jawa.","2047995916356047218","","kingfish24601","in","","0","0","0","https://x.com/undefined/status/2047995916356047218","1863920907930267649",
"2047522214728147435","Sat Apr 25 11:07:08 +0000 2026","0","@chochoilm @tanyakanrl Tp harga petani 5-7rb beras itu d jawa. Keluarga sy petani. Makanya d Papua ga cari beras yg murah. Mahal pun kutuan. Cuma d jawa aja sekejam itu margin harganya. Mana ada yg bandingin sama harga 10th lalu ktny 3-4rb. Berarti secara inflasi aja harga produsen tertinggal jauh","2047995822290444307","","chochoilm","in","","0","0","0","https://x.com/undefined/status/2047995822290444307","1180616529697595393",
"2047995820017082475","Sat Apr 25 11:07:08 +0000 2026","0","Elang jawa dago pakar Bandung #elang #elangjawa #dagopakar #elang #dago ... https://t.co/ITKXGqu1Z3 via @YouTube","2047995820017082475","","","in","","0","0","0","https://x.com/undefined/status/2047995820017082475","168639261",
"2047995801855742088","Sat Apr 25 11:07:03 +0000 2026","0","Mateng jawa","2047995801855742088","","","in","","0","0","0","https://x.com/undefined/status/2047995801855742088","1227259637990223873",
"2047939157075300495","Sat Apr 25 11:06:59 +0000 2026","1","@Capitalisborju @kamto_adi Apaan fokusnya juga pada di Jawa kok ","2047995786160746901","","Capitalisborju","in","","0","1","0","https://x.com/undefined/status/2047995786160746901","1037373214337290241",
"2047995786039033996","Sat Apr 25 11:06:59 +0000 2026","2","DEMI APA NEMI FOTO KLS 11 WKWK JAWA ASLI LHOYA kangen pake kebaya https://t.co/460tT7jkfT","2047995786039033996","https://pbs.twimg.com/media/HGvxT6za4AEogV2.jpg","","in","","0","6","0","https://x.com/undefined/status/2047995786039033996","2008879417469407232",
"2047988332941230252","Sat Apr 25 11:06:34 +0000 2026","0","@aetherisse Aku Jawa???","2047995680606880125","","aetherisse","in","","0","1","0","https://x.com/undefined/status/2047995680606880125","903864392017518592",
"2047627503825785227","Sat Apr 25 11:06:27 +0000 2026","0","@SEdit2321840 @T_M_Y @ishkaratoji834 Aku tahu bung itu yang bahkan aku perjuangakan lewat KEK dan Zona Industri yang meluas di luar jawa dan jaw sendiri bahkan aku juga yang dukung industrialisasi dan hilirisasi di luar jawa","2047995648306565487","","SEdit2321840","in","","0","1","0","https://x.com/undefined/status/2047995648306565487","1886581890498662400",
"2047987994507046969","Sat Apr 25 11:06:22 +0000 2026","0","@rosemaryngarlic Jawa bgt ","2047995629805416604","","rosemaryngarlic","in","","0","0","0","https://x.com/undefined/status/2047995629805416604","1319816922997813248",
"2047964571554787686","Sat Apr 25 11:06:03 +0000 2026","0","@ofkkotsu jawa metaaalllll","2047995550633730459","","ofkkotsu","in","","0","0","0","https://x.com/undefined/status/2047995550633730459","1957140272678367232",
"2047995360107495556","Sat Apr 25 11:05:18 +0000 2026","0"," maw tinggal pulau jawa","2047995360107495556","","","in","","0","0","0","https://x.com/undefined/status/2047995360107495556","949649146008412160",
"2047995354361319932","Sat Apr 25 11:05:17 +0000 2026","0","Pemerintah Kabupaten Jember melalui Dinas TPHP menegaskan kesiapan menghadapi potensi musim kemarau 2026 sekaligus menjaga stabilitas produksi pangan di daerah yang selama ini dikenal sebagai salah satu lumbung pangan di Jawa Timur.https://t.co/04zFio4cQU","2047995354361319932","","","in","","0","0","0","https://x.com/undefined/status/2047995354361319932","104459733",
"2046768949279490442","Sat Apr 25 11:04:59 +0000 2026","0","@ldofhitler @devilonyourpast @BudiBukanIntel Wkwk ya kaya JAWA buruk rupa ","2047995279623025118","","ldofhitler","in","","0","0","0","https://x.com/undefined/status/2047995279623025118","1583870923408801792",
"2047995257678397807","Sat Apr 25 11:04:53 +0000 2026","3","Jyung nyuapinnya ngebut banget kek mau ngejar tol lintas jawa https://t.co/WkXFe4CtKe","2047995257678397807","https://pbs.twimg.com/ext_tw_video_thumb/2047991754134298626/pu/img/StntBeMnMSriAWgg.jpg","","in","","1","0","0","https://x.com/undefined/status/2047995257678397807","1088652576365531136",
"2047995103835553806","Sat Apr 25 11:04:17 +0000 2026","5","Menurut gue selain MBG bakal ada yang lebih gong Koperasi itu. Banyak bangunannya sepanjang jalan di jawa tengah kebetulan lewat desa-desa 3 hari ini.","2047995103835553806","","","in","","0","0","2","https://x.com/undefined/status/2047995103835553806","262674800",
"2047973326690344979","Sat Apr 25 11:03:51 +0000 2026","0","@jejaka_tambun Jujur aku orang Jawa tp ga bisa Jawa b","2047994996935344217","","jejaka_tambun","in","","0","1","0","https://x.com/undefined/status/2047994996935344217","1996118948530847746",
"2047991534239256662","Sat Apr 25 11:03:28 +0000 2026","0","@munvess nasgor jawa","2047994901154148583","","munvess","in","","0","0","0","https://x.com/undefined/status/2047994901154148583","1947721431074410498",
"2046966876144808139","Sat Apr 25 11:01:21 +0000 2026","0","@onlyperson___1 @Brandanara @BudiBukanIntel Lah dikira orang jawa kaya semua kali ya kalo Abang pernah lihat tuh adegan si doel di omelin babeh perkara jadi supir. Ya itu realitanya .","2047994368196485559","","onlyperson___1","in","","0","1","0","https://x.com/undefined/status/2047994368196485559","1696196671464767490",
