conversation_id_str,created_at,favorite_count,full_text,id_str,image_url,in_reply_to_screen_name,lang,location,quote_count,reply_count,retweet_count,tweet_url,user_id_str,username
2047906799228174518,Sat Apr 25 05:13:27 +0000 2026,0,jangan lupa peralatan makan harus ada di kos. peralatan makan yang ini lengkap udah satu set piring mangkok sumpit gelas + harganya murce pol https://t.co/cAQROvsJx2,2047906814541574196,,gunungdanpantai,in,,0,1,0,https://x.com/undefined/status/2047906814541574196,1153374563188690944,
2047906799228174518,Sat Apr 25 05:13:26 +0000 2026,0,in this economy lebih hemat masak nasi sendiri. nah pakenya rice cooker sejuta umat kosan dari miyako. pas buat porsi makan sehari-hari. https://t.co/yrf7t6UM4j,2047906811043512573,,gunungdanpantai,in,,0,1,0,https://x.com/undefined/status/2047906811043512573,1153374563188690944,
2047906806027125053,Sat Apr 25 05:13:25 +0000 2026,0,Harusny engga sih cm tkt ada matkul wajib mbg aja,2047906806027125053,,,in,,0,0,0,https://x.com/undefined/status/2047906806027125053,1569712003564060674,
2047906747646693653,Sat Apr 25 05:13:11 +0000 2026,0,gapenting ah. yg penting gue makan heheheheh. https://t.co/IdObPniZBd,2047906747646693653,https://pbs.twimg.com/media/HGugU94b0AA9sZm.jpg,,in,,0,0,0,https://x.com/undefined/status/2047906747646693653,842729714758438912,
2047903975681470545,Sat Apr 25 05:13:07 +0000 2026,0,@akuapeachy Dalam agama kita selalu diingatkan jangan sesekali makan sama babi,2047906728520671284,,akuapeachy,in,,0,0,0,https://x.com/undefined/status/2047906728520671284,1877392706508566528,
2047906718202659144,Sat Apr 25 05:13:04 +0000 2026,0,guys ada yang punya tips gak biar gak nervous terus bisa tetep happy terus makan apa ya kira kira biar gak cepet laper,2047906718202659144,,,in,,0,0,0,https://x.com/undefined/status/2047906718202659144,1801925249862414336,
2047901118471258601,Sat Apr 25 05:13:02 +0000 2026,0,@hozieray Maybe sistem pencernaan manusia dan hewan beda terus makanan yang di makan juga beda,2047906707804942791,,hozieray,in,,0,0,0,https://x.com/undefined/status/2047906707804942791,2046052810735927296,
2047858321278042226,Sat Apr 25 05:12:59 +0000 2026,0,@inipaprika Makan sushi lokal itu kek uji nyali,2047906695209517414,,inipaprika,in,,0,0,0,https://x.com/undefined/status/2047906695209517414,264044919,
1808091430675796020,Sat Apr 25 05:12:58 +0000 2026,0,[AFFILIATE] Tempat makan ter-murce yang aku temuin tapi kualitasnya bagus! Spacesnya menurut aku pas dengan 3 compartment karena aku selalu makan nasi lauk sama sayur. https://t.co/4UpXHxLEcU,2047906694626435345,,tang__kira,in,,0,0,0,https://x.com/undefined/status/2047906694626435345,1211794832,
2047906693263331594,Sat Apr 25 05:12:58 +0000 2026,0,IRENEEEE I NEED YOUR NEW VLOG yang makan makan itu,2047906693263331594,,,en,,0,0,0,https://x.com/undefined/status/2047906693263331594,1872954009893650432,
2047906683356328102,Sat Apr 25 05:12:56 +0000 2026,0,Singkat padat mau makan tp jdi satu semua macaroninya https://t.co/M7ipHeJQJS,2047906683356328102,https://pbs.twimg.com/amplify_video_thumb/2047906626078920704/img/vieJgaXLc3dZEVfS.jpg,,in,,0,0,0,https://x.com/undefined/status/2047906683356328102,1879115429744132096,
2047263211838415216,Sat Apr 25 05:12:48 +0000 2026,0,@menuembegejelek Aduh bang mereka jadi ada Inspirasi proyek baru nih pengolahan sampah terpadu MBG proyek lagi gak tuh.,2047906652951847045,,menuembegejelek,in,,0,0,0,https://x.com/undefined/status/2047906652951847045,1765969691997286400,
2047906652310114640,Sat Apr 25 05:12:48 +0000 2026,0,keracunan makanan sampe masuk igd dan harus di rawat inap. padahal ga pernah makan makanan yang ga bersih makanan yg di konsumsi hari itu juga makanan box sehat ada serat daging dan nasi ‍️,2047906652310114640,,,in,,0,0,0,https://x.com/undefined/status/2047906652310114640,1955859178263863300,
2047906637512626278,Sat Apr 25 05:12:45 +0000 2026,0,Gaprnh kena matahari pagi gaprnh keluar siang sore malem. Kerjaan nya diem dikamar mulu. Mau makan tinggal gofood. Mau ini itu tinggal minta pcr. Yaallah nikmat bgt hidup ini,2047906637512626278,,,in,,0,0,0,https://x.com/undefined/status/2047906637512626278,1918214940827238403,
2047906619309306134,Sat Apr 25 05:12:40 +0000 2026,0,Leehan makan lukchup,2047906619309306134,,,in,,0,0,0,https://x.com/undefined/status/2047906619309306134,1402463678591430659,
2047906601458446557,Sat Apr 25 05:12:36 +0000 2026,0,Makan siang by. https://t.co/MkxdPfhjY7,2047906601458446557,https://pbs.twimg.com/media/HGugMa2aQAAfh7A.jpg,,in,,0,0,0,https://x.com/undefined/status/2047906601458446557,2037604379755479040,
2047856448730972450,Sat Apr 25 05:12:36 +0000 2026,0,@LambeSahamjja Negara yang mau ke arah maju kaya china aja mbg nya cmn di pedesaan bukan kaya disini. Oh yah Purbaya mah gede omong doang bea cukai noh masih cegat para TKI yang minim info soal pajak cukai skrg lagi cari dana tuh grebekin ponsel inter,2047906601324147085,,LambeSahamjja,in,,0,0,0,https://x.com/undefined/status/2047906601324147085,1517531472454119424,
2047905168847692009,Sat Apr 25 05:12:34 +0000 2026,0,@sliceofsals Makan opor buatan kakak https://t.co/abJLJMFXLk,2047906593078141393,https://pbs.twimg.com/media/HGugL6LbcAAL4CU.jpg,sliceofsals,in,,0,0,0,https://x.com/undefined/status/2047906593078141393,1419263989452656646,
2047906537159692450,Sat Apr 25 05:12:21 +0000 2026,0,makan bakso urat dulu,2047906537159692450,,,in,,0,0,0,https://x.com/undefined/status/2047906537159692450,1874132840272846852,
2047906501596262660,Sat Apr 25 05:12:12 +0000 2026,0,makan ayam setiap hari,2047906501596262660,,,in,,0,0,0,https://x.com/undefined/status/2047906501596262660,1277778432575692800,
2047895677473316877,Sat Apr 25 05:11:09 +0000 2026,0,@deretanfourier semuaah tugasku udah di acc sudahkah km makan siang byy https://t.co/imU5TFS0cr,2047906236843336019,https://pbs.twimg.com/media/HGuf1pwbQAACvU3.jpg,deretanfourier,in,,0,0,0,https://x.com/undefined/status/2047906236843336019,2033443353694736384,
2047524696980103340,Sat Apr 25 05:11:09 +0000 2026,0,@blumazre @baseconvo Ya tp mungkin aja hari ini dampaknya udh meluas ke orang kecil I hope we brave enough si bukan malah jd buzzer pemerintah cman buat dpt recehan buat makan. gmna ya..,2047906235878629748,,blumazre,in,,0,0,0,https://x.com/undefined/status/2047906235878629748,1217022578113409025,
2047669447603986546,Sat Apr 25 05:11:04 +0000 2026,0,@NewsBFM Jika benar kami turut sedih. Apa kah duit itu matlamat dan segala nya untuk mereka yang memegang kuasa ketika ini. Harap pagar pagar makan padi?!,2047906215368528176,,NewsBFM,in,,0,0,0,https://x.com/undefined/status/2047906215368528176,165660103,
2047906185219916062,Sat Apr 25 05:10:57 +0000 2026,0,Kirain judul ya MBG https://t.co/l3yQksRx6B,2047906185219916062,https://pbs.twimg.com/media/HGufzhZaIAA_2il.jpg,,in,,0,0,0,https://x.com/undefined/status/2047906185219916062,232570926,
2047894916060348742,Sat Apr 25 05:10:52 +0000 2026,0,@willyspetal plis makan ak,2047906162293789107,,willyspetal,in,,0,0,0,https://x.com/undefined/status/2047906162293789107,1864464063327358976,
2047841725071421678,Sat Apr 25 05:10:50 +0000 2026,0,@urda1sy_ Skip makan pedes pedes sek yaa,2047906156895678577,,urda1sy_,in,,0,0,0,https://x.com/undefined/status/2047906156895678577,1494542390,
2047906153502474549,Sat Apr 25 05:10:49 +0000 2026,0,pupu ihhhhh jgn makan dede ,2047906153502474549,,,in,,0,0,0,https://x.com/undefined/status/2047906153502474549,1785971212268765184,
2047906145285869815,Sat Apr 25 05:10:47 +0000 2026,0,ini namanya MAKAN https://t.co/UmGayycEOe,2047906145285869815,https://pbs.twimg.com/media/HGufxFvboAA70XF.jpg,,in,,0,0,0,https://x.com/undefined/status/2047906145285869815,1810476375150931968,
2047902281451139098,Sat Apr 25 05:10:42 +0000 2026,0,Mari makan nasi dengan lauk Marinasi dari Desaku Desaku Marinasi Ayo lihat videoku di Shopee Video! https://t.co/HR0EDF2IXD https://t.co/KFDsajzg1r,2047906123945239014,https://pbs.twimg.com/media/HGufxGsaIAANedb.jpg,ARiAwey,in,,0,1,0,https://x.com/undefined/status/2047906123945239014,1403128702729220100,
2047906118891147581,Sat Apr 25 05:10:41 +0000 2026,0,@BadanGizi_RI @KPK_RI @DPR_RI @KejaksaanRI @MahkamahAgung @KemenkeuRI @bpkri @tempodotco @KompasTV @mohmahfudmd @tribunnews : Rincian biaya MBG unt biaya makanan sngt kecil yg besar unt lain-lain https://t.co/8CRMhbE85L https://t.co/bU11bcS2Xp,2047906118891147581,https://pbs.twimg.com/media/HGufwmTakAEr0Y-.jpg,BadanGizi_RI,in,,0,0,0,https://x.com/undefined/status/2047906118891147581,131814756,
2047883943266177475,Sat Apr 25 05:10:30 +0000 2026,0,@doremihanie sudah makan BESARRRR,2047906070606348563,,doremihanie,in,,0,0,0,https://x.com/undefined/status/2047906070606348563,2035010495175151616,
2047840070154285464,Sat Apr 25 05:10:29 +0000 2026,0,@Amarynn_ @sagisapon Semoga lekas sembuh Mamanya Kak. Ingat makan-minum juga Kakaknya.,2047906068920176781,,Amarynn_,in,,0,0,0,https://x.com/undefined/status/2047906068920176781,847687217329782784,
2047906059785040270,Sat Apr 25 05:10:27 +0000 2026,0,perkiraan diakhir dengan Top LB (1M) vs Saya (7K). kemkinan bila Top Lb mendapatkan hasil akhir senilai $1k berarti saya hanya mendapatkan $7. apakah itu sebanding dengan waktu untuk testnet atau hanya memberi makan orang karena point sistem referal? hanya diskusi @dac_chain https://t.co/nKVBFJqX5I,2047906059785040270,https://pbs.twimg.com/media/HGufICOa4AAc93N.jpg,,in,,0,0,0,https://x.com/undefined/status/2047906059785040270,1838534281326661636,
2047906030357807390,Sat Apr 25 05:10:20 +0000 2026,0,efek udah mulai jarang makan sayur and buah susah poop (sorry jorok hehe),2047906030357807390,,,in,,0,0,0,https://x.com/undefined/status/2047906030357807390,1984541425321852929,
2047880815208509755,Sat Apr 25 05:10:18 +0000 2026,1,@FOOD_FESS kebalikan aku kudu banyak macem lauknya baru semangat makan wkwk,2047906020501209508,,FOOD_FESS,in,,0,0,0,https://x.com/undefined/status/2047906020501209508,1603824994378993664,
2047906000595013878,Sat Apr 25 05:10:13 +0000 2026,0,Gua yang makan ayam geprek setiap hari:,2047906000595013878,,,in,,0,0,0,https://x.com/undefined/status/2047906000595013878,1807399346708832256,
2047903716142198895,Sat Apr 25 05:10:13 +0000 2026,0,@coastalreverb Woii jaga makan woiii ,2047905998850097263,,coastalreverb,in,,0,0,0,https://x.com/undefined/status/2047905998850097263,1356970074,
2047905261088870543,Sat Apr 25 05:10:10 +0000 2026,0,@qoirag Mbg,2047905986359476704,,qoirag,und,,0,0,0,https://x.com/undefined/status/2047905986359476704,937776822363836417,
2047905951152496710,Sat Apr 25 05:10:01 +0000 2026,0,mau muntah masak nasi goreng ke asinan yaallah mau gak di makan ya sayang,2047905951152496710,,,in,,0,0,0,https://x.com/undefined/status/2047905951152496710,2015736285181448192,
2047905942642344276,Sat Apr 25 05:09:59 +0000 2026,0,Selamat siang semua ️ Menu makan siang kalian hari ini apa ya moots? Kalau aku lagi masak sup ayan hainan ,2047905942642344276,,,in,,0,0,0,https://x.com/undefined/status/2047905942642344276,1289545208691007488,
2046587320154149296,Sat Apr 25 05:08:42 +0000 2026,0,@Pah_levis @FOOD_FESS Tim gemoy ya km? Gk dlu Liat aja ga napsu gmn mau makan wkwk,2047905618682597608,,Pah_levis,in,,0,0,0,https://x.com/undefined/status/2047905618682597608,409652028,
2047900578676949258,Sat Apr 25 05:08:36 +0000 2026,0,@seunghanq orang kaya makan sasimi,2047905594737389968,,seunghanq,in,,0,1,0,https://x.com/undefined/status/2047905594737389968,2021547922807238656,
2047893809116389595,Sat Apr 25 05:08:33 +0000 2026,0,@mochikocilaici Kita independent Okie! I pun baru siap makan niii,2047905583425282339,,mochikocilaici,in,,0,0,0,https://x.com/undefined/status/2047905583425282339,1075237654461964288,
2047905576248815944,Sat Apr 25 05:08:32 +0000 2026,0,Seger bgt mbg alias my bojo gue,2047905576248815944,,,in,,0,0,0,https://x.com/undefined/status/2047905576248815944,1858472687922032640,
2047895963482882258,Sat Apr 25 05:08:30 +0000 2026,0,@swanbaaby makasih chii dah makan belum lu?,2047905567549845796,,swanbaaby,in,,0,0,0,https://x.com/undefined/status/2047905567549845796,2006380921931583488,
2047564400312389768,Sat Apr 25 05:08:27 +0000 2026,0,@bagindo_kopi Sini lu makan tuh makanan belatung jangan bisanya ngomong doang,2047905554925019485,,bagindo_kopi,in,,0,0,0,https://x.com/undefined/status/2047905554925019485,467370796,
2047905508418564465,Sat Apr 25 05:08:16 +0000 2026,0,gaji kepala dapur mbg di kabupaten gede juga wkwkwk diatas umr jakarta brooooo,2047905508418564465,,,in,,0,0,0,https://x.com/undefined/status/2047905508418564465,1019276321170452480,
2047897732350910509,Sat Apr 25 05:08:14 +0000 2026,0,@KIDUNGSEMU ⠀ MBG apa bergunanya buat anak-anak stunting? Tsk. Gak apa lah kalau kepanasan atau hujan angin mereka bisa jadi payung lu. Keruntuhan sesuatu juga mereka bakal kena duluan hahaha ⠀ ⠀ ⠀,2047905503200817565,,KIDUNGSEMU,in,,0,1,0,https://x.com/undefined/status/2047905503200817565,1281560611176845320,
2047429441563844999,Sat Apr 25 05:08:14 +0000 2026,0,@Te0ma_ MAU MAKAN APA MENTIONED !!!!!,2047905502630486342,,Te0ma_,in,,0,0,0,https://x.com/undefined/status/2047905502630486342,1929844888973250560,
2047843844956565955,Sat Apr 25 05:08:14 +0000 2026,0,@RakyatBerbisik Itu murid habis dikasih makan apa ya bisa sampe gt?,2047905499690283513,,RakyatBerbisik,in,,0,0,0,https://x.com/undefined/status/2047905499690283513,1124341199765004288,
2047642022711116063,Sat Apr 25 05:08:07 +0000 2026,0,@meltinghaze Sehari sebelumnya makan seblak terus kemarin malah makan ayam sambal matah dan udahnya minum kopi,2047905473312288998,,meltinghaze,in,,0,0,0,https://x.com/undefined/status/2047905473312288998,1480312389106995200,
2047905471680663780,Sat Apr 25 05:08:07 +0000 2026,0,Tau ga apa alasannya saat cewek di tanya mau makan apa jawaban nya selelu terserah? Ternyata ada sejarah nya lho! Terakhir kalinya cewek milih makanan malah di turunin ke bumi sekalian cowoknya. Sekarang daripada cewe salah pilih makanan lebih baik dia bilang terserah saat di ajk,2047905471680663780,,,in,,0,0,0,https://x.com/undefined/status/2047905471680663780,1147020111657570304,
2047905467251429641,Sat Apr 25 05:08:06 +0000 2026,1,#GakHabisHabis Siswa keracunan MBG https://t.co/5z4nkXssaH,2047905467251429641,https://pbs.twimg.com/amplify_video_thumb/2047905388218183680/img/7iYZvIul_OcUCuP7.jpg,,in,,0,0,1,https://x.com/undefined/status/2047905467251429641,1159475566069731331,
2047900898983379061,Sat Apr 25 05:08:02 +0000 2026,0,@coastalreverb 160-170/day soale sibuk dan ribet masak jadi sekali masak dan sekali makan malamnya aku emjoy kok cuma mikir apa seumur hidup gini ,2047905450008650195,,coastalreverb,in,,0,1,0,https://x.com/undefined/status/2047905450008650195,360478293,
2047634138341978126,Sat Apr 25 05:07:54 +0000 2026,0,@undipmfs3 Coba cari day care terdekat disitu aja atau coba minta tolong temen lu buat nemenin adek lu makan dikfc atau mqna kek yg dkt kampus.,2047905419432194246,,undipmfs3,in,,0,0,0,https://x.com/undefined/status/2047905419432194246,1843934403082498048,
2047905406220149107,Sat Apr 25 05:07:51 +0000 2026,0,namtanfilm selalu bareng sampe cara seneng makan makanan enak pun reaksinya sama ini keseringan terusss lanjutin pls,2047905406220149107,,,in,,0,0,0,https://x.com/undefined/status/2047905406220149107,1675406299880914949,
2047905395826684290,Sat Apr 25 05:07:49 +0000 2026,0,temen expat gw ke Snezhnaya dia cuman nanya satpam ternyata kembarannya g mampir. makan. pulang. dah gt aja,2047905395826684290,,,in,,0,0,0,https://x.com/undefined/status/2047905395826684290,1973598533686272001,
2047905394723561586,Sat Apr 25 05:07:49 +0000 2026,1,memekak je tetiba sambal fetish taknak makan sudah apa la tak bahagia sangat hidup tu,2047905394723561586,,,in,,0,0,0,https://x.com/undefined/status/2047905394723561586,1022819827658850304,
2047880616784601172,Sat Apr 25 05:07:48 +0000 2026,0,@beayutiful Aku lebih suka yang pink kak pas aku makan kerasa lebih fresh bahan-bahannya.,2047905392169259335,,beayutiful,in,,0,0,0,https://x.com/undefined/status/2047905392169259335,2003473307128217600,
2047896190436659571,Sat Apr 25 05:07:45 +0000 2026,0,@Selungkap Oh yang makan nya sambil disuapin ya?,2047905379414348191,,Selungkap,in,,0,0,0,https://x.com/undefined/status/2047905379414348191,3618414737,
2047905375832441140,Sat Apr 25 05:07:44 +0000 2026,0,PUSING BGT SCROLL MAU MAKAN APA HUFFFFFFFFFF,2047905375832441140,,,in,,0,0,0,https://x.com/undefined/status/2047905375832441140,2384907475,
2047894916060348742,Sat Apr 25 05:07:40 +0000 2026,0,@esyupa capek makan cak ,2047905359675928704,,esyupa,in,,0,0,0,https://x.com/undefined/status/2047905359675928704,1864464063327358976,
2047893463136612599,Sat Apr 25 05:07:34 +0000 2026,0,@mineohmymy Di gambar kanan sih keliatan gede. Pernah makan yg dubai coklat yg bulet aja aku sharing makannya,2047905333100908594,,mineohmymy,in,,0,0,0,https://x.com/undefined/status/2047905333100908594,1473291208348737541,
2047905327979606250,Sat Apr 25 05:07:33 +0000 2026,1,Menikmati makan siang sendirian https://t.co/O8AnYQH5N2,2047905327979606250,https://pbs.twimg.com/media/HGufCeybcAAcfec.jpg,,in,,1,0,0,https://x.com/undefined/status/2047905327979606250,1876140578855059456,
2047890310332858385,Sat Apr 25 05:07:32 +0000 2026,0,@dumpie_png Belum kak males ngantuk waskssksks. Kalo kamu sudah makan siang?,2047905326515818617,,dumpie_png,in,,0,0,0,https://x.com/undefined/status/2047905326515818617,1227514556626259974,
2047899989729542409,Sat Apr 25 05:07:31 +0000 2026,0,@geewikee hapus nder sebelum aku jejelin ompreng mbg,2047905320681529404,,geewikee,in,,0,0,0,https://x.com/undefined/status/2047905320681529404,1937193012523859968,
2047902565640347891,Sat Apr 25 05:07:25 +0000 2026,0,@gagaga_30 Makan brg aku,2047905294794236105,,gagaga_30,in,,0,0,0,https://x.com/undefined/status/2047905294794236105,1629799887150931969,
2047860930755908001,Sat Apr 25 05:07:20 +0000 2026,0,@cuapmerta Harus itu. Biar bisa makan gorengan setiap hari haha. Ayo olahraga Dyah.,2047905276184141920,,cuapmerta,in,,0,0,0,https://x.com/undefined/status/2047905276184141920,2015215691369222144,
2047903073566364081,Sat Apr 25 05:07:20 +0000 2026,0,@lovelyhcles Kamu udah makan siang belum,2047905273134920112,,lovelyhcles,in,,0,0,0,https://x.com/undefined/status/2047905273134920112,1955639114113675264,
2047905271159443660,Sat Apr 25 05:07:19 +0000 2026,0,INI DIA MBG MY BINI GWEH CANTIK DAN MENAWAN SEKALI,2047905271159443660,,,in,,0,1,0,https://x.com/undefined/status/2047905271159443660,1823733546537902082,
2047846883822055543,Sat Apr 25 05:07:18 +0000 2026,0,@j4mify_ MENDING AJAK GW MAKAN PUDDING AJA ,2047905266398896266,,j4mify_,in,,0,0,0,https://x.com/undefined/status/2047905266398896266,1621015399985991681,
2047905247520264487,Sat Apr 25 05:07:13 +0000 2026,0,PANAS BANGET ASTAGAAA KELUAR BUAT BELI MAKAN DOANG RASANYA KAYA KEBAKAR,2047905247520264487,,,in,,0,0,0,https://x.com/undefined/status/2047905247520264487,1809950561783205888,
2047268694255182296,Sat Apr 25 05:07:12 +0000 2026,0,@xseungcheoI CEKIKIKAN Itu sapi nya di kasih makan sampe idul adha tahun depan juga nggak bakal gede ,2047905240008290677,,xseungcheoI,in,,0,0,0,https://x.com/undefined/status/2047905240008290677,1516698394177155073,
2047896674396413965,Sat Apr 25 05:07:11 +0000 2026,0,@plengermaksimal Karena aku udh lama ga makan naskun jdi aku pilih naskun,2047905236602573270,,plengermaksimal,in,,0,0,0,https://x.com/undefined/status/2047905236602573270,1800593861750009856,
2047765383742906813,Sat Apr 25 05:07:10 +0000 2026,0,@Te0ma_ Is this that mayor from Mau makan apa?,2047905232802451641,,Te0ma_,en,,0,0,0,https://x.com/undefined/status/2047905232802451641,1929844888973250560,
2047905224346710145,Sat Apr 25 05:07:08 +0000 2026,0,oke skrg makan sambil nugas karena udah baawa buku percuma kalau bukunya ga dipake,2047905224346710145,,,in,,0,0,0,https://x.com/undefined/status/2047905224346710145,1317335518380580864,
2047905190079332357,Sat Apr 25 05:07:00 +0000 2026,0,Btw belom makan tapi udah abis 2 cup,2047905190079332357,,,in,,0,0,0,https://x.com/undefined/status/2047905190079332357,1328272464179150848,
2047905184496644155,Sat Apr 25 05:06:58 +0000 2026,0,day 3 kerja jdi admin wajar gasii masih ngang ngong planga plongo masihh suka ngelag teruss salah jugaa kalau kerjaa oh iya jam kerjanya 14jam untuk gajinyaa 800k sebuln uang makan 80/hari dan ga ada hari libur sama sekali wkwk kecuali izin cutii https://t.co/MruR7ufZOp,2047905184496644155,https://pbs.twimg.com/media/HGue6a4awAAojfH.jpg,,in,,0,0,0,https://x.com/undefined/status/2047905184496644155,2018617275067277312,
2047885543334465986,Sat Apr 25 05:06:56 +0000 2026,0,@humor_rumor Bangeeet makan 1 aja gidik gidig,2047905175017607452,,humor_rumor,tr,,0,0,0,https://x.com/undefined/status/2047905175017607452,2003723089050587136,
2047897732350910509,Sat Apr 25 05:06:51 +0000 2026,0,@hxliophile ️️ ️️ ️️ ️️ Nggak sampai stunting juga sih dikasih MBG dong nanti gue. Nggak ada sih. Gue paling pendek. Kawan gue 180an ke atas semua. ️️ ️️ ️️ ️️,2047905152976515307,,hxliophile,in,,0,1,0,https://x.com/undefined/status/2047905152976515307,1282599862484135936,
2047905152183726291,Sat Apr 25 05:06:51 +0000 2026,0,Piring keramik mah piring orang kaya piring miskin tuh piring beling hadiah detergent (gue lah pemilik piring miskin itu ukurannya lebih kecil dari piring keramik pas untuk porsi sekali makan),2047905152183726291,,,in,,0,0,0,https://x.com/undefined/status/2047905152183726291,1533181340,
2047905114065916224,Sat Apr 25 05:06:42 +0000 2026,0,GANTI DULU SIBOTAK INI...PRESIDEN AJA DIA KIBULIN SI BOTAK INI SUMBER MASALAH DI MBG https://t.co/19yNYFOqI4,2047905114065916224,https://pbs.twimg.com/media/HGue2TGbcAACR1A.jpg,,in,,0,0,0,https://x.com/undefined/status/2047905114065916224,2036948337006698496,
2047905109783597464,Sat Apr 25 05:06:41 +0000 2026,0,selamat siang ceymuts! siapa yang mau makan aku? ˙𐃷˙,2047905109783597464,,,in,,0,1,0,https://x.com/undefined/status/2047905109783597464,1745670703029104640,
2047901962809770348,Sat Apr 25 05:06:38 +0000 2026,0,@caterissparibus sini sini makan dimsum,2047905097951355316,,caterissparibus,tr,,0,1,0,https://x.com/undefined/status/2047905097951355316,1381596740554395648,
2047879561535181236,Sat Apr 25 05:06:37 +0000 2026,0,@tanyarlfes Tak bosan bosannya ku mengingatkan utk yg o ya maslah gni: - uang listrik - wifi - dst yg tagihan blnan Mnta suami yg bayar. Uangnya g ush d ksh k istri. Jd istri cma: uang buat makan/masak/blnja bulanan dan kalau suami waras nafkah kbthan istri. Blnja bulanan? Ajak suami,2047905096596603280,,tanyarlfes,in,,0,1,0,https://x.com/undefined/status/2047905096596603280,1489313192626966528,
2047905094126203186,Sat Apr 25 05:06:37 +0000 2026,0,Mungkin Karena makan MBG badannya jadi lebih besar buat lawan gurunya,2047905094126203186,,,in,,0,0,0,https://x.com/undefined/status/2047905094126203186,75956147,
2047902218809167997,Sat Apr 25 05:06:35 +0000 2026,0,@loveto562boy gue bahkan bisa ga makan anjir kalo lg bahas skripsiw ,2047905088283513169,,loveto562boy,in,,0,0,0,https://x.com/undefined/status/2047905088283513169,2038631681679106048,
2047905078686953474,Sat Apr 25 05:06:33 +0000 2026,0,ampun deh kalo sariawan di bibir. makan gaenak ciuman gabisa,2047905078686953474,,,in,,0,1,0,https://x.com/undefined/status/2047905078686953474,2007548388066373637,
2047905075922895025,Sat Apr 25 05:06:32 +0000 2026,0,Sampai sekarang #KawanPajak belum lapor SPT? Takut kena denda? Kita kasih paham nih untuk #KawanPajak eitss tapi pantun dulu yaa Anak dara makan sop buntut Pulangnya mampir kerumah cello #KawanPajak jangan takut Sekarang ada relaksasi spt lho! https://t.co/J05jvF4ocJ,2047905075922895025,https://pbs.twimg.com/amplify_video_thumb/2047905003923456000/img/EfY_nSwpXVcMZ4pB.jpg,,in,,0,1,0,https://x.com/undefined/status/2047905075922895025,3306599850,
2047830921496449514,Sat Apr 25 05:06:28 +0000 2026,0,@imrenagi Nanti ada pejabat yg s3 di ITB dgn disertasi: Ensuring Food Safety and Nutrition in MBG Through Computer Vision,2047905056826208713,,imrenagi,in,,0,0,0,https://x.com/undefined/status/2047905056826208713,79326043,
2044130367679172682,Sat Apr 25 05:06:27 +0000 2026,0,@nyongbok @1 JELEK KALAU PAKE SIGMA BOY KELIATAN GEN ALPHA KAN AKU MASIH GEN Z ABANG! iya betul abang!! ITU ADALAH MIYANOOOO AHAHAHA ABANG UDAH NONTON BELUM ANIMENYA? AKU UDAH NONTONN makanya aku gambar dia LUCU BANGET itu lagi makan roti aslinya lupa sih scene episode berapa T__T,2047905052350939252,,nyongbok,in,,0,0,0,https://x.com/undefined/status/2047905052350939252,567636534,
2047897574280196177,Sat Apr 25 05:06:26 +0000 2026,0,@thunderthieff Mbg BUMC https://t.co/UhnXFPoPp7,2047905049159020737,https://pbs.twimg.com/media/HGueyYXacAAHFsz.jpg,thunderthieff,in,,0,0,0,https://x.com/undefined/status/2047905049159020737,1223490090128666624,
2047905033220772157,Sat Apr 25 05:06:22 +0000 2026,0,kalian makan siang pake apa?,2047905033220772157,,,in,,0,1,0,https://x.com/undefined/status/2047905033220772157,1003997076814888961,
2047284412967211163,Sat Apr 25 05:06:22 +0000 2026,0,@msaid_didu Termasuk anak2 saya sudah hampir 1 bulan ini tidak pernah di makan MBG nya karena anak2 saya pulang sore saya memilih untuk membawakan bekal sendiri. Pihak sekolah sudah protes berkali kali ke pihak SPPG agar menunya lebih bervariatif tdk telor lagi telor lagi dg rasa hambar.,2047905032507682860,,msaid_didu,in,,0,0,0,https://x.com/undefined/status/2047905032507682860,1762227219571896320,
2047653565305655563,Sat Apr 25 05:06:22 +0000 2026,2,@BudiBukanIntel Ya gimana yaa ada label pecinta femboy tapi gandeng istri cewe tulen serasa bilang gw vegan tapi makan katsu jir ,2047905031631118479,,BudiBukanIntel,in,,1,0,0,https://x.com/undefined/status/2047905031631118479,1322382426941743106,
2047905024928604440,Sat Apr 25 05:06:20 +0000 2026,0,Nasi goreng diatas piring yang berada di meja makan adalah salah satu makanan paling enak.,2047905024928604440,,,in,,0,0,0,https://x.com/undefined/status/2047905024928604440,705954570007027712,
2047875294573600875,Sat Apr 25 05:06:20 +0000 2026,0,@xkangtae Lagi pesen makan sihh,2047905024454578422,,xkangtae,in,,0,0,0,https://x.com/undefined/status/2047905024454578422,1749263730649780224,
2047647495917076756,Sat Apr 25 05:06:15 +0000 2026,0,@ghozyulhaq Sana makan dulu https://t.co/W3Awj14W3m,2047905002795253933,,ghozyulhaq,in,,0,0,0,https://x.com/undefined/status/2047905002795253933,1003724375034458112,
2047843844956565955,Sat Apr 25 05:06:14 +0000 2026,0,@RakyatBerbisik Mungkin Karena makan MBG badannya jadi lebih besar buat lawan gurunya,2047904998798032944,,RakyatBerbisik,in,,0,0,0,https://x.com/undefined/status/2047904998798032944,75956147,
2047755730510574060,Sat Apr 25 05:06:12 +0000 2026,0,@asianflavour__ makan donk,2047904990145224829,,asianflavour__,in,,0,0,0,https://x.com/undefined/status/2047904990145224829,1302165205602820097,
2047904979487486111,Sat Apr 25 05:06:10 +0000 2026,0,Serius nanyaa driver Shopeefood pada kemanaaa sering bgtt deh pesen makan batal karna gadapet driver :((((,2047904979487486111,,,in,,0,0,0,https://x.com/undefined/status/2047904979487486111,1843839658570203136,
2047904970138341474,Sat Apr 25 05:06:07 +0000 2026,0,akhirnya ngerasa laper juga setelah 4 hari bedridden dan ga nafsu makan mie lethek! baru pertama kali makan hihi aku tau bakal suka sih texturenya mirip soun tapi lbh lembut gitu yah keliatannya kenyal tapi lembut bgt pas dikunyah dan ditelen tuh https://t.co/Mkp9JHnWgI,2047904970138341474,https://pbs.twimg.com/media/HGuetacbUAAxrhO.jpg,,in,,0,1,0,https://x.com/undefined/status/2047904970138341474,226017965,
2047904080853606709,Sat Apr 25 05:06:07 +0000 2026,0,@extramecha Jangan lupa kucing nya kasi makan dulu ga gitu ntar dia puasa,2047904967344959728,,extramecha,in,,0,1,0,https://x.com/undefined/status/2047904967344959728,1610614102304645121,
2047904959631691951,Sat Apr 25 05:06:05 +0000 2026,0,ga mood bangun dari kasur even buat makan pun :(,2047904959631691951,,,in,,0,0,0,https://x.com/undefined/status/2047904959631691951,2016938254118146048,
2047658828171555041,Sat Apr 25 05:06:02 +0000 2026,0,@seiacakes semangaaaaat kk seyii! jgn lupa makan siang!,2047904947656872095,,seiacakes,in,,0,0,0,https://x.com/undefined/status/2047904947656872095,1924218798292533248,
2047899685030146457,Sat Apr 25 05:06:01 +0000 2026,0,@gabolehdisebar makan enak,2047904942283976932,,gabolehdisebar,in,,0,0,0,https://x.com/undefined/status/2047904942283976932,1145640173805248512,
2047843927546613872,Sat Apr 25 05:05:56 +0000 2026,0,@the__annd_y Sayang udh makan?,2047904921819971782,,the__annd_y,in,,0,0,0,https://x.com/undefined/status/2047904921819971782,1473838210266525700,
2047888801461358670,Sat Apr 25 05:05:49 +0000 2026,0,@HermitGlacies Iya mff(?). Kayaknya setahun deh sebulan makan ini semua sih dijamin langsung diabetes Ambil yang banyak!! sogokan implisit buat kasih tau juga kali ya soalnya mau tau banget.,2047904891793010852,,HermitGlacies,in,,0,1,0,https://x.com/undefined/status/2047904891793010852,572006932,
2047686240502522148,Sat Apr 25 05:05:47 +0000 2026,0,@ioooiooo85 @Catsuzuchan_02 Aku akan mencoba menjelaskan simpelnya dalam agama islam ada berapa makan dan minuman yang tidak boleh di konsumsi seperti khamar ( wine sake dan sejenisnya) daging babi ( apapun olahannya) dan anjing. Hal itu tidak di perbolehkan untuk dimakan dalam agama.,2047904884289335556,,ioooiooo85,in,,0,1,0,https://x.com/undefined/status/2047904884289335556,1589891452926308352,
2047840070154285464,Sat Apr 25 05:05:44 +0000 2026,0,@Amarynn_ Get well soon mamarynn kak maryn jugaa jangan lupa untuk take a rest and makan yang teratur yaa https://t.co/6ZSNnIScZ0,2047904872948027397,https://pbs.twimg.com/tweet_video_thumb/HGuen7lbkAAEIjt.jpg,Amarynn_,in,,0,0,0,https://x.com/undefined/status/2047904872948027397,1915286229719171072,
2047721385582379218,Sat Apr 25 05:05:42 +0000 2026,0,@raniacalista_ Dari mata batin saya ini ada hantu pelaut yg rindu makan ayam di Jatinangor. Mungkin Anda sedang di laut?,2047904864135725453,,raniacalista_,in,,0,0,0,https://x.com/undefined/status/2047904864135725453,1283036344982347776,
2047490291788370010,Sat Apr 25 05:05:40 +0000 2026,0,@jakeone02 @LambeSahamjja 1. Oleh Jesus saat dia jalankan Misi-Nya. Contoh : PL : Murid2 Dia makan pake tangan tanpa cuci tangan = Najis. Saat ditegur Dia bilang Yang Najis itu bukan yang masuk ke mulut tapi yang keluar dari mulut seperti maki iri dengki... Ini berarti Roh yang berperan. 2. Berdoa,2047904855264526347,,jakeone02,in,,0,0,0,https://x.com/undefined/status/2047904855264526347,1743245334678327296,
2047668683674427766,Sat Apr 25 05:05:39 +0000 2026,0,@VikirBaskervl Yang penting mah survive dulu secara umum mbg ini halal dan tidak menyalahi hukum manapun gak usah memperbaiki dari dalam bs memperbaiki keadaan mu aja dulu,2047904851695444453,,VikirBaskervl,in,,0,0,0,https://x.com/undefined/status/2047904851695444453,2033990608227078144,
2047890310332858385,Sat Apr 25 05:05:33 +0000 2026,0,@dumpie_png makan panggang kamu sist?,2047904825782972418,,dumpie_png,in,,0,0,0,https://x.com/undefined/status/2047904825782972418,129461990,
2047904823501353015,Sat Apr 25 05:05:32 +0000 2026,0,Ya Allah dimana lagi dpt hrd yg neraktir makan ya sehat sehat buat mas nyaa,2047904823501353015,,,in,,0,0,0,https://x.com/undefined/status/2047904823501353015,1111487242101387270,
2047904822712774857,Sat Apr 25 05:05:32 +0000 2026,0,Siangg jangan lupa makan siang &amp; streaming https://t.co/om83gCXRTN,2047904822712774857,https://pbs.twimg.com/amplify_video_thumb/2047904749106950144/img/bPPxJIMsUhoQ7_U6.jpg,,in,,0,0,0,https://x.com/undefined/status/2047904822712774857,1433789268611141640,
2047904807290306729,Sat Apr 25 05:05:28 +0000 2026,0,ih padahal gw makan enak gw makan cumi sama sop enak bgt enak gw gakboleh nangis,2047904807290306729,,,in,,0,0,0,https://x.com/undefined/status/2047904807290306729,1872169816691503104,
2047904796129337715,Sat Apr 25 05:05:26 +0000 2026,0,demi allah ni anak dri kmrn selalu ini lngsung makan apa gmn? https://t.co/WSivMnE7kt,2047904796129337715,https://pbs.twimg.com/media/HGuejkgbEAALVFb.jpg,,in,,0,0,0,https://x.com/undefined/status/2047904796129337715,1383775376795521040,
2047904769218576462,Sat Apr 25 05:05:19 +0000 2026,0,pengann makan seblakkk,2047904769218576462,,,in,,0,0,0,https://x.com/undefined/status/2047904769218576462,1686726263355092992,
2047375198002036822,Sat Apr 25 05:05:17 +0000 2026,0,@triwul82 Ada kalimat keracunan menu MBG yg basi ... Maaf jika basi pasti kan sudah bau yaa... Kenapa tetap dimakan? Makanan bau jgn pernah dimakan... Klu udh bau yaa kembalikan saja lagi ke SPPG nya... Jgn dimakan sama sekali .. risiko bakal keracunan ... Please be smart,2047904757965304246,,triwul82,in,,0,0,0,https://x.com/undefined/status/2047904757965304246,1668021109730729984,
2047904756790935910,Sat Apr 25 05:05:16 +0000 2026,1,this is MBG My Bini Gwejh PHUWIN WITH LOREAL RAFFIA #LOrealRaffiaCushionXPhuwin #phuwintang https://t.co/Us7QKZLRzN,2047904756790935910,https://pbs.twimg.com/amplify_video_thumb/2047904291298680832/img/vE-ou_LbGwR-Tn1R.jpg,,in,,0,0,0,https://x.com/undefined/status/2047904756790935910,1984536314138804227,
2047904749815820351,Sat Apr 25 05:05:15 +0000 2026,0,ada yang mau makan siang bareng di spark ga???,2047904749815820351,,,in,,0,1,0,https://x.com/undefined/status/2047904749815820351,1304054057602932736,
2047904746015752677,Sat Apr 25 05:05:14 +0000 2026,0,bisa tuh makan ayam geprek empat hari berturut turut,2047904746015752677,,,in,,0,0,0,https://x.com/undefined/status/2047904746015752677,2032042249652203521,
2047716531778576759,Sat Apr 25 05:05:12 +0000 2026,0,@zanatul_91 kenapa pegawe mbg ga ada yg jobdesk nurun naikin ompreng sama bagiin ke murid?,2047904738696659084,,zanatul_91,in,,0,0,0,https://x.com/undefined/status/2047904738696659084,442835241,
2047904733726429492,Sat Apr 25 05:05:11 +0000 2026,1,Makan Siang ala Turis Malaysia di Pagi Sore PIK Habis Berapa Ya? https://t.co/H77QkTDxcd,2047904733726429492,,,in,,0,0,0,https://x.com/undefined/status/2047904733726429492,100182925,
2047877977623695660,Sat Apr 25 05:05:10 +0000 2026,0,@ewgeneahn Wanita itu memutar matanya dengan malas sambil menghela nafas panjang. Ya nggak gitu juga... Yaudah apa saja boleh deh toh aku tinggal makan. Tapi sama dessert boleh? Tawarnya lagi sembari menangkup wajahnya sendiri dan memberikan tatapan memohon padamu.,2047904730610061790,,ewgeneahn,in,,0,0,0,https://x.com/undefined/status/2047904730610061790,1358431255797239809,
2047904713472155950,Sat Apr 25 05:05:06 +0000 2026,18,Uda pada makan siang Hun? Apa menunya? Me: Telur orak arik 5 biji + nasi + tauge https://t.co/b0266asjzf,2047904713472155950,https://pbs.twimg.com/media/HGuee0ibEAAqd5e.jpg,,in,,1,22,2,https://x.com/undefined/status/2047904713472155950,1299845751325880320,
2047903059523805506,Sat Apr 25 05:05:05 +0000 2026,0,@khntut bantu makan aja,2047904710464831630,,khntut,in,,0,0,0,https://x.com/undefined/status/2047904710464831630,2031981598212808704,
2047904694115111385,Sat Apr 25 05:05:01 +0000 2026,0,Bagikan dukunganmu terhadap MBG makan bergizi tepat sasaran. https://t.co/0UtURLqtNb,2047904694115111385,https://pbs.twimg.com/media/HGued5eWIAASt9Z.jpg,,in,,0,0,0,https://x.com/undefined/status/2047904694115111385,1565163318536708096,
2047856448730972450,Sat Apr 25 05:05:00 +0000 2026,0,@AdamLois135708 @LambeSahamjja Negara mau maju gimana kalo purb4ya malah dukung MBG dukung koperasi merah dan selalu menolak kenaikan gaji guru gaji dokter. Belum lagi awal taun ini diem diem dia bikin utang baru 800 triliun ,2047904688000094315,,AdamLois135708,in,,0,0,0,https://x.com/undefined/status/2047904688000094315,1062475456824266752,
2047550515714859506,Sat Apr 25 05:04:58 +0000 2026,1,@egaalice Berbahagialah istri2 yg dpt suami&amp;mertua seperti itu.. bukan dapat suami mertua&amp;ipar2 yg berpihak kpd gundik krn sering di kasih uang ma gundik utk ngelunasi hutang&amp;kasih makan ,2047904681306030587,,egaalice,in,,0,1,0,https://x.com/undefined/status/2047904681306030587,463853150,
2047904678428786873,Sat Apr 25 05:04:58 +0000 2026,0,kupecahkan kepala kau dengan 100 ompreng mbg,2047904678428786873,,,in,,0,0,0,https://x.com/undefined/status/2047904678428786873,1944817356,
2047888564084773064,Sat Apr 25 05:04:52 +0000 2026,0,@thosedayinmarch @kimmyexp looks yummyy met makan ka,2047904652897993123,,thosedayinmarch,et,,0,0,0,https://x.com/undefined/status/2047904652897993123,1389244883169288193,
2047127810075148774,Sat Apr 25 05:04:49 +0000 2026,0,@EmpireTimu23003 @Duniakuyy Apalagi disuruh makan mie sama nasi Karbo sama Karbo malah jadi rasanya bloated banget kan.,2047904640369647688,,EmpireTimu23003,in,,0,0,0,https://x.com/undefined/status/2047904640369647688,1292635248371539968,
2047904633268678736,Sat Apr 25 05:04:47 +0000 2026,0,Lebih gampang menghakimi daripada mengajak benerin. Soalnya ngajak dan memperbaiki butuh interaksi butuh usaha yang makan waktu. Menghakimi ga perlu interaksi. Cukup vonis orang lalu selesai. https://t.co/18SSBk2uzs,2047904633268678736,https://pbs.twimg.com/media/HGueaFEbsAAz_Kn.jpg,,in,,0,0,0,https://x.com/undefined/status/2047904633268678736,124955883,
2046835202979455023,Sat Apr 25 05:04:45 +0000 2026,0,@Kikmi @antonellei KEREN BANGET MBG (My Bdriver GUE) jadi ga sabar menyambut next race. ,2047904624167022710,,Kikmi,in,,0,0,0,https://x.com/undefined/status/2047904624167022710,710771878936317953,
2047904624133448057,Sat Apr 25 05:04:45 +0000 2026,0,ngp nafsu makan aku tinggi bah,2047904624133448057,,,in,,0,0,0,https://x.com/undefined/status/2047904624133448057,1603023234932166656,
2047811671692103806,Sat Apr 25 05:04:42 +0000 2026,0,@kiridepanmang Whatever suits you kop... yg penting jgn lewat makan dan istirahat,2047904613932859772,,kiridepanmang,in,,0,0,0,https://x.com/undefined/status/2047904613932859772,1864118508201889792,
2047701032952820009,Sat Apr 25 05:04:35 +0000 2026,0,@nasidaruratJogj sebenere cukup tp ada kalane ngebet makan mewah jd berasa kurengg astaghfirullah,2047904583549395380,,nasidaruratJogj,in,,0,0,0,https://x.com/undefined/status/2047904583549395380,1678187089740050432,
2047845506525934001,Sat Apr 25 05:04:31 +0000 2026,0,@MusangWorkWear @radixhidayat Ke Jepang makan Tikka Masala di Indian shokudō dengan bendera Nepal akan terasa kurang afdol buat kebanyakan turis muslim yang pingin experience Nihon vibe,2047904566822461449,,MusangWorkWear,in,,0,0,0,https://x.com/undefined/status/2047904566822461449,1702038435605921792,
2047904558840721897,Sat Apr 25 05:04:29 +0000 2026,0,honestly kalo lagi makan sashimi gapernah makan gitu aja pasti udah direndem shoyu dan makan bareng gari. dan jarang juga sih yg bener2 mentah krn lebih milih nigiri salmon yg atasnya udah ditorch gitu jd udh ada kontak sama api lah atau yg carpacio,2047904558840721897,,,in,,0,0,0,https://x.com/undefined/status/2047904558840721897,1808067400941948928,
2047895838903730581,Sat Apr 25 05:04:28 +0000 2026,0,@Thwinttvc kaya belum makan dari pagi ,2047904555640504744,,Thwinttvc,in,,0,0,0,https://x.com/undefined/status/2047904555640504744,1512900215598051337,
2047902338069955015,Sat Apr 25 05:04:25 +0000 2026,0,@exyezeeet makan apa yg marah? takboki ( topoki ),2047904542390616310,,exyezeeet,in,,0,0,0,https://x.com/undefined/status/2047904542390616310,1780280310011437056,
2047904534870262152,Sat Apr 25 05:04:23 +0000 2026,0,bisa ngopi tiap hari tapi anggap setengah bulan aja bisa lebih dari 500 itu ngopi doang belum jajan sama makan,2047904534870262152,,,in,,0,0,0,https://x.com/undefined/status/2047904534870262152,1008155047002161153,
2047904515056447500,Sat Apr 25 05:04:19 +0000 2026,0,In my household ko nak masak apa2 ko beli barang sendiri. Senang takde adegan kutuk2 merajuk2 bila beli barang tak ikut piawaian. Masing2 dah besar boleh pergi kedai sendiri boleh bayar sendiri. Kalau tak sempat beli hari ni beli esok masak esok. Malas beli? Makan luar je.,2047904515056447500,,,in,,0,1,0,https://x.com/undefined/status/2047904515056447500,46072107,
2047904483821400128,Sat Apr 25 05:04:11 +0000 2026,0,Orang depresi itu membutuhkan bantuan meskipun secara paradoks menjauhi siapapun. Jadi cukup hadir disekitar mereka ngingetin makan mandi dan apa gtu dan yg penting lagi bagi yg ngerasa waras DIEM! Muncungnya gaperlu sok nasehatin ini itu gausah nge-judge..,2047904483821400128,,,in,,0,1,0,https://x.com/undefined/status/2047904483821400128,1959050801005174784,
2047904467815932045,Sat Apr 25 05:04:08 +0000 2026,0,Hari ini bisa makan enak ngga ya... Bobo dulu deh sambil nahan laper bersyukur seenggaknya masih bisa minum heheu semoga bangun nanti aku bisa mam enak（｡&gt;‿‿&lt;｡）,2047904467815932045,,,in,,0,0,0,https://x.com/undefined/status/2047904467815932045,1235519784931840001,
2047899076923130180,Sat Apr 25 05:04:07 +0000 2026,1,@myshawti @apeasia gk gitu juga kali konsepnya ngasih makan manusia 2026 emng lucu2,2047904465827877006,,myshawti,in,,0,1,0,https://x.com/undefined/status/2047904465827877006,2027770460851867649,
2047904461184790913,Sat Apr 25 05:04:06 +0000 2026,0,Ilmu Asal Bapak Senang yang paling TOP terupdate di 2026 adalah Motong 19.000 ekor sapi dalam 1 hari untuk MBG ...,2047904461184790913,,,in,,0,0,0,https://x.com/undefined/status/2047904461184790913,1549607043228585984,
2046953232791228430,Sat Apr 25 05:04:05 +0000 2026,0,@junmkook Yaaa sorry deh sibuk jadi full timer anak rumahan yang cuma bolak balik kamar tidur - meja makan - kamar mandi :],2047904457221136397,,junmkook,in,,0,0,0,https://x.com/undefined/status/2047904457221136397,1516698394177155073,
2047713455843795287,Sat Apr 25 05:04:03 +0000 2026,0,@kikialendra @fchani6 Siap bantu makan alpukat,2047904450724163606,,kikialendra,in,,0,0,0,https://x.com/undefined/status/2047904450724163606,3077441137,
2047845506525934001,Sat Apr 25 05:04:03 +0000 2026,0,@OdeOman @radixhidayat Kami punya yang halal silahkan makan di kami turis muslim senang yg punya bisnis juga senang dapet duit Simple ya padahal,2047904448819962328,,OdeOman,in,,0,0,0,https://x.com/undefined/status/2047904448819962328,1011233890621509633,
2047904410907586930,Sat Apr 25 05:03:54 +0000 2026,0,CEPEETT KLAIM SHOPEEFOOD DISKON 75% klaim di resto ini https://t.co/LnJVKBVUKe list resto yg bisa pake voucher nya https://t.co/TxrIlpqG4x Kode promo gratis ongkir gofood grabfood makanan daget mbg https://t.co/UvvhsR8XZV,2047904410907586930,https://pbs.twimg.com/media/HGueMGfawAA2aRv.jpg,,in,,0,0,0,https://x.com/undefined/status/2047904410907586930,2036362861510008832,
2047904406440640779,Sat Apr 25 05:03:53 +0000 2026,0,Dampak Nyata MBG MBG kini dirasakan manfaatnya jadi penggerak kepuasan publik dan ekonomi masyarakat. Transformasi Gizi Bangsa | Pilar MBG Kuat https://t.co/Uusg8U1OHT,2047904406440640779,https://pbs.twimg.com/media/HGueNHpbkAAf13T.jpg,,in,,0,0,0,https://x.com/undefined/status/2047904406440640779,1620140867486089217,
2047879327216554393,Sat Apr 25 05:03:51 +0000 2026,0,@muridANATCHAYA Halo Ayuna udah makan siang?,2047904400652533835,,muridANATCHAYA,in,,0,0,0,https://x.com/undefined/status/2047904400652533835,2006240318984011776,
2047904391873855937,Sat Apr 25 05:03:49 +0000 2026,0,Kegiatan bapak2 wiken ya pagi nyuci baju siang cuci Mobil skalian ngopi Dan makan siang https://t.co/bFRf4xEeQU,2047904391873855937,https://pbs.twimg.com/media/HGueL1ebIAAiAdv.jpg,,in,,0,0,0,https://x.com/undefined/status/2047904391873855937,97639549,
2047904366255100069,Sat Apr 25 05:03:43 +0000 2026,0,Giler bodoh penunggang agama ni. Kalau tak sejahtera kenapa berjuta orang luar datang ke Selangor cari rezeki dari kemakmuran negeri? Orang Perlis orang Kedah orang Kelantan orang Terengganu dan ramai lagi berduyun-duyun datang dan duduk sini cari makan. Orang UK pun ada. https://t.co/Dh32TU6tL3,2047904366255100069,https://pbs.twimg.com/media/HGueKkabcAAJ-eP.jpg,,in,,0,0,0,https://x.com/undefined/status/2047904366255100069,20758768,
2047904349649797253,Sat Apr 25 05:03:39 +0000 2026,0,Dukungan Publik 56 0% Mayoritas masyarakat mendukung keberlanjutan MBG. Sehat hari ini kuatkan generasi esok. Transformasi Gizi Bangsa | Pilar MBG Kuat https://t.co/hm5frnPklF,2047904349649797253,https://pbs.twimg.com/media/HGueJzAaAAA-yIR.jpg,,in,,0,0,0,https://x.com/undefined/status/2047904349649797253,1620140867486089217,
2047904341739421773,Sat Apr 25 05:03:37 +0000 2026,1,Kalau ada pun keracunan atau belatung di menu MBG Percayalah ‼️ itu cuma bagian dari Proses. https://t.co/v0IsBpa1AP,2047904341739421773,https://pbs.twimg.com/ext_tw_video_thumb/2047904318679101440/pu/img/yz_RBSYgPXqueBWd.jpg,,in,,0,0,0,https://x.com/undefined/status/2047904341739421773,1091031753924403200,
2047890310332858385,Sat Apr 25 05:03:37 +0000 2026,0,@norawitnaravit Haiii makan siang apa kamu?,2047904339688378431,,norawitnaravit,in,,0,1,0,https://x.com/undefined/status/2047904339688378431,1496740548970893317,
2047486881336897912,Sat Apr 25 05:03:34 +0000 2026,0,@honghyse @V_ooid @somexthread Terlalu pinter kok makan omongan sendiri gausah sok bahas overhate. Kaum pelangi noh kampanye over sampe ke anak2 mikir kalo punya otak. Kaum gay noh jg banyak yg abuse ke anak2 giliran dikatain dibilang dikit2 overhate. Kaga nyampe keknya otak lo,2047904327382262198,,honghyse,in,,0,0,0,https://x.com/undefined/status/2047904327382262198,1977192908366528512,
2047885188194337243,Sat Apr 25 05:03:32 +0000 2026,0,@markizusss biasanya klo ak naik kuda trs makan di tengah jalan tol,2047904317873819845,,markizusss,in,,0,1,0,https://x.com/undefined/status/2047904317873819845,1509876843410694144,
2047904311594922034,Sat Apr 25 05:03:30 +0000 2026,0,Badan kk io kayak ada layu layunya gitu blm makan kah ,2047904311594922034,,,in,,0,1,0,https://x.com/undefined/status/2047904311594922034,1965747608238100480,
2047903451745567014,Sat Apr 25 05:03:30 +0000 2026,0,@xselfol Dimulai dengan makan makanan manis mungkin?,2047904310089150699,,xselfol,in,,0,0,0,https://x.com/undefined/status/2047904310089150699,1770069724820615168,
2047904292770836506,Sat Apr 25 05:03:26 +0000 2026,0,Bang Madit: MBG Investasi Masa Depan MBG bukan sekadar program tapi investasi jangka panjang untuk generasi unggul. Episode 3 hadir! Transformasi Gizi Bangsa | Pilar MBG Kuat https://t.co/77y5Jy5zOc,2047904292770836506,https://pbs.twimg.com/ext_tw_video_thumb/2047904222889586688/pu/img/FtzYW7MDbFopEQM7.jpg,,in,,0,0,0,https://x.com/undefined/status/2047904292770836506,1620140867486089217,
2047902218809167997,Sat Apr 25 05:03:23 +0000 2026,0,@loveto562boy KEI ANWIEHWLSUW ANJEOW mikirinnya aja kek gamau makan anjir,2047904281685262417,,loveto562boy,in,,0,0,0,https://x.com/undefined/status/2047904281685262417,1340443990701707264,
2047855748668096865,Sat Apr 25 05:03:21 +0000 2026,0,@PremiereVizion GATAUUUUU aku lagi makan tiba tiba patah,2047904274697633942,,PremiereVizion,in,,0,0,0,https://x.com/undefined/status/2047904274697633942,1483431911293087746,
2047630625872707630,Sat Apr 25 05:03:21 +0000 2026,0,@hwuagyeji @Anaiesites Eumm ini sengaja ya biar bikin aku full senyum seharian ?! &gt;_____&lt; aku nggak nolak sama sekali loh kalau bidadari nya kaya gini habis ini kita udah boleh nge date makan mie ayam di gang sebelah kan? :&gt;,2047904274420797719,,hwuagyeji,in,,0,0,0,https://x.com/undefined/status/2047904274420797719,1516698394177155073,
2047893464608870539,Sat Apr 25 05:03:18 +0000 2026,0,@starryhaechii @cortis_bighit ini dia MBG yang sangat bergizi alias my bini gwwwjj god bless the dinosaur that died to make fossil fuel that was treated to become petrol for the car that took his mom to the hospital to give birth to someone as beautiful as him,2047904258935439402,,starryhaechii,en,,0,0,0,https://x.com/undefined/status/2047904258935439402,1470288205542952960,
2047904251028869365,Sat Apr 25 05:03:16 +0000 2026,0,Makan gratis gizi lengkap; siap semangat belajar? https://t.co/05Fr11ezTL,2047904251028869365,https://pbs.twimg.com/media/HGueEGEW4AAPk1G.jpg,,in,,0,0,0,https://x.com/undefined/status/2047904251028869365,1565163318536708096,
2047904203067330647,Sat Apr 25 05:03:04 +0000 2026,0,piring ini malah nambah mood buat makan sama piring corak kembang,2047904203067330647,,,in,,0,0,0,https://x.com/undefined/status/2047904203067330647,257884787,
2047874879794585802,Sat Apr 25 05:03:04 +0000 2026,0,@hoondiaryz makan @hoonnpuff,2047904201372786734,,hoondiaryz,in,,0,0,0,https://x.com/undefined/status/2047904201372786734,1319251277008650241,
2047904190803157448,Sat Apr 25 05:03:01 +0000 2026,0,Gizi &amp; Infrastruktur Sama-Sama Prioritas Pemerintah terus jalankan renovasi sekolah lewat APBN/APBD sambil memperkuat program gizi. Keduanya berjalan beriringan demi masa depan generasi. Transformasi Gizi Bangsa | Pilar MBG Kuat https://t.co/QfQVtVDW1d,2047904190803157448,https://pbs.twimg.com/media/HGueAd5asAAO8-d.jpg,,in,,0,0,0,https://x.com/undefined/status/2047904190803157448,1620140867486089217,
2047904181349191728,Sat Apr 25 05:02:59 +0000 2026,1,MBG(My Bini Gw) PHUWIN WITH LOREAL RAFFIA #LOrealRaffiaCushionXPhuwin https://t.co/8GNm89n1FH,2047904181349191728,https://pbs.twimg.com/media/HGud__abwAARvQq.jpg,,in,,0,0,0,https://x.com/undefined/status/2047904181349191728,2012345485307117568,
2047892447720841444,Sat Apr 25 05:02:50 +0000 2026,1,@Franken_blues Concept caterer nya harus berudah dgn motto nya: Hot Food Serve Hot Cold Food Serve Cold arti nya dapur MBG makanan jangan di prepare langsung dgn per orang krn terjdi Food Contamination makanan dingin dan panas di jadiin satu jd lembab. Use insert hot n Cold. https://t.co/wUOQJXWJMg,2047904142153445700,https://pbs.twimg.com/media/HGuc3d-aQAAoxAw.png,Franken_blues,in,,0,1,0,https://x.com/undefined/status/2047904142153445700,123804395,
2047874320232521816,Sat Apr 25 05:02:48 +0000 2026,0,@A_MutheJKT48 Nitip teteh ambilin makan wkwkwk,2047904134041633158,,A_MutheJKT48,in,,0,0,0,https://x.com/undefined/status/2047904134041633158,1676226088421462020,
2047687737206313256,Sat Apr 25 05:02:48 +0000 2026,0,@miccutu @lilaccountz @asralaaa singkatnya pas mereka udah abis jatah hidup dair Allah nanti Allah bakal turunin hujan ulat (beneran ulat turun bukan metafora lagi) yang masuk ke sela tubuh dan makan mereka dari dalam,2047904133890683310,,miccutu,in,,0,0,0,https://x.com/undefined/status/2047904133890683310,853215333926055939,
2047904132875661511,Sat Apr 25 05:02:48 +0000 2026,0,kamu bukan bocah yang makan gorengan 5 bayar 3 kan beb LOVE UPON A TIME EP5 #ภพเธอEP5,2047904132875661511,,,in,,0,1,0,https://x.com/undefined/status/2047904132875661511,1996175605830979584,
2047659032119538130,Sat Apr 25 05:02:44 +0000 2026,0,@cowosukamatcha Kangkung seiket cuma 2 ribu gak perlu daftar nikah juga tiap hari bisa makan kangkung sampe gumoh ,2047904117553815688,,cowosukamatcha,in,,0,0,0,https://x.com/undefined/status/2047904117553815688,1468825269909667840,
2047904115775406135,Sat Apr 25 05:02:44 +0000 2026,0,Sedih dengarnya... Jangan mau bodoh lagi jgn mau di tipu dan di manipulasi lagi... Seandainya 19 jt lap kerja terwujud &amp; pemerintah bekerja dgn benar rakyat tdk butuh MBG &amp; BLT... Tapi pemerintah lebih senang jika rakyat miskin &amp; bisa di kontrol demi kekuasaan mereka... https://t.co/SZ08vlk3ho,2047904115775406135,https://pbs.twimg.com/ext_tw_video_thumb/2047904066995728384/pu/img/t9WZSEF87SKaoYmo.jpg,,in,,0,0,1,https://x.com/undefined/status/2047904115775406135,1972560808317198336,
2047828823392272812,Sat Apr 25 05:02:43 +0000 2026,0,@tukangbalap55 @txtdaritaxpayer Gak bingung bakal kena jantung liat pengeluaran tiba2 mbg.,2047904112776548771,,tukangbalap55,in,,0,0,0,https://x.com/undefined/status/2047904112776548771,2001889473551044610,
2047904096313880926,Sat Apr 25 05:02:39 +0000 2026,0,Diabetes Jess nggak baik makan coklat tiap hari.,2047904096313880926,,,in,,0,0,0,https://x.com/undefined/status/2047904096313880926,1655530181053026304,
2047904049912291811,Sat Apr 25 05:02:28 +0000 2026,0,⠀ ⠀ Yummy. Kapan lagi bangun tidur ku terus makan. &lt;3 ⠀ ⠀,2047904049912291811,,,in,,0,0,0,https://x.com/undefined/status/2047904049912291811,2922496615,
2047904045969657886,Sat Apr 25 05:02:27 +0000 2026,0,aku pernah gini sejak itu trauma makan sushi tiap liat sushi di mall langsung mual mau muntah ,2047904045969657886,,,in,,0,0,0,https://x.com/undefined/status/2047904045969657886,462396895,
2047904037874606501,Sat Apr 25 05:02:25 +0000 2026,1,MBG summit nanti kira-kira menu makanannya ada lele bumbu kuning mentah nggak ya?,2047904037874606501,,,in,,0,0,0,https://x.com/undefined/status/2047904037874606501,41284868,
2047904014202024340,Sat Apr 25 05:02:19 +0000 2026,0,Coba tabok pake ompreng mbg kali aja lngsung berakhlak mulia,2047904014202024340,,,in,,0,0,0,https://x.com/undefined/status/2047904014202024340,1415352636950282245,
2047903420850348400,Sat Apr 25 05:02:18 +0000 2026,0,@yappingfess tergantung kantor mu untuk yang makan diruangan ya soalnya suka ada yang sensitip idungnya,2047904008925589845,,yappingfess,in,,0,0,0,https://x.com/undefined/status/2047904008925589845,1336474402079195137,
2047900154423132428,Sat Apr 25 05:02:18 +0000 2026,0,@pretteiest maksutnya apa ya ka tiap hari dipanggil sayang dan makan bareng tp AKU SERING DITINGGAL,2047904007377891543,,pretteiest,in,,0,0,0,https://x.com/undefined/status/2047904007377891543,2022541463721250819,
2047903999182143988,Sat Apr 25 05:02:16 +0000 2026,0,Nanti dbuatkan program MBG buat anak yang gak sekolah..ya kan dan..dadaaan..daaan mana lu,2047903999182143988,,,in,,0,0,0,https://x.com/undefined/status/2047903999182143988,71160058,
2047903994652360910,Sat Apr 25 05:02:15 +0000 2026,0,Di titik beli makanan aja mikir 3x kayaknya (gw butuh apa ngga) sudah jelas gw butuh tapi mikir besok makan apa kalo today beli ini NGAHAHAHA i hate life,2047903994652360910,,,in,,0,0,0,https://x.com/undefined/status/2047903994652360910,1427455794933506098,
2047903992915886487,Sat Apr 25 05:02:14 +0000 2026,0,Kenapa sih gue ngantukan mulu jdinya makan tidur makan tidur makan tidur,2047903992915886487,,,in,,0,1,0,https://x.com/undefined/status/2047903992915886487,1869019544230285312,
2047856448730972450,Sat Apr 25 05:02:05 +0000 2026,0,@Van_Kliw0n @LambeSahamjja Halah koboi apaan ihsg jeblok main gimik terus ga ada aksi nyata gaberani stop mbg gaberani naikin gaji guru gaberani stop koperasi korup gaberani naikin gaji dokter pedalaman. Omon omon sama kaya junjunganlu kaum 58% ,2047903952688353617,,Van_Kliw0n,in,,0,0,0,https://x.com/undefined/status/2047903952688353617,1062475456824266752,
2047888174295453761,Sat Apr 25 05:01:45 +0000 2026,1,@yowitsreal @psychologiq Aku juga makan coklat sebelum utbk happy fresh dan ga ngantuk tapi ttp oon waktu pk pm,2047903871952118186,,yowitsreal,in,,0,0,0,https://x.com/undefined/status/2047903871952118186,1607513179109855232,
2047903853019033680,Sat Apr 25 05:01:41 +0000 2026,0,semua terlihat murah sejak ada MBG,2047903853019033680,,,in,,0,0,0,https://x.com/undefined/status/2047903853019033680,1228768397883691008,
2047900172957688274,Sat Apr 25 05:01:37 +0000 2026,0,@jonqinv Makan siang bang,2047903836669682003,,jonqinv,in,,0,0,0,https://x.com/undefined/status/2047903836669682003,1362725061807906820,
2047674363789693322,Sat Apr 25 05:01:35 +0000 2026,0,@IRT_Comel Danantara BGN/MBG KDMP itu trio bersaudara dari rahim Wowok penerus Wiwik diajudani Tiwi. Semua uang rakyat lewat himbara &amp; bumn dikumpulkan Danantara uang pajak dari rakyat utk APBN dibelanjakan BGN &amp; KDMP dg anggaran fenomenal jor-joran brutal &amp; ambisius serakahnya.,2047903827144384733,,IRT_Comel,in,,0,0,0,https://x.com/undefined/status/2047903827144384733,155209732,
2047636006925672568,Sat Apr 25 05:01:34 +0000 2026,0,@nathvsoul di cafe pun sebenarnya banyak cowo yang nongkrong kek anak genk motor pada umumnya. dan sumpah mereka tuh kalo nongkrong makan banyak tempat banget anjing ,2047903822035751176,,nathvsoul,in,,0,0,0,https://x.com/undefined/status/2047903822035751176,1911031066510704640,
2047903815882670335,Sat Apr 25 05:01:32 +0000 2026,0,Gue lagi makan dimsum mentai,2047903815882670335,,,in,,0,0,0,https://x.com/undefined/status/2047903815882670335,2029033836630433792,
2047860665553928198,Sat Apr 25 05:01:32 +0000 2026,0,@diethingy Enggak asal lu olga. Gw kmrn makan popmie 1bks malkis izi 3 keping ice cream. Ga jd lemak banget krn gw olga juga tiap hari 1 5jam. Hari ini gw sarapan 2 telor + ⅛tahu panasin teflon tanpa minyak &amp; bumbu. 2 jam kemudian bikin kopi sachet+ mkn 2 roti meses ,2047903813944910229,,diethingy,in,,0,1,0,https://x.com/undefined/status/2047903813944910229,1871231835906465792,
2047901117540110511,Sat Apr 25 05:01:29 +0000 2026,0,@attazch kek ny laper tuh makan dlu deh,2047903802637062579,,attazch,in,,0,0,0,https://x.com/undefined/status/2047903802637062579,2001716106655076352,
2047903794563010977,Sat Apr 25 05:01:27 +0000 2026,0,Suruh minggir aja makan tempat banget,2047903794563010977,,,in,,0,0,0,https://x.com/undefined/status/2047903794563010977,1755551219714867200,
2047903777458634942,Sat Apr 25 05:01:23 +0000 2026,0,perseteruan batin antara aku yang beli makan atau megalodon yang beli makan,2047903777458634942,,,in,,0,0,0,https://x.com/undefined/status/2047903777458634942,1400440044708499456,
2047878238568141144,Sat Apr 25 05:01:20 +0000 2026,0,@nonogotmyback sementara di dimensi lain aku mimpi makan siang bareng jaeyong di kebun teh yang sampai sekarang buat aku mikir apa arti mimpi itu,2047903766830277013,,nonogotmyback,in,,0,0,0,https://x.com/undefined/status/2047903766830277013,1877366470201798656,
2047903749021348284,Sat Apr 25 05:01:16 +0000 2026,0,umm enak ga kakk makan uang hasil scamm??? untungnya tf nyaa dikit wkwkwkk @mikamiikuu hati hati ya guys dia scammer album lngshot td https://t.co/OhLOvGGBr0,2047903749021348284,https://pbs.twimg.com/media/HGudm3Ya0AAtALT.jpg,,in,,0,0,0,https://x.com/undefined/status/2047903749021348284,1714478179077992448,
2047903740745990310,Sat Apr 25 05:01:14 +0000 2026,0,Investasi gizi melalui program MBG justru memperkuat fokus siswa dalam meningkatkan mutu pendidikan. #kawalsampai2029 #jakartakondusif #indonesiaaman https://t.co/TorrIcfAdd,2047903740745990310,https://pbs.twimg.com/media/HGudTZOaUAA4RiP.jpg,,in,,0,0,0,https://x.com/undefined/status/2047903740745990310,1724324415943614464,
2047899051774079062,Sat Apr 25 05:01:12 +0000 2026,0,@wanskies akhirnya makan mangga dan pepaya,2047903732017647673,,wanskies,in,,0,1,0,https://x.com/undefined/status/2047903732017647673,1805705824846888960,
2047656828486418599,Sat Apr 25 05:01:11 +0000 2026,0,@KangK0p1 @baseconvo ni orang kalo dikasih makan daging busuk pasti ttp bersyukur dan bandingannya daripada ga makan hadeh oon,2047903725566804123,,KangK0p1,in,,0,0,0,https://x.com/undefined/status/2047903725566804123,1377980361733332993,
2047903718348365824,Sat Apr 25 05:01:09 +0000 2026,0,Gue tuh ga bisa kalau weekend² gini keluar cuma makan tok kek mungkin stgh jam dg kondisi sepanas ini. Ga worth it buat gue yg harus effort mandi dulu siap² dandan perjalanan motoran yg ga deket dan melawan panasnya surabaya yang membara ini i can't. Mending rebahan.,2047903718348365824,,,in,,0,0,0,https://x.com/undefined/status/2047903718348365824,231306535,
2047896203048968427,Sat Apr 25 05:01:06 +0000 2026,0,@flynanaart Bisa makan berapa banyaak? ,2047903707082502209,,flynanaart,in,,0,0,0,https://x.com/undefined/status/2047903707082502209,1582545602638118914,
2047564218287919516,Sat Apr 25 05:01:05 +0000 2026,1,@Tetch002 Jepang yang menyusahkan. Zaman makan gaplek kan setelah Jepang berkuasa. Zaman Belanda buyutku kerja dengan mereka nggak terlalu sengsara.,2047903702615564709,,Tetch002,in,,0,0,0,https://x.com/undefined/status/2047903702615564709,118363988,
2046396238816506062,Sat Apr 25 05:01:05 +0000 2026,0,Pada akhir kegiatan mereka Nao menghabiskan air mineralnya dan membawa alat makan yang sudah dipakai menuju tempat yang sudah disediakan. Sekali lagi ia berterima kasih kepada staff sebelum berpisah dengan kedua temannya dan meninggalkan gedung Eiken.,2047903701646660048,,hennakyo,in,,0,1,0,https://x.com/undefined/status/2047903701646660048,2550779954,
2047372331669156229,Sat Apr 25 05:01:03 +0000 2026,0,@keonhod biasanya anak sekolahan masih dapet MBG pasti lu masih dapet kan?,2047903693841027402,,keonhod,in,,0,0,0,https://x.com/undefined/status/2047903693841027402,2605359384,
2047903650446770346,Sat Apr 25 05:00:53 +0000 2026,0,Jujur aja aku makan enak hari ini tapi siang ini aku bingung pengen makan apa :( kasih tau aku makanan yg enak dong pls,2047903650446770346,,,in,,0,0,0,https://x.com/undefined/status/2047903650446770346,2000520323855454208,
2047671385913475149,Sat Apr 25 05:00:51 +0000 2026,2,@LinChungCN Air Asia is a low cost airline (in fact the best low cost airline in the world) 啊你去路邊攤吃炸串有希望可以享受服務員在冷氣房裡倒茶給您的待遇嗎 It s like demanding for a servant to serve you drinks in an aircond room when in fact ko makan dekat warung satay tepi jalan,2047903641718395227,,LinChungCN,zh,,0,0,0,https://x.com/undefined/status/2047903641718395227,839137358,
2047894340689866963,Sat Apr 25 05:00:46 +0000 2026,0,@itoshiaiai ntr yak tunggu gwa makan,2047903623867515203,,itoshiaiai,in,,0,0,0,https://x.com/undefined/status/2047903623867515203,1245406763878363136,
2047723243675828312,Sat Apr 25 05:00:42 +0000 2026,0,@knaarin_ HAPPY BIRTHDAY BYY wish u all the best yaa jangan lupa makan enak hari ini ,2047903607723643102,,knaarin_,in,,0,0,0,https://x.com/undefined/status/2047903607723643102,2023332234170904576,
2047895745538486405,Sat Apr 25 05:00:28 +0000 2026,0,@trexkempot ini abis makan reyy,2047903547505967271,,trexkempot,in,,0,0,0,https://x.com/undefined/status/2047903547505967271,1990394912572067840,
2047903545194950738,Sat Apr 25 05:00:28 +0000 2026,0,Weird.tapi suddenly craving nak makan cheese cake. Baru tadi tibai tiramisu latte ais. Not enough cheesee,2047903545194950738,,,in,,0,0,0,https://x.com/undefined/status/2047903545194950738,1999860523702386688,
2047814229735125160,Sat Apr 25 05:00:26 +0000 2026,0,@Lzeviowsa semangat ya! jangan lupa double check berkas makan sebelum ujian &amp; ke kamar kecil sebelum masuk ruangan biar nnt fokus tanpa gangguan apapun &lt;3 GO GO SKOR 800++ ,2047903538077217242,,Lzeviowsa,in,,0,0,0,https://x.com/undefined/status/2047903538077217242,1666793168426405888,
2047903533253685515,Sat Apr 25 05:00:25 +0000 2026,0,jangan lupa makan siang semuanya,2047903533253685515,,,in,,0,0,0,https://x.com/undefined/status/2047903533253685515,2043035506628530177,
2047903360368664790,Sat Apr 25 04:59:43 +0000 2026,0,Senangnya makan soto daging di lombok jelas gaada. https://t.co/aaFDShCNRL,2047903360368664790,https://pbs.twimg.com/media/HGudPi5bcAAT8QR.jpg,,in,,0,0,0,https://x.com/undefined/status/2047903360368664790,1071493152924610561,
2047903316898984235,Sat Apr 25 04:59:33 +0000 2026,0,mo beli makan bingung bingung karna gada duitnya WKWKKWKWKWWKKWKWKKWKWKWKWKWKWWKWKWKWKWKWKKWKWKWKWKKWKWKWKKWKWKWKWKKWKWKKWKWKEKWKWKKWK,2047903316898984235,,,in,,0,0,0,https://x.com/undefined/status/2047903316898984235,1928667099704279040,
2047737861781561728,Sat Apr 25 04:59:09 +0000 2026,0,@PaltiHutabarat BURSA EFEK yg dibanggakan nyungsep bablas anggaran ratusan triliun yg digelontorkan ke bank ngg jlan krena ekonomi mandek. MBG &amp; KMP bocor boros ugal2an.. BI ngg berdaya dollar 17.300...,2047903217766576364,,PaltiHutabarat,in,,0,0,0,https://x.com/undefined/status/2047903217766576364,356695828,
2047903217661648898,Sat Apr 25 04:59:09 +0000 2026,0,Pengentasan minimnya pendidikan lbh baik daripada sibuk membesarkan MBG yg hanya dinikmati oleh Oknum aparat dan parpol.,2047903217661648898,,,in,,0,0,0,https://x.com/undefined/status/2047903217661648898,1362324015444992000,
2047903216810254677,Sat Apr 25 04:59:09 +0000 2026,0,TUTUP DAPUR MBG BIARKAN MOHAN YANG MEMASAAAKKKK️‍,2047903216810254677,,,in,,0,0,0,https://x.com/undefined/status/2047903216810254677,1384473832149295105,
2047903215711305861,Sat Apr 25 04:59:09 +0000 2026,0,makan siang nya pake ini ternyata:(((,2047903215711305861,,,in,,0,0,0,https://x.com/undefined/status/2047903215711305861,1919745913322639360,
2047901902025936930,Sat Apr 25 04:59:06 +0000 2026,0,@hazva24 Terima kasih. Jangan lupa makan siang ya,2047903201438101904,,hazva24,in,,0,0,0,https://x.com/undefined/status/2047903201438101904,1967399717501030402,
2047900025561526647,Sat Apr 25 04:59:03 +0000 2026,0,@isnansayyidinaa wo kenyang banget pasti makan ini,2047903188628689345,,isnansayyidinaa,in,,0,0,0,https://x.com/undefined/status/2047903188628689345,2646212244,
2047664192644407726,Sat Apr 25 04:58:58 +0000 2026,1,@rizalgelap @dospeng dinasti atut mengerikan uang rakyat dipakai utk foya2 sedang di berita ada warga banten yg mengais sampah utk cari makan. ketika ditanya wartawan gubernur atut bilang wajar kalau pejabat menikmati uang rakyat. waktu itu wagubnya rano karno.,2047903171306221721,,rizalgelap,in,,0,0,0,https://x.com/undefined/status/2047903171306221721,1838417272320462851,
2047903155086864826,Sat Apr 25 04:58:55 +0000 2026,1,Selamat makan guys jangan lupa makan sayur biar lancar eek️ https://t.co/0LSboqN8Qr,2047903155086864826,https://pbs.twimg.com/media/HGudD1qbMAACOQG.jpg,,in,,0,0,0,https://x.com/undefined/status/2047903155086864826,1846911156981817344,
2047903150729035878,Sat Apr 25 04:58:53 +0000 2026,0,Nenek bilang jambu biji itu bukan cuma enak tapi juga penjaga kesehatan. Dulu kalau aku mulai batuk atau merasa nggak enak badan pasti disuruh makan jambu.,2047903150729035878,,,in,,0,1,0,https://x.com/undefined/status/2047903150729035878,1871620775922327553,
2047903141447033114,Sat Apr 25 04:58:51 +0000 2026,0,Makin MBG,2047903141447033114,,,in,,0,0,0,https://x.com/undefined/status/2047903141447033114,172224693,
2047903088019935651,Sat Apr 25 04:58:39 +0000 2026,0,Aku juga kayaknya kalau kuliah gak bisa beli buku sebanyak pas lagi gap year karena walaupun duit jajan di lebih banyak harus tetep irit buat hidup di kos kalau di rumah kan makan di rumah jadi duit jajan bisa di sisihin buat buku,2047903088019935651,,,in,,0,1,0,https://x.com/undefined/status/2047903088019935651,1878785594316505088,
2047903070701691261,Sat Apr 25 04:58:34 +0000 2026,0,ayam geprek makanan yang gue makan ketika mama gue gak masak atau gue sendirian di rumah ,2047903070701691261,,,in,,0,0,0,https://x.com/undefined/status/2047903070701691261,1911031066510704640,
2047863704906277245,Sat Apr 25 04:58:34 +0000 2026,0,@HabisNontonFilm season 2nya ampas dan makan banyak duit krn harus buat script ulang dan shooting ulang,2047903069829247185,,HabisNontonFilm,in,,0,0,0,https://x.com/undefined/status/2047903069829247185,1878652603099488256,
2047903062577299906,Sat Apr 25 04:58:32 +0000 2026,0,Baru jam segini udah ngopi 2x mana makan belum samsek,2047903062577299906,,,in,,0,0,0,https://x.com/undefined/status/2047903062577299906,1130030382663884800,
2045370494267052263,Sat Apr 18 05:15:01 +0000 2026,2,Sumpah rezeki itu bukan cuma sekedar materi. Tapi masih bisa bagun besok hari Masih bisa makan sampe malam hari Masih bisa melakukan aktivitas sehari hari Ya walaupun ga munafik gue juga butuh materi. Cukup mensyukuri hal hal kecil mudah mudahan rezeki datang dengan sendirinya.,2045370494267052263,,,in,,0,1,0,https://x.com/undefined/status/2045370494267052263,2260292600,
2045370575980490872,Sat Apr 18 05:15:21 +0000 2026,0,pecat semua pegawai mbg let me cook https://t.co/Ky9tajtkAA,2045370575980490872,https://pbs.twimg.com/media/HGKdsfraMAIfiiV.jpg,,in,,0,1,0,https://x.com/undefined/status/2045370575980490872,1038103200660738050,
2045367438435618937,Sat Apr 18 05:15:19 +0000 2026,1,@sliceofsals MET makan ka,2045370571282923806,,sliceofsals,in,,0,1,0,https://x.com/undefined/status/2045370571282923806,1992804326860091392,
2045034074449064326,Sat Apr 18 05:15:17 +0000 2026,0,@aril_piterpen1 Meanwhile bapak ku makan aglio olio pake sambal ijo rumah makan padang,2045370560641901032,,aril_piterpen1,in,,0,0,0,https://x.com/undefined/status/2045370560641901032,45791073,
2045370560247722482,Sat Apr 18 05:15:17 +0000 2026,0,Liat lele makan pisang niii keingett temen gue sering bangettt bawain gue pisang bejirrrr mana sambil teriakkk NADDDDD PISANGG ,2045370560247722482,,,in,,0,0,0,https://x.com/undefined/status/2045370560247722482,1861035949368672256,
2045370552588947968,Sat Apr 18 05:15:15 +0000 2026,8,Siang bolong matahari terik Angin sepoi bawa keringat netes. Makan siang dulu bolo jangan panik Kerja keras nanti rejeki yang bales. https://t.co/Gby9ecqX3d,2045370552588947968,https://pbs.twimg.com/media/HGKdi6IbEAAXYGI.jpg,,in,,1,0,3,https://x.com/undefined/status/2045370552588947968,3827798354,
2045370494267052263,Sat Apr 18 05:15:01 +0000 2026,2,Sumpah rezeki itu bukan cuma sekedar materi. Tapi masih bisa bagun besok hari Masih bisa makan sampe malam hari Masih bisa melakukan aktivitas sehari hari Ya walaupun ga munafik gue juga butuh materi. Cukup mensyukuri hal hal kecil mudah mudahan rezeki datang dengan sendirinya.,2045370494267052263,,,in,,0,1,0,https://x.com/undefined/status/2045370494267052263,2260292600,
2045370458930102676,Sat Apr 18 05:14:53 +0000 2026,0,Wahh kenyang banget pastinya ya makan haknya 1.900 orang. Apa gak smp muntah2 itu. Naudzubillah,2045370458930102676,,,in,,0,0,0,https://x.com/undefined/status/2045370458930102676,158248732,
2045370449488679077,Sat Apr 18 05:14:50 +0000 2026,0,mungkin malu gasiiii pdhal bikinnya pakeee hatii wkwkwkw. tp yaudaaa gpp itu jg mau makan meskipun gamau bawaaa hihiii,2045370449488679077,,,in,,0,0,0,https://x.com/undefined/status/2045370449488679077,1756172749180149760,
2045341808163770456,Sat Apr 18 05:14:48 +0000 2026,0,@Kayydrm bener kitq mah belum laper ya belum makan eh malah pusing ekek,2045370438902338029,,Kayydrm,in,,0,1,0,https://x.com/undefined/status/2045370438902338029,1946561930585600001,
2045336844632748188,Sat Apr 18 05:14:46 +0000 2026,1,@KalanaraDika Pernah dia streaming seru banget sampai lebih lama dari biasanya. Dia ninggalin streamnya untuk shalat ashar dengan alasan mau makan dulu foya-foyaaaa hehehe . Saya tanya kok nggak ngomong aja kalau stream dipause untuk shalat? Dia jawab: supaya gak ada yang nebak agama.,2045370429192515754,,401kgsw,in,,0,0,0,https://x.com/undefined/status/2045370429192515754,1549952098015809536,
2045369667372630135,Sat Apr 18 05:14:45 +0000 2026,0,@Jayvaa_21 cukup kl ga makan,2045370428118720943,,Jayvaa_21,in,,0,1,0,https://x.com/undefined/status/2045370428118720943,1525511216029831175,
2045368013873205473,Sat Apr 18 05:14:45 +0000 2026,0,@alfamarb makan jeruk kah wkwk,2045370425346269669,,alfamarb,in,,0,0,0,https://x.com/undefined/status/2045370425346269669,2042525447334879232,
2045363752221258195,Sat Apr 18 05:14:40 +0000 2026,0,@tertamvan_ Tidur bangun minta makan energinya naek atau cat zoomies terus capek bobo lagi,2045370405293297904,,tertamvan_,in,,0,0,0,https://x.com/undefined/status/2045370405293297904,1782299854783598592,
2045370403422703875,Sat Apr 18 05:14:39 +0000 2026,0,Jalan pun dia jabanin sambil makan #TleFirstoneFansignInNanJing,2045370403422703875,,,in,,0,0,0,https://x.com/undefined/status/2045370403422703875,1797734778386751489,
2045370377745186949,Sat Apr 18 05:14:33 +0000 2026,0,Program Makan Bergizi Gratis Untuk Generasi Sehat dan Produktif https://t.co/LJsiKhI9Uu,2045370377745186949,https://pbs.twimg.com/media/HGKdgzLa0AAoL8K.jpg,,in,,0,0,0,https://x.com/undefined/status/2045370377745186949,2013829533372395520,
2045351547484479918,Sat Apr 18 05:14:32 +0000 2026,0,@han_dycam Haduhhh mbg kntr kmren siomai lagi takutnya ikan sapu2 isinya ,2045370373798289428,,han_dycam,in,,0,0,0,https://x.com/undefined/status/2045370373798289428,842525043112345600,
2045370373605302373,Sat Apr 18 05:14:32 +0000 2026,4,Desert pun siap .. panas-panas ni nikmat la makan baru keluar dari peti ais . https://t.co/2sMnTMYKxq,2045370373605302373,https://pbs.twimg.com/media/HGKdhAUa4AAm70h.jpg,,in,,0,1,0,https://x.com/undefined/status/2045370373605302373,1538540803425206273,
2045370353992741316,Sat Apr 18 05:14:28 +0000 2026,32,Dulu pas belum ada Mbak pernah stress bgt karena mental load kerjaan. Curcol ke bestie pengen bgt pas pulang kantor udh ada makanan biar ga perlu mikir lagi mesti makan apa. Besoknya dikirimin ayam panggang seekor utuh yg bisa dimakan sampe 3 hari. I love people who listen.,2045370353992741316,,,in,,2,1,0,https://x.com/undefined/status/2045370353992741316,79430599,
2045309977959805169,Sat Apr 18 05:14:27 +0000 2026,0,@tamaaiden Si susah makan tuh,2045370349416747016,,tamaaiden,in,,0,1,0,https://x.com/undefined/status/2045370349416747016,1531659614256631808,
2045206027378000339,Sat Apr 18 05:15:26 +0000 2026,0,@vanidicis Lu makan per berapa hari sekali ya.,2045370599875412372,,vanidicis,in,,0,0,0,https://x.com/undefined/status/2045370599875412372,3244028349,
2045369454981435469,Sat Apr 18 05:15:25 +0000 2026,0,@acasrkive tiati kak jgn lupa makan nya juga,2045370592736747594,,acasrkive,in,,0,1,0,https://x.com/undefined/status/2045370592736747594,1700388642953613312,
2045370584285299093,Sat Apr 18 05:15:23 +0000 2026,1,Udah. Tidak akan lagi gua ngasih makan engagement ke akun-akun bercentang biru tengil. Mau balik ngewibu aje gua adios.,2045370584285299093,,,in,,0,0,0,https://x.com/undefined/status/2045370584285299093,1455084328803733514,
2045370584272703975,Sat Apr 18 05:15:23 +0000 2026,0,jangan lupa makan untuk jiwa jiwa yang tersakiti https://t.co/LQ5a7SMeQC,2045370584272703975,https://pbs.twimg.com/ext_tw_video_thumb/1620756431728422913/pu/img/3dorNH3wElMMJtHb.jpg,,in,,0,0,0,https://x.com/undefined/status/2045370584272703975,2591206351,
2045022325817655419,Sat Apr 18 05:15:22 +0000 2026,0,@marrooenn makan dulu laper.,2045370581030441214,,marrooenn,in,,0,0,0,https://x.com/undefined/status/2045370581030441214,1742012993855164416,
2045370575980490872,Sat Apr 18 05:15:21 +0000 2026,0,pecat semua pegawai mbg let me cook https://t.co/Ky9tajtkAA,2045370575980490872,https://pbs.twimg.com/media/HGKdsfraMAIfiiV.jpg,,in,,0,1,0,https://x.com/undefined/status/2045370575980490872,1038103200660738050,
2045367438435618937,Sat Apr 18 05:15:19 +0000 2026,1,@sliceofsals MET makan ka,2045370571282923806,,sliceofsals,in,,0,1,0,https://x.com/undefined/status/2045370571282923806,1992804326860091392,
2045034074449064326,Sat Apr 18 05:15:17 +0000 2026,0,@aril_piterpen1 Meanwhile bapak ku makan aglio olio pake sambal ijo rumah makan padang,2045370560641901032,,aril_piterpen1,in,,0,0,0,https://x.com/undefined/status/2045370560641901032,45791073,
2045370560247722482,Sat Apr 18 05:15:17 +0000 2026,0,Liat lele makan pisang niii keingett temen gue sering bangettt bawain gue pisang bejirrrr mana sambil teriakkk NADDDDD PISANGG ,2045370560247722482,,,in,,0,0,0,https://x.com/undefined/status/2045370560247722482,1861035949368672256,
2045370552588947968,Sat Apr 18 05:15:15 +0000 2026,8,Siang bolong matahari terik Angin sepoi bawa keringat netes. Makan siang dulu bolo jangan panik Kerja keras nanti rejeki yang bales. https://t.co/Gby9ecqX3d,2045370552588947968,https://pbs.twimg.com/media/HGKdi6IbEAAXYGI.jpg,,in,,1,0,3,https://x.com/undefined/status/2045370552588947968,3827798354,
2045370494267052263,Sat Apr 18 05:15:01 +0000 2026,2,Sumpah rezeki itu bukan cuma sekedar materi. Tapi masih bisa bagun besok hari Masih bisa makan sampe malam hari Masih bisa melakukan aktivitas sehari hari Ya walaupun ga munafik gue juga butuh materi. Cukup mensyukuri hal hal kecil mudah mudahan rezeki datang dengan sendirinya.,2045370494267052263,,,in,,0,1,0,https://x.com/undefined/status/2045370494267052263,2260292600,
2045370458930102676,Sat Apr 18 05:14:53 +0000 2026,0,Wahh kenyang banget pastinya ya makan haknya 1.900 orang. Apa gak smp muntah2 itu. Naudzubillah,2045370458930102676,,,in,,0,0,0,https://x.com/undefined/status/2045370458930102676,158248732,
2045370449488679077,Sat Apr 18 05:14:50 +0000 2026,0,mungkin malu gasiiii pdhal bikinnya pakeee hatii wkwkwkw. tp yaudaaa gpp itu jg mau makan meskipun gamau bawaaa hihiii,2045370449488679077,,,in,,0,0,0,https://x.com/undefined/status/2045370449488679077,1756172749180149760,
2045341808163770456,Sat Apr 18 05:14:48 +0000 2026,0,@Kayydrm bener kitq mah belum laper ya belum makan eh malah pusing ekek,2045370438902338029,,Kayydrm,in,,0,1,0,https://x.com/undefined/status/2045370438902338029,1946561930585600001,
2045336844632748188,Sat Apr 18 05:14:46 +0000 2026,1,@KalanaraDika Pernah dia streaming seru banget sampai lebih lama dari biasanya. Dia ninggalin streamnya untuk shalat ashar dengan alasan mau makan dulu foya-foyaaaa hehehe . Saya tanya kok nggak ngomong aja kalau stream dipause untuk shalat? Dia jawab: supaya gak ada yang nebak agama.,2045370429192515754,,401kgsw,in,,0,0,0,https://x.com/undefined/status/2045370429192515754,1549952098015809536,
2045369667372630135,Sat Apr 18 05:14:45 +0000 2026,0,@Jayvaa_21 cukup kl ga makan,2045370428118720943,,Jayvaa_21,in,,0,1,0,https://x.com/undefined/status/2045370428118720943,1525511216029831175,
2045368013873205473,Sat Apr 18 05:14:45 +0000 2026,0,@alfamarb makan jeruk kah wkwk,2045370425346269669,,alfamarb,in,,0,0,0,https://x.com/undefined/status/2045370425346269669,2042525447334879232,
2045363752221258195,Sat Apr 18 05:14:40 +0000 2026,0,@tertamvan_ Tidur bangun minta makan energinya naek atau cat zoomies terus capek bobo lagi,2045370405293297904,,tertamvan_,in,,0,0,0,https://x.com/undefined/status/2045370405293297904,1782299854783598592,
2045370403422703875,Sat Apr 18 05:14:39 +0000 2026,0,Jalan pun dia jabanin sambil makan #TleFirstoneFansignInNanJing,2045370403422703875,,,in,,0,0,0,https://x.com/undefined/status/2045370403422703875,1797734778386751489,
2045367566307312095,Sat Apr 18 05:15:30 +0000 2026,1,@jodohwy 3.makan,2045370616627524071,,jodohwy,in,,0,1,0,https://x.com/undefined/status/2045370616627524071,2036890698935595008,
2045321197416747084,Sat Apr 18 05:15:30 +0000 2026,0,@skzleknow halo abang lino! udah makan siang belum?,2045370614643614140,,skzleknow,in,,0,1,0,https://x.com/undefined/status/2045370614643614140,3255762146,
2045206027378000339,Sat Apr 18 05:15:26 +0000 2026,0,@vanidicis Lu makan per berapa hari sekali ya.,2045370599875412372,,vanidicis,in,,0,0,0,https://x.com/undefined/status/2045370599875412372,3244028349,
2045369454981435469,Sat Apr 18 05:15:25 +0000 2026,0,@acasrkive tiati kak jgn lupa makan nya juga,2045370592736747594,,acasrkive,in,,0,1,0,https://x.com/undefined/status/2045370592736747594,1700388642953613312,
2045370584285299093,Sat Apr 18 05:15:23 +0000 2026,1,Udah. Tidak akan lagi gua ngasih makan engagement ke akun-akun bercentang biru tengil. Mau balik ngewibu aje gua adios.,2045370584285299093,,,in,,0,0,0,https://x.com/undefined/status/2045370584285299093,1455084328803733514,
2045370584272703975,Sat Apr 18 05:15:23 +0000 2026,0,jangan lupa makan untuk jiwa jiwa yang tersakiti https://t.co/LQ5a7SMeQC,2045370584272703975,https://pbs.twimg.com/ext_tw_video_thumb/1620756431728422913/pu/img/3dorNH3wElMMJtHb.jpg,,in,,0,0,0,https://x.com/undefined/status/2045370584272703975,2591206351,
2045022325817655419,Sat Apr 18 05:15:22 +0000 2026,0,@marrooenn makan dulu laper.,2045370581030441214,,marrooenn,in,,0,0,0,https://x.com/undefined/status/2045370581030441214,1742012993855164416,
2045370575980490872,Sat Apr 18 05:15:21 +0000 2026,0,pecat semua pegawai mbg let me cook https://t.co/Ky9tajtkAA,2045370575980490872,https://pbs.twimg.com/media/HGKdsfraMAIfiiV.jpg,,in,,0,1,0,https://x.com/undefined/status/2045370575980490872,1038103200660738050,
2045367438435618937,Sat Apr 18 05:15:19 +0000 2026,1,@sliceofsals MET makan ka,2045370571282923806,,sliceofsals,in,,0,1,0,https://x.com/undefined/status/2045370571282923806,1992804326860091392,
2045034074449064326,Sat Apr 18 05:15:17 +0000 2026,0,@aril_piterpen1 Meanwhile bapak ku makan aglio olio pake sambal ijo rumah makan padang,2045370560641901032,,aril_piterpen1,in,,0,0,0,https://x.com/undefined/status/2045370560641901032,45791073,
2045370560247722482,Sat Apr 18 05:15:17 +0000 2026,0,Liat lele makan pisang niii keingett temen gue sering bangettt bawain gue pisang bejirrrr mana sambil teriakkk NADDDDD PISANGG ,2045370560247722482,,,in,,0,0,0,https://x.com/undefined/status/2045370560247722482,1861035949368672256,
2045370552588947968,Sat Apr 18 05:15:15 +0000 2026,8,Siang bolong matahari terik Angin sepoi bawa keringat netes. Makan siang dulu bolo jangan panik Kerja keras nanti rejeki yang bales. https://t.co/Gby9ecqX3d,2045370552588947968,https://pbs.twimg.com/media/HGKdi6IbEAAXYGI.jpg,,in,,1,0,3,https://x.com/undefined/status/2045370552588947968,3827798354,
2045370494267052263,Sat Apr 18 05:15:01 +0000 2026,2,Sumpah rezeki itu bukan cuma sekedar materi. Tapi masih bisa bagun besok hari Masih bisa makan sampe malam hari Masih bisa melakukan aktivitas sehari hari Ya walaupun ga munafik gue juga butuh materi. Cukup mensyukuri hal hal kecil mudah mudahan rezeki datang dengan sendirinya.,2045370494267052263,,,in,,0,1,0,https://x.com/undefined/status/2045370494267052263,2260292600,
2045370458930102676,Sat Apr 18 05:14:53 +0000 2026,0,Wahh kenyang banget pastinya ya makan haknya 1.900 orang. Apa gak smp muntah2 itu. Naudzubillah,2045370458930102676,,,in,,0,0,0,https://x.com/undefined/status/2045370458930102676,158248732,
2045370449488679077,Sat Apr 18 05:14:50 +0000 2026,0,mungkin malu gasiiii pdhal bikinnya pakeee hatii wkwkwkw. tp yaudaaa gpp itu jg mau makan meskipun gamau bawaaa hihiii,2045370449488679077,,,in,,0,0,0,https://x.com/undefined/status/2045370449488679077,1756172749180149760,
2045341808163770456,Sat Apr 18 05:14:48 +0000 2026,0,@Kayydrm bener kitq mah belum laper ya belum makan eh malah pusing ekek,2045370438902338029,,Kayydrm,in,,0,1,0,https://x.com/undefined/status/2045370438902338029,1946561930585600001,
2045336844632748188,Sat Apr 18 05:14:46 +0000 2026,1,@KalanaraDika Pernah dia streaming seru banget sampai lebih lama dari biasanya. Dia ninggalin streamnya untuk shalat ashar dengan alasan mau makan dulu foya-foyaaaa hehehe . Saya tanya kok nggak ngomong aja kalau stream dipause untuk shalat? Dia jawab: supaya gak ada yang nebak agama.,2045370429192515754,,401kgsw,in,,0,0,0,https://x.com/undefined/status/2045370429192515754,1549952098015809536,
2045369667372630135,Sat Apr 18 05:14:45 +0000 2026,0,@Jayvaa_21 cukup kl ga makan,2045370428118720943,,Jayvaa_21,in,,0,1,0,https://x.com/undefined/status/2045370428118720943,1525511216029831175,
2045368013873205473,Sat Apr 18 05:14:45 +0000 2026,0,@alfamarb makan jeruk kah wkwk,2045370425346269669,,alfamarb,in,,0,0,0,https://x.com/undefined/status/2045370425346269669,2042525447334879232,
2045369653191672088,Sat Apr 18 05:15:42 +0000 2026,0,@engkoldongs Betul makan itu wajib,2045370666954924460,,engkoldongs,in,,0,0,0,https://x.com/undefined/status/2045370666954924460,1317455086147096576,
2045367980213850577,Sat Apr 18 05:15:42 +0000 2026,0,karena ada seperti irisan bawang bombay atau helaian batang sawi putih yang sudah terfermentasi. jadi tadi aromanya naik karena isiannya seperti itu dan kinerja bakteri yang masih hidup jadi aktif dan sedang makan apapun yang edible buat mereka; terus kentut. baunya itu. ,2045370663838343405,,alheimur,in,,0,0,0,https://x.com/undefined/status/2045370663838343405,21984943,
2045360918398418951,Sat Apr 18 05:15:38 +0000 2026,0,@ZeroDev21 Gak juga makan ikan lain emang bukan pemakan ikan aja,2045370649250783352,,ZeroDev21,in,,0,0,0,https://x.com/undefined/status/2045370649250783352,613294076,
2045370648672027125,Sat Apr 18 05:15:38 +0000 2026,0,gabisa kalo gw gamau kalah gw merasa bisa makan lebih banyak daripada ohyul we're not a team this is a competition,2045370648672027125,,,in,,0,0,0,https://x.com/undefined/status/2045370648672027125,2025055828131340288,
2045362594442293353,Sat Apr 18 05:15:34 +0000 2026,0,@cukayuka_ baru bangun blm makan,2045370633593471108,,cukayuka_,in,,0,1,0,https://x.com/undefined/status/2045370633593471108,1730930693457547264,
2045151285213872244,Sat Apr 18 05:15:34 +0000 2026,0,@sillychild03 Selamat makan ka zyyy,2045370630883905805,,sillychild03,in,,0,0,0,https://x.com/undefined/status/2045370630883905805,1701852089562046464,
2045359986361172048,Sat Apr 18 05:15:33 +0000 2026,0,@alpraezolam Aku sih makan coklat apa es krim hahaha,2045370626115035390,,alpraezolam,in,,0,1,0,https://x.com/undefined/status/2045370626115035390,3097747636,
2045367005642178578,Sat Apr 18 05:15:32 +0000 2026,0,@temcyfood OHH!!! mau coba bgt ak blm perna makan kue keranjang ak pikir rasanya bakal aneh krn kayak org makanya beberapa ada yg harus digoreng tepung gt,2045370624798032322,,temcyfood,in,,0,1,0,https://x.com/undefined/status/2045370624798032322,1852957581851185152,
2045369079108932010,Sat Apr 18 05:15:32 +0000 2026,1,@Qu3en_Bakery Alhamdulillah jangan lupa makan juga kak,2045370624403784045,,Qu3en_Bakery,in,,0,1,0,https://x.com/undefined/status/2045370624403784045,1362775795136012294,
2045367566307312095,Sat Apr 18 05:15:30 +0000 2026,1,@jodohwy 3.makan,2045370616627524071,,jodohwy,in,,0,1,0,https://x.com/undefined/status/2045370616627524071,2036890698935595008,
2045321197416747084,Sat Apr 18 05:15:30 +0000 2026,0,@skzleknow halo abang lino! udah makan siang belum?,2045370614643614140,,skzleknow,in,,0,1,0,https://x.com/undefined/status/2045370614643614140,3255762146,
2045206027378000339,Sat Apr 18 05:15:26 +0000 2026,0,@vanidicis Lu makan per berapa hari sekali ya.,2045370599875412372,,vanidicis,in,,0,0,0,https://x.com/undefined/status/2045370599875412372,3244028349,
2045369454981435469,Sat Apr 18 05:15:25 +0000 2026,0,@acasrkive tiati kak jgn lupa makan nya juga,2045370592736747594,,acasrkive,in,,0,1,0,https://x.com/undefined/status/2045370592736747594,1700388642953613312,
2045370584285299093,Sat Apr 18 05:15:23 +0000 2026,1,Udah. Tidak akan lagi gua ngasih makan engagement ke akun-akun bercentang biru tengil. Mau balik ngewibu aje gua adios.,2045370584285299093,,,in,,0,0,0,https://x.com/undefined/status/2045370584285299093,1455084328803733514,
2045370584272703975,Sat Apr 18 05:15:23 +0000 2026,0,jangan lupa makan untuk jiwa jiwa yang tersakiti https://t.co/LQ5a7SMeQC,2045370584272703975,https://pbs.twimg.com/ext_tw_video_thumb/1620756431728422913/pu/img/3dorNH3wElMMJtHb.jpg,,in,,0,0,0,https://x.com/undefined/status/2045370584272703975,2591206351,
2045022325817655419,Sat Apr 18 05:15:22 +0000 2026,0,@marrooenn makan dulu laper.,2045370581030441214,,marrooenn,in,,0,0,0,https://x.com/undefined/status/2045370581030441214,1742012993855164416,
2045370575980490872,Sat Apr 18 05:15:21 +0000 2026,0,pecat semua pegawai mbg let me cook https://t.co/Ky9tajtkAA,2045370575980490872,https://pbs.twimg.com/media/HGKdsfraMAIfiiV.jpg,,in,,0,1,0,https://x.com/undefined/status/2045370575980490872,1038103200660738050,
2045367438435618937,Sat Apr 18 05:15:19 +0000 2026,1,@sliceofsals MET makan ka,2045370571282923806,,sliceofsals,in,,0,1,0,https://x.com/undefined/status/2045370571282923806,1992804326860091392,
2045370720814018595,Sat Apr 18 05:15:55 +0000 2026,6,pak ustadz apa hukumnya makan sama dedemit https://t.co/3FkNps5o6Q,2045370720814018595,https://pbs.twimg.com/media/HGKdz2TakAAwnQR.jpg,,in,,0,2,0,https://x.com/undefined/status/2045370720814018595,1725372371169841152,
2045370710370193502,Sat Apr 18 05:15:53 +0000 2026,0,Dukungan strategis gizi nasional bikin makan sehat nggak lagi jadi privilege tapi hak semua anak Indonesia #PeningkatanKecerdasanAnak https://t.co/iEHWQksEjJ,2045370710370193502,https://pbs.twimg.com/media/HGKdzYLbUAAMCkx.jpg,,in,,0,0,0,https://x.com/undefined/status/2045370710370193502,1696000841743032320,
2045277191387394092,Sat Apr 18 05:15:51 +0000 2026,0,@MiskinTV_ mending makan daging babi dripda lu korupsi uang org,2045370704544305459,,MiskinTV_,in,,0,0,0,https://x.com/undefined/status/2045370704544305459,1606070175312138241,
2045349135373709684,Sat Apr 18 05:15:48 +0000 2026,0,@tajirkayaraya MAKAN,2045370690019422670,,tajirkayaraya,in,,0,0,0,https://x.com/undefined/status/2045370690019422670,2166361506,
2045370689138663633,Sat Apr 18 05:15:48 +0000 2026,8,timingnya kakak dah kerja disana pas rul masa training kah omg omg kakaakkk tempel itudeh rul longsot pernah makan disini ,2045370689138663633,,,in,,0,0,0,https://x.com/undefined/status/2045370689138663633,2013139250653659136,
2045368932048269367,Sat Apr 18 05:15:46 +0000 2026,0,@inupmaki Alamak yuk makan dulu yuk abis itu dimakan,2045370681047810355,,inupmaki,in,,0,1,0,https://x.com/undefined/status/2045370681047810355,1884365747767623680,
2045369653191672088,Sat Apr 18 05:15:42 +0000 2026,0,@engkoldongs Betul makan itu wajib,2045370666954924460,,engkoldongs,in,,0,0,0,https://x.com/undefined/status/2045370666954924460,1317455086147096576,
2045367980213850577,Sat Apr 18 05:15:42 +0000 2026,0,karena ada seperti irisan bawang bombay atau helaian batang sawi putih yang sudah terfermentasi. jadi tadi aromanya naik karena isiannya seperti itu dan kinerja bakteri yang masih hidup jadi aktif dan sedang makan apapun yang edible buat mereka; terus kentut. baunya itu. ,2045370663838343405,,alheimur,in,,0,0,0,https://x.com/undefined/status/2045370663838343405,21984943,
2045360918398418951,Sat Apr 18 05:15:38 +0000 2026,0,@ZeroDev21 Gak juga makan ikan lain emang bukan pemakan ikan aja,2045370649250783352,,ZeroDev21,in,,0,0,0,https://x.com/undefined/status/2045370649250783352,613294076,
2045370648672027125,Sat Apr 18 05:15:38 +0000 2026,0,gabisa kalo gw gamau kalah gw merasa bisa makan lebih banyak daripada ohyul we're not a team this is a competition,2045370648672027125,,,in,,0,0,0,https://x.com/undefined/status/2045370648672027125,2025055828131340288,
2045362594442293353,Sat Apr 18 05:15:34 +0000 2026,0,@cukayuka_ baru bangun blm makan,2045370633593471108,,cukayuka_,in,,0,1,0,https://x.com/undefined/status/2045370633593471108,1730930693457547264,
2045151285213872244,Sat Apr 18 05:15:34 +0000 2026,0,@sillychild03 Selamat makan ka zyyy,2045370630883905805,,sillychild03,in,,0,0,0,https://x.com/undefined/status/2045370630883905805,1701852089562046464,
2045359986361172048,Sat Apr 18 05:15:33 +0000 2026,0,@alpraezolam Aku sih makan coklat apa es krim hahaha,2045370626115035390,,alpraezolam,in,,0,1,0,https://x.com/undefined/status/2045370626115035390,3097747636,
2045367005642178578,Sat Apr 18 05:15:32 +0000 2026,0,@temcyfood OHH!!! mau coba bgt ak blm perna makan kue keranjang ak pikir rasanya bakal aneh krn kayak org makanya beberapa ada yg harus digoreng tepung gt,2045370624798032322,,temcyfood,in,,0,1,0,https://x.com/undefined/status/2045370624798032322,1852957581851185152,
2045369079108932010,Sat Apr 18 05:15:32 +0000 2026,1,@Qu3en_Bakery Alhamdulillah jangan lupa makan juga kak,2045370624403784045,,Qu3en_Bakery,in,,0,1,0,https://x.com/undefined/status/2045370624403784045,1362775795136012294,
2045367566307312095,Sat Apr 18 05:15:30 +0000 2026,1,@jodohwy 3.makan,2045370616627524071,,jodohwy,in,,0,1,0,https://x.com/undefined/status/2045370616627524071,2036890698935595008,
2045321197416747084,Sat Apr 18 05:15:30 +0000 2026,0,@skzleknow halo abang lino! udah makan siang belum?,2045370614643614140,,skzleknow,in,,0,1,0,https://x.com/undefined/status/2045370614643614140,3255762146,
2045206027378000339,Sat Apr 18 05:15:26 +0000 2026,0,@vanidicis Lu makan per berapa hari sekali ya.,2045370599875412372,,vanidicis,in,,0,0,0,https://x.com/undefined/status/2045370599875412372,3244028349,
2045369454981435469,Sat Apr 18 05:15:25 +0000 2026,0,@acasrkive tiati kak jgn lupa makan nya juga,2045370592736747594,,acasrkive,in,,0,1,0,https://x.com/undefined/status/2045370592736747594,1700388642953613312,
2047907583328141766,Sat Apr 25 05:16:30 +0000 2026,0,tai tai makan tuh temen. maira kabur nangis lo moja,2047907583328141766,,,in,,0,0,0,https://x.com/undefined/status/2047907583328141766,1059097397526065154,
2047907564839653527,Sat Apr 25 05:16:26 +0000 2026,0,MBG bikin Siswa bahagia hemat uang jajan nutrisi aman. https://t.co/inOOzlgzqR,2047907564839653527,https://pbs.twimg.com/media/HGuhE2NbkAEOjDn.jpg,,in,,0,0,0,https://x.com/undefined/status/2047907564839653527,1382502619801800708,
2047882079153598699,Sat Apr 25 05:16:17 +0000 2026,0,@tanyakanrl Yg relevan cuman mbg sama kacang ijo (artinya semua jurusan ditutup),2047907528194027695,,tanyakanrl,in,,0,0,0,https://x.com/undefined/status/2047907528194027695,1216151832109600768,
2047558501178949674,Sat Apr 25 05:16:13 +0000 2026,0,@Cumilobster_ Gamau. Daripada bayarnya ga ikhlas terus keluarganya makan uang haram kan. Jd mending ogah Banyak jg org di luar sana yg kerja berangkat subuh naik angkutan umum sumpek2an dll. Emang ada tuh minta ganti uang ongkos ke perusahaan? Kan ngga ,2047907509026029864,,Cumilobster_,in,,0,0,0,https://x.com/undefined/status/2047907509026029864,2024676727453278208,
2047907506677231880,Sat Apr 25 05:16:12 +0000 2026,0,ekspetasi : gweh bakal makan banyak hari ini mukbang nyam nyam nyam realita : (bisa lewatin lautan manusia udh alhamdulillah),2047907506677231880,,,in,,0,0,0,https://x.com/undefined/status/2047907506677231880,1890815055454957568,
2047907136131494235,Sat Apr 25 05:16:08 +0000 2026,0,@vestiazeta Jeruk makan jeruk? ,2047907487832228090,,vestiazeta,in,,0,0,0,https://x.com/undefined/status/2047907487832228090,88408841,
2047861482889859218,Sat Apr 25 05:16:07 +0000 2026,0,@Duren___ ya gimana presidennya aja sering banget jalan jalan ke luar negeri menghabiskan jutaan atau bahkan miliaran sama sekretaris pribadinya tapi dampaknya ke Indonesia masih belum bisa dirasakan signifikan dan juga ekonomi negara tertekan akibat MBG dan KDMP. jangan pilih di 2029.,2047907487110906114,,Duren___,in,,0,0,0,https://x.com/undefined/status/2047907487110906114,1570111918056312837,
2047907484506161396,Sat Apr 25 05:16:07 +0000 2026,0,kalau ada makanan di meja Chinon yang ku makan CHIMON FANSIGN HANGZHOU #ChimonFansigninHangzhou,2047907484506161396,,,in,,0,0,0,https://x.com/undefined/status/2047907484506161396,1997370247914135552,
2047891739193864209,Sat Apr 25 05:16:04 +0000 2026,0,@LowNotWorking hi lagi makan,2047907473529713136,,LowNotWorking,in,,0,0,0,https://x.com/undefined/status/2047907473529713136,1170061661031370752,
2047890783584571554,Sat Apr 25 05:16:00 +0000 2026,0,@Lisaaaaja Lah mereka ngarepin apa? Ngarepin tua akan sambut dean plg pake karpet merah dan taburan bunga2 dan makan malam mewah gitu? Masih mending kagak dijadiin empanan megalodon. #OnlyFriendsDreamOnEP9 #JossGawin,2047907457255805283,,Lisaaaaja,in,,0,0,0,https://x.com/undefined/status/2047907457255805283,1916658423304986624,
2047907441095139828,Sat Apr 25 05:15:56 +0000 2026,0,keracunan makanan ga bisa nafas muntah muntah sampe kering sampe panick attack dan gerd kambuh. combo kirain mau mati saat itu juga udah gaada tenaga banget mau nafas juga susah. padahal ga pernah makan makanan yang ga bersih pada hari itu juga makan makanan yang sehat ‍️,2047907441095139828,,,in,,0,0,0,https://x.com/undefined/status/2047907441095139828,1955859178263863300,
2047551280156131448,Sat Apr 25 05:15:55 +0000 2026,0,@kopidansenjaa Suka durian tapi ngakmau makan terlalu banyak,2047907435508367797,,kopidansenjaa,in,,0,0,0,https://x.com/undefined/status/2047907435508367797,1797491593966206976,
2034797348086587532,Sat Apr 25 05:15:49 +0000 2026,0,@minjeonug @hongmimgi apa boleh gue jadi yang makan?,2047907409520374050,,minjeonug,in,,0,0,0,https://x.com/undefined/status/2047907409520374050,1883392204246552576,
2047821599773180144,Sat Apr 25 05:15:49 +0000 2026,0,@kayisku sehat banget ya makan sayuran,2047907408631169282,,kayisku,in,,0,0,0,https://x.com/undefined/status/2047907408631169282,1709043483548471296,
2047900543667102206,Sat Apr 25 05:15:44 +0000 2026,0,@fix_on_lia siap gowo sekalian rombongan kq mbg ne sek turah²,2047907389412921397,,fix_on_lia,in,,0,0,0,https://x.com/undefined/status/2047907389412921397,1452980365849550850,
2047907387806523611,Sat Apr 25 05:15:44 +0000 2026,0,ditemani kamu makan siangnya jadi lebih aduhai #sabtu #ishomatime #happysaturday #happyweekend #lunchbarengemak https://t.co/ckgaKx9vBG,2047907387806523611,https://pbs.twimg.com/media/HGug6D-bMAATqcC.jpg,,in,,0,0,0,https://x.com/undefined/status/2047907387806523611,949565918123667461,
2046928835015504281,Sat Apr 25 05:15:43 +0000 2026,0,Dulu prabowo ngomongnya seperti ini . Ternyata sekarang srtelah dia jadi oresidenanggaran malah dihabiskan buat mbg kopdes dan bop serta ultah teddy. Sekarang apbn dikelola ugal2an duit pajak dibuang2 percuma oleh kepala bgn dan menkop tapi tidak berimbas ke ekonomi rakyat. https://t.co/UWjbH55045,2047907383914238138,https://pbs.twimg.com/media/HGug6cCaYAAD-cp.jpg,lucimaya123,in,,0,0,0,https://x.com/undefined/status/2047907383914238138,3032152165,
2047907311969243595,Sat Apr 25 05:15:26 +0000 2026,0,Mawuuuuuu gigit + sun hidung bangirnyaaaah. Pipinyaaaaaa kesayanganku yg mbuy nih gaaaa hilanggg!!!!! ambuyyyyyyyy akunyaaah mauuu unyeng gigit makan kamu! https://t.co/BNz6dw7uYM,2047907311969243595,https://pbs.twimg.com/media/HGug1_taYAAZX6Y.jpg,,in,,0,0,0,https://x.com/undefined/status/2047907311969243595,1418695021574774786,
2047893044637352312,Sat Apr 25 05:15:24 +0000 2026,0,@menjiwaei siapa berani-beraninya membuat my mbg galau?,2047907304964800806,,menjiwaei,in,,0,0,0,https://x.com/undefined/status/2047907304964800806,788776102575702018,
2047907301466726713,Sat Apr 25 05:15:23 +0000 2026,0,MBG my bini gweh,2047907301466726713,,,in,,0,0,0,https://x.com/undefined/status/2047907301466726713,1570533485408034817,
2045366918379647161,Sat Apr 18 05:16:53 +0000 2026,0,@cinananaaaaa Makan jugaaa,2045370963307753532,,cinananaaaaa,in,,0,0,0,https://x.com/undefined/status/2045370963307753532,1113437444366434311,
2045362462271451623,Sat Apr 18 05:16:52 +0000 2026,0,@JENMlE @Uncaseless @UCL_Offices Kita perlu makan dulu kayaknya nun..,2045370959390208063,,JENMlE,in,,0,0,0,https://x.com/undefined/status/2045370959390208063,1694379090483232769,
2045348826966581617,Sat Apr 18 05:16:51 +0000 2026,0,@eustacey_ makan mungil pril,2045370953467896105,,eustacey_,in,,0,0,0,https://x.com/undefined/status/2045370953467896105,1892857928023203840,
2045370950028493214,Sat Apr 18 05:16:50 +0000 2026,1,hiburan setelah makan siang : membaca tweet dan koment,2045370950028493214,,,in,,0,0,0,https://x.com/undefined/status/2045370950028493214,1645825603025924096,
2045033302642348332,Sat Apr 18 05:16:47 +0000 2026,0,@tanyarlfes Aku dua Minggu ini udh mulai program Nder workout 3-4 kali seminggu makan 3 kali sehari minum susu Dancow full cream 2 kali sehari ngemil dan yap ga makan makanan seblak dan jajanan jajanan pedes pedes gitu yaa. Aku pingin BB aku naik tapi lewat asupan yang baik gpp lama,2045370939362423085,,tanyarlfes,in,,0,0,0,https://x.com/undefined/status/2045370939362423085,1794410227699531776,
2045298832486158362,Sat Apr 18 05:16:44 +0000 2026,0,@rachavvet Jadi pengen makan ice cream pas panas gini vidio nya lewat,2045370925185740902,,rachavvet,in,,0,0,0,https://x.com/undefined/status/2045370925185740902,1992990145537286145,
2045039935850516643,Sat Apr 18 05:16:43 +0000 2026,0,@chornybish Refund anak2 kelarin dulu syif bukannya malah pindah ke fandom thai dll kyk gini seakan gaada tanggungan enak bener makan duit haram yak ,2045370922165788756,,chornybish,in,,0,0,0,https://x.com/undefined/status/2045370922165788756,1516061620950110211,
2045023592417824771,Sat Apr 18 05:16:42 +0000 2026,0,@tempurkonten Di saat harga daging melonjak dan ekonomi tak stabil yah mau gimana lagi makan aja kalau paksain makan daging malah bisa kena kanker ekonomi mu,2045370917833126343,,tempurkonten,in,,0,0,0,https://x.com/undefined/status/2045370917833126343,1812748422325374976,
2045368323668373853,Sat Apr 18 05:16:42 +0000 2026,0,@sukabubursum Udah td makan lays wkwkw Kamu gmn? Udah makan siang blm?,2045370915890811044,,sukabubursum,in,,0,1,0,https://x.com/undefined/status/2045370915890811044,1356465177835626496,
2045361358133403876,Sat Apr 18 05:16:40 +0000 2026,0,@chearapis langsung makan,2045370910434304335,,chearapis,in,,0,1,0,https://x.com/undefined/status/2045370910434304335,1612832118253686786,
2045364265851511056,Sat Apr 18 05:16:37 +0000 2026,0,Aku jam 12:30 akan ninggalin venue nanti akan balik lagi setelah makan tolong kabarin ya thank you,2045370896890945848,,imyookh,in,,0,1,0,https://x.com/undefined/status/2045370896890945848,847763415816949760,
2045370892298187092,Sat Apr 18 05:16:36 +0000 2026,0,Bawaan pengen makan seblak euy,2045370892298187092,,,in,,0,0,0,https://x.com/undefined/status/2045370892298187092,3276492048,
2045370890951835981,Sat Apr 18 05:16:36 +0000 2026,0,Gak make sense ini sumpah buat apa gila???? Muakk banget gue sama mbg mbg ini,2045370890951835981,,,in,,0,0,0,https://x.com/undefined/status/2045370890951835981,1487255425498382337,
2045370879899783495,Sat Apr 18 05:16:33 +0000 2026,8,Alternatif menghabiskan Sabtu atau Minggu pagi di Bandung ke Tahuraaa. Ke Goa Jepang ngasih makan rusa lihat air terjun atau makan perkedel viral. Hati-hati kalau bawa jinjingan monyetnya suka kepo #Bandung #Tahura #Weekend https://t.co/RRuBc3s6wL,2045370879899783495,https://pbs.twimg.com/ext_tw_video_thumb/2045370683639910400/pu/img/DNwqPZrpBIvywQxQ.jpg,,in,,0,1,1,https://x.com/undefined/status/2045370879899783495,50228764,
2045370872765280371,Sat Apr 18 05:16:31 +0000 2026,0,Pengadaan barang MBG dilakukan secara transparan dan akuntabel untuk menjamin kualitas dan ketepatan distribusi. https://t.co/alX7SkyLhi,2045370872765280371,https://pbs.twimg.com/ext_tw_video_thumb/2045370850724245504/pu/img/VH5I_r5yAg0ivHgd.jpg,,in,,0,0,0,https://x.com/undefined/status/2045370872765280371,1584218883711324160,
2045326502443766244,Sat Apr 18 05:16:30 +0000 2026,0,@senjupedia CASAAA SEMANGAT YAAA! semoga dimudahkan dan dilancarkan! ttp jangan lupa makan sama istirahat krn itu perlu okay! good luck ,2045370867069435998,,senjupedia,in,,0,1,0,https://x.com/undefined/status/2045370867069435998,1982055898240724993,
2045370820890104269,Sat Apr 18 05:16:19 +0000 2026,0,makasih abang ncan ilovyu meskipun elu makan siomay putihan,2045370820890104269,,,in,,0,1,0,https://x.com/undefined/status/2045370820890104269,2038410897832427520,
2045370812077891608,Sat Apr 18 05:16:17 +0000 2026,0,presiden kerjanya jalan jalan. ga pernah di negara tinggal di hotel ratusan juta per malam. rayain ultah seskab yg gapenting. mbg ladang korupsi. emang ga ada yg bener,2045370812077891608,,,in,,0,0,0,https://x.com/undefined/status/2045370812077891608,1703597604,
2045370809267679737,Sat Apr 18 05:16:16 +0000 2026,0,Kepala BGN menegaskan komitmen terhadap kualitas dan keamanan program MBG demi melindungi masyarakat. https://t.co/PMPS2UUV9B,2045370809267679737,https://pbs.twimg.com/ext_tw_video_thumb/2045370762056667136/pu/img/i5GLrlsrtiHZDWSd.jpg,,in,,0,0,0,https://x.com/undefined/status/2045370809267679737,1584218883711324160,
2045118830805213418,Sat Apr 18 05:16:13 +0000 2026,0,@toe_giman TUJUAN JELAS meningkatkan gizi pelajar meningkatkan kualitas pembelajaran. Mengukurnya dari Peningkatan Prestasi Siswa Peningkatan Postur Ideal sesuai Usia dll. Mengukur Keberhasilan MBG hanya dengan melihat Rekening Pejabat/Pengusaha MBG/SPPG https://t.co/Dt0hRxm5R0,2045370795464278436,https://pbs.twimg.com/ext_tw_video_thumb/2042829621234929668/pu/img/aPVTGMPmL2VHicZn.jpg,toe_giman,in,,0,0,0,https://x.com/undefined/status/2045370795464278436,351134369,
2045362901008146709,Sat Apr 18 05:16:57 +0000 2026,0,@dayliest kenapah sang pelukis siank juga byy dah makan belum?,2045370979120210132,,dayliest,in,,0,1,0,https://x.com/undefined/status/2045370979120210132,1822624097983135744,
2045363752221258195,Sat Apr 18 05:16:55 +0000 2026,0,@tertamvan_ Makan tidur,2045370971297829342,,tertamvan_,in,,0,0,0,https://x.com/undefined/status/2045370971297829342,1223490090128666624,
2045362594442293353,Sat Apr 18 05:16:55 +0000 2026,0,@katakberadikk_ Ayuk cari makan,2045370970307993925,,katakberadikk_,in,,0,0,0,https://x.com/undefined/status/2045370970307993925,2008445085076385795,
2045094244420067337,Sat Apr 18 05:16:54 +0000 2026,0,@fathoniafif recap prestasi mbg jg dong kak,2045370968626151449,,fathoniafif,in,,0,0,0,https://x.com/undefined/status/2045370968626151449,2853956032,
2045366918379647161,Sat Apr 18 05:16:53 +0000 2026,0,@cinananaaaaa Makan jugaaa,2045370963307753532,,cinananaaaaa,in,,0,0,0,https://x.com/undefined/status/2045370963307753532,1113437444366434311,
2045362462271451623,Sat Apr 18 05:16:52 +0000 2026,0,@JENMlE @Uncaseless @UCL_Offices Kita perlu makan dulu kayaknya nun..,2045370959390208063,,JENMlE,in,,0,0,0,https://x.com/undefined/status/2045370959390208063,1694379090483232769,
2045348826966581617,Sat Apr 18 05:16:51 +0000 2026,0,@eustacey_ makan mungil pril,2045370953467896105,,eustacey_,in,,0,0,0,https://x.com/undefined/status/2045370953467896105,1892857928023203840,
2045370950028493214,Sat Apr 18 05:16:50 +0000 2026,1,hiburan setelah makan siang : membaca tweet dan koment,2045370950028493214,,,in,,0,0,0,https://x.com/undefined/status/2045370950028493214,1645825603025924096,
2045033302642348332,Sat Apr 18 05:16:47 +0000 2026,0,@tanyarlfes Aku dua Minggu ini udh mulai program Nder workout 3-4 kali seminggu makan 3 kali sehari minum susu Dancow full cream 2 kali sehari ngemil dan yap ga makan makanan seblak dan jajanan jajanan pedes pedes gitu yaa. Aku pingin BB aku naik tapi lewat asupan yang baik gpp lama,2045370939362423085,,tanyarlfes,in,,0,0,0,https://x.com/undefined/status/2045370939362423085,1794410227699531776,
2045298832486158362,Sat Apr 18 05:16:44 +0000 2026,0,@rachavvet Jadi pengen makan ice cream pas panas gini vidio nya lewat,2045370925185740902,,rachavvet,in,,0,0,0,https://x.com/undefined/status/2045370925185740902,1992990145537286145,
2045039935850516643,Sat Apr 18 05:16:43 +0000 2026,0,@chornybish Refund anak2 kelarin dulu syif bukannya malah pindah ke fandom thai dll kyk gini seakan gaada tanggungan enak bener makan duit haram yak ,2045370922165788756,,chornybish,in,,0,0,0,https://x.com/undefined/status/2045370922165788756,1516061620950110211,
2045023592417824771,Sat Apr 18 05:16:42 +0000 2026,0,@tempurkonten Di saat harga daging melonjak dan ekonomi tak stabil yah mau gimana lagi makan aja kalau paksain makan daging malah bisa kena kanker ekonomi mu,2045370917833126343,,tempurkonten,in,,0,0,0,https://x.com/undefined/status/2045370917833126343,1812748422325374976,
2045368323668373853,Sat Apr 18 05:16:42 +0000 2026,0,@sukabubursum Udah td makan lays wkwkw Kamu gmn? Udah makan siang blm?,2045370915890811044,,sukabubursum,in,,0,1,0,https://x.com/undefined/status/2045370915890811044,1356465177835626496,
2045361358133403876,Sat Apr 18 05:16:40 +0000 2026,0,@chearapis langsung makan,2045370910434304335,,chearapis,in,,0,1,0,https://x.com/undefined/status/2045370910434304335,1612832118253686786,
2045364265851511056,Sat Apr 18 05:16:37 +0000 2026,0,Aku jam 12:30 akan ninggalin venue nanti akan balik lagi setelah makan tolong kabarin ya thank you,2045370896890945848,,imyookh,in,,0,1,0,https://x.com/undefined/status/2045370896890945848,847763415816949760,
2045370892298187092,Sat Apr 18 05:16:36 +0000 2026,0,Bawaan pengen makan seblak euy,2045370892298187092,,,in,,0,0,0,https://x.com/undefined/status/2045370892298187092,3276492048,
2045370890951835981,Sat Apr 18 05:16:36 +0000 2026,0,Gak make sense ini sumpah buat apa gila???? Muakk banget gue sama mbg mbg ini,2045370890951835981,,,in,,0,0,0,https://x.com/undefined/status/2045370890951835981,1487255425498382337,
2045370879899783495,Sat Apr 18 05:16:33 +0000 2026,8,Alternatif menghabiskan Sabtu atau Minggu pagi di Bandung ke Tahuraaa. Ke Goa Jepang ngasih makan rusa lihat air terjun atau makan perkedel viral. Hati-hati kalau bawa jinjingan monyetnya suka kepo #Bandung #Tahura #Weekend https://t.co/RRuBc3s6wL,2045370879899783495,https://pbs.twimg.com/ext_tw_video_thumb/2045370683639910400/pu/img/DNwqPZrpBIvywQxQ.jpg,,in,,0,1,1,https://x.com/undefined/status/2045370879899783495,50228764,
2045370872765280371,Sat Apr 18 05:16:31 +0000 2026,0,Pengadaan barang MBG dilakukan secara transparan dan akuntabel untuk menjamin kualitas dan ketepatan distribusi. https://t.co/alX7SkyLhi,2045370872765280371,https://pbs.twimg.com/ext_tw_video_thumb/2045370850724245504/pu/img/VH5I_r5yAg0ivHgd.jpg,,in,,0,0,0,https://x.com/undefined/status/2045370872765280371,1584218883711324160,
2045326502443766244,Sat Apr 18 05:16:30 +0000 2026,0,@senjupedia CASAAA SEMANGAT YAAA! semoga dimudahkan dan dilancarkan! ttp jangan lupa makan sama istirahat krn itu perlu okay! good luck ,2045370867069435998,,senjupedia,in,,0,1,0,https://x.com/undefined/status/2045370867069435998,1982055898240724993,
2047906601458446557,Sat Apr 25 05:17:33 +0000 2026,0,@GeminiiBoy_ selamat makan mas,2047907845140783114,,GeminiiBoy_,in,,0,0,0,https://x.com/undefined/status/2047907845140783114,1490990264537681921,
2047907842896847164,Sat Apr 25 05:17:32 +0000 2026,0,#SMS_Ohyul_Hari_Ini - 250425 | 14.14 KST ‍⬛ *kirim foto* ‍⬛ met makaan ‍⬛ y/n ‍⬛ makan gih ‍⬛ wkwkwk #OHYUL #오율 https://t.co/QqZRs7zMbG,2047907842896847164,https://pbs.twimg.com/media/HGuhUw1asAArpon.jpg,,in,,0,0,0,https://x.com/undefined/status/2047907842896847164,3156990438,
2047903073566364081,Sat Apr 25 05:17:29 +0000 2026,0,@lovelyhcles halo baru mau cari makan. Hbu?,2047907829949075565,,lovelyhcles,in,,0,0,0,https://x.com/undefined/status/2047907829949075565,1753244243865583616,
2047907808386204151,Sat Apr 25 05:17:29 +0000 2026,0,@JohnFlynn124205 @jhuniorescala1 MBGFYglWd3nt0EHltBYaBULK,2047907829449990533,,JohnFlynn124205,und,,0,0,0,https://x.com/undefined/status/2047907829449990533,2046439389656702976,
2047907814652452868,Sat Apr 25 05:17:25 +0000 2026,0,Dulu 'gamau sama brondong ah' sampe nolak dan blokir brondong yg deketin di rl tapi setelah sama Wira ternyata brondong gak seburuk itu akulah orang yg seneng makan ludah sendiri.,2047907814652452868,,,in,,0,0,0,https://x.com/undefined/status/2047907814652452868,304764148,
2047904713472155950,Sat Apr 25 05:17:24 +0000 2026,0,@0xzonh1901w1n Uda lama banget gak makan lotek hahahaha,2047907808616841346,,0xzonh1901w1n,in,,0,0,0,https://x.com/undefined/status/2047907808616841346,1299845751325880320,
2047906833600553193,Sat Apr 25 05:17:23 +0000 2026,0,ga expect kalo si bakal secinta itu sama kehidupannya bareng klao walaupun kek masih gengsi ngakuinnya wkwk. lucu banget pas dia mau ngasih makan kerbau dia ngomong tunggu ibu nak gemes,2047907806435827821,,premisminor,in,,0,0,0,https://x.com/undefined/status/2047907806435827821,1913560154286809088,
2047907803915067713,Sat Apr 25 05:17:23 +0000 2026,0,Terulang Lagi Puluhan Siswa Keracunan MBG Bakteri E.coli &amp;amp; SOP Buruk Dapur SPPG Ditutup https://t.co/aklEvPji05,2047907803915067713,,,in,,0,0,0,https://x.com/undefined/status/2047907803915067713,1358445910192123905,
2047886380936945893,Sat Apr 25 05:17:23 +0000 2026,0,@Jelli_cent @zanatul_91 Semenjak ada MBG Kader posyandu Bagian dr MENKES Jadi Tak berfungsi,2047907802858058133,,Jelli_cent,in,,0,0,0,https://x.com/undefined/status/2047907802858058133,755392060769710080,
2047907801847177399,Sat Apr 25 05:17:22 +0000 2026,0,makan ubi terus kentutnya bau banget,2047907801847177399,,,in,,0,0,0,https://x.com/undefined/status/2047907801847177399,3151816965,
2047907231065342368,Sat Apr 25 05:17:15 +0000 2026,0,@pipuycuuuy mau ikut makan bareng,2047907771258122749,,pipuycuuuy,in,,0,0,0,https://x.com/undefined/status/2047907771258122749,1546019519939850240,
2047877164318744933,Sat Apr 25 05:17:13 +0000 2026,0,@JukiHoki wowo: makan nih embege ,2047907762068480149,,JukiHoki,in,,0,0,0,https://x.com/undefined/status/2047907762068480149,1168878743214903301,
2047907738186121320,Sat Apr 25 05:17:07 +0000 2026,0,Orang yang ngerokok di tempat makan itu otaknya kemana,2047907738186121320,,,in,,0,0,0,https://x.com/undefined/status/2047907738186121320,1952878751802683392,
2035388443610710258,Sat Apr 25 05:17:06 +0000 2026,0,@RFritzy_JKT48 Papnya Astetik banget ya dek @RFritzy_JKT48 enak pasti makan peach jelly. Canci banget papnya dek emang keren selalu deh ZyForce. Btw aku udah set alarm dong biar ga kelupaan MV Team Love #BaleZyin,2047907734109196534,,jati_haryo15418,in,,0,0,0,https://x.com/undefined/status/2047907734109196534,1693530952474222593,
2047905327979606250,Sat Apr 25 05:16:57 +0000 2026,0,@naomja Ajak makan dong,2047907693508342047,,naomja,in,,0,0,0,https://x.com/undefined/status/2047907693508342047,2526345445,
2047903643421024285,Sat Apr 25 05:16:51 +0000 2026,0,@bermuara_sayang Apalah kak nyari aku disini aku baru kelar makan nanti aku jemput tempat biasa kan? Kakak jangan cakep cakep plis takutnya ketuker sama ayutingting. Nanti kalo jadi aku jemput kabarin ka ea aja ya contact nya dibio kunci motor aku disimpen sama dia soalnya. I'll see you soon,2047907671924437347,,bermuara_sayang,in,,0,0,0,https://x.com/undefined/status/2047907671924437347,2497879748,
2047890310332858385,Sat Apr 25 05:16:49 +0000 2026,0,@tiramoree Wow tes kriuk kah. Aku belum makan sih ini,2047907662894071975,,tiramoree,in,,0,0,0,https://x.com/undefined/status/2047907662894071975,1496740548970893317,
2047872024039862758,Sat Apr 25 05:16:46 +0000 2026,0,@KangManto123 Ttp gue deketin anaknya soalnya bakal punya 10 dapur mbg,2047907648989966518,,KangManto123,in,,0,0,0,https://x.com/undefined/status/2047907648989966518,1138771247095898113,
2047907638403543191,Sat Apr 25 05:16:43 +0000 2026,0,Cuma di Sumatra. Makan ayam ulat,2047907638403543191,,,in,,0,0,0,https://x.com/undefined/status/2047907638403543191,1622274691540090881,
2047907619407569161,Sat Apr 25 05:16:42 +0000 2026,0,Ketika kelima ayam itu mulai melambat dan sesekali membersihkan paruh di tepian tempat makan barulah ia berdiri. Sōma meninggalkan kandang itu dalam keadaan tenang sama seperti saat ia datang. Selesai,2047907633445884196,,pancarcna,in,,0,0,0,https://x.com/undefined/status/2047907633445884196,3194708261,
2045356721456177349,Sat Apr 18 05:17:38 +0000 2026,0,@uuncontrollably dek Mput katanyaa bro Wowo kalo Sabtu mbg ny libur,2045371152034562287,,uuncontrollably,in,,0,1,0,https://x.com/undefined/status/2045371152034562287,1465614150785110017,
2045368323668373853,Sat Apr 18 05:17:18 +0000 2026,0,@ntmysecr_ Hahaha iyaa J gmn²? Udah makan siang blm? Kalo blm makan dulu gih.. udah jam makan siang juga kaann,2045371066374123910,,ntmysecr_,in,,0,1,0,https://x.com/undefined/status/2045371066374123910,1356465177835626496,
2045371064973394199,Sat Apr 18 05:17:17 +0000 2026,0,fuck diet aku akan makan sesuka hatiku hari ini ,2045371064973394199,,,in,,0,0,0,https://x.com/undefined/status/2045371064973394199,1996610776401059840,
2045371060766515546,Sat Apr 18 05:17:16 +0000 2026,0,Impulsif beli seblak padahal bawa bekel tapi ya tetep makan bekel sih nanti haha hohe huft hidup gini amay.. ,2045371060766515546,,,in,,0,0,0,https://x.com/undefined/status/2045371060766515546,1685399899108691968,
2045298327986868671,Sat Apr 18 05:17:13 +0000 2026,1,@DimmasPutra @LambeResing It's not okay. Karena ada anggaran lain yang akan dipotong untuk menambal subsidi BBM. Tentu bukan anggaran MBG yg dipotong,2045371047936209253,,DimmasPutra,in,,0,0,0,https://x.com/undefined/status/2045371047936209253,1700625180,
2045371042928161037,Sat Apr 18 05:17:12 +0000 2026,0,yeu goblog program buat MAKAN bergizi gratis bukan program pengadaan lapangan pekerjaan.,2045371042928161037,,,in,,0,2,0,https://x.com/undefined/status/2045371042928161037,1095473295430889473,
2045363752221258195,Sat Apr 18 05:17:11 +0000 2026,0,@tertamvan_ makan tidur kak ,2045371038067011629,,tertamvan_,in,,0,0,0,https://x.com/undefined/status/2045371038067011629,2011091483789836294,
2045363752221258195,Sat Apr 18 05:17:05 +0000 2026,0,@tertamvan_ kucing gw kerjaannya cuman minta makan tidur ama buang tai sembarangan,2045371013698077141,,tertamvan_,in,,0,0,0,https://x.com/undefined/status/2045371013698077141,723452599,
2045368004586721642,Sat Apr 18 05:17:03 +0000 2026,0,@munvess Abis makan akuuuu jommm kita ngobrol panjang x lebar x tinggi @.Uranyuss,2045371006790062356,,munvess,in,,0,0,0,https://x.com/undefined/status/2045371006790062356,1742581154849656832,
2045370989488517246,Sat Apr 18 05:16:59 +0000 2026,0,Objek dananya siswa apa siapa si ngentot bih MBG BABI,2045370989488517246,,,in,,0,0,0,https://x.com/undefined/status/2045370989488517246,1724343776116953088,
2045362901008146709,Sat Apr 18 05:16:57 +0000 2026,0,@dayliest kenapah sang pelukis siank juga byy dah makan belum?,2045370979120210132,,dayliest,in,,0,1,0,https://x.com/undefined/status/2045370979120210132,1822624097983135744,
2045363752221258195,Sat Apr 18 05:16:55 +0000 2026,0,@tertamvan_ Makan tidur,2045370971297829342,,tertamvan_,in,,0,0,0,https://x.com/undefined/status/2045370971297829342,1223490090128666624,
2045362594442293353,Sat Apr 18 05:16:55 +0000 2026,0,@katakberadikk_ Ayuk cari makan,2045370970307993925,,katakberadikk_,in,,0,0,0,https://x.com/undefined/status/2045370970307993925,2008445085076385795,
2045094244420067337,Sat Apr 18 05:16:54 +0000 2026,0,@fathoniafif recap prestasi mbg jg dong kak,2045370968626151449,,fathoniafif,in,,0,0,0,https://x.com/undefined/status/2045370968626151449,2853956032,
2045366918379647161,Sat Apr 18 05:16:53 +0000 2026,0,@cinananaaaaa Makan jugaaa,2045370963307753532,,cinananaaaaa,in,,0,0,0,https://x.com/undefined/status/2045370963307753532,1113437444366434311,
2045362462271451623,Sat Apr 18 05:16:52 +0000 2026,0,@JENMlE @Uncaseless @UCL_Offices Kita perlu makan dulu kayaknya nun..,2045370959390208063,,JENMlE,in,,0,0,0,https://x.com/undefined/status/2045370959390208063,1694379090483232769,
2045348826966581617,Sat Apr 18 05:16:51 +0000 2026,0,@eustacey_ makan mungil pril,2045370953467896105,,eustacey_,in,,0,0,0,https://x.com/undefined/status/2045370953467896105,1892857928023203840,
2045370950028493214,Sat Apr 18 05:16:50 +0000 2026,1,hiburan setelah makan siang : membaca tweet dan koment,2045370950028493214,,,in,,0,0,0,https://x.com/undefined/status/2045370950028493214,1645825603025924096,
2045369760075096292,Sat Apr 18 05:17:51 +0000 2026,0,@sumafot engga lg makan,2045371205964931547,,sumafot,in,,0,0,0,https://x.com/undefined/status/2045371205964931547,1800739973400068096,
2045371195516993811,Sat Apr 18 05:17:48 +0000 2026,0,Makan agak traugmaaa... Gileeeeèee,2045371195516993811,,,in,,0,0,0,https://x.com/undefined/status/2045371195516993811,586222049,
2045356721456177349,Sat Apr 18 05:17:38 +0000 2026,0,@uuncontrollably dek Mput katanyaa bro Wowo kalo Sabtu mbg ny libur,2045371152034562287,,uuncontrollably,in,,0,1,0,https://x.com/undefined/status/2045371152034562287,1465614150785110017,
2045368323668373853,Sat Apr 18 05:17:18 +0000 2026,0,@ntmysecr_ Hahaha iyaa J gmn²? Udah makan siang blm? Kalo blm makan dulu gih.. udah jam makan siang juga kaann,2045371066374123910,,ntmysecr_,in,,0,1,0,https://x.com/undefined/status/2045371066374123910,1356465177835626496,
2045371064973394199,Sat Apr 18 05:17:17 +0000 2026,0,fuck diet aku akan makan sesuka hatiku hari ini ,2045371064973394199,,,in,,0,0,0,https://x.com/undefined/status/2045371064973394199,1996610776401059840,
2045371060766515546,Sat Apr 18 05:17:16 +0000 2026,0,Impulsif beli seblak padahal bawa bekel tapi ya tetep makan bekel sih nanti haha hohe huft hidup gini amay.. ,2045371060766515546,,,in,,0,0,0,https://x.com/undefined/status/2045371060766515546,1685399899108691968,
2045298327986868671,Sat Apr 18 05:17:13 +0000 2026,1,@DimmasPutra @LambeResing It's not okay. Karena ada anggaran lain yang akan dipotong untuk menambal subsidi BBM. Tentu bukan anggaran MBG yg dipotong,2045371047936209253,,DimmasPutra,in,,0,0,0,https://x.com/undefined/status/2045371047936209253,1700625180,
2045371042928161037,Sat Apr 18 05:17:12 +0000 2026,0,yeu goblog program buat MAKAN bergizi gratis bukan program pengadaan lapangan pekerjaan.,2045371042928161037,,,in,,0,2,0,https://x.com/undefined/status/2045371042928161037,1095473295430889473,
2045363752221258195,Sat Apr 18 05:17:11 +0000 2026,0,@tertamvan_ makan tidur kak ,2045371038067011629,,tertamvan_,in,,0,0,0,https://x.com/undefined/status/2045371038067011629,2011091483789836294,
2045363752221258195,Sat Apr 18 05:17:05 +0000 2026,0,@tertamvan_ kucing gw kerjaannya cuman minta makan tidur ama buang tai sembarangan,2045371013698077141,,tertamvan_,in,,0,0,0,https://x.com/undefined/status/2045371013698077141,723452599,
2045368004586721642,Sat Apr 18 05:17:03 +0000 2026,0,@munvess Abis makan akuuuu jommm kita ngobrol panjang x lebar x tinggi @.Uranyuss,2045371006790062356,,munvess,in,,0,0,0,https://x.com/undefined/status/2045371006790062356,1742581154849656832,
2045370989488517246,Sat Apr 18 05:16:59 +0000 2026,0,Objek dananya siswa apa siapa si ngentot bih MBG BABI,2045370989488517246,,,in,,0,0,0,https://x.com/undefined/status/2045370989488517246,1724343776116953088,
2045362901008146709,Sat Apr 18 05:16:57 +0000 2026,0,@dayliest kenapah sang pelukis siank juga byy dah makan belum?,2045370979120210132,,dayliest,in,,0,1,0,https://x.com/undefined/status/2045370979120210132,1822624097983135744,
2045363752221258195,Sat Apr 18 05:16:55 +0000 2026,0,@tertamvan_ Makan tidur,2045370971297829342,,tertamvan_,in,,0,0,0,https://x.com/undefined/status/2045370971297829342,1223490090128666624,
2045362594442293353,Sat Apr 18 05:16:55 +0000 2026,0,@katakberadikk_ Ayuk cari makan,2045370970307993925,,katakberadikk_,in,,0,0,0,https://x.com/undefined/status/2045370970307993925,2008445085076385795,
2045094244420067337,Sat Apr 18 05:16:54 +0000 2026,0,@fathoniafif recap prestasi mbg jg dong kak,2045370968626151449,,fathoniafif,in,,0,0,0,https://x.com/undefined/status/2045370968626151449,2853956032,
2045366918379647161,Sat Apr 18 05:16:53 +0000 2026,0,@cinananaaaaa Makan jugaaa,2045370963307753532,,cinananaaaaa,in,,0,0,0,https://x.com/undefined/status/2045370963307753532,1113437444366434311,
2045362462271451623,Sat Apr 18 05:16:52 +0000 2026,0,@JENMlE @Uncaseless @UCL_Offices Kita perlu makan dulu kayaknya nun..,2045370959390208063,,JENMlE,in,,0,0,0,https://x.com/undefined/status/2045370959390208063,1694379090483232769,
2045371256606957739,Sat Apr 18 05:18:03 +0000 2026,0,Udah ga nafsu makan manis lagi,2045371256606957739,,,in,,0,1,0,https://x.com/undefined/status/2045371256606957739,1807724971030171648,
2045371255982014771,Sat Apr 18 05:18:03 +0000 2026,1,Bener banget Awal-awal aku gatahan tiap ada notif pasti pgn kubaca sampe rasanya badan panas kepala panas pening gk nafsu makan pgn nangis mulu. Sekarang hari ke 9 dari pertama telbay agak mendingan. Harus tetep positif dan usaha biar semuanya bisa cepet selesai.,2045371255982014771,,,in,,0,1,0,https://x.com/undefined/status/2045371255982014771,1292109301268414467,
2045368013873205473,Sat Apr 18 05:18:02 +0000 2026,0,@alfamarb Lagian asem di makan,2045371252555280559,,alfamarb,in,,0,0,0,https://x.com/undefined/status/2045371252555280559,1984089888623620099,
2045367062089130394,Sat Apr 18 05:18:02 +0000 2026,0,@khainibi selamat siang ketua mau makan siang apa ketua,2045371251888414738,,khainibi,in,,0,1,0,https://x.com/undefined/status/2045371251888414738,1451556423414923267,
2045368526589116910,Sat Apr 18 05:18:01 +0000 2026,9,@namakuirfan1 Mau nyanyi undang penyanyi atau apalah selama pakai uang mereka ya tak apa. Ini sudah pakai uang rakyat untuk senang2 disebar di medsos pula seperti ngece rakyat yg kerja keras bayar pajak dan rakyat yg makan saja susah.,2045371250047156227,,namakuirfan1,in,,0,1,2,https://x.com/undefined/status/2045371250047156227,24893875,
2045197367826399639,Sat Apr 18 05:17:57 +0000 2026,0,@lcews harus sabar bgt kalo ngasih makan bayi gini,2045371230312898829,,lcews,in,,0,0,0,https://x.com/undefined/status/2045371230312898829,2024264651807346689,
2045369760075096292,Sat Apr 18 05:17:51 +0000 2026,0,@sumafot engga lg makan,2045371205964931547,,sumafot,in,,0,0,0,https://x.com/undefined/status/2045371205964931547,1800739973400068096,
2045371195516993811,Sat Apr 18 05:17:48 +0000 2026,0,Makan agak traugmaaa... Gileeeeèee,2045371195516993811,,,in,,0,0,0,https://x.com/undefined/status/2045371195516993811,586222049,
2045356721456177349,Sat Apr 18 05:17:38 +0000 2026,0,@uuncontrollably dek Mput katanyaa bro Wowo kalo Sabtu mbg ny libur,2045371152034562287,,uuncontrollably,in,,0,1,0,https://x.com/undefined/status/2045371152034562287,1465614150785110017,
2045368323668373853,Sat Apr 18 05:17:18 +0000 2026,0,@ntmysecr_ Hahaha iyaa J gmn²? Udah makan siang blm? Kalo blm makan dulu gih.. udah jam makan siang juga kaann,2045371066374123910,,ntmysecr_,in,,0,1,0,https://x.com/undefined/status/2045371066374123910,1356465177835626496,
2045371064973394199,Sat Apr 18 05:17:17 +0000 2026,0,fuck diet aku akan makan sesuka hatiku hari ini ,2045371064973394199,,,in,,0,0,0,https://x.com/undefined/status/2045371064973394199,1996610776401059840,
2045371060766515546,Sat Apr 18 05:17:16 +0000 2026,0,Impulsif beli seblak padahal bawa bekel tapi ya tetep makan bekel sih nanti haha hohe huft hidup gini amay.. ,2045371060766515546,,,in,,0,0,0,https://x.com/undefined/status/2045371060766515546,1685399899108691968,
2045298327986868671,Sat Apr 18 05:17:13 +0000 2026,1,@DimmasPutra @LambeResing It's not okay. Karena ada anggaran lain yang akan dipotong untuk menambal subsidi BBM. Tentu bukan anggaran MBG yg dipotong,2045371047936209253,,DimmasPutra,in,,0,0,0,https://x.com/undefined/status/2045371047936209253,1700625180,
2045371042928161037,Sat Apr 18 05:17:12 +0000 2026,0,yeu goblog program buat MAKAN bergizi gratis bukan program pengadaan lapangan pekerjaan.,2045371042928161037,,,in,,0,2,0,https://x.com/undefined/status/2045371042928161037,1095473295430889473,
2045363752221258195,Sat Apr 18 05:17:11 +0000 2026,0,@tertamvan_ makan tidur kak ,2045371038067011629,,tertamvan_,in,,0,0,0,https://x.com/undefined/status/2045371038067011629,2011091483789836294,
2045363752221258195,Sat Apr 18 05:17:05 +0000 2026,0,@tertamvan_ kucing gw kerjaannya cuman minta makan tidur ama buang tai sembarangan,2045371013698077141,,tertamvan_,in,,0,0,0,https://x.com/undefined/status/2045371013698077141,723452599,
2045368004586721642,Sat Apr 18 05:17:03 +0000 2026,0,@munvess Abis makan akuuuu jommm kita ngobrol panjang x lebar x tinggi @.Uranyuss,2045371006790062356,,munvess,in,,0,0,0,https://x.com/undefined/status/2045371006790062356,1742581154849656832,
2045370989488517246,Sat Apr 18 05:16:59 +0000 2026,0,Objek dananya siswa apa siapa si ngentot bih MBG BABI,2045370989488517246,,,in,,0,0,0,https://x.com/undefined/status/2045370989488517246,1724343776116953088,
2045351616505622694,Sat Apr 18 05:18:21 +0000 2026,0,@tempodotco Kenapa ga pakai sepatu sneakers aja kan kerja lapangan toh lebih fleksibel juga ga mesti sampe pengadaan semir sepatu kirain semir sepatu nya jd menu MBG,2045371334218416591,,tempodotco,in,,0,0,0,https://x.com/undefined/status/2045371334218416591,135922199,
2045371330913358029,Sat Apr 18 05:18:21 +0000 2026,0,Bagi anak-anak di daerah terpencil program Makan Bergizi Gratis bukan sekadar makanan tapi harapan #PenuhiGiziIndonesia https://t.co/pq6ncJJHfx,2045371330913358029,https://pbs.twimg.com/media/HGKdtCOagAE5OPA.jpg,,in,,0,0,0,https://x.com/undefined/status/2045371330913358029,109230368,
2045371315633459454,Sat Apr 18 05:18:17 +0000 2026,0,Apasih gue gada makan yg pedes bgt kok pantat gw los dol gini sih?iya sih emg udh kaga berak 3 hari apa lagi keluarin semua isi perut?,2045371315633459454,,,in,,0,0,0,https://x.com/undefined/status/2045371315633459454,1188709914765455360,
2045370052808221172,Sat Apr 18 05:18:14 +0000 2026,1,@GetUpStandUp42O wkwkwk jam makan siang makan siang km mana?,2045371305072136579,,GetUpStandUp42O,in,,0,1,0,https://x.com/undefined/status/2045371305072136579,1362775795136012294,
2045370492635558337,Sat Apr 18 05:18:14 +0000 2026,0,@metanirkata Terus terakhir makan taste apa? ,2045371304162001242,,metanirkata,in,,0,1,0,https://x.com/undefined/status/2045371304162001242,1694925952827138048,
2045335074959507676,Sat Apr 18 05:18:12 +0000 2026,4,@OneLove4Human @prabowo @gibran_tweet Ini karena makanan itu uenak bikin air liur menetes namun apa daya makanan itu lebih haram dari uang korupsi sehingga membuat mereka menderita jika melihat orang lain makan apa begitu arti bikin keresahan?,2045371293642768763,,OneLove4Human,in,,0,0,0,https://x.com/undefined/status/2045371293642768763,1780450221438410752,
2045371278891319784,Sat Apr 18 05:18:08 +0000 2026,4,abel ngasih makan ego damien ,2045371278891319784,,,in,,0,0,2,https://x.com/undefined/status/2045371278891319784,2042432392858910720,
2045371278669000858,Sat Apr 18 05:18:08 +0000 2026,0,hari hari bingung makan apa anjengg ,2045371278669000858,,,in,,0,0,0,https://x.com/undefined/status/2045371278669000858,1114796080032387074,
2045304367038025977,Sat Apr 18 05:18:06 +0000 2026,0,@SanukPHUWIN @SplasherCIPTO Boots udah makan pisang?,2045371271706443985,,SanukPHUWIN,in,,0,1,0,https://x.com/undefined/status/2045371271706443985,973411443683946496,
2045371256606957739,Sat Apr 18 05:18:03 +0000 2026,0,Udah ga nafsu makan manis lagi,2045371256606957739,,,in,,0,1,0,https://x.com/undefined/status/2045371256606957739,1807724971030171648,
2045371255982014771,Sat Apr 18 05:18:03 +0000 2026,1,Bener banget Awal-awal aku gatahan tiap ada notif pasti pgn kubaca sampe rasanya badan panas kepala panas pening gk nafsu makan pgn nangis mulu. Sekarang hari ke 9 dari pertama telbay agak mendingan. Harus tetep positif dan usaha biar semuanya bisa cepet selesai.,2045371255982014771,,,in,,0,1,0,https://x.com/undefined/status/2045371255982014771,1292109301268414467,
2045368013873205473,Sat Apr 18 05:18:02 +0000 2026,0,@alfamarb Lagian asem di makan,2045371252555280559,,alfamarb,in,,0,0,0,https://x.com/undefined/status/2045371252555280559,1984089888623620099,
2045367062089130394,Sat Apr 18 05:18:02 +0000 2026,0,@khainibi selamat siang ketua mau makan siang apa ketua,2045371251888414738,,khainibi,in,,0,1,0,https://x.com/undefined/status/2045371251888414738,1451556423414923267,
2045368526589116910,Sat Apr 18 05:18:01 +0000 2026,9,@namakuirfan1 Mau nyanyi undang penyanyi atau apalah selama pakai uang mereka ya tak apa. Ini sudah pakai uang rakyat untuk senang2 disebar di medsos pula seperti ngece rakyat yg kerja keras bayar pajak dan rakyat yg makan saja susah.,2045371250047156227,,namakuirfan1,in,,0,1,2,https://x.com/undefined/status/2045371250047156227,24893875,
2045197367826399639,Sat Apr 18 05:17:57 +0000 2026,0,@lcews harus sabar bgt kalo ngasih makan bayi gini,2045371230312898829,,lcews,in,,0,0,0,https://x.com/undefined/status/2045371230312898829,2024264651807346689,
2045369760075096292,Sat Apr 18 05:17:51 +0000 2026,0,@sumafot engga lg makan,2045371205964931547,,sumafot,in,,0,0,0,https://x.com/undefined/status/2045371205964931547,1800739973400068096,
2045371195516993811,Sat Apr 18 05:17:48 +0000 2026,0,Makan agak traugmaaa... Gileeeeèee,2045371195516993811,,,in,,0,0,0,https://x.com/undefined/status/2045371195516993811,586222049,
2045356721456177349,Sat Apr 18 05:17:38 +0000 2026,0,@uuncontrollably dek Mput katanyaa bro Wowo kalo Sabtu mbg ny libur,2045371152034562287,,uuncontrollably,in,,0,1,0,https://x.com/undefined/status/2045371152034562287,1465614150785110017,
2045361358133403876,Sat Apr 18 05:18:22 +0000 2026,0,@chearapis Langsung makan naspad enak banget pasti,2045371337083150559,,chearapis,in,,0,0,0,https://x.com/undefined/status/2045371337083150559,1555872859360489472,
2045351616505622694,Sat Apr 18 05:18:21 +0000 2026,0,@tempodotco Kenapa ga pakai sepatu sneakers aja kan kerja lapangan toh lebih fleksibel juga ga mesti sampe pengadaan semir sepatu kirain semir sepatu nya jd menu MBG,2045371334218416591,,tempodotco,in,,0,0,0,https://x.com/undefined/status/2045371334218416591,135922199,
2045371330913358029,Sat Apr 18 05:18:21 +0000 2026,0,Bagi anak-anak di daerah terpencil program Makan Bergizi Gratis bukan sekadar makanan tapi harapan #PenuhiGiziIndonesia https://t.co/pq6ncJJHfx,2045371330913358029,https://pbs.twimg.com/media/HGKdtCOagAE5OPA.jpg,,in,,0,0,0,https://x.com/undefined/status/2045371330913358029,109230368,
2045371315633459454,Sat Apr 18 05:18:17 +0000 2026,0,Apasih gue gada makan yg pedes bgt kok pantat gw los dol gini sih?iya sih emg udh kaga berak 3 hari apa lagi keluarin semua isi perut?,2045371315633459454,,,in,,0,0,0,https://x.com/undefined/status/2045371315633459454,1188709914765455360,
2045370052808221172,Sat Apr 18 05:18:14 +0000 2026,1,@GetUpStandUp42O wkwkwk jam makan siang makan siang km mana?,2045371305072136579,,GetUpStandUp42O,in,,0,1,0,https://x.com/undefined/status/2045371305072136579,1362775795136012294,
2045370492635558337,Sat Apr 18 05:18:14 +0000 2026,0,@metanirkata Terus terakhir makan taste apa? ,2045371304162001242,,metanirkata,in,,0,1,0,https://x.com/undefined/status/2045371304162001242,1694925952827138048,
2045335074959507676,Sat Apr 18 05:18:12 +0000 2026,4,@OneLove4Human @prabowo @gibran_tweet Ini karena makanan itu uenak bikin air liur menetes namun apa daya makanan itu lebih haram dari uang korupsi sehingga membuat mereka menderita jika melihat orang lain makan apa begitu arti bikin keresahan?,2045371293642768763,,OneLove4Human,in,,0,0,0,https://x.com/undefined/status/2045371293642768763,1780450221438410752,
2045371278891319784,Sat Apr 18 05:18:08 +0000 2026,4,abel ngasih makan ego damien ,2045371278891319784,,,in,,0,0,2,https://x.com/undefined/status/2045371278891319784,2042432392858910720,
2045371278669000858,Sat Apr 18 05:18:08 +0000 2026,0,hari hari bingung makan apa anjengg ,2045371278669000858,,,in,,0,0,0,https://x.com/undefined/status/2045371278669000858,1114796080032387074,
2045304367038025977,Sat Apr 18 05:18:06 +0000 2026,0,@SanukPHUWIN @SplasherCIPTO Boots udah makan pisang?,2045371271706443985,,SanukPHUWIN,in,,0,1,0,https://x.com/undefined/status/2045371271706443985,973411443683946496,
2045371256606957739,Sat Apr 18 05:18:03 +0000 2026,0,Udah ga nafsu makan manis lagi,2045371256606957739,,,in,,0,1,0,https://x.com/undefined/status/2045371256606957739,1807724971030171648,
2045371255982014771,Sat Apr 18 05:18:03 +0000 2026,1,Bener banget Awal-awal aku gatahan tiap ada notif pasti pgn kubaca sampe rasanya badan panas kepala panas pening gk nafsu makan pgn nangis mulu. Sekarang hari ke 9 dari pertama telbay agak mendingan. Harus tetep positif dan usaha biar semuanya bisa cepet selesai.,2045371255982014771,,,in,,0,1,0,https://x.com/undefined/status/2045371255982014771,1292109301268414467,
2045368013873205473,Sat Apr 18 05:18:02 +0000 2026,0,@alfamarb Lagian asem di makan,2045371252555280559,,alfamarb,in,,0,0,0,https://x.com/undefined/status/2045371252555280559,1984089888623620099,
2045367062089130394,Sat Apr 18 05:18:02 +0000 2026,0,@khainibi selamat siang ketua mau makan siang apa ketua,2045371251888414738,,khainibi,in,,0,1,0,https://x.com/undefined/status/2045371251888414738,1451556423414923267,
2045368526589116910,Sat Apr 18 05:18:01 +0000 2026,9,@namakuirfan1 Mau nyanyi undang penyanyi atau apalah selama pakai uang mereka ya tak apa. Ini sudah pakai uang rakyat untuk senang2 disebar di medsos pula seperti ngece rakyat yg kerja keras bayar pajak dan rakyat yg makan saja susah.,2045371250047156227,,namakuirfan1,in,,0,1,2,https://x.com/undefined/status/2045371250047156227,24893875,
2045197367826399639,Sat Apr 18 05:17:57 +0000 2026,0,@lcews harus sabar bgt kalo ngasih makan bayi gini,2045371230312898829,,lcews,in,,0,0,0,https://x.com/undefined/status/2045371230312898829,2024264651807346689,
2045369760075096292,Sat Apr 18 05:17:51 +0000 2026,0,@sumafot engga lg makan,2045371205964931547,,sumafot,in,,0,0,0,https://x.com/undefined/status/2045371205964931547,1800739973400068096,
2045371195516993811,Sat Apr 18 05:17:48 +0000 2026,0,Makan agak traugmaaa... Gileeeeèee,2045371195516993811,,,in,,0,0,0,https://x.com/undefined/status/2045371195516993811,586222049,
2045356721456177349,Sat Apr 18 05:17:38 +0000 2026,0,@uuncontrollably dek Mput katanyaa bro Wowo kalo Sabtu mbg ny libur,2045371152034562287,,uuncontrollably,in,,0,1,0,https://x.com/undefined/status/2045371152034562287,1465614150785110017,
2047619981006029219,Sat Apr 25 05:35:49 +0000 2026,0,@KapudS640 Prabowo is handing out people monies to his crownies through MBG and Kopdes - next election would be interesting.,2047912442840395889,,KapudS640,en,,0,0,0,https://x.com/undefined/status/2047912442840395889,2285171616,
2047843343712002124,Sat Apr 25 05:35:20 +0000 2026,0,@Bambangmulyonoo @prabowo Yang benar maksudnya mau nekan USD) gimana Pak ???.,2047912322249924721,,Bambangmulyonoo,in,,0,0,0,https://x.com/undefined/status/2047912322249924721,1611257704357703681,
2047612391068950548,Sat Apr 25 05:35:15 +0000 2026,0,@msaid_didu @prabowo Jika dilakukan secara maksimal maka semua akan baik baik saja,2047912301572075591,,msaid_didu,in,,0,0,0,https://x.com/undefined/status/2047912301572075591,2028049356373561344,
2047912265593282883,Sat Apr 25 05:35:07 +0000 2026,0,Joko bak msh presiden aja ya. luar biasa @prabowo ini. Presiden2 sblmnya mana ada tuh yg pejabatnya atau dianya sendiri datang2in ex sblm mrk buat kasih laporan. Mana para pejabat prabowo hampir semua loyalisnya joko lagi. Hidup jokowkwkwk @Gerindra @bang_dasco @andre_rosiade,2047912265593282883,,,in,,0,0,0,https://x.com/undefined/status/2047912265593282883,1617060345528610816,
2047612391068950548,Sat Apr 25 05:34:49 +0000 2026,0,@msaid_didu @prabowo Bagus sih kalau ada kritik dari masyarakat jadi pemerintah juga bisa terus evaluasi biar programnya makin tepat sasaran,2047912190167208042,,msaid_didu,in,,0,0,0,https://x.com/undefined/status/2047912190167208042,2028840123539042305,
2047912170302968144,Sat Apr 25 05:34:44 +0000 2026,0,Presiden @prabowo Pecat Kepala BGN‼️,2047912170302968144,,,in,,0,0,0,https://x.com/undefined/status/2047912170302968144,1790936744428556288,
2047865283994693845,Sat Apr 25 05:34:34 +0000 2026,0,@ferrykoto @RahagungC33511 @prabowo Yaqeeennn??? Nanik Deyang = Dadan. Liat rekam jekak dia sangat Brutal halalkan segala cara nyerang lawan politik saat jd buzzer Prabowo dii 2014-2019. BGN/MBG sekarang adalah cerninan asli moral korup dia,2047912127017660451,,ferrykoto,in,,0,0,0,https://x.com/undefined/status/2047912127017660451,276795808,
2047661565978227131,Sat Apr 25 05:34:21 +0000 2026,0,@iwanpiliang7 @saiful_mujani Ya belum tau om pak prabowo aja yg dikira bisa bikin maju malah diluar nurul pemerintahannya berantakan ga jelas ke isi omprengan mbg.. Udah liat kemenlu belom om..? ,2047912074530201941,,iwanpiliang7,in,,0,0,0,https://x.com/undefined/status/2047912074530201941,382696713,
2047612391068950548,Sat Apr 25 05:34:09 +0000 2026,0,@msaid_didu @prabowo Program-program kayak gini memang butuh waktu buat kelihatan hasilnya tapi arahnya udah jelas buat ningkatin kesejahteraan masyarakat,2047912022936092883,,msaid_didu,in,,0,0,0,https://x.com/undefined/status/2047912022936092883,2009529442708934658,
2047843343712002124,Sat Apr 25 05:33:48 +0000 2026,0,@Bambangmulyonoo @prabowo tenang sodara baru aja 2 th .....masih ada sisa 8 th lg ..haha,2047911933790368049,,Bambangmulyonoo,in,,0,0,0,https://x.com/undefined/status/2047911933790368049,1470319573576519682,
2047612391068950548,Sat Apr 25 05:33:25 +0000 2026,0,@msaid_didu @prabowo Lebih baik kita dukung saja kebijakan yang telah dibuat oleh pemerintah,2047911840664146004,,msaid_didu,in,,0,0,0,https://x.com/undefined/status/2047911840664146004,2028053533699018752,
410751912049250305,Sat Apr 25 05:33:19 +0000 2026,0,@prabowo @sisalahjurusan @DavidEfendhi KICAU MANIA,2047911812092633326,,prabowo,in,,0,0,0,https://x.com/undefined/status/2047911812092633326,1537142079025205248,
2047875003052347703,Sat Apr 25 05:33:17 +0000 2026,0,@ibamarief @davidhermansyah @prabowo @ririecili Programmnya sendiri ga didengerin Kok mau dengerin programmnya org lain,2047911807193645224,,ibamarief,in,,0,0,0,https://x.com/undefined/status/2047911807193645224,195210299,
2047563995553657130,Sat Apr 25 05:32:53 +0000 2026,0,@kenhans03 Tetangga ku bisa produksi krupuk nasi enak. Pak Prabowo hebat,2047911706064748898,,kenhans03,in,,0,0,0,https://x.com/undefined/status/2047911706064748898,1693166415879319552,
2047841571312382189,Sat Apr 25 05:32:47 +0000 2026,0,@Yulia_4ja Kerenn wooo @prabowo koe barang keren bran @gibran_tweet Duooo gob****** bang****,2047911678432731285,,Yulia_4ja,in,,0,0,0,https://x.com/undefined/status/2047911678432731285,153713539,
2047903430061031602,Sat Apr 25 05:32:43 +0000 2026,0,@Pengikutdaj55 @ARSIPAJA semuanya sih dari Bu Mega pak Prabowo cak Imin Surya Paloh zulhas hanya 2 partai saja yg d parlemen sering berganti ketum nya Golkar dan PKS,2047911661751914576,,Pengikutdaj55,in,,0,0,0,https://x.com/undefined/status/2047911661751914576,1765169759338037248,
2047827934212223155,Sat Apr 25 05:32:17 +0000 2026,0,@tempodotco bener2 @prabowo tolol sampe bikin kroni2 tolol begini dari level bawah ke atas ,2047911553085960562,,tempodotco,in,,0,0,0,https://x.com/undefined/status/2047911553085960562,60051050,
2044939845160824925,Sat Apr 25 05:32:16 +0000 2026,0,@prabowo Pak katanya efisiensi tapi hampir tiap minggu ke luar negeri.. Kalau begini terus yakin saya 2029 anda kalah sama Gibran,2047911547788480730,,prabowo,in,,0,0,0,https://x.com/undefined/status/2047911547788480730,280676951,
2047639375773917302,Sat Apr 25 05:32:11 +0000 2026,0,@The25thSykes wkwkkw prabowo,2047911529820119496,,The25thSykes,in,,0,0,0,https://x.com/undefined/status/2047911529820119496,287093780,
2047612391068950548,Sat Apr 25 05:32:04 +0000 2026,0,@msaid_didu @prabowo Terlalu cepat atas kekhawatiran yang belum tentu terjadi sangat tidak etis menurutku,2047911500342542414,,msaid_didu,in,,0,0,0,https://x.com/undefined/status/2047911500342542414,2028060804038492161,
2047656648345637116,Sat Apr 25 05:32:01 +0000 2026,0,@rumiiihere prabowo,2047911487067619601,,rumiiihere,pl,,0,0,0,https://x.com/undefined/status/2047911487067619601,346357606,
2047606606536253935,Sat Apr 25 05:31:59 +0000 2026,0,@BANGSAygSUJUD @prabowo @BattoAjax @BahamasJefry @Kimberley_PS08 @IrawanRommi @jametkunx @achmad_joey @potrzayed @Ndons_Back @HASBALL18439385 @Masdjodi1 Berita ini ketutup sama serangan netijen ke MBG. Buat nutupin kerjanya gubernur juga. Pahit loh rasanya langsung diambil alih pengerjaannya. Ketahuan gubernur ga punya plan untuk mereka,2047911478561521887,,BANGSAygSUJUD,in,,0,0,0,https://x.com/undefined/status/2047911478561521887,502625925,
2047911476871221681,Sat Apr 25 05:31:59 +0000 2026,0, cape2 01 friendly ke 03 ga bakalan bisa diterima 03 yah. Gw aja dihajar 03 even yg pasti menang 02. Tanpa angin faksi anies pram ya ga bakal gacor di Jakarta. Ngasih tahu aje ye pantes kalian cuman belasan persen. Hidup Jokowi. Hidup Prabowo-Gibran.,2047911476871221681,,,in,,0,0,0,https://x.com/undefined/status/2047911476871221681,611413509,
2047880989620502981,Sat Apr 25 05:31:25 +0000 2026,0,@Anak__Ogi @prabowo Tangkap para termul.,2047911333971276248,,Anak__Ogi,in,,0,0,0,https://x.com/undefined/status/2047911333971276248,1258019504497422337,
2047843343712002124,Sat Apr 25 05:31:10 +0000 2026,0,@Bambangmulyonoo @prabowo Dia mau 2 priode ,2047911272562425986,,Bambangmulyonoo,in,,0,0,0,https://x.com/undefined/status/2047911272562425986,1119615959713472512,
2047843343712002124,Sat Apr 25 05:30:56 +0000 2026,0,@Bambangmulyonoo @prabowo persamaan kata lain dari omon omon apa ya?,2047911213099798920,,Bambangmulyonoo,in,,0,0,0,https://x.com/undefined/status/2047911213099798920,1699625783604711424,
2047843343712002124,Sat Apr 25 05:30:53 +0000 2026,0,@Bambangmulyonoo @prabowo HOAKS dgn narasi bnyk OMON OMONlebih bnyk jalan2 keluar negerieh ternyata TEDDY titipan presiden yg kemaren selama 2 periodeKapan di Makzulkan dgn mosi tidak percaya kepada beliau,2047911202836435384,,Bambangmulyonoo,in,,0,0,0,https://x.com/undefined/status/2047911202836435384,1725807644878004224,
2047612391068950548,Sat Apr 25 05:30:53 +0000 2026,0,@msaid_didu @prabowo Jika dilakukan dngan teliti dan benar maka tidak akan kerjadi kekhawatiran sperti yang di caption,2047911200185520339,,msaid_didu,in,,0,0,0,https://x.com/undefined/status/2047911200185520339,1853707728725925888,
2047843343712002124,Sat Apr 25 05:30:32 +0000 2026,0,@Bambangmulyonoo @prabowo Bise aje asal amrik dikasih tempat buat pangkalan militer di natuna,2047911115473186930,,Bambangmulyonoo,in,,0,0,0,https://x.com/undefined/status/2047911115473186930,2028480735997579264,
2047911085706235966,Sat Apr 25 05:30:25 +0000 2026,0,Presiden @prabowo Pecat Kepala BGN‼️,2047911085706235966,,,in,,0,0,0,https://x.com/undefined/status/2047911085706235966,1790936744428556288,
2047910882152443936,Sat Apr 25 05:29:37 +0000 2026,0,@KSPgoid @prabowo,2047910882152443936,,KSPgoid,qam,,0,0,0,https://x.com/undefined/status/2047910882152443936,150153589,
2047910862367940916,Sat Apr 25 05:29:32 +0000 2026,0,@prabowo hey antek2 aseng hidup jokowiii,2047910862367940916,,prabowo,in,,0,0,0,https://x.com/undefined/status/2047910862367940916,1747349082094678016,
2047685831218074046,Sat Apr 25 05:29:27 +0000 2026,0,@da_tator_id @prabowo @ListyoSigitP wkwkwk,2047910842994491825,,da_tator_id,in,,0,0,0,https://x.com/undefined/status/2047910842994491825,1395171646151880706,
2047699861399875949,Sat Apr 25 05:29:05 +0000 2026,0,@sugondese6666 Aku milih prabowo aku gak bingung knp ada masalah? Asuuu raimu ,2047910747272024556,,sugondese6666,in,,1,0,0,https://x.com/undefined/status/2047910747272024556,1414969218911461378,
2047910740116602923,Sat Apr 25 05:29:03 +0000 2026,0,Percuma teriak keracunan MBG pemerintah mengangap hal biasa coba klau mereka yang keracunan pasti enggak pakai lama diproses hukum ya ? @prabowo @DPR_RI,2047910740116602923,,,in,,0,0,0,https://x.com/undefined/status/2047910740116602923,2434644384,
2047598725019934750,Sat Apr 25 05:29:01 +0000 2026,0,@molii70718 @lu944659 @mukaikhlas @prabowo kuasa anda apa mau ngeludahin orang?? lu punya tanggung jawab ngurusin rakyat ga?? lu punya mandat dari rakyat yg uda muak ga??,2047910730075459733,,molii70718,in,,0,0,0,https://x.com/undefined/status/2047910730075459733,1419837640241651715,
2047612391068950548,Sat Apr 25 05:29:00 +0000 2026,0,@msaid_didu @prabowo Semoga aja tidak terjadi sperti itu,2047910726162174411,,msaid_didu,in,,0,0,0,https://x.com/undefined/status/2047910726162174411,2028047914996727808,
2047875003052347703,Sat Apr 25 05:28:54 +0000 2026,0,@ibamarief @prabowo @ririecili Berbakti untuk negara berujung kriminalisasi. Kalau menolak nanti dibilang tidak nasionalis. Memang betul dulu ada tagar Kabur aja dulu. Lebih baik berbakti untuk negara lain atau korporat asing dibanding di negara sendiri.,2047910703517102223,,ibamarief,in,,0,0,0,https://x.com/undefined/status/2047910703517102223,101384201,
2047612391068950548,Sat Apr 25 05:28:45 +0000 2026,0,@msaid_didu @prabowo Program gede emang butuh pengawasan ketat,2047910663507574938,,msaid_didu,in,,0,0,0,https://x.com/undefined/status/2047910663507574938,1790227888807333888,
2047560917471408141,Sat Apr 25 05:28:26 +0000 2026,0,@regar_op0sisi @feriamsari @prabowo @jokowi Narasinya emang negara ini carut marut? Bukanya baik² saja ya... Terus pertanggung jawabanya kan emang ke rakyat bukan jokowi knapa bawa² jokowi ,2047910583484424677,,regar_op0sisi,in,,0,0,0,https://x.com/undefined/status/2047910583484424677,1409735172459687942,
2047856448730972450,Sat Apr 25 05:28:20 +0000 2026,1,@LambeSahamjja Saya hanya mau mengonfirmasikan apa yang disampaikan Bapak Prabowo Subianto itu sangat-sangat benar deep state itu ada di semua kementerian terutama PU ujar Dody kepada wartawan di Solo Jawa Tengah Minggu (29/3).,2047910559706992908,,miqsoe_,in,,0,1,0,https://x.com/undefined/status/2047910559706992908,1817948525780783104,
439412918321311744,Sat Apr 25 05:28:18 +0000 2026,0,@prabowo MBG tidak dicoret? Makin gemuk kepala BGN masa bapak tidak tau harga kaos kaki saja 100 ribu stau saya ya pak kalau urusan makan tidak sangkut paut sama kaos kaki dan motor,2047910552681492985,,prabowo,in,,0,0,0,https://x.com/undefined/status/2047910552681492985,1667883858388488194,
2047612391068950548,Sat Apr 25 05:28:13 +0000 2026,0,@msaid_didu @prabowo Setuju banget perencanaan matang itu kunci,2047910529063375199,,msaid_didu,in,,0,0,0,https://x.com/undefined/status/2047910529063375199,1775277492494008320,
2047865283994693845,Sat Apr 25 05:28:07 +0000 2026,0,@ferrykoto @dJokoTingkir99 @prabowo Bukan cuma dipecat dihukum mati bolak balik kek di RRT juga gak cukup! Dadan ini sumber Korupsi brutal di MBG,2047910505130725699,,ferrykoto,in,,0,0,0,https://x.com/undefined/status/2047910505130725699,276795808,
2047897182821556259,Sat Apr 25 05:27:58 +0000 2026,0,@digigitnanas @menuembegejelek @prabowo Mantan Wartawan Bodrex si Nanik ini :v,2047910468518645991,,digigitnanas,in,,0,0,0,https://x.com/undefined/status/2047910468518645991,1863920907930267649,
2047856448730972450,Sat Apr 25 05:27:56 +0000 2026,2,@LambeSahamjja kan udah dibilang sama prabowo dan menteri PU kalo disetiap kementerian ada deep state yg mau ancurin dari dalem. emang pada tolol aja malah nyalahin pemerintah dikira pemerintah punya kekuasaan absolut kali wkwk,2047910459177869577,,LambeSahamjja,in,,0,2,0,https://x.com/undefined/status/2047910459177869577,1817948525780783104,
2047843343712002124,Sat Apr 25 05:27:30 +0000 2026,0,@Bambangmulyonoo @prabowo Omon omon,2047910352365736242,,Bambangmulyonoo,en,,0,0,0,https://x.com/undefined/status/2047910352365736242,1739992474490433536,
2047612391068950548,Sat Apr 25 05:27:30 +0000 2026,0,@msaid_didu @prabowo Kritik sama kekhawatiran itu bumbu demokrasi anggep aja vitamin biar program kayak MBG jalannya makin transparan dan tepat sasaran,2047910350750965813,,msaid_didu,in,,0,0,0,https://x.com/undefined/status/2047910350750965813,1709566588134076416,
2047843343712002124,Sat Apr 25 05:27:23 +0000 2026,0,@Bambangmulyonoo @prabowo Sabaaaarr.......,2047910319486542117,,Bambangmulyonoo,es,,0,0,0,https://x.com/undefined/status/2047910319486542117,1603517366960209922,
2047910146433777851,Sat Apr 25 05:26:41 +0000 2026,0,Diplomasi Prabowo berhasil!! RI amankan 100 juta barel minyak dari Rusia di tengah konflik global ___ Hari Sabtu Pagii Rebahan Keluarin Chatime Pisah Klok Wardah Staylock https://t.co/aKeK8VpJbi,2047910146433777851,https://pbs.twimg.com/ext_tw_video_thumb/2047910085243064321/pu/img/PYr8OXEWP5kLk8a8.jpg,,in,,0,0,0,https://x.com/undefined/status/2047910146433777851,3037998600,
2047875003052347703,Sat Apr 25 05:26:36 +0000 2026,0,@ndriygs @ibamarief @prabowo @ririecili oh ya ?,2047910123453198615,,ndriygs,in,,0,0,0,https://x.com/undefined/status/2047910123453198615,385305365,
2047699861399875949,Sat Apr 25 05:26:36 +0000 2026,0,@gegeGGdata @hidayatfirman @sugondese6666 Ya daripada lu 2019 pilih prabowo???? Lebih dongo lagi hadehhh,2047910122526306386,,gegeGGdata,in,,0,0,0,https://x.com/undefined/status/2047910122526306386,315662231,
2047910043916681290,Sat Apr 25 05:26:17 +0000 2026,0,Ahhh sudahlah anda ini menyerang sana sini bawa2 perintah menhan @sjafriesjams udh g benar anda ini apa mungkin menhan org sekampung mu bocorkan info ke anda utk menyerang presiden @prabowo ???,2047910043916681290,,,in,,0,0,0,https://x.com/undefined/status/2047910043916681290,2441816976,
2047910007824642214,Sat Apr 25 05:26:08 +0000 2026,0,prabowo,2047910007824642214,,,pl,,0,0,0,https://x.com/undefined/status/2047910007824642214,632966007,
2047875003052347703,Sat Apr 25 05:26:08 +0000 2026,0,@ibamarief @prabowo @ririecili Laa ilaaha illaa anta subhaanaka inni kuntu minadzolimin Aamiin,2047910006859931651,,ibamarief,fi,,0,0,0,https://x.com/undefined/status/2047910006859931651,157269143,
2047875003052347703,Sat Apr 25 05:26:07 +0000 2026,0,@ibamarief @prabowo @ririecili @Dahnilanzar,2047910001352786144,,ibamarief,qam,,0,0,0,https://x.com/undefined/status/2047910001352786144,709689384,
439412918321311744,Sat Apr 25 05:25:23 +0000 2026,1,@prabowo @tony_upr Omon omon PHK dimana mana Presiden pekak https://t.co/zBCqbErcOp,2047909816589549574,https://pbs.twimg.com/tweet_video_thumb/HGujHP7aQAA8741.jpg,prabowo,in,,0,0,0,https://x.com/undefined/status/2047909816589549574,199814647,
2047685550996660719,Sat Apr 25 05:25:14 +0000 2026,0,@DivHumas_Polri salut buat pak prabowo dan polri yang bikin negara makin,2047909780652789975,,DivHumas_Polri,in,,0,0,0,https://x.com/undefined/status/2047909780652789975,1950479833903026176,
2047669211435254005,Sat Apr 25 05:25:12 +0000 2026,0,@babijoged ini tuh seharusnya di tarik lebih jauhh.. 2014 knapa pilih jokowi? karena lawan paslonnya hanya prabowo 2019 kenapa masih pilih jokowi? karena lawan paslonnya cuma ada prabowo (lagi). 2024 kenapa pilih prabowo? padahal ada 2 paslon lain?. sampe sini buzzer baru boleh pembelaan,2047909770896855185,,babijoged,in,,0,0,0,https://x.com/undefined/status/2047909770896855185,1713467594228002816,
2047843343712002124,Sat Apr 25 05:25:05 +0000 2026,0,@Bambangmulyonoo @prabowo Presiden Konoha mimpi tingkat dewa dah,2047909741842882619,,Bambangmulyonoo,in,,0,0,0,https://x.com/undefined/status/2047909741842882619,1662118243497291778,
2047909734452445500,Sat Apr 25 05:25:03 +0000 2026,0,met makan siang rakyat prabowo https://t.co/sgr1ibQHFi,2047909734452445500,https://pbs.twimg.com/media/HGujC7PbMAAKjeG.jpg,,in,,0,8,0,https://x.com/undefined/status/2047909734452445500,1830670867464101893,
2047818312625840568,Sat Apr 25 05:24:34 +0000 2026,0,@changaaa13 semoga rezim prabowo jatuh sejatuh jatuhnyaa,2047909610682818837,,changaaa13,in,,0,0,0,https://x.com/undefined/status/2047909610682818837,1491791176454008834,
2034184366444933499,Sat Apr 25 05:24:24 +0000 2026,0,@sandy2040s @detikcom @kumparan @kabarklaten @infoklaten @BeritaKlaten @soloposdotcom @kejatijateng @KejaksaanRI @prabowo @Beritasatu @CNN @KKlaten24j24206 @YaniSunarno Jangan sampai ada yang mencoba menutupi kebenaran di balik kasus ini.,2047909570639733135,,sandy2040s,in,,0,0,0,https://x.com/undefined/status/2047909570639733135,2020750503391678464,
2047865283994693845,Sat Apr 25 05:23:59 +0000 2026,0,@ferrykoto @prabowo pemerintahan prabowo ini memang salah satu pemerintahan terburuk selama Indonesia berdiri. terlalu banyak bentuk korupsi terang-terangan yang disamarkan dengan bentuk pengadaan barang dan jasa. terutama di dalam proyek MBG dan kopdes merah putih.,2047909465622721019,,ferrykoto,in,,0,0,0,https://x.com/undefined/status/2047909465622721019,1570111918056312837,
2047612391068950548,Sat Apr 25 05:23:57 +0000 2026,0,@msaid_didu @prabowo https://t.co/ubp7SQ5bWp,2047909456999268764,https://pbs.twimg.com/media/HGuizHva4AAyEiG.jpg,msaid_didu,qme,,0,0,0,https://x.com/undefined/status/2047909456999268764,1924464934416719872,
2047865283994693845,Sat Apr 25 05:23:40 +0000 2026,0,@ferrykoto @prabowo Orang kayak gini harus jadi Menkeu bayangin aja semua yg di bawah organisasi dia makmur hebat loh ini orang. Kalau jadi Menkeu seluruh rakyat Indonesia bisa makmur ayo angkat dia jadi Menkeu dong pak presiden,2047909386639802567,,ferrykoto,in,,0,0,0,https://x.com/undefined/status/2047909386639802567,2022961309734797312,
2047893912338252102,Sat Apr 25 05:22:40 +0000 2026,0,@myhaddadihero @ainunnajib @prabowo pihak yg brandnya ga dipake di proyek ini...,2047909135954665930,,myhaddadihero,in,,0,0,0,https://x.com/undefined/status/2047909135954665930,1361848291990769667,
2047843343712002124,Sat Apr 25 05:22:27 +0000 2026,0,@Bambangmulyonoo @bebrave2006 @prabowo Rakyat akan lebih senang kalau kurs rupiah Rp. 5.000 / USD $1 dr pada nunggu 5-10 tahun lagi,2047909077603495989,,Bambangmulyonoo,in,,0,0,0,https://x.com/undefined/status/2047909077603495989,72010193,
2047909050202169507,Sat Apr 25 05:22:20 +0000 2026,0,Sebelum tender ada bag perencanaan tehnis 1.harga 2. delivery 3.spesifikasi tehnis 4.after sales service 5.moral Ini diwajibkan semua vendor bisa supplay utk perang harga apalagi barang umum bkn khusus Cc @habiburokhman @KejaksaanRI @prabowo @ommi_siregar @KemenkeuRI @msaid_didu,2047909050202169507,,,in,,0,0,0,https://x.com/undefined/status/2047909050202169507,1119457371393146880,
2047880077376098503,Sat Apr 25 05:22:15 +0000 2026,0,@cixfeb Kalo kamu diberi kesempatan mau nurunin prabowo apa mukulin kepala bgn ? ,2047909027540275279,,cixfeb,in,,0,0,0,https://x.com/undefined/status/2047909027540275279,1147110447562125313,
2047449217518768472,Sat Apr 25 05:21:29 +0000 2026,0,@bardanslm MBG itu program bagus banyak negara luar juga menerapkan ini cuma pengelolaannya saja yg jelek harusnya masyarakat mendukung program ini dengan menjadi pengawas yg baik bukan malah rame2 pgn programnya yg bubar sebenernya kalian hanya benci Prabowo aja kan,2047908836108116231,,bardanslm,in,,0,0,0,https://x.com/undefined/status/2047908836108116231,2046691160790634496,
2047843343712002124,Sat Apr 25 05:21:01 +0000 2026,0,@Bambangmulyonoo @prabowo Wowo bilang gitu cuman mau 2 periode...,2047908717417660827,,Bambangmulyonoo,in,,0,0,0,https://x.com/undefined/status/2047908717417660827,1721459051186565120,
2047875003052347703,Sat Apr 25 05:20:57 +0000 2026,0,@ibamarief @prabowo @ririecili In sya Allah ada keadilan buat mas Ibam dan mendapatkan vonis bebas murni... Aamiin ya rabbal 'aalamiin... ,2047908702880145419,,ibamarief,in,,0,0,0,https://x.com/undefined/status/2047908702880145419,80559922,
2034184366444933499,Sat Apr 25 05:20:52 +0000 2026,0,@sandy2040s @detikcom @kumparan @kabarklaten @infoklaten @BeritaKlaten @soloposdotcom @kejatijateng @KejaksaanRI @prabowo @Beritasatu @CNN @KKlaten24j24206 @YaniSunarno keputusan yang dibuat malah menimbulkan polemik di masyarakat.,2047908680994344977,,sandy2040s,in,,0,0,0,https://x.com/undefined/status/2047908680994344977,2020724338471927808,
2047908634097746313,Sat Apr 25 05:20:41 +0000 2026,0,@prabowo @Kemenag_RI DANA UMAT PUN BAKALAN DISIKAT IBLIS SAJA TIDAK PERNAH &amp; TIDAK SANGGUP MELAKUKAN ITU https://t.co/mYDIbB68be,2047908634097746313,https://pbs.twimg.com/ext_tw_video_thumb/2047908403218137088/pu/img/DraDzJnM_dJ9LCO7.jpg,prabowo,in,,0,0,0,https://x.com/undefined/status/2047908634097746313,989280594520489985,
2047843343712002124,Sat Apr 25 05:20:30 +0000 2026,0,@CalmingS8471 @Bambangmulyonoo @prabowo Ga bisa gibrwn saja jadi wqpres,2047908587889123730,,CalmingS8471,in,,0,0,0,https://x.com/undefined/status/2047908587889123730,2023353142705086464,
2047843343712002124,Sat Apr 25 05:19:57 +0000 2026,0,@Bambangmulyonoo @prabowo iyain aja omongan badut biar dia senang,2047908452006338912,,Bambangmulyonoo,in,,0,0,0,https://x.com/undefined/status/2047908452006338912,1287460240267517952,
2047908444762780146,Sat Apr 25 05:19:56 +0000 2026,0,@prabowo semenjak anda yg pimpin Rusak NEGARA,2047908444762780146,,prabowo,in,,0,0,0,https://x.com/undefined/status/2047908444762780146,989280594520489985,
2047843343712002124,Sat Apr 25 05:19:52 +0000 2026,0,@Bambangmulyonoo @prabowo Prabowo 2 periode,2047908428732047571,,Bambangmulyonoo,in,,0,0,0,https://x.com/undefined/status/2047908428732047571,2023353142705086464,
2047908400076566942,Sat Apr 25 05:19:45 +0000 2026,1,Alhamdulillah Diplomasi @prabowo Berhasil! RI Amankan 100 Juta Barel Minyak dari Rusia Langkah ini menjadi sangat krusial mengingat kondisi geopolitik global yang kian tidak menentu pasca meningkatnya ketegangan di Timur Tengah. @bang_dasco @Gerindra @KemensetnegRI @setkabgoid https://t.co/lQZeget1VA,2047908400076566942,https://pbs.twimg.com/ext_tw_video_thumb/2047908314202411008/pu/img/-kb01-N1GUNW1uEV.jpg,,in,,0,0,0,https://x.com/undefined/status/2047908400076566942,1854844141672484864,
2047487030360490398,Sat Apr 25 05:14:37 +0000 2026,0,@regar_op0sisi @prabowo beliau tidak baca medsos info di saring teddy,2047907108289749186,,regar_op0sisi,in,,0,0,0,https://x.com/undefined/status/2047907108289749186,1931329615966208000,
2047907090002559123,Sat Apr 25 05:14:33 +0000 2026,0,O7 : RAJA NGIBUL 08 : RAJA OMON² @jokowi @prabowo,2047907090002559123,,,et,,0,0,0,https://x.com/undefined/status/2047907090002559123,1832483193544704000,
2047907023128613183,Sat Apr 25 05:14:17 +0000 2026,0,Prabowo Subianto.,2047907023128613183,,,pl,,0,0,0,https://x.com/undefined/status/2047907023128613183,1863935924746469376,
2047906734459724226,Sat Apr 25 05:13:08 +0000 2026,0,@prabowo jika anak bangsa seperti @ibamarief yang ingin mengabdi kepada negaranya namun ujungnya adalah ketidak adilan di mata hukum gegara fitnah para pelaku korupsi apakah Indonesia masih layak di sebut negara hukum? Buktikan jika anda layak jadi presiden kami!,2047906734459724226,,prabowo,in,,0,0,0,https://x.com/undefined/status/2047906734459724226,2219041580,
2047465585059987710,Sat Apr 25 05:12:55 +0000 2026,0,@VIVAcoid Jujur aja kerja sama sama Prabowo Subianto ke Rusia ini agak bikin khawatir. Soalnya kondisi geopolitik lagi sensitif bisa-bisa Indonesia malah kena imbas tekanan dari negara lain.,2047906679791227236,,VIVAcoid,in,,0,0,0,https://x.com/undefined/status/2047906679791227236,2009529442708934658,
2047877164318744933,Sat Apr 25 05:12:54 +0000 2026,0,@JukiHoki Ingat ya guys ini tuh Prabowo kalau yang sekarang Pascabowo makanya beda brandingannya,2047906676238606566,,JukiHoki,in,,0,0,0,https://x.com/undefined/status/2047906676238606566,346342699,
2047656648345637116,Sat Apr 25 05:12:50 +0000 2026,0,@rumiiihere Prabowo,2047906659348128116,,rumiiihere,pl,,0,0,0,https://x.com/undefined/status/2047906659348128116,700960062,
2047906642696814806,Sat Apr 25 05:12:46 +0000 2026,0,Pak Prabowo kunjungan ke Kediri challenge.,2047906642696814806,,,in,,0,0,0,https://x.com/undefined/status/2047906642696814806,391092810,
2047543312522027064,Sat Apr 25 05:12:38 +0000 2026,0,@Saffron_Sniper1 Presiden barbar yang nir-tata-krama dan sopan santun paling mendasar ini adalah idola Prabowo. https://t.co/xwZzEQE1r7,2047906609557594520,https://pbs.twimg.com/media/HGugIspbgAAla0P.png,Saffron_Sniper1,in,,0,0,0,https://x.com/undefined/status/2047906609557594520,1230485443780571136,
2047875003052347703,Sat Apr 25 05:12:33 +0000 2026,0,@ibamarief @prabowo @ririecili Mohon dibaca pak presiden @prabowo ... demi masa depan mimpi anak2 indonesia yang kreatif... selama anak2 negeri yang kreatif dibelenggu hukum seperti ini Indonesia tidak akan pernah mendunia... cukup sudah ricky elson dan @iskan_dahlan yg jd korban dengan mobil listriknya (2013),2047906589647180174,,ibamarief,in,,0,0,0,https://x.com/undefined/status/2047906589647180174,358868303,
2047592859315101808,Sat Apr 25 05:11:56 +0000 2026,0,@Arnasamudra @bangherwin @bahlillahadalia @golkar_id @KementerianESDM @pertamina @prabowo @Gerindra pemerintah dan loe yg tolol kalau gitu. sdh tau kalau jenis dan mutu minyaknya ngak bisa diolah di dlm negeri dibeli.,2047906433782751630,,Arnasamudra,in,,0,0,0,https://x.com/undefined/status/2047906433782751630,1594845221728440320,
2047906392321949971,Sat Apr 25 05:11:46 +0000 2026,0,baca nih @prabowo,2047906392321949971,,,in,,0,0,0,https://x.com/undefined/status/2047906392321949971,753962170321211393,
2047875003052347703,Sat Apr 25 05:11:45 +0000 2026,0,@ibamarief @waskitaadijarto @prabowo @ririecili Tembusan Pak @jokowi,2047906388085756109,,ibamarief,in,,0,0,0,https://x.com/undefined/status/2047906388085756109,149193644,
2047455865842827313,Sat Apr 25 05:11:31 +0000 2026,0,@Piyusaja2 @prabowo Ada peningkatan ,2047906329151598592,,Piyusaja2,in,,0,0,0,https://x.com/undefined/status/2047906329151598592,1809832124503244800,
2047843343712002124,Sat Apr 25 05:11:21 +0000 2026,0,@Bambangmulyonoo @prabowo Negara ini hanya mengandalkan pajak dair rakyat jadi tidak mungkin rupiah menang sampai kiamat,2047906287393050927,,Bambangmulyonoo,in,,0,0,0,https://x.com/undefined/status/2047906287393050927,1618449963587108865,
2047906268401344527,Sat Apr 25 05:11:17 +0000 2026,0,#AdiliJokowi atau Ijazah Palsu bikin Hukum RI cium pantat Jokowi @prabowo DPR RI BEM UI BEM SI BEM ITB BEM UGM Universitas Brawijaya Universitas Diponegoro Universitas Padjadjaran UNAIR Yenny Wahid Najwa Shihab Susi Pudjiastuti Rocky Gerung Kejaksaan RI https://t.co/q3mzMDkvIu,2047906268401344527,,,in,,0,0,0,https://x.com/undefined/status/2047906268401344527,1933320446814109696,
2047906129041330246,Sat Apr 25 05:10:44 +0000 2026,0,Perkuat Stabilitas Nasional: Presiden Prabowo Subianto Terima Laporan Strategis Kapolri di Hambalang https://t.co/IGldGskKnU,2047906129041330246,,,in,,0,0,0,https://x.com/undefined/status/2047906129041330246,1074681861819912192,
2047487030360490398,Sat Apr 25 05:10:31 +0000 2026,0,@regar_op0sisi @prabowo Hari hari jadi warga Indonesia harus terbiasa dg KETOLOLAN pemerintah,2047906077493346767,,regar_op0sisi,in,,0,0,0,https://x.com/undefined/status/2047906077493346767,1769265922441990144,
2047881539766436216,Sat Apr 25 05:10:25 +0000 2026,0,@KangManto123 @BNI @DPR_RI @prabowo @riekediahp @Gerindra Beritanya kurang jelas nama koperasinya apa? Siapa pendiri koperasinya? Orang dalam BNI-kah atau orang luar? Modusnya bagaimana? kenapa yang digeruduk BNI? mereka dapat bukti surat dgn cap BNI-kah? Ini point2 penting yg harus diberitakan tapi yg dihighlight BNInya aja.,2047906050733744579,,KangManto123,in,,0,0,0,https://x.com/undefined/status/2047906050733744579,50860247,
2047865283994693845,Sat Apr 25 05:10:25 +0000 2026,0,@ferrykoto @prabowo Tibang ng-zoom aja sampe milyaran ,2047906049232142753,,ferrykoto,in,,0,0,0,https://x.com/undefined/status/2047906049232142753,1794301988123111424,
2047906032387834342,Sat Apr 25 05:10:21 +0000 2026,7,Menpora lapor ke Seskab Mensos lapor ke Seskab MenKop lapor ke Seskab HIPMI lapor ke Seskab Menkomdigi lapor ke Seskab Dirut BTN &amp; KAI lapor ke Seskab Dirjen Imigrasi lapor ke Seskab ini yang presiden siapa dah? seskab atau prabowo? kok apa apa lapor ke teddy,2047906032387834342,,,in,,0,1,3,https://x.com/undefined/status/2047906032387834342,2045731527086989312,
2047487030360490398,Sat Apr 25 05:10:19 +0000 2026,0,@regar_op0sisi @prabowo Dasar batu,2047906027782472120,,regar_op0sisi,in,,0,0,0,https://x.com/undefined/status/2047906027782472120,1895358422792708096,
2047905998250381774,Sat Apr 25 05:10:12 +0000 2026,0,Cc @prabowo @Gerindra ,2047905998250381774,,,und,,0,0,0,https://x.com/undefined/status/2047905998250381774,2321774748,
2047612391068950548,Sat Apr 25 05:10:03 +0000 2026,0,@msaid_didu @prabowo salut dengan keberanian pemerintah eksekusi program berskala besar arahnya ke kesejahteraan masyarakatt,2047905960577085602,,msaid_didu,in,,0,0,0,https://x.com/undefined/status/2047905960577085602,2028482238535589889,
2047843343712002124,Sat Apr 25 05:09:30 +0000 2026,0,@Bambangmulyonoo @prabowo Selagi belum smp 5 - 10 thn biarin aja smp 20.000 per US$,2047905819304632446,,Bambangmulyonoo,in,,0,0,0,https://x.com/undefined/status/2047905819304632446,31678590,
2047905781639770167,Sat Apr 25 05:09:21 +0000 2026,0,YLBHI: Prabowo Gagal Penuhi Janji Bongkar Aktor Utama Penyiraman Andrie Yunus https://t.co/7hvS0kIOsg,2047905781639770167,,,in,,0,1,0,https://x.com/undefined/status/2047905781639770167,124171593,
2047843343712002124,Sat Apr 25 05:08:41 +0000 2026,0,@Bambangmulyonoo @GM_Warrios @prabowo Maksudnya nanti periode ke 2.,2047905615503376409,,Bambangmulyonoo,in,,0,0,0,https://x.com/undefined/status/2047905615503376409,1442083200507936772,
2047577990243234046,Sat Apr 25 05:08:41 +0000 2026,0,@toe_giman @prabowo : tenang...kita macan asia tahun depan kita jadi negara hebat,2047905613909516707,,toe_giman,in,,0,0,0,https://x.com/undefined/status/2047905613909516707,61409699,
2047843343712002124,Sat Apr 25 05:08:40 +0000 2026,0,@Bambangmulyonoo @prabowo Haaallllaaaahh pak ...pak....cuma omon-omon OMON doank.....ya kan pak @prabowo,2047905610851905771,,Bambangmulyonoo,in,,0,0,0,https://x.com/undefined/status/2047905610851905771,1734161295895842816,
2047612391068950548,Sat Apr 25 05:08:26 +0000 2026,0,@msaid_didu @prabowo saatnya fokus ke hasil dan evaluasi berkalaa,2047905552890793985,,msaid_didu,in,,0,0,0,https://x.com/undefined/status/2047905552890793985,1403030530451415044,
2047905410842341548,Sat Apr 25 05:07:52 +0000 2026,0,@prabowo Noh malu Sama unfil dia Aja pasang nama almarhum lah ELU malah begono sadd,2047905410842341548,,prabowo,in,,0,0,0,https://x.com/undefined/status/2047905410842341548,271318567,
2047612391068950548,Sat Apr 25 05:07:51 +0000 2026,0,@msaid_didu @prabowo kalau transparansi dijaga program strategis ini bakal jdi game changer buat kita semuaa,2047905404529868996,,msaid_didu,in,,0,0,0,https://x.com/undefined/status/2047905404529868996,2028482227412279296,
2047864262882935022,Sat Apr 25 05:07:47 +0000 2026,1,@evelyndewi7 @prabowo @gibran_tweet sejak plesiden nya si kucing gendut jompo ,2047905389749121411,,evelyndewi7,in,,0,0,0,https://x.com/undefined/status/2047905389749121411,1410466956134608899,
2047905317317706085,Sat Apr 25 05:07:30 +0000 2026,0,prabowo soon,2047905317317706085,,,en,,0,0,0,https://x.com/undefined/status/2047905317317706085,1737491919704367104,
2047512259619155996,Sat Apr 25 05:07:22 +0000 2026,0,@FDinand82708 @AKwan_id @TheCurut007 prabowo ke prancis lobi supaya dapat transfer teknologi militer. biar negara kita aman dan lu bisa tenang ngebuzzer profokasi pemerintah sambil nikmati bbm murah dan beras murah.,2047905282362388926,,FDinand82708,in,,0,0,0,https://x.com/undefined/status/2047905282362388926,4881160062,
2047592859315101808,Sat Apr 25 05:07:17 +0000 2026,0,@freethink32 @bangherwin @bahlillahadalia @golkar_id @KementerianESDM @pertamina @prabowo @Gerindra Tolol Lo Emangnya pemerintah import minyak yang tidak bisa di kelola minyaknya ,2047905263987134912,,freethink32,in,,0,1,0,https://x.com/undefined/status/2047905263987134912,1003724375034458112,
2047580565134856545,Sat Apr 25 05:07:11 +0000 2026,0,@regar_op0sisi @prabowo Tai tai,2047905237902795251,,regar_op0sisi,lt,,0,0,0,https://x.com/undefined/status/2047905237902795251,1705592922425737216,
2047843343712002124,Sat Apr 25 05:07:01 +0000 2026,0,@Bambangmulyonoo @prabowo Sekarang 17.300 + 5.000 Mungkin itu maksudnya,2047905195276083433,,Bambangmulyonoo,in,,0,0,0,https://x.com/undefined/status/2047905195276083433,1765969691997286400,
2047897736218075562,Sat Apr 25 05:06:55 +0000 2026,0,@UTDFade @prabowo Saya baru bbrp kali ke Kalimantan tapi punya banyak teman di sana. Bahkan ada guru juga dari Aceh yg ngajar di sana. Biasanya sy dapat cerita kondisi Kalimantan dr dia. Saya yakin soal isu daerah spt ini selama terus disuarakan pasti akan didengar dan akan ada orang,2047905170840044001,,UTDFade,in,,0,0,0,https://x.com/undefined/status/2047905170840044001,86934018,
2047442733275705839,Sat Apr 25 05:06:47 +0000 2026,0,@tianglistrik_id @blumazre @ri_gerimissenja Mending lu jilatin pantatnya prabowo sama teddy,2047905136442544521,,tianglistrik_id,in,,0,1,0,https://x.com/undefined/status/2047905136442544521,1631153003611959304,
2047905115403923945,Sat Apr 25 05:06:42 +0000 2026,0,Nadiem: bapaknya lawyer top. Om dari ibunya salah satu pendiri kodel/eks TKN/sohib prabowo. Om dari bapaknya eks kabais. Sohib kakaknya jurnalis punya pengaruh. Masih dikerjain juga. Tapi memang ada beban sejarah di nadiem yang ibam gak punya. Good luck mas ibam.,2047905115403923945,,,in,,0,0,0,https://x.com/undefined/status/2047905115403923945,714910824158998528,
2047905095367688555,Sat Apr 25 05:06:37 +0000 2026,0,@prabowo edan internal Lu ya edannnnnn #nopresiden #nokings,2047905095367688555,,prabowo,in,,0,0,0,https://x.com/undefined/status/2047905095367688555,271318567,
2047875003052347703,Sat Apr 25 05:06:22 +0000 2026,0,@ibamarief @prabowo @ririecili susah nyampe nya soalnya disaring sama [ytta],2047905030884446392,,ibamarief,in,,0,0,0,https://x.com/undefined/status/2047905030884446392,1449047158670311425,
2047843343712002124,Sat Apr 25 05:06:16 +0000 2026,0,@Bambangmulyonoo @BarisanPemudaRI @prabowo #Presudenbadut akan membawa kehancuran bangsa ini karena telah nencurangi konstitusi ;; https://t.co/iJSBJV5NNQ https://t.co/hxvbFqY53L,2047905005995540533,https://pbs.twimg.com/media/HGuev7caAAANkgA.jpg,Bambangmulyonoo,in,,0,0,0,https://x.com/undefined/status/2047905005995540533,1604088193196109826,
2047875003052347703,Sat Apr 25 05:06:06 +0000 2026,1,@Edwardlukito @ibamarief @prabowo @ririecili Sedih bangett udah pemerintah Dan dpr gk bisa diharap sisa trias politica yudikatif pilar trakhir harapan agar negara gk runtuh ikutan korup betul2 butuh reform besar2an sebelum trlambat,2047904966774501813,,Edwardlukito,in,,0,0,0,https://x.com/undefined/status/2047904966774501813,2030359305082535937,
1066186707081424897,Sat Apr 25 05:06:06 +0000 2026,0,@prabowo @VisionerUmkm Selama Pemimpin rakyat tdk memihak kpd rakyat maka catatan hitam akan muncul bersama Oligarki,2047904965897965984,,prabowo,in,,0,0,0,https://x.com/undefined/status/2047904965897965984,1734608485541888000,
2047455865842827313,Sat Apr 25 05:05:47 +0000 2026,0,@Piyusaja2 @prabowo Menuju Rp 17.845 ️,2047904886784926126,,Piyusaja2,in,,0,0,0,https://x.com/undefined/status/2047904886784926126,1247714016186728450,
2047893912338252102,Sat Apr 25 05:05:39 +0000 2026,0,@ainunnajib @prabowo Ad yg yg tau gak sih siapa orng dibalik kriminalisasi Ibam dan Nadiem ?? Kenapa ngebet banget ingin memenjarakan mereka ?,2047904850793644417,,ainunnajib,in,,0,1,0,https://x.com/undefined/status/2047904850793644417,2482587548,
2047445608949223658,Sat Apr 25 05:05:33 +0000 2026,0,@Piyusaja2 @prabowo Lah kan elu pemimpinnya,2047904828320559119,,Piyusaja2,in,,0,0,0,https://x.com/undefined/status/2047904828320559119,1604265270746324996,
2047904805562311125,Sat Apr 25 05:05:28 +0000 2026,0,Sudah semestinya APH memburuh penghembus isu uang negara tinggal 120 T karena isu tsb bisa menimbulkan kekacauan. @prabowo @MediaTeddyID @DivHumasPoIri @ListyoSigitP @KejaksaanRI @KemenkeuRI @bank_indonesia @PPATK @OfficialBIN_RI @ojkindonesia https://t.co/5NzYDx0qQw,2047904805562311125,https://pbs.twimg.com/media/HGuehmcaEAAyo7q.jpg,,in,,0,0,0,https://x.com/undefined/status/2047904805562311125,1449222685678968837,
2047904771655528512,Sat Apr 25 05:05:21 +0000 2026,0,melainkan simbol kuat hadirnya political will yang nyata bahwa negara benar-benar berpihak pada kelompok paling rentan. Momentum ini juga menjadi bukti konkret bahwa janji Presiden Prabowo Subianto pada May Day 2025 bukan sekadar retorika. Dalam waktu relatif singkat ,2047904776625750159,,bermuda_kreatif,in,,0,1,0,https://x.com/undefined/status/2047904776625750159,2039604497086033921,
2047843343712002124,Sat Apr 25 05:04:52 +0000 2026,0,@Bambangmulyonoo @prabowo https://t.co/bLNAHn8aHY,2047904652877037615,https://pbs.twimg.com/media/HGuebL9agAAkULh.jpg,Bambangmulyonoo,qme,,0,0,0,https://x.com/undefined/status/2047904652877037615,1338126212,
2047859395959357607,Sat Apr 25 05:04:36 +0000 2026,0,@SistersInDanger Prabowo is a very very very bad person besides.,2047904588427346347,,SistersInDanger,en,,0,0,0,https://x.com/undefined/status/2047904588427346347,1996065290187399168,
2047646643999383570,Sat Apr 25 05:04:20 +0000 2026,0,@MariaAlkaff_ @prabowo Innalillahi wainna ilaihi rojiun. Inshaa Allah husnul khotimah Aamiin. ,2047904519531700277,,MariaAlkaff_,in,,0,0,0,https://x.com/undefined/status/2047904519531700277,1288053026867916801,
2047533947840774385,Sat Apr 25 05:03:50 +0000 2026,0,@Bambangmulyonoo @JoenWoen_09 Jangan salahkan kalau Masyarakat beranggapan Semakin memperjelas kalau Prabowo masih bisa di setir jokowi,2047904394382098713,,Bambangmulyonoo,in,,0,0,0,https://x.com/undefined/status/2047904394382098713,1469895292333948932,
2047504426236281065,Sat Apr 25 05:03:49 +0000 2026,0,@bagindo_kopi Link zoom ny BGN pake Emas 24 karat kah @prabowo ?,2047904389168583088,,bagindo_kopi,in,,0,0,0,https://x.com/undefined/status/2047904389168583088,1743488759759581184,
2047878846838702204,Sat Apr 25 05:03:14 +0000 2026,0,@MiskinTV_ @prabowo URUS GURU DAN PENDIDIKAN!!!!!,2047904244939010347,,MiskinTV_,in,,0,0,0,https://x.com/undefined/status/2047904244939010347,1705165452111159296,
2047838879684980789,Sat Apr 25 05:03:10 +0000 2026,0,@hipohan Ni wo @prabowo https://t.co/MMQapLkbPw,2047904226911850626,https://pbs.twimg.com/media/HGueCrdakAAV5eN.jpg,hipohan,en,,0,0,0,https://x.com/undefined/status/2047904226911850626,2028774003582889984,
2047875003052347703,Sat Apr 25 05:02:37 +0000 2026,0,@ibamarief @prabowo @ririecili Jenderal aja dipaksa nunggu,2047904089997283638,,rahkainiskala,in,,0,0,0,https://x.com/undefined/status/2047904089997283638,2456524472,
2047903977644450074,Sat Apr 25 05:02:11 +0000 2026,0,Dasar badut @prabowo ,2047903977644450074,,,eu,,0,0,0,https://x.com/undefined/status/2047903977644450074,1885381302037385216,
2047572490877280432,Sat Apr 25 04:57:47 +0000 2026,0,@tekarok007 Udah tau permasalahanya spt itu tp elu tetap jilat prabowo gibran,2047902873091285055,,tekarok007,in,,0,0,0,https://x.com/undefined/status/2047902873091285055,1603639090293125121,
2047902856674673135,Sat Apr 25 04:57:43 +0000 2026,0,Presiden Prabowo Memastikan bahwa pemerintah harus siap dan akan melindungi masyarakat kecil melalui kebijakan subsidi energi tepat sasaran. #ahy #emildardak #prabowo #demokratjatim #pdjombang @pdemokrat @demokratjatim https://t.co/zeoLwDfbgc,2047902856674673135,https://pbs.twimg.com/media/HGucwwkbAAAQnsP.jpg,,in,,0,0,0,https://x.com/undefined/status/2047902856674673135,1871488247656050689,
2047640829146308848,Sat Apr 25 04:57:35 +0000 2026,0,@IndonesiaEmas99 @kompascom @jokowi Yg gila itu Gabungan KAMPRET &amp; Cebong jadi satu Kandang ( TerMul ) Karya Syetan Gorong2. Kolaborasi 10 Thn sejak 2014 dgn Banteng ngancurin Indonesia Sekarang diteruskan lagi agar Indonesia Bubar 2030 seperti Prediksi @prabowo,2047902823455838645,,IndonesiaEmas99,in,,0,1,0,https://x.com/undefined/status/2047902823455838645,1615368272706441218,
2047592859315101808,Sat Apr 25 04:57:27 +0000 2026,0,@Arnasamudra @bangherwin @bahlillahadalia @golkar_id @KementerianESDM @pertamina @prabowo @Gerindra itulah totolnya orang sotoy. dipikirnya spec kilang itu untuk semua jenis minyak mentah.,2047902786013348351,,Arnasamudra,in,,0,1,0,https://x.com/undefined/status/2047902786013348351,1594845221728440320,
2047865283994693845,Sat Apr 25 04:57:18 +0000 2026,0,@ferrykoto @prabowo Terus saja buang2 duit pajak!! Duit pajak seharusnya kembali ke rakyat dalam bentuk pembangunan yang bermanfaat buat kesejahteraan rakyat bukan dibuang2 percuma di tengah efesiensi anggaran yg diminta presiden. Banyak sekolah rusak. Banyak jembatan rusak. Banyak anak tidak bisa https://t.co/q5tkhEe6gQ,2047902749870927947,https://pbs.twimg.com/media/HGucr1nbEAAjOmY.jpg,ferrykoto,in,,0,1,0,https://x.com/undefined/status/2047902749870927947,3032152165,
2047902616928297142,Sat Apr 25 04:56:46 +0000 2026,1,Semoga Pak Prabowo mendengarkan ini https://t.co/ic8TkRb16V,2047902616928297142,,,in,,0,0,0,https://x.com/undefined/status/2047902616928297142,1798130133330788353,
2047843343712002124,Sat Apr 25 04:56:28 +0000 2026,1,@Bambangmulyonoo @prabowo Itulah k3banggaan kemaren yg memilih....,2047902540730446029,,Bambangmulyonoo,in,,0,0,0,https://x.com/undefined/status/2047902540730446029,1754404522246782976,
2047897182821556259,Sat Apr 25 04:55:04 +0000 2026,12,@menuembegejelek @prabowo Komunikasi Publik tapi menutup pintu komunikasi https://t.co/WRGuwrw3W6,2047902187389690153,https://pbs.twimg.com/media/HGucLvNa4AAbocJ.jpg,menuembegejelek,in,,0,1,2,https://x.com/undefined/status/2047902187389690153,1413529949156233219,
2047902164245504001,Sat Apr 25 04:54:58 +0000 2026,0,Kayak biji Prabowo https://t.co/HTPYDwgEHI,2047902164245504001,https://pbs.twimg.com/media/HGucJvIbMAAkUgl.jpg,,in,,0,0,0,https://x.com/undefined/status/2047902164245504001,1520697774232117250,
2047843343712002124,Sat Apr 25 04:54:57 +0000 2026,1,@Bambangmulyonoo @prabowo Arahnya naik bukan turun baru 1.5 tahun bayangin 5 - 10 tahun CAGR 3.5% per tahun 5 tahun jadi Rp 20.476 kalau 10 tahun jadi Rp 24.320,2047902157979173197,,Bambangmulyonoo,in,,0,0,0,https://x.com/undefined/status/2047902157979173197,1754877745505370112,
2047902018430464056,Sat Apr 25 04:54:29 +0000 2026,0,Kasat Resnarkoba Polres Sukoharjo AKP Ari Widodo mewakili Kapolres Sukoharjo AKBP Anggaito Hadi Prabowo mengatakan pihaknya akan terus mengembangkan kasus tersebut untuk mengungkap jaringan yang lebih luas.,2047902042698690894,,PolisiSukoharjo,in,,0,1,0,https://x.com/undefined/status/2047902042698690894,740058303816863745,
2047592859315101808,Sat Apr 25 04:54:23 +0000 2026,0,@freethink32 @bangherwin @bahlillahadalia @golkar_id @KementerianESDM @pertamina @prabowo @Gerindra Ya kan elo tolol sementara waktu minyak import nya bisa dikelola di kilang kilang yang sudah ada di Indonesia,2047902016987652594,,freethink32,in,,0,1,0,https://x.com/undefined/status/2047902016987652594,1003724375034458112,
2047612391068950548,Sat Apr 25 04:54:14 +0000 2026,0,@msaid_didu @prabowo Kekhawatiran publik bisa dilihat sebagai kontrol sosial yang penting dalam demokrasi.,2047901976806228349,,msaid_didu,in,,0,0,0,https://x.com/undefined/status/2047901976806228349,2028420033001730048,
2047455865842827313,Sat Apr 25 04:54:14 +0000 2026,0,@Piyusaja2 @prabowo Oke naikin lagi dong lumayan soalnya investasi gua dalam dollar,2047901976516788530,,Piyusaja2,in,,0,0,0,https://x.com/undefined/status/2047901976516788530,1738953638545100800,
2047271295436673163,Sat Apr 25 04:54:03 +0000 2026,0,@hard_ismail @Go_Sunchong @msaid_didu Berperan ??? Hahahaha lucu kau. Jelas jelas Prabowo lawan Jokowi di pilpres. Berperan dari mana???,2047901931516096823,,hard_ismail,in,,0,0,0,https://x.com/undefined/status/2047901931516096823,1936398746520326144,
2047901892253221182,Sat Apr 25 04:53:53 +0000 2026,1,prabowo netanyahu hentikan kemacetan di ciledug,2047901892253221182,,,in,,0,0,0,https://x.com/undefined/status/2047901892253221182,1209070572262477824,
2047612391068950548,Sat Apr 25 04:53:53 +0000 2026,0,@msaid_didu @prabowo Pelaksanaan program besar tentu butuh perencanaan matang dan pengawasan yang konsisten.,2047901890911125780,,msaid_didu,in,,0,0,0,https://x.com/undefined/status/2047901890911125780,2028416171683512320,
2047901886624501824,Sat Apr 25 04:53:52 +0000 2026,0,@prabowo @ListyoSigitP @OmbudsmanRI137 SOP'nya dlm MBG gimana ya...dah banyak yg asal asalan..ini ada cacingnya... Tolong di kaji ulang dan lebih di perketat di lapanganya..jgn asal terima laporan saja..tanpa ngecek ke bawah https://t.co/AyNjVHLsdy,2047901886624501824,,prabowo,in,,0,0,0,https://x.com/undefined/status/2047901886624501824,1067627980174721026,
2047612391068950548,Sat Apr 25 04:53:36 +0000 2026,0,@msaid_didu @prabowo Program seperti Makan Bergizi Gratis dan Koperasi Desa Merah Putih memang dirancang untuk mendorong kesejahteraan masyarakat.,2047901817795907711,,msaid_didu,in,,0,0,0,https://x.com/undefined/status/2047901817795907711,2028389435738619904,
2047901711621325046,Sat Apr 25 04:53:10 +0000 2026,0,Efek pak purbaya tolak bantuan IMF om..asing ramai ramai tarik dana dari bursa saham kalo si om punya dana 20 T bisa tuh turunkan harga dollar dan naikkan IHSG. Mudah2an pak @prabowo dan jajaran danantara mau guyur bursa saham supaya tidak di kuasai asing.,2047901711621325046,,,in,,0,0,0,https://x.com/undefined/status/2047901711621325046,1347031551771430912,
2047856448730972450,Sat Apr 25 04:53:02 +0000 2026,0,@LambeSahamjja I bet you 1 000 euro the reality is different from what Purbaya said. Dua yang dicopot are good people. It's Purbaya (and more importantly Prabowo) yang gak kompeten.,2047901675231281553,,LambeSahamjja,en,,0,0,0,https://x.com/undefined/status/2047901675231281553,140063442,
2047901629169696992,Sat Apr 25 04:52:51 +0000 2026,0,Di Filipina google telah meningkatkan teknologi tercanggih chrome browser disana kok Indonesia tidak minta yang lebih paksa google kalau tidak adil blokir saja mereka @Google @DPR_RI @prabowo @Kemhan_RI,2047901629169696992,,,in,,0,0,0,https://x.com/undefined/status/2047901629169696992,2025040093539696640,
2047901537654202671,Sat Apr 25 04:52:29 +0000 2026,0,Pak @prabowo,2047901537654202671,,,und,,0,0,0,https://x.com/undefined/status/2047901537654202671,1699328473620414464,
2047222136415326609,Sat Apr 25 04:52:24 +0000 2026,0,@regar_op0sisi @prabowo @DPR_RI Itu kan jabatan politik ya ga perlu sesuai pendidikan nya lah boy kecuali dirjen dan sebagai baru harus sesuai boy,2047901518163214811,,regar_op0sisi,in,,0,0,0,https://x.com/undefined/status/2047901518163214811,1220171308912140288,
2047901482989850783,Sat Apr 25 04:52:16 +0000 2026,0,@prabowo kalau mau sukses habisi gerbong lama,2047901482989850783,,prabowo,in,,0,0,0,https://x.com/undefined/status/2047901482989850783,50895997,
2047901476929110248,Sat Apr 25 04:52:14 +0000 2026,0,Demokrat ajak Kader selalu di tengah Masyarakat #ahy #emildardak #prabowo #demokratjatim #pdjombang @pdemokrat @demokratjatim https://t.co/fwWLlsjcKA,2047901476929110248,https://pbs.twimg.com/media/HGubhIvboAAd2HX.jpg,,in,,0,0,0,https://x.com/undefined/status/2047901476929110248,1871488247656050689,
2047864262882935022,Sat Apr 25 04:52:06 +0000 2026,0,@evelyndewi7 @prabowo @gibran_tweet ,2047901440694448142,,evelyndewi7,qme,,0,1,0,https://x.com/undefined/status/2047901440694448142,1825333193568129024,
2047901402522161658,Sat Apr 25 04:51:57 +0000 2026,1,prabowo,2047901402522161658,,,pl,,0,0,0,https://x.com/undefined/status/2047901402522161658,1817800874288357376,
2047901379738653042,Sat Apr 25 04:51:51 +0000 2026,0,prabowo,2047901379738653042,,,pl,,0,0,0,https://x.com/undefined/status/2047901379738653042,1391790973340971008,
2047875003052347703,Sat Apr 25 04:51:43 +0000 2026,1,@ibamarief @prabowo @ririecili Terus Semangat Om Walopun kecil kemungkinannya di Negeri para bedebah Negeri penuh Konspirasi ini,2047901344833614196,,ibamarief,in,,0,0,0,https://x.com/undefined/status/2047901344833614196,1650029823824400384,
2047843343712002124,Sat Apr 25 04:51:33 +0000 2026,1,@Bambangmulyonoo @prabowo HALU,2047901303201050671,,Bambangmulyonoo,in,,0,0,0,https://x.com/undefined/status/2047901303201050671,1992088907476045824,
2047592859315101808,Sat Apr 25 04:51:11 +0000 2026,0,@Arnasamudra @bangherwin @bahlillahadalia @golkar_id @KementerianESDM @pertamina @prabowo @Gerindra tolol tuh elo krn skdr penjilat pantat yg ngak tahu tapi sotoy. emangnya. bangun kilang baru sebulan jadi dan beroperasi.,2047901211840667808,,Arnasamudra,in,,0,1,0,https://x.com/undefined/status/2047901211840667808,1594845221728440320,
2047465585059987710,Sat Apr 25 04:51:06 +0000 2026,0,@VIVAcoid Kunjungan Prabowo Subianto ke Moskow jadi bagian dari diplomasi energi yang adaptif.,2047901189128470741,,VIVAcoid,in,,0,0,0,https://x.com/undefined/status/2047901189128470741,2028416171683512320,
2047875003052347703,Sat Apr 25 04:51:05 +0000 2026,0,@ibamarief @prabowo @ririecili semoga viral,2047901184531497309,,ibamarief,in,,0,0,0,https://x.com/undefined/status/2047901184531497309,16705986,
2047257506293174310,Sat Apr 25 04:51:04 +0000 2026,0,@dendiPS @alvinlie21 @bank_indonesia @prabowo Tertampar fakta ya,2047901182547619859,,dendiPS,in,,0,0,0,https://x.com/undefined/status/2047901182547619859,1220171308912140288,
2047181318589735406,Sat Apr 25 04:50:50 +0000 2026,0,@BosPurwa Bohongin @prabowo ngga kena pasal? Apa dah buta tuli semua pejabat RI? @KemensetnegRI @setkabgoid,2047901121713483778,,BosPurwa,in,,0,0,0,https://x.com/undefined/status/2047901121713483778,417049945,
2047843343712002124,Sat Apr 25 04:50:41 +0000 2026,0,@Hans_prayoga70 @Bambangmulyonoo @prabowo Dia berhalusinasi... maklum .. demensianya makib parah,2047901083708870962,,Hans_prayoga70,in,,0,0,0,https://x.com/undefined/status/2047901083708870962,1754489798033829888,
439412918321311744,Sat Apr 25 04:50:33 +0000 2026,0,@prabowo Tapi kan ini presiden ,2047901052524282121,,prabowo,in,,0,0,0,https://x.com/undefined/status/2047901052524282121,1461060749686493184,
2047875003052347703,Sat Apr 25 04:50:17 +0000 2026,0,@ibamarief @prabowo @ririecili Maaf btw Emang mau baca? Yg ada cuman mo dengerin pengandaian Fak Dadan https://t.co/TDEzkIPI5G,2047900984509378896,https://pbs.twimg.com/ext_tw_video_thumb/2047900941693952000/pu/img/jcDkk6b7qGqaoGsi.jpg,ibamarief,in,,0,0,0,https://x.com/undefined/status/2047900984509378896,1650029823824400384,
2047843343712002124,Sat Apr 25 04:49:52 +0000 2026,0,@Bambangmulyonoo @BarisanPemudaRI @prabowo ini bener? https://t.co/vselPmFgO2,2047900880041816368,https://pbs.twimg.com/media/HGua_mfbwAAWxWv.jpg,Bambangmulyonoo,tr,,0,0,0,https://x.com/undefined/status/2047900880041816368,1604130313021820929,
2047900789470007620,Sat Apr 25 04:49:31 +0000 2026,0,Semoga Prabowo Presidennya. https://t.co/GMCKigaFad,2047900789470007620,https://pbs.twimg.com/ext_tw_video_thumb/2009937070601719808/pu/img/X3tLiLLcdsXczIPz.jpg,,in,,0,0,0,https://x.com/undefined/status/2047900789470007620,989108482786738177,
2047881539766436216,Sat Apr 25 04:49:27 +0000 2026,0,@KangManto123 @qhibz @BNI @DPR_RI @prabowo @riekediahp @Gerindra BNI lagi,2047900772680237065,,KangManto123,in,,0,0,0,https://x.com/undefined/status/2047900772680237065,251408624,
2047702757931692117,Sat Apr 25 04:48:56 +0000 2026,0,@BANGSAygSUJUD @prabowo hmmm kata @praboewo sebelum jadi presiden https://t.co/nicacPlNcA,2047900645030875567,https://pbs.twimg.com/media/HGuat38asAA2LMM.jpg,BANGSAygSUJUD,in,,0,0,0,https://x.com/undefined/status/2047900645030875567,1587265721146707968,
2047829116997844993,Sat Apr 25 04:48:22 +0000 2026,0,@King_PWS_ Prabowo takut rakyat bergerak... perintahkan kapolri utk tembak ditempat jika terjadi kerusuhan,2047900503267475695,,King_PWS_,in,,0,0,0,https://x.com/undefined/status/2047900503267475695,1754489798033829888,
2047844289271697478,Sat Apr 25 04:48:12 +0000 2026,0,@indepenSumatera Seenggaknya dia masih main X gak kaya @prabowo medsosnya dipegang buna,2047900459671879693,,indepenSumatera,in,,0,0,0,https://x.com/undefined/status/2047900459671879693,1180616529697595393,
2047702757931692117,Sat Apr 25 04:48:06 +0000 2026,0,@BANGSAygSUJUD @prabowo kata prabowo sendiri sih..prabowo sebelum jadi presiden. klo sdh jadi presiden ya...beda lagi wkwkwkwk https://t.co/cqN9fWfRCu,2047900433285521614,,BANGSAygSUJUD,in,,0,0,0,https://x.com/undefined/status/2047900433285521614,1587265721146707968,
2047875003052347703,Sat Apr 25 04:48:02 +0000 2026,0,@ibamarief @prabowo @ririecili Semangat terus Om https://t.co/FvKECKOA6Z,2047900417145917628,https://pbs.twimg.com/tweet_video_thumb/HGuake_aIAE9tnt.jpg,ibamarief,in,,0,0,0,https://x.com/undefined/status/2047900417145917628,2009757226655989760,
2047875003052347703,Sat Apr 25 04:48:01 +0000 2026,0,@ibamarief @prabowo @ririecili Minta bantu sebarkan juga nih bang ke bang ferry irwandi. Dia ga ada twitter yak?,2047900412569899506,,ibamarief,in,,0,0,0,https://x.com/undefined/status/2047900412569899506,948880254,
2047900410036580669,Sat Apr 25 04:48:00 +0000 2026,0,calon-calon nt lagi dah ini evos ntar lawan btr kalo yang main prabowo lagi.. tailah evos roamer mungkut di komun,2047900410036580669,,,in,,0,0,0,https://x.com/undefined/status/2047900410036580669,1693716751,
2047843343712002124,Sat Apr 25 04:47:58 +0000 2026,0,@Bambangmulyonoo @prabowo Mau 17.000 atau 20.000 si momon itu gak akan bisa berbuat banyak... Lha wong paham aja enggak kok.,2047900403317285284,,Bambangmulyonoo,in,,0,0,0,https://x.com/undefined/status/2047900403317285284,85010118,
1854196684152332480,Sat Apr 25 04:47:47 +0000 2026,0,@ShoHaruto @prabowo @realDonaldTrump Yep Trump yes Prabowo no,2047900353446990168,,ShoHaruto,en,,0,0,0,https://x.com/undefined/status/2047900353446990168,1996065290187399168,
2047611693342339124,Sat Apr 25 04:47:14 +0000 2026,0,@salam4jari @prabowo knp makin hari makin ngaco sih?,2047900217710964994,,salam4jari,in,,0,0,0,https://x.com/undefined/status/2047900217710964994,1133683284511084546,
2047875003052347703,Sat Apr 25 04:46:59 +0000 2026,0,@ibamarief @prabowo @ririecili #KawalTerus,2047900152481153316,,ibamarief,qme,,0,0,0,https://x.com/undefined/status/2047900152481153316,380761087,
2047865283994693845,Sat Apr 25 04:46:58 +0000 2026,2,@ferrykoto @prabowo Tidak ada visi &amp; misi menteri. Adanya visi misi presiden. Presiden nya yg patut di ganti!!!,2047900147775062337,,ferrykoto,in,,0,0,0,https://x.com/undefined/status/2047900147775062337,103070379,
2047858130911105164,Sat Apr 25 04:46:55 +0000 2026,0,@txtdrimedia Kemana aja @KPK_RI @bpkri? Dr awal MBG ngga pernah diaudit? Emang harusnya #StopMBG sekarang juga. @prabowo @Gerindra @AlJazeera @DPR_RI,2047900135569691018,,txtdrimedia,in,,0,0,0,https://x.com/undefined/status/2047900135569691018,417049945,
2047859319413350910,Sat Apr 25 04:46:41 +0000 2026,0,@LambeSahamjja prabowo kan ya?,2047900077621170360,,LambeSahamjja,in,,0,0,0,https://x.com/undefined/status/2047900077621170360,3885664453,
2047669211435254005,Sat Apr 25 04:45:49 +0000 2026,0,@pemainzuma @babijoged @jokowi @ganjarpranowo @PDI_Perjuangan Aku cuma pengen kasih tahu ke @PDI_Perjuangan @aniesbaswedan @puanmaharani_ri @PDemokrat @AgusYudhoyono @prabowo @ganjarpranowo @Pak_JK dan Megawati --- Berdamailah dengan @jokowi Dia bukan orang yang sempurna tapi dia menguasai hati di bawah (at least u 5 tahun lagi kedepan).,2047899858510757911,,JigJag444,in,,0,0,0,https://x.com/undefined/status/2047899858510757911,1843210631589314560,
2047602628839030932,Sat Apr 25 04:45:41 +0000 2026,0,@romy_syaputra @yaniarsim Sama aja dulu kan minta prabowo diadili juga eh sekarang malah jadi presiden ya gak heran kalo minta pelanggar ham buat mundur,2047899826382413827,,romy_syaputra,in,,0,0,0,https://x.com/undefined/status/2047899826382413827,154840456,
2047899781155193120,Sat Apr 25 04:45:30 +0000 2026,0,Yg dibutuhkan seorang penguasa. Abdi yang loyal. Presidennya Prabowo tapi..... https://t.co/P36bn4NDu8 https://t.co/G7nUBUVxaZ,2047899781155193120,https://pbs.twimg.com/ext_tw_video_thumb/2047108246008393728/pu/img/xQF8Z0HoKvHsiJAE.jpg,,in,,0,0,0,https://x.com/undefined/status/2047899781155193120,989108482786738177,
2047899733537268017,Sat Apr 25 04:45:19 +0000 2026,0,Bangsatnya prabowo ga gemboran apapaun,2047899733537268017,,,in,,0,0,0,https://x.com/undefined/status/2047899733537268017,2042161727916457984,
2047843343712002124,Sat Apr 25 04:44:53 +0000 2026,0,@Bambangmulyonoo @prabowo Nggak ngaruh kata presiden krn rakyat kecil ga pake dolar tapi pake daun.,2047899624279851283,,Bambangmulyonoo,in,,0,0,0,https://x.com/undefined/status/2047899624279851283,1615002403342012417,
2047487030360490398,Sat Apr 25 04:44:15 +0000 2026,0,@regar_op0sisi @prabowo Korban itu hanya 0 0000 . . . dari puluhan juta penerima mbg. Tdk usah dibesar2kan. Kata rezim bobrok botol gendut korup tamak.,2047899467563868161,,regar_op0sisi,in,,0,0,0,https://x.com/undefined/status/2047899467563868161,1860347435782144000,
2047899441856946452,Sat Apr 25 04:44:09 +0000 2026,0,prabowo ini arahnya kemana ya?,2047899441856946452,,,in,,0,0,0,https://x.com/undefined/status/2047899441856946452,1176858874118168576,
2047897182821556259,Sat Apr 25 04:43:54 +0000 2026,1,@menuembegejelek @prabowo this government are not transparent and anti critics.,2047899376803320312,,menuembegejelek,en,,0,0,0,https://x.com/undefined/status/2047899376803320312,1907800778435440640,
2047843386061906401,Sat Apr 25 04:43:43 +0000 2026,1,@_sixbalax_ @alisyarief Prabowo tak punya pendirian.,2047899333631308075,,_sixbalax_,in,,0,1,0,https://x.com/undefined/status/2047899333631308075,1432880079843987459,
2047899323271467035,Sat Apr 25 04:43:41 +0000 2026,0,Presiden Prabowo Panggil Kapolri ke Hambalang https://t.co/AT5So8SBYG @DivHumas_Polri,2047899323271467035,,,in,,0,0,0,https://x.com/undefined/status/2047899323271467035,1314063532632072192,
2047859319413350910,Sat Apr 25 04:43:26 +0000 2026,10,@LambeSahamjja ini mah prabowo jir,2047899260960866454,,LambeSahamjja,in,,0,1,0,https://x.com/undefined/status/2047899260960866454,1045378647761215494,
2044939845160824925,Sat Apr 25 04:43:01 +0000 2026,0,@prabowo あんたの国のクズが日本で最低な行為を繰り返しています。あなたの国から声明はなにもありませんが、ほっとく気ですか？本当に迷惑です。インドネシア人はこういうヤツらばかりですか？,2047899155667071240,,prabowo,ja,,0,0,0,https://x.com/undefined/status/2047899155667071240,1776616704426344448,
2047898231729017228,Sat Apr 25 04:42:40 +0000 2026,0,@sersenade Normalize blaming Prabowo,2047899067418907067,,sersenade,pl,,0,1,0,https://x.com/undefined/status/2047899067418907067,1558072817484124161,
2047843343712002124,Sat Apr 25 04:42:17 +0000 2026,0,@Bambangmulyonoo @prabowo kalo presidennya Anies pasti jongosnya gak gini,2047898969108603337,,Bambangmulyonoo,in,,0,0,0,https://x.com/undefined/status/2047898969108603337,1271266127377690624,
2047646643999383570,Sat Apr 25 04:42:16 +0000 2026,0,@MariaAlkaff_ @SumandoGaek @prabowo Yg kmarin nyobols dia..smoga da penyesaln mndalm..,2047898966726209911,,MariaAlkaff_,in,,0,0,0,https://x.com/undefined/status/2047898966726209911,1131650673710256128,
2047843343712002124,Sat Apr 25 04:42:13 +0000 2026,0,@Bambangmulyonoo @BarisanPemudaRI @prabowo Sy lbh yakin usia bapak 5th ke depan 79thn 10thn ke depan 84 itupun klau diberi usia panjang. ? Masih punya kesempatan 3thn lg pak buat halan-halan uang rakyat Insya Allah msh bnyk untuk di habiskan bapak ,2047898956144038081,,Bambangmulyonoo,in,,0,0,0,https://x.com/undefined/status/2047898956144038081,746275987306909697,
2047612391068950548,Sat Apr 25 04:42:05 +0000 2026,0,@msaid_didu @prabowo Kekhawatiran publik justru bisa jadi kontrol yang positif,2047898921247400041,,msaid_didu,in,,0,0,0,https://x.com/undefined/status/2047898921247400041,1732299078959243264,
2047898858613789096,Sat Apr 25 04:41:50 +0000 2026,0,Di DIY Menko AHY Tinjau Sekolah Rakyat Revitalisasi Permukiman dan Dorong Green Corridor di Jalan Tol untuk Hadirkan Pembangunan Berdampak Langsung Menko AHY di lapangan bertujuan memastikan implementasi program berjalan sesuai rencana dan Asta Cita Presiden Prabowo. #ahy https://t.co/mPIjqXpp6I,2047898858613789096,https://pbs.twimg.com/media/HGuY0NtbEAAC8Qc.jpg,,in,,0,0,0,https://x.com/undefined/status/2047898858613789096,1871488247656050689,
2047601508339126446,Sat Apr 25 04:41:35 +0000 2026,0,@aromapetrikorr Ngapain sekolah wong orang tuanya masih milih prabowo juga.,2047898796311592966,,aromapetrikorr,in,,0,0,0,https://x.com/undefined/status/2047898796311592966,1699976781678456832,
2047612391068950548,Sat Apr 25 04:41:30 +0000 2026,0,@msaid_didu @prabowo Bagus kalau ada pengawasan supaya tetap berjalan optimal,2047898775528874032,,msaid_didu,in,,0,0,0,https://x.com/undefined/status/2047898775528874032,1732293480410660864,
2047875003052347703,Sat Apr 25 04:41:27 +0000 2026,0,@jbx_dev0 @ibamarief @prabowo @ririecili @bingchillin489 Apakah dia juga yang sempet rame soal blacklist talent jugaa?,2047898762790699437,,jbx_dev0,in,,0,0,0,https://x.com/undefined/status/2047898762790699437,1303266462195302400,
2047151731700887792,Sat Apr 25 04:41:08 +0000 2026,0,@bung_madin @prabowo MBG vs kondisi ini...jika dana MBG tidak berfungsi secara layak buatlah kondisi di video ini lebih baik....,2047898681706434988,,bung_madin,in,,0,0,0,https://x.com/undefined/status/2047898681706434988,924273048424869888,
2047616540695031855,Sat Apr 25 04:40:56 +0000 2026,0,@tempodotco Setelah jadi jubir sosmed Prabowo ternyata dapat jabatan juga Hanya ada di Konoha ngak pernah pakai BPJS jadi duta BPJS.,2047898630779281470,,tempodotco,in,,0,0,0,https://x.com/undefined/status/2047898630779281470,2027690258943627264,
2047612391068950548,Sat Apr 25 04:40:52 +0000 2026,0,@msaid_didu @prabowo Program besar memang butuh waktu dan proses yang matang,2047898613234520141,,msaid_didu,in,,0,0,0,https://x.com/undefined/status/2047898613234520141,1732289800450052096,
2047898573317300508,Sat Apr 25 04:40:42 +0000 2026,1,Polres Belitung Timur Mengikuti Kegiatan Zoom Meeting Launching Program Quick Wins Akselerasi Tranformasi Polri Untuk Masyarakat TW II Tahun 2026 oleh Posko Presisi Mabes. Bertempat di Ruang Aula Tengah Polres Belitung Timur. @prabowo @presidenrepublikindonesia https://t.co/qOF4YsopWi,2047898573317300508,https://pbs.twimg.com/media/HGuY5PMawAAxgXD.jpg,,in,,0,1,0,https://x.com/undefined/status/2047898573317300508,1178865617731903488,
2047843343712002124,Sat Apr 25 04:40:28 +0000 2026,0,@Bambangmulyonoo @prabowo kita negara besar atau negara omong besar sehhhhh,2047898513581990382,,Bambangmulyonoo,in,,0,0,0,https://x.com/undefined/status/2047898513581990382,1925510817732337666,
2047843343712002124,Sat Apr 25 04:40:25 +0000 2026,0,@Bambangmulyonoo @prabowo Kelamaan 5 - 10 tahun segera spt Pak Habibie,2047898499472322864,,Bambangmulyonoo,in,,0,0,0,https://x.com/undefined/status/2047898499472322864,1936555903836471296,
2047592859315101808,Sat Apr 25 04:40:23 +0000 2026,0,@freethink32 @bangherwin @bahlillahadalia @golkar_id @KementerianESDM @pertamina @prabowo @Gerindra Elo itu tolol Rusia mau bangun kilang minyak di Indonesia untuk mengelola minyak dari Rusia,2047898492207878152,,freethink32,in,,0,1,0,https://x.com/undefined/status/2047898492207878152,1003724375034458112,
2047898470921781453,Sat Apr 25 04:40:18 +0000 2026,1,YA ALLAH DHZALIM BETUL @prabowo HENTIKAN MBG!!!,2047898470921781453,,,in,,0,0,0,https://x.com/undefined/status/2047898470921781453,1663722071766224897,
2047612391068950548,Sat Apr 25 04:40:12 +0000 2026,0,@msaid_didu @prabowo Inisiatif Koperasi Desa Merah Putih juga menarik untuk mendorong ekonomi desa,2047898448079606104,,msaid_didu,in,,0,0,0,https://x.com/undefined/status/2047898448079606104,1734514839022903296,
2047200367084294621,Sat Apr 25 04:40:12 +0000 2026,0,@Ryan_Ramirez @Opposite6888 @Gerindra @prabowo sudah lupa kah???,2047898446297018860,,Ryan_Ramirez,in,,0,0,0,https://x.com/undefined/status/2047898446297018860,1850769262895661056,
2047612391068950548,Sat Apr 25 04:39:44 +0000 2026,0,@msaid_didu @prabowo Program seperti Makan Bergizi Gratis memang punya dampak langsung ke masyarakat,2047898329431027973,,msaid_didu,in,,0,0,0,https://x.com/undefined/status/2047898329431027973,1734129631899611136,
2047859597881573398,Sat Apr 25 04:39:32 +0000 2026,0,@KangManto123 Ada apa ya hubungan Prabowo Deng Teddy ??? Semesra itu .....wkwkwmwk,2047898278021542058,,KangManto123,in,,0,0,0,https://x.com/undefined/status/2047898278021542058,985094751954194433,
2047843343712002124,Sat Apr 25 04:39:23 +0000 2026,0,@Bambangmulyonoo @BarisanPemudaRI @prabowo Kejauhan ngomonge! Cukup sampe masa jabatannya aja pak presiden Berapa kurs rupiah/$US pak? Biar bisa dipercaya &amp; dipertanggung-jawabkan?,2047898241229005298,,Bambangmulyonoo,in,,0,0,0,https://x.com/undefined/status/2047898241229005298,1666993550767292416,
2047898231729017228,Sat Apr 25 04:39:21 +0000 2026,1,Jika aku amit amit tidak lolos utbk itu karena prabowo Jika aku amin lolos utbk itu karena Tuhan yang maha besar,2047898231729017228,,,in,,0,1,0,https://x.com/undefined/status/2047898231729017228,1446554595946209281,
2047898210036040144,Sat Apr 25 04:39:16 +0000 2026,0,Padahal mau nganggur dgn tenang dulu tpi ngeliat keadaan kyak gini jadi mulai appy loker lg. Fuck you @prabowo,2047898210036040144,,,in,,0,0,0,https://x.com/undefined/status/2047898210036040144,1684118367010197505,
2047898160492847549,Sat Apr 25 04:39:04 +0000 2026,0,Ini Pak Prabowo gada niat mau pecat kepala BGN kah??? Kesel bgt tiap liat berita BGN nganggarin miliaran mpe triliunan cuma buat kegiatan yg ga pntg !!! Tulul bgt masih dipertahanin pejabat kek gt!!! Stress bgt liat pemerintahan yg amburadul gini ,2047898160492847549,,,in,,0,0,0,https://x.com/undefined/status/2047898160492847549,1283917885023240192,
2047632481403490651,Sat Apr 25 04:38:53 +0000 2026,0,@Tan_Mar3M Itulah manusia ora duwe isin ditulung tapi menthung ingat waktu debat ungkit2 kekayaan pribadi Prabowo dan ingat pulak QC di Metro TV dlm sekejab hasilnya berubah maka Prabowo di skakmat Cak Nun INI SEJARAH YG TDK BOLEH DILUPAKAN OLEH ANAK BANGSA,2047898115739672687,,Tan_Mar3M,in,,0,0,0,https://x.com/undefined/status/2047898115739672687,1395713255637585923,
2041769163119849769,Sat Apr 25 04:38:33 +0000 2026,0,@RSound1297114 @UmarHasibuan__ Makin lama makin gw mikir. Gw emang barisan 01 tapi itu dulu. Sekarang malah jd ilfil sama orangnya. Tapi bukan berarti sekarang gw berubah jadi pro Prabowo. Makanya 2029 siapa aja bebas dah nyalon asal bukan Prabowo lagi. Tapi bukan mantan 01 juga. Lu aja bang wkwk,2047898032122085429,,RSound1297114,in,,0,0,0,https://x.com/undefined/status/2047898032122085429,1938171418568757248,
2047622365555601486,Sat Apr 25 04:38:24 +0000 2026,0,@UNIFIL_ Mr president @prabowo Tolong balaskan darah2 TNI yg ditumpahkan zionist israhell,2047897995140862308,,UNIFIL_,in,,0,0,1,https://x.com/undefined/status/2047897995140862308,104704488,
2047865283994693845,Sat Apr 25 04:38:23 +0000 2026,0,@ferrykoto @prabowo BGN itu mikirin gizi cuman 10% sisanya pesta pora yg gada hubungan dgn gizi anak,2047897987687616878,,ferrykoto,in,,0,0,0,https://x.com/undefined/status/2047897987687616878,558557247,
2047865283994693845,Sat Apr 25 04:38:21 +0000 2026,0,@ferrykoto @RahagungC33511 @prabowo Cari yang berkompeten dunia permakanan bobon santoso misalnya dia akan dikenal dan dikenang sby orang pertama di MBG dan BGN khan bagus,2047897979261235448,,ferrykoto,in,,0,0,0,https://x.com/undefined/status/2047897979261235448,1976258490965667840,
2047897921518284990,Sat Apr 25 04:38:07 +0000 2026,0,Siap... Moga terbaca beliau yg terhormat @prabowo,2047897921518284990,,,in,,0,0,0,https://x.com/undefined/status/2047897921518284990,2732546446,
2047843343712002124,Sat Apr 25 04:38:03 +0000 2026,0,@Bambangmulyonoo @prabowo Maksud beliua 50000 tadi kelupaan tambahi 0 nya https://t.co/zXEM3sV5Km,2047897903742763263,https://pbs.twimg.com/media/HGuYSlqbkAA_2fL.jpg,Bambangmulyonoo,in,,0,0,0,https://x.com/undefined/status/2047897903742763263,1473607825725145090,
2047897863032918082,Sat Apr 25 04:37:53 +0000 2026,0,anak buah prabowo kerjaannye pada kek orang idiot. Kebocoran data lu pada diem pas ktp hilang suruh denda bikin surat kehilangan di polisi keluar duit lagi. idiot emang lu semua,2047897863032918082,,,in,,0,0,0,https://x.com/undefined/status/2047897863032918082,2909782399,
2047897855390789827,Sat Apr 25 04:37:51 +0000 2026,6,1. Megawati (33 thn) 2. Muhaimin Iskandar (21 thn) 3. Surya Paloh (15 thn) 4. Yusril Ihza Mahendra (16 thn) 5. Prabowo (12 thn) Jokowi..? Cukup jdi orang kampung dan momong cucu saja. ( Tapi juga tetap harus disalahkan ). https://t.co/kyPTHXi0h6,2047897855390789827,https://pbs.twimg.com/media/HGuWYL7bEAATY_V.jpg,,in,,0,2,3,https://x.com/undefined/status/2047897855390789827,1603982915490091008,
2047875477923369196,Sat Apr 25 04:37:32 +0000 2026,0,@EskaDarma @satrianamanya @prabowo,2047897777338982524,,EskaDarma,qam,,0,0,0,https://x.com/undefined/status/2047897777338982524,1748705788892475392,
2047897749421723897,Sat Apr 25 04:37:26 +0000 2026,0,@prabowo mana statement lu wok?,2047897749421723897,,prabowo,pl,,0,0,0,https://x.com/undefined/status/2047897749421723897,1048235767657508864,
2047505157257367784,Sat Apr 25 04:37:04 +0000 2026,0,@regar_op0sisi @prabowo @TsamaraDKI Contoh riil manusia munafik,2047897657138630754,,regar_op0sisi,in,,0,0,0,https://x.com/undefined/status/2047897657138630754,1101482590802894848,
2047897650402652228,Sat Apr 25 04:37:02 +0000 2026,1,Pak Prabowo dimanfaatkan oleh orang² kepercayaannya. suatu saat mrk berpotensi jadi brutus dan gaius.,2047897650402652228,,,in,,0,1,0,https://x.com/undefined/status/2047897650402652228,1299521463150542849,
410751912049250305,Sat Apr 25 04:36:26 +0000 2026,0,@prabowo @DavidEfendhi Hai Pak @prabowo saya datang dari masa depan ternyata tweet anda berbeda dg yg anda lakukan ketika jadi Presiden...,2047897498396848205,,prabowo,in,,0,0,0,https://x.com/undefined/status/2047897498396848205,2583276331,
2047612391068950548,Sat Apr 25 04:36:26 +0000 2026,0,@msaid_didu @prabowo pelan pelan aja asal arahnya jelas program begini bisa bantu banyak orang,2047897497474093513,,msaid_didu,in,,0,0,0,https://x.com/undefined/status/2047897497474093513,1769578981412745216,
2047897462476767267,Sat Apr 25 04:36:17 +0000 2026,4,THANKS PAK PRABOWO semenjak indonesia dipimpin bapak banyak sekali rekor sejarah terpecahkan. 1. kurs usd/idr hampir rp 17.200. paling terpuruk dlm sejarah. 2. utang jatuh tempo di 2026 sebesar rp 833 t. tertinggi dalam sejarah. 3. defisit apbn paling lebar dalam sejarah.,2047897462476767267,,,in,,0,0,3,https://x.com/undefined/status/2047897462476767267,1794634794468544513,
2044939845160824925,Sat Apr 25 04:35:13 +0000 2026,0,@prabowo Please do not grant free access to the foreign military from ANY country. Whether by land sea or air. The blanket overflight is never a good idea &amp; against the will of Indonesian people. Even the US's allies don't provide free unlimited access for the US. https://t.co/Ey7P2qDr6X,2047897194028572980,https://pbs.twimg.com/media/HGuXpLCXoAAkHMR.jpg,prabowo,en,,0,0,0,https://x.com/undefined/status/2047897194028572980,1894326174756569088,
2047897182821556259,Sat Apr 25 04:35:11 +0000 2026,58,Bukti paling konkret bahwa konten-konten sidak BGN hanyalah tipu-tipu dan sekadar upaya pengharuman citra yang terlalu dipaksakan adalah kolom komentar yang dibatasi. Halo ndut @prabowo. Inikah seorang 'Ibu galak' yang kamu maksud itu? bagi kami nanik s deyang hanyalah seorang https://t.co/EaVIdMF2Nf,2047897182821556259,https://pbs.twimg.com/media/HGuXooZagAAXU2u.jpg,,in,,0,4,22,https://x.com/undefined/status/2047897182821556259,2005984164118777856,
2047856448730972450,Sat Apr 25 04:35:10 +0000 2026,0,@LambeSahamjja kalo gak salah dulu pak Prabowo bilang bahwa korupsi pajak itu sekitar Rp.500 Trilyun / Tahun. benarkah?,2047897180644819319,,LambeSahamjja,in,,0,0,0,https://x.com/undefined/status/2047897180644819319,1901726753040764928,
2047896716498891000,Sat Apr 25 04:35:03 +0000 2026,0,@ahsomatcha @prabowo dipanggil ndut,2047897150663909621,,ahsomatcha,in,,0,1,0,https://x.com/undefined/status/2047897150663909621,755327355065806852,
2047455865842827313,Sat Apr 25 04:35:02 +0000 2026,2,@Piyusaja2 @prabowo Tdk usah takut nilai ekspor kita lebih tinggi dari impor. Mata uang rupiah melemah maka harga barang kita competitive dan barang barang Amerika bakalan tidak competive krn harga nya tinggi maka produk us tidak bisa bersaing dengan produk lokal. Lu kebanyakan di cuci otak nya,2047897147967001005,,Piyusaja2,in,,0,0,0,https://x.com/undefined/status/2047897147967001005,1728388773061513216,
2047897121580536312,Sat Apr 25 04:34:56 +0000 2026,0,Presiden Prabowo Subianto memanggil Kapolri Listyo Sigit Prabowo di kediaman Hambalang pada Jumat 24 April 2026. Pertemuan yang berlangsung sekitar satu jam tersebut membahas berbagai isu terkait keamanan nasional serta kondisi umum situasi,2047897121580536312,,,in,,0,1,0,https://x.com/undefined/status/2047897121580536312,1521675436740452353,
2047612391068950548,Sat Apr 25 04:34:53 +0000 2026,0,@msaid_didu @prabowo yang penting transparan sama konsisten biar hasilnya kerasa ke masyarakat,2047897108515283088,,msaid_didu,in,,0,0,0,https://x.com/undefined/status/2047897108515283088,1731606336654487552,
2047465585059987710,Sat Apr 25 04:34:42 +0000 2026,0,@VIVAcoid Langkah ini menunjukkan keseriusan Pak Prabowo dalam menjaga ketahanan energi,2047897063766319342,,VIVAcoid,in,,0,0,0,https://x.com/undefined/status/2047897063766319342,1734514839022903296,
2047669211435254005,Sat Apr 25 04:34:41 +0000 2026,1,@babijoged Saya pilih Anies karena rasional saja Orang Baik dan taat Agama pasti Anti korupsi. Saya gak pilih Prabowo karena Wapresnya. Saya gak pilih Ganjar karena gak cocok dgn Partainya.,2047897060498915385,,babijoged,in,,0,0,0,https://x.com/undefined/status/2047897060498915385,2611752848,
2047896936062300420,Sat Apr 25 04:34:12 +0000 2026,0,Menteri desa Bapak Yandri Susanto melaksanakan peletakan batu pertama pembangunan gerai KDMP di desa Gunungkuning kecamatan Sindang Kabupaten Majalengka Jabar #MenteriDesaKawalKDMP #PendampingDesakawalKDMP #KDMPUntukKesejahteraanRakyat @prabowo @YandriSusanto @ArizaPatria https://t.co/R7yPByKfqx,2047896936062300420,https://pbs.twimg.com/media/HGuXZpyb0AIJ_aD.jpg,,in,,0,0,0,https://x.com/undefined/status/2047896936062300420,1947511781209083909,
2047896852478226746,Sat Apr 25 04:33:52 +0000 2026,0,jokowi prabowo prabowo jokowi (ini yang gue denger) https://t.co/4RlPWgD5gd,2047896852478226746,https://pbs.twimg.com/amplify_video_thumb/2046692533242126336/img/tCTmv3GSXvhvodx6.jpg,,in,,0,0,0,https://x.com/undefined/status/2047896852478226746,1522451737570779137,
2047487030360490398,Sat Apr 25 04:33:46 +0000 2026,0,@GX_twelve @regar_op0sisi @prabowo Alhamdulillah masih sangat kecil emg lu mau segede apa buset gue kesel bgt sm ni kebijakan,2047896825999544374,,GX_twelve,in,,0,0,0,https://x.com/undefined/status/2047896825999544374,1287937576469270529,
2047289582627234233,Sat Apr 25 04:33:40 +0000 2026,0,@LambeSahamjja Data kayak gini tuh Prabowo gak dikasih tau ya sama Seskab? Aneh bgt aneh,2047896801945272341,,LambeSahamjja,in,,0,0,0,https://x.com/undefined/status/2047896801945272341,3017261526,
2047875003052347703,Sat Apr 25 04:33:35 +0000 2026,0,@ibamarief @prabowo @ririecili @prabowo baca wooo jangan main Roblox teruuus,2047896782781263876,,ibamarief,in,,0,0,0,https://x.com/undefined/status/2047896782781263876,35780283,
2047615485894877691,Sat Apr 25 04:33:31 +0000 2026,0,@JakeRammos prabowo,2047896763131150416,,JakeRammos,pl,,0,0,0,https://x.com/undefined/status/2047896763131150416,2007674859946684417,
2047612391068950548,Sat Apr 25 04:33:30 +0000 2026,0,@msaid_didu @prabowo pemerintah juga pasti evaluasi kok gak mungkin dilepas gitu aja,2047896762489438623,,msaid_didu,in,,0,0,0,https://x.com/undefined/status/2047896762489438623,1732616778063503360,
2047880989620502981,Sat Apr 25 04:33:20 +0000 2026,0,@Anak__Ogi @prabowo Agar Termul pada mingkem atau mati harus dimatikan dari Kepala Termul itu sendiri.,2047896717560000852,,Anak__Ogi,in,,0,0,0,https://x.com/undefined/status/2047896717560000852,1923652574869364736,
2047896665055690945,Sat Apr 25 04:33:07 +0000 2026,1,Hebat ya.... Prabowo gitulah. 58%.,2047896665055690945,,,in,,0,0,1,https://x.com/undefined/status/2047896665055690945,81766731,
2047222136415326609,Sat Apr 25 04:32:14 +0000 2026,0,@regar_op0sisi @prabowo @DPR_RI Semua gara gara seorang perempuan yang tersinggung dan laki laki yg berdarah pengkhianat,2047896440274653575,,regar_op0sisi,in,,0,0,0,https://x.com/undefined/status/2047896440274653575,2011325560707039238,
2047896433051959492,Sat Apr 25 04:32:12 +0000 2026,0,Hendi Saputro remaja asal Sragen yang sempat putus sekolah akibat keterbatasan ekonomi keluarga kini kembali melanjutkan pendidikan melalui program Sekolah Rakyat gagasan Presiden @prabowo Subianto. https://t.co/dHQraYQwVu,2047896433051959492,https://pbs.twimg.com/ext_tw_video_thumb/2047896395563282432/pu/img/ymYax8JQcE7u7Yqc.jpg,,in,,0,0,0,https://x.com/undefined/status/2047896433051959492,1604018340388696065,
2047612391068950548,Sat Apr 25 04:32:01 +0000 2026,0,@msaid_didu @prabowo wajar kalo ada kritik justru itu bikin program makin matang kedepannya,2047896387816427749,,msaid_didu,in,,0,0,0,https://x.com/undefined/status/2047896387816427749,1840907840158154752,
2047896367407018280,Sat Apr 25 04:31:56 +0000 2026,0,ARTINYA SEMUA PARTAI AKAN MENDUKUNG Prabowo di 2029 maka HENTIKAN MBG SEKARANG JUGA ! https://t.co/cayq1idj43,2047896367407018280,https://pbs.twimg.com/amplify_video_thumb/2046980922030051328/img/eXBor2Dc_4UqkwDW.jpg,,in,,0,0,0,https://x.com/undefined/status/2047896367407018280,351134369,
2047607312941212104,Sat Apr 25 04:31:56 +0000 2026,0,@dtroopers09 liga 1 masuk Adhyaksa FC (klub Kejaksaan) dan Garudayaksa FC (klub yang didirikan Prabowo Subianto/Presiden) dah lah semua menyingkir kalau tidak ada kekuatan dalam politik,2047896367234953628,,dtroopers09,in,,0,1,0,https://x.com/undefined/status/2047896367234953628,1932374327082762240,
2047880989620502981,Sat Apr 25 04:31:50 +0000 2026,0,@cut_wahyudin @Anak__Ogi @B3doel___ @prabowo Aku yang ane komen sering hoak contoh ijazah sekarang kalian lagi sibuk provokasi terkait JK,2047896340341162089,,cut_wahyudin,in,,0,0,0,https://x.com/undefined/status/2047896340341162089,1677380894,
2047715194613453085,Sat Apr 25 04:31:38 +0000 2026,0,@waterrfruitt @elvertgotchu prabowo suka buah air sih ka,2047896292660289732,,waterrfruitt,in,,0,0,0,https://x.com/undefined/status/2047896292660289732,1434899885090697219,
2047564400312389768,Sat Apr 25 04:31:33 +0000 2026,0,@bagindo_kopi @prabowo bagus juga idenya anak sekolah jadi kelinci percobaan gtu? . Yg Penting duitnya dulu Gizi nya belakangan itulah otak Pejabat Pelaksana Program nya. ,2047896271885848624,,bagindo_kopi,in,,0,0,0,https://x.com/undefined/status/2047896271885848624,1816767337187672065,
2047843343712002124,Sat Apr 25 04:31:05 +0000 2026,0,@Bambangmulyonoo @prabowo Bisa aja asal seleksi jadi presiden lebih ketat daripada seleksi asn karyawan swasta dan buruh serabutan biar adil ,2047896151991693794,,Bambangmulyonoo,in,,0,1,0,https://x.com/undefined/status/2047896151991693794,2036890378998341632,
2047875003052347703,Sat Apr 25 04:30:55 +0000 2026,0,@ibamarief @BennyKeef @prabowo @ririecili Semangat terus Mas Ibam.....,2047896111218930064,,ibamarief,in,,0,0,1,https://x.com/undefined/status/2047896111218930064,1243419594468950027,
2047896057288491227,Sat Apr 25 04:30:42 +0000 2026,0,unpopular but i think at some point pak prabowo actually want it to stop because it cost a lot of money and how big of catastrophe mbg caused for the economy so far but his ego is way too big to admit defeat and to let people see that he's gravely wrong so he just let it happen,2047896057288491227,,,en,,0,0,0,https://x.com/undefined/status/2047896057288491227,3269982145,
2047278350079857074,Sat Apr 25 04:30:42 +0000 2026,0,@pinkbourbon8898 @tempodotco @prabowo WITH THE LIGHTS OUT OMPRENG ACTS OUT HERE WE ARE NOW CORRUPTED GOVTS I FEEL STUPID AND CONTAGIOUS THE FOREIGNERS MISUNDERSTOOD ME YEAHHHHHH https://t.co/ierVsOQqko,2047896054138622430,https://pbs.twimg.com/media/HGuWmgXakAA6UlM.jpg,pinkbourbon8898,en,,0,0,0,https://x.com/undefined/status/2047896054138622430,1012991543236415488,
2047704633506934994,Sat Apr 25 04:30:35 +0000 2026,0,@Amallamaa @kingfish24601 baru tahu ini klo prabowo turunan minahasa,2047896024870694955,,Amallamaa,in,,0,1,0,https://x.com/undefined/status/2047896024870694955,127096284,
2047612391068950548,Sat Apr 25 04:30:34 +0000 2026,0,@msaid_didu @prabowo bener sih program gede emang harus diawasi tapi niat awalnya udah bagus tinggal diperbaiki aja,2047896023834747313,,msaid_didu,in,,0,0,0,https://x.com/undefined/status/2047896023834747313,1691331465886466048,
2047895987549814998,Sat Apr 25 04:30:26 +0000 2026,0,Semoga Pa @prabowo membaca surat ini,2047895987549814998,,,in,,0,0,1,https://x.com/undefined/status/2047895987549814998,1243419594468950027,
2047895979832332288,Sat Apr 25 04:30:24 +0000 2026,0,aja pura pura picek budek @prabowo,2047895979832332288,,,in,,0,0,0,https://x.com/undefined/status/2047895979832332288,516503207,
2047843343712002124,Sat Apr 25 04:30:20 +0000 2026,0,@Bambangmulyonoo @prabowo ,2047895963348730097,,Bambangmulyonoo,qme,,0,0,0,https://x.com/undefined/status/2047895963348730097,2036890378998341632,
2047497554750021993,Sat Apr 25 04:30:09 +0000 2026,0,@BANGSAygSUJUD @prabowo @darbento88 @coldbrew165 @BattoAjax @Ndons_Back @Masdjodi1 @potrzayed @gaianuova @Kimberley_PS08 @DIASPORA1808 @jametkunx Buzzerkek kamu bikin negri ini makn miskin dan kacau segala kekritisan selalu ditutupi dengan narasi yg konyol oleh suruhan rejim yg lebih mengandalkan buzzer daripada tim public relation resmi-nya sendiri .....,2047895917370749423,,BANGSAygSUJUD,in,,0,0,0,https://x.com/undefined/status/2047895917370749423,1228978096084152320,
2047646643999383570,Sat Apr 25 04:30:08 +0000 2026,1,@MariaAlkaff_ @prabowo Innalilahi wa innailaihi rojiun ,2047895914690560116,,MariaAlkaff_,in,,0,0,0,https://x.com/undefined/status/2047895914690560116,1337801136380682240,
2047856103082635757,Sat Apr 25 04:30:06 +0000 2026,0,@KangManto123 @prabowo Jangan Laporan Macam ini donk ..Gak akan di gubris Upload keberhasilan MBG pasti akan GEDE ROSO ,2047895904326410592,,KangManto123,in,,0,0,0,https://x.com/undefined/status/2047895904326410592,1975765468750450688,
2047554880366350396,Sat Apr 25 04:30:03 +0000 2026,0,@Menlu_RI @Kemlu_RI Diawal @prabowo bilang efisiensi tapi kabinet nya boros mbg nya boros rakyatnya disuruh sabar.,2047895892792074739,,Menlu_RI,in,,0,0,0,https://x.com/undefined/status/2047895892792074739,299157212,
2047683590511862063,Sat Apr 25 04:29:41 +0000 2026,1,@B4r4_Akb4r @WillyUK777 @prabowo Ihhh setujuuuu,2047895801981227178,,B4r4_Akb4r,in,,0,0,0,https://x.com/undefined/status/2047895801981227178,113748759,
2047200367084294621,Sat Apr 25 04:29:20 +0000 2026,1,@Opposite6888 kayak nya sie prabowo di tutup rapat2 data asli di lapangan oleh lingkaran nya genk Solo. agar masyarakat geram dan menuntut pengunduran diri nya prabowo sehingga gibran dengan mudah naik ke singgasana tinggi. hindari itu dan atur strategi fokuskan dulu makzulkan gibran &amp; gank.,2047895712420302913,,Opposite6888,in,,0,0,0,https://x.com/undefined/status/2047895712420302913,1973420426018906112,
2047651541499457685,Sat Apr 25 04:29:12 +0000 2026,1,@Opposite6888 Kemarin RS Indonesia dikuasai IDF sekarang prajurit TNI meninggal LG setelah diserang IDF. Masihkah @Prabowo membela Israhell???,2047895677469147212,,Opposite6888,in,,0,0,0,https://x.com/undefined/status/2047895677469147212,1533279703154696192,
2047285546234650781,Sat Apr 25 04:29:10 +0000 2026,0,@Leina_xyofa @P3gEl @prabowo Hati yg bersih akan membuat hidupmu tenang &amp; hati yg kotor akan membuat hidup gelisah. Belajarlah untuk tidak berburuk sangka dan tidak mengganggu orang yg ingin berbuat baik karena menghalangi orang berbuat baik itu pasti berasal dari hati yg kotor akibat menuruti bisikan setan,2047895669210538300,,Leina_xyofa,in,,0,0,0,https://x.com/undefined/status/2047895669210538300,1917476317999792128,
2047875003052347703,Sat Apr 25 04:28:59 +0000 2026,0,@ibamarief @ismailfahmi @prabowo @ririecili Min @Gerindra pasti bisa bantu menyampaikan nih....,2047895626101428409,,ibamarief,in,,0,0,0,https://x.com/undefined/status/2047895626101428409,37552420,
2047607578314904009,Sat Apr 25 04:28:49 +0000 2026,0,@lilaccountz bener jadi puas2kan ngehina prabowo sekarang soalnya kalo udah mati susah ntar kena dosa,2047895582740799787,,lilaccountz,in,,0,0,0,https://x.com/undefined/status/2047895582740799787,923350423867604992,
2047580565134856545,Sat Apr 25 04:28:39 +0000 2026,0,@Byll_Upg @regar_op0sisi @prabowo @gibran_tweet Apelagi tambahannye?,2047895541632405646,,Byll_Upg,in,,0,0,0,https://x.com/undefined/status/2047895541632405646,1666993550767292416,
2047793805408231688,Sat Apr 25 04:28:36 +0000 2026,0,@blue_berets7 Kalau para jendral sudah kompak melengser kan Prabowo itu sudah jalan yg benar. kebodohan prabowo dalam politik luar negeri dan dalam negeri mengharuskan dia mundur dari jabatan yg bukan haknya dia naik atas kecurangan KPU yg dikendalikan anak mei wha yg mengaku joko widodo.,2047895528764318171,,blue_berets7,in,,0,0,0,https://x.com/undefined/status/2047895528764318171,1609037314558418946,
2047859939654484288,Sat Apr 25 04:28:27 +0000 2026,1,@itstime4changed Sebelum asn pada keluar lu duluan yg diberhentiin Prabowo ,2047895489052573851,,itstime4changed,in,,0,0,0,https://x.com/undefined/status/2047895489052573851,315092440,
2047835350471696881,Sat Apr 25 04:28:13 +0000 2026,0,@vita_AVP negara terlalu tutup mata sampe perusahaan itu bisa seserakah yg owner mereka mau. punya pengalaman banyak expert usia muda di gajih kecil dikasih kerjaan melebihi beban terus kalo salah sedikit langsung kasih SP. @prabowo pak tolong lah ya,2047895431473172724,,vita_AVP,in,,0,0,0,https://x.com/undefined/status/2047895431473172724,224999421,
1066186707081424897,Sat Apr 25 04:28:04 +0000 2026,0,@prabowo @VisionerUmkm OWWW owwwww MACEM MANE INIIII,2047895392994660377,,prabowo,en,,0,0,0,https://x.com/undefined/status/2047895392994660377,1210545563357175809,
2047883210059809032,Sat Apr 25 04:27:57 +0000 2026,1,@BANGSAygSUJUD @prabowo @Kimberley_PS08 @jametkunx @IrawanRommi @BahamasJefry @Ndons_Back @Masdjodi1 @potrzayed @HASBALL18439385 @kiwalipitu @gaianuova Apresiasi setinggi - tingginya untuk Presiden Prabowo yg telah mewujudkan mimpi - mimpi anak - anak yg kurang beruntung dgn adanya sekolah rakyat ini . Shg mereka bisa fokus belajar tanpa harus mengkhawatirkan kebutuhan sehari -harinya .,2047895363835842770,,BANGSAygSUJUD,in,,0,0,0,https://x.com/undefined/status/2047895363835842770,1415568161609424897,
2044248095500947500,Sat Apr 25 04:23:22 +0000 2026,0,@aryapanjalunew @DedynurPalakka @prabowo @kompascom @jokowi Ealah skrg mulut 'perempuan' @aryapanjalunew lamis anggap dirinya goblog. Wajarlah kalo gak tau kalo dirinya goblog. Pantesan bibir tipisnya lamis sebar dusta ke mana tebar kebohongan seNusantara. Gemar karang cerita goreng narasi berdasar asumsi sendiri tiap hr. Waras dab?! https://t.co/Y3SNtnTNur,2047894210851086541,https://pbs.twimg.com/media/HGuU7sYaoAESB8G.jpg,aryapanjalunew,in,,0,0,0,https://x.com/undefined/status/2047894210851086541,783290663483809792,
2047894184938672229,Sat Apr 25 04:23:16 +0000 2026,0,Saya menyerah melihat berita Prabowo dan BGN. Malah saya yang gila,2047894184938672229,,,in,,0,0,0,https://x.com/undefined/status/2047894184938672229,1623770246795653123,
2047894178076700727,Sat Apr 25 04:23:14 +0000 2026,0,@prabowo presiden kok mau digoblokin sama menterinya,2047894178076700727,,prabowo,in,,0,0,0,https://x.com/undefined/status/2047894178076700727,1815203827299254272,
2047285546234650781,Sat Apr 25 04:23:06 +0000 2026,0,@Leina_xyofa @P3gEl @prabowo Ini salah satu bukti penutupan SPPG agar kedepannya MBG bisa sesuai dengan standar yg ditetapkan. https://t.co/Vk8dCUYk90,2047894142869742034,,Leina_xyofa,in,,0,0,0,https://x.com/undefined/status/2047894142869742034,1917476317999792128,
2047257506293174310,Sat Apr 25 04:23:05 +0000 2026,0,@ruslimuhyidin1 @alvinlie21 @bank_indonesia @prabowo ,2047894137337422204,,ruslimuhyidin1,qme,,0,1,0,https://x.com/undefined/status/2047894137337422204,112644670,
2047257506293174310,Sat Apr 25 04:23:04 +0000 2026,0,@dendiPS @alvinlie21 @bank_indonesia @prabowo Koruptor tidak ditindak tegas? Udah banyak kasus korupsi diselesaikan tersangka udah banyak masuk bui uang rampasan dari koruptor udah banyak bilang ga tegas si riza Chalid saja udah di jadikan buron dan orang yang udah ganti wna aja pasti bangga ama timnas jd ta spesial u.,2047894136880308617,,ruslimuhyidin1,in,,0,0,0,https://x.com/undefined/status/2047894136880308617,1220171308912140288,
2047894047940067570,Sat Apr 25 04:22:51 +0000 2026,0,Ada pula sosok Kapolri Jenderal Listyo Sigit Prabowo yang secara konsisten membuktikan bahwa dirinya adalah tipe pemimpin yang lebih banyak bekerja ketimbang bersuara. Peningkatan citra dan kinerja Polri dapat dirasakan langsung dampaknya oleh masyarakat luas.,2047894079812579483,,MajuBerger61663,in,,0,1,0,https://x.com/undefined/status/2047894079812579483,2037357988164358144,
2047894047940067570,Sat Apr 25 04:22:48 +0000 2026,0,Memang di awal pemerintahan Presiden Prabowo Subianto masih ada pekerjaan rumah di sana-sini. Namun objektivitas menuntut kita untuk melihat prestasi besar yang sedang dicetak ,2047894069788217471,,MajuBerger61663,in,,0,1,0,https://x.com/undefined/status/2047894069788217471,2037357988164358144,
2047879145963786472,Sat Apr 25 04:22:28 +0000 2026,0,@BudiBukanIntel Oh ini jga alasan prabowo bolak balik ke prancis?,2047893982500593731,,BudiBukanIntel,in,,0,0,0,https://x.com/undefined/status/2047893982500593731,995695204421124097,
2047536539614544256,Sat Apr 25 04:22:24 +0000 2026,0,@nelavirdiasr Rezim Prabowo?,2047893966482440471,,nelavirdiasr,pl,,0,0,0,https://x.com/undefined/status/2047893966482440471,280824661,
2047855323294355958,Sat Apr 25 04:22:15 +0000 2026,0,@lovewailings Setuju semuanya salah Prabowo,2047893928234590237,,lovewailings,in,,0,0,0,https://x.com/undefined/status/2047893928234590237,919776115480256513,
2047893912338252102,Sat Apr 25 04:22:11 +0000 2026,93,pak @prabowo mewakili kami semua anak-anak teknologi 🇮🇩 ibam adalah representasi terbaik dari kami ikhlas mengabdi untuk negeri melepaskan tawaran milyaran gaji dari luar negeri jika tiada keadilan &amp; betapa kejamnya ia didholimi niscaya tiada lagi dari kami mau mengabdi,2047893912338252102,,,in,,0,1,50,https://x.com/undefined/status/2047893912338252102,35167068,
2047859939654484288,Sat Apr 25 04:22:04 +0000 2026,17,@itstime4changed Masih gagal paham ama dodi apakah karena progres baru 15% = ga nurut ama prabowo? Ditambah Ke proyek bukannya pake APD malah pake sarung,2047893881430426042,,itstime4changed,in,,0,0,0,https://x.com/undefined/status/2047893881430426042,1238296848,
2047893859217334315,Sat Apr 25 04:21:58 +0000 2026,0,Piye @prabowo ?,2047893859217334315,,,ht,,0,0,0,https://x.com/undefined/status/2047893859217334315,74668923,
2047646643999383570,Sat Apr 25 04:21:51 +0000 2026,1,@MariaAlkaff_ @prabowo Innalilahi wainnailaihi Raji'un ,2047893829618213223,,MariaAlkaff_,in,,0,0,0,https://x.com/undefined/status/2047893829618213223,947758273431617536,
2047875003052347703,Sat Apr 25 04:21:33 +0000 2026,3,@ibamarief @prabowo @ririecili Upayanya sudah tepat dengan bersurat kepada presiden.. berharap akan hasilnya boleh tp harus bersiap juga dengan kemungkinan lain ya.. Soalnya ini negara dagelan Bukan negara beneran Apalagi urusan hukum yg mana paling filthy dan ga kredibel GBU mba Dwi &amp; keluarga.,2047893752262566361,,ibamarief,in,,0,0,0,https://x.com/undefined/status/2047893752262566361,2032795810388463616,
2047844289271697478,Sat Apr 25 04:20:58 +0000 2026,0,@indepenSumatera Elu Trump jgn bilang org indonesia dong yg munafik itu cocoknya rejim ini dibwh prabowo..,2047893606808371497,,indepenSumatera,in,,0,0,0,https://x.com/undefined/status/2047893606808371497,1563956377478778880,
2047873609847521762,Sat Apr 25 04:20:58 +0000 2026,0,@officialMKRI Ini termasuk sewenang-wenang kapal PERANG AS di belawan kesewenang-wenangan presiden menjual kedaulatan Laut ke AS @prabowo @Gerindra @KemensetnegRI https://t.co/rTIs9zZBBZ,2047893605625581635,https://pbs.twimg.com/media/HGuUYcFbkAA1mdm.jpg,officialMKRI,in,,0,0,0,https://x.com/undefined/status/2047893605625581635,1587924393002291201,
2047257506293174310,Sat Apr 25 04:20:50 +0000 2026,0,@dendiPS @alvinlie21 @bank_indonesia @prabowo Faktanya kamu tak bangga sma skali dan langsung nangis bombay tapi happy banget kalo bangsa ini susah misal ada gempa bumi dan negatif negatif lainnya karena itu waktunya kamu nyerang bayangkan saja lah wong ada musibah kok dijadikan bahan tuk nyerang.,2047893572029129007,,dendiPS,in,,0,2,0,https://x.com/undefined/status/2047893572029129007,1220171308912140288,
2047893463027667143,Sat Apr 25 04:20:24 +0000 2026,1,Halo pak @prabowo,2047893463027667143,,,in,,0,0,0,https://x.com/undefined/status/2047893463027667143,1288053026867916801,
2047892863833493758,Sat Apr 25 04:18:01 +0000 2026,1,Wacana penambahan konser K-Pop di Indonesia kembali ramai diperbincangkan setelah pemerintah mengungkapkan rencana tersebut. Baca selengkapnya : https://t.co/sOYNeYKNw8 #prabowo #konser #kpop #fans #sorotan #tiket #acara #indonesia #YouandAICan #S26StaysUnseen Klok,2047892863833493758,,,in,,0,0,0,https://x.com/undefined/status/2047892863833493758,1910555103087779842,
2047892704458309639,Sat Apr 25 04:17:27 +0000 2026,0, Presiden Prabowo menginginkan bahwa hilirisasi tidak hanya di bidang energi dan mineral tetapi juga harus diperluas di bidang pertanian katanya Teddy dalam keterangan akun Instagram Sekretariat Kabinet.,2047892722846228900,,MajuBerger61663,in,,0,0,0,https://x.com/undefined/status/2047892722846228900,2037357988164358144,
2047892704458309639,Sat Apr 25 04:17:25 +0000 2026,0, Terima kasih Bapak Presiden @prabowo atas arahan terkait percepatan hilirisasi dan penguatan program prioritas Danantara hari ini di Hambalang kata Rosan.,2047892711844524464,,MajuBerger61663,in,,0,1,0,https://x.com/undefined/status/2047892711844524464,2037357988164358144,
2047892704458309639,Sat Apr 25 04:17:24 +0000 2026,0,Momen pertemuan itu diunggah Rosan dalam akun Instagram resminya Jumat (24/4/2026). Terlihat keduanya bertemu di dalam sebuah ruangan. Prabowo dan Rosan tampak duduk berhadapan. Keduanya terlihat membaca dokumen di meja.,2047892709458026830,,MajuBerger61663,in,,0,1,0,https://x.com/undefined/status/2047892709458026830,2037357988164358144,
2047892704458309639,Sat Apr 25 04:17:24 +0000 2026,0,Presiden Prabowo Subianto menggelar pertemuan dengan Menteri Investasi dan Hilirisasi/Kepala BKPM Rosan Roeslani di kediamannya di Hambalang Bogor Jawa Barat. Prabowo memberikan instruksi mengenai percepatan hilirisasi dan penguatan program prioritas Danantara.,2047892707134312529,,MajuBerger61663,in,,0,1,0,https://x.com/undefined/status/2047892707134312529,2037357988164358144,
2047892704458309639,Sat Apr 25 04:17:23 +0000 2026,0,Prabowo Bertemu CEO Danantara di Hambalang Bahas Percepatan Hilirisasi #prabowosubianto #terimakasihpakbowo #jagaindonesia https://t.co/QGmtdWfjiA,2047892704458309639,,,in,,0,1,0,https://x.com/undefined/status/2047892704458309639,2037357988164358144,
2047624091771994138,Sat Apr 25 04:17:19 +0000 2026,0,@P3gEl @Gerindra Tolong laaahhh .... Bilangin ke Bos klen @prabowo Klo orang2 disekeliling nya itu BANGSAT2 semua... Ini Bos klen udah tau ATAU pura2 gk gak tau sich.....?!?!? #SeriusNanya,2047892687291125836,,P3gEl,in,,0,0,0,https://x.com/undefined/status/2047892687291125836,140463427,
2047843343712002124,Sat Apr 25 04:17:03 +0000 2026,0,@Bambangmulyonoo @prabowo Habibie brp tahun itu ya pak?..,2047892620769444087,,Bambangmulyonoo,in,,0,0,0,https://x.com/undefined/status/2047892620769444087,1605291193935400961,
2047892587420455075,Sat Apr 25 04:16:55 +0000 2026,0,Menteri tenaga kerjanya dr @PKSejahtera @FPKSDPRRI cuman bisa nikmatin gaji n fasilitas negara doang yak hahahaaaa pejabat menteri pilihan @prabowo cuman sampah bangsa benalu negara,2047892587420455075,,,in,,0,0,0,https://x.com/undefined/status/2047892587420455075,1904253254172852224,
2047843343712002124,Sat Apr 25 04:16:42 +0000 2026,0,@Bambangmulyonoo @prabowo Omon omon,2047892534383521970,,Bambangmulyonoo,en,,0,0,0,https://x.com/undefined/status/2047892534383521970,940361893,
2047892468918816802,Sat Apr 25 04:16:27 +0000 2026,0,Kayanya ini salah satu kesepakatan antara @jokowi dan @prabowo Prabowo boleh jadi presiden tp harus sering keluar negeri urusan dalam negeri biar Jokowi yg ngurus.,2047892468918816802,,,in,,0,0,0,https://x.com/undefined/status/2047892468918816802,99063163,
2047892364728152289,Sat Apr 25 04:16:24 +0000 2026,0,elu babinya @prabowo,2047892455446696363,,tkbratcoded,in,,0,0,0,https://x.com/undefined/status/2047892455446696363,1510878604355248130,
2047843343712002124,Sat Apr 25 04:16:23 +0000 2026,0,@Bambangmulyonoo @prabowo Jadi begini bung ekonomi bangsa telah salah urus. https://t.co/1D69Mc681p,2047892451395039430,https://pbs.twimg.com/media/HGuTVPkbgAEPALx.jpg,Bambangmulyonoo,in,,0,0,0,https://x.com/undefined/status/2047892451395039430,951012031,
2047788906305990917,Sat Apr 25 04:16:18 +0000 2026,0,@Tita83079013 @ganjarpranowo @aniesbaswedan Tapi Prabowo Presiden 2029 Tetap Pilihanku!!!,2047892432268955785,,Tita83079013,in,,0,0,0,https://x.com/undefined/status/2047892432268955785,1461644341139496965,
2047875003052347703,Sat Apr 25 04:16:13 +0000 2026,61,@ibamarief @prabowo @ririecili TNI nya nyirem air keras polisi nya perkosa wanita jaksa nya rekayasa dakwaan pemerintah nya jadi pahlawan kesiangan mulu selama kapolri kajagung nya ga di ganti ... akan selalu ada ibam2 lain nya yg jadi korban..,2047892413205873059,,ibamarief,in,,0,1,3,https://x.com/undefined/status/2047892413205873059,102275207,
2047880989620502981,Sat Apr 25 04:16:13 +0000 2026,1,@Anak__Ogi @AntoniusCDN @prabowo Waspadai yg sesat² supaya gak ikutan tersesat,2047892412966834619,,Anak__Ogi,in,,0,0,0,https://x.com/undefined/status/2047892412966834619,2335281158,
2047671340363301011,Sat Apr 25 04:16:01 +0000 2026,0,@Anak__Ogi Entah u apa si wowo @prabowo buat duta²an ngabis²in anggaran pdhl hutang negara menumpuk.. Otak jarang dipakai,2047892362370884049,,Anak__Ogi,in,,0,0,0,https://x.com/undefined/status/2047892362370884049,1832483193544704000,
2047455865842827313,Sat Apr 25 04:15:43 +0000 2026,0,@Piyusaja2 @prabowo MANTEP BENER,2047892284704993447,,Piyusaja2,en,,0,0,0,https://x.com/undefined/status/2047892284704993447,1709767312700760064,
2047892268649242915,Sat Apr 25 04:15:40 +0000 2026,0,Kementerian Energi dan Sumber Daya Mineral (ESDM) menyampaikan Indonesia mendapatkan komitmen pasokan minyak sebanyak 150 juta barel dari Rusia. Komitmen ini didapatkan usai pertemuan antara Presiden Prabowo Subianto dan Presiden Vladimir Putin beberapa waktu lalu.,2047892271300014411,,MajuBerger61663,in,,0,1,0,https://x.com/undefined/status/2047892271300014411,2037357988164358144,
2047445608949223658,Sat Apr 25 04:15:37 +0000 2026,0,@Piyusaja2 @prabowo login pascabowo,2047892259698561277,,Piyusaja2,in,,0,0,0,https://x.com/undefined/status/2047892259698561277,2037664200831713280,
2047892218044879262,Sat Apr 25 04:15:27 +0000 2026,0,https://t.co/M3sTOluiKE pak @prabowo gimana nih responnya?,2047892218044879262,,,in,,0,0,0,https://x.com/undefined/status/2047892218044879262,2030255778276466688,
2047865283994693845,Sat Apr 25 04:15:25 +0000 2026,0,@ferrykoto @prabowo Kapan bapak ini selesai menjabat? Abis itu ada sapaan dari kejaksaan gimana kabarmu?,2047892208532242467,,ferrykoto,in,,0,0,0,https://x.com/undefined/status/2047892208532242467,943619916,
2047445608949223658,Sat Apr 25 04:15:23 +0000 2026,0,@Piyusaja2 @prabowo Baiq,2047892201800376733,,Piyusaja2,pt,,0,0,0,https://x.com/undefined/status/2047892201800376733,2299047307,
2047892100780638704,Sat Apr 25 04:14:59 +0000 2026,0,when yh bimbel gratis @prabowo,2047892100780638704,,,en,,0,0,0,https://x.com/undefined/status/2047892100780638704,1760326525021474816,
2047887949715607558,Sat Apr 25 04:14:57 +0000 2026,1,@denni_sauya Orang itu adalah PresideN PRABOWO SUBIANTO Presiden Omon Omon,2047892093872615736,,denni_sauya,in,,0,0,0,https://x.com/undefined/status/2047892093872615736,1834486679945838592,
2047870570486960377,Sat Apr 25 04:14:55 +0000 2026,1,@DS_yantie Bukan kurang gizi Tidak jg butuh MBG Mereka hanya butuh sekolah gratis sampai perguruan tinggi Sebelum Prabowo jadi presiden Ayah dan ibu mereka tau makanan yg bergizi Sayangnya negara tidak pernah membuat mereka sejahtera Stop MBG program paling jadi TAIK tuuu,2047892085953769818,,DS_yantie,in,,0,0,0,https://x.com/undefined/status/2047892085953769818,1118066523656953856,
2047843343712002124,Sat Apr 25 04:14:54 +0000 2026,0,@Bambangmulyonoo @prabowo Loh kok terus berlari ra mundur jadi 5000,2047892077888024652,,Bambangmulyonoo,in,,0,0,0,https://x.com/undefined/status/2047892077888024652,1957283888138752000,
2047892047903047938,Sat Apr 25 04:14:46 +0000 2026,0,temen temen aku kaget keluarga aku kaget sahabat aku kaget mbg kaget firaun kaget jokowi kaget prabowo kaget semua kaget aku jd sohee yang ga kaget aldi taher mungkin kaget mungil,2047892047903047938,,,in,,0,1,0,https://x.com/undefined/status/2047892047903047938,1966492863434457088,
2046589859708690727,Sat Apr 25 04:14:36 +0000 2026,0,@ipoksamidub Ini lokasinya di Istana Negara Jakarta di lorong sebelah utaranya ruang resepsi yg biasa dipakai buat pelantikan menteri/pejabat tinggi. Kalau dilihat daru warna karpet dan gordynnya berarti video ini diambil sebelum jamannya Presiden Prabowo berkuasa. Sekarang serba biru.,2047892004861088021,,ipoksamidub,in,,0,0,0,https://x.com/undefined/status/2047892004861088021,1469789609156509702,
2047880989620502981,Sat Apr 25 04:14:29 +0000 2026,2,@RakyatBerbisik @Anak__Ogi @prabowo Tujuannya supaya videonya pendek dan menimbulkan multitafsir dan opini liar dalam masyarakat... #Ngik,2047891976004235575,,RakyatBerbisik,in,,0,1,0,https://x.com/undefined/status/2047891976004235575,257090687,
2047891851974414526,Sat Apr 25 04:14:00 +0000 2026,0,Menyikapi arahan Presiden Prabowo Subianto kini makan bergizi gratis (MBG) diprioritaskan bagi wilayah dengan angka kemiskinan dan prevalensi stunting tinggi.,2047891854545592320,,MajuBerger61663,in,,0,1,0,https://x.com/undefined/status/2047891854545592320,2037357988164358144,
2047891851974414526,Sat Apr 25 04:14:00 +0000 2026,0,Prabowo Minta MBG Fokus ke Kelompok Prioritas Ini yang Bakal Dapat #prabowosubianto #terimakasihpakbowo #jagaindonesia https://t.co/cl9TU0CrT0,2047891851974414526,,,in,,0,1,0,https://x.com/undefined/status/2047891851974414526,2037357988164358144,
2046790124969828595,Sat Apr 25 04:13:58 +0000 2026,0,@Fahrihamzah Survei tergantung siapa yg bayar.... Dawuh prabowo,2047891845548806542,,Fahrihamzah,in,,0,0,0,https://x.com/undefined/status/2047891845548806542,1679836422747074562,
2047622365555601486,Sat Apr 25 04:13:54 +0000 2026,0,@UNIFIL_ Hallo jendral purn prabowo,2047891829270691964,,UNIFIL_,in,,0,0,0,https://x.com/undefined/status/2047891829270691964,2843748391,
2047865283994693845,Sat Apr 25 04:13:51 +0000 2026,0,@ferrykoto @prabowo rapat onlen tp di hotel di kota masing2x,2047891815752454384,,ferrykoto,in,,0,0,0,https://x.com/undefined/status/2047891815752454384,1135526713,
2047285546234650781,Sat Apr 25 04:13:46 +0000 2026,0,@Leina_xyofa @P3gEl @prabowo Sudah diresmikan 166 Sekolah Rakyat Gratis di 34 provinsi yang masih akan ditambah hingga 500 Sekolah Rakyat Gratis. Kalo kamu selalu punya makanan maka bersyukurlah karna tidak semua orang seperti dan jangan ganggu orang yg mau membantu mereka yg butuh makan termasuk melalui MBG,2047891792658563221,,Leina_xyofa,in,,0,0,0,https://x.com/undefined/status/2047891792658563221,1917476317999792128,
2047843343712002124,Sat Apr 25 04:13:43 +0000 2026,0,@Bambangmulyonoo @prabowo Percaya !!! Mungkin bisa 3.000 atau 2.000 Caranya gimana? Pokoknya ada,2047891783364051042,,Bambangmulyonoo,in,,0,0,0,https://x.com/undefined/status/2047891783364051042,1525002519231238144,
2047891772324671932,Sat Apr 25 04:13:41 +0000 2026,0,@prabowo bapak baik banget pikiran dan semangat utk Bangsa ini klau jadi presiden nah semoga skr semuanya di realisasikan aamiin,2047891772324671932,,prabowo,in,,0,0,0,https://x.com/undefined/status/2047891772324671932,1617677058263617537,
2047813121428070701,Sat Apr 25 04:13:19 +0000 2026,0,@Hanam0401 @yusuf_dumdum Ini proyek Prabowo,2047891680821715043,,Hanam0401,in,,0,0,0,https://x.com/undefined/status/2047891680821715043,1152745590,
2047891583467717017,Sat Apr 25 04:12:56 +0000 2026,0,Presiden Prabowo Subianto memanggil Kapolri Jenderal Polisi Listyo Sigit Prabowo di kediaman Hambalang Jumat 24 April 2026. Dalam pertemuan sekitar 1 jam tersebut dibahas beberapa hal terkait keamanan nasional dan kondisi umum situasi nasional. https://t.co/Rn6xMPvXxO,2047891583467717017,,,in,,0,0,0,https://x.com/undefined/status/2047891583467717017,1232625600084361216,
2047890334861132230,Sat Apr 25 04:07:58 +0000 2026,0,@prabowo saya ingin SPT ini dan direalisasikan full speed full power Insya Allah banyak perbaikan dan kemajuan bagi Bangsa Indonesia aamiin,2047890334861132230,,prabowo,in,,0,0,0,https://x.com/undefined/status/2047890334861132230,1617677058263617537,
2047890296286200007,Sat Apr 25 04:07:49 +0000 2026,0,Menyikapi arahan Presiden Prabowo Subianto kini makan bergizi gratis (MBG) diprioritaskan bagi wilayah dengan angka kemiskinan dan prevalensi stunting tinggi.,2047890298823725492,,Bergerakkru,in,,0,1,0,https://x.com/undefined/status/2047890298823725492,2039177124226150400,
2047890296286200007,Sat Apr 25 04:07:49 +0000 2026,0,Prabowo Minta MBG Fokus ke Kelompok Prioritas Ini yang Bakal Dapat #prabowosubianto #terimakasihpakbowo https://t.co/CntY6zUMTa,2047890296286200007,,,in,,0,1,0,https://x.com/undefined/status/2047890296286200007,2039177124226150400,
2047611041304191116,Sat Apr 25 04:07:21 +0000 2026,0,@LambeSahamjja dadan tol0l prabowo tl0l semua pihak yg ikut campur dan pernah nyicip duit mbg sedikit pun semoga cepet sengsara karena ya pasti bakal sengsara si cuma gw minta dicepetin dilamain aja durasinya sampe mereka m4ti,2047890179076374576,,LambeSahamjja,in,,0,0,0,https://x.com/undefined/status/2047890179076374576,1282819714239000576,
2047890145626800273,Sat Apr 25 04:07:13 +0000 2026,0, Rp633 JUTA PER BULAN cuma buat ZOOM? Itu setara 42.200 porsi makan bergizi gratis buat anak stunting setiap bulan! BGN bilang enterprise buat 50.000 peserta tapi rakyat lagi bayar pajak buat gizi bukan buat Zoom VIP. @prabowo Tolong audit transparan &amp; jelasin detail,2047890145626800273,,,in,,0,0,0,https://x.com/undefined/status/2047890145626800273,2046927678708830208,
2047864262882935022,Sat Apr 25 04:07:03 +0000 2026,0,@evelyndewi7 @prabowo @gibran_tweet Kerajaan Sie #kerajaansea #seabank,2047890104258306091,,evelyndewi7,in,,0,1,0,https://x.com/undefined/status/2047890104258306091,1825333193568129024,
2047875003052347703,Sat Apr 25 04:07:02 +0000 2026,0,@ibamarief @prabowo @ririecili Mohon atensinya bg @bang_dasco,2047890100076617887,,ibamarief,in,,0,0,0,https://x.com/undefined/status/2047890100076617887,66062574,
2047567770867626010,Sat Apr 25 04:06:57 +0000 2026,0,@DokterTifa JENDRAL PECATAN @prabowo DIDUKUNG ORANG PEMALSU IJAZAH @jokowi . INI NEGARA DIKELOLA ORANG YG GK PAHAM PERJUANGAN PENDAHULUNYA. ASAL TEMAN2 MEREKA KUMPUL DIKABINET.,2047890080753471735,,DokterTifa,in,,0,0,0,https://x.com/undefined/status/2047890080753471735,1431235359107477504,
2047530623573844303,Sat Apr 25 04:06:54 +0000 2026,0,@OjolNyambi postingan orang biadab loe anggap semua yg pilih Jokowi tolol padahal anis ganjar kgk menang dan tanpa campur tangan jokowi prabowo kgk menang berarti yg goblok siapa anjing loe bangsaaat jancukk,2047890066392088741,,OjolNyambi,in,,0,0,0,https://x.com/undefined/status/2047890066392088741,1595429167671443456,
2047890063732998321,Sat Apr 25 04:06:53 +0000 2026,0,Narasi keren dan masuk akal. Tangkepin aja Mastermind dibalik semua kekacauan ini. Pak Prabowo mainnya terlalu santun. ,2047890063732998321,,,in,,0,0,0,https://x.com/undefined/status/2047890063732998321,828416659169775616,
2047889952680378498,Sat Apr 25 04:06:27 +0000 2026,0,Lahan zona pertanian pangan pada peta gistaru desa Ngemplak Kecamatan Kartasura Kabupaten Sukoharjo provinsi Jawa Tengah didirikan bangunan apakah diperbolehkan Pak? peta Gistaru itu gunanya untuk apa Pak ? @prabowo @sukoharjo_kab @KPK_RI BBCA https://t.co/DupseoPhBs,2047889952680378498,https://pbs.twimg.com/media/HGuRDu3awAA0Qfb.jpg,,in,,0,0,0,https://x.com/undefined/status/2047889952680378498,1909854593112326147,
2047889941561307172,Sat Apr 25 04:06:25 +0000 2026,0,Kementerian Energi dan Sumber Daya Mineral (ESDM) menyampaikan Indonesia mendapatkan komitmen pasokan minyak sebanyak 150 juta barel dari Rusia. Komitmen ini didapatkan usai pertemuan antara Presiden Prabowo Subianto dan Presiden Vladimir Putin beberapa waktu lalu.,2047889944145002862,,Bergerakkru,in,,0,1,0,https://x.com/undefined/status/2047889944145002862,2039177124226150400,
2047865283994693845,Sat Apr 25 04:06:24 +0000 2026,0,@ferrykoto @prabowo dahsyat,2047889941133496715,,ferrykoto,in,,0,0,0,https://x.com/undefined/status/2047889941133496715,303126089,
2047889874280423737,Sat Apr 25 04:06:08 +0000 2026,0,@prabowo @KemensetnegRI @Gerindra,2047889874280423737,,prabowo,qam,,0,0,0,https://x.com/undefined/status/2047889874280423737,1862981011,
2047889864373538870,Sat Apr 25 04:06:06 +0000 2026,0,Persamaan Soedirman dan Prabowo Soedirman = jenderal BESAR Prabowo = bacot BESAR Pagii Klok Kokumi Chatime https://t.co/SNoRjJC45r,2047889864373538870,https://pbs.twimg.com/media/HGuQ-ZEbcAAH4vB.jpg,,in,,0,0,0,https://x.com/undefined/status/2047889864373538870,1757729498102124545,
1066186707081424897,Sat Apr 25 04:05:59 +0000 2026,0,@prabowo @VisionerUmkm log in,2047889835004920150,,prabowo,en,,0,0,0,https://x.com/undefined/status/2047889835004920150,1232713813599744001,
2047889746379292815,Sat Apr 25 04:05:38 +0000 2026,1,MATAANEEE EDAANNN TEMENANN BAGUSSS BANBET GILAA ANJIRRR. prabowo harus baca.,2047889746379292815,,,in,,0,1,1,https://x.com/undefined/status/2047889746379292815,1587362789777354753,
2046916825183875530,Sat Apr 25 04:05:01 +0000 2026,0,@chaiquit @sea_ttawinan @_ 2 kata lucu. prabowo ngerp,2047889594734231684,,chaiquit,in,,0,0,0,https://x.com/undefined/status/2047889594734231684,2454475170,
2047881321343770740,Sat Apr 25 04:04:47 +0000 2026,2,@zhil_arf Berani ngusik iparnya prabowo,2047889534818656722,,zhil_arf,in,,0,0,0,https://x.com/undefined/status/2047889534818656722,1507769095152103431,
2047889527067594847,Sat Apr 25 04:04:45 +0000 2026,0,Selagi prrsidennya Prabowo gak bakalan bangun jembatan. Prabowo lbh memilih MBG. Proyek ompak2an tanpa bisa diaudit. @KemensetnegRI @setkabgoid @bang_dasco @Gerindra,2047889527067594847,,,in,,0,0,0,https://x.com/undefined/status/2047889527067594847,2029917502281805824,
2047248512409374904,Sat Apr 25 04:04:45 +0000 2026,0,@ethadisaputra @prabowo Klo pilihan semua salah nggak ada bang,2047889526866211215,,ethadisaputra,in,,0,0,0,https://x.com/undefined/status/2047889526866211215,1728970228816850944,
2047889493219496120,Sat Apr 25 04:04:37 +0000 2026,1,Istana menjadi ruang belajar! 🇮🇩 Ratusan pelajar dari SMAN 2 Jakarta SMP Negeri 60 Jakarta dan mahasiswa Institut STIAMI berkesempatan mengenal lebih dekat pusat pemerintahan melalui program Istana untuk Anak Sekolah inisiasi Presiden Prabowo Subianto pada Selasa https://t.co/a0axA9B3cF,2047889493219496120,https://pbs.twimg.com/amplify_video_thumb/2047887922201055233/img/3XjVWilVNvTZ5NC7.jpg,,in,,0,0,2,https://x.com/undefined/status/2047889493219496120,3522129133,
2047889474751975857,Sat Apr 25 04:04:37 +0000 2026,0, Presiden Prabowo menginginkan bahwa hilirisasi tidak hanya di bidang energi dan mineral tetapi juga harus diperluas di bidang pertanian katanya Teddy dalam keterangan akun Instagram Sekretariat Kabinet.,2047889493169250412,,Bergerakkru,in,,0,0,0,https://x.com/undefined/status/2047889493169250412,2039177124226150400,
2047889485422363063,Sat Apr 25 04:04:35 +0000 2026,0,Janji ini akan di ucapkan @gibran_tweet 2029 saat dilantik gantikan @prabowo,2047889485422363063,,,in,,0,0,0,https://x.com/undefined/status/2047889485422363063,50895997,
2047889474751975857,Sat Apr 25 04:04:35 +0000 2026,0, Terima kasih Bapak Presiden @prabowo atas arahan terkait percepatan hilirisasi dan penguatan program prioritas Danantara hari ini di Hambalang kata Rosan.,2047889483400683859,,Bergerakkru,in,,0,1,0,https://x.com/undefined/status/2047889483400683859,2039177124226150400,
2047889474751975857,Sat Apr 25 04:04:34 +0000 2026,0,Momen pertemuan itu diunggah Rosan dalam akun Instagram resminya Jumat (24/4/2026). Terlihat keduanya bertemu di dalam sebuah ruangan. Prabowo dan Rosan tampak duduk berhadapan. Keduanya terlihat membaca dokumen di meja.,2047889481110561060,,Bergerakkru,in,,0,1,0,https://x.com/undefined/status/2047889481110561060,2039177124226150400,
2047889474751975857,Sat Apr 25 04:04:34 +0000 2026,0,Presiden Prabowo Subianto menggelar pertemuan dengan Menteri Investasi dan Hilirisasi/Kepala BKPM Rosan Roeslani di kediamannya di Hambalang Bogor Jawa Barat. Prabowo memberikan instruksi mengenai percepatan hilirisasi dan penguatan program prioritas Danantara.,2047889478170382677,,Bergerakkru,in,,0,1,0,https://x.com/undefined/status/2047889478170382677,2039177124226150400,
2047889474751975857,Sat Apr 25 04:04:33 +0000 2026,0,Prabowo Bertemu CEO Danantara di Hambalang Bahas Percepatan Hilirisasi #prabowosubianto #Terimakasihpakbowo #jagaindonesia https://t.co/loESvX7HNx,2047889474751975857,,,in,,0,1,0,https://x.com/undefined/status/2047889474751975857,2039177124226150400,
2047889461246415124,Sat Apr 25 04:04:30 +0000 2026,0,Presiden Prabowo panggil Kapolri dan Mentri hilirisasi ke Hambalang! ___ Pagii Rebahan Keluarin Chatime Pisah Klok https://t.co/vZqt2xHmOm,2047889461246415124,https://pbs.twimg.com/ext_tw_video_thumb/2047885109270106112/pu/img/7kzptU1KIEtisCyp.jpg,,in,,0,0,0,https://x.com/undefined/status/2047889461246415124,3037998600,
2047875003052347703,Sat Apr 25 04:04:24 +0000 2026,9,@ibamarief @prabowo @ririecili Masalahnya klo gak ada tumbal kasusnya nanti langsung berbelok ke geng solo,2047889436617425172,,ibamarief,in,,0,1,0,https://x.com/undefined/status/2047889436617425172,1990480960492912640,
2047880989620502981,Sat Apr 25 04:04:22 +0000 2026,2,@Anak__Ogi @MisnaWTB @prabowo Merekayasa dan memelintir ceramah hanya untuk menjatuhkan @Pak_JK https://t.co/d66fnxy0gL,2047889429281554705,,Anak__Ogi,in,,0,0,0,https://x.com/undefined/status/2047889429281554705,1854844141672484864,
2047889370053743051,Sat Apr 25 04:04:08 +0000 2026,6,Pak Presiden @prabowo Segeralah Bertindak Jangan Terlambat Rakyat Yang Menanggung Semua Ini Bukan Anda Dan Kroni² Anda Jangan Menunggu Rakyat Marah‼️ https://t.co/JIdoVB9Yx5,2047889370053743051,https://pbs.twimg.com/ext_tw_video_thumb/2047889000279814144/pu/img/UKeYPABexhorin7i.jpg,,in,,0,0,1,https://x.com/undefined/status/2047889370053743051,2385926900,
2047879145963786472,Sat Apr 25 04:04:02 +0000 2026,16,@BudiBukanIntel Indo mah ikut semuanya. Pengen foto foto prabowo ama president lain biar keliatan kalo dia president Indonesia. Cita cita 20 tahun cuy....,2047889343562629625,,BudiBukanIntel,in,,0,0,0,https://x.com/undefined/status/2047889343562629625,1402651353529286660,
2047622365555601486,Sat Apr 25 04:03:49 +0000 2026,0,@UNIFIL_ @prabowo did not condemn Israel for killing his soldiers. The great nation of Indonesia was underestimated by Israel.,2047889290940788761,,UNIFIL_,en,,0,0,0,https://x.com/undefined/status/2047889290940788761,2981304516,
2047864262882935022,Sat Apr 25 04:03:48 +0000 2026,1,@Jediimar @prabowo @gibran_tweet Baru tau aq klo Indonesia itu kerajaan macan lancia,2047889287501513031,,Jediimar,in,,0,1,0,https://x.com/undefined/status/2047889287501513031,1585843448434765830,
2047231533615067458,Sat Apr 25 04:03:17 +0000 2026,0,@BANGSAygSUJUD @Minietweets_ @Ndons_Back @BahamasJefry @3rwin__34 @darbento88 @IrawanRommi @HASBALL18439385 @BattoAjax @Kimberley_PS08 @prabowo Sklh rakyat ini cm buang2 duit aja buat jd DALIH MBG,2047889155317993926,,BANGSAygSUJUD,in,,0,0,0,https://x.com/undefined/status/2047889155317993926,1317750858256240640,
2046916825183875530,Sat Apr 25 04:03:15 +0000 2026,0,@chaiquit @sea_ttawinan @_ @prabowo Takut https://t.co/wp47Y9Lneq,2047889147915047181,https://pbs.twimg.com/media/HGuQU9TbgAA_K5D.jpg,chaiquit,in,,0,0,0,https://x.com/undefined/status/2047889147915047181,3293045443,
2047888961234985243,Sat Apr 25 04:02:30 +0000 2026,0,Janji yang di tepati. Saat 2013 kritik banyak nya pejabat studi banding keluar negeri. Saat jabat... Presiden Prabowo buktikan kebijakan efesiensi anggaran. Keren nya Presiden Indonesia 🇮🇩 https://t.co/ESdgWNXksM,2047888961234985243,https://pbs.twimg.com/media/HGuQKGuasAAr-5D.jpg,,in,,0,0,0,https://x.com/undefined/status/2047888961234985243,1348987504985133057,
2047669211435254005,Sat Apr 25 04:02:21 +0000 2026,0,@1418kid @babijoged Ngatur pilihan orang deh Lu juga ga mau pilih Prabowo karena ga suka dia pelanggar HAM kan?,2047888923066818655,,1418kid,in,,0,0,0,https://x.com/undefined/status/2047888923066818655,106364582,
2047888881937424386,Sat Apr 25 04:02:12 +0000 2026,0,Jangkauan yang luas dari koperasi desa merah putih menunjukkan bahwa upaya pemerintah untuk memberikan manfaat ekonomi sangat jelas. Ayo dukung! #kdmp #koperasidesamerahputih #indonesiamaju #prabowo #astacita https://t.co/NAkPJXPzPq,2047888881937424386,https://pbs.twimg.com/ext_tw_video_thumb/2047888847678382080/pu/img/vh1MPs3TMYFAQEs-.jpg,,in,,0,0,0,https://x.com/undefined/status/2047888881937424386,1487099339306864640,
2047257506293174310,Sat Apr 25 04:02:07 +0000 2026,0,@alvinlie21 @bank_indonesia @prabowo @prabowo,2047888862480077308,,alvinlie21,qam,,0,0,0,https://x.com/undefined/status/2047888862480077308,76351840,
2047875003052347703,Sat Apr 25 04:02:02 +0000 2026,0,@ibamarief @prabowo @ririecili @prabowo mari dibaca.,2047888841722490918,,ibamarief,in,,0,1,0,https://x.com/undefined/status/2047888841722490918,1400001505,
2047522373780512947,Sat Apr 25 04:01:51 +0000 2026,0,@KompasTV @prabowo,2047888794742059278,,KompasTV,qam,,0,0,0,https://x.com/undefined/status/2047888794742059278,76351840,
2047285546234650781,Sat Apr 25 04:01:45 +0000 2026,0,@DonJhon973775 @P3gEl @prabowo Ada bukti penutupan? ada bukti tindakan langsung bahkan kasus nya bulan Januari 2026 prosesnya di bulan Maret-April apakah ditutup jelas dari sini ada niat mengurangi populasi masyarakat kn atau anda mendukung itu agar kebagian lahan sauwit ,2047888771283329500,,DonJhon973775,in,,0,2,0,https://x.com/undefined/status/2047888771283329500,1991295352100777991,
2047828823392272812,Sat Apr 25 04:01:40 +0000 2026,0,@tkgit1 @GadgetC0rner @txtdaritaxpayer @PurbayaYudhi @prabowo Ga ada yang bahas masalah suara yang gua pertanyakan adalah sampe detik ini kerjanya becus ga? Wkwkwkwk,2047888747614830781,,tkgit1,in,,0,0,0,https://x.com/undefined/status/2047888747614830781,1103337879114178560,
2047875003052347703,Sat Apr 25 04:01:22 +0000 2026,0,@ibamarief @prabowo @ririecili Semangat Mas Ibam semoga dibaca sama Pak @prabowo dan mau membenahi @KejaksaanRI agar kasus seperti ini tidak terulang lagi.,2047888675447668997,,ibamarief,in,,0,0,0,https://x.com/undefined/status/2047888675447668997,252016753,
2047880989620502981,Sat Apr 25 04:01:17 +0000 2026,1,@Anak__Ogi @prabowo Ngeri emang mainnya termul,2047888652697759834,,Anak__Ogi,in,,0,0,0,https://x.com/undefined/status/2047888652697759834,1570387601173131264,
2047887554570232062,Sat Apr 25 04:01:07 +0000 2026,0,@feriamsari @Yusrilihza_Mhd @prabowo @andre_rosiade @IndraJPiliang @BivitriS Kita tdk bicara berhasil yg saya sampaikan proses daripada kritisi dari luar tapi kita tdk tahu masalah apa di dlm,2047888612906475754,,Hendrikorachman,in,,0,0,0,https://x.com/undefined/status/2047888612906475754,1119457371393146880,
2047875003052347703,Sat Apr 25 04:01:06 +0000 2026,0,@ibamarief @ismailfahmi @prabowo @ririecili Abis nonton yutub ferry ttg mas ibam. Bener bener sedih dan ikut kemaki juga.,2047888605230825763,,ibamarief,in,,0,0,0,https://x.com/undefined/status/2047888605230825763,1168362016861343744,
2047881539766436216,Sat Apr 25 04:01:00 +0000 2026,1,@KangManto123 @BNI @DPR_RI @prabowo @riekediahp @Gerindra Dr dulu putri tdk tertarik investasi beginian setiap masuk ke Bank BNI slalu di tawarin ,2047888580199219256,,KangManto123,in,,0,0,0,https://x.com/undefined/status/2047888580199219256,1469280329093373956,
2047888539770322948,Sat Apr 25 04:00:50 +0000 2026,1,@prabowo @setkabgoid @KemensetnegRI jalian masih punya urat malu sm rakyat mending fokus dslam negeri yang carut marut amburadul jangan habiskan APBN utk jalan2 unfaedah dana jalan2 itu bisa bermanfaat bagi rakyat du Nusantara ini. Rupiah anjlok jalan2 trus usaha biar trun,2047888539770322948,,prabowo,in,,0,0,0,https://x.com/undefined/status/2047888539770322948,1913623059216646144,
2047880989620502981,Sat Apr 25 04:00:49 +0000 2026,1,@Anak__Ogi @denni_sauya @prabowo Emang gada isi kepalanya mereka itu,2047888534275788924,,Anak__Ogi,in,,0,0,0,https://x.com/undefined/status/2047888534275788924,1426339223313862657,
2047881539766436216,Sat Apr 25 04:00:31 +0000 2026,0,@KangManto123 @BNI @DPR_RI @prabowo @riekediahp @Gerindra LAGI LAGI OKNUM,2047888458736435620,,KangManto123,is,,0,0,0,https://x.com/undefined/status/2047888458736435620,1241719846229782529,
2047580565134856545,Sat Apr 25 04:00:29 +0000 2026,0,@regar_op0sisi @prabowo TerMul berharap banget Prabowo dilengserkan lalu naik fufufafa menggantikan Presiden.,2047888450570084394,,regar_op0sisi,in,,0,0,0,https://x.com/undefined/status/2047888450570084394,2486805066,
2047888333741998194,Sat Apr 25 04:00:01 +0000 2026,0,Negara Non-Block kena sangsi ekonomi dari Negara Block Barat ?? Seharusnya dan sudah waktunya Negara Non-Block bangun sumber ekonomi dgn sesama Negara Non-Block @prabowo DPR RI BEM SI Universitas Brawijaya Universitas Padjadjaran Russia https://t.co/5w3UZ4I7sJ,2047888333741998194,,,in,,0,0,0,https://x.com/undefined/status/2047888333741998194,1933320446814109696,
2047888333427359948,Sat Apr 25 04:00:01 +0000 2026,0,@prabowo sebaiknya akun bpk jangn kasih admin saja. Pantesan gak tau kondisi bawah.,2047888333427359948,,prabowo,in,,0,0,0,https://x.com/undefined/status/2047888333427359948,1418708054191722496,
2047455865842827313,Sat Apr 25 03:59:38 +0000 2026,0,@Piyusaja2 @prabowo Kalau cuma bandingin angka doang emang kelihatan parah tapi situasinya lagi banyak faktor.,2047888239428857929,,Piyusaja2,in,,0,0,0,https://x.com/undefined/status/2047888239428857929,2038891017600983040,
2047887554570232062,Sat Apr 25 03:59:28 +0000 2026,0,@Hendrikorachman @feriamsari @Yusrilihza_Mhd @prabowo @andre_rosiade @IndraJPiliang @BivitriS Sebutkan orang yang berhasil memperbaiki dari dalam di rezim sekarang,2047888194147127727,,Hendrikorachman,in,,0,0,0,https://x.com/undefined/status/2047888194147127727,1334070788060631040,
2047875003052347703,Sat Apr 25 03:59:20 +0000 2026,0,@ibamarief @prabowo @ririecili Godspeed for you guys ️,2047888161720959124,,ibamarief,en,,0,0,0,https://x.com/undefined/status/2047888161720959124,616167037,
2047865283994693845,Sat Apr 25 03:59:06 +0000 2026,0,@ferrykoto @Sidik_Best @prabowo @KejaksaanRI @KPK_RI Sampai hari ini aku gak yakin kalau kedua lembaga tersebut berani menyentuhnya ️,2047888104120586450,,ferrykoto,in,,0,0,0,https://x.com/undefined/status/2047888104120586450,770173024490315776,
2047888091508306392,Sat Apr 25 03:59:03 +0000 2026,0,YANG BENER AJAA PRABOWO,2047888091508306392,,,in,,0,0,0,https://x.com/undefined/status/2047888091508306392,1608657044147679235,
2047560917471408141,Sat Apr 25 03:59:02 +0000 2026,0,@regar_op0sisi @feriamsari @prabowo @jokowi Masalah sebenarnya adalah kalian menganggap pak prabowo itu dibawah kendali pak jokowi. Itu masalahnya,2047888087691477345,,regar_op0sisi,in,,0,0,0,https://x.com/undefined/status/2047888087691477345,1076497890791452672,
2047856103082635757,Sat Apr 25 03:58:57 +0000 2026,1,@FairuzitaP65456 @KangManto123 @kataninalho @prabowo Kalo sdh lapar mana bisa sabar,2047888067592388961,,FairuzitaP65456,in,,0,1,0,https://x.com/undefined/status/2047888067592388961,251408624,
2047455865842827313,Sat Apr 25 03:58:47 +0000 2026,0,@Piyusaja2 @prabowo Gak cuma kita kok mata uang lain juga lagi pada turun lawan dolar,2047888022591664223,,Piyusaja2,in,,0,0,0,https://x.com/undefined/status/2047888022591664223,2038875629915897856,
2047865283994693845,Sat Apr 25 03:58:37 +0000 2026,0,@ferrykoto @Sidik_Best @prabowo @KejaksaanRI @KPK_RI BGN sudah menjadi super body yg untouchable dan presiden sendiri yg konon selalu melakukan kros cek atas data dan info yg disajikan toh sampai hari ini terkesan merestui segala sepak terjang BGN yg nyata di depan mata menghamburkan uang negara.,2047887982850654582,,ferrykoto,in,,0,0,0,https://x.com/undefined/status/2047887982850654582,799082011889537025,
2047875003052347703,Sat Apr 25 03:58:28 +0000 2026,3,@ibamarief @F2aldi @prabowo @ririecili Bismillah. Mbak Ririe Mas Ibam keluarga kami berdiri di belakang kalian Bayangin: ninggalin gaji gede di luar negeri pulang bantu digitalisasi anak Indonesia. Hasilnya? Dituntut 15 tahun + Rp16 9 Miliar (22 5 tahun total) padahal TIDAK ADA aliran dana ke dia.,2047887945156436083,,ibamarief,in,,0,0,0,https://x.com/undefined/status/2047887945156436083,2046927678708830208,
2047887924839231747,Sat Apr 25 03:58:23 +0000 2026,0,Innalillahi wa innailaihi rojiun ndut liat ndut @prabowo,2047887924839231747,,,in,,0,0,0,https://x.com/undefined/status/2047887924839231747,835171277316866049,
2047865283994693845,Sat Apr 25 03:58:22 +0000 2026,0,@ferrykoto @prabowo Tanpa dampak ke siswa jg menu makanan dan kualitas gak naik2.,2047887917193072978,,ferrykoto,in,,0,0,0,https://x.com/undefined/status/2047887917193072978,1976862924644950016,
2047883095882510543,Sat Apr 25 03:58:12 +0000 2026,0,Nak wes muleh tak rampong ne iku @prabowo https://t.co/yJIPZ8AvIR,2047887878391480569,https://pbs.twimg.com/media/HGuPLEcbwAAaVdL.jpg,Abang3972985172,in,,0,0,0,https://x.com/undefined/status/2047887878391480569,1813257061989601280,
2047874135901307267,Sat Apr 25 03:58:03 +0000 2026,1,@MichelAdam1515 Sejarah mencatat keris Mpu Gandring selalu hadir di TKP menancap ditubuh korban Kok bisa ijazah absurd @jokowi bisanya mangkir dipersidangan tp tetap mencabut hak kebebasan rakyatnya @prabowo,2047887837698351449,,MichelAdam1515,in,,0,0,0,https://x.com/undefined/status/2047887837698351449,1904253254172852224,
2047887780118962358,Sat Apr 25 03:57:49 +0000 2026,1,prabowo mengomentari kelakuan pascabowo,2047887780118962358,,,in,,0,0,0,https://x.com/undefined/status/2047887780118962358,1085872867902861312,
2047887771575230937,Sat Apr 25 03:57:47 +0000 2026,0,Desa Jintung Kecamatan Ayah CC: @pemkab_kebumen Ora arep CC Prabowo Bupati Kebumen Sugih koo https://t.co/JkzjKzO61C,2047887771575230937,https://pbs.twimg.com/ext_tw_video_thumb/2047887752201728000/pu/img/c0HWJqhcYbI20TZE.jpg,,in,,0,0,0,https://x.com/undefined/status/2047887771575230937,2651602135,
2047887754206556566,Sat Apr 25 03:57:43 +0000 2026,0,berharap prabowo lebih baik dari jokowi tuh termasuk perbuatan mengundi nasib.,2047887754206556566,,,in,,0,0,0,https://x.com/undefined/status/2047887754206556566,1177588738068606977,
2047654913627357621,Sat Apr 25 03:57:42 +0000 2026,0,@sahouraxo kerjaan siapa ini? @prabowo,2047887752738558185,,sahouraxo,in,,0,0,0,https://x.com/undefined/status/2047887752738558185,468892214,
2047864262882935022,Sat Apr 25 03:57:30 +0000 2026,1,@evelyndewi7 @prabowo @gibran_tweet Setiap kunker LuarNeger Adek &amp; putri nya(Rahayu) selalu ikut. Terutama ke Amerika &amp; Perancis.,2047887699907072240,,evelyndewi7,in,,0,1,0,https://x.com/undefined/status/2047887699907072240,1825333193568129024,
2047887693435257195,Sat Apr 25 03:57:28 +0000 2026,1,Melalui BUMDes Bangun Desa Bangun Indonesia @YandriSusanto @prabowo @bpsdmkemendesa @ditjenpdp @TPP_Indonesia https://t.co/5LKcxaWjU0,2047887693435257195,https://pbs.twimg.com/media/HGuPAFmaAAEaim9.jpg,,in,,0,0,1,https://x.com/undefined/status/2047887693435257195,839049011050926080,
2047887693405901148,Sat Apr 25 03:57:28 +0000 2026,0,@prabowo LAPORAN PENTING... Ini kerjaan baru... Melindungi mengayomi menafkahi rakyat mu... SEGERA BERTINDAK... ACTION.... Cepat.,2047887693405901148,,prabowo,in,,0,0,0,https://x.com/undefined/status/2047887693405901148,1854154023676620802,
2047881539766436216,Sat Apr 25 03:57:23 +0000 2026,0,@KangManto123 @BNI @DPR_RI @prabowo @riekediahp @Gerindra Ada apa dengan BNI,2047887673118126172,,KangManto123,in,,0,0,0,https://x.com/undefined/status/2047887673118126172,1586670790065655808,
2047455865842827313,Sat Apr 25 03:57:15 +0000 2026,0,@Piyusaja2 @prabowo Sekarang lagi banyak duit balik ke US makanya dolar makin kuat,2047887637923627062,,Piyusaja2,in,,0,0,0,https://x.com/undefined/status/2047887637923627062,2038905297100505089,
2047887616880869691,Sat Apr 25 03:57:14 +0000 2026,0,Ini merupakan kali kedua Rosan menghadap Prabowo dalam sepekan. Sebelumnya pada Selasa 21 April 2026 yang lalu Rosan juga menghadap Prabowo di Istana Kepresidenan Jakarta Pusat. Kala itu dia melaporkan realisasi investasi kepada Prabowo.,2047887634178228464,,Bergerakkru,in,,0,1,0,https://x.com/undefined/status/2047887634178228464,2039177124226150400,
2047887616880869691,Sat Apr 25 03:57:12 +0000 2026,0, Terima kasih Bapak Presiden @prabowo atas arahan terkait percepatan hilirisasi dan penguatan program prioritas Danantara hari ini di Hambalang ujar Rosan dikutip dari unggahan di Instagram resmi @roslanroeslani Jumat (24/4/2026).,2047887624313123113,,Bergerakkru,in,,0,1,0,https://x.com/undefined/status/2047887624313123113,2039177124226150400,
2047887624208314769,Sat Apr 25 03:57:12 +0000 2026,1,Bro @feriamsari pasti memahami sikap Pak @prabowo tidak hadir sekonyong-konyong tapi ada kaitan dgn interaksi beliau secara langsung dengan Pak Jokowi sejak beliau menjadi Menhannya Pak Jokowi sampai dengan jadi presiden. SANGAT BOLEH JADI PAK PRABOWO SULIT KELUAR DARI ITU,2047887624208314769,,,in,,0,0,0,https://x.com/undefined/status/2047887624208314769,802883232928657408,
2047887616880869691,Sat Apr 25 03:57:11 +0000 2026,0,Dalam pertemuan itu pria yang juga merupakan CEO BPI Danantara itu mendapatkan arahan dari Prabowo soal percepatan hilirisasi dan penguatan pada sejumlah program prioritas yang tengah dijalankan Danantara.,2047887621934948401,,Bergerakkru,in,,0,1,0,https://x.com/undefined/status/2047887621934948401,2039177124226150400,
2047887616880869691,Sat Apr 25 03:57:11 +0000 2026,0,Menteri Investasi dan Hilirisasi/Kepala BKPM Rosan Roeslani menghadap Presiden Prabowo Subianto di kediaman pribadinya Hambalang Bogor Jawa Barat hari ini.,2047887619514830999,,Bergerakkru,in,,0,1,0,https://x.com/undefined/status/2047887619514830999,2039177124226150400,
2047887616880869691,Sat Apr 25 03:57:10 +0000 2026,0,Di Hambalang Prabowo Kasih Arahan Khusus Soal Hilirisasi ke Rosan #prabowosubianto #terimakasihpakbowo #jagaindonesia https://t.co/2ubJRNPv6c,2047887616880869691,,,in,,0,1,0,https://x.com/undefined/status/2047887616880869691,2039177124226150400,
2047880989620502981,Sat Apr 25 03:57:02 +0000 2026,1,@Anak__Ogi @prabowo Jadi juru damai itu gak mudah guys salut buat pak JK,2047887585402667032,,Anak__Ogi,in,,0,0,0,https://x.com/undefined/status/2047887585402667032,1286094926912958466,
2047887554570232062,Sat Apr 25 03:56:55 +0000 2026,0,Menjadi dosen memang merdeka pk @feriamsari tapi jika ingin benahi hukum yg saling tindih memang hrs masuk kedlm dg konsekuensinya.Kelebihan ASN tdk bisa dipecat beda sama swasta.Argumentasi hukum hrs jelas Cc @Yusrilihza_Mhd @prabowo @andre_rosiade @IndraJPiliang @BivitriS,2047887554570232062,,,in,,0,2,0,https://x.com/undefined/status/2047887554570232062,1119457371393146880,
2047865283994693845,Sat Apr 25 03:56:46 +0000 2026,0,@ferrykoto @prabowo Enak aja cuma dipecat. Dikandangin dulu 15 th.,2047887518293725623,,ferrykoto,in,,0,0,0,https://x.com/undefined/status/2047887518293725623,1603775005266890753,
2047645685093118345,Sat Apr 25 03:56:39 +0000 2026,0,@bimokresno @RyanRozbiani @prabowo Don't be tolol like most brainless Indonesian it's so embarrassing. Your comment shows how low your IQ. Our country already established itself as a non-aligned country since independence in 1945. that doesn't want to be involved in war with anyone or take sides with anyone.,2047887486865883604,,bimokresno,en,,0,0,0,https://x.com/undefined/status/2047887486865883604,1438499576,
2047611041304191116,Sat Apr 25 03:56:32 +0000 2026,0,@LambeSahamjja Coba om @prabowo coba diperhatikan masalah ini jgn cuma dapat laporan ABS,2047887457740611934,,LambeSahamjja,in,,0,0,0,https://x.com/undefined/status/2047887457740611934,33474783,
2047887447187661212,Sat Apr 25 03:56:29 +0000 2026,0,prabowo tidur besuk jilat aseng,2047887447187661212,,,in,,0,0,0,https://x.com/undefined/status/2047887447187661212,1258402303922573312,
2047875003052347703,Sat Apr 25 03:56:24 +0000 2026,1,@ibamarief @RidwanRWG @prabowo @ririecili Cuma bs bantu repost kak semoga gusti Allah buka kan bobrok nya mereka semua di khalayak,2047887425230561446,,ibamarief,in,,0,0,0,https://x.com/undefined/status/2047887425230561446,1654041860946681861,
2047887239976480973,Sat Apr 25 03:55:49 +0000 2026,0,Ada pula sosok Kapolri Jenderal Listyo Sigit Prabowo yang secara konsisten membuktikan bahwa dirinya adalah tipe pemimpin yang lebih banyak bekerja ketimbang bersuara. Peningkatan citra dan kinerja Polri dapat dirasakan langsung dampaknya oleh masyarakat luas.,2047887279352647913,,Bergerakkru,in,,0,1,0,https://x.com/undefined/status/2047887279352647913,2039177124226150400,
2047887239976480973,Sat Apr 25 03:55:47 +0000 2026,0,Memang di awal pemerintahan Presiden Prabowo Subianto masih ada pekerjaan rumah di sana-sini. Namun objektivitas menuntut kita untuk melihat prestasi besar yang sedang dicetak ,2047887269307240476,,Bergerakkru,in,,0,1,0,https://x.com/undefined/status/2047887269307240476,2039177124226150400,
2047887239976480973,Sat Apr 25 03:55:40 +0000 2026,0,Pendekar Prabowo: Ketika Kerja Nyata Bersuara Lebih Nyaring #prabowosubianto #terimakasihpakbowo #jagaindonesia https://t.co/R0h9oTyGYg,2047887239976480973,,,in,,0,1,0,https://x.com/undefined/status/2047887239976480973,2039177124226150400,
1066186707081424897,Sat Apr 25 03:55:30 +0000 2026,0,@prabowo @VisionerUmkm Jejak di medsos justru menjadi sangat negatif jika beda dengan realisasi di lapangan.,2047887197798629662,,prabowo,in,,0,0,0,https://x.com/undefined/status/2047887197798629662,101113536,
2047875003052347703,Sat Apr 25 03:55:21 +0000 2026,0,@ibamarief @prabowo @ririecili Muncul ga sih mumpung ada kesempatan jdi pahlawan ni CEO MBG,2047887161543065819,,ibamarief,in,,0,0,0,https://x.com/undefined/status/2047887161543065819,1590396805241765888,
2047554880366350396,Sat Apr 25 03:55:03 +0000 2026,0,@ariefbudiawan7 @Menlu_RI @Kemlu_RI Yang penting loyal kepada Prabowo. Habis perkara.,2047887084766343619,,ariefbudiawan7,in,,0,0,0,https://x.com/undefined/status/2047887084766343619,548533702,
2047887028935901247,Sat Apr 25 03:54:50 +0000 2026,2,Padahal lagi nyindir Trump sama Prabowo lah kok yang nimbrung suporter bola ,2047887028935901247,,,in,,0,5,0,https://x.com/undefined/status/2047887028935901247,603637051,
2047875003052347703,Sat Apr 25 03:54:45 +0000 2026,0,@ibamarief @KoyanBtm @prabowo @ririecili Hak para koruptor terus membela diri tapi hukum zaman presiden pak @prabowo tegas tak pandang bulu.,2047887007872090265,,ibamarief,in,,0,0,0,https://x.com/undefined/status/2047887007872090265,1080067288764637185,
2047886930621370587,Sat Apr 25 03:54:26 +0000 2026,13,Boyolali Sarjo 50th penyandang disabilitas yg sehari2 memulung barang bekas serta berjualan pakaian bekas skrg terbantu program SEKOLAH RAKYAT anak2nya bisa bersekolah dan tinggal di asrama scr gratis.. Ane minta diperbanyak inih Sekolah Rakyat ini.. @prabowo @bang_dasco https://t.co/TGDfZ9tice,2047886930621370587,https://pbs.twimg.com/ext_tw_video_thumb/2047886892415451136/pu/img/7QQKZzY-Uqdz586-.jpg,,in,,0,0,9,https://x.com/undefined/status/2047886930621370587,55200751,
2047840306318786736,Sat Apr 25 03:54:04 +0000 2026,0,@msaid_didu Wajar kl @msaid_didu frustasi Ini gambarkan Prabowo ga tahu skala prioritas Usul SmartTV pdhl bnyk sekolah yg kondisinya msh memprihatinkan Dan sialnya lg dr menteri smp KaBIN lapor ke Teddy Jd jangankan rakyat dgn presiden Presiden dgn menteri sj tdk ada komunikasi,2047886834953507024,,msaid_didu,in,,0,0,0,https://x.com/undefined/status/2047886834953507024,1583798302692503558,
2047646643999383570,Sat Apr 25 03:53:57 +0000 2026,0,@MariaAlkaff_ @prabowo Innalillaahi wainna ilaihi roji'uun Allaahummaghfirlahu warhamhu wa'afihi wa'fuanhu wawasi'madkholahu wa akrim nuzulahu Aamiin yaa Robbal'aalamiin ,2047886809510863047,,MariaAlkaff_,in,,0,0,0,https://x.com/undefined/status/2047886809510863047,496629990,
2047865283994693845,Sat Apr 25 03:53:43 +0000 2026,0,@ferrykoto @prabowo Aji mumpung... Dipikir anggaran ratusan T nyempil dikit ga kelihatan..,2047886750874575185,,ferrykoto,in,,0,0,0,https://x.com/undefined/status/2047886750874575185,1870246581565616128,
2047875003052347703,Sat Apr 25 03:52:51 +0000 2026,1,@ibamarief @prabowo @ririecili Tetap semangat ya mbak. Kebenaran akan menemukan jalannya Amin ,2047886530921070828,,ibamarief,in,,0,0,0,https://x.com/undefined/status/2047886530921070828,2669430458,
2047578873047749080,Sat Apr 25 03:52:35 +0000 2026,0,@boahaya @bangherwin @prabowo Tapi kalo mundur repot juga... Masalahnya Gibran bang wakilnya ,2047886463732453704,,boahaya,in,,0,0,0,https://x.com/undefined/status/2047886463732453704,2023752219934552073,
2047886440735096985,Sat Apr 25 03:52:30 +0000 2026,0,Wok Prabowo temuan netizen https://t.co/2eS7KBvZlH,2047886440735096985,,,in,,0,0,0,https://x.com/undefined/status/2047886440735096985,2462313205,
2047875003052347703,Sat Apr 25 03:51:46 +0000 2026,0,@ibamarief @prabowo @ririecili Silahkan pak ceo MBG. Waktunya jadi pahlawan Pak ,2047886256466788510,,ibamarief,in,,0,0,0,https://x.com/undefined/status/2047886256466788510,747805630388277249,
2047257506293174310,Sat Apr 25 03:51:29 +0000 2026,0,@ruslimuhyidin1 @alvinlie21 @bank_indonesia @prabowo Cok lucu tenan siapa yang gak bangga liat bangsa sendiri maju berkembang contoh hal kecil liat perjuangan timnas berjuang buat pildun aja bangganya bukan main. Framing lu basi murahan Negara dengan koruptor yang tidak ditindak tegas emang negara korup. Suk ternak buzzer. ckck,2047886185704591415,,ruslimuhyidin1,in,,0,1,0,https://x.com/undefined/status/2047886185704591415,112644670,
2047455865842827313,Sat Apr 25 03:51:21 +0000 2026,0,@Piyusaja2 @prabowo Bener turun harga rupiah dimata orang asing ,2047886153299456283,,Piyusaja2,in,,0,0,0,https://x.com/undefined/status/2047886153299456283,2394238123,
2047886145586098652,Sat Apr 25 03:51:19 +0000 2026,1,soon si babi prabowo nyusul BUT ABSOLUTELY STRAIGHT TO HELL! https://t.co/VXfbiRXItZ,2047886145586098652,https://pbs.twimg.com/media/HGuNmFSaoAA173w.jpg,,en,,0,0,0,https://x.com/undefined/status/2047886145586098652,1918151421490544642,
2047875003052347703,Sat Apr 25 03:51:11 +0000 2026,0,@ibamarief @prabowo @ririecili @prabowo superwok bangun superwok,2047886111352242662,,ibamarief,in,,0,0,0,https://x.com/undefined/status/2047886111352242662,1425534220621910019,
2047881539766436216,Sat Apr 25 03:51:09 +0000 2026,0,@KangManto123 @BNI @DPR_RI @prabowo @riekediahp @Gerindra Nasabah dibikin resah.,2047886104939167789,,KangManto123,in,,0,0,0,https://x.com/undefined/status/2047886104939167789,1237012707481550848,
2047875003052347703,Sat Apr 25 03:51:09 +0000 2026,0,@ibamarief @prabowo @ririecili GK bkl d dnger https://t.co/kun0FxceBR,2047886103596978373,https://pbs.twimg.com/media/HGuNfTUaAAABv9J.jpg,ibamarief,in,,0,0,0,https://x.com/undefined/status/2047886103596978373,1422070215735611392,
2047476709965152377,Sat Apr 25 03:50:30 +0000 2026,1,@KaZep7 Ya gak nyambung dodol JK juga bukan ketum partai th 2012 itu. JK ketum partai golkar periode 2004 2009. Malah saat pilpres 2014 - dia pasangan dg jokowi partainya dukung Prabowo Hatta. Jadi ternak jokowi memang mesti guoblok sih ya.,2047885938580418670,,KaZep7,in,,0,0,0,https://x.com/undefined/status/2047885938580418670,1841208105826467840,
2047843343712002124,Sat Apr 25 03:49:41 +0000 2026,0,@Bambangmulyonoo @prabowo Tuk 1$ hrs ngumpulin sekarung rupiah.tak berharga bngt.,2047885732988215715,,Bambangmulyonoo,in,,0,0,0,https://x.com/undefined/status/2047885732988215715,954537112086372352,
2047843343712002124,Sat Apr 25 03:49:19 +0000 2026,0,@Bambangmulyonoo @prabowo Terlalu banyak janji rakyat tidak makan janji tapi nasi.,2047885641921462541,,Bambangmulyonoo,in,,0,0,0,https://x.com/undefined/status/2047885641921462541,1432880079843987459,
2047871045265477785,Sat Apr 25 03:48:34 +0000 2026,1,@Dpram_Back @prabowo @are_inismyname @florieliciouss @BANGSAygSUJUD @99propaganda @Kimberley_PS08 @IrawanRommi @DarekaRendy @pancasila1708 Bnyk bro,2047885454461247900,,Dpram_Back,in,,0,0,0,https://x.com/undefined/status/2047885454461247900,1289954556411969537,
2047880989620502981,Sat Apr 25 03:48:24 +0000 2026,1,@Anak__Ogi @B3doel___ @prabowo Yg sibuk fitnah sana sini ujannya kaum elo,2047885409695432923,,Anak__Ogi,in,,0,1,0,https://x.com/undefined/status/2047885409695432923,1677380894,
2047875003052347703,Sat Apr 25 03:48:21 +0000 2026,0,@ibamarief @prabowo Pak @prabowo coba ini dibaca pak ,2047885397146153329,,ibamarief,in,,0,0,0,https://x.com/undefined/status/2047885397146153329,77536519,
2047181318589735406,Sat Apr 25 03:43:09 +0000 2026,1,@SaktiKH @BosPurwa @_Jalan_Pejuang_ @prabowo @setkabgoid @Gerindra @bang_dasco @habiburokhman @Dahnilanzar Salah lagi.... seperti trump yang memang idiot yang goblok adalah maga pemilihnya. Sama halnya disini 02 (dan menyusul 01 krn sebenarnya 1 dna) tanpa mereka wowo cs cuman seonggok pecatan yg kabur jadi antek jordan. Tapi ini adalah demokrasi loreng. Beginilah konoha beriman,2047884091325096382,,SaktiKH,in,,0,0,0,https://x.com/undefined/status/2047884091325096382,2011325560707039238,
2047884069854441664,Sat Apr 25 03:43:04 +0000 2026,0,Entahlah kenapa Pak @prabowo masih mempertahankan beliau. Rapat daring Rapat online berkualitas membutuhkan kamera mikrofon pencahayaan dan laptop yang mumpuni agar komunikasi lancar. Tapi lisensi Zoom meeting kok jd semahal itu?! 5M?! Seriusan gaes?!,2047884069854441664,,,in,,0,0,0,https://x.com/undefined/status/2047884069854441664,2556873745,
2047518618309779694,Sat Apr 25 03:42:59 +0000 2026,0,@PngAdilnR4kyt @secr3thm4nz56 Kasihan Prabowo ya. Kok mau2nya belain orang sejahat itu. Padahal sebagai presiden kekuasaannya mutlak! Apalagi untuk mengadili kawan dekat berijazah palsu dan sangat banyak masalah untuk negeri kita ini.,2047884049382019351,,PngAdilnR4kyt,in,,0,0,0,https://x.com/undefined/status/2047884049382019351,2008475177072644096,
2047880989620502981,Sat Apr 25 03:42:53 +0000 2026,2,@Anak__Ogi @prabowo Betul! Polanya kebaca: setelah gaduh soal ijazah sekarang 'Termul' coba adu domba umat Kristen dengan Pak JK. Ini jahat banget.,2047884021565386862,,Anak__Ogi,in,,0,0,0,https://x.com/undefined/status/2047884021565386862,2695463725,
2047883975956594986,Sat Apr 25 03:42:42 +0000 2026,0,@prabowo adl yg gw dukung di 2014 dan 2019. Pascabowo @Gerindra @bang_dasco @andre_rosiade adl pemuja garis keras jokowkwkwk #FufufafaBencanaNasional,2047883975956594986,,prabowo,in,,0,0,0,https://x.com/undefined/status/2047883975956594986,1617060345528610816,
2047883947804381549,Sat Apr 25 03:42:35 +0000 2026,0,Presiden Prabowo Subianto memanggil Kapolri Jenderal Polisi Listyo Sigit Prabowo di kediaman Hambalang Jumat 24 April 2026. Dalam pertemuan sekitar 1 jam tersebut dibahas beberapa hal terkait keamanan nasional dan kondisi umum situasi nasional di berbagai sektor strategis. https://t.co/TvuPoKiKgs,2047883947804381549,https://pbs.twimg.com/media/HGuLl-VbMAAEUVc.jpg,,in,,0,0,0,https://x.com/undefined/status/2047883947804381549,1575665909934731264,
2047843343712002124,Sat Apr 25 03:42:31 +0000 2026,1,@Bambangmulyonoo @prabowo 3 periode tah..? Mang sampe,2047883931903737991,,Bambangmulyonoo,in,,0,0,0,https://x.com/undefined/status/2047883931903737991,1175107701304483840,
2047883882247475618,Sat Apr 25 03:42:20 +0000 2026,0,Mohon perhatiannya Mr. President @prabowo,2047883882247475618,,,in,,0,0,0,https://x.com/undefined/status/2047883882247475618,257766411,
2047269262214172961,Sat Apr 25 03:41:39 +0000 2026,0,@tempodotco Dia dulu yang bilang kalo Prabowo kepilih gaji guru honorer minimal 2 juta kan? Bacot anjing!,2047883712210370595,,tempodotco,in,,0,0,0,https://x.com/undefined/status/2047883712210370595,74329782,
2047883694187454858,Sat Apr 25 03:41:39 +0000 2026,0,Ini merupakan kali kedua Rosan menghadap Prabowo dalam sepekan. Sebelumnya pada Selasa 21 April 2026 yang lalu Rosan juga menghadap Prabowo di Istana Kepresidenan Jakarta Pusat. Kala itu dia melaporkan realisasi investasi kepada Prabowo.,2047883710893314500,,golbachgoals,in,,0,1,0,https://x.com/undefined/status/2047883710893314500,909824927695589376,
2047883694187454858,Sat Apr 25 03:41:36 +0000 2026,0, Terima kasih Bapak Presiden @prabowo atas arahan terkait percepatan hilirisasi dan penguatan program prioritas Danantara hari ini di Hambalang ujar Rosan dikutip dari unggahan di Instagram resmi @roslanroeslani Jumat (24/4/2026).,2047883701342900437,,golbachgoals,in,,0,1,0,https://x.com/undefined/status/2047883701342900437,909824927695589376,
2047883694187454858,Sat Apr 25 03:41:36 +0000 2026,0,Dalam pertemuan itu pria yang juga merupakan CEO BPI Danantara itu mendapatkan arahan dari Prabowo soal percepatan hilirisasi dan penguatan pada sejumlah program prioritas yang tengah dijalankan Danantara.,2047883699069559046,,golbachgoals,in,,0,1,0,https://x.com/undefined/status/2047883699069559046,909824927695589376,
2047883694187454858,Sat Apr 25 03:41:35 +0000 2026,0,Menteri Investasi dan Hilirisasi/Kepala BKPM Rosan Roeslani menghadap Presiden Prabowo Subianto di kediaman pribadinya Hambalang Bogor Jawa Barat hari ini.,2047883696745926662,,golbachgoals,in,,0,1,0,https://x.com/undefined/status/2047883696745926662,909824927695589376,
2047883694187454858,Sat Apr 25 03:41:35 +0000 2026,0,Di Hambalang Prabowo Kasih Arahan Khusus Soal Hilirisasi ke Rosan #prabowosubianto #terimakasihpakbowo #jagaindonesia https://t.co/rRqRDW0lQi,2047883694187454858,,,in,,0,1,0,https://x.com/undefined/status/2047883694187454858,909824927695589376,
2047487030360490398,Sat Apr 25 03:41:07 +0000 2026,0,@regar_op0sisi @prabowo Program unfaedah ujungnya cuma 2 kemakan jadi tai atw keracunan masuk RS,2047883579330572465,,regar_op0sisi,in,,0,0,0,https://x.com/undefined/status/2047883579330572465,1868548958194462720,
2047883528063566006,Sat Apr 25 03:40:55 +0000 2026,0,Yearite handsome ini mah suami bule yang mau dibotakin istrinya kalo Prabowo menang,2047883528063566006,,,in,,0,0,0,https://x.com/undefined/status/2047883528063566006,41805384,
2047656648345637116,Sat Apr 25 03:40:53 +0000 2026,0,@rumiiihere Prabowo,2047883518789992951,,rumiiihere,pl,,0,0,0,https://x.com/undefined/status/2047883518789992951,1842556113692319744,
2047455865842827313,Sat Apr 25 03:40:43 +0000 2026,0,@Piyusaja2 @prabowo Gue perhatiin sama poto yg sok2 imut yg lagi viral belakangan ini dia menggendut bgt ya dari abis pelantikan,2047883478197543290,,Piyusaja2,in,,0,0,0,https://x.com/undefined/status/2047883478197543290,1475101732803805184,
2047843343712002124,Sat Apr 25 03:40:34 +0000 2026,1,@Bambangmulyonoo @prabowo Kebanyakan ngehalu,2047883441165975842,,Bambangmulyonoo,in,,0,0,0,https://x.com/undefined/status/2047883441165975842,1648768349944557568,
2047622365555601486,Sat Apr 25 03:40:33 +0000 2026,0,@UNIFIL_ Baca lagi tuk @prabowo,2047883436652908854,,UNIFIL_,in,,0,0,0,https://x.com/undefined/status/2047883436652908854,437083010,
2047895919681523807,Sat Apr 25 04:30:09 +0000 2026,0,Iran dakwa sebahagian besar peluru berpandunya belum digunakan dalam perang dengan AS #BHdunia Jurucakap Kementerian Pertahanan Iran mendakwa tentera negara itu mengekalkan kelebihan sepanjang konflik dengan AS. https://t.co/oLt16S0Ak7,2047895919681523807,,,in,,0,0,0,https://x.com/undefined/status/2047895919681523807,63070483,
2047895749632143688,Sat Apr 25 04:29:29 +0000 2026,0,Laporan medis Netanyahu menyebutkan bahwa penjahat perang itu menjalani terapi radiasi untuk kanker prostat stadium awal. @AJEnglish @sahabatalaqsha https://t.co/Bd0ILh5ioq,2047895749632143688,https://pbs.twimg.com/media/HGuWVEba0AAh3xI.jpg,,in,,0,0,0,https://x.com/undefined/status/2047895749632143688,57783490,
2047676769302397308,Sat Apr 25 04:28:59 +0000 2026,0,@yappingfess Ga ngerti kenapa akun cenblu malah bikin perang gender gini. Itu awalnya mas yg korban ngomong sini lo turun ke si boti makanya si mba juga teriak nyuruh keluar kebetulan videonya mengarah ke korban kesannya nyuruh korban keluar aslinya emang 2 2 nya diminta keluar.,2047895625564647772,,yappingfess,in,,0,0,0,https://x.com/undefined/status/2047895625564647772,1619796445355446272,
2047895583319589217,Sat Apr 25 04:28:49 +0000 2026,0,Warga di Khan Yunis telah membuka kembali pusat kebugaran yang sebagian hancur akibat perang memperbaiki peralatan yang rusak untuk menciptakan ruang latihan sederhana. Pemilik pusat kebugaran mengatakan keputusan untuk membangun kembali didorong oleh kebutuhan daripada https://t.co/lZKkUPfF7k,2047895583319589217,https://pbs.twimg.com/amplify_video_thumb/2047895513585045504/img/xfkDw1cN2ytsj_b1.jpg,,in,,0,0,0,https://x.com/undefined/status/2047895583319589217,57783490,
2047861567669346619,Sat Apr 25 04:28:18 +0000 2026,0,@afrkml Kalo gua biarin terjadi biar perang ame rakyatnya jelas2 Sumatra masyarkaatnye udah putus asa sama indo biar makin chaoss era kebodohan presiden terburuk sepanjang sejarah ,2047895451010220266,,afrkml,in,,0,0,0,https://x.com/undefined/status/2047895451010220266,1705252492542627840,
2047895336866509223,Sat Apr 25 04:27:51 +0000 2026,0,Gaza kembali merayakan pesta pernikahan massal Thaub Al-Farah 2 (pakaian kebahagiaan) pada Jumat (24-4-2026) yang melibatkan 300 pengantin pria dan wanita mengembalikan suasana kebahagiaan bagi warga Gaza meski di tengah duka kesulitan dan kehancuran perang. @palpostN https://t.co/bvQMVMNLil,2047895336866509223,https://pbs.twimg.com/amplify_video_thumb/2047895261004156928/img/BEFBWj7Ud189imBO.jpg,,in,,0,0,0,https://x.com/undefined/status/2047895336866509223,57783490,
2047895008661901632,Sat Apr 25 04:26:32 +0000 2026,0,terlalu iconic di iwo jima makanya dicasting terus buat setting perang ,2047895008661901632,,,in,,0,0,0,https://x.com/undefined/status/2047895008661901632,1698637007134879744,
2040930428744589316,Sat Apr 25 04:23:43 +0000 2026,0,@bachrum_achmadi Lalu di jawab kakak MBS tunjukkan ijazahmu pasti perang selesai ,2047894297475981623,,bachrum_achmadi,in,,0,0,0,https://x.com/undefined/status/2047894297475981623,1926255262387539968,
2047873609847521762,Sat Apr 25 04:20:58 +0000 2026,0,@officialMKRI Ini termasuk sewenang-wenang kapal PERANG AS di belawan kesewenang-wenangan presiden menjual kedaulatan Laut ke AS @prabowo @Gerindra @KemensetnegRI https://t.co/rTIs9zZBBZ,2047893605625581635,https://pbs.twimg.com/media/HGuUYcFbkAA1mdm.jpg,officialMKRI,in,,0,0,0,https://x.com/undefined/status/2047893605625581635,1587924393002291201,
2047547512631034031,Sat Apr 25 04:20:37 +0000 2026,0,@Fahmi_RW @LambeSahamjja LCS udah dikuasai China kalau selat Malaka diserahkan ke Amrik ya bakal perang,2047893518421783038,,Fahmi_RW,in,,0,0,0,https://x.com/undefined/status/2047893518421783038,1135526713,
2047893501107634280,Sat Apr 25 04:20:33 +0000 2026,1,Perang terosss,2047893501107634280,,,in,,0,0,0,https://x.com/undefined/status/2047893501107634280,852460193346592769,
2047651541499457685,Sat Apr 25 04:20:33 +0000 2026,0,@jawir_solo @Opposite6888 Berdasarkan mandat PBB Blue Zone tetap berlaku tetapi fungsi perlindungannya hilang saat perang terjadi. Wilayah tsb berbahaya bagi UNIFIL maupun warga lokal. Logisnya kita bisa menarik pasukan dari blue zone. Kalo gak ditarik korban prajurit kita akan terus berjatuhan.,2047893501023813720,,jawir_solo,in,,0,0,0,https://x.com/undefined/status/2047893501023813720,325599485,
2047883943266177475,Sat Apr 25 04:20:13 +0000 2026,0,@stellajawaa selamat beristirahat habis perang mou,2047893415996936200,,stellajawaa,in,,0,0,0,https://x.com/undefined/status/2047893415996936200,1652685628323274752,
2047893272266510621,Sat Apr 25 04:19:38 +0000 2026,0,Perang sedang terjadi. Krisis energi banyak melanda negara luar. Ketersediaan migas dlm negara aman krn Presiden punya hubungan baik dg banyak negara. Pantas Anak Wabah susah sembuh nya dari hipnotis. Karena pentolan Anak Wabah bersama kaum pecatan terus framing membodohi. https://t.co/14mmz5F1NZ,2047893272266510621,https://pbs.twimg.com/media/HGuUE2baAAAYHZL.jpg,,in,,0,0,0,https://x.com/undefined/status/2047893272266510621,1348987504985133057,
2047888356873253270,Sat Apr 25 04:17:38 +0000 2026,0,@tanyakanrl Udah turun sih sekarang sebelum perang meletus bahkan lebih dari 3jt tu antam,2047892768572461378,,tanyakanrl,in,,0,0,0,https://x.com/undefined/status/2047892768572461378,213182792,
2047892229407334432,Sat Apr 25 04:15:30 +0000 2026,0,Mungkin memang warga +62 tidak terlalu mengerti tentang perang saudara perang pasifik yang paling mengerikan berada di dekat negeri ini perang Bougainville dan pernah ada mereka para BRA.,2047892229407334432,,,in,,1,0,0,https://x.com/undefined/status/2047892229407334432,1434185199907082243,
2047872544615899605,Sat Apr 25 04:14:58 +0000 2026,0,@jnemin dah siap perang....,2047892096036778175,,jnemin,in,,0,0,0,https://x.com/undefined/status/2047892096036778175,1958590550,
2046878329358438903,Sat Apr 25 04:14:31 +0000 2026,0,@Tita83079013 @Pak_JK perang agama ajalah blum tentu masuk surga smua aja ribet amat smua agama benar dan akan masuk surga menurut pengikutnya sdh beribut aja terus kayak persija sma persib wasitnya mui,2047891984074117263,,Tita83079013,in,,0,0,0,https://x.com/undefined/status/2047891984074117263,1595429167671443456,
2047891645199524132,Sat Apr 25 04:13:10 +0000 2026,1,Iran dakwa sebahagian besar keupayaan peluru berpandunya 'belum digunakan' dalam perang dengan AS #SHGlobal Jeneral Reza Talaei-Nik berkata sebahagian besar keupayaan peluru berpandu Iran masih belum digunakan #SinarHarian #global #perang #Iran #AS #Israel,2047891645199524132,,,in,,0,1,0,https://x.com/undefined/status/2047891645199524132,331383958,
2047891091152834996,Sat Apr 25 04:10:58 +0000 2026,0,#BBCA sudah dari desember 2025 sebelum ada perang blablabla... saya sudah ingatkan di posisi ini.. #indonesia sekarang dengarkan dan follow akun saya saya kasih insight yang belum orang pernah kasih... https://t.co/BUkKJaPGoX,2047891091152834996,https://pbs.twimg.com/media/HGuR7lSbQAAoMqR.jpg,,in,,0,0,0,https://x.com/undefined/status/2047891091152834996,1487377222063505412,
2047835968892543301,Sat Apr 25 03:47:32 +0000 2026,1,@bachrum_achmadi MENHAN KONOHA KEMANA . . KAPAL PERANG ITU LEWAT SUDAH BAYAR KARCIS MASUK KAH .. KONOHA KAN DI KENAL SBG NEGRI SARANG PENYAMUN ADA DUIT URUSAN LANCAR https://t.co/9PUdbyzgmG,2047885193495843057,https://pbs.twimg.com/media/HGuMuuraAAA9h4r.png,bachrum_achmadi,in,,0,0,0,https://x.com/undefined/status/2047885193495843057,1571081398102142978,
2047885145445917001,Sat Apr 25 03:47:21 +0000 2026,0,genosida umat Islam dan yahudi di Andalusia tahun 1300-an sampai 1500-an mgk sekitar 2 jutaan Umat Muslim terbunuh oleh Katolik. Inkuisisi berdarah yang diajarkan Injil Perang salib pertama dipicu Paus Urbanus II pada 27 Nov 1095.Banyak Muslim terbunuh belum perang timur tengah,2047885145445917001,,,in,,0,0,0,https://x.com/undefined/status/2047885145445917001,1692932182418001920,
2047818833696866619,Sat Apr 25 03:47:14 +0000 2026,0,@kopikirpikir genosida umat Islam dan yahudi di Andalusia tahun 1300-an sampai 1500-an mgk sekitar 2 jutaan Umat Muslim terbunuh oleh Katolik. Inkuisisi berdarah yang diajarkan Injil Perang salib pertama dipicu Paus Urbanus II pada 27 Nov 1095.Banyak Muslim terbunuh belum perang timur tengah,2047885117792936300,,kopikirpikir,in,,0,0,0,https://x.com/undefined/status/2047885117792936300,1692932182418001920,
2047583166786093102,Sat Apr 25 03:47:14 +0000 2026,0,pembebasan termasuk perang di jalan Allah ). Terjemahan fitnah sebagai penindasan dibenarkan karena istilah ini digunakan untuk semua bentuk gangguan yang dapat menyesatkan manusia dan membuatnya kehilangan nilai-nilai spiritual (Lisan al- Arab). ¹⁶⁹. Rujukan pada,2047885116333244896,,roelsmajor,in,,0,0,0,https://x.com/undefined/status/2047885116333244896,37617749,
2047884150288650355,Sat Apr 25 03:43:23 +0000 2026,0,vote di mnet+ berasa perang ajg ,2047884150288650355,,,in,,0,0,0,https://x.com/undefined/status/2047884150288650355,2016332350611980288,
2047884113349337154,Sat Apr 25 03:43:15 +0000 2026,0,Kenapa kalo pas tidur siang mimpinya tuh aneh-aneh kalo gak kematian perang dan bencana,2047884113349337154,,,in,,0,0,0,https://x.com/undefined/status/2047884113349337154,844356012849094656,
2047576568307056702,Sat Apr 25 03:42:35 +0000 2026,0,@LambeSahamjja Mending semua pejabat kirim ke gaza aja biar ngrasain perang... negara biar rakuat aja yg kelola...,2047883946726511075,,LambeSahamjja,in,,0,0,0,https://x.com/undefined/status/2047883946726511075,2007074285064708096,
2047883429170348285,Sat Apr 25 03:40:32 +0000 2026,0,Iran udah loyo ukhti akhi. klo masih punya stock duit &amp; senjata ngapain presidennya ngemis² ke garda revolusi minta perang berhenti. ,2047883429170348285,,,in,,0,0,0,https://x.com/undefined/status/2047883429170348285,1299521463150542849,
2047883415668793407,Sat Apr 25 03:40:29 +0000 2026,0,ㅤ 𝑷͟𝑬͟𝑵͟𝑨͟𝑭͟𝑰͟𝑨͟𝑵. Kisah ini memiliki latar belakang Perang Dunia II. Namun dialog dan beberapa peristiwa adalah fiksi dan karakter terkait hanyalah sebagai pendukung cerita. Setiap kesamaan dengan individu yang hidup atau yang telah tiada adalah kebetulan semata. ㅤ,2047883419166904712,,Araeths,in,,0,1,1,https://x.com/undefined/status/2047883419166904712,1250395753719058433,
2047883274203406841,Sat Apr 25 03:39:55 +0000 2026,0,Rakyat Palestin mengundi dalam Pilihan Raya Perbandaran pertama sejak perang Gaza #BHdunia Pilihan raya itu berlangsung dalam keadaan pilihan calon yang terhad dan ramai rakyat dilihat kecewa dengan situasi semasa. https://t.co/V9Ijn4jtmZ,2047883274203406841,,,in,,0,0,0,https://x.com/undefined/status/2047883274203406841,63070483,
2047859688088465585,Sat Apr 25 03:39:14 +0000 2026,1,@ShandiYV1 @kamto_adi @Ardaffaf SG ga bisa bikin senjata sendiri. Indonesia bisa bikin kapal perang nanti KAAN PT PAL dan PT DI udah matang. Coba lihat UAE dan negara teluk punya manan canggih barat cuma buat pajangan untuk dihantam rudal buatan Iran. Kita bisa upgrade roket RX jadi rudal balistik btw,2047883104904499626,,ShandiYV1,in,,0,1,0,https://x.com/undefined/status/2047883104904499626,1933751166581813248,
2047659368800546875,Sat Apr 25 03:39:02 +0000 2026,0,@flawlescia @mukaikhlas Jd kemaren perang yg menang siapa ya dej,2047883053473952022,,flawlescia,in,,0,0,0,https://x.com/undefined/status/2047883053473952022,1966621470,
2047704633506934994,Sat Apr 25 03:38:33 +0000 2026,0,@DionisiusEG @amdthr @kingfish24601 Pemberontakan tentu ada seperti pada Perang Tondano I dan Perang Tondano II tetapi Minahasa cepat dinetralisir karena adanya juga conflicts of interest antara para ukung maupun antara para sub-suku.,2047882930329162177,,jasonhokalos,in,,0,0,0,https://x.com/undefined/status/2047882930329162177,1160130366268563456,
2047634220454138004,Sat Apr 25 03:37:51 +0000 2026,0,@ohifishe okeee aku sama igoy tungguin kamu di medan perang.,2047882756366217690,,ohifishe,in,,0,1,0,https://x.com/undefined/status/2047882756366217690,1733509363405611008,
2047882656445333800,Sat Apr 25 03:37:27 +0000 2026,0,Diplomasi Gagal Perang Sampai Kapan? https://t.co/ns981QsnHB via @YouTube,2047882656445333800,,,in,,0,0,0,https://x.com/undefined/status/2047882656445333800,1811937153141886976,
2047881418160951383,Sat Apr 25 03:32:32 +0000 2026,0,ini kok gak nyambung ya. kalian ini yang apa2 dikaitkan jadi perang gender apa ga pernah bersosialiasasi sih? kayak orang yang tau hidup dalam sosmed doang. kayak kaitan hidup ga ada pertimbangan lain misalnya faktor ekonomi kek semua nyambungnya ke gender. astagaaa gusti.,2047881418160951383,,,in,,0,0,0,https://x.com/undefined/status/2047881418160951383,1172674784687034368,
2045103024637677835,Sat Apr 25 03:31:06 +0000 2026,0,@saranghaexol itu cm kek tes fisik doang bjir kek anggaplah olahraga bukan kek perang mau masuk tni wkwkwk,2047881055320015312,,saranghaexol,in,,0,0,0,https://x.com/undefined/status/2047881055320015312,1443154229212811270,
2047881049779425308,Sat Apr 25 03:31:04 +0000 2026,1,GUYS ini bukan drama biasa. Ini perang dalam di Kemenkeu yang bikin negeri kita sakit beneran Bocoran kas negara cuma 3 minggu 40 perusahaan China under-invoicing + diduga ada oknum dalam yang lindungin Menteri tanda tangan e-sign kebijakan yang dia sendiri baru tau,2047881049779425308,,,in,,0,1,0,https://x.com/undefined/status/2047881049779425308,2046927678708830208,
2047871130053280079,Sat Apr 25 03:31:04 +0000 2026,0,@dwsptqum Mau cimol kak soalny kmren bkin sendiri meledak² berasa lagi perang ,2047881049284530580,,dwsptqum,in,,0,0,0,https://x.com/undefined/status/2047881049284530580,1664878992191819778,
2047880905281405020,Sat Apr 25 03:30:30 +0000 2026,0,TNI menggelar latihan operasi gabungan (Latopslagab) di perairan Karimun Jawa dengan melibatkan kekuatan besar dari matra laut dan udara. Sebanyak 20 Kapal Perang Republik Indonesia (KRI) dan jet tempur F-16 dikerahkan dalam skenario tempur modern. Dalam latihan ini TNI https://t.co/SPEdLW4xsA,2047880905281405020,https://pbs.twimg.com/media/HGt3b8Sa0AAhVWS.jpg,,in,,0,0,0,https://x.com/undefined/status/2047880905281405020,231355136,
2047872225597083710,Sat Apr 25 02:56:00 +0000 2026,1,Mungkin Amerika Serikat sudah mengantisipasi untuk mengawasi 3.000 kontainer milik Iran yang akan dikirim via darat dari Pakistan yang diduga berisi amunisi perang/militer. Blokade laut udara darat oleh Amerika terhadap Iran akan membuat Iran menyerah.,2047872225597083710,,,in,,0,0,0,https://x.com/undefined/status/2047872225597083710,1207405438586671108,
2047552707830128902,Sat Apr 25 02:54:22 +0000 2026,0,@neVerAl0nely___ Salah siapa? Ya rasanya salah kokowi kaka. Wong perang iran vs us juga salah kokowi.,2047871811606790341,,neVerAl0nely___,in,,0,0,0,https://x.com/undefined/status/2047871811606790341,1330309973960757250,
2047700190719856985,Sat Apr 25 02:54:10 +0000 2026,0,@joozklain @anisltva @sosmedkeras Iya bang benar emang lbh oke afgan kok dr indonesia di afgan mah cwokk cwoknya jd taliban perang mati sahid di indonesia mah rebahan main x yaping di afgan mah perang laki banget disini cewek mah wara wiri ke mall kmnamna di afgan mah di atur bang pokoknya mah enak di afgan,2047871763388956958,,joozklain,in,,0,0,0,https://x.com/undefined/status/2047871763388956958,1947870135244754946,
2047871635026571705,Sat Apr 25 02:53:40 +0000 2026,0,Minyak g naik banyak karena perang setelah itu banyak pabrik yang meledak dalam bulan ini sebuah kebetulan wow jika anda berfikir itu sebuah kebetulan anda sangat luar biasa jadi kita akan dipaksa lockdown part 2 akibat krisis minyak,2047871635026571705,,,in,,0,0,0,https://x.com/undefined/status/2047871635026571705,1779960837320667136,
2047871535713857894,Sat Apr 25 02:53:16 +0000 2026,0,Di Jakarta saat fajar Wakil Duta Besar 🇦🇺 Gita Kamath bergabung dengan anggota angkatan bersenjata 🇦🇺 🇳🇿 &amp; 🇮🇩 untuk upacara #AnzacDay memperingati personel militer 🇦🇺 &amp; 🇳🇿 yang telah bertugas di masa damai dan perang. #LestWeForget. https://t.co/T3wuL7hOvq,2047871535713857894,https://pbs.twimg.com/media/HGuATXqbAAEQxY-.jpg,,in,,0,0,0,https://x.com/undefined/status/2047871535713857894,284397640,
2047871363906675079,Sat Apr 25 02:52:35 +0000 2026,0,di twitter lg gemes2an di ig kyknya bentar lg bakal ada perang,2047871363906675079,,,in,,0,0,0,https://x.com/undefined/status/2047871363906675079,1938239345879830529,
2047357135441563788,Sat Apr 25 02:52:20 +0000 2026,0,@pelti_nih asik mulai pada perang sendiri2 ,2047871301025681507,,pelti_nih,in,,0,0,0,https://x.com/undefined/status/2047871301025681507,1480215441922428928,
2047871208310681832,Sat Apr 25 02:51:58 +0000 2026,0,Di Jakarta saat fajar Wakil Duta Besar 🇦🇺 Gita Kamath bergabung dengan anggota angkatan bersenjata 🇦🇺 🇳🇿 &amp; 🇮🇩 untuk upacara #AnzacDay memperingati personel militer 🇦🇺 &amp; 🇳🇿 yang telah bertugas di masa damai dan perang. #LestWeForget. https://t.co/rQY077hrmQ,2047871208310681832,https://pbs.twimg.com/media/HGuAAUAa8AAPT4K.jpg,,in,,0,0,0,https://x.com/undefined/status/2047871208310681832,284397640,
2047868122947006642,Sat Apr 25 02:49:38 +0000 2026,0,@inong911 @kompascom Tapi dia PM yg paling banyak perang. Netanyahu+Trump itu kombinasi yg mematikan,2047870621858791739,,inong911,in,,0,0,0,https://x.com/undefined/status/2047870621858791739,186764928,
2047844289271697478,Sat Apr 25 02:45:32 +0000 2026,1,@indepenSumatera Loh dia jauh lebih munafik lho Menaikan harga ehem alih alih perang,2047869589917434311,,indepenSumatera,in,,0,0,0,https://x.com/undefined/status/2047869589917434311,1661128122367102976,
2047632787205927265,Sat Apr 25 02:44:39 +0000 2026,0,@wheresurlicense Iyaa aku semangat sambil ga sabar gesa perang sama efendi,2047869366021378170,,wheresurlicense,in,,0,0,0,https://x.com/undefined/status/2047869366021378170,1573294530170081280,
2047868930451194022,Sat Apr 25 02:42:55 +0000 2026,0,● TRUMP Mungkin Akan Menanggung Konsekuensi Lebih Besar Dalam Perang Dengan Iran Menurut Senator Chris Murphy Penolakan Trump Untuk Mengakhiri Perang Akan Memperkuat Kendali Iran Atas Selat Hormuz dan Mempertahankan Harga Energi. https://t.co/FBB5aHxqrG,2047868930451194022,https://pbs.twimg.com/media/HGt9ojoa8AEkZ_G.jpg,,in,,0,0,0,https://x.com/undefined/status/2047868930451194022,1662379701476941826,
2047868598123938074,Sat Apr 25 02:41:36 +0000 2026,0,Pak Pur bisa bicara apa saja tentang ekonomi. Tetapi ia hanya tidak mampu menjaga kurs rupiah. Lalu perang Asia Barat dijadikan alasan padahal negeri jiran mata uangnya kokoh. Ayo Pak beresi kemelut!,2047868598123938074,,,in,,0,0,0,https://x.com/undefined/status/2047868598123938074,138331907,
2047866847983505837,Sat Apr 25 02:40:48 +0000 2026,0,@nukiyamada Waktu bangun berasa lagi di zona perang mungkin saya masih trauma,2047868400811274667,,nukiyamada,in,,0,1,0,https://x.com/undefined/status/2047868400811274667,1829302965733294080,
2047868351649878446,Sat Apr 25 02:40:37 +0000 2026,0,Lokasi persembunyian pejabat Israel selama perang berlangsung.,2047868351649878446,,,in,,0,0,0,https://x.com/undefined/status/2047868351649878446,1643202276151164929,
2047612812285915426,Sat Apr 25 02:37:53 +0000 2026,0,@temandekatmuuu @tanyarlfes Hahaha bayangin aldi taher masuk ke dunia naruto kykny pas perang dia bakal bilang kyk gitu deh,2047867666707484712,,temandekatmuuu,in,,0,0,0,https://x.com/undefined/status/2047867666707484712,1987559048208871424,
2047683977335771326,Sat Apr 25 02:36:54 +0000 2026,1,@tyastarry Pasti itu lagi perang batin ma logika otak. Isinya ini klo ku pegang tangannya boleh ga si? Ini kalo ku cium brutal aman kan ya? ,2047867418538836018,,tyastarry,in,,0,0,0,https://x.com/undefined/status/2047867418538836018,1185417799725830144,
2047867022965686536,Sat Apr 25 02:35:20 +0000 2026,0,https://t.co/CBVooWZGjH Kelakuan penjahat terkutuk musuh manusia waras sedunia. Gara2 pembunuh ini perang dunia 3 bisa terjadi. Lucu dan gilanya ada saja buzzers pendukungnya yg gila dan goblok setengah mati.,2047867022965686536,,,in,,0,0,0,https://x.com/undefined/status/2047867022965686536,385675988,
2047867008759554526,Sat Apr 25 02:35:17 +0000 2026,0,Ini nenek dulu sebelum perang dunia ke 3,2047867008759554526,,,in,,0,0,0,https://x.com/undefined/status/2047867008759554526,823824858521866240,
2047866957664559107,Sat Apr 25 02:35:04 +0000 2026,0,Di masa depan film dokumenter mengenai kegilaan Amerika Serikat dan Israel dalam perang Iran akan sangat epik.,2047866957664559107,,,in,,0,0,0,https://x.com/undefined/status/2047866957664559107,66110951,
2047866873342276071,Sat Apr 25 02:34:44 +0000 2026,10,Itulah sebabnya dia begitu bengis dan gemar melakukan pembantaian terhadap warga Palestina intinya semua ini hanya pelampiasan akibat sakit yang selama ini dirasakannya. Kendati demikian saat perang berlangsung dia lebih memilih untuk bersembunyi ke dalam bunker yang terletak https://t.co/9ZDxNLnUms,2047866873342276071,https://pbs.twimg.com/media/HGt8EC2aYAIcqju.jpg,,in,,1,4,10,https://x.com/undefined/status/2047866873342276071,1376458830175870976,
2047866375126102260,Sat Apr 25 02:32:46 +0000 2026,0,Indonesia Kutuk Keras Israel atas Gugurnya Praka Rico Pramudia Anggap sebagai Kejahatan Perang https://t.co/15vXp9VxST,2047866375126102260,,,in,,0,0,0,https://x.com/undefined/status/2047866375126102260,1892110442090332162,
2047831710189211901,Sat Apr 25 02:31:03 +0000 2026,2,@PecintaSejarah2 Dampaknya sangat mengerikan klo Raksasa Nuklir Dunia sampai perang https://t.co/ZE1Z5RN2Wh,2047865943972573644,https://pbs.twimg.com/tweet_video_thumb/HGt7Nw5bgAARxZZ.jpg,PecintaSejarah2,in,,0,0,0,https://x.com/undefined/status/2047865943972573644,1929113158624714752,
2047865550584590806,Sat Apr 25 02:29:29 +0000 2026,4,Breaking !! Penumpukan terbesar Armada Perang AS sejak Perang Irak sekarang sedang berlangsung di Timur Tengah AS bersiap untuk putaran perang lagi dengan Iran Kemarin 25 pesawat pengisi bahan bakar dan pesawat angkut militer AS mendarat di Tel Aviv https://t.co/o30fsEenBZ,2047865550584590806,https://pbs.twimg.com/amplify_video_thumb/2047614633188675584/img/yGOGzFwkUWdILBh5.jpg,,in,,0,0,0,https://x.com/undefined/status/2047865550584590806,234628519,
2047864725783162967,Sat Apr 25 02:26:12 +0000 2026,13,mari perang dengan laporan bulanan akhir ,2047864725783162967,,,in,,0,17,1,https://x.com/undefined/status/2047864725783162967,58245249,
2047863923152761291,Sat Apr 25 02:23:01 +0000 2026,36,Inilah alasan mengapa Iran begitu optimis untuk menghadapi skenario perang berikutnya selama 40 hari bertempur melawan koalisi AS dan zionis belum banyak stok rudal yang dikerahkan oleh Iran namun hasilnya mampu membuat AS kedodoran. Pada perang sebelumnya Iran hanya https://t.co/BpSSVPpVj0,2047863923152761291,https://pbs.twimg.com/media/HGt5YRlasAA-hh3.jpg,,in,,0,2,17,https://x.com/undefined/status/2047863923152761291,1376458830175870976,
2047863389767237798,Sat Apr 25 02:20:54 +0000 2026,0,Mendengar dan menyerap banyak cerita luar tanpa rasa kritis jg bikin kita disetir emosi dan populasi. Contoh : membaca hoax di medsos ikut perang gender. Tolong ya udah tua. Sukanya kok dikasih makan informasi kalau salah kita ikut luruskan.,2047863389767237798,,,in,,0,1,0,https://x.com/undefined/status/2047863389767237798,454827697,
2047501068733661495,Sat Apr 25 02:17:55 +0000 2026,1,@NarasiVisual W punya kawan org lebanon dia crita hidupnya skrg ketar ketir mau pergi dri negaranya jg gimna soalnya kluarga di sna. Hidup berat tabungan lama2 terkuras akibat perang pdhl sm lokasi perang lumayan jauh. Gaji dia 12jt/bulan ttp g bikin dia secure,2047862638143824288,,NarasiVisual,in,,0,1,0,https://x.com/undefined/status/2047862638143824288,2363715234,
2047844289271697478,Sat Apr 25 02:15:14 +0000 2026,0,@Tole_igoz Nah ini kalo hobi perang beda lagi nih wak,2047861966526677500,,Tole_igoz,in,,0,0,0,https://x.com/undefined/status/2047861966526677500,1745265761416056832,
2047692893842985445,Sat Apr 25 02:09:49 +0000 2026,0,@ns11xd @Skyline45295066 @babijoged Taiwan juga malah buku panduan menghadapi perang DRI pemerintah aj udah disebar DRI Thun kemarin,2047860602379677845,,ns11xd,in,,0,0,0,https://x.com/undefined/status/2047860602379677845,1930627045790490624,
2046921924106989888,Sat Apr 25 02:09:40 +0000 2026,0,@Kappa_2023 @__anomali__ @PiscinaHijau @_majusi_ @TomatTomat44 @lamegogosa @skmei_a13 @kgph_ario @hskopi @bangojoljujur @_IloveIsrael @AyaniMel @Sentjoko @M4M4D_C41303L @Whoru90408865 @belajarlg1 @Cl0pidogrel @DeHoutman_iQ @JohnAarivEd @AsbabulKopi @GarizLuruz @exkuakun69 @Nabatik27 @RadenSe30781114 Mgkn maksudnya nafsu wikwiknya yg besar soale tiap ada rampasan perang maka 32 tawanan wanita harus disisihkan sebagai JATAH TAIHAN utk memenuhi aspirasi urusan Selangkangan doi.. Saat disalif mewek minta ditemenin Bapanya giliran ada rampasan wanita.. GAGAH PERKOSA doi https://t.co/WDZCbsPRla,2047860561938141660,https://pbs.twimg.com/media/HGt2UwQa8AAPRYs.jpg,Kappa_2023,in,,0,0,1,https://x.com/undefined/status/2047860561938141660,1954594116014403584,
2047563960904503768,Sat Apr 25 02:08:50 +0000 2026,0,@izdsy @abulmuzaffar10 pencatatan jaman itu mostly pakai daun palem jd banyak yg rusak krn perang dan usia pencatatan di batu (prasasti) rata-rata untuk kerajaan fyi banyak jg catatan sejarah kita yg dibawa ke belanda ,2047860355414810667,,izdsy,in,,0,0,0,https://x.com/undefined/status/2047860355414810667,1290890986755784710,
2047860166792802659,Sat Apr 25 02:08:10 +0000 2026,0,Senang bergabung dengan keluarga tentara 🇦🇺 yang gugur di 🇮🇩 timur &amp; tamu lainnya di upacara #ANZACDay di Ambon di mana 1.000+ 🇦🇺personil dibaringkan selama Perang Dunia II. Saya menghormati anggota ADF yang terus menghadapi situasi berbahaya di seluruh dunia. #LestWeForget https://t.co/2aQfhdCi5a,2047860185130205440,https://pbs.twimg.com/media/HGt1-icbIAAOWwW.jpg,KonJenMakassar,in,,0,0,1,https://x.com/undefined/status/2047860185130205440,708984253715886080,
2047612812285915426,Sat Apr 25 02:04:04 +0000 2026,0,@teajusaddict @bucinsyluss @tanyarlfes Lebih beban hinata ga sih yg cuma modal naruto-kun trs jadi layang2 pein eh habis itu diobatin sakura bahkan pas perang ada mayat neji di depannya eh malah cuma mikirin naruto,2047859153834852736,,teajusaddict,in,,0,1,0,https://x.com/undefined/status/2047859153834852736,1987559048208871424,
2047858883818115519,Sat Apr 25 02:02:59 +0000 2026,0,Si KB 1 M itu siapa sih.. Dikira jalanan serdam punya dia kah. Dikira di sabtu pagi yg hujan ini cuman dia kah yg terburu buru... Sagala pake pengawas kah pengawal tadi. Kelasonnya pun melebihi ambulan.. Bukan juga pegi perang.. sabar sabar. Jalan juga lagi ng rame pun.,2047858883818115519,,,in,,0,0,0,https://x.com/undefined/status/2047858883818115519,1316587457534550016,
2047564126118175107,Sat Apr 25 02:01:34 +0000 2026,1,@ssnappeas @virus_newbie @RadioElshinta Laki yg di TKP aja malah pada bentak si korban wkwkwk. Di Twitter bukannya speak up malah mancing perang gender.,2047858524211093862,,ssnappeas,in,,0,1,0,https://x.com/undefined/status/2047858524211093862,1767487122418851840,
2047783193340707267,Sat Apr 25 01:59:14 +0000 2026,0,@RpsAgainstTrump Anda mengatakan anda yang menghentikan perang itu adalah kebohongan. Justru anda yang memulai perang ilegal anda,2047857936576532874,,RpsAgainstTrump,in,,0,0,0,https://x.com/undefined/status/2047857936576532874,1533366875144749056,
2047857543314280930,Sat Apr 25 01:57:40 +0000 2026,1,Belum sehari toky didunia tapi lu udh menciptakan perang antar mascot,2047857543314280930,,,in,,0,0,0,https://x.com/undefined/status/2047857543314280930,1851973719289479168,
2047857321729204567,Sat Apr 25 01:56:47 +0000 2026,0,@prabowo @Kemlu_RI karena ingin menjalankan bebas aktif SE aktif. Aktifnya tentara kembali jadi korban Israel yg justru dilindungi lua biasa semoga saja ga lanjut lagi 2 periode atau jangan ada lagi presiden tanpa wawasan kenegaraan hanya tau wawasan perang karena ga ada lagi,2047857321729204567,,prabowo,in,,0,1,0,https://x.com/undefined/status/2047857321729204567,126783954,
2047850870973608265,Sat Apr 25 01:54:33 +0000 2026,0,@simamaung Bojan bilang tekanan ada di lawan cuma psywar kawan2 ya itu perang urat saraf ,2047856757582762094,,simamaung,in,,0,0,0,https://x.com/undefined/status/2047856757582762094,2951157570,
2047856127011082658,Sat Apr 25 01:52:02 +0000 2026,0,Perumpamaannya kurang tepat... Pertumbuhan &gt; 5% iyu bukan perkara gelas setengah penuh dalam situasi diujung perang dunia yg mengembargo supply chain semua negara yg msh bisa tumbuh adlh neg tangguh... Hanya kesombingan yg tak mau mengakuinya atau blm mendpkan kue pertumbuhan,2047856127011082658,,,in,,0,0,0,https://x.com/undefined/status/2047856127011082658,403066525,
2047591432895263075,Sat Apr 25 01:51:51 +0000 2026,12,@gbfonry @iPoopBased Loh tradisi scalping sebagai ritual perang first nation sih ya emang ada sebagaimana semua kebudayaan di dunia punya tradisi brutalnya masing2. Yang jadi perhatian adalah kamu langsung menyodorkan trivia ini untuk merespon pada kolonialisme puritan ke mereka ,2047856079934218522,,gbfonry,in,,0,1,0,https://x.com/undefined/status/2047856079934218522,992045247877136384,
2047856069930823789,Sat Apr 25 01:51:49 +0000 2026,0,Lanjut Perang atau Damai Iran https://t.co/JIcWlJY9FE,2047856069930823789,,,in,,0,0,0,https://x.com/undefined/status/2047856069930823789,797342099527958528,
2047855891446439967,Sat Apr 25 01:51:06 +0000 2026,1,Sekarang kita ga lagi perang senjata tapi perang ekonomi ideologi dan pemikiran.,2047855891446439967,,,in,,0,1,0,https://x.com/undefined/status/2047855891446439967,1286947431490363392,
2047686968067375159,Sat Apr 25 01:48:52 +0000 2026,2,@n_izzah Ceplos ceplos buat-buat buta bisu pekak pulak panglima perang @KEADILAN rentung kena bakar. Masa pemilihan jilat kemain Naratif gagal menembusi audiens ke? @farhanzulkefly @adamyusuf88 @tjerealjoker @wfauzdin @lady_bugg11 @1305wnabhadi Dato @taufiqiskandar_ @Datomeletop https://t.co/AvnjLRygNX,2047855330349257014,https://pbs.twimg.com/media/HGtxkIxaYAAwAcD.jpg,n_izzah,in,,0,0,0,https://x.com/undefined/status/2047855330349257014,1135082363099074560,
2046559308578684983,Sat Apr 25 01:46:50 +0000 2026,0,@tempodotco Ngapain latihan perang dari mulai masuk sampai jadi tentara! Klo Cuma hanya ngurusin koperasi!! Jadi Indonesia Bubar...,2047854816043716947,,tempodotco,in,,0,0,0,https://x.com/undefined/status/2047854816043716947,1605019804758183937,
2047854665963020557,Sat Apr 25 01:46:14 +0000 2026,0,murid ranking 35/36 ditanya cita-cita: kau mau jadi apa? apa cita2mu? tentara pak TNI ya belajarlah kau jd tentara kan ga kuat fisik aja hrus pintar juga to? hitung jarak susun strategi. klo pelajaran pun gk bisa kek mana mau perang kena tembak lngsung mati nanti gitu? ,2047854665963020557,,,in,,0,0,0,https://x.com/undefined/status/2047854665963020557,1711037957656956928,
2046490211635593282,Sat Apr 25 01:44:09 +0000 2026,0,@vianratulangi Kadrun bilang Amerika udah kalah perang. Kadrun bilang AL Amerika udah diusir,2047854140647481596,,vianratulangi,in,,0,0,0,https://x.com/undefined/status/2047854140647481596,2011802600329658369,
2047651541499457685,Sat Apr 25 01:42:51 +0000 2026,1,@Opposite6888 Rest in peace. Gak ada rencana penarikan pasukan TNI dari UNIFIL kah? Lebanon sedang dlm zona perang gak ada lagi zona Blue Line.,2047853813827297626,,Opposite6888,in,,0,2,0,https://x.com/undefined/status/2047853813827297626,325599485,
2047503661031649302,Sat Apr 25 01:41:29 +0000 2026,0,@NenkMonica Selama ini tak satu pelurupun meledak di negara akibat perang kali ini siap2 dibumihanguskan,2047853470376665526,,NenkMonica,in,,0,0,0,https://x.com/undefined/status/2047853470376665526,790152834,
2047611702481695030,Sat Apr 25 01:40:15 +0000 2026,0,@Franken_blues Dalam ilmu pertempuran ini perang dalam kota. Bertempur dari gedung ke gedung dengan berakhir lambaikan bendera putih. Alias perang dgn sasaran proxy. Tabik !!,2047853159088021838,,Franken_blues,in,,0,0,0,https://x.com/undefined/status/2047853159088021838,1605727475694125058,
2047853034273923541,Sat Apr 25 01:39:45 +0000 2026,0,PBB: Perang Iran vs AS-Israel Ancam 30 Juta Orang Jatuh Miskin #kelaparan #KonflikGlobal #PerangIran #popularitascom ==================== Follow us on: Facebook: https://t.co/mxaH3WD9pO instagram: https://t.co/g5PyQGt7Nw X: https://t.co/gWar2ZfoZp tik... https://t.co/hez2QdLpKO,2047853034273923541,,,in,,0,0,0,https://x.com/undefined/status/2047853034273923541,854747465202806784,
2047843462003953782,Sat Apr 25 01:39:25 +0000 2026,1,@twuicei Kalo dikasih terus bisa perang dunia ke 4 bang dirumah,2047852949834260676,,twuicei,in,,0,1,0,https://x.com/undefined/status/2047852949834260676,794216533413150720,
2047683868405403898,Sat Apr 25 01:39:19 +0000 2026,0,@shitylicious Ilmu perang sun tzu kah ini wkwowkkw menang tanpa berperang,2047852924941062151,,shitylicious,in,,0,0,0,https://x.com/undefined/status/2047852924941062151,718754757330907136,
2047852512305463625,Sat Apr 25 01:37:40 +0000 2026,4,Perang saudara awokawok,2047852512305463625,,,in,,0,0,0,https://x.com/undefined/status/2047852512305463625,1319228567016726529,
2047852490931274084,Sat Apr 25 01:37:35 +0000 2026,0,Oh god.... Dah mulai aja ya kuliah pembekalan KKN-T IPB nya... Perasaan baru kemaren denger MC ngomong WOW WOW WOW TRIDHATA BRATASENA..... keknya baru kemaren deh gw ikut perang yel yel as anak Pramudya si biru yang selalu di depan itu... https://t.co/CtMUn21KQn,2047852490931274084,https://pbs.twimg.com/media/HGtu_KDbIAAuTqG.jpg,,in,,0,0,0,https://x.com/undefined/status/2047852490931274084,1568180952576438272,
2045707502311063595,Sat Apr 25 01:36:06 +0000 2026,0,@Winmo18 @J_a2y0 @TxtdariHI Satu aja indikasinya ayo kita taruhan bisa nggak Amerika kuasai selat Hormuz itu aja dulu ? Kalo deal kita taruhan berapa ? Mumpung belum perang kita deal aja dulu gimana mau nggak ?,2047852114920321325,,Winmo18,in,,0,0,0,https://x.com/undefined/status/2047852114920321325,1280091487208792066,
2047566947672526919,Sat Apr 25 01:35:55 +0000 2026,0,@abuyahany @IRGC__Iran Perang AI,2047852070943019509,,abuyahany,in,,0,0,0,https://x.com/undefined/status/2047852070943019509,1787434316320129024,
2047520096021852562,Sat Apr 25 01:35:48 +0000 2026,0,@dewirahmat_ @RuangSenja_id Dewi perang?,2047852041826164909,,dewirahmat_,in,,0,0,0,https://x.com/undefined/status/2047852041826164909,1334183299015606272,
2045707502311063595,Sat Apr 25 01:34:04 +0000 2026,0,@Winmo18 @J_a2y0 @TxtdariHI Sekarang Iran tinggal main kan waktu saja makin lama perang as dan Israel makin kelimpungan kehabisan amunisi mau berhenti perang malu mau lanjutkan rugi besar ini seperti buah simalakama ,2047851604733546641,,Winmo18,in,,0,0,0,https://x.com/undefined/status/2047851604733546641,1280091487208792066,
2047851115619008754,Sat Apr 25 01:32:07 +0000 2026,0,Perang dunia kelima nih,2047851115619008754,,,in,,0,0,0,https://x.com/undefined/status/2047851115619008754,1751036295575719936,
2047835968892543301,Sat Apr 25 01:32:06 +0000 2026,0,@bachrum_achmadi Kapal perang AS patroli di Belawan. Terus menlu bilang biasa. Oh jadi klo kapal perang AS patroli di wilayah Indonesia itu biasa ya ? ,2047851109545549839,,bachrum_achmadi,in,,0,1,0,https://x.com/undefined/status/2047851109545549839,1555488754089197568,
2047540099722940757,Sat Apr 25 01:31:47 +0000 2026,0,@BudiBukanIntel Yang kiri paling tontonan favoritnya jjk kny &amp; solev. Sedangkan yang kanan veteran perang kang kue vs Gorilla.,2047851030617190407,,BudiBukanIntel,in,,0,0,0,https://x.com/undefined/status/2047851030617190407,1665686002420289537,
2047850687627919736,Sat Apr 25 01:30:25 +0000 2026,3,Pada #AnzacDay di Balikpapan saya bergabung dg veteran &amp; warga 🇦🇺 setempat utk menghormati mereka yg telah mengabdi bagi 🇦🇺 dalam perang konflik &amp; misi pemeliharaan perdamaian. 229 warga 🇦🇺 gugur dlm pertempuran Operasi Borneo Ketiga pada Juli 1945. Jangan sampai kita lupa. https://t.co/mil3nH9ddf,2047850687627919736,https://pbs.twimg.com/media/HGtraIGbAAAe3sB.jpg,,in,,0,1,1,https://x.com/undefined/status/2047850687627919736,706684717,
2047850678689972578,Sat Apr 25 01:30:23 +0000 2026,15,Gengs setelah gagal dalam perundingan pertama Iran dan Amerika sebenarnya dijadwalkan akan kembali bertemu dan berunding untuk mengakhiri perang. Tetapi ternyata ini juga dibatalkan. Sepertinya perang ini bakal lama. Apa kabar harga minyak? ,2047850678689972578,,,in,,0,0,5,https://x.com/undefined/status/2047850678689972578,69561307,
2047607560077988232,Sat Apr 25 01:28:44 +0000 2026,15,@hikisakanakun Wibu pasca covid gabakal ngerasain seberapa serunya perang waifu dulu (gw tim chitoge btw),2047850262900207842,,hikisakanakun,in,,0,2,0,https://x.com/undefined/status/2047850262900207842,1936834376190615552,
2047850098349289831,Sat Apr 25 01:28:05 +0000 2026,0,Padahal beberapa minggu lalu berita soal perang mencuat banget. Tapi sekarang nggak kedengeran lagi. Jujur agak ngeri dikit. Kayak ketenangan sebelum badai,2047850098349289831,,,in,,0,0,0,https://x.com/undefined/status/2047850098349289831,1651711374865891330,
2046535889527148640,Sat Apr 25 01:25:49 +0000 2026,0,@syaaa261543 @PARADIZE2097 @elraenmi3 Banyak alasan bilang aja takut sama Tendo Pain. Giliran lawan Sasori dipuja-puja itupun jadi boneka chiyo. Di perang jg banyak yg mati katsuyu lu ga guna lebih berguna chakra kyubinya Naruto. Kuchiyose lemot aja bangga Liat noh Kakashi mati tapi dia berguna mau lawan Tendo Pain,2047849527441568233,,syaaa261543,in,,0,0,0,https://x.com/undefined/status/2047849527441568233,1407373260988116997,
2047849494482727126,Sat Apr 25 01:25:41 +0000 2026,2,Tapi xie zheng tuh profesional banget loh. Abis ditolak changyu pulangnya masih bisa diskusi soal strategi perang dan linghe bisa deliver semua perasaannya itu ke penonton. Keren banget.,2047849494482727126,,,in,,0,0,0,https://x.com/undefined/status/2047849494482727126,210101247,
2047578184229728497,Sat Apr 25 01:25:37 +0000 2026,0,@tribunnews Udah biarinin aja Indonesia ingin menjadi polisi Asean mencontoh AS yg sok jd polisi dunia maka alutista dibeli terus jumlah tentara ditambah terus. Kelamaan ga perang tar tuh roda tank pd karatan peluru pd kadaluwarsa kapal selam6 cuma bekerja spt ikan sapu2,2047849478502424628,,tribunnews,in,,0,0,0,https://x.com/undefined/status/2047849478502424628,719200698,
2045707502311063595,Sat Apr 25 01:24:53 +0000 2026,0,@Winmo18 @J_a2y0 @TxtdariHI Katanya angkatan laut Iran udah hancur eh faktanya biar mau lewat Hormuz aja takut bikin blokade jauh sekali sekitar 200 km lepas pantai Oman emang ini yg Iran tunggu tunggu perang lagi kemarin aja coba coba mau nyuri uranium di Isfahan gagal total malah hancur hancuran,2047849293294502054,,Winmo18,in,,0,0,0,https://x.com/undefined/status/2047849293294502054,1280091487208792066,
2046930353353535882,Sat Apr 25 01:22:28 +0000 2026,0,@beginOn66 @JohnAarivEd Sebenarnya gua kasian sama bapak lu udah ngelonte cape² buat biayain lu kalian itu suka playing victim kalau kalah awal dengar berita 9/11 kalian bersorak Sorai kayak menang perang gitu giliran sekarang buatan Amerika-israhell buat memfitnah kaum muslimin ,2047848686303228097,,beginOn66,in,,0,0,0,https://x.com/undefined/status/2047848686303228097,1688207114198769664,
2047654913627357621,Sat Apr 25 01:22:27 +0000 2026,0,@sahouraxo Israel ini kaya mancing² indonesia utk marah berontak jd perang jg...sungguh emang biadab ..manusia gada harganya dimata israel,2047848681978974346,,sahouraxo,in,,0,0,0,https://x.com/undefined/status/2047848681978974346,1691310714,
2047847139968163993,Sat Apr 25 01:20:31 +0000 2026,0,Gimana perasaan Adek kalau mas berangkat perang sambil nyanyi lagu ini buat Adek? @frasakasih https://t.co/keNPFbIzB0,2047848194747617683,https://pbs.twimg.com/media/HGtrE2VaYAE94Hg.jpg,Grosstesque,in,,0,0,0,https://x.com/undefined/status/2047848194747617683,1885468649932382208,
2047846804008652866,Sat Apr 25 01:15:03 +0000 2026,1,Jadi peristiwa ini: Penangkapan penjahat perang Suriah yang videonya sempet bikin geger dunia. Ini bukti preman yang dipake negara buat bunuh rakyat akhirnya ketangkep juga.,2047846818307026959,,sanderkilap,in,,0,1,0,https://x.com/undefined/status/2047846818307026959,2017371012992798720,
2047604634018254929,Sat Apr 25 01:13:13 +0000 2026,0,@OneLove4Human Perang salib aja ratusan tahun gak merubah legitimasi Al-Aqsa eh arjuna pesek bikin narasi halu..wkwk,2047846357990523048,,OneLove4Human,in,,0,0,0,https://x.com/undefined/status/2047846357990523048,1824511951122345984,
2047846351195828691,Sat Apr 25 01:13:11 +0000 2026,4,Kalau mau tahu soal perang Iran lawan salibis amerika dan zionis israel yg dibantu negara teluk penghianat kita bisa lihat video2 lego buatan Iran itu lebih terpecaya dibanding berita2 dari media2 barat dan arab teluk soal sikap orang arab kita bisa lihat parodi2 dari yaman https://t.co/RVwkVTJJpP,2047846351195828691,https://pbs.twimg.com/ext_tw_video_thumb/2047846310087446529/pu/img/tnnK96IEVCcyRKq2.jpg,,in,,0,0,1,https://x.com/undefined/status/2047846351195828691,2014649019407200256,
2047592766335799599,Sat Apr 25 01:11:54 +0000 2026,1,@syfaeth @vespamatic Ini butuh peran serta negara. Seperti kasus India menekan negara Kamboja buat melepaskan warganya yang dipake sebagai alat penghasil perjudian. Negara India mengancam dan meminta untuk ada penangkapan besar-besaran kalau tidak mau perang terjadi. Hasilnya Kamboja ngeper &amp; nurut,2047846025415819342,,syfaeth,in,,0,0,0,https://x.com/undefined/status/2047846025415819342,1861464451838545920,
2047700190719856985,Sat Apr 25 01:11:33 +0000 2026,0,@sosmedkeras Parlemen tapi isinya kek mw perang semua ,2047845938350452889,,sosmedkeras,in,,0,0,0,https://x.com/undefined/status/2047845938350452889,2026181040080093184,
2047827919985324065,Sat Apr 25 01:10:04 +0000 2026,1,@rimacahaya661 Ga pernah terbayang negeri ini suasananya seperti sekarang gerakan vangke apa ini !?? gerombolan besar manusia bikin carut marut hiruk pikuk politik negeri ini tiada henti perang kata yang tidak berujung disanjung dibela sedemikian rupa didatangin diramein tiap hari.,2047845566231839192,,rimacahaya661,in,,0,1,0,https://x.com/undefined/status/2047845566231839192,2032488323764428800,
2047845031533584449,Sat Apr 25 01:07:57 +0000 2026,0,Clair de lune l. 32 will always have a place in my heart smbil bayangin idup di jaman perang,2047845031533584449,,,en,,0,0,0,https://x.com/undefined/status/2047845031533584449,877878154374725632,
2047410039099633929,Sat Apr 25 01:05:29 +0000 2026,0,Jangankan menebas melihat mereka saja warga desa tidak mampu. Seluruh perapal mantra di desa tersebut akhirnya berkumpul. Mereka membentuk pasukan sihir untuk menghadapi perang astral. Pasukan tersebut dipimpin oleh seorang pertapa yang bernama Zephyr Sorolix.,2047844411065950567,,ripensoul_V,in,,0,1,0,https://x.com/undefined/status/2047844411065950567,966276297520431105,
2047844335077740848,Sat Apr 25 01:05:11 +0000 2026,0,Ketika bom atom dijatuhkan bukan hanya manusia yang jadi korban. Kucing-kucing di Hiroshima &amp; Nagasaki ikut mengalami panas ekstrem radiasi kelaparan dan kehilangan pemilik. Tragedi perang sering melupakan mereka yang tak punya suara.,2047844335077740848,,,in,,0,0,0,https://x.com/undefined/status/2047844335077740848,1880514771503714305,
2047619981006029219,Sat Apr 25 01:03:30 +0000 2026,0,@KapudS640 Jangan baper bos sudah ada yg ngurus. Hampir semua negara bergejolak karena faktor perang timur tengah jantung minyak dunia. Tiap negara berbeda-beda masalah ekonomi nya.,2047843910819709029,,KapudS640,in,,0,1,0,https://x.com/undefined/status/2047843910819709029,1498550800603574272,
2047843871493951678,Sat Apr 25 01:03:20 +0000 2026,0,Retorika Perang AS Tak Lagi Berkelas Kini Terasa Murahan! https://t.co/tpINIj7cDc,2047843871493951678,,,in,,0,0,0,https://x.com/undefined/status/2047843871493951678,1918580164180774912,
2047651541499457685,Sat Apr 25 01:00:56 +0000 2026,1,@Opposite6888 Sudah seharusnya tentara Fokus perang tiap harinya bukan pertanian. Sudah ada petani. MBG juga seharusnya biar diurus bgn saja tidak ormas ormas atau yayasan institusi lain. Jangan sampai kalonperang kalahan,2047843265391775777,,Opposite6888,in,,0,0,0,https://x.com/undefined/status/2047843265391775777,1572766888781762560,
2047843076635492482,Sat Apr 25 01:00:11 +0000 2026,1,Sebanyak 77% warga AS menyalahkan Presiden Donald Trump atas lonjakan harga bahan bakar imbas perang di Timur Tengah. Konflik geopolitik ini menyebabkan harga minyak dunia menembus US$ 100 per barel. Simak berita selengkapnya di https://t.co/KR6X4XLy2C BeritaSatu TV YouTube https://t.co/qGuWPPnHKN,2047843076635492482,https://pbs.twimg.com/media/HGtmY5tbMAAwx05.jpg,,in,,0,0,0,https://x.com/undefined/status/2047843076635492482,154102750,
2047501393901350937,Sat Apr 25 00:59:14 +0000 2026,0,@asep_suryawan @Tan_Mar3M Sebenarnya doi org mana sich kemarin viralbngaku l telponan sama kakaknya yg Raja UEA tanya perang Iran bangga dong saya presiden7🇮🇩 keluarga rajaArab eh sekarang ngaku orang kampung jangan bohong pak sebenarnya Bpk kel raja Arab apa org kampung boong dosa lho gak takut dosa?,2047842838747197753,,asep_suryawan,in,,0,0,0,https://x.com/undefined/status/2047842838747197753,2695869139,
2047497554750021993,Sat Apr 25 00:57:21 +0000 2026,0,@BANGSAygSUJUD @prabowo @darbento88 @coldbrew165 @BattoAjax @Ndons_Back @Masdjodi1 @potrzayed @gaianuova @Kimberley_PS08 @DIASPORA1808 @jametkunx Harga khusus perang maksudnya... ,2047842362937028644,,BANGSAygSUJUD,in,,0,1,0,https://x.com/undefined/status/2047842362937028644,153340589,
2047841941447217335,Sat Apr 25 00:55:48 +0000 2026,0,secara mudah menuju titik kumpul untuk serangan lanjutan. Penempatan clue di hud ini bagian dari navigasi yg org tidak akan dapati di so - called simulasi perang dalam bentuk digital . 7. Konsekuensi saat menerjang threshold altitude tertentu sehingga manpads case,2047841976154980564,,GP_1508,in,,0,1,0,https://x.com/undefined/status/2047841976154980564,172832530,
2046481079679467565,Sat Apr 25 00:55:30 +0000 2026,0,@NaratifRakyat lol sekali sekala perang apa salahnya us dah patut lama buat ini..us tak patut even negotiate just block hormuz unless boleh buka hormuz ke prewar level terus block even patut torpedoe satu kapal yg cuba menyelinap sebagai amaran,2047841899667738842,,NaratifRakyat,in,,0,0,0,https://x.com/undefined/status/2047841899667738842,1570742254259818496,
2047841658679746744,Sat Apr 25 00:54:33 +0000 2026,68,Mau cerita kebaikan Allah buat gue Ini rabu kemaren awal perang dingin gue dgn ibu ibu gue nyuru sesuatu yg menurut gue gak masuk di logika gue dia cuma yakinin gue percaya sama Allah nanti ada rezekinya . Gue menentang dilogika gue semua harus ada aksi nyata dulu bukan https://t.co/gLlBpyHRhc,2047841658679746744,https://pbs.twimg.com/media/HGtlIPwbgAAUa4i.jpg,,in,,0,3,4,https://x.com/undefined/status/2047841658679746744,1670795575279665153,
2047557230623592792,Sat Apr 25 00:52:50 +0000 2026,0,@patillele4364 Kocak kemarin viral telponan sama kakaknya raja UEA masalah perang Iran bangga saya🇮🇩presiden7 ngaku keluarga raja Arab kok sekarang ngakunya Orang Kampung pak jangan bohong sebenarnya bpk kel rajaArab atau org kampung bohong dosa lho gak takut sama dosa nya pak? ‍️‍️‍️,2047841227530457318,,patillele4364,in,,0,0,0,https://x.com/undefined/status/2047841227530457318,2695869139,
2047841204482785549,Sat Apr 25 00:52:44 +0000 2026,0,Cari pasangan yang bisa kamu ajak diskusi manajemen resiko bukan yang cuma mau diskusi liburan kemana. Hidup ini perang pastikan pendamping hidupmu kelak tahu manajemen resolusi konflik dan ahli strategi perang.,2047841204482785549,,,in,,0,0,0,https://x.com/undefined/status/2047841204482785549,928543484956393473,
2047840689157984633,Sat Apr 25 00:50:41 +0000 2026,0,Iblis andalkan Perang. Yesus andalkan Kasih. Kasih menang. Lihat video Hotman Vomby Sihombing! #TikTok https://t.co/F1Ntd8Ohvl,2047840689157984633,,,in,,0,0,0,https://x.com/undefined/status/2047840689157984633,1461258587565539336,
2047800500230426642,Sat Apr 25 00:49:02 +0000 2026,0,@florayrad Haha malah perang,2047840271099195583,,florayrad,in,,0,0,0,https://x.com/undefined/status/2047840271099195583,804277105059971073,
2047243902504390840,Sat Apr 25 00:48:46 +0000 2026,0,@elonmusk Perang budaya yang tidak pantas bagi masyarakat modern.. lebih nyaman pakai mobil Tesla keliling Gaza Israel Ukraina Iran sampai seluruh jalan di benua Eropa Asia Amerika Australia,2047840206318182593,,elonmusk,in,,0,0,0,https://x.com/undefined/status/2047840206318182593,2038705183723560960,
2047659368800546875,Sat Apr 25 00:48:40 +0000 2026,0,@mukaikhlas Mas jangan lewat depok dlu ya ada perang @tahiyatakhir_ tolong di koordinasi negaranya @sirenellea,2047840178900013456,,mukaikhlas,in,,0,2,0,https://x.com/undefined/status/2047840178900013456,1624697425884749828,
2047839971709800590,Sat Apr 25 00:47:50 +0000 2026,0,Ancaman Perang Baru Trump Mau Jatuhkan Bom Tarif ke Inggris https://t.co/xPIQvAJtX9,2047839971709800590,,,in,,0,0,0,https://x.com/undefined/status/2047839971709800590,847372542830444544,
2047626823782273033,Sat Apr 25 00:46:32 +0000 2026,0,@sahabatalaqsha Bodohnya mereka diundang ke Medan perang dengan modal hanya pengin dapat rumah yg bisa dibom kapan saja,2047839644545585288,,sahabatalaqsha,in,,0,0,0,https://x.com/undefined/status/2047839644545585288,728274281486942208,
2047839181884522540,Sat Apr 25 00:44:42 +0000 2026,0,Omed-Omedan Bali: Tradisi Perang Ciuman yang Ternyata Bukan Sekadar Permainan https://t.co/09R2ORnmn7 #mitrapalupi,2047839181884522540,,,in,,0,0,0,https://x.com/undefined/status/2047839181884522540,1606826301398331392,
2047645685093118345,Sat Apr 25 00:44:40 +0000 2026,0,@Thex460202 @RyanRozbiani salah kita punya prabowo. inisiator MBG kita fokus MBG aja lumayan 6jt sehari. gak urus perang soal minyam kita percayakan saja ke kanda bahlil hidupp jokowiii,2047839171046522941,,Thex460202,in,,0,0,0,https://x.com/undefined/status/2047839171046522941,1782491938983444480,
2047108786952053011,Sat Apr 25 00:42:45 +0000 2026,0,Setelah 20an episode baru terasa seru dan menegangkannya terutama soal kejar2an identitas antara Changyu dan Xie Zheng di medan perang. Cina emang rajanya bikin film dgn latar perang kolosal Skalanya besar dan strateginya gak abis2.,2047838689632702895,,Chitra_hidayati,in,,0,0,0,https://x.com/undefined/status/2047838689632702895,371301318,
2047645685093118345,Sat Apr 25 00:42:05 +0000 2026,0,@Penduduk_RI @RyanRozbiani iya bener kalo mau perang kalian aja kami lagi fokus MBG lumayan 6jt sehari. hidupp jokowiii,2047838523387224233,,Penduduk_RI,in,,0,0,0,https://x.com/undefined/status/2047838523387224233,1782491938983444480,
2047303267126800443,Sat Apr 25 00:41:41 +0000 2026,0,@tanyarlfes Walau tingkahnya kek gitu tni ada manfaatnya juga loh. Misal ada perang mereka yang lebih dulu ngelindungi masyarakat. Beda lagi sama si abu abu gelap yang itu..,2047838423336255966,,tanyarlfes,in,,0,0,0,https://x.com/undefined/status/2047838423336255966,3244295964,
2047716833088696631,Sat Apr 25 00:40:27 +0000 2026,4,@Jenartecy @yappingfess Muak bgt sbnrnya dg kata2 itu. Iya kalo keduanya beneran sadar utk ttp bareng demi anak keluarga dijaga biar ttp harmonis. Lah kalo tiap hari cuma jd medan perang dingin ato panas huru-hara membara krn saling caci maki? Anaknya broken home anjir.,2047838110940340733,,Jenartecy,in,,0,0,0,https://x.com/undefined/status/2047838110940340733,1645033988996870144,
2047837834170794208,Sat Apr 25 00:39:21 +0000 2026,0,udah apa perang nya trump cowo w jadi ga kerja anj material bahan mentah nya abis cokkk,2047837834170794208,,,in,,0,0,0,https://x.com/undefined/status/2047837834170794208,1323728849134215168,
2047541473651073192,Sat Apr 25 00:37:56 +0000 2026,0,@buywle Justru enak malah diskon gede gitu apalagi saham bank gabakal mungkin ancur sebelum perang dunia.,2047837478065979802,,buywle,in,,0,0,0,https://x.com/undefined/status/2047837478065979802,1939375440634015744,
2047837082400473201,Sat Apr 25 00:36:22 +0000 2026,0,Udhn dulu please perang dunianya aku mau keliling dunia dulu️,2047837082400473201,,,in,,0,0,0,https://x.com/undefined/status/2047837082400473201,2241855072,
2047836911553880342,Sat Apr 25 00:35:41 +0000 2026,0,Yasin Malaysia jatuh ketika biaya hidup naik JOhnson dan TRuz di Inggris juga sama. Eropa barat menjauh dari aMRIK juga khawatir ada jurang krisis ekonomi energi. Ditambah lagi abad 21 ada trend sosial kemanusiaan dunia yang membenci kekejaman perang dan empati kelaparan,2047836911553880342,,,in,,0,0,0,https://x.com/undefined/status/2047836911553880342,183430221,
2047836650638864655,Sat Apr 25 00:34:39 +0000 2026,0,Welldone Iran Perlakukan dengan baik negara yang berkelakuan baik negara yang menentang ajakan perang USA dan Israel,2047836650638864655,,,in,,0,0,0,https://x.com/undefined/status/2047836650638864655,233451839,
2047549982744691059,Sat Apr 25 00:33:00 +0000 2026,0,@ZakarmuAkbar Negara suka perang itu Israel dan Amerika Bro Afghanistan berperang karena diperangi Bro Jika diperangi ya Harus Melawan Bro,2047836237273387362,,ZakarmuAkbar,in,,0,0,0,https://x.com/undefined/status/2047836237273387362,1548811233532735488,
2047835856573288911,Sat Apr 25 00:31:29 +0000 2026,0,Perang Melawan Narkoboy #bripkarichisagita #notodrugs️ #poldariau #polriuntukmasyarakat #menjagatuahmelindungimarwah https://t.co/uf4LriwIv3,2047835856573288911,https://pbs.twimg.com/ext_tw_video_thumb/2047835804345774080/pu/img/RKZLccxW7_9Ykr-r.jpg,,in,,0,0,0,https://x.com/undefined/status/2047835856573288911,801746797743902720,
2047835815796203712,Sat Apr 25 00:31:20 +0000 2026,0,Iran Ungguli AS dalam Perang Propaganda AI Konten Viral Capai Miliaran Tayangan https://t.co/iFyKWclFP6 lewat @Keuangan News https://t.co/MqgAVS84jz,2047835815796203712,https://pbs.twimg.com/media/HGtf0YDagAEQwwd.jpg,,in,,0,0,0,https://x.com/undefined/status/2047835815796203712,1226436091617505281,
2047600592097517937,Sat Apr 25 00:25:53 +0000 2026,1,@seutaslara Ditaiwan juga kak penerbangan internasional di 58 negara bakalan di potong kuota gara2 perang Iran mulai bulan 5-bulan7,2047834447719145729,,seutaslara,in,,0,0,0,https://x.com/undefined/status/2047834447719145729,1930627045790490624,
2047809260617429175,Sat Apr 25 00:22:58 +0000 2026,1,@denni_sauya Ah... Ajak perang aja dulu. Kalah baru nyerah. Lalu nurut.... Masa Indonesia jagoan gak ada nafsunya.... Wkwkwk,2047833714026279206,,denni_sauya,in,,0,0,0,https://x.com/undefined/status/2047833714026279206,81766731,
2047698833728241730,Sat Apr 25 00:21:57 +0000 2026,1,@lilaccountz @Ilhaehwe ada teori mereka ini keturunan dari viking invader tanah britania dan eropa kala itu yang akhirnya mereka asimilasi dengan british people asal mulai perang salib kan jg dipengaruhi budaya viking penjajahan Inggris pendirian Israel. zulqarnain yang memiliki 2 tanduk https://t.co/a5fb5f9UrC,2047833454365315374,https://pbs.twimg.com/tweet_video_thumb/HGtdqx5aEAANGKV.jpg,lilaccountz,in,,0,0,0,https://x.com/undefined/status/2047833454365315374,1665637951127318529,
2047502120749027521,Sat Apr 25 00:20:11 +0000 2026,2,@NenkMonica Gak ada perang makanya setiap bulan ada aja berita TNI melakukan tindak kriminal,2047833011534868782,,NenkMonica,in,,0,1,0,https://x.com/undefined/status/2047833011534868782,2040180534366617601,
2047832174507053520,Sat Apr 25 00:16:51 +0000 2026,8,10 syarat gencatan senjata tdk ada 1 pun yg menyatakan kemerdekaan Palestina menyinggung hak2 palestina sedikit pun tidak. Jd perang selama ini yg di gembar gemborkan sama buzzer iran apa katanya utk kemerdekaan palestina ternyata kalian kena prank syiah. Syiah kok di percaya https://t.co/ySsNZZrHh8,2047832174507053520,https://pbs.twimg.com/media/HGtbBaJaIAABxYa.jpg,,in,,0,0,2,https://x.com/undefined/status/2047832174507053520,884541428,
2047831758935298089,Sat Apr 25 00:15:12 +0000 2026,1,KOLUM | Perang jadikan Iran kuasa dunia https://t.co/9P9Ansg3mn,2047831758935298089,,,in,,0,0,0,https://x.com/undefined/status/2047831758935298089,18714463,
2047831661380002151,Sat Apr 25 00:14:49 +0000 2026,0,Iran dan israel sama sama bertekad mengembalikan ke jaman batu perang juga antar navy hormus us hanya,2047831661380002151,,,in,,0,0,0,https://x.com/undefined/status/2047831661380002151,1720626823602561026,
2047498097593663807,Sat Apr 25 00:14:35 +0000 2026,0,It may make anxious LORD SANA NGA DI KO NA LANG NAKITA bat kasi di nya pa ako iunfriend noon pa... LORD PERO PLEASE IBALIK YUNG PERANG NAWALA SA AKIN LORD. PERO AFTER A WEEK IF WALA PA RIN OKAY I UNDERSTAND GANON SYA KA WALANG ACCOUNTABILITY,2047831603641290988,,secretiveone2,tl,,0,1,0,https://x.com/undefined/status/2047831603641290988,1114959315163422721,
2047687737206313256,Sat Apr 25 00:13:36 +0000 2026,0,@frmnx28 @lilaccountz Kan memang begitu lho kalau memang mau memenangkan politik salah satunya harus memangkan suara masa lho kalau sudah di himpun rakyat kan bisa di gunakan si pengguna tsb entah di ajak perang dll salah satu cara untuk menjadi top puncak raja kan dia harus punya legitimasi,2047831355489464546,,frmnx28,in,,0,0,0,https://x.com/undefined/status/2047831355489464546,1987168130440044544,
2047707159555977221,Sat Apr 25 00:13:32 +0000 2026,0,@glacyforyou sinong tao kayong mga trolls lang ang nag debunk pero no bearing at all. Saan galing ang bilyones na pumasok at saan dinala ang inilabas - simpleng explanation kung lahat ng bank txn ang baseham sure baka aabot ng 10b yan. kung madaming perang pumasok bakit 0 sa saln,2047831339433340968,,glacyforyou,tl,,0,0,0,https://x.com/undefined/status/2047831339433340968,2038576878194155520,
2047828581678711232,Sat Apr 25 00:09:09 +0000 2026,0,Gak cuma istri dituntut taat suami kita suami juga mesti taat istri. Perang dunia batal kalo prinsipnya spt ini.,2047830233060139085,,zoelfick,in,,0,1,0,https://x.com/undefined/status/2047830233060139085,86934018,
2047829698395455839,Sat Apr 25 00:07:01 +0000 2026,0,@sheknowshoney @tunggalp Perempuan Ukraina gugur di medan perang,2047829698395455839,,sheknowshoney,in,,0,0,0,https://x.com/undefined/status/2047829698395455839,3527049614,
2047827930886308350,Sat Apr 25 00:00:00 +0000 2026,1,Setiap tahun pada tgl 25 April 🇦🇺🇳🇿bergabung utk memperingati #AnzacDay utk mengenang mereka yg telah mengabdi kepada bangsa kami dalam semua perang konflik &amp; operasi pemeliharaan perdamaian. Kami menghormati pengabdian &amp; pengorbanan mereka. #JanganSampaiKitaLupa #IKAHAN15years https://t.co/5Pxci6EK0b,2047827930886308350,https://pbs.twimg.com/media/HGjmPI7agAAfPQT.jpg,,in,,0,0,0,https://x.com/undefined/status/2047827930886308350,284397640,
2047827768973631491,Fri Apr 24 23:59:21 +0000 2026,0,Walaupun negeri melaka melambangkan pesatnya laluan selat melaka sebagai laluan strategik perdagangan dunia. Kita kena sedia bila perang iran 🇮🇷 dan usa 🇺🇸 bermula fasa kedua di asia barat / middle east region Banyak lagi fasiliti strategik di timur tengah akan dimusnahkan,2047827768973631491,,,in,,0,0,0,https://x.com/undefined/status/2047827768973631491,1595122243553857538,
2047827360427487595,Fri Apr 24 23:57:44 +0000 2026,0,indonesia jangan perang dulu pls warganya lucu2 begini,2047827360427487595,,,in,,0,0,0,https://x.com/undefined/status/2047827360427487595,1067407301810675717,
2047827180181197275,Fri Apr 24 23:57:01 +0000 2026,0, CFTC vs New York: Perang Regulasi Prediksi Pasar Masuk Babak Baru Konflik regulator AS dengan negara bagian New York soal prediksi pasar crypto memanas mencerminkan ketegangan global antara inovasi DeFi dan kontrol. https://t.co/enFtTtC9wk #Web3 #Blockchain https://t.co/2KYt22mliW,2047827180181197275,https://pbs.twimg.com/media/HGtX9_-XsAAH-RN.jpg,,in,,0,0,0,https://x.com/undefined/status/2047827180181197275,2015300374891290625,
2047826065880662091,Fri Apr 24 23:52:35 +0000 2026,0,Pada 1 Mei 2026 penentu masa depan perang Trump terhadap Iran #shorts https://t.co/95FTFUb1ky via @YouTube,2047826065880662091,,,in,,0,0,0,https://x.com/undefined/status/2047826065880662091,240551313,
2047825727408541887,Fri Apr 24 23:51:14 +0000 2026,2,Bantu PKS serap tekanan kos akibat krisis harga bahan api #BHnasional Gelombang gangguan akibat perang sudah sampai ke pintu ekonomi negara https://t.co/gFfkXLpNYL,2047825727408541887,,,in,,0,0,0,https://x.com/undefined/status/2047825727408541887,63070483,
2047799985123823884,Fri Apr 24 23:48:34 +0000 2026,1,@SoftWarNews Iran punya cara sendiri dalam strategi perang tdk terpancing dengan org yg suka menebar ancaman.karna bts kekuasaan trump hanya 60 hari setelah perang dimulai setelah itu kekuasaan akan diambil alih pemerintahan.saat ini trump gelisah ,2047825055082774725,,SoftWarNews,in,,0,0,0,https://x.com/undefined/status/2047825055082774725,1892319639767830530,
2047824498376991176,Fri Apr 24 23:46:21 +0000 2026,2,Ahmad-Reza Radan kepala polisi rezim menyebut pembantaian ribuan warga Iran sebagai perang perkotaan &amp; perang kedua. Dia BANGGA menumpahkan darah mereka. Rezim di Iran bukanlah pemerintah tapi adalah grup teroris pendudukan yang melancarkan perang militer ke warga sipil.,2047824498376991176,,,in,,0,0,0,https://x.com/undefined/status/2047824498376991176,968256807205392384,
2047824397642485808,Fri Apr 24 23:45:57 +0000 2026,0,Diajak serang iran bilang netral tapi yg lainnya cendrung pro USA memang perang itu cuma militer,2047824397642485808,,,in,,0,0,0,https://x.com/undefined/status/2047824397642485808,1356418463825334274,
2047537648383005075,Fri Apr 24 23:44:56 +0000 2026,0,@LambeSahamjja Kalau pemerintah mau stop MBG sebentar aja maka peluang-peluang akibat perang Iran bisa dimanfaatkan Inronesia adalah negara dengan sukber daya alam yang sangat besar. Dana MBG bisa buat bangun pabrik-pabrik yang saat ini hancur akibat perang...,2047824139805925779,,LambeSahamjja,in,,0,0,0,https://x.com/undefined/status/2047824139805925779,96717930,
2047823903683445057,Fri Apr 24 23:44:00 +0000 2026,0,Ha ha ha ... dia bawa berita DUSTA. Padahal Kebenaran d dusta Tidak bisa bersatu . dia sampaikan DUSTA anak kecil tewas karena perang di LEBANON. Tapi Kebenaran PULUHAN RIBU rakyat Iran yg demo Januari kemarin. dia TIDAK PEDULI . Ampuni dia TUHAN ,2047823903683445057,,,in,,0,0,1,https://x.com/undefined/status/2047823903683445057,303182883,
2047823847483969657,Fri Apr 24 23:43:46 +0000 2026,0,Sama persis kek diskursus posisi perempuan sebagai tentara atau keterlibatan dlm perang - PERANG ITU IDEALNYA NGGAK ADA DAN WAJIB DITENTANG LAH GOBLOK bukannya malah diframing sebagai hAK pRogResiF. Kekerasan laki2 thd perempuan masih banyak nggak usah kedistract sama isu tolol,2047823847483969657,,,in,,0,0,0,https://x.com/undefined/status/2047823847483969657,1918035765088649216,
2047687737206313256,Fri Apr 24 23:41:20 +0000 2026,0,@frmnx28 @lilaccountz Ini sebenarnya aku pernah baca cuma lupa nama bukunya sebenarnya nabi Muhammad itu entah mendengar atau melihat bangsa Mongol nah zirah perang mereka memang menakutkan seperti monster jumlah mereka sangat banyak tp kan sastra org jaman dulu memang selalu meromantisasi,2047823234717163766,,naay_killa,in,,0,3,0,https://x.com/undefined/status/2047823234717163766,1987168130440044544,
2047823147794403764,Fri Apr 24 23:40:59 +0000 2026,0,Ini perkara keran aja berantem. Gimana mau deeptalk jelas bakal perang dunia.,2047823147794403764,,,in,,0,0,0,https://x.com/undefined/status/2047823147794403764,1982714887056101376,
2047822800686338101,Fri Apr 24 23:39:37 +0000 2026,64,Hoy mga bobong Bisaya at DDS ang pinakaimportanteng tanong na dapat niyo itanong kay Sara para may konting respeto pa kayo sa mga sarili niyo ay ito: Saan galing ang mga bilyones sa mga bank account mo at kung legal ang sources ng mga perang yan bakit wala sila sa SALN mo?,2047822800686338101,,,tl,,1,2,12,https://x.com/undefined/status/2047822800686338101,997067241425326085,
2047821405371441499,Fri Apr 24 23:34:16 +0000 2026,0,perang typo segala,2047821456923578712,,flower_ngi,in,,0,0,0,https://x.com/undefined/status/2047821456923578712,1833364918613250049,
2047815250641293810,Fri Apr 24 23:29:32 +0000 2026,0,sentimen~ agama lu x mau cakap~ sebab lu boh faham~ nanti perang~,2047820264629764376,,keenurevet,in,,0,0,0,https://x.com/undefined/status/2047820264629764376,2011054931764252672,
2047601439082750173,Fri Apr 24 23:27:20 +0000 2026,0,@tempodotco Yak dalam negeri indon mau perang,2047819710369263684,,tempodotco,in,,0,0,0,https://x.com/undefined/status/2047819710369263684,156292006,
2047819525362725250,Fri Apr 24 23:26:36 +0000 2026,0,Wkwkwkwk jadi penasaran yang menang perang ini siapa kalo begini? Apa tetap pak bos satu itu?,2047819525362725250,,,in,,0,0,0,https://x.com/undefined/status/2047819525362725250,1464889742978260997,
2047584748361642388,Fri Apr 24 23:26:14 +0000 2026,0,@bukan_panda @beeeemooooo GEBLEGGG (gue jg perang lg),2047819436586061977,,bukan_panda,in,,0,0,0,https://x.com/undefined/status/2047819436586061977,1441393848748367878,
2047818004403233046,Fri Apr 24 23:20:33 +0000 2026,0,Perang Iran versus AS dan Israel hari ini bukanlah perang nuklir. Ini adalah perang pembongkaran sistematis terhadap sebuah negara. Dan Israel bukan Amerika Serikat adalah aktor utamanya. Ada tiga lapis tujuan tersembunyi yang patut dicermati. https://t.co/0FoBydVzYd,2047818004403233046,,,in,,0,0,0,https://x.com/undefined/status/2047818004403233046,48655553,
2047450934809399567,Fri Apr 24 23:14:44 +0000 2026,0,@_jacobson91 1967 Israel di kepung 5 negara arab. Dan mereka menganggap dalam perang 6 hari. Bayangkan jika 6 ngera asia mengepung Konoha dan kamu di garda paling depan melawan 5 negara sekaligus dengan jumblah pasukan mu yg terbatas,2047816539135737946,,ARKA6661,in,,0,0,0,https://x.com/undefined/status/2047816539135737946,1589719899156668417,
2047815360305566040,Fri Apr 24 23:10:03 +0000 2026,1,Dunia pinggirkan Perang Sudan #SHGlobal Krisis kemanusiaan di negara Afrika Utara itu capai tahap kritikal kira-kira 14 juta hilang tempat tinggal #SinarHarian #global #perang #Sudan https://t.co/6f3xxYJE1c,2047815360305566040,,,in,,0,0,0,https://x.com/undefined/status/2047815360305566040,331383958,
2047656570079859110,Fri Apr 24 23:04:10 +0000 2026,0,@LambeSahamjja niat amat ngejelasin dah tau karakter celetukan orang indo itu abu abu bisa ya bisa dongeng lagian mikir juga kali kecuali malaysia dan singapore banyak tingkah kita bisa blok sepihak untuk mereka. mending perang biar dunia di reset kembali yang kaya jadi nol yang miskin nol https://t.co/KIgvSIcDaW,2047813881326964881,https://pbs.twimg.com/tweet_video_thumb/HGtL3xkaUAAJ0NU.jpg,LambeSahamjja,in,,0,0,0,https://x.com/undefined/status/2047813881326964881,920730559,
2047105157595586627,Fri Apr 24 23:03:14 +0000 2026,0,@sjafriesjams Kerja sama dg bajak laut ? Teroris dan penjahat perang? Itu bomb dan semua amunisi yg buat ngebantai gaza libanon dan Iran dari mana kalau bukan amerika ...? Istighfar Pak kalau anda Muslim brp lama lg sih umur di dunia..,2047813644868812818,,sjafriesjams,in,,0,0,0,https://x.com/undefined/status/2047813644868812818,1349228417158242310,
2047799985123823884,Fri Apr 24 23:01:26 +0000 2026,18,🇺🇸 Apakah Anda khawatir tentang perdagangan orang dalam (insider trading) yang dilakukan putra Trump di pasar prediksi terkait perang ini? TRUMP: Dunia ini adalah sebuah kasino. Apa mau dikata memang begitulah kenyataannya. https://t.co/Jd2E6NskQz,2047813193922413034,https://pbs.twimg.com/amplify_video_thumb/2047813022681587712/img/F6LX1l7B4V0iJEEy.jpg,SoftWarNews,in,,0,0,5,https://x.com/undefined/status/2047813193922413034,2256063276,
2047810738077712863,Fri Apr 24 22:51:41 +0000 2026,8,Kami turut berdukacita mendalam atas gugurnya(lagi) prajurit Indonesia ; Praka Rico Pramudia anggota @tni_ad krn serangan Israel di Libanon. Mestinya PBB segera jatuhkan sanksi thd Israel yg lakukan kejahatan perang dg serangan mematikan thd pasukan penjaga perdamaian PBB itu.,2047810738077712863,,,in,,0,6,4,https://x.com/undefined/status/2047810738077712863,86012022,
2047810130000191552,Fri Apr 24 22:49:16 +0000 2026,0,Rakyat Rusia ikut G20 lebih di untungkan daripada di Brics. kerugian Rusia akibat di blok Amerika dan Eropa Krn perang Ukraina. @POTUS @prabowo @VladimierPutin @GiorgiaMeloni @takaichi_sanae @AlboMP @LPEMFEBUI @direktoridosen @KangManto123 @Dandhy_Laksono https://t.co/PC8rFmI56g,2047810130000191552,,,in,,0,0,0,https://x.com/undefined/status/2047810130000191552,2038705183723560960,
2047431691816570923,Fri Apr 24 22:48:51 +0000 2026,0,@_IloveIsrael Iran tak kekurangan tentara... M emang Israel untuk perang saja cewek open bo jg sampai turun https://t.co/1jXHOp8JfY,2047810026870538346,https://pbs.twimg.com/media/HGtIXh_b0AApD5s.jpg,_IloveIsrael,in,,0,0,0,https://x.com/undefined/status/2047810026870538346,2903733776,
2047512259619155996,Fri Apr 24 22:47:05 +0000 2026,0,@TheCurut007 @AKwan_id jembut malaysia sekutu inggris singapur tempat naro duit orang2 kaya ga perlu ngapa2in pasti dilindungin indonesia non blok jadi bebas mau kemane aje yg penting bisa bikin aman dikondisi perang,2047809580810531019,,TheCurut007,in,,0,0,0,https://x.com/undefined/status/2047809580810531019,506950720,
2047611544209440772,Fri Apr 24 22:45:25 +0000 2026,0,@tanyakanrl Agenda pekanan Twitter/X : Perang Gender ,2047809161736654856,,tanyakanrl,in,,0,0,0,https://x.com/undefined/status/2047809161736654856,1769767832307585024,
2047807307111960770,Fri Apr 24 22:38:03 +0000 2026,34,The Guardian: Masalah terbesar Washington adalah Iran tidak merasa perlu untuk memberikan konsesi dan Trump mendapati dirinya terjebak di antara melanjutkan perang yang mahal atau bernegosiasi dengan hasil yang tidak berarti. AS telah gagal memaksa Iran menyerah melalui https://t.co/ovvG7DDrAk,2047807307111960770,https://pbs.twimg.com/media/HGtFwM1bgAAGk0O.png,,in,,0,0,16,https://x.com/undefined/status/2047807307111960770,2256063276,
2047587852725416003,Fri Apr 24 22:37:54 +0000 2026,3,@cruzkaren53 More than enough sa mga gunggong na mga bayaran sa kongreso pero pagdating sa senado basura ang mga yan. At wala ng male-maletang perang pambayad si Tambaloslos dahil frozen na ang mga bank accounts assets at insurance policies nya. Wala ng boboto sa plenary. Gabaan. ,2047807269719687416,,cruzkaren53,tl,,0,0,0,https://x.com/undefined/status/2047807269719687416,44298981,
2047679792443727906,Fri Apr 24 22:37:41 +0000 2026,0,@raquoelle Beginilah nasib anak broken home mamah gonta ganti paph ikut perang gak balik balik.,2047807216061919606,,raquoelle,in,,0,0,0,https://x.com/undefined/status/2047807216061919606,874950438,
2047656828486418599,Fri Apr 24 22:34:45 +0000 2026,0,@baseconvo keadaan dunia si lebih tepat nya nder kita bener bener ada di akhir zaman tanda tanda nya udh makin banyak apalagi skrg perang waduhhh kuatin iman kalian masing masing,2047806479894536327,,baseconvo,in,,0,0,0,https://x.com/undefined/status/2047806479894536327,1166351720634617858,
2047692893842985445,Fri Apr 24 22:32:29 +0000 2026,0,@Skyline45295066 @babijoged di SG kondisi nya gimana ka? ini emg dunia ya gk baik baik aja karna efek perang,2047805907820797994,,Skyline45295066,in,,0,0,0,https://x.com/undefined/status/2047805907820797994,1166351720634617858,
2047805314322604074,Fri Apr 24 22:30:07 +0000 2026,6,# Gawat! Jangan-Jangan Terjadi Perang Dunia Ketiga Ketegangan global kembali meningkat konflik di berbagai wilayah semakin terbuka dan wacana tentang kemungkinan perang besar mulai sering terdengar. Simak Selengkapnya: https://t.co/iZ2rBSI9RL https://t.co/URaqFJVize,2047805314322604074,https://pbs.twimg.com/amplify_video_thumb/2047805144201613312/img/YsgrF1SzA9SzGL-U.jpg,,in,,0,0,4,https://x.com/undefined/status/2047805314322604074,3120590035,
2042048338720436245,Fri Apr 24 22:29:24 +0000 2026,0,@football_hrt @yudkus02 see tetap konteksnya perang. gue bisa membunuh orang yg menyerang gue dan mau memperkosa anak gue agama lo gak ngebolehin gue membunuh orang yg mau memperkosa anak gue mkanya agama lo agama FAILED gak sesuai hukum TORAH AWOKOKWOKOK,2047805131262140517,,football_hrt,in,,0,1,0,https://x.com/undefined/status/2047805131262140517,1611127122655055876,
2047257552073986535,Fri Apr 24 22:28:42 +0000 2026,0,@ArtaN7707 Halah Jenderal jaman sudah merdeka paling 99% dari kalian cuma perang di Tim Tim Aceh dan Papua jd pasukan Garuda juga blm tentu kalah sama kakek Pakde bapak q.. Pangkat kecil cuma perwira pertama tapi di makam kan di TMP pahlawan perang melawan penjajah jadi jgn sombong,2047804954191217052,,ArtaN7707,in,,0,0,0,https://x.com/undefined/status/2047804954191217052,1931744440676401152,
2042048338720436245,Fri Apr 24 22:24:13 +0000 2026,0,@football_hrt @yudkus02 konteks quran juga perang Tuhan kau tiga gak ada perintah moses nyembah tuhan tiga awokwokwowkok,2047803825944465485,,football_hrt,in,,0,1,0,https://x.com/undefined/status/2047803825944465485,1611127122655055876,
2047803816972841093,Fri Apr 24 22:24:10 +0000 2026,0,Kalau China takut perang buat aja proxy di Timur Tengah untuk melakukan tindakan ofensif ke Israel.,2047803816972841093,,,in,,0,0,0,https://x.com/undefined/status/2047803816972841093,1026058447593164800,
2047694004939350046,Fri Apr 24 22:19:44 +0000 2026,0,@erlanishere Amal al Khalil semasa hidupnya katakan bhwa dia mendapat ancaman dibunuh bhkan jauh sebelum perang US-Iran. https://t.co/B3gPrNJuvA,2047802700402954260,https://pbs.twimg.com/ext_tw_video_thumb/2047802583922946048/pu/img/RynPhJZxEh0clwos.jpg,erlanishere,in,,0,0,1,https://x.com/undefined/status/2047802700402954260,1654839077076873220,
2047457841418543189,Fri Apr 24 22:17:14 +0000 2026,0,@anfess_ Sekilas gw bacanya komedian perang. Efek bangun tidur ,2047802072138207432,,anfess_,in,,0,0,0,https://x.com/undefined/status/2047802072138207432,3284269159,
2047801611863679358,Fri Apr 24 22:15:25 +0000 2026,0,Adanya perang Iran AS yg menyebabkan selat Hormuz ditutup membuat penjualan mobil listrik meningkat tajam dibeberapa negara sprti Australia dan Jepang.Diantara 3 pabrikan(TESLA KIA BYD) coba tebak mana yg paling CUAN,2047801611863679358,,,in,,0,0,0,https://x.com/undefined/status/2047801611863679358,2437953258,
2042048338720436245,Fri Apr 24 22:15:06 +0000 2026,0,@aesculapiusw @yudkus02 Itu konteks karena perang. Tapi secara spesifik dilarang. Tidak ada perintah untuk diperbolehkan membunuh tidak seperti di alquran yg ada bilang boleh membunuh. Balik ke 10 perintah Allah ini ditulis Tuhan loh kok dikitab anda ga ditulis?,2047801532788425137,,aesculapiusw,in,,0,1,0,https://x.com/undefined/status/2047801532788425137,1723316515465015296,
2047619395921625096,Fri Apr 24 22:12:08 +0000 2026,0,@idextratime Duit nya buat si ono hasil rugi perang,2047800787456422019,,idextratime,in,,0,0,0,https://x.com/undefined/status/2047800787456422019,3299518345,
2047763650556068128,Fri Apr 24 22:11:44 +0000 2026,0,@piwjuwi perang belum usaii ,2047800685291614669,,piwjuwi,in,,0,0,0,https://x.com/undefined/status/2047800685291614669,2043299565810663424,
2047800658850713739,Fri Apr 24 22:11:38 +0000 2026,0,DUA VISI PERANG DAN KEKUASAAN https://t.co/Z8ydWu2gbP,2047800658850713739,,,in,,0,0,0,https://x.com/undefined/status/2047800658850713739,1909108680026656768,
2047800244612837469,Fri Apr 24 22:09:59 +0000 2026,0,sehat sehat kak perang sama orang gila gambar kucing ,2047800244612837469,,,in,,0,0,0,https://x.com/undefined/status/2047800244612837469,1801980143340306432,
2047800235347644526,Fri Apr 24 22:09:57 +0000 2026,0,Penyembahan berhala emang harusndi. hancurkan Serangan terhadap Kaabah bukan oleh Kristen saja banyak nih saya berikan data dari https://t.co/1TTDyJtTrj 5 Peristiwa Sejarah Ka bah Ditutup dari Perang hingga Wabah https://t.co/nxrMPUFR6u,2047800235347644526,,,in,,0,2,0,https://x.com/undefined/status/2047800235347644526,1743939521673367552,
2047799172150267983,Fri Apr 24 22:05:43 +0000 2026,0,Morning all baru membangun mimpi gw super duper random anjir masa gw jadi bagian perang dan kena bom ,2047799172150267983,,,in,,0,1,0,https://x.com/undefined/status/2047799172150267983,2015450613421871104,
2047483613990834646,Fri Apr 24 21:59:31 +0000 2026,0,@landakmurah @epicmnw sumber ? bible kah om ? kitabnya kristod ? yg surganya perang lawan naga dan nyanyi2 gajelas beda banget yaa. di dunia kristod bebas ngapain aja ,2047797611307098314,,landakmurah,in,,0,0,0,https://x.com/undefined/status/2047797611307098314,1925477099412103170,
2047263211838415216,Fri Apr 24 21:58:43 +0000 2026,0,@menuembegejelek Kalo melaporkan sudah best banget seperti jurnalis perang,2047797410961997997,,menuembegejelek,in,,0,0,0,https://x.com/undefined/status/2047797410961997997,1567732912757559296,
2047483613990834646,Fri Apr 24 21:58:09 +0000 2026,0,@PriyadiDj @LazibM67506 @epicmnw surga kristod perang lawan naga ya om ? trus nyanyi2. krna di dunia udh enak ngws sana sini makan makanan yg dilarang di agama Abrahamik dan melakukan bnyak kenikmatan. dosa udh ditebus ya om ? jdi di dunia bebassss. agama yg gda aturannya kitab aja anonim,2047797269215482346,,PriyadiDj,in,,0,0,0,https://x.com/undefined/status/2047797269215482346,1925477099412103170,
2047601281938936281,Fri Apr 24 21:51:08 +0000 2026,2,@penduduk_lokal_ @imutimutmu Urgensinya membentuk batalyon sebanyak itu apa ? Mau perang ? Saat ini banyak perwira tanpa meja alias gak punya jabatan. Apakah pembentukan batalyon baru ini untuk mengakomodir para perwira tanpa jabatan itu ? Sdh tau byk perwira non job tp penerima Akmil makin banyak ?,2047795502973075681,,penduduk_lokal_,in,,0,0,0,https://x.com/undefined/status/2047795502973075681,1604464529278373888,
2047795420659888195,Fri Apr 24 21:50:49 +0000 2026,4,Buti pa ito nagsoli na ng perang ninakaw niya. Eh si BOBOng Revilla sinoli na ba niya ang P124M na pinapasoli sa kanya ng korte ilang taon na? O sadyang makapal lang talaga ang pagmumuka niya? === https://t.co/fKTImMFoxb,2047795420659888195,,,tl,,0,0,0,https://x.com/undefined/status/2047795420659888195,1575368263986737153,
2047794861173346764,Fri Apr 24 21:48:35 +0000 2026,0,Trump suruh bikin kopdes jg biar ga perang mulu!,2047794861173346764,,,in,,0,0,0,https://x.com/undefined/status/2047794861173346764,236235596,
2047518298452160548,Fri Apr 24 21:43:33 +0000 2026,0,@insidefolkative 2) grgr war? Ini mah indo ga bisa antisipasi apa² murni di luar kendali. Selama ada perang RP kita lemah itu udh pasti karna kita masih negara berkembang. 3) grgr ponakan 08 jd direktur BI? Dan ini makin memperparah track record Indonesia blass pokonya.,2047793592283074827,,LuckyGambler14,in,,0,1,0,https://x.com/undefined/status/2047793592283074827,1552491185939156993,
2047792084674019719,Fri Apr 24 21:37:33 +0000 2026,1,04:36 WIB ... Waktunya Shalat #Subuh Dan sungguh Allaah telah menolong kamu dalam Perang Badar padahal kamu dalam keadaan lemah. Karena itu bertakwalah kepada Allaah agar kamu mensyukuri Nya. (QS. Ali Imran : Ayat 123) #Qabliyah #Dzikir_Pagi,2047792084674019719,,,in,,0,0,0,https://x.com/undefined/status/2047792084674019719,1353853592541794305,
2047783003355566314,Fri Apr 24 21:32:53 +0000 2026,0,@antonioguterres @UNIFIL_ BIADAB PASUKAN PENJAGA PERDAMAIAN DI LEBANON DARI INDONESIA GUGUR DIBUNUH OLEH PENJAHAT PERANG. RAKYAT INDONESIA BERDUKA DAN MARAH KEPADA MEREKA.,2047790908297683156,,antonioguterres,in,,0,0,0,https://x.com/undefined/status/2047790908297683156,1172883421900627970,
2047676143072051659,Fri Apr 24 21:28:07 +0000 2026,0,@kompascom Ancaman ini sama aja dg mereka adalah penjahat perang ngelunjak!,2047789710463140176,,kompascom,in,,0,0,0,https://x.com/undefined/status/2047789710463140176,3253452510,
2047596637061882310,Fri Apr 24 21:24:35 +0000 2026,1,@RBrutal90 Gw mbantah Islam ?? Justru gw mnyampaikan Sejarah Islam Apa Adanya Tanpa Sensor. Kubu Abu bkr n kubu Ali tidak Mufakat utk mnentukan siapa Khalifah pasca Mhmd mati Puncaknya adlh Perang Jamal 656 Aisyah-Putri Abu bkr vs Ali. Elu yg mbantah Sejarah Agamamu sendiri. ,2047788822092738779,,RBrutal90,in,,0,0,1,https://x.com/undefined/status/2047788822092738779,1581056184710180865,
2047609989670527126,Fri Apr 24 21:24:03 +0000 2026,0,@shineshshine Iya sih ditambah perang jg apa2 makin mahal... Duh gws deh,2047788686365065453,,shineshshine,in,,0,0,0,https://x.com/undefined/status/2047788686365065453,2036650934105931777,
2047788073271128294,Fri Apr 24 21:21:37 +0000 2026,0,Bnran lagu perang bjir siapa sangka,2047788073271128294,,,in,,0,0,0,https://x.com/undefined/status/2047788073271128294,993868253163241472,
2047788032129106214,Fri Apr 24 21:21:27 +0000 2026,0,perang lagi yak? Bisa ngga ya? bapak doain adek dari sana ya,2047788032129106214,,,in,,0,0,0,https://x.com/undefined/status/2047788032129106214,1504063097790554112,
2047787680973689321,Fri Apr 24 21:20:03 +0000 2026,0,Iran Terbelah: Pilih Perang atau Damai Usai Trump Perpanjang Gencatan Senjata https://t.co/W1E2t8rV2V,2047787680973689321,,,in,,0,0,0,https://x.com/undefined/status/2047787680973689321,881471378775449601,
2047601439082750173,Fri Apr 24 21:16:34 +0000 2026,0,@tempodotco Drpd nganggur ngga kepake buat perang mending ngerjain kerjaan sipil yekan,2047786803089096852,,tempodotco,in,,0,0,0,https://x.com/undefined/status/2047786803089096852,1597999718717886466,
2047785515857088659,Fri Apr 24 21:11:31 +0000 2026,0,dan sekarang aing sadar buat gak terbawa sejauh nanti nya buat mencegah konflik yg bisa memicu perang Shinobi yang melibatkan TNI sehingga memaksa negara mengirimkan MBG agar tidak kehabisan cakra,2047785530310733864,,Naufal___14,in,,0,1,0,https://x.com/undefined/status/2047785530310733864,1699359158578094080,
2047601281938936281,Fri Apr 24 21:04:44 +0000 2026,0,@penduduk_lokal_ Lebih setuju modernisasi alusista sih karena sekarang 1 drone bisa hancurkan 1 markas kalau lihat perang Iran vs Israel.,2047783826341188001,,penduduk_lokal_,in,,0,0,0,https://x.com/undefined/status/2047783826341188001,949105571717824513,
2047782779442876789,Fri Apr 24 21:00:35 +0000 2026,0,Australia is THE BEST THING from nuclear attack preparation siapin duit 10-15 miliar untuk satu rumah titik terjauh dari zona Perang Nuklir Asia Indonesia adalah Mercusuar dan Benteng Terakhir counter ICBM Nuklir(jangwe nyasar) first BRAHMOS next PATRIOT AUSTRALIA ENGLAND DOME https://t.co/4BuICB2Vnx,2047782779442876789,https://pbs.twimg.com/media/HGsvlcPa0AANfqb.jpg,,in,,0,0,0,https://x.com/undefined/status/2047782779442876789,970670063370977281,
2047782156848816505,Fri Apr 24 20:58:06 +0000 2026,0,faza diup di ig ims kayak mau perang baratayudha,2047782156848816505,,,in,,0,0,0,https://x.com/undefined/status/2047782156848816505,1373903716688916481,
2047779519906373702,Fri Apr 24 20:47:38 +0000 2026,3,Gilaaa Orang Indonesia LAGI SEBAR MASSAL DEMAM KETAKUTAN! Masiv BANGAT GERAKAN JATUHKAN PEMERINTAH lewat EKONOMI..! Kalau RI TEGAS dan PERANG WATAK di SELAT MALAKA mk NEGARA yg sdg PERMAINKAN INDONESIA akan LIHAT TARING NISANTARA https://t.co/sjW8s11kzn,2047779519906373702,https://pbs.twimg.com/media/HGssnqFWUAAQpRc.jpg,,in,,0,2,0,https://x.com/undefined/status/2047779519906373702,394675941,
2046091222830477815,Fri Apr 24 20:36:54 +0000 2026,0,@Juragann_muda2 @aesculapiusw Ya benar. Dan itu dinamika yg tidak menjadi landasan fixed karena tidak tercatat dalam kitab suci. Saat dibidatkan malah terjadi perang bukan bekerja sama. Tp nabimu bersahabat dengan yg Anda bilang sempalan.,2047776819093656033,,Juragann_muda2,in,,0,0,0,https://x.com/undefined/status/2047776819093656033,1779709136630120448,
2045707502311063595,Fri Apr 24 20:22:27 +0000 2026,0,@Winmo18 @J_a2y0 @TxtdariHI Dulu aja waktu perang tarif lawan China Amerika yg KO diembargo logam tanah jarang nangis Bombay kenapa demikian Krn 90 persen industri militer dan hight technologi Amerika bergantung ke China kita liat aja nanti Paing juga nangis Bombay lagi,2047773182262927429,,Winmo18,in,,0,0,0,https://x.com/undefined/status/2047773182262927429,1280091487208792066,
2045707502311063595,Fri Apr 24 20:10:30 +0000 2026,0,@Winmo18 @J_a2y0 @TxtdariHI Menurutmu faktanya selama perang seluruh rakyat Iran berbondong bondong dukung rezim malah skrg udah 30 JT rakyat Iran siap jadi wajib militer dan udah mendaftarkan diri ini bukti kecintaan mrk ke rezim ,2047770176142405927,,Winmo18,in,,0,1,0,https://x.com/undefined/status/2047770176142405927,1280091487208792066,
2045707502311063595,Fri Apr 24 20:04:18 +0000 2026,0,@Winmo18 @J_a2y0 @TxtdariHI Dia hanya menunggu aja sampai tgl 1 mei nanti Amerika skrg panik sendiri waktu makin mepet smtr semua tujuan perang gagal semua,2047768617790706076,,Winmo18,in,,0,0,0,https://x.com/undefined/status/2047768617790706076,1280091487208792066,
2047619981006029219,Fri Apr 24 20:03:05 +0000 2026,0,@efoseptiawan_29 @ceoSeorangAnime @KapudS640 Harga naik itu bukan cuma faktor pemerintah. Ada global. Harga energi dan pangan dunia memang lagi naik. semoga aja kelar itu main perang perangannya,2047768309781909792,,efoseptiawan_29,in,,0,0,0,https://x.com/undefined/status/2047768309781909792,321277553,
2047456079152632130,Fri Apr 24 20:02:39 +0000 2026,0,@MuhammadTuhasan lah dia yg mulai perang kurang ajar,2047768202684580192,,MuhammadTuhasan,in,,0,0,0,https://x.com/undefined/status/2047768202684580192,992629905786519552,
2047767147745784118,Fri Apr 24 19:58:28 +0000 2026,3,perang batin lagi kalau diputusin nanti aku gimana kalau ngga diputusin makan ati terus,2047767147745784118,,,in,,0,2,0,https://x.com/undefined/status/2047767147745784118,1627202403115360256,
2047502120749027521,Fri Apr 24 19:54:48 +0000 2026,0,@NenkMonica Kenapa tentara ngurusin kebakaran ya? Ada jg tentara disuruh nanam2 ada jg yg jd tukang masak.. Latihan pak.. kalo ada perang kan ga akan urus kebakaran..,2047766226466935180,,NenkMonica,in,,0,0,0,https://x.com/undefined/status/2047766226466935180,1807124922084544512,
2047502120749027521,Fri Apr 24 19:48:30 +0000 2026,0,@NenkMonica Biarin aja...xrpd gak ada kerjaan. Maju ke medan perang? Kan enggak ada perang. Lagian kalo jd damkar mungkin akan lebih HUMANIS dan jadi multi talenta. Bisa nolongin nyelametin kucing nolongin orang ambil kunci yg kecebur got nangkep uler nerima curhatan rakyat dll,2047764642194457097,,NenkMonica,in,,0,0,0,https://x.com/undefined/status/2047764642194457097,1683918939167035393,
2047617168880398340,Fri Apr 24 19:43:06 +0000 2026,0,@glrhn @bopo_jodhipati ya sama2 menguntungkan dan sama2 ga ada yg perlu di permasalahkan. berbeda itu bukti bahwa kita hidup berdampingan dengan orang lain. Bukan syarat untuk malah menjadi perselisihan sampai saling menyerang. kalau kaya gitu beda warna kulit dkit bisa perang nanti.,2047763281247666598,,glrhn,in,,0,0,0,https://x.com/undefined/status/2047763281247666598,1712897463299067904,
2047761281973940709,Fri Apr 24 19:40:35 +0000 2026,0,@manusia_kumal ekonomi perang pemerintah indon yg gjls bikin badmood shibal,2047762648599859685,,manusia_kumal,in,,0,1,0,https://x.com/undefined/status/2047762648599859685,1847092294811635715,
2047762510980489513,Fri Apr 24 19:40:02 +0000 2026,0,#BrothersUnderFire (Highland/2026) sut Justin Chadwick. Peleton dpp Kapt Jordan veteran perang Suriah pulang ke AS. Anggotanya Alberto menikahi Isabella di Meksiko. Bentrok dg kartel. Pecah perang lokal melawan puluhan preman. Skrip n gaya tutur gampangan ala wildwest modern https://t.co/Sh0EMRjUMt,2047762510980489513,https://pbs.twimg.com/media/HGsdJu7awAAw8W3.jpg,,in,,0,0,0,https://x.com/undefined/status/2047762510980489513,1575338724,
2047762185921917252,Fri Apr 24 19:38:45 +0000 2026,0,Akun ini tl nya masih aktif ngomongin politik indonesia keadaan rupiah yang makin ancur dan perang. Idup gue di akun sebelah bener-bener isinya bangtan aja kaya damai aman sentosa. Balik kesini puyeng lagi inget kenyataan,2047762185921917252,,,in,,0,0,0,https://x.com/undefined/status/2047762185921917252,272322352,
2047727476789711359,Fri Apr 24 19:32:01 +0000 2026,2,@go_eggy Wihhh Perang dunia ketiga nih padahal terkenal banget si cetang biru itu,2047760493973258481,,go_eggy,in,,0,1,0,https://x.com/undefined/status/2047760493973258481,1352426700072607745,
2047760236594012376,Fri Apr 24 19:31:00 +0000 2026,0,Cuma bisa menghela nafas dari kemarin X isinya rupiah makin turun harga buah yang mahal perang IHSG MBG KS dll. I have no words semoga kita semua bisa bertahan di kondisi seperti ini.,2047760236594012376,,,in,,0,0,0,https://x.com/undefined/status/2047760236594012376,250912721,
2047127273808257350,Fri Apr 24 19:30:54 +0000 2026,0,@nisstantnoodle tapi ni bocil sadar aja mulutnya asbun bgt keknya bahaya deh klo mabora sambil live bisa² strategi perang jga dia spill,2047760212430586264,,nisstantnoodle,in,,0,0,0,https://x.com/undefined/status/2047760212430586264,1575309275718914050,
2047760105232539745,Fri Apr 24 19:30:29 +0000 2026,0,Ketemu org yg bisa diajak ngobrol dari receh sampe ke perang dunia ketiga,2047760105232539745,,,in,,0,0,0,https://x.com/undefined/status/2047760105232539745,1404282161323118595,
2046921924106989888,Fri Apr 24 19:22:58 +0000 2026,0,@kgph_ario Dikanaan mula2 ada bangsa Phillistine yg diperangi Israel utk dikuasai tanahnya. Krn kalah perang suku suku aslinya ngikut membaur ada yg jatuh cinta nikah beranak pinak walaupun saat itu Allah melarang krn Allah tau bakal tergoda ikut paganisme tnyata benar &amp; terjadi,2047758213634998593,,kgph_ario,in,,0,0,0,https://x.com/undefined/status/2047758213634998593,1335177409012719616,
2047754372566966316,Fri Apr 24 19:07:42 +0000 2026,0,seperti perang di kepala lagiiii,2047754372566966316,,,in,,0,0,0,https://x.com/undefined/status/2047754372566966316,1202415751547650048,
2047752685504668024,Fri Apr 24 19:01:00 +0000 2026,0,Dikritik Pangeran Harry soal Perang Ukraina Trump: Dia Tak Mewakili Inggris https://t.co/cY7ucrMMET,2047752685504668024,,,in,,0,0,0,https://x.com/undefined/status/2047752685504668024,132078023,
2047751981188706780,Fri Apr 24 18:58:12 +0000 2026,0,Pikiranku perang setiap hari ,2047751981188706780,,,in,,0,0,0,https://x.com/undefined/status/2047751981188706780,1134374883629064192,
2047601439082750173,Fri Apr 24 18:58:00 +0000 2026,0,@tempodotco Gibran wapres sudah mempunyai program Coding AI Asimetris infra merah Hidup @gibran_tweet Kalau amarika punya kapal perang nuklir Indonesia punya kapal perang Biodesel,2047751931230122356,,tempodotco,in,,0,0,0,https://x.com/undefined/status/2047751931230122356,1138988249358196736,
2047749233521152218,Fri Apr 24 18:47:17 +0000 2026,0,Netanyahu mengungkap perawatan kanker prostat stadium awal saat Israel masih menghadapi tekanan perang dan sorotan atas transparansi kesehatannya. https://t.co/CzOxVX7qvE,2047749233521152218,,,in,,0,0,0,https://x.com/undefined/status/2047749233521152218,1963819358410706944,
2047553150383767634,Fri Apr 24 18:45:50 +0000 2026,0,@Dzulfahmi98 top five dari aku so far: bertamu dalam perang giza tsunami tentang aku naik,2047748867807236101,,Dzulfahmi98,in,,0,0,0,https://x.com/undefined/status/2047748867807236101,1221282856988598273,
2047092490948518166,Fri Apr 24 18:42:54 +0000 2026,0,@adanginyah waktu KKN kah ini? Asli yakin gw langsung absurd si cowo langsung tiap denger suara si cewek yg dia mau langsung panas dan pengen sendiri mulu. Kocak bener nt nt Dann selama balik ke kampus pasti perang sama pikirannya sendiri,2047748132298244282,,adanginyah,in,,0,0,0,https://x.com/undefined/status/2047748132298244282,1774161588607729664,
2047747539622039711,Fri Apr 24 18:40:33 +0000 2026,0,PERANG ANTAR ROBOT YG MENGHANCURKAN BUMI | Alur Film Nine (2009),2047747539622039711,,,in,,0,0,0,https://x.com/undefined/status/2047747539622039711,2038934216855957504,
2047746814540120459,Fri Apr 24 18:37:40 +0000 2026,3,Perang dunia ke 3 aja deh udah ga tau progresnya smpai mna ini https://t.co/PjYR5W5eUX,2047746814540120459,https://pbs.twimg.com/media/HGsO2ewakAAWl_y.jpg,,in,,0,0,0,https://x.com/undefined/status/2047746814540120459,2024399789304270850,
2047557138357342282,Fri Apr 24 18:35:54 +0000 2026,0,@Trystanto2 Sebelum menyalahkan asap permasalahkan dulu apinya. Dan sebelum bicara UNCLOS bicara dulu tentang Piagam PBB atau mundur ke belakang Piagam Den Haag 1907 tentang perang. Apakah Iran harus diam saja setelah 47 tahun dicekik AS lalu diserang tanpa deklarasi perang dengan,2047746371688841687,,Trystanto2,in,,0,0,0,https://x.com/undefined/status/2047746371688841687,1230485443780571136,
2047745764714328408,Fri Apr 24 18:33:30 +0000 2026,0,Sebagai survivor perang besar lovelive vs imas dan vs bangdream. This is valid,2047745764714328408,,,in,,0,0,0,https://x.com/undefined/status/2047745764714328408,1694995960676663296,
2047669373599703311,Fri Apr 24 18:32:55 +0000 2026,0,@Takehirohayaku @AbabilSemprong @HoldenKlasik Akhirnya utk menyelesaikan perang suksesi tsb VOC mempertemukan 3 pihak yang bertikai dalam sebuah perjanjian yg disebut perjanjian Giyanti. Yaitu membagi wilayah Mataram Kartasura menjadi 3 (Palihan Nagari) Kasunanan Surakarta Kasultanan Yogyakarta Kadipaten Mangkunegaran.,2047745620044398821,,kalalampau,in,,0,1,0,https://x.com/undefined/status/2047745620044398821,1804592214427013120,
2047672507554284013,Fri Apr 24 18:31:17 +0000 2026,1,@AyaniMel Ajaran islam diperbolehkan berbohong dalam 3 hal terutama didalam perang jadi jika Iran kalah menyatakan diri menang itu jadi bahan tertawaan dunia kecuali mereka yang bodoh yang percaya pernyataan propoganda mereka bshwa mereka menang,2047745205982695920,,AyaniMel,in,,0,0,0,https://x.com/undefined/status/2047745205982695920,1458273598557220866,
2047684623598260681,Fri Apr 24 18:24:05 +0000 2026,0,@danielumar_ Langsung perang dunia ke 4 sih Niel,2047743394185912710,,danielumar_,in,,0,0,0,https://x.com/undefined/status/2047743394185912710,1159981245398278144,
2047743074370265456,Fri Apr 24 18:22:48 +0000 2026,0,Turut berduka cita. Berhentilah perang ini,2047743074370265456,,,in,,0,0,0,https://x.com/undefined/status/2047743074370265456,135065877,
2047742936704823671,Fri Apr 24 18:22:15 +0000 2026,0,ni kasur dh kek battlefield isinya darah krn abis perang sama nyamuk,2047742936704823671,,,in,,0,0,0,https://x.com/undefined/status/2047742936704823671,919436972447240192,
2047741926208860539,Fri Apr 24 18:18:15 +0000 2026,0,Siapa la buat content kata perang dunia kalau berlaku kawasan ASEAN paling selamat . ,2047741926208860539,,,in,,0,0,0,https://x.com/undefined/status/2047741926208860539,1595122243553857538,
2047708322447675819,Fri Apr 24 18:17:06 +0000 2026,0,@sugondese6666 Mau perang ama siapa ahh MoD,2047741640580755583,,sugondese6666,in,,0,0,0,https://x.com/undefined/status/2047741640580755583,1317642444,
2047644533375279463,Fri Apr 24 18:16:03 +0000 2026,1,@Saham_fess Outflow dari asing soalnya dari msci kmrn trus perang kakek jadi ny asing lebih milih megang usd,2047741375735844925,,Saham_fess,in,,0,0,0,https://x.com/undefined/status/2047741375735844925,1339258905378004992,
2047741259037720848,Fri Apr 24 18:15:36 +0000 2026,1,-Krisis 1998? itu memang badai global IMF turun tangan. -Pandemi 2020? Semua negara babak belur. Sekarang? rekor nilai rupiah teranjlok sepanjang sejarah republik ini berdiri. Gaada pandemi gaada perang di halaman kita. Tapi rupiah tetap di titik ini yg disalahin tetep asing,2047741259037720848,,,in,,0,0,0,https://x.com/undefined/status/2047741259037720848,1550231150831890433,
2047661972985106561,Fri Apr 24 18:15:05 +0000 2026,0,@draccaarrys Usum perang eg,2047741131241427238,,draccaarrys,in,,0,0,0,https://x.com/undefined/status/2047741131241427238,1738284151713984512,
2047739684584030246,Fri Apr 24 18:09:20 +0000 2026,6,And if you know top issue global saat ini bakalan lebih overthinking lagi!! Why??? Karna negara kita mostly impor semua hal. So semua issue global bahkan yang bukan karena perang aja harusnya jadi big concern to masing-masing mentri. Banyak lho masalah kita gesss,2047739684584030246,,,in,,0,0,0,https://x.com/undefined/status/2047739684584030246,1057140690402955264,
2047739096051982439,Fri Apr 24 18:07:00 +0000 2026,14,lebih sayang sama diri sendiri. notice hal baik yg dimiliki diri sendiri kalian tuh ada plusnya masing masing loh. acknowledge itu ! km tuh manusia ada minus pasti ada plus badanya jangan di pakai perang terus. kasih istirahat . https://t.co/JtgSxwtovq,2047739096051982439,https://pbs.twimg.com/media/HGsH2k1boAA4W7s.jpg,,in,,0,0,1,https://x.com/undefined/status/2047739096051982439,1604369207763705856,
2047302382850338887,Fri Apr 24 18:01:50 +0000 2026,0,@YakoMiga @mrtweepsID Mungkin dia pengen jd wni biar gak kena perang kali,2047737798342721908,,YakoMiga,in,,0,0,0,https://x.com/undefined/status/2047737798342721908,1887513752033222656,
2047736254041862576,Fri Apr 24 17:55:42 +0000 2026,0,Investasi Anthropic oleh Alphabet menandai babak baru perang AI saat modal cloud dan komputasi menjadi senjata utama industri global modern. https://t.co/I7LJh9x62t,2047736254041862576,,,in,,0,0,0,https://x.com/undefined/status/2047736254041862576,1963819358410706944,
2047735178383302965,Fri Apr 24 17:51:26 +0000 2026,0,Ini gmna yaa? Kek udh ngeri smua. Appa2 mahal perang juga td gw beli pertalite di eceran udh gak jual ktanyaaa langkaaa.,2047735178383302965,,,in,,0,0,0,https://x.com/undefined/status/2047735178383302965,231731981,
2047335968273997884,Fri Apr 24 17:51:23 +0000 2026,0,@bckupacc99 Your country Boleh sebab on perang kat selat melaka why tf did your president sign that deal with usa???,2047735167842939235,,bckupacc99,en,,0,0,0,https://x.com/undefined/status/2047735167842939235,1486895170666708993,
2047658150179078401,Fri Apr 24 17:39:02 +0000 2026,0,@cryptoluck33 @dhemit_is_back Coba mas urus klitih yang mainnya udah seperti perang gerilya.,2047732058441814018,,cryptoluck33,in,,0,0,0,https://x.com/undefined/status/2047732058441814018,17066529,
2047578790268997928,Fri Apr 24 17:31:23 +0000 2026,0,@tempodotco Kalo bukan utk perang lawan asing ini kayaknya utk mempertahankan diri dari rakyatnya sendiri deh karena tau jumlah rakyat masih jauh lebih besar,2047730132258058502,,tempodotco,in,,0,0,0,https://x.com/undefined/status/2047730132258058502,1603590210431746048,
2047729864292421762,Fri Apr 24 17:30:19 +0000 2026,2,gua bersyukur sih punya pacar si el kalo lagi sibuk gini pasti minim ngobrol. gua baru balik jam 12an dini hari paling cepet dia dah tidur pasti. gua berangkat subuh dia masih tidur kadang. kaga kebayang kalo gua pacaran selain sama el bakal perang mulu kali ya? sayang el.,2047729864292421762,,,in,,0,4,1,https://x.com/undefined/status/2047729864292421762,2000099285833322497,
2047695599798264018,Fri Apr 24 17:27:59 +0000 2026,0,@withfel PERANG BGT KAK?,2047729278553596117,,withfel,in,,0,0,0,https://x.com/undefined/status/2047729278553596117,1822624097983135744,
2047727657371238807,Fri Apr 24 17:21:33 +0000 2026,0,kurang ajar tweet ini lwatnya tengah malem plus lagu perang telah usai anjiir ,2047727657371238807,,,in,,0,0,0,https://x.com/undefined/status/2047727657371238807,1476897964987609093,
2047727532506824764,Fri Apr 24 17:21:03 +0000 2026,0,https://t.co/zG1iI3m9TG #video​ #tenismeja​ #pingpong​ #tabletennis​ #olahraga​ #sport​ #pingpong​ #smash​ #spin​ #rajawali​ #ptmrajawali​ #bekasi​ #indonesia​ #iran​ #khamenei​ #israel​ #amerika​ #amerikaserikat​ #perang,2047727532506824764,,,und,,0,0,0,https://x.com/undefined/status/2047727532506824764,148174711,
2047727426491548062,Fri Apr 24 17:20:38 +0000 2026,0,Ternyata emang udah di setting perang jadi lama https://t.co/wln5IzY8B5,2047727426491548062,https://pbs.twimg.com/media/HGr9PKEakAAFcWr.jpg,,in,,0,0,0,https://x.com/undefined/status/2047727426491548062,1536955836517728258,
2047727290306678788,Fri Apr 24 17:20:05 +0000 2026,0,tapos di pa din maintindihan ng mga bobong du30 supporters yan. panay paniwala pa din na malinis ang mga perang pinanggalingan ng mga du30 kahit napaka imposibleng kitain yan sa maikli o mahabang panahon pa man. fck du30 and their supporters!!! wake up!!!!,2047727290306678788,,,tl,,0,0,0,https://x.com/undefined/status/2047727290306678788,1930422798813642752,
2047234612385198150,Fri Apr 24 17:14:35 +0000 2026,1,@aylspark @xaniimals ini lanjutan 10 alasan kenapa lu ga boleh perang ,2047725904609292715,,aylspark,in,,0,1,1,https://x.com/undefined/status/2047725904609292715,1629122446937985024,
2047599523682525560,Fri Apr 24 17:12:46 +0000 2026,0,@SpieltagIndo Smua diajak perang sama anjing benhan,2047725449049215446,,SpieltagIndo,in,,0,0,0,https://x.com/undefined/status/2047725449049215446,1893288829622329344,
2047687737206313256,Fri Apr 24 17:10:53 +0000 2026,2,@ketjoanzwl @lilaccountz bayangin aja jaman perang china dulu (battle of changping) 400ribu orang dikubur hidup2 harusnya juj majuj dan dajjal bakal bikin kerusakan lebih parah daripada itu ya jauh,2047724975965262123,,ketjoanzwl,in,,0,0,0,https://x.com/undefined/status/2047724975965262123,310070078,
2047719876530524337,Fri Apr 24 17:10:19 +0000 2026,0,@serraphruby FLISHHH AKULAH SI DUTA MEME ITU MARI KITA PERANG MEME https://t.co/WVWnoFYHQh,2047724831383368059,https://pbs.twimg.com/media/HGr64VraAAA36kH.jpg,serraphruby,in,,0,1,0,https://x.com/undefined/status/2047724831383368059,847834822282063873,
2047108786952053011,Fri Apr 24 17:08:50 +0000 2026,0,Sudah eps 20. Pantes episodenya banyak mampir dulu ke Medan perang kejar2an di berbagai lokasi pula Sampai sini mulai apal nama wajah dan nama karakternya yg banyak itu gak cuma ada second lead couple bahkan ada 3rd couple Luar biasa. Penulisnya kepikiran aja bikin plot,2047724459751244166,,Chitra_hidayati,in,,0,1,0,https://x.com/undefined/status/2047724459751244166,371301318,
2047724378495021155,Fri Apr 24 17:08:31 +0000 2026,0,Apa gw bikin Poppy War au sekalian deh Su watch Boo defect dari Su Daji krn keluarganya mati pas perang pertama tp Su masih kekeh kalau they're on the right path.,2047724380600607230,,lckrnivale,in,,0,1,0,https://x.com/undefined/status/2047724380600607230,1992717708182568960,
2047718521816371500,Fri Apr 24 17:06:28 +0000 2026,0,@21owhyul iyaa jir remuk bgt badan gua abis perang,2047723863300284667,,21owhyul,in,,0,0,0,https://x.com/undefined/status/2047723863300284667,2039766303875981312,
2047601281938936281,Fri Apr 24 17:01:55 +0000 2026,1,@penduduk_lokal_ Bokap gua yg veteran perang ng dumel mulu dan geleng2 kepala terus liat kelakuan pejabat militer sekarang,2047722717777211413,,penduduk_lokal_,in,,0,0,0,https://x.com/undefined/status/2047722717777211413,1122306346609549318,
2047722247075610798,Fri Apr 24 17:00:03 +0000 2026,0,Mulai perang strategi emang pas sih Kim/Seo dipecah jadi MD1 &amp; MD2 sama kuat untuk perpanjang nafas let's see apakah MS berhasil dikunci DEN atau KOR bisa rebut karena kalo MD condong ke KOR,2047722247075610798,,,in,,0,0,0,https://x.com/undefined/status/2047722247075610798,1344142606372990977,
2047722049230242227,Fri Apr 24 16:59:16 +0000 2026,0,Di tahun 2026 ini ada perang USA - Israel vs Iran. Bahan Pokok pada naik terjadi krisis global,2047722049230242227,,,in,,0,0,0,https://x.com/undefined/status/2047722049230242227,714553526,
2047721926672666916,Fri Apr 24 16:59:13 +0000 2026,0,krn kalo diterusin ni jd perang dunia beneran broookkkkk ngentoooottt,2047722040627716469,,y0urnumber0ne,in,,0,0,0,https://x.com/undefined/status/2047722040627716469,1253941600582922240,
2047622669470970256,Fri Apr 24 16:58:42 +0000 2026,0,@hanifproduktif Kereen tapi saran gue jangan beli saham yang terkait perang kaya Palantir Raytheon dkk bro itu duitnya dipake buat ngebantu ngebom Palestina &amp; Iran. Cmiiw,2047721908624380243,,hanifproduktif,in,,0,0,0,https://x.com/undefined/status/2047721908624380243,396516537,
2047663595065086435,Fri Apr 24 16:58:23 +0000 2026,2,@aulovers999 WKWKWK EYI GAK BISA BGT INII (kebalikan km) beneran gak cocok perang si eyi karna dia boker aja milih-milih tempatnya,2047721829708763510,,aulovers999,in,,0,0,0,https://x.com/undefined/status/2047721829708763510,1729843738908987392,
2047721098037608511,Fri Apr 24 16:55:29 +0000 2026,0,Wah nantangin dewa perang modern ni negara radesh UK tu kecill hee ngaca britis peler,2047721098037608511,,,in,,0,0,0,https://x.com/undefined/status/2047721098037608511,1594979711267938304,
2047721036964327900,Fri Apr 24 16:55:14 +0000 2026,0,Donald Trump Ngamuk ke Wartawan saat Ditanya Akhir Perang Iran: Jangan Desak Saya! https://t.co/ApmTRtxdAQ,2047721036964327900,,,in,,0,0,0,https://x.com/undefined/status/2047721036964327900,2392460208,
2047721013711110430,Fri Apr 24 16:55:09 +0000 2026,0,Bayangkan jadi seorang pemegang tombak barisan terdepan. Maju perang bertahan hidup tapi kalah.. Pulang kampung dan meletakkan senjata. Memberi cerita ke anak cucu tentang perang yang agung menutupi kekalahan ,2047721013711110430,,,in,,0,0,0,https://x.com/undefined/status/2047721013711110430,441971537,
2047720972405612649,Fri Apr 24 16:54:59 +0000 2026,0,https://t.co/8VChAhMKzO #video​ #tenismeja​ #pingpong​ #tabletennis​ #olahraga​ #sport​ #pingpong​ #smash​ #spin​ #rajawali​ #ptmrajawali​ #bekasi​ #indonesia​ #iran​ #khamenei​ #israel​ #amerika​ #amerikaserikat​ #perang,2047720972405612649,,,und,,0,0,0,https://x.com/undefined/status/2047720972405612649,148174711,
2047687737206313256,Fri Apr 24 16:53:41 +0000 2026,5,@faith_muhammad @lilaccountz Yaa berarti masa itu kelak terlampau jauh dari masa sekarang bisa ratusan atau ribuan tahun lagi. Kalo back ke zaman batu ya pasti after perang nuklir,2047720645887488093,,faith_muhammad,in,,0,0,0,https://x.com/undefined/status/2047720645887488093,1118742901,
2047720537963766012,Fri Apr 24 16:53:15 +0000 2026,0,dah paling bener taruh di snp500 mo perang sekalipun besoknya langsung ath,2047720537963766012,,,in,,0,0,0,https://x.com/undefined/status/2047720537963766012,1574003417831575552,
2047601439082750173,Fri Apr 24 16:50:50 +0000 2026,1,@tempodotco Perang sekarang lebih dominan rudal hipersonik dan sistem senjata pertahanan udara dengan rudal dan radar canggih bila ingin diperhitungkan oleh bangsa asing.,2047719930708263349,,tempodotco,in,,0,1,0,https://x.com/undefined/status/2047719930708263349,1846749067864625153,
2047656828486418599,Fri Apr 24 16:50:32 +0000 2026,2,@KangK0p1 @baseconvo Sama-sama takutnya tapi ni negara ancur karena pemerintahannya sendiri bukan karena perang dll.,2047719854288076810,,KangK0p1,in,,0,0,0,https://x.com/undefined/status/2047719854288076810,877650854,
2047719750516736276,Fri Apr 24 16:50:07 +0000 2026,0,perang nya ga jadi usai dan belum usai usai hiks i hope besok perang sudah usai guys ,2047719750516736276,,,in,,0,0,0,https://x.com/undefined/status/2047719750516736276,1692546648768233472,
2047683659986342027,Fri Apr 24 16:48:58 +0000 2026,0,@doktermarket Ini yang terjadi sama BBRI BBNI (dan seharusnya juga BMRI) tahun lalu. BBCA terlambat mengalaminya karena 2 tahun kemarin sepertinya masih merasa di atas angin padahal kondisi perang suku bunga sangat sengit.,2047719458605785240,,doktermarket,in,,0,0,0,https://x.com/undefined/status/2047719458605785240,390463409,
2047502120749027521,Fri Apr 24 16:48:31 +0000 2026,0,@NenkMonica Kalau perang lawan opm lari terbirit birit ,2047719343866470813,,NenkMonica,in,,0,0,0,https://x.com/undefined/status/2047719343866470813,1794451186978099200,
2047719129730474467,Fri Apr 24 16:47:39 +0000 2026,0,Konsep perang di kepala Prabowo tuh gimana ya? Rekrutmen kroco TNI digenjot sembari buka dapur umum (embege) dan distribusi logistik yg juga dihandle sama loreng alias kopd*s putih merah Gak nyampe otakku,2047719129730474467,,,in,,0,0,0,https://x.com/undefined/status/2047719129730474467,2013439055619596290,
2047711336248099199,Fri Apr 24 16:47:09 +0000 2026,0,@ghostedeaf siapa yg perang,2047719002647273908,,ghostedeaf,in,,0,0,0,https://x.com/undefined/status/2047719002647273908,2012583408074108928,
2047718032429244691,Fri Apr 24 16:43:19 +0000 2026,0,tbh I don't think 2045 kita masih exist perang makin parah ekonomi turun terus AI ambil kerjaan dari manusia bisa bayangin 20 tahun ke depan kondisi dunia gmn?,2047718037307228480,,leojoons,in,,0,1,0,https://x.com/undefined/status/2047718037307228480,1384852118083829760,
2047488312278184265,Fri Apr 24 16:43:08 +0000 2026,0,@Jangkrikgengg15 Suka tdk suka semua negara islam dunia. Saat ini yg mampu melawan israel hanya iran. Yg lain hanya sebatas kecaman. Perang lawan israel berarti harus siap berperang lawan amerika dan itu fakta. Bukan tdk berani tp itu konyol. Kl hanya alasan solidaritas agama,2047717989215261121,,Jangkrikgengg15,in,,0,0,0,https://x.com/undefined/status/2047717989215261121,1644744365708021760,
2047622669470970256,Fri Apr 24 16:39:34 +0000 2026,1,@md_ruyter37 gue masuk sebelum isu WW3 naiknya ampe sekarang ga signifikan. yang naik gila gara2 perang itu PLTR dan CRWD,2047717092984840623,,md_ruyter37,in,,0,0,0,https://x.com/undefined/status/2047717092984840623,212827464,
2045705905996795993,Fri Apr 24 16:12:25 +0000 2026,1,@liaasister Mengungkap Kenapa Harga BBM Indonesia Tidak Naik Saat Negara Lain Sudah Menaikkan Lebih Dulu Harga BBM akibat Perang di Iran https://t.co/sesMHmBSmN,2047710260484600237,,liaasister,in,,0,0,0,https://x.com/undefined/status/2047710260484600237,1848285546894020608,
2047508242495131730,Fri Apr 24 16:12:05 +0000 2026,0,@rhinoprit Hahahaaaa..... Itu fakta tanpa timteng mogok itu alat2 perang canggih...... Paham lu ?!!! ,2047710179115040806,,rhinoprit,in,,0,2,0,https://x.com/undefined/status/2047710179115040806,796730734421639168,
2047526827921662378,Fri Apr 24 16:11:54 +0000 2026,0,@Rezero_43 Mengungkap Kenapa Harga BBM Indonesia Tidak Naik Saat Negara Lain Sudah Menaikkan Lebih Dulu Harga BBM akibat Perang di Iran https://t.co/sesMHmBSmN,2047710131853615466,,Rezero_43,in,,0,0,0,https://x.com/undefined/status/2047710131853615466,1848285546894020608,
2047133540471693495,Fri Apr 24 16:10:38 +0000 2026,0,@Matt_Rodjack @Boediantar4 Pembawa berita masa ikut perang,2047709812453228648,,Matt_Rodjack,in,,0,0,0,https://x.com/undefined/status/2047709812453228648,1908915918979387392,
2047191346780549265,Fri Apr 24 16:09:53 +0000 2026,0,@Tita83079013 gayanya anti penjajahan Cyprus dianeksasi Turki diem Kaliningrad Kuril Shakalin dan Crimea dianeksasi Rusia pura-pura buta 1950 West Bank di aneksasi Jordan mau dijadikan istana musim dingin Abdullah I pura-pura lupa. Begitu Israel rebut dari perang defensif langsung,2047709625030713723,,Tita83079013,in,,0,0,0,https://x.com/undefined/status/2047709625030713723,1922178972156362753,
2047709537025859804,Fri Apr 24 16:09:32 +0000 2026,0,Saham2 pada bullish rupiah makin lemah perang iran amerika belum jelas kapan kelarnya. Siapin tabungan kali ya,2047709537025859804,,,in,,0,0,0,https://x.com/undefined/status/2047709537025859804,1369523551,
2047656570079859110,Fri Apr 24 16:07:27 +0000 2026,0,@LambeSahamjja Saranku mending kita memulai perang di kawasan Asean. Capek lihat mbg kopdes yg spt org mabok-siapa aja yg didepan gw...gw tabrak. Capek lihat usaha babi didemo Capek lihat org kecil berjuang di pengadilan Biarlah tentara menjalankan keahliannya rakyat sipil akan support.,2047709011219476668,,LambeSahamjja,in,,0,0,0,https://x.com/undefined/status/2047709011219476668,932657813930721280,
2047508242495131730,Fri Apr 24 16:07:22 +0000 2026,0,@rhinoprit Hahahaaaaa...... Siapa yg datang jauh2 dg segala alat perang canggih utk memerangi di timteng untuk merampas ladang2 minyak2.....mayoritas agamanya apa itu ???,2047708991720157276,,rhinoprit,in,,0,2,0,https://x.com/undefined/status/2047708991720157276,796730734421639168,
2047708902444401052,Fri Apr 24 16:07:01 +0000 2026,0,Damn nih cerita deep bgt asli ‍️ bukan cm sekedar au romance perang dll tpi bnrn ngajarin biar ga selalu lupa siapa Tuhan kita dan jgn jdi arogan ‍️ keren bgt kak ceritanyaaa ,2047708902444401052,,,in,,0,1,0,https://x.com/undefined/status/2047708902444401052,1437942994850574341,
2047508242495131730,Fri Apr 24 16:04:37 +0000 2026,0,@andimitsu Elo pikir agamamu gak pernah menjajah membantai? Teroris sekarang mayoritas dari agama apa? Perang di timteng arab saling bantai antar agama apa? Buka matamu cek agamamu sendiri jangan cuma liat agama orang lain...,2047708298976305342,,andimitsu,in,,0,1,0,https://x.com/undefined/status/2047708298976305342,789148454,
2047706016671002826,Fri Apr 24 16:04:31 +0000 2026,0,@twnpor BIAR DIJELASIN sebelum tl menjadi medan perang,2047708273370169385,,twnpor,in,,0,1,0,https://x.com/undefined/status/2047708273370169385,1891421055878840320,
2047469832380325924,Fri Apr 24 16:03:32 +0000 2026,1,@Doaortuuu @richman0611 Kak kenapa kacau? Harga plastik naik itu krn perang harga bahan baku naik pasti pengaruh ke harga2 yg lain,2047708025293881453,,Doaortuuu,in,,0,1,0,https://x.com/undefined/status/2047708025293881453,1742960645858021376,
2047707263956050158,Fri Apr 24 16:00:30 +0000 2026,0,Menteri Pertahanan Israel Israel Katz mengatakan pada 23 April bahwa negaranya siap untuk melanjutkan perang melawan Iran dan sedang menunggu lampu hijau dari AS. Ia mengatakan militer Israel telah menandai sasaran dan siap untuk melakukan pertahanan maupun serangan. https://t.co/XNzdCkG6s5,2047707263956050158,https://pbs.twimg.com/ext_tw_video_thumb/2047707248751681536/pu/img/ns8RgD9_r6WDABXA.jpg,,in,,0,0,0,https://x.com/undefined/status/2047707263956050158,1793626602623897601,
2047693579888595415,Fri Apr 24 15:59:06 +0000 2026,0,@PandauRORA_Lee Perang peraaa si YG,2047706908665192723,,PandauRORA_Lee,in,,0,0,0,https://x.com/undefined/status/2047706908665192723,1411499416221929476,
2047706708429160920,Fri Apr 24 15:58:18 +0000 2026,0,𝘜𝘢𝘯𝘨 𝘣𝘢𝘯𝘺𝘢𝘬 𝘴𝘦𝘵𝘦𝘭𝘢𝘩 𝘳𝘢𝘮𝘱𝘰𝘬 𝘳𝘢𝘬𝘺𝘢𝘵 𝘥𝘢𝘳𝘪 𝘱𝘭𝘢𝘴𝘵𝘪𝘬 𝘬𝘦𝘳𝘵𝘢𝘴 𝘣𝘣𝘮 𝘺𝘢𝘯𝘨 𝘯𝘢𝘪𝘬 𝘵𝘪𝘯𝘨𝘨𝘪 𝘥𝘦𝘯𝘨𝘢𝘯 𝘢𝘭𝘢𝘴𝘢𝘯 𝘱𝘦𝘳𝘢𝘯𝘨 𝘵𝘪𝘮𝘵𝘦𝘯𝘨.,2047706708429160920,,,in,,0,0,0,https://x.com/undefined/status/2047706708429160920,1961301422617890819,
2047525635657183294,Fri Apr 24 15:57:50 +0000 2026,0,@Xbacottetangga Efek perang timur tengah semakin memanas Rudal vs Rudal kalo satpamnya satpam Laker's tanpa pikir panjang langsung di getok tuh palanya yg kameja biru..,2047706589680054674,,Xbacottetangga,in,,0,0,0,https://x.com/undefined/status/2047706589680054674,420156199,
2047706419261260054,Fri Apr 24 15:57:09 +0000 2026,0,Gencatan senjata adalah taktik Amerika Serikat untuk membuat persiapan perang selanjutnya. https://t.co/WdHpTr84q0,2047706419261260054,https://pbs.twimg.com/amplify_video_thumb/2047614633188675584/img/yGOGzFwkUWdILBh5.jpg,,in,,0,0,0,https://x.com/undefined/status/2047706419261260054,1661260827843006464,
2047706117846016239,Fri Apr 24 15:55:57 +0000 2026,0,nakaka burnout mga nangyayari . tapos sasabihan ka pa na para saan ang perang sinasahod ko parang walang katuwang You made me realize that all my sacrifices are worthless to you and that I am not your partner in everything.,2047706117846016239,,,tl,,0,1,0,https://x.com/undefined/status/2047706117846016239,3188795504,
2047706088032846078,Fri Apr 24 15:55:50 +0000 2026,2,Lah min kamu gatau aja ditempatku kerja lagi ngobrolin situasi geopolitik perang. Ada yang nyeletuk Loh kak emang perang dunia 2 udah selesai? ,2047706088032846078,,,in,,0,1,0,https://x.com/undefined/status/2047706088032846078,1265711162785558528,
2047118257568813426,Fri Apr 24 15:54:43 +0000 2026,0,@BelialSyntax Wartawan itu mayoritas berideologi sjw sama seperti sejarawan dan bagi mereka mengekpos kejahatan kaum muslim adalah islamophobia Inilah mengapa orang kristen disalahkan ketika melakukan perlawanan terhadap jihad pada perang salib pertama.,2047705807836586045,,BelialSyntax,in,,0,0,0,https://x.com/undefined/status/2047705807836586045,2039934269837942784,
2047675469953474915,Fri Apr 24 15:54:40 +0000 2026,1,@Bronxco2 Yeee perang,2047705795014672402,,Bronxco2,in,,0,0,0,https://x.com/undefined/status/2047705795014672402,2951247984,
2047705527682236467,Fri Apr 24 15:53:36 +0000 2026,0,Kirain kondisi global udah paling chaos. Tp ternyata ada 1 negara konoha yg pdhl ga ikut perang katanya non blok sumber alam kaya lokasi strategis dsb.. Tp kondisinya lebih chaosss. Cuma gegara pimpinan gov dan antek pejabutnya segila itu.,2047705527682236467,,,in,,0,0,0,https://x.com/undefined/status/2047705527682236467,326014410,
2047699940177305832,Fri Apr 24 15:51:28 +0000 2026,0,@celatee @twnpich @porsuppakarn @klaryder92 pls sebelum tl berubah jadi medan perang,2047704986839294387,,celatee,in,,0,0,0,https://x.com/undefined/status/2047704986839294387,1891421055878840320,
2047637704859623930,Fri Apr 24 15:50:17 +0000 2026,0,@Aristotel777 @mx00711 @agama_nusantara @spektrumku @RefublikAteis @Sentjoko @Kappa_2023 @balaputra_deva @iphone7decoco @mistroad_1 @Valhallaah @PaijoKentirr @sakkusaitna @JLion555 Perang krn memusuhi dakwah nabi Muhammad SAW diperangi kalau tidak mau mati sia-sia ya melawan makanya dilawan dan terjadi perang sbg konsekuensi kalah perang ya ada harta rampasan bahkan ada tuhan yg minta bagian perawan lu kgk protes.....gimana komentarmu..... https://t.co/ffaFfLb7fh,2047704692877304053,https://pbs.twimg.com/media/HGrokOcakAAG-DW.jpg,Aristotel777,in,,0,1,0,https://x.com/undefined/status/2047704692877304053,796730734421639168,
2046921924106989888,Fri Apr 24 15:49:32 +0000 2026,1,@lupadiri0_0 @Whoru90408865 @TomatTomat44 @foodRanger09 @Cl0pidogrel @PiscinaHijau @__anomali__ @skmei_a13 @Nabatik27 @_majusi_ @lamegogosa @Kappa_2023 @kgph_ario @hskopi @bangojoljujur @_IloveIsrael @AyaniMel @Sentjoko @M4M4D_C41303L @belajarlg1 @DeHoutman_iQ @JohnAarivEd @AsbabulKopi @GarizLuruz @exkuakun69 @RadenSe30781114 Dalam kondisi perang pilihannya MEMBUNUH atau DIBUNUH️ Oten @lupadiri0_0 berharap apa disituasi tsb? Mereka main HOM PIM PAH ato Petak Umpet geto? Saat perang Islam melarang membunuh ANAK² ORTU HEWAN bahkan MERUSAK TANAMAN Cuba Oten bandingkan dgn kelakuan Tuhan ini https://t.co/195HjQpL8N,2047704503944990848,https://pbs.twimg.com/media/HGroZDSaoAADcdo.jpg,lupadiri0_0,in,,0,1,1,https://x.com/undefined/status/2047704503944990848,1954594116014403584,
2047644244374888705,Fri Apr 24 15:48:25 +0000 2026,0,@craigda70964565 @pgnpunyadolar @Jatosint @HumasBakamlaRI ngapain takut kalau masalah kedaluatan dan kesejahteraan rakyat kedua negara perang ekonomi? sama siapa? siapa yang mau perang ekonomi? emang siapa yang ga terima jelas kok untuk kepentingan lingkungan kocak ,2047704219675992562,,craigda70964565,in,,0,1,0,https://x.com/undefined/status/2047704219675992562,1263806395125727232,
2047703853454520624,Fri Apr 24 15:46:57 +0000 2026,28,sutradara jepang mencari cast untuk peran utama film berlatar perang dunia dua: ninomiya kazunari https://t.co/VmUHqj7Bc3,2047703853454520624,https://pbs.twimg.com/media/HGrnzKLbIAAcOpW.jpg,,in,,1,0,2,https://x.com/undefined/status/2047703853454520624,72088179,
2047703761129513422,Fri Apr 24 15:46:35 +0000 2026,0,perang dulu sama tugas tugas UTS yg bikin puyenggggg ini ‍ hadiahnya besok ketemu yang ganteng ganteng~,2047703761129513422,,,in,,0,0,0,https://x.com/undefined/status/2047703761129513422,243496240,
2047631476800500204,Fri Apr 24 15:45:10 +0000 2026,0,@Tehhmaniz Aku lg kepincut jendral perang di dracin teh https://t.co/HDFO73h7Jn,2047703404974329914,https://pbs.twimg.com/tweet_video_thumb/HGrnY2xbkAAzF3G.jpg,Tehhmaniz,in,,1,0,0,https://x.com/undefined/status/2047703404974329914,125917085,
2047703142167667138,Fri Apr 24 15:44:08 +0000 2026,1,inget bgt struggle nya dia gmn trs dia marah marah krn mimpi aku punya cowok (pdhl cmn di mimpi) eh kenyataan nya malah dia yg nikah duluan p mkst?!!! tp tp tp aku turut berbahagia perang telah usai teteh selamat yaa luvvv ak happy bgt sambil iri dikit,2047703142167667138,,,in,,0,1,0,https://x.com/undefined/status/2047703142167667138,895611106093277184,
2047702922105119021,Fri Apr 24 15:43:15 +0000 2026,0,perang batinnya ada bgt tiket kodaline lalalafest masih available mana first entry ,2047702922105119021,,,in,,0,1,0,https://x.com/undefined/status/2047702922105119021,66922871,
2047702857533870133,Fri Apr 24 15:43:00 +0000 2026,0,Perang Iran Picu Kiamat Baru Harga Baju H&amp;M-Zara Cs Bakal Meledak? https://t.co/Q3qSELXNb8,2047702857533870133,,,in,,1,0,0,https://x.com/undefined/status/2047702857533870133,847372542830444544,
2047702776273367468,Fri Apr 24 15:42:40 +0000 2026,2,#cambros si anak kelas sebelah; akhirnya masuk ke medan perang (re:utbk) https://t.co/tWJeHkNMjH,2047702776273367468,https://pbs.twimg.com/media/HGrm0bMaQAA5WF2.jpg,,in,,0,1,1,https://x.com/undefined/status/2047702776273367468,1443250519045074948,
2047644244374888705,Fri Apr 24 15:40:55 +0000 2026,0,@dpr_wakanda @pgnpunyadolar @Jatosint @HumasBakamlaRI ya artinya lu gak ngerti perang ekonomi itu apa. klo keluarga lu punya toko terus ada krisis moneter kena jarah gak usah komplain ya?,2047702335179436220,,dpr_wakanda,in,,0,1,0,https://x.com/undefined/status/2047702335179436220,1003052247356329984,
2047662573873676490,Fri Apr 24 15:37:56 +0000 2026,5,@BabiNgepet01nk @Gooren26 Kalo mau keluar UNCLOS ya kita mesti punya power terutama power militer yg ya Taulah bakal ada suara2 sumbang yg bilang Mau perang sama siapa ,2047701583786635545,,BabiNgepet01nk,in,,0,1,0,https://x.com/undefined/status/2047701583786635545,1632254408221396992,
2047701460264313264,Fri Apr 24 15:37:27 +0000 2026,2,Bayangin kebanyakan pabrik diindo masi impor Raw material dan Raw packaging dan transaksinya pake usd pasti Sebengkak operational costnya mana ada isu perang naiknya gila gilaan ,2047701460264313264,,,in,,0,1,0,https://x.com/undefined/status/2047701460264313264,1675026418005348353,
2047701349413069268,Fri Apr 24 15:37:00 +0000 2026,0,Doa kan agar trump BERTOBAT karena pertobatan datang dari Hati nya pribadi bukan Doa untuk dirinya melanjutkan Pembunuhan Anak-Anak atas nama Perang karena yang demikian pasti membuat Tuhan murka Matius 7: 19 (TB) Dan setiap pohon yang tidak menghasilkan buah yang baik pasti,2047701349413069268,,,in,,0,0,0,https://x.com/undefined/status/2047701349413069268,1383295518374121475,
2047700531054059759,Fri Apr 24 15:33:45 +0000 2026,1,Laut Jawa mendadak mencekam pada Kamis (23/4/2026). TNI menunjukkan taringnya dalam menghadapi era peperangan modern melalui skenario penghancuran sasaran strategis yang melibatkan 20 Kapal Perang Republik Indonesia (KRI) dan jet tempur F-16 TNI AU. Hasilnya? Eks-KRI Teluk Hading https://t.co/RWIUDoypfk,2047700531054059759,https://pbs.twimg.com/media/HGrkxiTaEAAp1H5.jpg,,in,,0,0,0,https://x.com/undefined/status/2047700531054059759,502140136,
2047700483507449973,Fri Apr 24 15:33:34 +0000 2026,1,Ini scene mantep bgt huiju mungkin emng di bawah (tahta) dan jelasss gabisa gabisa melawan daebi mama yg di atas. Tp keinget kaya choi hyun kalo gak bawa tahta huiju gak pernah kalah sama semua hal huiju bakal menang kah? Perang dimulai nih eps 6 #PerfectCrown https://t.co/IcErx0VsSu,2047700483507449973,https://pbs.twimg.com/media/HGrku_fbMAAmiY9.jpg,,in,,0,0,0,https://x.com/undefined/status/2047700483507449973,1987285011712897024,
2047697767674654876,Fri Apr 24 15:30:41 +0000 2026,0,@idextratime kalo arteta di puterin background suara² genderang perang ..m,2047699757746032686,,idextratime,in,,0,0,0,https://x.com/undefined/status/2047699757746032686,2236802906,
2047675469953474915,Fri Apr 24 15:30:24 +0000 2026,1,@Tomiceman88 Perang?,2047699685939552293,,Tomiceman88,in,,0,1,0,https://x.com/undefined/status/2047699685939552293,974924988414230528,
2047699631354884410,Fri Apr 24 15:30:11 +0000 2026,0,Perang DEX 2026 makin panas Solana masih #1 (~30 6%) tapi mulai melemah Ethereum naik cepat &amp; siap ambil alih BNB Smart Chain mulai tertekan Layer-2 seperti Base &amp; Arbitrum makin penting posisi #1 di crypto bisa berubah kapan saja. https://t.co/z10pl8cMhU,2047699631354884410,https://pbs.twimg.com/media/HGrjynBbYAAhvsQ.jpg,,in,,0,0,0,https://x.com/undefined/status/2047699631354884410,1156244481160577024,
2047694553147404295,Fri Apr 24 15:28:58 +0000 2026,0,@selarrcoerz MUNGKIN DUNIA BAKAL PERANG KRNA MAU NGEREBUTIN WANITA CANTIK YG KANAN ENIH ,2047699325468418225,,selarrcoerz,in,,0,0,0,https://x.com/undefined/status/2047699325468418225,1665790419064721409,
2047646894055469457,Fri Apr 24 15:27:58 +0000 2026,0,@hooseokz Gamauu perang maunya tidorrr,2047699075915747589,,hooseokz,in,,0,1,0,https://x.com/undefined/status/2047699075915747589,736781849834496000,
2047699007892533415,Fri Apr 24 15:27:42 +0000 2026,3,kata aku mah tutipo cepetan ngaku aja dah sebelum ini tl jadi medan perang https://t.co/SyNqZ9zFzk,2047699007892533415,https://pbs.twimg.com/media/HGrjZSNbQAAW2yF.jpg,,in,,0,7,0,https://x.com/undefined/status/2047699007892533415,1891421055878840320,
2046921924106989888,Fri Apr 24 15:27:01 +0000 2026,0,@MandorTadjirr @Whoru90408865 @TomatTomat44 @foodRanger09 @Cl0pidogrel @PiscinaHijau @__anomali__ @skmei_a13 @Nabatik27 @_majusi_ @lamegogosa @Kappa_2023 @kgph_ario @hskopi @bangojoljujur @_IloveIsrael @AyaniMel @Sentjoko @M4M4D_C41303L @belajarlg1 @DeHoutman_iQ @JohnAarivEd @AsbabulKopi @GarizLuruz @exkuakun69 @RadenSe30781114 Gimana kagak diracun jika ini perempuan kapir tau siapa yang membunuh suami bapak dan pamannya tanpa ampun. Ibu rumah tangga kan kagak mungkin adu jotos dengan seorang panglima perang. Lagian mencuri aja potong tangan apalagi membunuh anggota keluarga orang. https://t.co/h37jHqt7tj,2047698834537738355,https://pbs.twimg.com/tweet_video_thumb/HGrjO2Ba0AAj-dr.jpg,MandorTadjirr,in,,0,1,0,https://x.com/undefined/status/2047698834537738355,1549607043228585984,
2047698561555673504,Fri Apr 24 15:25:56 +0000 2026,0,~Nadin : di akhir perang ,2047698561555673504,,,in,,0,0,0,https://x.com/undefined/status/2047698561555673504,1326737485909516288,
2047698501363265598,Fri Apr 24 15:25:41 +0000 2026,1,ehh sumpah gue bukan bermaksud fear mongering tapi ngeri juga baca riset dari Bridgewater alias hedge fundnya @RayDalio yang bilang kalo perang Iran AS ini ga akan bisa selesai cepet. berarti harga minyak bakal naik terus dalam waktu yg ga sebentar. dollar makin kuat dan apa https://t.co/RNlEFTdEcI,2047698501363265598,https://pbs.twimg.com/media/HGri7dbaUAAQWFN.jpg,,in,,0,2,0,https://x.com/undefined/status/2047698501363265598,1360868777798238209,
2047646894055469457,Fri Apr 24 15:24:49 +0000 2026,0,@Kimtaehyunjq Pulang dulu ayok nanti hyung bantu mengatur siasat perang /g,2047698280415686955,,Kimtaehyunjq,in,,0,1,0,https://x.com/undefined/status/2047698280415686955,952850400,
2047697552049578052,Fri Apr 24 15:21:55 +0000 2026,0,gw dengan bangga nya memposting sw lucas dengan lagu perang telah usai dan bilang ini adalah jumat berkah krn gw bener2 bersyukur lucas keluar dri agensi jahanam‍️,2047697552049578052,,,in,,0,0,0,https://x.com/undefined/status/2047697552049578052,1296421393748221952,
2047694396188192948,Fri Apr 24 15:21:33 +0000 2026,0,@melbourne_dj4 Naol may perang nililipad #BINI #GrupoDuplaInternacionaldoAno #SECAwards,2047697458478928203,,melbourne_dj4,tl,,0,0,0,https://x.com/undefined/status/2047697458478928203,1861043667164958720,
2047637704859623930,Fri Apr 24 15:21:32 +0000 2026,2,@andimitsu @mx00711 @agama_nusantara @spektrumku @RefublikAteis @Sentjoko @Kappa_2023 @balaputra_deva @iphone7decoco @mistroad_1 @Valhallaah @PaijoKentirr @sakkusaitna @andimitsu sama kayak Mamad yg diizinkan untuk merampas orang2 non muslim. Bahkan salah satu surat qur'an yaitu Al-Anfal artinya rampasan perang. Mamad &amp; pengikutnya itulah penjajah sebenarnya @mx00711 @sakkusaitna @iphone7decoco @JLion555 https://t.co/N2fQR2AKcK,2047697456985743528,https://pbs.twimg.com/media/HGrh-pXaUAA0Zzn.jpg,andimitsu,in,,0,1,0,https://x.com/undefined/status/2047697456985743528,1887055982519574532,
2047696658528690261,Fri Apr 24 15:18:22 +0000 2026,0,BUMC perang dunia tetep disuruh masuk,2047696658528690261,,,in,,0,0,0,https://x.com/undefined/status/2047696658528690261,1772857849221423104,
2047687737206313256,Fri Apr 24 15:17:49 +0000 2026,1,@ketjoanzwl @lilaccountz Kalo ga salah denger apa yg mereka rusak sama seperti yg kita lihat sekarang di zaman perang. Seperri memperk**a membunuh merusak dan bahkan ngeringin danau saking rakusnya. Ya contohnya udah ada cuman ini versi lebih sadis parah dan banyak pelakunya,2047696518766018571,,ketjoanzwl,in,,0,0,0,https://x.com/undefined/status/2047696518766018571,1794550124145991680,
2047694364932292959,Fri Apr 24 15:17:19 +0000 2026,1,@heeseungcb Iya beneran ya ampun kemarin malah nontonin game perang dan ngira itu perang rusia ukraine ,2047696396699259271,,heeseungcb,in,,0,1,0,https://x.com/undefined/status/2047696396699259271,70084697,
2047696232924209497,Fri Apr 24 15:16:40 +0000 2026,2,Modifikasi sepeda motor untuk dijadikan kendaraan inspeksi rel (dresin) ternyata sudah dilakukan sejak lebih dari 50 tahun lalu. Dresin dalam foto dimodifikasi dari sepeda motor Zündapp KS 750. Diperkirakan difoto di Ukraina atau Belarusia pada Perang Dunia II. https://t.co/F0VBuMIeH5,2047696232924209497,https://pbs.twimg.com/media/HGrg300bIAAujCq.jpg,,in,,0,0,0,https://x.com/undefined/status/2047696232924209497,876641101884432384,
2047695703565373510,Fri Apr 24 15:14:34 +0000 2026,0,3 device gue siap perang,2047695703565373510,,,in,,0,1,0,https://x.com/undefined/status/2047695703565373510,1941147075573592064,
2047695587236315218,Fri Apr 24 15:14:06 +0000 2026,3,Harga kondom sarung tangan getah melonjak akibat perang di Asia Barat #BHbisnes Karex yang membekalkan kondom untuk jenama seperti Trojan dan Durex terpaksa menaikkan harga sehingga 30 peratus manakala kos Top Glove naik dua kali ganda. https://t.co/HaD8QDzzhY,2047695587236315218,,,in,,0,0,0,https://x.com/undefined/status/2047695587236315218,63070483,
2047695046208856146,Fri Apr 24 15:13:09 +0000 2026,0,Faktanya informasi tersebut tidak benar (hoaks). Video yang beredar merupakan potongan lama pidato Kim Jong Un yang telah diedit dan diberi narasi baru di luar konteks aslinya. Tidak ada bukti valid bahwa Korea Utara mengirim kapal perang nuklir seperti yang diklaim.,2047695345661141017,,Carifakta_id,in,,0,1,0,https://x.com/undefined/status/2047695345661141017,2008075619662499840,
2047695046208856146,Fri Apr 24 15:12:43 +0000 2026,0,Narasi dalam unggahan tersebut menyebutkan bahwa situasi dunia kini berada di ambang konflik besar bahkan diklaim sebagai awal dari perang nuklir yang selama ini dikhawatirkan oleh negara-negara Barat.,2047695234956742689,,Carifakta_id,in,,0,1,0,https://x.com/undefined/status/2047695234956742689,2008075619662499840,
2047488312278184265,Fri Apr 24 14:54:20 +0000 2026,0,@Jangkrikgengg15 Udah jelas mereka melakukan kejahatan perang tapi gak ada hukuman apa-apa dari pbb,2047690608899400143,,Jangkrikgengg15,in,,0,0,1,https://x.com/undefined/status/2047690608899400143,1401186575329857543,
2047690539471081489,Fri Apr 24 14:54:03 +0000 2026,0,Buku 1965: Indonesia and the World yang disunting oleh Bernd Schaefer dan Baskara T. Wardaya mengungkap bahwa tragedi 1965 di Indonesia bukan hanya persoalan domestik melainkan bagian dari dinamika global Perang Dingin. https://t.co/5494sTrgHH,2047690539471081489,https://pbs.twimg.com/media/HGrbscIbcAAxhVh.jpg,,in,,0,1,0,https://x.com/undefined/status/2047690539471081489,2907641923,
2047276213065158937,Fri Apr 24 14:52:32 +0000 2026,0,@fathermeeth Diorang baru lepas tengok drama bersiri Generation Kill. Inzal lepas tengok Sarjan Mejar Sixta duk merentan pasal grooming standard dekat tengah-tengah medan perang.,2047690158745755671,,fathermeeth,in,,0,0,0,https://x.com/undefined/status/2047690158745755671,489386063,
2047562219932745818,Fri Apr 24 14:52:10 +0000 2026,0,@LimaWaluSara @eka_duyung Sabar kak Dia blm tau (malah mungkin gk pernah liat) tari Jawa klasik kek gimana apalagi versi yg lembut. Pdhl itu jg utk kamuflase latihan bela diri sejarahnya. Alamat tidur klu nonton dia ntar. Tp justru org begini malah gampang bwt dibunuh dlm perang sih krn mudah dikibulin.,2047690066454335594,,LimaWaluSara,in,,0,0,0,https://x.com/undefined/status/2047690066454335594,1587180409133355008,
2047604316320813133,Fri Apr 24 14:51:54 +0000 2026,0,@Novitayulianaaa @LaLigaLocaID Ud pernah kesana dan nonton match kesana jaman coutinho messi dkk. Dah gak kepikiran bisa kesana lg krn euro makin meroket dan perang bikin mahal tiket. Plus makin sulit waktunya skrg. Syediihhnyaa.,2047689999022440560,,Novitayulianaaa,in,,0,0,0,https://x.com/undefined/status/2047689999022440560,87914859,
2047689891845423243,Fri Apr 24 14:51:29 +0000 2026,0,yaelah paling pas latihan yg difokusin cuman nyanyi terpesonaa aku terpesona trus pas perang langsung mati ketembak drone,2047689891845423243,,,in,,0,0,0,https://x.com/undefined/status/2047689891845423243,1910422496861618176,
2047537265786691754,Fri Apr 24 14:51:20 +0000 2026,0,@tempodotco bahas geopolitik dan ancaman perang ini opsi narasi paling normal menurut gw .,2047689855698980886,,tempodotco,in,,0,0,0,https://x.com/undefined/status/2047689855698980886,1878262146544631808,
2047542491256381923,Fri Apr 24 14:50:54 +0000 2026,1,@dewa77996 @1k__dv Ini ada di buku pelajaran sejarah btw.. Nasi tiwul hanya merupakan makanan orang susah ketika perang Tidak ada kampanye ketahanan pangan yang ada hanya campaign swasembada beras,2047689748651847750,,dewa77996,in,,0,1,0,https://x.com/undefined/status/2047689748651847750,1640812467902205963,
2047668955352080474,Fri Apr 24 14:50:13 +0000 2026,0,@Beiib_ huhu sama sama kaa aku nganggep ini bcw s3 s2 nya yg azab. dan gaada yg ngalahin bcw era 2025 sama bgt ka kalo lagi ga ngapa2in tu pasti berasa banget kangennya. aku berani rewatch dari eps 1 stlh ±sebulan perang batin kdg masih sesekali liat trailer ,2047689575414604013,,Beiib_,in,,0,1,0,https://x.com/undefined/status/2047689575414604013,1994754814241308672,
2047689076585951676,Fri Apr 24 14:48:14 +0000 2026,0,Israel Sesumbar Siap Lanjutkan Perang dengan Iran Tunggu Lampu Hijau dari AS untuk Serangan Mematikan https://t.co/rtTS5HkkjJ,2047689076585951676,,,in,,0,0,0,https://x.com/undefined/status/2047689076585951676,2392460208,
2047688931534422318,Fri Apr 24 14:47:40 +0000 2026,0,Yaelah emak² kang gosip aja di suruh perang ,2047688931534422318,,,in,,0,0,0,https://x.com/undefined/status/2047688931534422318,1611067064722284545,
2047654772048888149,Fri Apr 24 14:47:37 +0000 2026,0,@ttalgibeomgyu ituuuuu masih bahasan perang dingin ,2047688919018520915,,ttalgibeomgyu,in,,0,0,0,https://x.com/undefined/status/2047688919018520915,1499337485511700483,
2046967009787969727,Fri Apr 24 14:46:16 +0000 2026,0,@Dr_RonBaron531 @OmJ_J3Nggott masih perang fir gak masalah para pemimpin mati yg penting masih ada wakil2nya.,2047688579254792294,,Dr_RonBaron531,in,,0,1,0,https://x.com/undefined/status/2047688579254792294,1908915918979387392,
2047687414865670280,Fri Apr 24 14:43:50 +0000 2026,0,@susanucan iyaa udah 3 bulan kak Juni nanti balik cuma ya tiap bulan harus perang dengan mood nya yang berubah ubah,2047687969704997091,,susanucan,in,,0,0,0,https://x.com/undefined/status/2047687969704997091,2003053035522854912,
2047640396763931064,Fri Apr 24 14:43:27 +0000 2026,0,@sayNotoIslampho HIZBULLAH ITU SYIAH. HUSEN GOBLOK LU HARUSNYA SENENG SYIAH DAN YAHUDI SALING PERANG KECUALI SI HUSEN ITU SYIAH LAKNAT ,2047687873231790304,,sayNotoIslampho,in,,0,0,0,https://x.com/undefined/status/2047687873231790304,1911712232812986368,
2047687704230703360,Fri Apr 24 14:42:47 +0000 2026,0,Sibuk perang lupa ng3nt0d aki2 banksad satu ini. Moga cpt ji'ut lah ya... https://t.co/ps0dubLDgM,2047687704230703360,https://pbs.twimg.com/media/HGrZHZCa8AArzcx.jpg,,in,,0,0,0,https://x.com/undefined/status/2047687704230703360,291585962,
2047687541990818283,Fri Apr 24 14:42:08 +0000 2026,342,10 alasan Nara gak bisa diajak perang kookv lokal AU || MAHAMERU one tweet AU https://t.co/vUhyRzwag3,2047687541990818283,https://pbs.twimg.com/media/HGrY940agAAHcXN.jpg,,in,,0,1,50,https://x.com/undefined/status/2047687541990818283,1898116639021047809,
2047687161009578432,Fri Apr 24 14:40:38 +0000 2026,0,now playing - perang telah usai https://t.co/9rWzGyPjR0,2047687161009578432,https://pbs.twimg.com/media/HGrYnRBakAAlQdj.jpg,,in,,0,1,0,https://x.com/undefined/status/2047687161009578432,1851249511303409665,
2047685631397314801,Fri Apr 24 14:39:55 +0000 2026,0,Sudah tidak diundang ke meja perundingan Islamabad padahal paling duluan ngajuin diri jadi mediator sejak awal perang meletus tapi dipaksa membayar tagihan perang orang lain lagi. Sabar. Sabar. Sabaaaaaarrrrrrr .,2047686984412561863,,TofikPr,in,,0,0,0,https://x.com/undefined/status/2047686984412561863,27434019,
2047686795975147759,Fri Apr 24 14:39:10 +0000 2026,3, Awalnya Jepang menyerbu Asia Tenggara untuk mendapatkan sumber daya perang lalu membangun ide bahwa Jepang adalah pemimpin Asia yang ingin membebaskan Asia dari Barat meski tidak memikirkan wilayah yang sudah dijajahnya @aikokurasawa https://t.co/u2oKmFu5Yp,2047686795975147759,https://pbs.twimg.com/media/HGrYSI0aQAA7ni_.jpg,,in,,0,0,0,https://x.com/undefined/status/2047686795975147759,147891732,
2047685631397314801,Fri Apr 24 14:38:54 +0000 2026,0,Dan pemerintah Iran yang sebelumnya diserbu narasi goyah justru mendapat konsolidasi nasionalisme dari perang ini. Indonesia?,2047686725317832944,,TofikPr,in,,0,1,0,https://x.com/undefined/status/2047686725317832944,27434019,
2047667849871921499,Fri Apr 24 14:38:09 +0000 2026,0,@tiltedaxis235 Bihira akong mainis.. pero nung nakita ko report talaga nainis ako nawala antok k. fair daw treatment nila sa lahat ng pairing. Anak ng saan ang fair doon. Halatang may paborito. Kayod kalabaw gawa ng LO laki ng perang ipinapasok company nila tapos ganyan trato nila. ,2047686539191419309,,tiltedaxis235,tl,,0,1,0,https://x.com/undefined/status/2047686539191419309,2008884078045769728,
2047685631397314801,Fri Apr 24 14:37:38 +0000 2026,0,Yang lebih mencemaskan: menurut intelijen Pentagon butuh enam bulan membersihkan ranjau laut dari Selat Hormuz bahkan setelah perang selesai sekalipun. Enam bulan.,2047686408828260770,,TofikPr,in,,0,1,0,https://x.com/undefined/status/2047686408828260770,27434019,
2047501527531897028,Fri Apr 24 14:37:36 +0000 2026,1,@afrkml ok for this case memang brand nya yang agak stupid tapi shrinkflation udah terjadi dimana-mana guys. perang iran lawan us-israel itu beneran terasa guys sampai semua sektor tanpa terkecuali.,2047686397667279266,,afrkml,in,,0,0,0,https://x.com/undefined/status/2047686397667279266,1058726829521952768,
2047686269547970594,Fri Apr 24 14:37:05 +0000 2026,1, Pendudukan Jepang mengubah ekonomi Jawa dengan mengarahkannya untuk kepentingan perang mengeksploitasi sumber daya dan memberi beban berat pada rakyat sehingga kondisi pangan memburuk @aikokurasawa https://t.co/21iD0d79Ue,2047686269547970594,https://pbs.twimg.com/media/HGrXzm7aIAA6T9N.jpg,,in,,0,0,0,https://x.com/undefined/status/2047686269547970594,147891732,
2047666366539526424,Fri Apr 24 14:37:03 +0000 2026,0,@ikhsannnap kalo perang gua belanjain juga udah susah itu duit mau ke alfamart ngeri di rudal,2047686259301339215,,ikhsannnap,in,,0,0,0,https://x.com/undefined/status/2047686259301339215,743513710031831040,
2047686249855779248,Fri Apr 24 14:37:00 +0000 2026,0,Speedrun ikut perang kah ?,2047686249855779248,,,in,,0,0,0,https://x.com/undefined/status/2047686249855779248,368143124,
2047686222504660997,Fri Apr 24 14:36:54 +0000 2026,1,ga perang malah jadi hama ajg,2047686222504660997,,,in,,0,0,0,https://x.com/undefined/status/2047686222504660997,1445083164343345152,
2047685631397314801,Fri Apr 24 14:35:47 +0000 2026,0,Dua ribu kapal terjebak di Teluk Persia. Garda Revolusi Iran berjaga dengan speedboat bersenjata di satu sisi. Dua belas kapal perang AS menghadang di sisi lain. Iran tidak akan buka selat sebelum AS cabut blokade. AS tidak akan cabut blokade sebelum Iran buka selat. Dan kita?,2047685942992158905,,TofikPr,in,,0,1,0,https://x.com/undefined/status/2047685942992158905,27434019,
2047685841376657584,Fri Apr 24 14:35:23 +0000 2026,0,wajah pemicu perang bharatayuda https://t.co/3XpE6F2SJe,2047685841376657584,https://pbs.twimg.com/media/HGrXasxaQAA26qx.jpg,,in,,0,0,0,https://x.com/undefined/status/2047685841376657584,1922335328565858304,
2047682109247300024,Fri Apr 24 14:35:17 +0000 2026,0,@PRO0ESTELLE @ProfuturosJACK @PRO4EVA_ aku tim di akhir perang,2047685816718393762,,PRO0ESTELLE,in,,0,1,0,https://x.com/undefined/status/2047685816718393762,893616160754642944,
2047685631397314801,Fri Apr 24 14:34:33 +0000 2026,0,Kita Tidak Ikut Perang Tapi Harus Bayar Tagihannya! Kita tidak ikut perang. Tapi kita yang membayar. Indonesia tidak menembakkan satu rudal pun ke Timur Tengah tidak mengirim kapal perang ke Teluk Persia dan seharusnya tidak punya utang politik dengan Iran atau AS. Tapi ..,2047685631397314801,,,in,,0,1,0,https://x.com/undefined/status/2047685631397314801,27434019,
2047683642172788810,Fri Apr 24 14:33:56 +0000 2026,0,4 Ia turut serta dalam Perang Jarab. Setelah ia menjalin komunikasi dengan Raja Abdulaziz Raja menunjuknya sebagai wakilnya di wilayah Syam. #Bersambung #تدل_دربها #الرياض #النصر #العالمي #CR7 #Indonesia #Malaysia #Brunei #Singapura #Salafiyyah #Salafiyah https://t.co/RlqSNLK8J5,2047685475410788658,https://pbs.twimg.com/media/HGrWv9FXMAEi2mA.jpg,mansourbinsaad5,in,,0,1,0,https://x.com/undefined/status/2047685475410788658,1631562224274665472,
2047623463549259991,Fri Apr 24 14:31:44 +0000 2026,0,@cigfterdreams balik ke perut lg aj bntr lagi perang dunia,2047684922484383785,,cigfterdreams,in,,0,0,0,https://x.com/undefined/status/2047684922484383785,1962128595289260036,
2047554654020796556,Fri Apr 24 14:30:07 +0000 2026,0,@ramboterbang Ga ada tutup nya jir warung komis mah mau negara ancur perang juga perut tetep butuh makan ,2047684515284619743,,ramboterbang,in,,0,0,0,https://x.com/undefined/status/2047684515284619743,1455234201570054146,
2047137269526737132,Fri Apr 24 14:29:50 +0000 2026,0,@Boediantar4 Konsekuensi perang ya gitu. Makanya jangan kalah,2047684443444559873,,Boediantar4,in,,0,0,0,https://x.com/undefined/status/2047684443444559873,261923016,
2047673962084360690,Fri Apr 24 14:29:24 +0000 2026,1,@HappyMD95 Makakapatay ka talaga ng tao pag nababasa mo kung papaano sila gumasta ng perang hindi sa kanila.,2047684336896610577,,HappyMD95,tl,,0,0,0,https://x.com/undefined/status/2047684336896610577,490412678,
2047645685093118345,Fri Apr 24 14:28:45 +0000 2026,21,@RyanRozbiani Jangan Anda mempropaganda negara Asean ikut terlibat dalam perang negara lain.asean cinta damai,2047684171443867749,,RyanRozbiani,in,,0,0,1,https://x.com/undefined/status/2047684171443867749,1870157420544356352,
2047303267126800443,Fri Apr 24 14:28:37 +0000 2026,0,@czrgst_ @CSosmed2026 @tanyarlfes ada bang kalo jaman perang apalagi pahlawan pahlawan dulu tapi kalo era reformasi ini ya super duper susah bisa di bilqng mustahil,2047684137310630298,,czrgst_,in,,0,1,0,https://x.com/undefined/status/2047684137310630298,1755996951173369856,
2046943852234514622,Fri Apr 24 14:27:37 +0000 2026,0,@iPoopBased MACAM GINI MAU MENANG PERANG DI ERA SERBA AI?!,2047683885639852509,,iPoopBased,in,,0,0,0,https://x.com/undefined/status/2047683885639852509,1539055580249083905,
2047665658008318386,Fri Apr 24 14:07:46 +0000 2026,1,@slowdivce ka mau request dong isha nanya ke jay 10 alasan aku ga bisa ikut perang hehehhe,2047678892107076083,,slowdivce,in,,0,1,0,https://x.com/undefined/status/2047678892107076083,1649364866413768704,
2047112055451480381,Fri Apr 24 14:06:48 +0000 2026,0,@entalpih Itachi Uchiha meninggal di usia 21. 1. Mencegah perang saudara 2. Menjadi mata-mata di dalam akatsuki 3. Jadi Kapten Anbu di usia muda,2047678649500062142,,entalpih,in,,0,0,0,https://x.com/undefined/status/2047678649500062142,172243686,
2047678384378155069,Fri Apr 24 14:05:45 +0000 2026,0,Rilll cuy perwakilan Konoha paling tepat saat itu ya Kakashi. Kontribusinya pas perang saat itu pun juga paling oke.,2047678384378155069,,,in,,0,0,0,https://x.com/undefined/status/2047678384378155069,3123818910,
2047549597036253508,Fri Apr 24 14:05:39 +0000 2026,0,@rimapurwasih @msaid_didu Perang,2047678359975661613,,rimapurwasih,in,,0,0,0,https://x.com/undefined/status/2047678359975661613,1791366362142773248,
2047669112709812447,Fri Apr 24 14:05:26 +0000 2026,0,@wondorables Ya kan kayak ?? aku pas baca part itu langsung weh projection kah ini. Mereka tau biasnya milih out di tengah kontrak buat pursue persobal growth itu selfish dan aneh di kpop makanya perang batin sendiri. Padahal mah kalau legowo dan respek sama prinsip masing2 mah aman aja.,2047678305672003898,,wondorables,in,,0,0,0,https://x.com/undefined/status/2047678305672003898,1790612527229095936,
2047678108304863366,Fri Apr 24 14:04:39 +0000 2026,0,Ahli Biro Politik Hamas Dr Basem Naim memberi amaran bahawa sebarang usaha melucutkan senjata gerakan itu akan membuka ruang kepada genosid berterusan oleh Israel terhadap rakyat Palestin serta berpotensi mencetuskan perang saudara besar di Gaza. https://t.co/uXlfZ8EXBS,2047678108304863366,https://pbs.twimg.com/media/HGrQYkNacAA5Q30.jpg,,in,,0,0,0,https://x.com/undefined/status/2047678108304863366,1752595132816486400,
2047586345787314436,Fri Apr 24 14:03:26 +0000 2026,0,@kumparan Perang bisnis,2047677800472346638,,kumparan,in,,0,0,0,https://x.com/undefined/status/2047677800472346638,1690498202188066816,
2047677633090277482,Fri Apr 24 14:02:46 +0000 2026,2,yang lain sibuk fanwar meanwhile shotties perang jj kicau mania antar gdm,2047677633090277482,,,in,,1,4,0,https://x.com/undefined/status/2047677633090277482,1809491374162735105,
2047605871635735014,Fri Apr 24 14:00:56 +0000 2026,0,@LambeSahamjja Yakin deh perang hormuz akan jadi alasan negara gagal.,2047677173696545148,,LambeSahamjja,in,,0,1,0,https://x.com/undefined/status/2047677173696545148,136107858,
2047677010915303765,Fri Apr 24 14:00:18 +0000 2026,0,Reza Pahlavi putra pengasingan dari raja terakhir Iran disiram cat merah oleh seorang aktivis di luar Konferensi Pers Federal di Berlin pada 23 April. Demonstran tersebut menegurnya terkait sikapnya terhadap perang di Iran sebelum ditahan dan diamankan oleh polisi. https://t.co/PScQsj0CTB,2047677010915303765,https://pbs.twimg.com/ext_tw_video_thumb/2047676978933669888/pu/img/l1pfLBuiTJPyM8ER.jpg,,in,,0,0,0,https://x.com/undefined/status/2047677010915303765,1793626602623897601,
2047665532846116959,Fri Apr 24 13:58:03 +0000 2026,0,@ryulkece PLS AK KETINGGALAN knp perang line ini bisa terjadiii,2047676446316122371,,ryulkece,in,,0,0,0,https://x.com/undefined/status/2047676446316122371,1313638767115210752,
2047676248600821920,Fri Apr 24 13:57:16 +0000 2026,5,Paus Leo XIV: Saya membawa di saku saya gambar seorang anak Muslim yang terbunuh di Lebanon... Saya tidak bisa mendukung perang. https://t.co/FSdYOAMEbe,2047676248600821920,https://pbs.twimg.com/ext_tw_video_thumb/2047676086168043520/pu/img/l7dK_mWp6_AygksS.jpg,,in,,0,0,2,https://x.com/undefined/status/2047676248600821920,140727872,
2047676143072051659,Fri Apr 24 13:56:51 +0000 2026,27,Baca di sini: https://t.co/l91nbqSgvs Menteri Pertahanan Israel Israel Katz mengatakan bahwa Tel Aviv menargetkan pemimpin tertinggi baru Iran dan situs energinya jika perang berlanjut. Menurut laporan Al Jazeera Jumat (24/4/2026) Katz menyebut pasukan Israel sedang https://t.co/D8F0CcG1T4,2047676143072051659,https://pbs.twimg.com/media/HGrOllJbAAAqKTB.jpg,,in,,1,11,6,https://x.com/undefined/status/2047676143072051659,23343960,
2047627352142946656,Fri Apr 24 13:55:29 +0000 2026,1,@giIangmahesa Gmn mau kelaksana klo ga diteken? Yg diteken bangun tol melulu. Jalur rel lingkar selatan ga ada kosambi-ciwidey ga ada. Logistik dan tata kota itu yg bikin menang perang dan ekonomi efisien. Masalahnya TNI Polri main properti n pajak mobil.,2047675801190158653,,giIangmahesa,in,,0,0,0,https://x.com/undefined/status/2047675801190158653,1898947537429786624,
2047675797025206599,Fri Apr 24 13:55:28 +0000 2026,1,Sek kalo perang pasifik lagi bakal kena invasi ga nih kek tarakan dulu?,2047675797025206599,,,in,,0,0,0,https://x.com/undefined/status/2047675797025206599,1441262237109260295,
2047656921587720570,Fri Apr 24 13:54:40 +0000 2026,0,@manheeseu Anu ka vibesnya kayak lagi perang dunia ,2047675596713738367,,manheeseu,in,,0,1,0,https://x.com/undefined/status/2047675596713738367,1939362967365324800,
2047675469953474915,Fri Apr 24 13:54:10 +0000 2026,3,Doakan aku malam ni geng. Aku ada match perang niiii .. ,2047675469953474915,,,in,,0,3,0,https://x.com/undefined/status/2047675469953474915,2951247984,
2046362457263018066,Fri Apr 24 13:52:26 +0000 2026,0,@arikprJFS @arclaws @is_pelssy Perang Ambon yg berawal dari keributan preman di Jl. Ketapang Jakarta pusat adlh pengulangan Poso98 dan Timtim99. Tujuannya memecah Indonesia timur dg menguasai ALKI II (selat Makasar-Lombok) &amp; ALKI III (Pasifik-Laut Banda-Samudra Indonesia).,2047675034316292534,,arikprJFS,in,,0,2,0,https://x.com/undefined/status/2047675034316292534,940211514664935424,
2047600400338166041,Fri Apr 24 13:51:57 +0000 2026,0,@ruliemaulana Baguslah kalau perang biar mereka aja yg berangkat guwe mah ogah,2047674910034809141,,ruliemaulana,in,,1,0,0,https://x.com/undefined/status/2047674910034809141,1317750858256240640,
2047608030691459266,Fri Apr 24 13:51:57 +0000 2026,7,@salam4jari Komcad udah asn wamil ada lalu rekrutmen jln trtus pdhl bkn dlm kondisi perang yg ada sj msih dialih fungsikn trrus anggaranya dari mana?,2047674909699272908,,salam4jari,in,,0,0,0,https://x.com/undefined/status/2047674909699272908,1853487101423349760,
2047560158700773636,Fri Apr 24 13:51:31 +0000 2026,16,@LambeSahamjja Please whoosh itu levelnya kayak naek pesawat jgn dibandingin sama kereta biasa yg gak murah2 amat juga. Apalagi travel jkt-bdg yang perang harga.,2047674800718700566,,LambeSahamjja,in,,0,0,0,https://x.com/undefined/status/2047674800718700566,136499246,
2047526279306784837,Fri Apr 24 13:51:08 +0000 2026,0,@kumparan @makLambeTurah Perang dah,2047674706850189603,,kumparan,in,,0,0,0,https://x.com/undefined/status/2047674706850189603,310341963,
2047669112709812447,Fri Apr 24 13:49:52 +0000 2026,1,@jungwonshayla sssetuju bgt every reaction from them is projection perang batin ya mereka tuh tiap enha bahas soal grup dan karir. kasian moral compass-nya tergantung bias,2047674385776136253,,jungwonshayla,in,,0,1,0,https://x.com/undefined/status/2047674385776136253,1638419195997356038,
2047665248933699753,Fri Apr 24 13:49:37 +0000 2026,0,@mysideworldJD takut langsung perang dunia,2047674325613027687,,mysideworldJD,in,,0,1,0,https://x.com/undefined/status/2047674325613027687,1674239145265463297,
2047635452866572291,Fri Apr 24 13:45:57 +0000 2026,1,@bardanslm Ini seller penganut perang harga paket banyak asal kesohor. Kwkw.,2047673401826029755,,bardanslm,in,,0,0,0,https://x.com/undefined/status/2047673401826029755,98015092,
2047673299056943455,Fri Apr 24 13:45:33 +0000 2026,1,Operasi tersebut ditujukan terhadap kejahatan terorganisasi transnasional terkait China. Operasi itu disebut medan perang baru pemerintahan Trump. #Internasional #AdadiKompas https://t.co/7L35wsf2Vl,2047673299056943455,,,in,,0,0,0,https://x.com/undefined/status/2047673299056943455,255866913,
2047673286176161847,Fri Apr 24 13:45:30 +0000 2026,0,Operasi itu ditujukan terhadap kejahatan terorganisasi transnasional terkait China. Operasi itu disebut medan perang baru pemerintahan Trump. #Internasional #AdadiKompas https://t.co/y98P2P6Ywn,2047673286176161847,,,in,,0,0,0,https://x.com/undefined/status/2047673286176161847,155456716,
2047673286105186659,Fri Apr 24 13:45:29 +0000 2026,0,kenapa kita takleh gi perang? https://t.co/Rv78tvH0JH,2047673286105186659,https://pbs.twimg.com/media/HGrL_7Kb0AAimIs.jpg,,in,,0,1,0,https://x.com/undefined/status/2047673286105186659,1819400011974955015,
2047672915995578480,Fri Apr 24 13:44:01 +0000 2026,0,Plastik naiknya 2x lipat sendiri katanya efek perang busettt,2047672915995578480,,,in,,0,0,0,https://x.com/undefined/status/2047672915995578480,3240355332,
2047672584410689972,Fri Apr 24 13:42:42 +0000 2026,0,Boleh cek tweet gw dan reply gw. Tweet kali ini mau semakin curiga karena dia sibuk ke LN mungkin nyari penawar tertinggi pada wilayah negara. Ingat bahwa tujuan akhir sebuah perang adalah menguasai daratan negara yang diserang.,2047672584410689972,,,in,,0,0,0,https://x.com/undefined/status/2047672584410689972,311515000,
2047672495008825529,Fri Apr 24 13:42:21 +0000 2026,0,Operasi tersebut ditujukan terhadap kejahatan terorganisasi transnasional terkait China. Operasi itu disebut medan perang baru pemerintahan Trump. #Internasional #AdadiKompas https://t.co/n5ScC61Yak,2047672495008825529,,,in,,0,0,0,https://x.com/undefined/status/2047672495008825529,771030588,
2047672413777994026,Fri Apr 24 13:42:02 +0000 2026,22,Perang dunia juga #PerfectCrown #PerfectCrownEp5 https://t.co/b5Wle5J5Is,2047672413777994026,https://pbs.twimg.com/media/HGrLNFzakAASTnl.jpg,,in,,0,0,3,https://x.com/undefined/status/2047672413777994026,1987285011712897024,
2047512259619155996,Fri Apr 24 13:41:06 +0000 2026,5,@AKwan_id @TheCurut007 Lawak kondisi perang bukannya malah tetap di posisi non block malah nyepong amerika jadinya kapal pertamina ga boleh lewat hormuz. presiden siapa sih?,2047672182130753712,,AKwan_id,in,,0,1,0,https://x.com/undefined/status/2047672182130753712,1619796445355446272,
1998739763944173602,Fri Apr 24 13:40:02 +0000 2026,1,@lookhereagain siapin kopi golda kalian bsk kayaknya ada perang sahabat nih,2047671911581352064,,lookhereagain,in,,0,0,0,https://x.com/undefined/status/2047671911581352064,1856656764198096896,
2047671301410828578,Fri Apr 24 13:37:37 +0000 2026,3,Latihan skala besar ini melibatkan sedikitnya 20 Kapal Perang Republik Indonesia (KRI) dan pesawat tempur F-16 milik TNI Angkatan Udara. Operasi penghancuran sasaran terbagi dalam dua tahap utama. Tahap pertama dimulai dengan penembakan Rudal Exocet MM40 Block 3 oleh unsur KRI https://t.co/cAdcn6q4rE,2047671304887968236,https://pbs.twimg.com/media/HGrKMMoasAATbRt.jpg,Metro_TV,in,,0,0,1,https://x.com/undefined/status/2047671304887968236,57261519,
2046878329358438903,Fri Apr 24 13:35:58 +0000 2026,0,@kanjo_spirit @Tita83079013 @Pak_JK Itu penafsiran mu manusia tolol beda penafsiran saat konflik ambon poso maka dikristen itu ada bidat karena salah tafsir..jd maksud konflik ambon poso perang apa kalau bukan perang agama..saksi fakta pun mau kau sangkal mengakui bawa agama.. Dasar tolol,2047670889031111039,,kanjo_spirit,in,,0,2,0,https://x.com/undefined/status/2047670889031111039,2037475330642845696,
2047657246897684986,Fri Apr 24 13:35:27 +0000 2026,1,@_katakita08 Sepertinya yang namanya Impor mulai jarang kedengaran kecuali migas karena dampak perang kemarin.,2047670758944731527,,_katakita08,in,,0,0,0,https://x.com/undefined/status/2047670758944731527,2905814730,
2047670603671568756,Fri Apr 24 13:34:50 +0000 2026,0,aku nanya ke teman ku menurutmu apa alasan aku gabisa ikut ke medan perang DAN DENGAN ASBUN NYA DIA JAWAB karna medan lagi ga perang ,2047670603671568756,,,in,,0,0,0,https://x.com/undefined/status/2047670603671568756,1646036005114490880,
2047670262314000828,Fri Apr 24 13:33:29 +0000 2026,0,anjer ngajak perang cok ,2047670262314000828,,,in,,0,0,0,https://x.com/undefined/status/2047670262314000828,1290054014176915457,
2047670167380119638,Fri Apr 24 13:33:06 +0000 2026,7,Bayangin kamu lagi di tengah perang besar kayak di Perang Kurukshetra suasananya kacau penuh strategi dan semua orang lagi setengah mati perang all-out. Nah di situ ada satu senjata yang bisa dibilang kartu AS terakhir milik Karna namanya Vasavi Shakti. Ini senjata kaga https://t.co/OvM2QtvZj8,2047670167380119638,https://pbs.twimg.com/amplify_video_thumb/2047668808182378497/img/wOkMK_RmYlqo4-eJ.jpg,,in,,0,0,0,https://x.com/undefined/status/2047670167380119638,1286947431490363392,
2047665857850159558,Fri Apr 24 13:15:58 +0000 2026,59,PERANG DUNIA JIRRRRRR #PerfectCrown #PerfectCrownEp5 https://t.co/ALl0LCYGjU,2047665857850159558,https://pbs.twimg.com/media/HGrFPgibsAA9CZg.jpg,,in,,0,0,11,https://x.com/undefined/status/2047665857850159558,1987285011712897024,
2047665713784160408,Fri Apr 24 13:15:24 +0000 2026,112,Wawancara CNN dengan tim kreator video Lego Iran Para kreator Iran membanjiri jejaring sosial dengan video bergaya Lego untuk menjelaskan kondisi sebenarnya dari Perang Iran vs AS-Israel kepada dunia terkhusus publik AS. Mereka menggunakan lagu-lagu ala rap dan hip hop agar https://t.co/OkzW87FpOt,2047665713784160408,https://pbs.twimg.com/amplify_video_thumb/2047664962106277889/img/Ajb6lZ6bCWXnLR53.jpg,,in,,1,2,38,https://x.com/undefined/status/2047665713784160408,1490536743137087490,
2047665538474926383,Fri Apr 24 13:14:42 +0000 2026,0,Analis: Ini yang Menjadikan Kekalahan AS Hadapi Iran Mirip dengan Perang Melawan Vietnam https://t.co/9PpCrSislM https://t.co/qqWnLqUwp2,2047665538474926383,https://pbs.twimg.com/media/HGrE8yPawAEUa3b.jpg,,in,,0,0,0,https://x.com/undefined/status/2047665538474926383,1869440066881552384,
2047665244340908075,Fri Apr 24 13:13:32 +0000 2026,0,YA ELUUUU PERTANYAANNYA ADA-ADA SAJA Intinya mah no 10. Lu gabisa jauh dari TUNANGAN lu itu Ey. Dahlah gausah perang ga cocok jg Duh kangen bgtttt. 10 tweets bisa gasih?? Masa my MBG cuma 2 tweets ,2047665244340908075,,,in,,0,0,0,https://x.com/undefined/status/2047665244340908075,1907469921690464256,
2047664817713066267,Fri Apr 24 13:11:50 +0000 2026,0,capek perang batin mulu,2047664817713066267,,,in,,0,0,0,https://x.com/undefined/status/2047664817713066267,1461407384824287236,
2047664776135016475,Fri Apr 24 13:11:41 +0000 2026,21,Sana po matulungan natin @bitagbentulfo dahil yung perang pinang SUGAL ni @dungperryperry tinakbuhan lang nya. Nireport pa nya yung account ng nagpautang na si madam @ciahserves #UAAPSeason88 #PVL2026 https://t.co/JH4hK8lgMW,2047664776135016475,https://pbs.twimg.com/media/HGrEQwyaYAADeUg.jpg,,tl,,0,1,2,https://x.com/undefined/status/2047664776135016475,1587554540181917696,
2047449038627479715,Fri Apr 24 13:10:33 +0000 2026,0,@Alvarend7 Wkwk berasa main perang perangan,2047664493828972594,,Alvarend7,in,,0,0,0,https://x.com/undefined/status/2047664493828972594,51815301,
2047664397569437858,Fri Apr 24 13:10:10 +0000 2026,0,#pnp Konflik geopolitik global seperti perang sekatan ekonomi dan ketegangan perdagangan antara kuasa besar turut memberi kesan tidak langsung yang signifikan kepada pasaran hartanah di Malaysia. https://t.co/W2bpN4N96O https://t.co/PtkEm079R4,2047664397569437858,https://pbs.twimg.com/media/HGrD6yXXIAEpIFS.jpg,,in,,0,0,0,https://x.com/undefined/status/2047664397569437858,63070015,
2047656570079859110,Fri Apr 24 13:10:02 +0000 2026,1,@LambeSahamjja Menolak = perang ️,2047664364740845804,,LambeSahamjja,in,,0,0,0,https://x.com/undefined/status/2047664364740845804,770173024490315776,
2047664007675584663,Fri Apr 24 13:08:37 +0000 2026,0,Penjahat perang semuanya kena di kontol ye,2047664007675584663,,,in,,0,0,0,https://x.com/undefined/status/2047664007675584663,298464467,
2047606136069816774,Fri Apr 24 13:08:31 +0000 2026,0,@profesor_saham Bisa kalo terlibat perang,2047663980295192637,,profesor_saham,in,,0,0,0,https://x.com/undefined/status/2047663980295192637,1213346079854362624,
2047554153388593622,Fri Apr 24 13:07:46 +0000 2026,3,@B4r4_Akb4r Bukannya kemarin ngaku nya ade Raja UEA kan viral telponan sama kakaknya di UEA tanya perang Iran bangga sy 🇮🇩 punya presiden kel raja Arab kok skarang ngakunya Orang Kampungpak yg benar dong keluarga raja atau orang kampung boong dosa lho pak gak takut apa sama dosa ‍️‍️‍️,2047663790452588891,,B4r4_Akb4r,in,,0,2,0,https://x.com/undefined/status/2047663790452588891,2695869139,
2047601439082750173,Fri Apr 24 13:07:44 +0000 2026,0,@tempodotco Siap² perang perang lawan rakyat???,2047663784979021832,,tempodotco,in,,0,0,0,https://x.com/undefined/status/2047663784979021832,1800154020339933184,
2047663532028911932,Fri Apr 24 13:06:44 +0000 2026,5,TERKINI | Pesawat perang Israel melancarkan serangan udara ke atas sekumpulan rakyat Palestin berhampiran persimpangan Behloul di kawasan kejiranan al-Nasr barat Bandar Gaza. https://t.co/MVQ6u2pB45,2047663532028911932,https://pbs.twimg.com/ext_tw_video_thumb/2047663510856044544/pu/img/59fXPQvnDL8rYMxC.jpg,,in,,0,0,5,https://x.com/undefined/status/2047663532028911932,250066452,
2047663172467986783,Fri Apr 24 13:05:18 +0000 2026,2,Etapi bukannya dalam perang modern sekarang yg dibutuhkan adalah teknologi dan kualitas manpower? Kita sudah banyak menyaksikan bagaimana zombie2 berdarahdingin itu dipites dengan mudahnya oleh teknologi. Kecuali mungkin kalo musuhnya sama primitifnya atau lebih primitif ,2047663172467986783,,,in,,0,1,0,https://x.com/undefined/status/2047663172467986783,116387061,
2047663125340766534,Fri Apr 24 13:05:07 +0000 2026,3,SPACE LEMBAGA KERIS Eps. 5 Dari Medan Tempur ke Meja Diplomasi: Analisis Pembelajaran Perang Iran Bagi Indonesia sebagai Negara Kepulauan. Jumat 1 Mei 2026 19.00 21.00 WIB Live di Space X @LembagaKERIS https://t.co/DOvJ87GPDI,2047663125340766534,https://pbs.twimg.com/media/HGrCYxTbcAAbyK7.jpg,,in,,0,0,1,https://x.com/undefined/status/2047663125340766534,1989234273220739072,
2047643789465210953,Fri Apr 24 13:03:07 +0000 2026,1,@mydearbrute OMGG MODERN DAY HELEN OF TROYY ADALAH BIKIN DEBAT KUSIR HEBAT DI COMMENT SECTION TIKTOK DISCOURSE 7 HARI 7 MALEM DI TWITTER DAN PERANG BALES2AN IG STORY,2047662622619873751,,mydearbrute,in,,0,1,0,https://x.com/undefined/status/2047662622619873751,1240431107952132096,
2047662507847020894,Fri Apr 24 13:02:40 +0000 2026,0,Serius ga anjir pernah nanya chatgpt katanya bakal susah bikin seri ini krn full perang dan naga. Kalo beneran sih gwej berekspetasi tinggi.,2047662507847020894,,,in,,0,1,0,https://x.com/undefined/status/2047662507847020894,2553797018,
2047622669470970256,Fri Apr 24 13:02:15 +0000 2026,0,@hanifproduktif Raytheon nunggu perang baru terbang,2047662404079956031,,hanifproduktif,in,,0,1,0,https://x.com/undefined/status/2047662404079956031,1443452678495879170,
2047662370340978971,Fri Apr 24 13:02:07 +0000 2026,364,Peralatan perang militer AS mulai terkumpul di bandara Ben Gurion. Semua itu tidak lama lagi akan menjadi tumpukan besi rongsok dihantam rudal2 kiriman @IRGC__Iran https://t.co/QRexrg0nAl,2047662370340978971,https://pbs.twimg.com/ext_tw_video_thumb/2047254728162344960/pu/img/0qFW9eGq74n-ql1E.jpg,,in,,2,14,86,https://x.com/undefined/status/2047662370340978971,1434455521633849346,
2047662204946891049,Fri Apr 24 13:01:28 +0000 2026,11,AS saat ini telah mengerahkan 3 kapal induk di sekitar Iran bersama 200 jet tempur dan 12 kapal perang. Meski begitu AS tidak memiliki keberanian untuk memasuki Selat Hormuz atau Teluk Persia. Itu masih 200 kilometer jaraknya dari pantai Iran karena takut diserang IRGC Iran. https://t.co/HoEFXI7rwm,2047662204946891049,https://pbs.twimg.com/media/HGrB7CGa4AALpAB.jpg,,in,,0,0,2,https://x.com/undefined/status/2047662204946891049,234628519,
2047661994782896563,Fri Apr 24 13:00:37 +0000 2026,53,SPACE LEMBAGA KERIS Eps. 5 Dinamika konflik Iran Amerika Serikat Israel menegaskan perubahan karakter perang modern melalui penggunaan teknologi dan operasi multidomain yang berdampak pada stabilitas kawasan serta jalur energi dan perdagangan global. Bagi Indonesia sebagai https://t.co/JAfHvpjHNt,2047661994782896563,https://pbs.twimg.com/media/HGq5AwHaoAAjAA8.jpg,,in,,4,3,20,https://x.com/undefined/status/2047661994782896563,497882992,
2047661848695046459,Fri Apr 24 13:00:03 +0000 2026,0,Pada acara awam pertamanya di Algeria Sri Paus Leo XIV telah melawat Monumen Syuhada Maqam Echahid yang memperingati mereka yang kehilangan nyawa dalam Perang Kemerdekaan Algeria pada tahun 1954 - 1962. https://t.co/tAkWly3tVh,2047661848695046459,,,in,,0,0,0,https://x.com/undefined/status/2047661848695046459,145550026,
2047644611913658716,Fri Apr 24 12:59:58 +0000 2026,0,@IraninIndonesia @POTUS Sejak perang Ukrania gara-gara macron gagal mengambil jalur diplomasi. @usembassyjkt,2047661828789125417,,123xtg123,in,,0,1,0,https://x.com/undefined/status/2047661828789125417,1846204073936347137,
2047619395921625096,Fri Apr 24 12:58:55 +0000 2026,10,@idextratime Miliaran hanya untuk pengalaman bodoh oh ya sekaligus membiayai senjata untuk perang juga tentunya ,2047661564724199824,,idextratime,in,,0,0,0,https://x.com/undefined/status/2047661564724199824,1471145719012610049,
2047553150383767634,Fri Apr 24 12:58:48 +0000 2026,0,@Dzulfahmi98 NAIK GIZA 2 Jam dalam Studio Bawa Ombak Laju Bertamu Dalam Perang tp jujur basslinenya Bawa Ombak Laju kukira sama kaya yg versi live ultah ONAR ternyata beda,2047661536773316835,,Dzulfahmi98,in,,0,0,0,https://x.com/undefined/status/2047661536773316835,1259468153253322752,
2047661237589377155,Fri Apr 24 12:57:37 +0000 2026,0,Yg pertama pk @Pak_JK bukan pejabat publik dan posisinya sbg rakyat biasa berkumpul dikelompoknya melakukan parameter kasus perang agama dimaluku.Jika bicara kasih napa ada perang us vs iran dll Cc @DivHumas_Polri @KejaksaanRI @msaid_didu @jansen_jsp @JimlyAs @habiburokhman,2047661237589377155,,,in,,1,0,0,https://x.com/undefined/status/2047661237589377155,1119457371393146880,
2047660894990303625,Fri Apr 24 12:56:15 +0000 2026,0,Binabalak pa talaga ng Bise presidente ng Pilipinas na mag World tour?? Sobrang kapal sa sobrang daming perang winaldas mo at ng administraysong ito Habang nasa Krisis Ang Bansa gusto mong nag lalakwatsiya sa iBang Bansa NathanielCesar Palacios,2047660894990303625,,,tl,,0,0,0,https://x.com/undefined/status/2047660894990303625,1862698064739540997,
2047660645303337359,Fri Apr 24 12:55:16 +0000 2026,42,Surat kabar Prancis Le Monde: Netanyahu semakin menjauhkan Israel dari sekutu-sekutu Eropa dan Amerikanya. Semakin banyak perang yang dilancarkan Israel semakin terisolasi negara itu. Pendekatan militeristik pemerintah Netanyahu telah meningkatkan isolasi internasional https://t.co/SqZz98a1dx,2047660645303337359,https://pbs.twimg.com/media/HGrAfzZaIAA1MIj.jpg,,in,,0,1,20,https://x.com/undefined/status/2047660645303337359,2256063276,
2047503661031649302,Fri Apr 24 12:53:37 +0000 2026,1,@NenkMonica Kok senang ya bahas perang trus? sebagian dunia sdh krisis energi sebagian lg pengangguran mlh meningkat. Aku mah pengin cpt Damai aja smg juru damai segera mendamaikan mereka tnp merugikan pihak manapun,2047660232630030633,,NenkMonica,in,,0,0,0,https://x.com/undefined/status/2047660232630030633,2031939198429872128,
2047660093853008069,Fri Apr 24 12:53:04 +0000 2026,3,Kemarin 25 pesawat pengisian bahan bakar militer AS mendarat di Tel Aviv. Sepertinya perang berlanjut. https://t.co/gmfu4BXyUE,2047660093853008069,https://pbs.twimg.com/ext_tw_video_thumb/2047660069349937152/pu/img/ZbkKVcLnm6jGbdDV.jpg,,in,,0,0,2,https://x.com/undefined/status/2047660093853008069,1699747731529728000,
2047609612380356724,Fri Apr 24 12:53:04 +0000 2026,0,@DS_yantie Harusnya pemuda Pancasila diterjunkan ke selat hormuz untuk mendamaikan perang USA vs Iran,2047660092368249005,,DS_yantie,in,,0,0,0,https://x.com/undefined/status/2047660092368249005,1262257841748021252,
2047659296075464843,Fri Apr 24 12:49:54 +0000 2026,0,NUKLIR &amp; ENERGI: (Jika) Perang Nuklir Terjadi Pasokan Energi Abad Ke-21 Terhenti? Ruang Pakar Ke-3 Perhimpunan Kajian Keamanan Dunia (RP3-PKKD) 1).Muhadi Sugiono 2).Hendra Manurung 3).Robi Sugara 4).Irawan Jati 5).Tia Panca Rahmadhani Sabtu 25 April 2026 15.30-17.30 WIB. https://t.co/6InhZsiP5z,2047659296075464843,https://pbs.twimg.com/media/HGq_RatbQAE9X6I.jpg,,in,,0,0,2,https://x.com/undefined/status/2047659296075464843,736455949,
2047318372686135427,Fri Apr 24 12:48:06 +0000 2026,0,@MrImranPk Kmungkinan perang darat yg di kerah kan bila tdk damai krna tuk mengalahkan rudal hanyalah perang trbuka,2047658843497545770,,MrImranPk,in,,0,0,0,https://x.com/undefined/status/2047658843497545770,1825081375453761536,
2047658772668235785,Fri Apr 24 12:47:49 +0000 2026,0,#Izin pak presiden Trump @realDonaldTrump udah lahh main perang perangan nya pakk. Fokus ke visi misi pas kampanye sebelum jadi presiden untuk menjadikan Make America Great Again dan Make Earth Great Again . Kemudian rencana nesara gesara juga itu. . Okeh mungkin media lagi,2047658772668235785,,,in,,0,0,0,https://x.com/undefined/status/2047658772668235785,1691861647898624000,
2047658565217751381,Fri Apr 24 12:47:00 +0000 2026,0,Mengapa gencatan senjata dan negosiasi yang mengambang potensial menarik Iran dan AS kembali ke tepi jurang perang? Simak pembahasan selengkapnya dalam #BolaLiar malam ini pukul 20.30 WIB hanya di KompasTV! ▶️ https://t.co/rUTSoY7Gv2 https://t.co/TpIwT5erij,2047658565217751381,https://pbs.twimg.com/media/HGqjRYHawAA_hb0.jpg,,in,,0,1,0,https://x.com/undefined/status/2047658565217751381,71436318,
2047658527842554340,Fri Apr 24 12:46:51 +0000 2026,2,Ihsg merah boleh salah Trump pemerintah perang harga bbm kurs psp atau orang lain tapi kalau sampai portofolio saham kita merah 1000% salah kita sendiri!,2047658527842554340,,,in,,0,0,0,https://x.com/undefined/status/2047658527842554340,21118192,
2047633265532731825,Fri Apr 24 12:46:20 +0000 2026,0,@Metro_TV Kelihatan disini perang agama + politik bukan karena kemanusiaan toh negara2 uzlims gak pernah peduli pembantaian sesama muslims di Sudan Afganistan dll. Di sudan mesjid byk dibakar oleh pasukan msulim lainnya krn beda paham pemimpin2 iluzlims hanya diam,2047658399203209576,,Metro_TV,in,,0,0,0,https://x.com/undefined/status/2047658399203209576,984328163210682368,
2047606804205703224,Fri Apr 24 12:45:54 +0000 2026,0,@_riverheaven @PraPramuka80091 Hanya Thailand yg berani perang kamboja,2047658289249632334,,_riverheaven,in,,0,0,0,https://x.com/undefined/status/2047658289249632334,1542540315835260929,
2046878329358438903,Fri Apr 24 12:45:50 +0000 2026,0,@kanjo_spirit @Tita83079013 @Pak_JK Syahid itu hanya pengucapan bahas arab ketepan JK islam tahu syahid kalau kristen ada kata martir dari bahas yunani bnyak bidat kristen asal tafsir &amp; fakta terjadi pada perang salib &amp; terjadi ambon poso maka bidat itu terpecah denom akibat sesuka hati menafsir alkitab sembarang,2047658274154262846,,kanjo_spirit,in,,0,1,0,https://x.com/undefined/status/2047658274154262846,2037475330642845696,
2047907162240999866,Sat Apr 25 05:14:50 +0000 2026,0,Danantara adalah kekuatan yang akan menunjang perekonomian Indonesia di masa depan #Danantara #DanantaraIndonesia #EkonomiIndonesia https://t.co/rvh14lzG7h,2047907162240999866,https://pbs.twimg.com/media/HGugtd9bgAA2-aM.jpg,,in,,0,0,0,https://x.com/undefined/status/2047907162240999866,1521326202514206721,
2047907131358335390,Sat Apr 25 05:14:43 +0000 2026,0,Danantara adalah kekuatan yang akan menunjang perekonomian Indonesia di masa depan #Danantara #DanantaraIndonesia #EkonomiIndonesia https://t.co/bmNUcHNaED,2047907131358335390,https://pbs.twimg.com/media/HGugro5aoAAMSWd.jpg,,in,,0,0,0,https://x.com/undefined/status/2047907131358335390,1521326202514206721,
2047907106431607026,Sat Apr 25 05:14:37 +0000 2026,0,Danantara adalah kekuatan yang akan menunjang perekonomian Indonesia di masa depan #Danantara #DanantaraIndonesia #EkonomiIndonesia https://t.co/kFFMO7DoLg,2047907106431607026,https://pbs.twimg.com/media/HGugqJuaQAAQyXc.jpg,,in,,0,0,0,https://x.com/undefined/status/2047907106431607026,1521326202514206721,
2047907081890766856,Sat Apr 25 05:14:31 +0000 2026,0,Danantara adalah kekuatan yang akan menunjang perekonomian Indonesia di masa depan #Danantara #DanantaraIndonesia #EkonomiIndonesia https://t.co/dlXgDxqIel,2047907081890766856,https://pbs.twimg.com/media/HGugozza4AAcsy5.jpg,,in,,0,0,0,https://x.com/undefined/status/2047907081890766856,1521326202514206721,
2047848496330600659,Sat Apr 25 01:21:43 +0000 2026,0,perlu digarisbawahi kalau ekspektasi investor terhadap big banks dilandandasi oleh faktor-faktor yang sama dalam mendukung pertumbuhan ekonomi bukan jika saham big banks anjlok maka perekonomian indonesia sedang butuh perhatian lebih lanjut faktornya (personal opinion),2047848496330600659,,,in,,0,1,0,https://x.com/undefined/status/2047848496330600659,1340550225472020480,
2047830736628293943,Sat Apr 25 00:11:09 +0000 2026,0,gws perekonomian indonesia,2047830736628293943,,,in,,0,0,0,https://x.com/undefined/status/2047830736628293943,1585241664553365504,
2047721094342471862,Fri Apr 24 16:55:28 +0000 2026,0,Perekonomian Indonesia membaik dan WNI dapat presiden serta pejabat kompeten dan jujur.,2047721094342471862,,,in,,0,0,0,https://x.com/undefined/status/2047721094342471862,1632452351197061121,
2047717479712252364,Fri Apr 24 16:41:06 +0000 2026,0,pusing banget ngeliat perekonomian indonesia ini beneran rakyatnya kacau balau,2047717479712252364,,,in,,0,0,0,https://x.com/undefined/status/2047717479712252364,1922081263919497217,
2047696390219051011,Fri Apr 24 15:17:18 +0000 2026,0,Menko Perekonomian Airlangga Hartarto memaparkan strategi Indonesia dalam menghadapi tekanan ekonomi global. Menurutnya ketahanan ekonomi nasional ditopang konsumsi domestik investasi dan penguatan sektor industri. https://t.co/XjfEZqJLZY,2047696390219051011,https://pbs.twimg.com/ext_tw_video_thumb/2047696315686309889/pu/img/S56laf2h6s3Urh7H.jpg,,in,,0,1,0,https://x.com/undefined/status/2047696390219051011,364790696,
2047619718870364371,Fri Apr 24 14:39:05 +0000 2026,2,@PaltiHutabarat Gerombolan Prabowok msh Ngeles Perekonomian Indonesia Baik2 Saja pdhl perekonomian Suatu negara Baik2 sj bisa dilihat dr Daya Beli Masyarakat diPasar ini FAKTA REAL nya di Pasar Sepi &amp; Para Pelaku Usaha udh Teriak2 https://t.co/qEo1tIbl4P,2047686772222796287,https://pbs.twimg.com/ext_tw_video_thumb/2047686224706752512/pu/img/0ZiYkkXX808Ilev7.jpg,PaltiHutabarat,in,,0,0,1,https://x.com/undefined/status/2047686772222796287,1156974549658791937,
410751912049250305,Fri Apr 24 14:31:28 +0000 2026,0,@prabowo @DavidEfendhi Betul USD kini tembus 17.300 rupiah. Makin kacau perekonomian Indonesia semua barang melonjak naik. Yang kagak naik cuma satu yaitu gaji maupun pendapatan rakyat.,2047684854914195907,,prabowo,in,,0,0,0,https://x.com/undefined/status/2047684854914195907,720655727816105984,
2047631604101824702,Fri Apr 24 14:31:19 +0000 2026,1,@_katakita08 Perekonomian Negara Baik2 sj bisa dilihat geliat Perputaran Ekonomi dipasar2 Pasar2 Tradisional aj udah sepi begini jadi pemerintah kalau msh ngeles Indonesia Baik2 Saja OMG https://t.co/jeDnPtjlqx,2047684818927026570,https://pbs.twimg.com/ext_tw_video_thumb/2047684561807814656/pu/img/BMjvR5w5scIE_J2q.jpg,_katakita08,in,,0,1,0,https://x.com/undefined/status/2047684818927026570,1156974549658791937,
2047667046381736167,Fri Apr 24 13:20:42 +0000 2026,0,maaf yh svt.. spertinya aku support kalian lewat streaming dulu deh gaji imut ini lagi bersaing dengan gonjang ganjing perekonomian indonesia soalnya ,2047667046381736167,,,in,,0,0,1,https://x.com/undefined/status/2047667046381736167,1621210453291704322,
2047661937895547095,Fri Apr 24 13:00:24 +0000 2026,0,Pemerintah Indonesia mengubah pendekatan dalam mengelola perekonomian nasional dengan menerapkan strategi mode bertahan atau survival di tengah meningkatnya tekanan global. Baca Selengkapnya: https://t.co/ZCpZPeLCrD https://t.co/tzbZMLl4Yk,2047661937895547095,https://pbs.twimg.com/media/HGrAArJa0AA6qiO.jpg,,in,,0,0,0,https://x.com/undefined/status/2047661937895547095,103551225,
2047661495153262978,Fri Apr 24 12:58:38 +0000 2026,1,Menteri Keuangan (Menkeu) Purbaya Yudhi Sadewa menegaskan bahwa fluktuasi nilai tukar rupiah belakangan ini bukan mencerminkan kondisi fundamental ekonomi Indonesia yang menurun. Menurutnya perekonomian domestik saat ini masih menunjukkan ketahanan yang relatif lebih kuat https://t.co/sf5BD6jfS1,2047661495153262978,https://pbs.twimg.com/amplify_video_thumb/2047661037026234368/img/iYRWH-0JSJzRQnh1.jpg,,in,,0,6,0,https://x.com/undefined/status/2047661495153262978,57261519,
2047657557725200714,Fri Apr 24 12:43:01 +0000 2026,0,Lebih dari sekadar pencapaian penghargaan ini menjadi penguat komitmen Fraksi Partai Demokrat untuk terus menyuarakan aspirasi masyarakat meningkatkan kesejahteraan rakyat dan berperan aktif dalam menjaga perekonomian Indonesia agar tetap stabil dan berkelanjutan. #Demokrat,2047657564645822781,,piafpd_dpr,in,,0,0,0,https://x.com/undefined/status/2047657564645822781,1194497879777300484,
2047656525532160232,Fri Apr 24 12:38:53 +0000 2026,0,Jakarta 23/4/2026 Kemenkeu Wakil Menteri Keuangan (Wamenkeu) Juda Agung menegaskan bahwa kondisi perekonomian Indonesia tetap stabil dan tangguh di tengah meningkatnya ket... https://t.co/6wTlGmudfG,2047656525532160232,,,in,,0,0,0,https://x.com/undefined/status/2047656525532160232,263656673,
2047656124460175455,Fri Apr 24 12:37:18 +0000 2026,2,#SobatAviasi pasti tahu kalau transportasi menjadi urat nadi penghubung Indonesia dan berperan membuka konektivitas serta memajukan perekonomian daerah di seluruh Indonesia. Selamat Hari Transportasi Nasional #LewatUdara #MenghubungkanIndonesia #SelamatAmanNyaman https://t.co/G3u0lngra2,2047656124460175455,https://pbs.twimg.com/media/HGq8WcobQAA3Wf1.jpg,,in,,0,0,1,https://x.com/undefined/status/2047656124460175455,794423506339434496,
2047654347321077792,Fri Apr 24 12:30:14 +0000 2026,6,Menteri Keuangan (Menkeu) Purbaya Yudhi Sadewa menilai pelemahan nilai tukar rupiah bukan mencerminkan kondisi fundamental ekonomi Indonesia yang memburuk. Justru perekonomian domestik masih relatif kuat dibandingkan negara lain di kawasan. Tapi untuk saya sih ini (pelemahan https://t.co/1iNZ5TkBRC,2047654347321077792,https://pbs.twimg.com/media/HGq6xSbawAAsMHI.jpg,,in,,0,4,3,https://x.com/undefined/status/2047654347321077792,18071520,
2047654288248426655,Fri Apr 24 12:30:00 +0000 2026,0,Menteri Koordinator Bidang Perekonomian Airlangga Hartarto mengungkapkan 60 persen investasi di Indonesia menghasilkan laba. Kondisi ini dinilai menjadi daya tarik bagi investor yang mau menanamkan modalnya ke Tanah Air. Airlangga mengatakan kondisi ini membuat Indonesia lebih https://t.co/5iWOAdVxU3,2047654288248426655,https://pbs.twimg.com/media/HGpZ_yrbMAAtZOc.jpg,,in,,0,0,0,https://x.com/undefined/status/2047654288248426655,4755284968,
2047651727353221344,Fri Apr 24 12:19:49 +0000 2026,1,[SUBTEMA IEO 27: SEKTOR FISKAL] Halo Young Policy Makers! Sejalan dengan upaya penguatan perekonomian Indonesia di tengah ketidakpastian strategis Indonesia Economic Outlook 2027 mengangkat fokus pada sektor fiskal dengan mengusung subtema: https://t.co/EABFm6juiU,2047651727353221344,https://pbs.twimg.com/media/HGq4Y77bgAAn7X6.jpg,,in,,0,1,0,https://x.com/undefined/status/2047651727353221344,135501035,
2047651181720396062,Fri Apr 24 12:17:39 +0000 2026,1,[SUBTEMA IEO '27: SEKTOR MONETER &amp; FINANSIAL] Halo Young Policy Makers! Sejalan dengan upaya penguatan perekonomian Indonesia di tengah ketidakpastian strategis Indonesia Economic Outlook 2027 mengangkat fokus pada sektor moneter dan finansial dengan mengusung subtema: https://t.co/uEBwlMJ6WS,2047651181720396062,https://pbs.twimg.com/media/HGq35F_b0AA6BdA.jpg,,in,,0,1,0,https://x.com/undefined/status/2047651181720396062,135501035,
2047650692391956839,Fri Apr 24 12:15:43 +0000 2026,2,[SUBTEMA IEO '27: SEKTOR RIIL] Halo Young Policy Makers! Sejalan dengan upaya penguatan perekonomian Indonesia di tengah ketidakpastian strategis Indonesia Economic Outlook 2027 mengangkat fokus pada sektor riil dengan mengusung subtema: https://t.co/H4RwYLGeM3,2047650692391956839,https://pbs.twimg.com/media/HGq3ctBa4AAyVgH.jpg,,in,,0,1,1,https://x.com/undefined/status/2047650692391956839,135501035,
2047643271154004326,Fri Apr 24 11:46:13 +0000 2026,3,Baru tadi siang gue ngobrol tentang perekonomian Indonesia dan diwanti-wanti buat ga pakai uang dingin dulu. Fawk it i guess https://t.co/ScM1c7jlVP,2047643271154004326,https://pbs.twimg.com/media/HGqws6FaYAAHpVh.jpg,,in,,0,0,0,https://x.com/undefined/status/2047643271154004326,207001245,
2047595527978852741,Fri Apr 24 11:27:53 +0000 2026,0,@sugondese6666 Kalau yang aku pelajari di buku2 waktu SMP IPS Ekonomi bahwa Investasi ( penanaman modal asing ) manfaatnya untuk transfer teknologi. Waktu aku baca buku Gie bahwa Investasi dibuka zaman Suharto Sumitro Menteri perekonomian saat itu mulai rusaknya Indonesia.,2047638657432191078,,sugondese6666,in,,0,0,0,https://x.com/undefined/status/2047638657432191078,1889720353850798080,
2047574962467422360,Fri Apr 24 10:55:16 +0000 2026,6,@iPoopBased Itu daerah kepulauannya salah satu penghasil cengkeh dengan harga jual tinggi tapi akhirnya hancur akibat anak presiden memonopoli perdagangan cengkeh di Indonesia. Alhasil setelah itu perekonomian disana hancur lebur karena cengkeh adalah pendapatan utama warga.,2047630448382316911,,iPoopBased,in,,0,2,0,https://x.com/undefined/status/2047630448382316911,1681627337870430211,
2047623718105756094,Fri Apr 24 10:28:32 +0000 2026,1,https://t.co/UGw1z5oXah indonesia Hari Ini : Penurunan tingkat pengangguran terbuka kerap dibaca sebagai kabar baik bagi perekonomian nasional. Dalam berbagai rilis resmi Badan Pusat Statistik indikator ini menunjukkan tren membaik .. https://t.co/QVbByY4exU,2047623718105756094,,,in,,0,0,0,https://x.com/undefined/status/2047623718105756094,773144754267693057,
2047594177152921947,Fri Apr 24 08:31:08 +0000 2026,1,Menteri Koordinator Bidang Perekonomian Airlangga Hartarto menilai laporan JP Morgan Asset Management yang menempatkan Indonesia sebagai negara paling tahan guncangan energi mencerminkan ketahanan energi nasional. Sebagaimana diketahui laporan terbaru Eye on the Market bertajuk https://t.co/f1d9x7F29u,2047594177152921947,https://pbs.twimg.com/media/HGqEDNtaMAAVJn1.jpg,,in,,0,0,0,https://x.com/undefined/status/2047594177152921947,18071520,
2047514027656679920,Fri Apr 24 08:20:18 +0000 2026,4,@Srik4ndiMuslim2 Dr pertama sy nggak bgt percaya dg Purbaya walau awal2 dia terkesan sgt merah putih tp sy selalu ingat apa yg pernah dikatakan Alm RR bhw menkeu dan menko perekonomian itu dlm kendali aseng dan asing jd tak mgkn bekerja utk membela kemandirian dan kesejahteraan bsngsa Indonesia..,2047591447470416100,,Srik4ndiMuslim2,in,,0,1,0,https://x.com/undefined/status/2047591447470416100,1917848651336134656,
2047231503332172000,Fri Apr 24 08:05:12 +0000 2026,0,@nandaipanri @tempodotco Bilang aje terus terang kagak becus ngurusin perekonomian rakyat Indonesia ye? Lulbahlul..!,2047587648118853971,,nandaipanri,in,,0,1,0,https://x.com/undefined/status/2047587648118853971,1666993550767292416,
2047585825173725358,Fri Apr 24 07:57:57 +0000 2026,0,Pemerintah lagi gencar jaga ketahanan pangan guys! Yuk dukung langkah ini biar Indonesia makin sejahtera! Dengan data yang oke perekonomian kita pasti maju! https://t.co/u9kSnLwVpS,2047585825173725358,https://pbs.twimg.com/media/HGp8cEVboAAicFv.jpg,,in,,0,1,0,https://x.com/undefined/status/2047585825173725358,863423486613573632,
2047570638232293591,Fri Apr 24 06:57:36 +0000 2026,0,Melalui berbagai inisiatif BRI terus mendorong UMKM untuk tumbuh terhubung dan menciptakan nilai tambah bagi perekonomian daerah. Sobat BRI yuk dukung UMKM Indonesia agar semakin maju! #MelayaniSepenuhHati #BRIMelayaniSepenuhHati #SatuBankUntukSemua #DanantaraCX100 https://t.co/3PH49pB0sx,2047570638232293591,https://pbs.twimg.com/media/HGpunefasAA0_-s.jpg,,in,,0,0,0,https://x.com/undefined/status/2047570638232293591,1355939492,
2047567844410638463,Fri Apr 24 06:46:30 +0000 2026,0,Realisasi investasi pada kuartal I 2026 yang mencapai Rp498 79 triliun melampaui target Rp497 triliun menjadi sinyal kuat kepercayaan investor terhadap perekonomian Indonesia. #InvestasiTumbuh #EkonomiKuat #IndonesiaMaju https://t.co/GKOWbFHOnS,2047567844410638463,https://pbs.twimg.com/media/HGpsGYWa8AA5LWw.jpg,,in,,0,0,0,https://x.com/undefined/status/2047567844410638463,1918132037816598530,
2047567820532355166,Fri Apr 24 06:46:25 +0000 2026,0,Realisasi investasi pada kuartal I 2026 yang mencapai Rp498 79 triliun melampaui target Rp497 triliun menjadi sinyal kuat kepercayaan investor terhadap perekonomian Indonesia. #InvestasiTumbuh #EkonomiKuat #IndonesiaMaju https://t.co/NTCav1lquG,2047567820532355166,https://pbs.twimg.com/media/HGpsE8faEAAi-4p.jpg,,in,,0,0,0,https://x.com/undefined/status/2047567820532355166,1918132037816598530,
2047567790618689652,Fri Apr 24 06:46:17 +0000 2026,0,Realisasi investasi pada kuartal I 2026 yang mencapai Rp498 79 triliun melampaui target Rp497 triliun menjadi sinyal kuat kepercayaan investor terhadap perekonomian Indonesia. #InvestasiTumbuh #EkonomiKuat #IndonesiaMaju https://t.co/d3PHGy9PCI,2047567790618689652,https://pbs.twimg.com/media/HGpsDPnaAAEhKQd.jpg,,in,,0,0,0,https://x.com/undefined/status/2047567790618689652,1918132037816598530,
2047308383058059280,Fri Apr 24 06:45:23 +0000 2026,0,@noopiieeeeee Tidak akan memulihkan perekonomian Indonesia cokkk,2047567562201014532,,noopiieeeeee,in,,0,0,0,https://x.com/undefined/status/2047567562201014532,2034289819870957568,
2047488747240054897,Fri Apr 24 04:59:17 +0000 2026,8,@KapudS640 Berdasarkan Pasal 33 UUD 1945 sistem perekonomian Indonesia dirancang bukan berdasarkan kapitalisme murni melainkan demokrasi ekonomi yang berlandaskan asas kekeluargaan dan gotong-royong. namun hal yang telah di jelaskan di atas di jalan secara capitalism.,2047540861710500190,,KapudS640,in,,0,0,2,https://x.com/undefined/status/2047540861710500190,1127526654396342274,
2047538348655530228,Fri Apr 24 04:49:18 +0000 2026,1,Danantara adalah kekuatan yang akan menunjang perekonomian Indonesia di masa depan #Danantara #DanantaraIndonesia #EkonomiIndonesia https://t.co/BlwHQMSI79,2047538348655530228,https://pbs.twimg.com/media/HGpRRuHa0AAw_AD.jpg,,in,,0,0,0,https://x.com/undefined/status/2047538348655530228,1444511087597023234,
2047538289486471664,Fri Apr 24 04:49:04 +0000 2026,1,Danantara adalah kekuatan yang akan menunjang perekonomian Indonesia di masa depan #Danantara #DanantaraIndonesia #EkonomiIndonesia https://t.co/TToHJqltDQ,2047538289486471664,https://pbs.twimg.com/media/HGpROSHawAAFia6.jpg,,in,,0,0,0,https://x.com/undefined/status/2047538289486471664,1444511087597023234,
2047538250810810638,Fri Apr 24 04:48:55 +0000 2026,1,Danantara adalah kekuatan yang akan menunjang perekonomian Indonesia di masa depan #Danantara #DanantaraIndonesia #EkonomiIndonesia https://t.co/C6PTYNPvVn,2047538250810810638,https://pbs.twimg.com/media/HGpRMC8a0AA2TPW.jpg,,in,,0,0,0,https://x.com/undefined/status/2047538250810810638,1444511087597023234,
2047538215238992058,Fri Apr 24 04:48:46 +0000 2026,1,Danantara adalah kekuatan yang akan menunjang perekonomian Indonesia di masa depan #Danantara #DanantaraIndonesia #EkonomiIndonesia https://t.co/nAg295N8ne,2047538215238992058,https://pbs.twimg.com/media/HGpRJ7cbIAAAlKJ.jpg,,in,,0,0,0,https://x.com/undefined/status/2047538215238992058,1444511087597023234,
2047455865842827313,Fri Apr 24 03:48:59 +0000 2026,0,@Piyusaja2 @prabowo Akhirnya ada juga yg naik di perekonomian Indonesia .,2047523170467578140,,Piyusaja2,in,,0,0,0,https://x.com/undefined/status/2047523170467578140,864768517,
2047484480198414791,Fri Apr 24 03:34:50 +0000 2026,1,@_katakita08 Lumayan loh efek us dolar naik tuh ke perekonomian Indonesia,2047519607460896963,,_katakita08,in,,0,1,0,https://x.com/undefined/status/2047519607460896963,1097129951013199873,
2047519484651704750,Fri Apr 24 03:34:20 +0000 2026,0,Realisasi investasi pada kuartal I 2026 yang mencapai Rp498 79 triliun melampaui target Rp497 triliun sinyal kuat kepercayaan investor terhadap perekonomian Indonesia. ini tidak hanya mencerminkan iklim usaha yang semakin kondusif. #InvestasiTumbuh #EkonomiKuat #IndonesiaMaju https://t.co/d4eQoU5L5r,2047519484651704750,https://pbs.twimg.com/media/HGpAHfSbMAEK7G8.jpg,,in,,0,2,0,https://x.com/undefined/status/2047519484651704750,1709800973089361920,
2047486044887822747,Fri Apr 24 01:25:47 +0000 2026,0,Kemudian pada pict 2. dijelaskan juga oleh Rikopedia (flowchart pic not mine) bahwa glowchart pengaruh kenaikan harga minyak diatas $80/barel terhadap perekonomian dan sektor di Indonesia. yang mana hal tersebut turut melemahkan nilai tukar rupiah.,2047487131908751567,,asuma471,in,,0,0,0,https://x.com/undefined/status/2047487131908751567,1506476051697848326,
2047481134221771172,Fri Apr 24 01:03:17 +0000 2026,0,Kami akan berkolaborasi untuk bersama-sama memajukan perekonomian di Jabar memberantas kemiskinan dan menghadirkan kesejahteraan. Karena Jabar adalah tulang punggung Indonesia maka jika Jabar maju dan sejahtera maka Indonesia juga akan maju dan sejahtera juga.,2047481469418000806,,anindyabakrie,in,,0,1,0,https://x.com/undefined/status/2047481469418000806,45871100,
2046828783202975959,Thu Apr 23 20:32:39 +0000 2026,0,@BANGSAygSUJUD @AswinbaharD @Ndons_Back @Masdjodi1 @BattoAjax @BahamasJefry @SBaigin @Kimberley_PS08 @KiEdySularno @IrawanRommi @jametkunx Bantalan RI kokoh perekonomian Indonesia menyala: Maka menyalalah: 1. Rupiah 17.300 terlemah di dunia 2. Utang jatuh tempo + bunga yg harus dibayar 1.435T. 3. CAD Q1: 240T. 4. Asing kabur kencang Menyala ,2047413363320537103,,BANGSAygSUJUD,in,,0,0,0,https://x.com/undefined/status/2047413363320537103,1603768816189988865,
2047273988205015451,Thu Apr 23 15:31:29 +0000 2026,8,@msaid_didu Wlpn srg dibully dihujat dgn Serangan2 (Jual Indosat) hanya dia yg mampu membenahi Perekonomian Indonesia Pasca Krisis Moneter 98 dgn warisan hutang era Soeharto &amp; Indonesia bisa keluar dr Jeratan Renteenir IMF https://t.co/be0UUpfD66,2047337572108784040,https://pbs.twimg.com/media/HGmaq04bQAA6fo5.jpg,msaid_didu,in,,0,0,0,https://x.com/undefined/status/2047337572108784040,1156974549658791937,
2047337341984141799,Thu Apr 23 15:30:40 +0000 2026,0,dan gotong royong untuk mewujudkan perekonomian Indonesia yang lebih inklusif dan berkelanjutan. Turut hadir Wakil Presiden ke-11 Bapak Prof. Boediono.,2047337364918530222,,airlangga_hrt,in,,0,0,0,https://x.com/undefined/status/2047337364918530222,2734971967,
2047329651073102185,Thu Apr 23 15:00:01 +0000 2026,1,Menteri Koordinator Bidang Perekonomian Airlangga Hartarto mengatakan India dan Filipina berminat mengimpor pupuk urea dari Indonesia seiring posisi produksi nasional yang saat ini mengalami surplus sejauh ini. Pupuk kita mengalami surplus sehingga beberapa negara seperti https://t.co/4sacJeC6dL,2047329651073102185,https://pbs.twimg.com/media/HGkwf9MaYAAHmg6.jpg,,in,,0,0,0,https://x.com/undefined/status/2047329651073102185,4755284968,
2047325996198805840,Thu Apr 23 14:45:29 +0000 2026,0,kalo tanya ke atasan jawabannya kondisi perekonomian indonesia memang sedang tidak baik-baik saja kita bisa apa? semua sektor emang lagi kaya gini tunjangan saya juga malah dipotong ..,2047325996198805840,,,in,,0,0,0,https://x.com/undefined/status/2047325996198805840,1131323184513396736,
2047324400454885795,Thu Apr 23 14:39:09 +0000 2026,1,Direktur Hilirisasi Hasil Perkebunan Kementerian Pertanian (Kementan) Kuntoro Boga Andri menyampaikan posisi strategis komoditas kelapa sawit bagi perekonomian nasional saat ini tidak hanya untuk sektor pangan tetapi juga energi. Selain itu kata dia sawit Indonesia https://t.co/QUutqoebkc,2047324400454885795,https://pbs.twimg.com/media/HGmOr6La4AAJfxv.jpg,,in,,0,0,1,https://x.com/undefined/status/2047324400454885795,46693036,
2047307002292973807,Thu Apr 23 13:30:01 +0000 2026,1,Menteri Koordinator Bidang Perekonomian Airlangga Hartarto menanggapi pelemahan nilai tukar rupiah yang tembus Rp17.300 per dolar Amerika pada perdagangan Kamis (23/4/2026). Airlangga mengatakan bahwa menjaga stabilitas nilai tukar merupakan tanggung jawab Bank Indonesia. Namun https://t.co/zqAbtZBW7o,2047307002292973807,https://pbs.twimg.com/media/HGkszGqaYAIOqbC.jpg,,in,,0,0,0,https://x.com/undefined/status/2047307002292973807,4755284968,
2047306348191432932,Thu Apr 23 13:27:25 +0000 2026,0,anjing w abis menganalisis perekonomian di indonesia NGELUU COKK NGAPA SI GUE PUNYA PEMIMPIN DAN JAJARAN YG SANGAT SERAKAH???? ANJING LO,2047306348191432932,,,in,,0,0,0,https://x.com/undefined/status/2047306348191432932,1421112849892401156,
2047299455397859601,Thu Apr 23 13:00:01 +0000 2026,69,Menko Perekonomian: Fundamental Ekonomi RI Tetap Kuat Di tengah dinamika global yang masih penuh ketidakpastian fundamental ekonomi Indonesia tetap terjaga solid. https://t.co/P5bfOkwHJ3,2047299455397859601,https://pbs.twimg.com/media/HGljA1qbsAA93ji.jpg,,in,,45,124,22,https://x.com/undefined/status/2047299455397859601,18129942,
2047289896541528136,Thu Apr 23 12:22:02 +0000 2026,0,bismillah semoga capcay hari ini bisa bikin perekonomian indonesia membaik,2047289896541528136,,,in,,0,0,0,https://x.com/undefined/status/2047289896541528136,2172634699,
2046765372570034209,Thu Apr 23 12:15:05 +0000 2026,0,@kemendespdt Semoga pak Mentri berserta Jajarannya sukses dalam meningkatkan perekonomian Desa dan Indonesia,2047288145046360125,,kemendespdt,in,,0,0,0,https://x.com/undefined/status/2047288145046360125,1671705163864899584,
2047279389491216518,Thu Apr 23 11:40:17 +0000 2026,0,untuk melihat aktivitas perekonomian perikanan. EKONOMI BIRU UNTUK INDONESIA EMAS 🇮🇩 PPS KENDARI LUAR BIASA! SOSOITO! #PPSKendariluarbiasa #PanganBiru #2026KKPGrowStronger #SailBeyondWithBlueEconomy #EkonomiBiruUntukIndonesiaEmas,2047279389491216518,,,in,,0,0,0,https://x.com/undefined/status/2047279389491216518,778132314647822336,
2047273927609925777,Thu Apr 23 11:18:35 +0000 2026,0,apapun yang terjadi pastinya papua akan diperhatikan karena Papua adalah bagian dari indonesia. presiden akan kerahkan tenaganya agar bisa menumbuhkan perekonomian yang baik Cendrawasih Makin Modern #PapuaGoDigital https://t.co/th6Z8GMMwv,2047273927609925777,https://pbs.twimg.com/media/HGlgxuibEAAAXHs.jpg,,in,,0,0,0,https://x.com/undefined/status/2047273927609925777,1761407596534382592,
2047244495247602004,Thu Apr 23 09:21:38 +0000 2026,2,Selain Australia Pemerintah Sebut Filipina dan India Minati Pupuk Urea Asal Indonesia Jakarta - Menteri Koordinator Bidang Perekonomian Airlangga Hartarto mengatakan India dan Filipina berminat mengimpor pupuk urea dari Indonesia seiring posisi produksi nasional yang saat ini,2047244495247602004,,,in,,0,0,0,https://x.com/undefined/status/2047244495247602004,121640063,
2047243868412977645,Thu Apr 23 09:19:08 +0000 2026,1,IMF SALAH MENILAI PEREKONOMIAN INDONESIA YG TERNYATA INDONESIA MAMPU MEMPERKUAT DAN MENJAGA STABILITAS PEREKONOMIANNYA DI MANA DUNIA SEDANG MENGALAMI KRISIS #jagaindonesia #jagaekonominasional #indonesiatangguh #tolakpesimisme #validasiglobal https://t.co/cdXt2Lm7QO,2047243868412977645,https://pbs.twimg.com/amplify_video_thumb/2047243581669437440/img/faFRB2NlX04qM4TL.jpg,,in,,0,0,0,https://x.com/undefined/status/2047243868412977645,2037873191478263809,
2047239354133987789,Thu Apr 23 09:01:12 +0000 2026,0,Opimisme ini disampaikan Menteri Koordinator (Menko) Bidang Perekonomian Airlangga Hartarto. Ia memprediksi ekonomi Indonesia tumbuh mencapai 5 5 persen pada kuartal I 2026 atau tumbuh tipis dari laporan akhir 2025 lalu dimana pertumbuhannya 5 2 persen. https://t.co/kPZGOtgMWM,2047239354133987789,,,in,,0,1,0,https://x.com/undefined/status/2047239354133987789,1666303982007111680,
2047195024291717238,Thu Apr 23 08:47:23 +0000 2026,6,@ArvinHonami Indonesia (atas resep IMF) sudah terlalu lama terus mengintervensi nilai tukar Rupiah sehingga overvalue. Sudah saatnya Rupiah dibiarkan menuju nilai riilnya tanpa intervensi berlebihan. Akan lebih sehat juga untuk perekonomian.,2047235876103811093,,ArvinHonami,in,,0,1,0,https://x.com/undefined/status/2047235876103811093,70572605,
2047131957331640772,Thu Apr 23 08:32:34 +0000 2026,0,1167/ kelancaran roda perekonomian di seluruh wilayah Indonesia Kanwil Kemenkum Babel #KementerianHukum #LayananHukumMakinMudah #KanwilKemenkumBabel Kanwil Babel Pasti Kredibel,2047232148357443963,,kemenkumbabel,in,,0,0,0,https://x.com/undefined/status/2047232148357443963,1787299092491866112,
2047230922421154127,Thu Apr 23 08:27:42 +0000 2026,1,INDONESIA MAMPU MENJAGA DAN MEMPERKUAT KESTABILITASAN PEREKONOMIAN DI MANA NEGARA2 LAIN SEDANG MENGALAMI KETERPURUKAN DENGAN EKONOMI #JagaIndonesia #jagaperekonomiannasional #indonesiatangguh #tolakpesimisme #kementrian https://t.co/EdxtE0tRDA,2047230922421154127,https://pbs.twimg.com/amplify_video_thumb/2047230470283550721/img/pZpzLGgdyGDeyvf_.jpg,,in,,0,0,0,https://x.com/undefined/status/2047230922421154127,2037573970850152449,
2047221923382509857,Thu Apr 23 07:51:56 +0000 2026,0,Danantara masa depan perekonomian Indonesia #InvestasiBerkelanjutan #EkonomiNasional #BPIDanantara https://t.co/I2Gb7Xm78y,2047221923382509857,https://pbs.twimg.com/ext_tw_video_thumb/2047221896090140672/pu/img/oMcTYuy4hbwsCi4D.jpg,,in,,0,0,0,https://x.com/undefined/status/2047221923382509857,1739597179990458368,
2047216401530999164,Thu Apr 23 07:30:00 +0000 2026,0,Ketua Dewan Ekonomi Nasional Luhut Binsar Pandjaitan menyampaikan kepada Presiden Prabowo bahwa pertumbuhan perekonomian Indonesia masih terjaga di tengah gejolak dunia. Selama tiga bulan ke depan perekonomian Indonesia tetap melaju sehingga APBN masih terkendali. #SmartNews https://t.co/vGmKU5CyNm,2047216401530999164,https://pbs.twimg.com/media/HGj-NBkbIAAhILA.jpg,,in,,0,0,0,https://x.com/undefined/status/2047216401530999164,177084452,
2047203625047392478,Thu Apr 23 06:40:23 +0000 2026,0,Malu gw Masa perekonomian Indonesia harus makin jeblok lagi? Cukup MBG aja yg jd black hole perekonomian Indonesia,2047203918069768212,,tamerlane9470,in,,0,1,0,https://x.com/undefined/status/2047203918069768212,546025427,
2047200725361647891,Thu Apr 23 06:27:42 +0000 2026,0,Danantara masa depan perekonomian Indonesia! https://t.co/z2pkiXDnTz,2047200725361647891,https://pbs.twimg.com/media/HGkeK6DbIAABFJR.jpg,,in,,0,0,0,https://x.com/undefined/status/2047200725361647891,1357052788325289984,
2047130577204281410,Thu Apr 23 06:14:00 +0000 2026,0,@BigAlphaID Bank Indonesia bisa kerja gak sih? Presiden masih ngotot dengan MBG nya? Menko Perekonomian kerjanya ngapain aja? Ketua DEN kenapa gak ada suaranya? Andre Rosiade nongol hanya untuk pencitraan rupiah turun dia ngumpet?,2047197274804260990,,BigAlphaID,in,,0,1,0,https://x.com/undefined/status/2047197274804260990,1607846273671102468,
2047194371490267395,Thu Apr 23 06:04:57 +0000 2026,1,@PosRondaAnfield Itukan kerja resmi nya belum lagi kerja sambilan nya entah jualan atau ojek online/kurir Mengingat kondisi perekonomian indonesia lagi berat terutama ke kalangan kelas masyarakat ekonomi menengah,2047195000279294025,,PosRondaAnfield,in,,1,1,1,https://x.com/undefined/status/2047195000279294025,1795757743158239232,
2046841272913338764,Thu Apr 23 02:56:58 +0000 2026,0,@insidefolkative Kocak ini warga X apapun yang dilakukan Pak Presiden Prabowo bakal salah memang betul di X ini sarangnya penyakit hati semua dijelek-jelekin padahal konser itu bisa mendorong perekonomian negara dan menguntungkan daya tarik wisatawan apalagi orang luar banyak yang ke Indonesia.,2047147690329608577,,insidefolkative,in,,0,2,0,https://x.com/undefined/status/2047147690329608577,1933147444218568704,
2046891771897200782,Thu Apr 23 02:55:42 +0000 2026,0,@tempodotco Kocak ini warga X apapun yang dilakukan Pak Presiden Prabowo bakal salah memang betul di X ini sarangnya penyakit hati semua dijelek-jelekin padahal konser itu bisa mendorong perekonomian negara dan menguntungkan daya tarik wisatawan apalagi orang luar banyak yang ke Indonesia.,2047147374833967594,,tempodotco,in,,0,1,0,https://x.com/undefined/status/2047147374833967594,1933147444218568704,
2046947889881248194,Thu Apr 23 02:55:05 +0000 2026,1,@ardisatriawan Kocak ini warga X apapun yang dilakukan Pak Presiden Prabowo bakal salah memang betul di X ini sarangnya penyakit hati semua dijelek-jelekin padahal konser itu bisa mendorong perekonomian negara dan menguntungkan daya tarik wisatawan apalagi orang luar banyak yang ke Indonesia.,2047147215769223172,,ardisatriawan,in,,0,29,0,https://x.com/undefined/status/2047147215769223172,1933147444218568704,
2046894563525345377,Thu Apr 23 02:52:57 +0000 2026,1,@aimr0d Kocak ini warga X apapun yang dilakukan Pak Presiden Prabowo bakal salah memang betul di X ini sarangnya penyakit hati semua dijelek-jelekin padahal konser itu bisa mendorong perekonomian negara dan menguntungkan daya tarik wisatawan apalagi orang luar yang ke Indonesia.,2047146680773218787,,aimr0d,in,,0,0,0,https://x.com/undefined/status/2047146680773218787,1933147444218568704,
2047130760252211611,Thu Apr 23 01:49:41 +0000 2026,3,Masih soal strategi menghadapi krisis dampak situasi di Timur Tengah pada perekonomian Indonesia. #tanyAnin kali ini kita tanya WKU Bidang Perhubungan Pak Adrianto Djokosoetono soal efisiensi dan strategi menghadapi kenaikan BBM di sektor perhubungan dan sebagainya. https://t.co/lxtkdy8Ih9,2047130760252211611,https://pbs.twimg.com/amplify_video_thumb/2047130645969985536/img/n49GmoapCZIQ9iRR.jpg,,in,,0,1,0,https://x.com/undefined/status/2047130760252211611,45871100,
2046473909869142111,Thu Apr 23 00:51:14 +0000 2026,0,@HoldenKlasik cintailah produk produk made in china tionghoa indonesia adalah kunci perantara jangan kalian rasis dengan orang tionghoa penggerak perekonomian indonesia bro.,2047116051805274159,,HoldenKlasik,in,,0,0,0,https://x.com/undefined/status/2047116051805274159,1427243946707537920,
2047005862687051807,Wed Apr 22 17:33:23 +0000 2026,0,Pemerintah terus menjaga utang dengan bijak memastikan perekonomian Indonesia tetap stabil dan tumbuh. Bersama kita menuju masa depan yang lebih cerah dan sejahtera! https://t.co/GPeEtrn08F,2047005862687051807,https://pbs.twimg.com/media/HGhs90JacAAD_ZH.jpg,,in,,0,0,0,https://x.com/undefined/status/2047005862687051807,1428299101,
2046959038773219709,Wed Apr 22 14:27:20 +0000 2026,0,Hai rekan-rekan jurnalis! Bisnis Indonesia Group menyelenggarakan Journalits Writing Competition dalam rangka perjalanan 80 tahun BNI dalam mendukung perekonomian Indonesia. Yuk bagikan karya terbaikmu dalam BNI Journalists Writing Competition yang https://t.co/RFhHHHDblZ https://t.co/QVk9slCuDh,2046959038773219709,https://pbs.twimg.com/media/HGhCZKia0AA5Hp6.jpg,,in,,0,0,0,https://x.com/undefined/status/2046959038773219709,118646322,
2046955935659348009,Wed Apr 22 14:15:00 +0000 2026,1,Menteri Koordinator Bidang Perekonomian Airlangga Hartarto menyatakan Indonesia menargetkan pertumbuhan ekonomi di atas 5 persen untuk mencapai status negara berpenghasilan tinggi pada 2045 bahkan perlu didorong hingga 6 7 persen di tengah ketidakpastian global yang semakin https://t.co/4T1INR9jww,2046955935659348009,https://pbs.twimg.com/media/HGftl8faYAAD2Tj.jpg,,in,,0,0,0,https://x.com/undefined/status/2046955935659348009,4755284968,
2046944613802381389,Wed Apr 22 13:30:00 +0000 2026,0,Menteri Koordinator Bidang Perekonomian Airlangga Hartarto menekankan soal Indonesia yang menjadi salah satu negara yang responsif dalam menghadapi ketidakpastian global. Di bidang energi tengah dilakukan diversifikasi sumber pasokan dan pengurangan ketergantungan pada kawasan https://t.co/J2LI0MhPo6,2046944613802381389,https://pbs.twimg.com/media/HGet43mboAEbqbO.jpg,,in,,0,1,0,https://x.com/undefined/status/2046944613802381389,4755284968,
2046940017902407742,Wed Apr 22 13:11:45 +0000 2026,0,Konflik Iran Israel AS Picu Tekanan Ekonomi DPR Soroti Dampaknya ke Indonesia Konflik yang melibatkan Iran Israel dan Amerika Serikat disebut memberikan tekanan terhadap perekonomian global maupun nasional. Hal ini disampaikan Ketua DPR RI Puan Maharani pada Selasa https://t.co/ITCSIyFU3g,2046940017902407742,https://pbs.twimg.com/amplify_video_thumb/2046938907686969344/img/PLKVTuitKrB4f9Hc.jpg,,in,,0,1,0,https://x.com/undefined/status/2046940017902407742,58880688,
2046931834303639876,Wed Apr 22 12:39:14 +0000 2026,0,Hai #SahabatEkon. Pembahasan seputar kondisi ekonomi Indonesia saat ini semakin dinamis dari waktu ke waktu. Bagaimana sebenarnya kondisinya? Simak penjelasan Pak Menko Perekonomian @airlanggahartarto_official dalam video #Presspoint berikut! #EkonomiLaju #IndonesiaMaju https://t.co/aPiji4WobO,2046931834303639876,https://pbs.twimg.com/amplify_video_thumb/2046931767916138496/img/byCKHiW4YIDaV8He.jpg,,in,,0,0,0,https://x.com/undefined/status/2046931834303639876,1629234236,
2046909438045610047,Wed Apr 22 11:10:14 +0000 2026,0,Program MBG bener-bener jadi booster buat perekonomian kita! Yuk bareng-bareng kita dukung pertumbuhan ekonomi Indonesia! 🇮🇩 #MBG #EkonomiMaju https://t.co/mI29lBc2bX,2046909438045610047,https://pbs.twimg.com/media/HGgVRK5bEAADUp5.jpg,,in,,0,1,0,https://x.com/undefined/status/2046909438045610047,1703343263866916864,
2046899312408531169,Wed Apr 22 10:30:00 +0000 2026,1,Indonesia dan Singapura sepakat untuk memperkuat kerja sama di sektor ekonomi hijau (green economy) terutama energi hijau. Kerja sama tersebut diharapkan dapat mendorong perekonomian Indonesia sekaligus mendukung target Net Zero Emission (NZE). Menteri Investasi dan https://t.co/dMZ72Mx8Lq,2046899312408531169,https://pbs.twimg.com/media/HGeiy37bAAApzCI.jpg,,in,,0,1,0,https://x.com/undefined/status/2046899312408531169,4755284968,
2046893017983074606,Wed Apr 22 10:04:59 +0000 2026,3,Rabu 22 April 2026 Dalam rangka mendukung pengembangan energi baru terbarukan Perum Jasa Tirta II menerima kunjungan dari Kementerian Koordinator Bidang Perekonomian Republik Indonesia. #JasaTirta2 #PLTSJatiluhur #EnergiTerbarukan #BUMNUntukIndonesia https://t.co/3xz5jiNJz4,2046893017983074606,https://pbs.twimg.com/amplify_video_thumb/2046892816840994816/img/Zt6aJTI6xbfTLqJ1.jpg,,in,,0,1,0,https://x.com/undefined/status/2046893017983074606,3237710584,
2046877561133965656,Wed Apr 22 09:03:34 +0000 2026,0,MBG siap dorong ekonomi Indonesia! Yuk dukung program ini biar perekonomian makin ciamik! #EkonomiMaju #MBG https://t.co/bDfaWtIO20,2046877561133965656,https://pbs.twimg.com/media/HGf4RrfbAAAjoen.jpg,,in,,0,0,0,https://x.com/undefined/status/2046877561133965656,1738355150043951104,
2046792357694349366,Wed Apr 22 08:46:21 +0000 2026,0,@NgkongRoses @prabowo @setkabgoid @KemensetnegRI Selain memberikan makanan sehat dan bergizi bagi anak anak Indonesia MBG terbukti mampu mendorong perekonomian masyarakat setempat. #LanjutkanMBG,2046873229143511227,,NgkongRoses,in,,0,0,0,https://x.com/undefined/status/2046873229143511227,1789071640636411904,
2046854203877069191,Wed Apr 22 07:30:45 +0000 2026,1,Situasi di Timur Tengah juga membawa dampak yang tidak mudah pada perekonomian Indonesia. Juga terjadi gangguan di sektor migas atau energi plastik dan komoditas strategis lainnya. https://t.co/XNFoMATJJD,2046854203877069191,https://pbs.twimg.com/amplify_video_thumb/2046854095949180928/img/YVDqqvyp6gu5qA54.jpg,,in,,0,1,0,https://x.com/undefined/status/2046854203877069191,45871100,
2046848255338918216,Wed Apr 22 07:09:09 +0000 2026,0,️ Ke depan berbagai kebijakan Pemerintah dan Bank Indonesia perlu terus diperkuat di tengah menurunnya prospek perekonomian global. ️ Berbagai program prioritas Pemerintah untuk menyerap tenaga kerja meningkatkan permintaan domestik dan tetap memperkuat ketahanan fiskal,2046848766301667329,,bank_indonesia,in,,0,1,0,https://x.com/undefined/status/2046848766301667329,153667051,
2046841641424818373,Wed Apr 22 06:40:50 +0000 2026,0,Perekonomian Indonesia masih bertumpu pada konsumsi rumah tangga yang pada 2025 mencapai Rp12.835 triliun atau 53 9% dari PDB menjadikannya motor utama aktivitas ekonomi nasional. https://t.co/rf9eFW1hpZ,2046841641424818373,https://pbs.twimg.com/media/HGfXcuSbMAAN9XE.jpg,,in,,0,0,0,https://x.com/undefined/status/2046841641424818373,1888928456853073921,
2046828783202975959,Wed Apr 22 05:49:44 +0000 2026,130,Purbaya DEBAT seru dengan Bank Dunia &amp; IMF di Washington DC Menkeu memaparkan kekuatan perekonomian Indonesia yg MENYALA di saat Dunia gonjang ganjing Ujungnya mereka menawari hutang RI... Langsung ditolak Menkeu bilang bantalan RI kokoh dia masih punya Rp 420 trilyun di https://t.co/Z7k3PCwzCj,2046828783202975959,https://pbs.twimg.com/media/HGfL7nYaoAAgMxg.jpg,,in,,4,58,41,https://x.com/undefined/status/2046828783202975959,1189039138835554304,
2046827586228289913,Wed Apr 22 05:44:59 +0000 2026,2,*Program Pendidikan Kebanksentralan Bank Indonesia Tahun 2026 resmi dibuka!* Semeton Bank Indonesia membuka kembali kesempatan bagi mahasiswa yang ingin memperluas wawasan meningkatkan kapasitas diri dan memahami peran strategis bank sentral dalam perekonomian. https://t.co/2ZrminE9Vl,2046827586228289913,https://pbs.twimg.com/media/HGfK1DUbsAAFM0O.jpg,,in,,0,1,0,https://x.com/undefined/status/2046827586228289913,1385118467804651525,
2046823759907352649,Wed Apr 22 05:29:47 +0000 2026,2,Menteri Keuangan Purbaya Yudhi Sadewa menyatakan bahwa IMF memuji Indonesia sebagai salah satu titik cerah (bright spot) dalam perekonomian global karena fundamental ekonominya yang kuat. IMF memuji Indonesia sebagai salah satu bright spot dalam perekonomian global karena https://t.co/cePGRy1KQk,2046823759907352649,https://pbs.twimg.com/media/HGfHW9kb0AAaQAb.jpg,,in,,1,0,1,https://x.com/undefined/status/2046823759907352649,57261519,
2046779015818825780,Wed Apr 22 04:16:16 +0000 2026,0,Kegiatan ini dilanjutkan sesi Talkshow bersama Para Perempuan Inspiratif dari berbagai macam latar belakang yang turut memajukan perekonomian Indonesia. https://t.co/C2nNDVj6Zy,2046805262204649766,https://pbs.twimg.com/media/HGe2iHDaEAAkemD.jpg,setjenkemenkeu,in,,0,1,1,https://x.com/undefined/status/2046805262204649766,1480379056918990850,
2046425097133859256,Wed Apr 22 03:35:51 +0000 2026,0,@potrzayed TIDAK ADA BUKTI bhw Bank Dunia minta maaf. Forecast Bank Dunia mencakup banyak negara disusun olh Tim Ekonomi mereka terdiri dari 114 halaman. Ada ulasan lengkapnya khusus mengenai perekonomian Indonesia di Podcast Awalil Rizky.,2046795087603233015,,potrzayed,in,,0,0,0,https://x.com/undefined/status/2046795087603233015,2008154113826271232,
2046789203200290840,Wed Apr 22 03:12:28 +0000 2026,0,Katanya Perekonomian Indonesia bakal to the Moon. Tapi nyatanya? https://t.co/xG6rZXeIEh,2046789203200290840,https://pbs.twimg.com/media/HGen7tPb0AA1qS9.jpg,,in,,0,0,0,https://x.com/undefined/status/2046789203200290840,72209261,
2046378379407204460,Wed Apr 22 02:40:15 +0000 2026,1,@jawir69 @indepenSumatera Berarti memang tidak bisa mengelola anggaran harusnya bisa untuk memperkuat pertanian Indonesia. Malah untuk impor yg justru merusak perekonomian,2046781097988776158,,jawir69,in,,0,0,0,https://x.com/undefined/status/2046781097988776158,985730749209788416,
2046773676432150996,Wed Apr 22 02:10:46 +0000 2026,0,Presiden Prabowo tegaskan MBG dorong Pertumbuhan Ekonomi dari lapisan paling bawah. Presiden Prabowo memaparkan dampak positif kebijakan Makan Bergizi Gratis (MBG) terhadap perekonomian Indonesia khususnya dari lapisan masyarakat paling abwah https://t.co/TB4J5DB6PU,2046773676432150996,https://pbs.twimg.com/media/HGeZXxqagAAZt1Q.jpg,,in,,0,0,0,https://x.com/undefined/status/2046773676432150996,2002974720963338241,
2046773661190033639,Wed Apr 22 02:10:42 +0000 2026,0,Presiden Prabowo tegaskan MBG dorong Pertumbuhan Ekonomi dari lapisan paling bawah. Presiden Prabowo memaparkan dampak positif kebijakan Makan Bergizi Gratis (MBG) terhadap perekonomian Indonesia khususnya dari lapisan masyarakat paling abwah https://t.co/zFppx3b1q3,2046773661190033639,https://pbs.twimg.com/media/HGeZW1oaQAAp6Ql.jpg,,in,,0,0,0,https://x.com/undefined/status/2046773661190033639,2002974720963338241,
2046773646967120365,Wed Apr 22 02:10:39 +0000 2026,0,Presiden Prabowo tegaskan MBG dorong Pertumbuhan Ekonomi dari lapisan paling bawah. Presiden Prabowo memaparkan dampak positif kebijakan Makan Bergizi Gratis (MBG) terhadap perekonomian Indonesia khususnya dari lapisan masyarakat paling abwah https://t.co/oqk3yCboEQ,2046773646967120365,https://pbs.twimg.com/media/HGeZV4yacAAY_2a.jpg,,in,,0,0,0,https://x.com/undefined/status/2046773646967120365,2002974720963338241,
2046773634866553228,Wed Apr 22 02:10:36 +0000 2026,0,Presiden Prabowo tegaskan MBG dorong Pertumbuhan Ekonomi dari lapisan paling bawah. Presiden Prabowo memaparkan dampak positif kebijakan Makan Bergizi Gratis (MBG) terhadap perekonomian Indonesia khususnya dari lapisan masyarakat paling abwah https://t.co/hfT3PriPeq,2046773634866553228,https://pbs.twimg.com/amplify_video_thumb/2046773126097436672/img/2PWgk1nQsthDlxjy.jpg,,in,,0,0,0,https://x.com/undefined/status/2046773634866553228,2002974720963338241,
2046767390655172727,Wed Apr 22 01:45:52 +0000 2026,0,Danantara membawa optimisme baru bagi perekonomian nasional. Setiap investasi yang dikelola hari ini menjadi langkah penting menuju Indonesia yang lebih maju dan berdaya saing. #Danantara #PertumbuhanEkonomi #IndonesiaMaju #InvestasiNegara https://t.co/QOFbIb3wTH,2046767409865081085,https://pbs.twimg.com/media/HGeUHOAboAA7EgE.jpg,mano_seri11,in,,0,0,0,https://x.com/undefined/status/2046767409865081085,1697172568263045120,
2046764218050048141,Wed Apr 22 01:33:11 +0000 2026,1,Kesenjangan pendanaan masih menjadi tantangan signifikan bagi perekonomian nasional. Berdasarkan data Statistik Sistem Keuangan Indonesia (SSKI) dari Bank Indonesia kebutuhan kredit UMKM diproyeksikan mencapai Rp4.300 triliun pada 2026. Selengkapnya di https://t.co/skFmIWDYUe https://t.co/yZibeM3VYg,2046764218050048141,https://pbs.twimg.com/media/HGeRNEWboAAicsv.jpg,,in,,0,0,1,https://x.com/undefined/status/2046764218050048141,1382213818370039808,
2046755868817994173,Wed Apr 22 01:00:00 +0000 2026,0,Lagi mager keluar rumah? Tinggal klik. Pesan. Tunggu di rumah. Tanpa sadar kebiasaan sederhana ini ikut menggerakkan perekonomian. Yuk sukseskan Sensus Ekonomi 2026 Mencatat Ekonomi Indonesia. Video oleh @bpskubar #SadarStatistik #SE2026 #MencatatEkonomiIndonesia,2046755868817994173,,,in,,0,0,0,https://x.com/undefined/status/2046755868817994173,909333098692616192,
2046682516950855748,Tue Apr 21 20:08:32 +0000 2026,4,Pemerintah kembali memberi sinyal kuat terkait kelanjutan proyek mobil nasional (mobnas) di Indonesia. Kali ini pengembangannya disebut sudah memasuki tahap persiapan dengan melibatkan industri dalam negeri. Menteri Koordinator Bidang Perekonomian Airlangga Hartarto https://t.co/XnUkUf4STa,2046682516950855748,https://pbs.twimg.com/ext_tw_video_thumb/2046682379205718016/pu/img/TRgZKj-4pT86I3Ux.jpg,,in,,0,2,0,https://x.com/undefined/status/2046682516950855748,41730943,
2046665173428224204,Tue Apr 21 18:59:37 +0000 2026,0,Semakin kesini pemerintahan dan kondisi perekonomian Indonesia semakin bajingan ~ keparat ~,2046665173428224204,,,in,,0,0,0,https://x.com/undefined/status/2046665173428224204,300223236,
2046547902735208556,Tue Apr 21 18:17:41 +0000 2026,1,@triwul82 Harus nya 15% agar anggaran MBG bisa berjalan lancar dan menciptkan lapangan kerja baru bagi rakyat dan akan menumbuhkan jumlah pengusaha pengusaha baru dan pada akhirnya akan memperkuat pondasi perekonomian indonesia,2046654620249001999,,triwul82,in,,0,0,0,https://x.com/undefined/status/2046654620249001999,1289114468,
2046594405587624401,Tue Apr 21 14:18:24 +0000 2026,1,Hari Kartini 2026: Perempuan Berdaya di Balik Kekuatan UMKM Indonesia Peringatan Hari Kartini menjadi momen reflektif dalam memperjuangkan aspek dasar dalam kehidupan bernegara tak terkecuali perekonomian negeri. Baca selengkapnya di https://t.co/3gXcmcgIyg https://t.co/WiHCGiratQ,2046594405587624401,https://pbs.twimg.com/media/HGb2ws4bQAAsJM_.jpg,,in,,0,0,1,https://x.com/undefined/status/2046594405587624401,1851661811831263232,
2046579037623963663,Tue Apr 21 13:17:20 +0000 2026,0,Di tengah perekonomian global yang tidak menentu Indonesia berhasil meyakinkan Bank Dunia IMF dan investor global bahwa ekonomi Indonesia baik-baik saja. Di New York dan Washington DC Amerika Serikat dunia percaya kepada Indonesia Saksikan TOP ECONOMY dengan tema INVESTOR https://t.co/1ZdQei8xQD,2046579037623963663,https://pbs.twimg.com/media/HGboyJObsAAWMVx.jpg,,in,,0,0,0,https://x.com/undefined/status/2046579037623963663,57261519,
2046575167346970996,Tue Apr 21 13:01:59 +0000 2026,0,Dalam kondisi global yang diliputi ketidakpastian strategis perekonomian dunia diwarnai oleh persaingan kebijakan antarnegara. Kondisi ini berdampak pada stabilitas ekonomi negara termasuk Indonesia yang tercermin dalam fluktuasi nilai tukar serta tingginya suku bunga global.,2046575171780370860,,IEOFEBUI,in,,0,2,0,https://x.com/undefined/status/2046575171780370860,135501035,
2046530450525716676,Tue Apr 21 10:04:16 +0000 2026,0,Dampak Positif Kebijakan Makan Bergizi Gratis (MBG) terhadap perekonomian Indonesia Khususnya dari lapisan masyarakat paling Bawah. MBG Penggerak Ekonomi Rakyat. #GenerasiSehat https://t.co/g8rrAwClTG,2046530450525716676,https://pbs.twimg.com/media/HGa8kghbkAEDgZl.jpg,,in,,1,1,0,https://x.com/undefined/status/2046530450525716676,2496510925,
2046530048346509741,Tue Apr 21 10:02:40 +0000 2026,0,Dampak Positif Kebijakan Makan Bergizi Gratis (MBG) terhadap perekonomian Indonesia Khususnya dari lapisan masyarakat paling Bawah. MBG Penggerak Ekonomi Rakyat. #IndonesiaSehat https://t.co/ff0LPSRKbN,2046530048346509741,https://pbs.twimg.com/media/HGa8NDcbcAA0cui.jpg,,in,,1,1,0,https://x.com/undefined/status/2046530048346509741,2011032237450674181,
2046529680954851644,Tue Apr 21 10:01:13 +0000 2026,0,Dampak Positif Kebijakan Makan Bergizi Gratis (MBG) terhadap perekonomian Indonesia Khususnya dari lapisan masyarakat paling Bawah. MBG Penggerak Ekonomi Rakyat. #SehatBersamaMBG https://t.co/6zkFIBKKD6,2046529680954851644,https://pbs.twimg.com/media/HGa74nZbgAA2VG5.jpg,,in,,1,1,0,https://x.com/undefined/status/2046529680954851644,1357113302858440706,
2046521819184914693,Tue Apr 21 09:29:58 +0000 2026,74,Menteri Koordinator (Menko) Bidang Perekonomian Airlangga Hartarto buka suara soal rencana membuat mobil nasional (mobnas) di Indonesia. Dia mengklaim kendaraan anak bangsa itu akan diproduksi PT Pindad di pabrik Karawang Jawa Barat. ------- Pabrik Pindad di Karawang https://t.co/ZghqSSWIw5,2046521819184914693,https://pbs.twimg.com/media/HGa0v9BagAAVjiu.jpg,,in,,1,7,5,https://x.com/undefined/status/2046521819184914693,770628195565436928,
2046514284562416118,Tue Apr 21 09:00:02 +0000 2026,0,Rupiah meluncur melewati level 17.000 per USD mencapai level 17.125 hari ini. Tekanan semakin meningkat karena angka tersebut semakin jauh dari target pemerintah pada tahun 2026. Apa langkah selanjutnya bagi perekonomian Indonesia? #Rupiah #EkonomiIndonesia #Forex #USD https://t.co/7g7H8QaU52,2046514284562416118,https://pbs.twimg.com/media/HGZ-FuNbgAADGmC.jpg,,in,,0,0,0,https://x.com/undefined/status/2046514284562416118,1859519065141936130,
2046104083694780666,Tue Apr 21 08:48:17 +0000 2026,0,@PerintisGenZ @matchacupcakeu Beli di umkm aja biar perekonomian indonesia muter,2046511327108386985,,PerintisGenZ,in,,0,0,0,https://x.com/undefined/status/2046511327108386985,1379823596969730048,
2046511072824422582,Tue Apr 21 08:47:16 +0000 2026,0,Rapat Kerja Nasional VIII Ikatan Pengusaha Muslimah Indonesia (IPEMI) di Jakarta (21/04). Saya menyampaikan apresiasi atas peran strategis para pengusaha muslimah yang terus bergerak berinovasi dan memberi kontribusi nyata bagi perekonomian bangsa. https://t.co/JLjVExP7fM,2046511072824422582,https://pbs.twimg.com/media/HGaq-LhbMAANVCu.jpg,,in,,1,0,0,https://x.com/undefined/status/2046511072824422582,1848561019838468097,
2046508961885798554,Tue Apr 21 08:38:53 +0000 2026,0,optimis generasi muda dan perekonomian papua punya masa depan cerah kalau terus didukung seperti sekarang dan langkah ini jadi Bukti Cinta Prabowo untuk indonesia yang lebih merata #BaktiNegeriDiPapua,2046508961885798554,,,in,,0,0,0,https://x.com/undefined/status/2046508961885798554,1910298749580214272,
2046494440198742307,Tue Apr 21 07:41:11 +0000 2026,5,Pertumbuhan kredit nasional Indonesia mencapai 10 42 persen secara year-on-year (yoy) hingga akhir Maret 2026 menunjukkan kinerja intermediasi perbankan yang tetap kuat dan stabil. Data dari Kementerian Koordinator Bidang Perekonomian (Kemenko Perekonomian) ini mencerminkan,2046494440198742307,,,in,,0,0,0,https://x.com/undefined/status/2046494440198742307,1981555039820001280,
2046084830526661106,Mon Apr 20 04:33:32 +0000 2026,0,Keren banget Prabowo ketemu Putin! Langkah strategis buat rakyat dan perekonomian Indonesia. Semoga makin maju! 🇮🇩 https://t.co/NCjlic09fW,2046084830526661106,https://pbs.twimg.com/media/HGUnS7Pb0AAHNB0.jpg,,in,,0,0,0,https://x.com/undefined/status/2046084830526661106,1915272708,
2046080090388545703,Mon Apr 20 04:14:42 +0000 2026,0,Selamat Hari Konsumen Nasional 2026 Yuk jadi konsumen yang cerdas dengan bangga menggunakan produk buatan Indonesia. Bersama kita dukung UMKM dan perkuat perekonomian nasional #harikonsumennasional https://t.co/pmjjFiqjxm,2046080090388545703,https://pbs.twimg.com/media/HGUi6UAboAAeNhA.jpg,,in,,0,0,0,https://x.com/undefined/status/2046080090388545703,1853419104,
2046068687267041379,Mon Apr 20 03:29:23 +0000 2026,1,Danantara adalah kekuatan yang akan menunjang perekonomian Indonesia di masa depan #Danantara #DanantaraIndonesia #EkonomiIndonesia https://t.co/JSj9m8vTvq,2046068687267041379,https://pbs.twimg.com/media/HGUYn_YawAAhZMj.jpg,,in,,0,0,0,https://x.com/undefined/status/2046068687267041379,1444511087597023234,
2046068656778649850,Mon Apr 20 03:29:16 +0000 2026,1,Danantara adalah kekuatan yang akan menunjang perekonomian Indonesia di masa depan #Danantara #DanantaraIndonesia #EkonomiIndonesia https://t.co/t6tACmzO3R,2046068656778649850,https://pbs.twimg.com/media/HGUYmTabwAADepV.jpg,,in,,0,0,0,https://x.com/undefined/status/2046068656778649850,1444511087597023234,
2046068630392320022,Mon Apr 20 03:29:10 +0000 2026,1,Danantara adalah kekuatan yang akan menunjang perekonomian Indonesia di masa depan #Danantara #DanantaraIndonesia #EkonomiIndonesia https://t.co/OLlTQTKVtw,2046068630392320022,https://pbs.twimg.com/media/HGUYk0JasAAfcCE.jpg,,in,,0,0,0,https://x.com/undefined/status/2046068630392320022,1444511087597023234,
2046068597500600419,Mon Apr 20 03:29:02 +0000 2026,1,Danantara adalah kekuatan yang akan menunjang perekonomian Indonesia di masa depan #Danantara #DanantaraIndonesia #EkonomiIndonesia https://t.co/dVPX4CsCuk,2046068597500600419,https://pbs.twimg.com/media/HGUYi6DaEAAXqIu.jpg,,in,,0,0,0,https://x.com/undefined/status/2046068597500600419,1444511087597023234,
2046066123591053684,Mon Apr 20 03:19:12 +0000 2026,4,#SobatRupiah kenaikan harga minyak dunia bukan hanya isu global dampak rambatannya akan turut memengaruhi perekonomian Indonesia. Lalu apa langkah yang ditempuh Bank Indonesia dalam #RDGBI untuk tetap menjaga stabilitas sekaligus mendorong pertumbuhan? Saksikan DUA HARI https://t.co/xxAhlTdnh7,2046066123591053684,https://pbs.twimg.com/media/HGUWPMKawAApnj8.jpg,,in,,0,0,1,https://x.com/undefined/status/2046066123591053684,153667051,
2046062003987546257,Mon Apr 20 03:02:50 +0000 2026,0,Di tengah ketidakpastian global Composite Leading Indicator (CLI) berperan krusial sebagai sistem deteksi dini. Instrumen ini mengolah data komposit dari berbagai sektor untuk memproyeksikan arah kinerja perekonomian suatu negara termasuk Indonesia. https://t.co/yWR1lbXc1S,2046062003987546257,https://pbs.twimg.com/media/HGUSiiUbYAA2nX9.jpg,,in,,0,1,0,https://x.com/undefined/status/2046062003987546257,1888928456853073921,
2046061136609788237,Mon Apr 20 02:59:23 +0000 2026,0,Saat banyak negara menyesuaikan harga energi Indonesia tetap berupaya menjaga kestabilan demi rakyat dan perekonomian nasional. #BBMSubsidiTidakNaik Pemerintah Jaga Daya Beli https://t.co/lQ606OT8hv,2046061136609788237,https://pbs.twimg.com/media/HGURwafawAAfa-_.jpg,,in,,0,0,0,https://x.com/undefined/status/2046061136609788237,1746849940834492416,
2046007015441678463,Mon Apr 20 02:41:12 +0000 2026,7,@vita_AVP Karena orang Indonesia hanya dibutuhkan saat pemilu saja karenaaa masih banyak yg bisa dibodohi dengan sedikit uang Indonesia tidak mau pemimpin cerdas yg bisa memperbaiki keadaan negara dan perekonomian rakyat banyak warganya yg cuma butuh sedikit kucuran suap yg penting dikasih,2046056561593004349,,vita_AVP,in,,0,0,0,https://x.com/undefined/status/2046056561593004349,1468155883163041793,
2045790986773905628,Sun Apr 19 23:46:56 +0000 2026,3,@AraituLaki @KaKaYusaHa Tetep ajah ada pengaruhnya yg pakai non subsidi orang-orang yg sebagian besar menggerakkan perekonomian bangsa Indonesia.,2046012703521784261,,AraituLaki,in,,0,0,0,https://x.com/undefined/status/2046012703521784261,1444372066090684421,
2045899558195270120,Sun Apr 19 22:41:40 +0000 2026,0,@maladi_demian Perekonomian Indonesia nggak gampang goyah pertumbuhan 2025 buktinya #EkonomiIndonesia,2045996278035980569,,maladi_demian,in,,0,0,0,https://x.com/undefined/status/2045996278035980569,1637680507675869185,
2045989842090430957,Sun Apr 19 22:16:05 +0000 2026,0,Perekonomian maju bikin kita semangat! Yuk dukung kebijakan yang bikin Indonesia tambah keren! Bersama kita bisa capai impian! https://t.co/XAkeBFDGoi,2045989842090430957,https://pbs.twimg.com/media/HGTQ57GbIAErfY_.jpg,,in,,0,0,0,https://x.com/undefined/status/2045989842090430957,443199883,
2045952196714668353,Sun Apr 19 19:46:30 +0000 2026,0,Jusuf Kalla Group udah lunasin hutang ke bank pemerintah! Keren banget guys! Kita dukung terus langkah positif buat perekonomian Indonesia! 🇮🇩 https://t.co/pRRyTiTQFy,2045952196714668353,https://pbs.twimg.com/media/HGSuqfLaAAAkBoe.jpg,,in,,0,0,0,https://x.com/undefined/status/2045952196714668353,400684529,
2045932678688727432,Sun Apr 19 18:28:56 +0000 2026,0,Investasi di Indonesia makin menggeliat! Ciptakan lapangan kerja tingkatkan perekonomian dan bikin hidup rakyat lebih sejahtera. Yuk dukung langkah positif ini! https://t.co/iZcnF2ClVf,2045932678688727432,https://pbs.twimg.com/media/HGSc6Una4AABmFw.jpg,,in,,0,0,0,https://x.com/undefined/status/2045932678688727432,1738057501403164672,
2045920617363554734,Sun Apr 19 17:41:01 +0000 2026,0,Jusuf Kalla Group berkomitmen bayar utang ke bank pemerintah! Ini langkah positif untuk perekonomian kita. Yuk dukung terus keberlanjutan pembangunan Indonesia! 🇮🇩 https://t.co/v3xvhgDSUz,2045920617363554734,https://pbs.twimg.com/media/HGSR8NoawAAFJmi.jpg,,in,,0,0,0,https://x.com/undefined/status/2045920617363554734,1379879144943665160,
2045918690022211711,Sun Apr 19 17:33:21 +0000 2026,0,BBM naik? Tenang guys! Ini langkah strategis buat perekonomian kita. Yuk dukung pemerintah demi Indonesia lebih maju! https://t.co/HAIApQKaT6,2045918690022211711,https://pbs.twimg.com/media/HGSQMAda8AE9XNi.jpg,,in,,0,0,0,https://x.com/undefined/status/2045918690022211711,1704232982603554816,
2045889709281571085,Sun Apr 19 15:38:12 +0000 2026,0,Gatekeep perekonomian indonesia dari lagu TTM. Jadinya barangnya bisa diliat tapi ga bisa dibeli.,2045889709281571085,,,in,,0,0,0,https://x.com/undefined/status/2045889709281571085,1957251918826520576,
2045876079332843912,Sun Apr 19 14:44:02 +0000 2026,0,Aku tilfunan sm pacar aku kan ya obrolan kita tuh siklusnya suka ga selesai dah ganti topik wkwkwk misal lg bahas perekonomian Indonesia yg lg kyk gini trs tiba-tiba persekian detik gini mandi sana LONCAT BGT LONCATTT PEMBAHASAN WKWMWKWK,2045876079332843912,,,in,,0,0,0,https://x.com/undefined/status/2045876079332843912,1319088417590841344,
2045857765105762697,Sun Apr 19 14:07:09 +0000 2026,0,@neko_laddie Perekonomian Indonesia udah kolaps dulu wak,2045866798630023656,,neko_laddie,in,,0,1,0,https://x.com/undefined/status/2045866798630023656,1410499163410681857,
2045862201253306572,Sun Apr 19 13:48:53 +0000 2026,4,eh lu semuaa yah sekali lagi gw ingetin URUSIN BIAS LU AJA CUKI konten bias kalian kan banyak kok sibuk banget ngurusin member yang left as if dengan leftnya hs merusak roda perekonomian hidup lu lu idup di indonesia tiap hari dientot pemerentah sama kebijakan jelek,2045862201253306572,,,in,,1,2,0,https://x.com/undefined/status/2045862201253306572,3182650577,
2045669211935281295,Sun Apr 19 09:52:21 +0000 2026,1,@arinatri @suspender_men @DS_yantie Kota Medan sebagai gerbang utama Indonesia bagian barat seharusnya dibangun selayaknya etalase negeri. Belawan tidak ada apa-apanya dibandingkan PTP dan POS. Demikian juga KNO yang kalah menarik dibandingkan KLIA dan Changi. Medan harus jadi magnet perekonomian at least in ASEAN,2045802674965377411,,arinatri,in,,0,1,0,https://x.com/undefined/status/2045802674965377411,173350044,
2045794655254847526,Sun Apr 19 09:20:29 +0000 2026,1,DENGAN ADANYA KERJASAMA BILATERAL ANTAR NEGARA INDONESIA MAMPU MENJAGA STABILITAS PEREKONOMIAN #jagaindonesia #jagaekonominasional #lapangankerjauntukrakyat #lokerbukalebar #ekonomi https://t.co/XLz18UJy6Y,2045794655254847526,https://pbs.twimg.com/amplify_video_thumb/2045794308708818944/img/vUfQ6RlsIqnmhF4p.jpg,,in,,0,0,0,https://x.com/undefined/status/2045794655254847526,2037873191478263809,
2045790521860505673,Sun Apr 19 09:04:04 +0000 2026,1,INDONESIA MAMPU MEMPERTAHAKAN PEREKONOMIAN DAN KESTABILITASAN POLITIK TERHADAP TEKANAN GLOBAL #jagaindonesia #jagaekonominasional #lapangankerjauntukrakyat #lokerbukalebar #ekonomi https://t.co/XhkmyXcwWE,2045790521860505673,https://pbs.twimg.com/amplify_video_thumb/2045790174039470080/img/K2eURn-mh8Un-ilo.jpg,,in,,0,0,0,https://x.com/undefined/status/2045790521860505673,2037573970850152449,
2045459638225903621,Sun Apr 19 07:59:40 +0000 2026,0,@Suketi_red @SommerPlance960 Semoga berbagai diplomasi membawa dampak positif bagi perekonomian Indonesia,2045774318228111668,,Suketi_red,in,,0,1,0,https://x.com/undefined/status/2045774318228111668,1905483689569779714,
2045459638225903621,Sun Apr 19 07:59:04 +0000 2026,0,@SommerPlance960 Semoga berbagai diplomasi membawa dampak positif bagi perekonomian Indonesia,2045774166717243404,,SommerPlance960,in,,0,1,0,https://x.com/undefined/status/2045774166717243404,2014204534932086784,
2045767756960993648,Sun Apr 19 07:33:36 +0000 2026,1,Kabar baik ini tentunya dapat membawa dampak positif bagi perekonomian Indonesia #jagaindonesia# https://t.co/snZEMYGasD,2045767756960993648,https://pbs.twimg.com/ext_tw_video_thumb/2045767738287931393/pu/img/Jrpls1S23O_t77UY.jpg,,in,,0,1,1,https://x.com/undefined/status/2045767756960993648,2035775012813291520,
2045762223155663279,Sun Apr 19 07:11:37 +0000 2026,1,Kabar baik ini tentunya dapat membawa dampak positif bagi perekonomian Indonesia #jagaindonesia# https://t.co/Pa0gKBytLr,2045762223155663279,https://pbs.twimg.com/media/HGQB5EzaAAAWXtv.jpg,,in,,0,2,1,https://x.com/undefined/status/2045762223155663279,2035753986788360192,
2045756221450498268,Sun Apr 19 06:47:46 +0000 2026,0,Investasi di Indonesia itu keren bro! Bukan cuma buat perekonomian tapi juga ciptakan lapangan kerja buat kita semua! Yuk dukung! https://t.co/WSKSvD9fhu,2045756221450498268,https://pbs.twimg.com/media/HGP8bOQaoAAoQTy.jpg,,in,,0,0,0,https://x.com/undefined/status/2045756221450498268,1686667942488887297,
2045719840028238250,Sun Apr 19 04:23:12 +0000 2026,0,Indonesia dan Rusia makin kompak! Kerja sama lintas sektor bikin perekonomian kita tumbuh pesat. Yuk dukung upaya ini untuk ketahanan nasional kita! https://t.co/ajGRViHhNS,2045719840028238250,https://pbs.twimg.com/media/HGPbWGaa0AAD4ct.jpg,,in,,0,0,0,https://x.com/undefined/status/2045719840028238250,756561492,
2045327248031695252,Sun Apr 19 02:00:04 +0000 2026,0,@21el_eltokito @canw3ll Kalau subsidi bbm masih tertolong indonesia exportir komoditas lainnya seperti batubara nikel dsb. Kalau MBG kan sebenernya masih ada efek positif ke perekonomian misalnya ke petani dsb,2045683819215495458,,21el_eltokito,in,,0,0,0,https://x.com/undefined/status/2045683819215495458,284458569,
2045338496681046115,Sun Apr 19 00:27:12 +0000 2026,2,@Franken_blues Eh termul goblok apa kaitan nya org mempertanyakan keaslian ijazah Jokowi sama perekonomian Indonesia???? Emeng Jokowi siapa? Dia cmn bekas presiden yg ijazah nya palsu dan gak mau nunjukin ijazahnya di pengadilan. Termul bloon lu,2045660451682623904,,Franken_blues,in,,0,1,0,https://x.com/undefined/status/2045660451682623904,1968331962147606528,
2045624259285016947,Sat Apr 18 23:27:12 +0000 2026,1,@noopiieeeeee @Aerio_Id karo mbuka warkop poo ben mlaku perekonomian indonesia.,2045645350602695147,,noopiieeeeee,in,,0,2,0,https://x.com/undefined/status/2045645350602695147,1794178272928071680,
2045419464586572111,Sat Apr 18 17:58:08 +0000 2026,0,@SWEETCHBLADES ㅤ ㅤㅤㅤ ㅤㅤㅤㅤ 𝗫 𝗖𝗵𝗮𝘁 ㅤㅤ Ares. ﹫SWEETCHBLADES K! ﹫eunoialogy : Oh iya? Tapi memang orang sini sering minta foto even ke turis random. : Kamu iyakan? : OKAAAAY FACE ECONOMY. Can you please menyokong perekonomian Indonesia as well? : Okaay. Kabarin ya! ㅤ,2045562538612703441,,SWEETCHBLADES,in,,0,1,0,https://x.com/undefined/status/2045562538612703441,2758452358,
2045418325786947991,Sat Apr 18 16:00:29 +0000 2026,0,@ch_chotimah2 Mas Cenul... benci kali sekarang kau sama Jokowi... Cobalah sekali-kali ikuti perkembangan IKN dan infrastruktur yg telah dibangun dan yg kelak bakal menjadi pusat perekonomian Kalimantan khususnya Wilayah Indonesia Timur umumnya... Be a positive thinker please...,2045532930974634395,,ch_chotimah2,in,,0,0,0,https://x.com/undefined/status/2045532930974634395,2701382484,
2045526835757461645,Sat Apr 18 15:36:16 +0000 2026,547,Ini bukan sekedar opini loh. Kemenkeu dan Kemenko Perekonomian udah highlight juga. Ini juga menunjukkan bahwa informalisasi dan deformalisasi ekonomi di Indonesia itu riil. Banyak pengusaha sengaja ga mau naik kelas karena bebannya banyak sudahlah harus bayar karyawan UMR + https://t.co/BfYNkT6J7f,2045526835757461645,https://pbs.twimg.com/media/HGMr0C3bQAEorf5.jpg,,in,,9,25,209,https://x.com/undefined/status/2045526835757461645,909850779749466112,
2045523152244289625,Sat Apr 18 15:21:38 +0000 2026,0,tolong dong orgorg biadab di indonesia dimatiin aja... gue udh capeeeeekk bgt sm perekonomian anjlok ini. gue paling benci kalo ada orang yang pas diajak bahas ginian malah masih ada space buat ngebela,2045523152244289625,,,in,,0,1,0,https://x.com/undefined/status/2045523152244289625,1911489763934191619,
2045465158932467970,Sat Apr 18 11:31:11 +0000 2026,0,A YO 'perekonomian' Indonesia makes it debut on Music Core wasn t on my 2026 bingo card,2045465158932467970,,,en,,0,0,0,https://x.com/undefined/status/2045465158932467970,1841408419347279872,
2045457310173241834,Sat Apr 18 11:12:20 +0000 2026,1,@ARSIPAJA Wlpn menjabat 3th Mak Banteng mampu menjaga perekonomian Indonesia Krismon 98 &amp; mampu klr dr Jeratan Renteenir IMF Indonesia,2045460413849231490,,ARSIPAJA,in,,0,0,0,https://x.com/undefined/status/2045460413849231490,1156974549658791937,
2045343510711390392,Sat Apr 18 10:28:45 +0000 2026,0,@NenkMonica Apa ini berkat lobi cina ke iran setelah tau amerika dan Indonesia berpotensi memanfaatkan selat Malaka yg bisa ngebunuh perekonomian cina?,2045449446801203527,,NenkMonica,in,,0,0,0,https://x.com/undefined/status/2045449446801203527,1949919660964794370,
2045375378337014245,Sat Apr 18 09:21:22 +0000 2026,0,@insidefolkative Bakal makin pelit perekonomian Indonesia selain Rupiah juga anjlok,2045432489855090824,,insidefolkative,in,,0,2,0,https://x.com/undefined/status/2045432489855090824,1284153406844661760,
2045431137850609766,Sat Apr 18 09:16:00 +0000 2026,0,Makin pelik perekonomian Indonesia ,2045431137850609766,,,in,,0,1,0,https://x.com/undefined/status/2045431137850609766,1284153406844661760,
2045402108472795140,Sat Apr 18 07:20:39 +0000 2026,0,Danantara menunjang perekonomian Indonesia di Masa Depan https://t.co/QmpxQUK2bI,2045402108472795140,https://pbs.twimg.com/media/HGK6X3EagAAJvQx.jpg,,in,,0,0,0,https://x.com/undefined/status/2045402108472795140,2195414940,
2045375570943541267,Sat Apr 18 07:18:40 +0000 2026,45,@BudiBukanIntel Awal tahun 1973 pemerintahan Presiden Soeharto Orde Baru mengambil keputusan besar dalam kebijakan perekonomian Indonesia dengan melakukan kerja sama dengan pihak asing sebagai penanam modal di Indonesia. Mahasiswa menilai kebijakan itu malah semakin merugikan bangsa. Bentuk,2045401609321197844,,BudiBukanIntel,in,,0,0,23,https://x.com/undefined/status/2045401609321197844,179076668,
2045401341644910780,Sat Apr 18 07:17:36 +0000 2026,0,Danantara menunjang perekonomian Indonesia di Masa Depan https://t.co/IUJ4cPlLhQ,2045401341644910780,https://pbs.twimg.com/media/HGK5ql5aMAEWcGL.jpg,,in,,0,0,0,https://x.com/undefined/status/2045401341644910780,1564511445131603968,
2045134274249256992,Sat Apr 18 06:13:40 +0000 2026,3,@majaw3634 Beliau malah menekankan pada hilangnya potensi ekonomi yang sudah mah dikorupsi/bisnis haram/rent seeking makin hilang lagi karena uangnya tidak berputar di perekonomian Indonesia. Kalau disimpan di perbankan domestik uang tersebut masih bermanfaat buat perekonomian Indonesia.,2045385254631092667,,majaw3634,in,,0,2,2,https://x.com/undefined/status/2045385254631092667,73840517,
2045355642886754522,Sat Apr 18 05:53:11 +0000 2026,2,@lakstyo Itu juga benar tapi intinya keduanya sama-sama jahat karena udah mah uangnya korupsi ga keputer di perekonomian Indonesia.,2045380100066328899,,lakstyo,in,,0,0,1,https://x.com/undefined/status/2045380100066328899,73840517,
2045271814616862926,Sat Apr 18 00:09:41 +0000 2026,1,@TxtdariHI Butuh redesain perekonomian Indonesia tapi sistem pemerintahan juga diganti dengan 'raja = primer presiden = skunder',2045293654349426816,,TxtdariHI,in,,0,0,0,https://x.com/undefined/status/2045293654349426816,717163508920504320,
2045264851023581598,Fri Apr 17 22:15:14 +0000 2026,0,Di tengah gejolak global kebijakan presiden menunjukkan dampak positif bagi perekonomian Indonesia. Stabilitas dan kekuatan kita semakin terjaga! 🇮🇩 https://t.co/r4oaLJMzDm,2045264851023581598,https://pbs.twimg.com/media/HGI9hF0aIAAgOxw.jpg,,in,,0,0,0,https://x.com/undefined/status/2045264851023581598,1699525152017457153,
2045254940491436537,Fri Apr 17 21:35:51 +0000 2026,0,Bergabunglah dengan Koperasi Merah Putih! Kesempatan emas untuk putra terbaik Indonesia tanpa KKN. Mari bersama membangun perekonomian yang lebih baik! https://t.co/uK3QO2Qtes,2045254940491436537,https://pbs.twimg.com/media/HGI0gwpasAATB-H.jpg,,in,,0,0,0,https://x.com/undefined/status/2045254940491436537,1683627438205435905,
2045090167367815491,Fri Apr 17 10:41:08 +0000 2026,0,Dengan kontribusi Jawa Timur yang mencapai lebih dari 14% secara nasional pelaksanaan sensus ini menjadi tolok ukur penting bagi perekonomian Indonesia.,2045090176033337352,,KominfoJatim,in,,0,0,0,https://x.com/undefined/status/2045090176033337352,1569962529178402817,
2045070551186805070,Fri Apr 17 09:23:09 +0000 2026,0,Wakil Kepala Badan Gizi Nasional (BGN) Sony Sanjaya menyebutkan 65 persen masyarakat Indonesia memerlukan Program Makan Bergizi Gratis (MBG) karena berhasil meningkatkan asupan gizi penerima manfaat dan memperkuat perekonomian di daerah. Alhamdulillah berdasarkan survei https://t.co/v2Alz5Jvel,2045070551186805070,https://pbs.twimg.com/media/HGGM00Za4AAM5xp.jpg,,in,,1,5,1,https://x.com/undefined/status/2045070551186805070,18071520,
2045069336088613330,Fri Apr 17 09:18:19 +0000 2026,0,Masyarakat harus melihat fakta bahwa IMF sudah mengakui Indonesia adalah negara yang berhasil menjaga kesetabilan perekonomian di tengah konflik dunia #jagaindonesia#indonesiaaman#imf#viral#fyp https://t.co/90EJ6953bk,2045069336088613330,https://pbs.twimg.com/media/HGGLuDba8AAs2C6.jpg,,in,,0,1,0,https://x.com/undefined/status/2045069336088613330,2043815086180200449,
2045049291891429383,Fri Apr 17 07:58:41 +0000 2026,0,Duta Besar Uni Emirat Arab untuk Republik Indonesia bertemu dengan H.E. Francisco Kalbuadi Lay Wakil Perdana Menteri dan Menteri Koordinator Bidang Perekonomian dan Menteri Pariwisata dan Lingkungan Hidup Republik Demokratik Timor Leste dimana membahas topik-topik yang https://t.co/DPZztA3vu3,2045049291891429383,https://pbs.twimg.com/media/HGF5fW7aIAAmz9e.jpg,,in,,1,0,0,https://x.com/undefined/status/2045049291891429383,800624052578590720,
2044912057297068132,Fri Apr 17 07:43:23 +0000 2026,0,@veyavellyne YUK BOLEH BANGET! DISINI BANYAK TESTI PEREKONOMIAN INDONESIA! Fee 20k/hal. No plagiasi. Dikerjain langsung sama S1 Ekonomi. Gratis dafpus. Testi langsung dicek aja ya di akun ini. Hub langsung lewat WA. ️ WA: https://t.co/FwEuB3XZgx,2045045444708016597,,veyavellyne,in,,0,0,0,https://x.com/undefined/status/2045045444708016597,322657689,
2045029671017017382,Fri Apr 17 06:40:43 +0000 2026,0,Bersama mendukung Danantara untuk perekonomian Indonesia yang tumbuh lebih kuat dan berkelanjutan. Saatnya bergerak untuk masa depan bangsa! #Danantara #ManfaatDanantara #DukungDanantara #DanantaraIndonesia https://t.co/Rv0TAYJcw3,2045029671017017382,https://pbs.twimg.com/amplify_video_thumb/2045029633272541184/img/ZOCwnHFxzkWbCWwo.jpg,,in,,0,0,0,https://x.com/undefined/status/2045029671017017382,1595691277932433408,
2044946199170691576,Fri Apr 17 01:09:01 +0000 2026,0,Era globalisasi dan perdagangan global telah mendorong banyak negara maju untuk outsourcing manufakturnya ke negara-negara berkembang. Ini bagus tentunya untuk negara Indonesia dengan populasi besar. Semakin kacau kondisi geopolitik dunia mengancam nasib perekonomian Indonesia,2044946199170691576,,,in,,0,0,0,https://x.com/undefined/status/2044946199170691576,1015439414225276928,
2044743186627833994,Thu Apr 16 17:15:03 +0000 2026,2,@LambeSahamjja Tinggi juga badan Pak Purbaya.. Semoga tinggi juga membawa Perekonomian Bangsa Indonesia ke arah yg lbh baik.. Minimal harga dollar kembali Rp. 6.000/1$.. Zaman masih Pak Habibi.. ,2044826921507356955,,LambeSahamjja,in,,0,1,0,https://x.com/undefined/status/2044826921507356955,362327426,
2044801045621309460,Thu Apr 16 15:32:14 +0000 2026,1,Menerima kunjungan Bapak Nianshan Zhang Direktur Jenderal Asia Tenggara dari Asian Development Bank (ADB) di Kantor Kemenko Perekonomian. Dalam pertemuan ini saya menegaskan bahwa Indonesia berada pada jalur pertumbuhan yang solid dan resilien. Proyeksi pertumbuhan ekonomi https://t.co/4lSFwU5goP,2044801045621309460,https://pbs.twimg.com/media/HGCXtbBaMAAwayl.jpg,,in,,0,4,1,https://x.com/undefined/status/2044801045621309460,2734971967,
2044746376068907453,Thu Apr 16 11:55:00 +0000 2026,2,Menteri Koordinator Bidang Perekonomian Airlangga Hartarto menyebut posisi Indonesia di tingkat global semakin meningkat atau semakin high profile . Hal ini tercermin dari meningkatnya kepercayaan dunia stabilitas ekonomi yang terjaga serta peran aktif Indonesia dalam berbagai https://t.co/9h91QYZ1uQ,2044746376068907453,https://pbs.twimg.com/amplify_video_thumb/2044726109821095936/img/JSuj38zdfFcdH2Bj.jpg,,in,,0,0,1,https://x.com/undefined/status/2044746376068907453,4755284968,
2044735993723711491,Thu Apr 16 11:14:40 +0000 2026,0,Mending kalo mau hotel di hotel indonesia aja. Gapapa deh suite juga di bali. Kan lumayan menggerakkan perekonomian indo. Padahal katanya banyak efisiensi tapi wowo kek gt.,2044736228734771347,,luthfiew,in,,0,1,0,https://x.com/undefined/status/2044736228734771347,76302079,
2044730807861027046,Thu Apr 16 10:53:08 +0000 2026,0,btn tidak hanya membantu masyarakat mewujudkan impiannya memiliki rumah sendiri tapi juga membantu perekonomian indonesia dengan menciptakan 12 5 juta lapangan kerja serta penggunaan 90% bahan baku lokal. salut banget #6JutaRumahBTNUntukIndonesia,2044730807861027046,,,in,,0,0,0,https://x.com/undefined/status/2044730807861027046,2001517091296567296,
2044722562933084638,Thu Apr 16 10:30:49 +0000 2026,0,@kudila_ Semoga hal ini bisaa membantu perekonomian indonesia yaa #6JutaRumahBTNUntukIndonesia,2044725191847407757,,kudila_,in,,0,0,0,https://x.com/undefined/status/2044725191847407757,1398654483735801860,
2044706366905033054,Thu Apr 16 09:16:01 +0000 2026,1,Indonesia Bantah Dua Hal Yang Dituduhkan Pihak AS Menko Perekonomian RI Airlangga Hartarto #golkarpedia #Partaigolkar #bahlillahadalia #airlanggahartarto https://t.co/w2MeWSoOb4,2044706366905033054,https://pbs.twimg.com/ext_tw_video_thumb/2044706273279746048/pu/img/3VXtIgVR3Oen_NUH.jpg,,in,,0,1,5,https://x.com/undefined/status/2044706366905033054,1593171387057049600,
2044698949290954994,Thu Apr 16 08:46:32 +0000 2026,1,BANYAK NEGARA DI DUNIA PEREKONOMIANNYA GOYANG SEDANGKAN INDONESIA PEREKONOMIAN MALAH STABIL DAN MEMBUAT IMF TERKEJUT DENGAN KESTABILITASAN PEREKONOMIAN INDONESIA #jagaindonesia #jagaekonominasional #faktabicara #optimismaju #tolakpesimisme https://t.co/K0GyGRSqVw,2044698949290954994,https://pbs.twimg.com/amplify_video_thumb/2044698510696783872/img/qQYTvGQDRnX8z6bk.jpg,,in,,0,0,0,https://x.com/undefined/status/2044698949290954994,2037573970850152449,
2044697714798268774,Thu Apr 16 08:41:38 +0000 2026,1,BANYAK NEGARA SEKARANG EKONOMI GOYANG INDONESIA MALAH STABIL DAN BISA MEMBUAT IMF TERKEJUT DENGAN STABILITAS PEREKONOMIAN INDONESIA #jagaindonesia #jagaekonominasional #faktabicara #optimismaju #tolakpesimisme https://t.co/WYXJdywRPN,2044697714798268774,https://pbs.twimg.com/amplify_video_thumb/2044697390318489600/img/i-XxhFJJ0IwlBAjw.jpg,,in,,0,0,0,https://x.com/undefined/status/2044697714798268774,2037873191478263809,
2044668637274071084,Thu Apr 16 06:46:05 +0000 2026,0,Dalam ajang IMF Spring Meetings 2026 International Monetary Fund (IMF) menilai Indonesia sebagai salah satu bright spot atau titik terang dalam perekonomian global di tengah ketidakpastian dunia. Apa sebenarnya yang menjadi alasan IMF menilai demikian? Swipe untuk informasi https://t.co/K72xl8sNbL,2044668637274071084,https://pbs.twimg.com/media/HGAfRB4aYAAoXdv.jpg,,in,,0,1,0,https://x.com/undefined/status/2044668637274071084,502140136,
2044646276915183700,Thu Apr 16 05:17:14 +0000 2026,1,Amerika Serikat telah memblokade militer terhadap Selat Hormuz sejak 13 April 2026. Hal tsb diperkirakan akan berdampak terhadap perekonomian global dan domestik Indonesia. Mengingat Selat Hormuz merupakan jalur vital perdagangan energi dunia. Apa saja dampaknya bagi ekonomi https://t.co/CndyRuAFdU,2044646276915183700,https://pbs.twimg.com/media/HGAK8i9b0AA6APN.jpg,,in,,0,0,0,https://x.com/undefined/status/2044646276915183700,121640063,
2044642874340569235,Thu Apr 16 05:03:45 +0000 2026,0,IMF dan World Bank jangan ganggu Indonesia menuju pertumbuhan ekonomi 6%. Spring Meetings IMF dan Bank Dunia Puji Daya Tahan Perekonomian Indonesia https://t.co/zjBd5TDzbA https://t.co/UK4t0Jymeu,2044642881445699648,https://pbs.twimg.com/media/HGAH3aRagAEvSSw.jpg,KerjaHasil_id,in,,0,0,0,https://x.com/undefined/status/2044642881445699648,1405723264710709248,
2044619288833933456,Thu Apr 16 03:30:00 +0000 2026,0,Menteri Koordinator Bidang Perekonomian Airlangga Hartarto mengatakan Amerika Serikat (AS) memiliki posisi yang konsisten sebagai penyumbang surplus perdagangan tertinggi sekaligus salah satu destinasi ekspor terbesar bagi Indonesia. Hal tersebut dia ungkapkan dalam acara Focus https://t.co/bWHnQmyAbD,2044619288833933456,https://pbs.twimg.com/media/HF_dv2FbEAA6tz6.jpg,,in,,0,0,0,https://x.com/undefined/status/2044619288833933456,4755284968,
2044615832010203619,Thu Apr 16 03:16:16 +0000 2026,0,Sudah waktunya Indonesia keluar dari Dominasi Dollar dalam perdagangan dan perekonomian internasional #columbia #ekonomi #prabowosikatkorupsi #kemiskinanbisadikalahkan https://t.co/By40d7v30F,2044615832010203619,,,in,,0,0,0,https://x.com/undefined/status/2044615832010203619,618607241,
2044603096572276770,Thu Apr 16 02:39:57 +0000 2026,0,@CISDI_ID Kebiasaan merokok masih menjadi fenomena sangat lazim di Indonesia sekaligus membawa dampak serius bagi kesehatan masyarakat dan perekonomian negara. Hasil survei dri Survei Kesehtan Indonesia (SKI) 2023 menyatakan bahwa 31 9% penduduk dewasa berusia 18 tahun ke atas atau,2044606693624160727,,Komnaspt_id,in,,0,1,0,https://x.com/undefined/status/2044606693624160727,2039498979482775552,
2044594716000587788,Thu Apr 16 01:52:21 +0000 2026,1,Danantara adalah kekuatan yang akan menunjang perekonomian Indonesia di masa depan #Danantara #DanantaraIndonesia #EkonomiIndonesia https://t.co/z7AU3F6Dex,2044594716000587788,https://pbs.twimg.com/media/HF_cDxZaMAA1pN9.jpg,,in,,0,0,0,https://x.com/undefined/status/2044594716000587788,1444511087597023234,
2044594682488094781,Thu Apr 16 01:52:13 +0000 2026,1,Danantara adalah kekuatan yang akan menunjang perekonomian Indonesia di masa depan #Danantara #DanantaraIndonesia #EkonomiIndonesia https://t.co/5l5sWBEIgF,2044594682488094781,https://pbs.twimg.com/media/HF_cBxra4AAOB8D.jpg,,in,,0,0,0,https://x.com/undefined/status/2044594682488094781,1444511087597023234,
2044594649625714969,Thu Apr 16 01:52:05 +0000 2026,1,Danantara adalah kekuatan yang akan menunjang perekonomian Indonesia di masa depan #Danantara #DanantaraIndonesia #EkonomiIndonesia https://t.co/sUwgLyfP9S,2044594649625714969,https://pbs.twimg.com/media/HF_b_2ZagAAC0Nx.jpg,,in,,0,0,0,https://x.com/undefined/status/2044594649625714969,1444511087597023234,
2044594615391859133,Thu Apr 16 01:51:57 +0000 2026,2,Danantara adalah kekuatan yang akan menunjang perekonomian Indonesia di masa depan #Danantara #DanantaraIndonesia #EkonomiIndonesia https://t.co/doFEJ4dml3,2044594615391859133,https://pbs.twimg.com/media/HF_b946aEAATcfo.jpg,,in,,0,1,0,https://x.com/undefined/status/2044594615391859133,1444511087597023234,
2044588523345662068,Thu Apr 16 01:27:45 +0000 2026,5,Semangat pagi #SobatRupiah! Panggilan buat Sobat yang merasa berpengalaman dan berkompeten serta siap #BeriMakna memajukan perekonomian negeri bersama Bank Indonesia. Sudah tahu kan kalau Bank Indonesia membuka rekrutmen jalur Special Hire (SH) dan Perjanjian Kerja Waktu https://t.co/inDTRpwTep,2044588523345662068,https://pbs.twimg.com/media/HF_WUVrbsAA4U3R.jpg,,in,,0,1,0,https://x.com/undefined/status/2044588523345662068,153667051,
2044561310814507058,Wed Apr 15 23:39:37 +0000 2026,1,Suka dengan kinerja Menteri satu ini. #menkeu #purbaya Purbaya memaparkan fundamental perekonomian Indonesia di depan sejumlah investor global di New York dan Washington DC. Paparan itu ditujukan untuk mengakselerasi arus modal asing masuk ke Indonesia. #prabowogibran https://t.co/LSMOqVj9YS,2044561310814507058,https://pbs.twimg.com/media/HF-9q2ubEAA2FHg.jpg,,in,,0,1,1,https://x.com/undefined/status/2044561310814507058,1405723264710709248,
2044489817397071917,Wed Apr 15 18:55:31 +0000 2026,0,Investasi di Indonesia makin menggeliat! Buka lapangan kerja baru untuk rakyat bantu perekonomian kita tumbuh bareng-bareng! Semangat terus yuk! https://t.co/rPbrZK7sEE,2044489817397071917,https://pbs.twimg.com/media/HF98pbYbEAA4IUV.jpg,,in,,0,0,0,https://x.com/undefined/status/2044489817397071917,1673646388624728066,
2044487665387724998,Wed Apr 15 18:46:58 +0000 2026,0,Pertemuan Prabowo dan Putin di Rusia bisa bawa banyak manfaat buat rakyat dan perekonomian Indonesia. Semoga kerjasama ini bikin kita makin maju! ️ https://t.co/VUgnpBXlyc,2044487665387724998,https://pbs.twimg.com/media/HF96sK2bEAAUpmR.jpg,,in,,0,0,0,https://x.com/undefined/status/2044487665387724998,1941265698,
2044478648540102817,Wed Apr 15 18:11:09 +0000 2026,1,Pertemuan Prabowo dan Putin di Rusia bisa jadi langkah cerdas! Semoga membawa angin segar untuk rakyat dan perekonomian Indonesia. Kita dukung terus! 🇮🇩 https://t.co/tFAbuIJOZ8,2044478648540102817,https://pbs.twimg.com/media/HF9yfT0a4AAbq3k.jpg,,in,,0,0,0,https://x.com/undefined/status/2044478648540102817,1428299101,
2044472947101077589,Wed Apr 15 17:48:29 +0000 2026,0,Sesi seru antara Prabowo dan Putin! ️ Semoga ini bawa dampak positif buat rakyat dan perekonomian Indonesia! #MenujuKesejahteraan https://t.co/DSP2CN8nFs,2044472947101077589,https://pbs.twimg.com/media/HF9tTiSb0AAwEwN.jpg,,in,,0,0,0,https://x.com/undefined/status/2044472947101077589,2913616431,
2044471098235097412,Wed Apr 15 17:41:08 +0000 2026,0,Pertemuan Prabowo dan Putin langkah positif untuk rakyat dan perekonomian Indonesia! Semoga bisa bawa banyak manfaat dan peluang baru! 🇮🇩 https://t.co/rkzmns8pu9,2044471098235097412,https://pbs.twimg.com/media/HF9rn3bakAAXanv.jpg,,in,,0,0,0,https://x.com/undefined/status/2044471098235097412,340503128,
2044468293805760538,Wed Apr 15 17:30:00 +0000 2026,0,Di tengah gonjang-ganjing perekonomian global akibat konflik dunia dan tax ratio Indonesia pun yang masih rendah efisiensi anggaran MBG memang perlu dilakukan. Terlebih program anggaran jumbo ini banyak menimbulkan pro dan kontra di masyarakat akar rumput. https://t.co/4xpEocbV2z,2044468293805760538,https://pbs.twimg.com/amplify_video_thumb/2044357436971290624/img/YNUaub-CihQ9v071.jpg,,in,,0,0,0,https://x.com/undefined/status/2044468293805760538,3179542928,
2044466367857070557,Wed Apr 15 17:22:21 +0000 2026,0,Pertemuan Prabowo dengan Putin jadi langkah positif! ️ Semoga bisa bawa manfaat untuk rakyat dan dorong perekonomian Indonesia ke level yang lebih tinggi! https://t.co/NsuxsdCObe,2044466367857070557,https://pbs.twimg.com/media/HF9nUixbEAQSEzn.jpg,,in,,0,0,0,https://x.com/undefined/status/2044466367857070557,1733212685179695104,
2044448652056469918,Wed Apr 15 16:11:57 +0000 2026,0,Investasi di Indonesia itu keren! Buka lapangan kerja baru buat kita semua dan dorong perekonomian. Ayo kita dukung usaha ini! https://t.co/3oF3QWHqzL,2044448652056469918,https://pbs.twimg.com/media/HF9XNYwbMAAZDzj.jpg,,in,,0,0,0,https://x.com/undefined/status/2044448652056469918,227925920,
2044448080226038271,Wed Apr 15 16:09:40 +0000 2026,0,Investasi masuk ke Indonesia cuy! Bukan cuma bikin perekonomian makin oke tapi juga ciptain lapangan kerja baru buat rakyat. Ayo bareng maju! 🇮🇩 https://t.co/unjXQ0eQEu,2044448080226038271,https://pbs.twimg.com/media/HF9WsF9agAAbvtQ.jpg,,in,,0,0,0,https://x.com/undefined/status/2044448080226038271,1736682644232892416,
2044195247396401655,Wed Apr 15 16:09:06 +0000 2026,0,@LambeSahamjja Ih gue malah seneng ketemu org jual murah kek gini ️ lagi pula kalau 90 dari 100 orang Indonesia paham investasi perekonomian bermasalah semua orang nabung uang stak ada di rumah dan gak diputer ke segala lini. Nah fungsi mba2 ini tuh biar ekonomi Indonesia terus berjalan ,2044447933647700182,,LambeSahamjja,in,,0,0,0,https://x.com/undefined/status/2044447933647700182,2839762350,
2044443076249498057,Wed Apr 15 15:49:47 +0000 2026,0,Investasi yang datang ke Indonesia bikin lapangan kerja baru bro! Semangat perekonomian kita makin tumbuh! 🇮🇩 https://t.co/OTsqncSPll,2044443076249498057,https://pbs.twimg.com/media/HF9SI4WaMAA5j6Q.jpg,,in,,0,1,0,https://x.com/undefined/status/2044443076249498057,1725795117787688960,
2044442258603450542,Wed Apr 15 15:46:33 +0000 2026,0,Pertemuan Prabowo dan Putin langkah brilian! ️ Semoga membawa manfaat luar biasa untuk rakyat dan perekonomian Indonesia. Maju terus Indonesia! 🇮🇩 https://t.co/aIUdsJObJE,2044442258603450542,https://pbs.twimg.com/media/HF9RZN-aYAAFrvz.jpg,,in,,0,0,0,https://x.com/undefined/status/2044442258603450542,3393144193,
2044417962288030143,Wed Apr 15 14:10:00 +0000 2026,1,DI mata International Monetary Fund (IMF) dan para investor global perekonomian Indonesia dinilai tetap solid di tengah meningkatnya ketidakpastian global. https://t.co/WPBCgTEStM,2044417962288030143,,,in,,0,0,0,https://x.com/undefined/status/2044417962288030143,68930552,
2044372043240710288,Wed Apr 15 11:07:34 +0000 2026,0,Mari kita sukseskan SE2026 demi perekonomian Indonesia yang lebih baik #PahamStatistik #SadarStatistik #CintaData #SahabatStatistik #PromosiStatistik #SE2026 #SensusEkonomi #MencatatEkonomiIndonesia,2044372050538881263,,bpskalteng,in,,0,0,0,https://x.com/undefined/status/2044372050538881263,3396110051,
2044371178882757005,Wed Apr 15 11:04:06 +0000 2026,0,Pertemuan Prabowo dan Putin di Rusia bisa jadi langkah cerdas! Semoga bawa dampak positif buat rakyat dan perekonomian Indonesia. Ayo dukung! 🇮🇩 https://t.co/1aIPstkBQ8,2044371178882757005,https://pbs.twimg.com/media/HF8Qv3obAAAPT2g.jpg,,in,,0,0,0,https://x.com/undefined/status/2044371178882757005,1713593507116417024,
2044370683187384559,Wed Apr 15 11:02:08 +0000 2026,0,Momen keren! Prabowo ketemu Putin bawa angin segar buat rakyat dan perekonomian kita. Semoga kerjasama ini bikin Indonesia makin maju! 🇮🇩 https://t.co/1C9aUnUy3n,2044370683187384559,https://pbs.twimg.com/media/HF8QS89a8AAv96F.jpg,,in,,0,0,0,https://x.com/undefined/status/2044370683187384559,340130521,
2044369659601023281,Wed Apr 15 10:58:04 +0000 2026,0,Pertemuan Prabowo dan Putin bisa jadi momen emas! Semoga hubungan ini bawa manfaat buat rakyat dan perekonomian Indonesia! 🇮🇩 https://t.co/3kLG8IpMKQ,2044369659601023281,https://pbs.twimg.com/media/HF8PXcPa4AA-eps.jpg,,in,,0,0,0,https://x.com/undefined/status/2044369659601023281,2381469223,
2044369130216910982,Wed Apr 15 10:55:57 +0000 2026,0,Investasi di Indonesia? Keren banget! Buka lapangan kerja dorong perekonomian dan bikin hidup rakyat lebih sejahtera! Ayo dukung perkembangan negeri kita! 🇮🇩 https://t.co/Q2PThRDe9K,2044369130216910982,https://pbs.twimg.com/media/HF8O4gra0AA0mWf.jpg,,in,,0,0,0,https://x.com/undefined/status/2044369130216910982,2381469223,
2044360809070170563,Wed Apr 15 10:22:53 +0000 2026,0,Investasi di Indonesia itu keren! Dapat bikin lapangan kerja baru buat rakyat bikin perekonomian makin maju! Yuk dukung langkah positif pemerintah! https://t.co/UXItPBZnpm,2044360809070170563,https://pbs.twimg.com/media/HF8HUMkasAA_mVO.jpg,,in,,0,1,0,https://x.com/undefined/status/2044360809070170563,1708800231150612480,
2044358505428287873,Wed Apr 15 10:13:44 +0000 2026,0,Pertemuan Prabowo dan Putin! Semoga ini bawa pengaruh positif buat rakyat dan perekonomian Indonesia. Kerja sama yang solid masa depan lebih cerah! https://t.co/IeOCJBRQD8,2044358505428287873,https://pbs.twimg.com/media/HF8FOHzboAAfAuB.jpg,,in,,0,0,0,https://x.com/undefined/status/2044358505428287873,1708800231150612480,
2044356094714351641,Wed Apr 15 10:04:09 +0000 2026,0,Pertemuan Prabowo dan Putin di Rusia langkah cerdas untuk perekonomian Indonesia! Semoga bisa bawa manfaat nyata buat rakyat kita. 🇮🇩 https://t.co/LBEvX4zD11,2044356094714351641,https://pbs.twimg.com/media/HF8DBy8aYAAT_Wz.jpg,,in,,0,0,0,https://x.com/undefined/status/2044356094714351641,1713593507116417024,
2044348254008275241,Wed Apr 15 09:33:00 +0000 2026,0,Pertemuan Prabowo dan Putin di Rusia semoga membawa berkah buat rakyat dan perekonomian Indonesia. Ayo kita dukung langkah positif ini! https://t.co/1nKkXFqKpj,2044348254008275241,https://pbs.twimg.com/media/HF775eGaUAEqWmv.jpg,,in,,0,0,0,https://x.com/undefined/status/2044348254008275241,432855458,
2044339531013673045,Wed Apr 15 08:58:20 +0000 2026,0,Pertemuan Prabowo dan Putin di Rusia jadi langkah strategis! Semoga bisa bawa dampak positif untuk rakyat dan perekonomian Indonesia. Ayo dukung upaya ini! 🇮🇩 https://t.co/ivKMpAehw6,2044339531013673045,https://pbs.twimg.com/media/HF7z9o5bUAAocnN.jpg,,in,,0,0,0,https://x.com/undefined/status/2044339531013673045,1704116080740896768,
2044338672338870461,Wed Apr 15 08:54:56 +0000 2026,0,Pertemuan Prabowo dan Putin jadi langkah positif buat rakyat! Semoga ini bawa dampak baik untuk perekonomian Indonesia. Ayo dukung! 🇮🇩 https://t.co/VjQv1n3Y5i,2044338672338870461,https://pbs.twimg.com/media/HF7zLrSaUAEQlyZ.jpg,,in,,0,0,0,https://x.com/undefined/status/2044338672338870461,313095144,
2044330355117961337,Wed Apr 15 08:21:53 +0000 2026,0,Pertemuan Prabowo dan Putin langkah cerdas! Semoga bisa bawa angin segar buat rakyat dan perekonomian Indonesia. Yuk dukung bersama! 🇮🇩 https://t.co/6ktwXQHDxC,2044330355117961337,https://pbs.twimg.com/media/HF7rnikbAAIzg6L.jpg,,in,,0,0,0,https://x.com/undefined/status/2044330355117961337,2194225676,
2044330027303743609,Wed Apr 15 08:20:34 +0000 2026,0,Prabowo dan Putin bertemu! Semoga ini jadi langkah positif untuk rakyat dan perekonomian Indonesia. Kita dukung kolaborasi yang menguntungkan! 🇮🇩 https://t.co/3h1TM3n0ev,2044330027303743609,https://pbs.twimg.com/media/HF7rUdPbsAA96Tl.jpg,,in,,0,0,0,https://x.com/undefined/status/2044330027303743609,893314334,
2044319154455687312,Wed Apr 15 07:37:22 +0000 2026,0,KEHADIRAN KOPERASI DESA MERAH PUTIH menjadi pengungkit perekonomian desa. Bangun Desa Bangun Indonesia @YandriSusanto27 @KemensetnegRI #BPSDMKementerianDesaPDT #KDMPMensejaterakanMasyarakatDesa #KerjasamaKDMPdanBUMDesa #KerjaPendampinganDesaBerdampak #TenagaPendampingProfesional https://t.co/ObN8y47WyQ,2044319154455687312,https://pbs.twimg.com/ext_tw_video_thumb/2044319070741508100/pu/img/Ud9twGgbFqYiHmwC.jpg,,in,,0,0,0,https://x.com/undefined/status/2044319154455687312,942656902428704768,
2044309085802418372,Wed Apr 15 06:57:22 +0000 2026,1,KEHADIRAN KOPERASI DESA MERAH PUTIH menjadi pengungkit perekonomian desa. Bangun Desa Bangun Indonesia @YandriSusanto27 @KemensetnegRI #BPSDMKementerianDesaPDT #KDMPMensejaterakanMasyarakatDesa #KerjasamaKDMPdanBUMDesa #KerjaPendampinganDesaBerdampak #TenagaPendampingProfesional https://t.co/amPYymoeJY,2044309085802418372,https://pbs.twimg.com/ext_tw_video_thumb/2044308994362355715/pu/img/kvVx-NYiU8nQW9K_.jpg,,in,,0,0,0,https://x.com/undefined/status/2044309085802418372,921012891154661379,
2044226112163852461,Wed Apr 15 06:47:35 +0000 2026,0,2055/ perekonomian Indonesia secara keseluruhan. Melalui perlindungan yang Kanwil Kemenkum Babel #KementerianHukum #LayananHukumMakinMudah #KanwilKemenkumBabel Kanwil Babel Pasti Kredibel,2044306623762706901,,kemenkumbabel,in,,0,0,0,https://x.com/undefined/status/2044306623762706901,1787299092491866112,
2044303021719597506,Wed Apr 15 06:33:17 +0000 2026,1,Pada rangkaian IMF Spring Meetings Bank Indonesia melanjutkan outreach dengan para investor global untuk menekankan bahwa perekonomian Indonesia tetap berada pada jalur yang tepat dan terkelola dengan baik di tengah meningkatnya ketidakpastian global. Lalu apa lagi upaya yang,2044303024571773072,,bank_indonesia,in,,0,0,1,https://x.com/undefined/status/2044303024571773072,153667051,
2044303021719597506,Wed Apr 15 06:33:16 +0000 2026,8,SobatRupiah Indonesia kembali ditegaskan sebagai salah satu bright spot dalam perekonomian global dengan fundamental yang kuat kebijakan yang kredibel serta ketahanan ekonomi yang terjaga di tengah meningkatnya ketidakpastian global. Dalam IMF Spring Meetings Managing https://t.co/XNmiRYXmJI,2044303021719597506,https://pbs.twimg.com/media/HF7SiXAasAAfp5m.jpg,,in,,1,1,2,https://x.com/undefined/status/2044303021719597506,153667051,
2044300902253973725,Wed Apr 15 06:24:51 +0000 2026,0,KEHADIRAN KOPERASI DESA MERAH PUTIH menjadi pengungkit perekonomian desa. Bangun Desa Bangun Indonesia @YandriSusanto27 @KemensetnegRI #BPSDMKementerianDesaPDT #KDMPMensejaterakanMasyarakatDesa #KerjasamaKDMPdanBUMDesa #KerjaPendampinganDesaBerdampak #TenagaPendampingProfesional https://t.co/XqnUnN4mEj,2044300902253973725,https://pbs.twimg.com/amplify_video_thumb/2044300793524940800/img/gOX_Jyq9wA3OQIqc.jpg,,in,,0,0,0,https://x.com/undefined/status/2044300902253973725,2034559552218435584,
2044299879997231395,Wed Apr 15 06:20:47 +0000 2026,0,KEHADIRAN KOPERASI DESA MERAH PUTIH menjadi pengungkit perekonomian desa. Bangun Desa Bangun Indonesia @YandriSusanto27 @KemensetnegRI #BPSDMKementerianDesaPDT #KDMPMensejaterakanMasyarakatDesa #KerjasamaKDMPdanBUMDesa #KerjaPendampinganDesaBerdampak #TenagaPendampingProfesional https://t.co/HXDD7pCVEV,2044299879997231395,https://pbs.twimg.com/ext_tw_video_thumb/2044299795284856832/pu/img/YgGU76kYpbdy1VrA.jpg,,in,,0,0,0,https://x.com/undefined/status/2044299879997231395,1268493688465797120,
2044299548550672631,Wed Apr 15 06:19:28 +0000 2026,0,KEHADIRAN KOPERASI DESA MERAH PUTIH menjadi pengungkit perekonomian desa. Bangun Desa Bangun Indonesia @YandriSusanto27 @KemensetnegRI #BPSDMKementerianDesaPDT #KDMPMensejaterakanMasyarakatDesa #KerjasamaKDMPdanBUMDesa #KerjaPendampinganDesaBerdampak #TenagaPendampingProfesional,2044299548550672631,,,in,,0,0,0,https://x.com/undefined/status/2044299548550672631,1268493688465797120,
2044297744882585992,Wed Apr 15 06:12:18 +0000 2026,0,KOPERASI DESA MERAH PUTIH menjadi pengungkit perekonomian desa. Bangun Desa Bangun Indonesia @YandriSusanto27 @KemensetnegRI #BPSDMKementerianDesaPDT #KDMPMensejaterakanMasyarakatDesa #KerjasamaKDMPdanBUMDesa #KerjaPendampinganDesaBerdampak #TenagaPendampingProfesional https://t.co/UfBhtywz7Q,2044297744882585992,https://pbs.twimg.com/ext_tw_video_thumb/2044297293470543875/pu/img/psD7X5I0u9JtfUg4.jpg,,in,,0,0,0,https://x.com/undefined/status/2044297744882585992,1887757514848280579,
2044297493085905054,Wed Apr 15 06:11:18 +0000 2026,0,KEHADIRAN KOPERASI DESA MERAH PUTIH menjadi pengungkit perekonomian desa. Bangun Desa Bangun Indonesia @YandriSusanto27 @KemensetnegRI #BPSDMKementerianDesaPDT #KDMPMensejaterakanMasyarakatDesa #KerjasamaKDMPdanBUMDesa #KerjaPendampinganDesaBerdampak #TenagaPendampingProfesional https://t.co/G5aAq4zEnn,2044297493085905054,https://pbs.twimg.com/ext_tw_video_thumb/2044297392661639171/pu/img/PtAMacWlg7HnLsao.jpg,,in,,0,0,0,https://x.com/undefined/status/2044297493085905054,1268493688465797120,
2044296172358250563,Wed Apr 15 06:06:03 +0000 2026,2,DI mata International Monetary Fund (IMF) dan para investor global perekonomian Indonesia dinilai tetap solid di tengah meningkatnya ketidakpastian global. https://t.co/WPBCgTEStM,2044296172358250563,,,in,,0,0,0,https://x.com/undefined/status/2044296172358250563,68930552,
2044290134980640990,Wed Apr 15 05:42:03 +0000 2026,0,Investasi di Indonesia itu keren! Buka lapangan kerja baru bikin rakyat sejahtera dan tingkatin perekonomian kita. Ayo dukung kemajuan bersama! 🇮🇩 https://t.co/BiHY3YfYpB,2044290134980640990,https://pbs.twimg.com/media/HF7HCb5asAAgE0e.jpg,,in,,0,0,0,https://x.com/undefined/status/2044290134980640990,1171549160362917890,
2044288216262672582,Wed Apr 15 05:34:26 +0000 2026,3,KEHADIRAN KOPERASI DESA MERAH PUTIH menjadi pengungkit perekonomian desa. Bangun Desa Bangun Indonesia @YandriSusanto27 @KemensetnegRI #BPSDMKementerianDesaPDT #KDMPMensejaterakanMasyarakatDesa #KerjasamaKDMPdanBUMDesa #KerjaPendampinganDesaBerdampak #TenagaPendampingProfesional https://t.co/Euy2nRhZ6Q,2044288216262672582,https://pbs.twimg.com/ext_tw_video_thumb/2044288124365484035/pu/img/B_eaGksTLjKlzeu4.jpg,,in,,0,0,1,https://x.com/undefined/status/2044288216262672582,847763652627148800,
2043986878052086101,Wed Apr 15 05:34:20 +0000 2026,0,@bpsdmkemendesa @Bambangw7889 Selamat Pak menteri Desa PDT. Semoga denan hadirnya KDMP dapat memajukan perekonomian masyarakat di seluruh Desa dan kelurahan di Indonesia.,2044288191776317920,,bpsdmkemendesa,in,,0,0,0,https://x.com/undefined/status/2044288191776317920,1624302025193459712,
2044287047972860262,Wed Apr 15 05:29:47 +0000 2026,0,Investasi di Indonesia makin menggeliat bro! Gak cuma bikin perekonomian tumbuh tapi juga ciptakan banyak lapangan kerja baru buat kita semua! Ayo semangat! https://t.co/z8FlNGn9jS,2044287047972860262,https://pbs.twimg.com/media/HF7EOu-bYAABw2x.jpg,,in,,0,0,0,https://x.com/undefined/status/2044287047972860262,1731432823775469568,
2044284627083505729,Wed Apr 15 05:20:10 +0000 2026,0,Investasi masuk lapangan kerja baru tercipta! Yuk dukung perekonomian Indonesia dan bawa harapan buat rakyat! Bersama kita bisa! https://t.co/lzZIyASZgl,2044284627083505729,https://pbs.twimg.com/media/HF7CBzaasAAMwEi.jpg,,in,,0,0,0,https://x.com/undefined/status/2044284627083505729,1671802102979473408,
2044277107459797291,Wed Apr 15 04:50:17 +0000 2026,0,Investasi di Indonesia? Yeay! Buka peluang kerja buat kita semua! Yuk bantu angkat perekonomian dan wujudkan masa depan yang cerah! https://t.co/gt2Lt2JQ20,2044277107459797291,https://pbs.twimg.com/media/HF67MHVasAIAmSd.jpg,,in,,0,0,0,https://x.com/undefined/status/2044277107459797291,1671848022475526145,
2044275950259712183,Wed Apr 15 04:45:42 +0000 2026,7,Kau berani Ngomong gitu ke orangtua pemain yang berjuang mati²an biar anaknya bisa belajar sepakbola di SSB/Akademi lalu kini mendapat kontrak di Klub SuperLeague/Championship dan mengubah nasib perekonomian keluarganya lewat sepakbola Indonesia? Karena gak semua pesepakbola,2044275950259712183,,,in,,0,1,0,https://x.com/undefined/status/2044275950259712183,1795757743158239232,
2044275779153080501,Wed Apr 15 04:45:01 +0000 2026,0,Investasi masuk ke Indonesia bikin lapangan kerja buat rakyat! Yuk kita sambut peluang baru dan tingkatin perekonomian! 🇮🇩 https://t.co/UrHFgEWmcq,2044275779153080501,https://pbs.twimg.com/media/HF65-3PbMAAakds.jpg,,in,,0,0,0,https://x.com/undefined/status/2044275779153080501,303805905,
2044275531718504691,Wed Apr 15 04:44:02 +0000 2026,0,Investasi masuk ke Indonesia bawa harapan baru! Lapangan kerja makin banyak perekonomian kita makin maju. Yuk dukung pertumbuhan bersama! https://t.co/DiYuyODH9w,2044275531718504691,https://pbs.twimg.com/media/HF65wahasAAhehk.jpg,,in,,0,0,0,https://x.com/undefined/status/2044275531718504691,1148915671,
2044258975894647258,Wed Apr 15 04:26:08 +0000 2026,0,@sissysheree joki paper perekonomian indonesia sama aku no ai free turnitin gas wa aja ya kakk bisa payment di akhir,2044271029267411233,,sissysheree,in,,0,0,0,https://x.com/undefined/status/2044271029267411233,1722985472455303168,
2044226112163852461,Wed Apr 15 04:24:44 +0000 2026,0,930/ perekonomian Indonesia dan dengan melindungi produk mereka Kanwil Kemenkum Babel #KementerianHukum #LayananHukumMakinMudah #KanwilKemenkumBabel Kanwil Babel Pasti Kredibel,2044270674731278634,,kemenkumbabel,in,,0,1,0,https://x.com/undefined/status/2044270674731278634,1787299092491866112,
2043986878052086101,Wed Apr 15 03:56:31 +0000 2026,0,@bpsdmkemendesa Kita semua berharap KDMP dan BUMDes bisa berkembang berbarengan untuk memajukan perekonomian masyarakat desa di Indonesia. Sukses Pak menteri Bangun Desa bangun Indonesia.🇮🇩,2044263575037063593,,bpsdmkemendesa,in,,0,0,0,https://x.com/undefined/status/2044263575037063593,840068912972611586,
2044258975894647258,Wed Apr 15 03:56:08 +0000 2026,0,@sissysheree paper perekonomian indonesia bisa kak selesai sore ini kak aku bantu btw di aku ada free revisi kak free mendeley dan free turnitin score check,2044263477431414939,,sissysheree,in,,0,0,0,https://x.com/undefined/status/2044263477431414939,1277959279325011977,
2044258975894647258,Wed Apr 15 03:38:15 +0000 2026,11,butuh joki paper perekonomian indonesia yang bisa selesai malam ini ada ga yaa? #zonauang #jokitugaskuliah #jokitugas,2044258975894647258,,,in,,0,66,0,https://x.com/undefined/status/2044258975894647258,1373577460453842947,
2044245158674477543,Wed Apr 15 02:43:20 +0000 2026,0,Epic tuhhhhh waktu lu di malaysia naik grab trus driver nya nanya gimana kondisi perekonomian indonesia? Daaaaaaan sbg WNI pun susah maw ngejawab karena malu.,2044245158674477543,,,in,,0,0,0,https://x.com/undefined/status/2044245158674477543,858881709575516160,
2044192121117389207,Wed Apr 15 01:04:21 +0000 2026,1,@njaachieve94831 @aracherie_ @happenfed @peduli___ @saptaipb @thebabayega_ @eskepalmilosatu @LambeSahamjja Siap kk mari buat perekonomian Indonesia seperti planning pemerintah 10% ,2044220248501715207,,njaachieve94831,in,,0,0,0,https://x.com/undefined/status/2044220248501715207,1639176931815096320,
2044095920762171433,Tue Apr 14 16:50:19 +0000 2026,0,Ekonomi Indonesia tetap solid guys! Di tengah gejolak global kita kuat berkat perekonomian domestik. Terus dukung ketahanan pangan dan energi yuk! https://t.co/RuuE5ACtCj,2044095920762171433,https://pbs.twimg.com/media/HF4WZl_bcAA93Q7.jpg,,in,,0,0,0,https://x.com/undefined/status/2044095920762171433,1729267378859446272,
2044089594774466657,Tue Apr 14 16:25:11 +0000 2026,0,Kondisi ekonomi Indonesia tetap solid guys! Airlangga bilang ketahanan domestik kita kuat banget jauh dari krisis! Yuk dukung terus perekonomian kita! https://t.co/s4cdV4I92g,2044089594774466657,https://pbs.twimg.com/media/HF4QpaYaMAA8Fhy.jpg,,in,,0,0,0,https://x.com/undefined/status/2044089594774466657,1716400304550268928,
2044089289949229399,Tue Apr 14 16:23:58 +0000 2026,0,Ekonomi Indonesia tetap tangguh! Di tengah gejolak global ketahanan kita kuat didorong oleh potensi domestik. Yuk terus dukung perekonomian kita! 🇮🇩️ https://t.co/QEuJXYKc3X,2044089289949229399,https://pbs.twimg.com/media/HF4QXqObQAA7kWi.jpg,,in,,0,0,0,https://x.com/undefined/status/2044089289949229399,1639724793552420864,
2044083663705710955,Tue Apr 14 16:01:37 +0000 2026,0,Indonesia tetap tangguh guys! Ekonomi kita kuat jauh dari krisis! Airlangga bilang semua berkat ketahanan pangan dan energi. Ayo dukung perekonomian kita! https://t.co/IatJda73Tk,2044083663705710955,https://pbs.twimg.com/media/HF4LQOubcAATFDa.jpg,,in,,0,0,0,https://x.com/undefined/status/2044083663705710955,1670057595430658048,
2044078694868852860,Tue Apr 14 15:41:52 +0000 2026,0,Ekonomi Indonesia tetap solid gaes! Di tengah gejolak global kita punya ketahanan yang kuat. Indonesia jauh dari krisis! Terus dukung perekonomian kita! https://t.co/4gDJwXh93I,2044078694868852860,https://pbs.twimg.com/media/HF4GvC4aYAA4N1I.jpg,,in,,0,0,0,https://x.com/undefined/status/2044078694868852860,2843310201,
2044077235653714026,Tue Apr 14 15:36:04 +0000 2026,0,Ekonomi Indonesia tetap keren dan tangguh bro! Dengan kekuatan domestik yang solid kita siap hadapi semua tantangan! Yuk dukung terus perekonomian kita! 🇮🇩 https://t.co/WuEA5F0Zbd,2044077235653714026,https://pbs.twimg.com/media/HF4FaAwasAMUW0n.jpg,,in,,0,0,0,https://x.com/undefined/status/2044077235653714026,1254713642911543297,
2044075105991700681,Tue Apr 14 15:27:37 +0000 2026,0,Ekonomi kita solid bro! Airlangga bilang Indonesia kuat di tengah gejolak global! Pangan dan energi terjaga guys! Yuk terus dukung perekonomian kita! https://t.co/Ax0bhrLli2,2044075105991700681,https://pbs.twimg.com/media/HF4DeEWasAI26xp.jpg,,in,,0,0,0,https://x.com/undefined/status/2044075105991700681,1254713642911543297,
2044072089897054604,Tue Apr 14 15:15:37 +0000 2026,0,Ekonomi Indonesia tetap tangguh! Di tengah gejolak global ketahanan kita solid didukung perekonomian domestik yang kuat dan sumber daya yang melimpah. Semangat terus! https://t.co/KQRETtCXr4,2044072089897054604,https://pbs.twimg.com/media/HF4AugGaEAADZih.jpg,,in,,0,0,0,https://x.com/undefined/status/2044072089897054604,1120996987,
2044069078927802821,Tue Apr 14 15:03:40 +0000 2026,0,Ekonomi Indonesia tetap solid! Gak kayak tahun '98 sekarang kita kuat berkat perekonomian domestik. Yuk dukung terus ketahanan pangan dan energi! https://t.co/suaT8h9bgz,2044069078927802821,https://pbs.twimg.com/media/HF39_OEaoAAiY6w.jpg,,in,,0,0,0,https://x.com/undefined/status/2044069078927802821,1407016049019662341,
2043957577613267396,Tue Apr 14 07:40:36 +0000 2026,0,Indonesia dan Rusia makin kompak! Kerja sama lintas sektor ini bakal dorong perekonomian kita. Ayo dukung langkah pemerintah untuk ketahanan nasional! https://t.co/gzaqX7U9HX,2043957577613267396,https://pbs.twimg.com/media/HF2Ykp0asAMR4D0.jpg,,in,,0,0,0,https://x.com/undefined/status/2043957577613267396,1731445909483847680,
2043949610767626540,Tue Apr 14 07:33:43 +0000 2026,0,328/ positif bagi perekonomian Indonesia dan memperkenalkan kekayaan Kanwil Kemenkum Babel #KementerianHukum #LayananHukumMakinMudah #KanwilKemenkumBabel Kanwil Babel Pasti Kredibel,2043955846326137161,,kemenkumbabel,in,,0,0,0,https://x.com/undefined/status/2043955846326137161,1787299092491866112,
2043949610767626540,Tue Apr 14 07:25:55 +0000 2026,0,152/ bagi perekonomian Indonesia. Kegiatan ini juga membuka Kanwil Kemenkum Babel #KementerianHukum #LayananHukumMakinMudah #KanwilKemenkumBabel Kanwil Babel Pasti Kredibel,2043953884394336613,,kemenkumbabel,in,,0,0,0,https://x.com/undefined/status/2043953884394336613,1787299092491866112,
2043952900322537528,Tue Apr 14 07:22:01 +0000 2026,0,menghadirkan kontribusi terbaik bagi masyarakat dan perekonomian nasional. Bersama kita lanjutkan langkah dengan penuh optimisme demi Indonesia yang lebih baik. #PLNUntukSemua #PLNUntukIndonesia #PLNUIDSulselrabar,2043952903128527271,,plnpanritalopi,in,,0,0,0,https://x.com/undefined/status/2043952903128527271,1558472709276782592,
2043952747997999605,Tue Apr 14 07:21:25 +0000 2026,0,Dengan semangat transformasi yang terus tumbuh optimisme pun semakin menguat untuk menghadirkan kontribusi terbaik bagi masyarakat dan perekonomian nasional. Bersama kita lanjutkan langkah dengan penuh optimisme demi Indonesia yang lebih baik. #PLNUntukSemua #PLNUntukIndones,2043952750569082940,,plnpanritalopi,in,,0,0,0,https://x.com/undefined/status/2043952750569082940,1558472709276782592,
2043949859066307005,Tue Apr 14 07:09:55 +0000 2026,0,Wah seru banget! Indonesia dan Rusia makin akrab kerja sama lintas sektor bikin perekonomian tumbuh pesat! Semoga ketahanan nasional kita semakin kuat! https://t.co/4Tmug5mlmf,2043949859066307005,https://pbs.twimg.com/media/HF2RjsbbQAAFpO8.jpg,,in,,0,0,0,https://x.com/undefined/status/2043949859066307005,274684388,
2043948877922156689,Tue Apr 14 07:06:01 +0000 2026,0,Indonesia dan Rusia makin kompak! Kerjasama lintas sektor bikin perekonomian kita makin kuat dan ketahanan nasional terjaga. Semangat terus guys! https://t.co/qg1FHMlSzf,2043948877922156689,https://pbs.twimg.com/media/HF2QqWabcAA1cK2.jpg,,in,,0,0,0,https://x.com/undefined/status/2043948877922156689,250044357,
2043947396925927708,Tue Apr 14 07:00:08 +0000 2026,0,Menteri Koordinator Bidang Perekonomian RI Airlangga Hartarto menjelaskan kondisi ekonomi Indonesia saat ini tetap tangguh di tengah gejolak global berbeda dengan 1998. https://t.co/ymDyFtlbql,2043947396925927708,https://pbs.twimg.com/media/HF2PRKRasAEWp99.jpg,,in,,0,0,0,https://x.com/undefined/status/2043947396925927708,606214027,
2043944388448137629,Tue Apr 14 06:48:11 +0000 2026,1,Bank Indonesia (BI) memetakan tiga jalur utama yang dapat menyalurkan dampak perang antara Amerika Serikat dan Iran ke perekonomian Indonesia. Ketiga jalur tersebut meliputi jalur finansial komoditas dan produksi yang dinilai berpotensi memicu tekanan ekonomi jika konflik https://t.co/rCbYhC2it6,2043944388448137629,https://pbs.twimg.com/media/HF2MlfcacAA5D-y.jpg,,in,,0,1,0,https://x.com/undefined/status/2043944388448137629,2004865870926114816,
2043935423685447734,Tue Apr 14 06:12:34 +0000 2026,0,Sejumlah menteri ekonomi kompak optimisme terhadap ekonomi nasional meski disaat yang sama mengakui adanya tekanan global yang mulai menahan laju investasi. Menkeu Meninves dan Hilirisasi/Kepala BKPM serta Menko Perekonomian nilai fundamental ekonomi Indonesia masih solid.,2043935423685447734,,,in,,0,0,0,https://x.com/undefined/status/2043935423685447734,145121986,
2043929252375212361,Tue Apr 14 05:48:02 +0000 2026,110,Ekonomi Indonesia di tengah ketidaknpastian global sepanjang tahun 2025 tumbuh 5 11% Dg PDB 🇮🇩 Rp 23.821 triliun &amp;/ $ 1 45 triliun Katagori = Tangguh Pertumbuhan di Q1 tahun 2026 sebesar 5 54% SOLID Optimis Indonesia 🇮🇩 Bisa jadi karena MBG memutar masif perekonomian https://t.co/QUa2nE56BM,2043929252375212361,https://pbs.twimg.com/ext_tw_video_thumb/2043927518923898880/pu/img/Jp_4j5OUHOixPQLV.jpg,,in,,0,33,32,https://x.com/undefined/status/2043929252375212361,1189039138835554304,
2043909366655635743,Tue Apr 14 04:29:02 +0000 2026,0,kontribusi terbaik bagi masyarakat dan perekonomian nasional. Bersama kita lanjutkan langkah dengan penuh optimisme demi Indonesia yang lebih baik. #PLNUntukSemua #PLNUntukIndonesia,2043909368836735260,,ThataFransiska,in,,0,0,0,https://x.com/undefined/status/2043909368836735260,570498779,
2043907116382236692,Tue Apr 14 04:20:05 +0000 2026,0,Salah satu penopang utama perekonomian Indonesia https://t.co/xvIHm9QrCu,2043907116382236692,https://pbs.twimg.com/media/HF1qr71bsAAt0YQ.jpg,,in,,0,0,0,https://x.com/undefined/status/2043907116382236692,1613233470255554563,
2043902064678289497,Tue Apr 14 04:00:00 +0000 2026,4,Menteri Keuangan (Menkeu) Purbaya Yudhi Sadewa melakukan serangkaian langkah strategis untuk memperkuat kepercayaan investor global terhadap perekonomian Indonesia. Menkeu menggelar sejumlah pertemuan intensif dengan para investor raksasa di New York dan Washington DC Amerika https://t.co/nlcRZ66lZi,2043902064678289497,https://pbs.twimg.com/amplify_video_thumb/2043894587018924032/img/Y7xhZ22pHmg477J4.jpg,,in,,0,0,0,https://x.com/undefined/status/2043902064678289497,57261519,
2043898017867280815,Tue Apr 14 03:43:56 +0000 2026,0,Dengan semangat transformasi yang terus tumbuh optimisme pun semakin menguat untuk menghadirkan kontribusi terbaik bagi masyarakat dan perekonomian nasional. Bersama kita lanjutkan langkah dengan penuh optimisme demi Indonesia yang lebih baik.,2043898021633782059,,PlnulpSelayar,in,,0,0,0,https://x.com/undefined/status/2043898021633782059,2028297150317432832,
2043895301606629392,Tue Apr 14 03:33:08 +0000 2026,1,bantuin bahas perekonomian indonesia dari jaman soekarno sampe si prabowo pls yuk dm yg paham,2043895301606629392,,,in,,1,3,0,https://x.com/undefined/status/2043895301606629392,1869936495110565891,
2043885786182119715,Tue Apr 14 02:55:19 +0000 2026,1,Menteri Koordinator Bidang Perekonomian Airlangga Hartarto menegaskan kondisi ekonomi Indonesia tetap tangguh di tengah ketidakpastian global dan jauh berbeda dibanding krisis 1998. Jauh berbeda dengan situasi tahun 1998. Dari segi ekonomi makro saya katakan pertumbuhan PDB https://t.co/bobrWxaVYy,2043885786182119715,https://pbs.twimg.com/media/HF1XR9FasAIcc72.jpg,,in,,1,0,0,https://x.com/undefined/status/2043885786182119715,23343960,
2043880044351869220,Tue Apr 14 02:32:50 +0000 2026,0,kontribusi terbaik bagi masyarakat dan perekonomian nasional. Bersama kita lanjutkan langkah dengan penuh optimisme demi Indonesia yang lebih baik. #PLNUntukSemua #PLNUntukIndonesia #PLNUIDSulselrabar,2043880126451200311,,up3bulukumba,in,,0,0,0,https://x.com/undefined/status/2043880126451200311,1229923328942428160,
2043879583024591082,Tue Apr 14 02:30:40 +0000 2026,0,Di tengah ketidakpastian global akibat konflik di kawasan Timur Tengah perekonomian Indonesia pada kuartal I-2026 diperkirakan tetap menunjukkan ketahanan. #perekonomian #konflik #timurtengah #indonesia https://t.co/hP7vpKhayE,2043879583024591082,https://pbs.twimg.com/amplify_video_thumb/2043879478162817024/img/0tYCdqUNooGM_r4b.jpg,,in,,0,0,0,https://x.com/undefined/status/2043879583024591082,1986433988186284032,
2043879432977559674,Tue Apr 14 02:30:04 +0000 2026,1,Di tengah ketidakpastian global akibat konflik di kawasan Timur Tengah perekonomian Indonesia pada kuartal I-2026 diperkirakan tetap menunjukkan ketahanan. #perekonomian #konflik #timurtengah #indonesia https://t.co/sPtk7p5LhH,2043879432977559674,https://pbs.twimg.com/amplify_video_thumb/2043879324873568257/img/n7OSXeJPGCS5gPp8.jpg,,in,,0,0,0,https://x.com/undefined/status/2043879432977559674,385894867,
2043877463953158256,Tue Apr 14 02:22:17 +0000 2026,0,kontribusi terbaik bagi masyarakat dan perekonomian nasional. Bersama kita lanjutkan langkah dengan penuh optimisme demi Indonesia yang lebih baik. #PLNUntukSemua #PLNUntukIndonesia #PLNUIDSulselrabar,2043877471410676121,,kaumurbanlopi,in,,0,0,0,https://x.com/undefined/status/2043877471410676121,2033719027865137152,
2043866884240748613,Tue Apr 14 01:40:13 +0000 2026,4,Memimpin Rapat Koordinasi Terbatas terkait Perkembangan Posisi Indonesia dalam Investigasi Amerika Serikat terkait Excess Capacity &amp; Labor Force (Pasal 301 Trade Act 1974) di Kantor Kemenko Perekonomian Pemerintah terus mencermati dinamika perdagangan global termasuk https://t.co/VNHzaNIv5c,2043866884240748613,https://pbs.twimg.com/media/HF1GF-4asAEc0qJ.jpg,,in,,0,1,1,https://x.com/undefined/status/2043866884240748613,2734971967,
2043678477724066083,Tue Apr 14 01:30:43 +0000 2026,1,@AraituLaki Itu namanya kalian dungu ingat pemegang kendali perekonomian Indonesia adalah Kristen,2043864495152607381,,AraituLaki,in,,0,4,0,https://x.com/undefined/status/2043864495152607381,2035077997787848707,
2041451573570928937,Tue Apr 14 01:00:41 +0000 2026,0,@Arkadesu @mimipewriez @thekingoflepper @AghaarXx emg jir mrka tu otaknya dangkal idiot bego bgt kl lg mentok. patut lah perekonomian Indonesia g bsa meningkat krn mayor org oknumnya aj kek gini WKKWKWKW,2043856936337322085,,Arkadesu,in,,0,0,0,https://x.com/undefined/status/2043856936337322085,1908047685355290624,
2043856328683335774,Tue Apr 14 00:58:17 +0000 2026,0,Dengan semangat transformasi yang terus tumbuh optimisme pun semakin menguat untuk menghadirkan kontribusi terbaik bagi masyarakat dan perekonomian nasional. Bersama kita lanjutkan langkah dengan penuh optimisme demi Indonesia yang lebih baik.,2043856331107696795,,pln_sulselrabar,in,,0,1,0,https://x.com/undefined/status/2043856331107696795,1247046796653690880,
2043569999345049640,Mon Apr 13 17:16:38 +0000 2026,2,@txttransportasi Salah satu faktor kenapa perekonomian Jakarta maju ya didorong oleh infrastruktur fasum yang terintegrasi. Semoga aja semua kota besar di Indonesia sadar akan keuntungan dari kota berkonsep walkable .,2043740156046520467,,txttransportasi,in,,0,0,0,https://x.com/undefined/status/2043740156046520467,1785231688689442816,
2043726009384759541,Mon Apr 13 16:20:29 +0000 2026,0,1. Pendidikan Pancasila 2. Pendidikan Agama Islam 3. Bahasa Indonesia 4. Teori Ekonomi Mikro 5. Fikih Muamalah Ekonomi Syariah 6. Perekonomian Indonesia Pasca Reformasi COD sekitar UB tags: wts wtb buku ekonomi preloved preloved buku buku kuliah malang mlg UB https://t.co/BnTxkmlsp4,2043726023410524654,https://pbs.twimg.com/media/HFzF-xxboAAWU1s.jpg,gurlzvibez,in,,0,1,0,https://x.com/undefined/status/2043726023410524654,1405711061592936449,
2043685241169322395,Mon Apr 13 13:38:25 +0000 2026,1,Airlangga: Ekonomi Indonesia Tetap Tangguh di Tengah Gelojak Global Jauh Beda dari Tahun 1998 Jakarta - Menteri Koordinator Bidang Perekonomian RI Airlangga Hartarto menjelaskan bahwa kondisi ekonomi Indonesia saat ini tetap tangguh di tengah gejolak global. Jauh dari krisis https://t.co/FKvWwEKlnd,2043685241169322395,https://pbs.twimg.com/media/HFyg5AwaQAA6znw.jpg,,in,,0,0,0,https://x.com/undefined/status/2043685241169322395,121640063,
2043589039375470779,Mon Apr 13 13:28:45 +0000 2026,0,@sisilssi Ayo ayo jajan lg makan yg enak2 untuk menghidupkan perekonomian Indonesia,2043682805494997360,,sisilssi,in,,0,1,0,https://x.com/undefined/status/2043682805494997360,1765614262222008320,
2043487118119571834,Mon Apr 13 12:11:36 +0000 2026,0,@mendadaknih Ya Allah mau perekonomian indonesia yg sejahtera,2043663391395545157,,mendadaknih,in,,0,1,0,https://x.com/undefined/status/2043663391395545157,1561536963672686592,
2043652041634140648,Mon Apr 13 11:26:30 +0000 2026,6,Katanya perekonomian Indonesia msh belum pulih yaa... Heranku ini kereta bener2 penuh 9 gerbong ekse. dan bisa kubilang ini kereta lumayan yaaa harganya. pada kerja apa yaaa mereka? https://t.co/LoqDkn2eV4,2043652041634140648,https://pbs.twimg.com/media/HFyCoWLa8AA6I0s.jpg,,in,,0,1,0,https://x.com/undefined/status/2043652041634140648,73539461,
2043617957654454279,Mon Apr 13 09:11:04 +0000 2026,0,Pertumbuhan Ekonomi RI Kuartal I-2026 Diramal 5 54 Persen Masih Solid di Tengah Gejolak Global Jakarta - Di tengah ketidakpastian global akibat konflik di kawasan Timur Tengah perekonomian Indonesia pada kuartal I-2026 diperkirakan tetap menunjukkan ketahanan. Ekonom https://t.co/OuP8EcTg92,2043617957654454279,https://pbs.twimg.com/media/HFxjsrXakAAatZb.jpg,,in,,0,1,1,https://x.com/undefined/status/2043617957654454279,121640063,
2043609659215659423,Mon Apr 13 08:38:05 +0000 2026,0,Wakil Presiden Gibran Rakabuming Raka kembali menyoroti praktik trade misinvoicing yang dinilai masih marak terjadi di Indonesia dan berdampak signifikan terhadap perekonomian nasional https://t.co/Mvo5toCBC6 @AidilAKBAR,2043609659215659423,,,in,,0,0,0,https://x.com/undefined/status/2043609659215659423,1731964323566845952,
2043584634513215600,Mon Apr 13 06:58:39 +0000 2026,0,Meskipun isu pemakzulan bergulir perekonomian kita tetap stabil. Ayo dukung langkah-langkah positif untuk Indonesia yang lebih baik! 🇮🇩 https://t.co/7GDQmHVmbF,2043584634513215600,https://pbs.twimg.com/media/HFxFY4ObsAANXX8.jpg,,in,,0,1,0,https://x.com/undefined/status/2043584634513215600,1730798557467230208,
2043578449382842718,Mon Apr 13 06:34:04 +0000 2026,0,Tidak ada alasan untuk ragu atau panik. Perekonomian Indonesia sedang dijaga dan dikelola dengan baik. Mari kita kesampingkan narasi-narasi yang tidak berdasar tetap bersatu dan terus optimis mendukung langkah-langkah nyata menuju Indonesia yang lebih maju dan sejahtera. https://t.co/TYP6zIueiM,2043578449382842718,https://pbs.twimg.com/media/HFw_xPAaYAAipNA.jpg,,in,,0,0,0,https://x.com/undefined/status/2043578449382842718,2001638112993361920,
2043578399642558909,Mon Apr 13 06:33:52 +0000 2026,0,Di tengah dinamika global perekonomian Indonesia di bawah kepemimpinan Presiden Prabowo Subianto terus menunjukkan ketahanan dan stabilitas yang solid.#NarasiPemakzulanTanpaDasar #EkonomiIndonesiaMasihTerkendali #DemokrasiKuatIndonesiaMaju https://t.co/KmTAYHvnFF,2043578399642558909,https://pbs.twimg.com/media/HFw_uW4b0AAbK4A.jpg,,in,,1,0,0,https://x.com/undefined/status/2043578399642558909,2001638112993361920,
2043539404409688278,Mon Apr 13 03:58:55 +0000 2026,1,Menteri Koordinator Bidang Perekonomian Airlangga Hartarto menyebut proyek melamin pertama di Indonesia sebagai tonggak penting dalam perjalanan pengembangan industri nasional khususnya dalam mendorong hilirisasi sektor energi dan kimia. Airlangga mengatakan proyek ini akan https://t.co/Dlu8m3DLP3,2043539404409688278,https://pbs.twimg.com/media/HFwcQS8a0AEnniO.jpg,,in,,1,0,0,https://x.com/undefined/status/2043539404409688278,18071520,
2043536187357319390,Mon Apr 13 03:48:24 +0000 2026,0,2 sedangkan #Iran melancarkan serangan terhadap negara2 #TelukArab dan mengganggu perekonomian mereka Sementara #Amerika justru menghidupkan kembali perekonomiannya (Perang #ekonomi dan pemerasan finansial). #تدل_دربها #CR7 #Indonesia #Malaysia #Brunei #Singapura #كريستيانو,2043536756423721104,,mansourbinsaad5,in,,0,1,0,https://x.com/undefined/status/2043536756423721104,1631562224274665472,
2043524759993147735,Mon Apr 13 03:00:44 +0000 2026,1,Danantara adalah kekuatan yang akan menunjang perekonomian Indonesia di masa depan #Danantara #DanantaraIndonesia #EkonomiIndonesia https://t.co/pszSyOSC19,2043524759993147735,https://pbs.twimg.com/media/HFwO8HXa8AA5Nac.jpg,,in,,0,0,0,https://x.com/undefined/status/2043524759993147735,1444511087597023234,
2043524721258746207,Mon Apr 13 03:00:35 +0000 2026,1,Danantara adalah kekuatan yang akan menunjang perekonomian Indonesia di masa depan #Danantara #DanantaraIndonesia #EkonomiIndonesia https://t.co/jxse9AMwlw,2043524721258746207,https://pbs.twimg.com/media/HFwO53sbwAAum0T.jpg,,in,,0,0,0,https://x.com/undefined/status/2043524721258746207,1444511087597023234,
2042833166273269892,Sat Apr 11 05:12:35 +0000 2026,0,Sekretaris Kabinet Teddy Indra Wijaya menyatakan perekonomian Indonesia tetap tangguh di tengah gejolak global yang terjadi saat ini. Pernyataan tersebut disampaikan Teddy pada Sabtu 11 April 2026 menanggapi kondisi ekonomi dunia yang masih tidak stabil. Menurut Teddy https://t.co/pD5WGysf5U,2042833166273269892,https://pbs.twimg.com/media/HFmZ70DakAEBUDs.jpg,,in,,0,0,0,https://x.com/undefined/status/2042833166273269892,1909139716026556416,
2042813097703080301,Sat Apr 11 03:52:50 +0000 2026,0,Pariwisata pertumbuhannya sangat pesat kunjungan wisman mencapai 1 16juta pada Februari 2026 ini bukan sekedar angka ini bukti Indonesia aman stabil dan mampu menggerakkan ekonomi Rakyat #jagaindonesia #parawisata #pariwisata #perekonomian #umkmindonesia https://t.co/ES5mWnKkGM,2042813097703080301,https://pbs.twimg.com/media/HFmHrcjakAMwIkQ.jpg,,in,,0,1,0,https://x.com/undefined/status/2042813097703080301,1449207177114054656,
2042529118554853448,Fri Apr 10 09:04:27 +0000 2026,0,Sama seperti setiap data usaha yang dihimpun semuanya akan saling melengkapi untuk memberikan gambaran nyata perekonomian Indonesia termasuk di Kabupaten Deli Serdang. Yuk sambut Sensus Ekonomi 2026 dengan semangat terbaik! Mari sukseskan pendataan pada Mei Agustus 2026,2042529127773917587,,bps_deliserdang,in,,0,1,0,https://x.com/undefined/status/2042529127773917587,1042228474151362560,
2042522153543962689,Fri Apr 10 08:36:44 +0000 2026,0,Kinerja Presiden Prabowo menunjukkan komitmen nyata dalam mensejahterakan rakyat. Kebijakan yang tepat sasaran membawa dampak positif bagi perekonomian dan kesejahteraan masyarakat. Terus maju untuk Indonesia! https://t.co/dSZMaaYZBz,2042522153543962689,https://pbs.twimg.com/media/HFh_EOvakAQ-svh.jpg,,in,,0,0,0,https://x.com/undefined/status/2042522153543962689,1428299101,
2042512921058533624,Fri Apr 10 08:00:03 +0000 2026,0,Pemerintah menargetkan pertumbuhan ekonomi Indonesia pada kuartal I 2026 dapat mencapai 5 5 persen. Menko Bidang Perekonomian Airlangga Hartarto mengatakan capaian tersebut sejalan dengan proyeksi pertumbuhan ekonomi sepanjang tahun yang dipatok dalam APBN 2026. #SmartNews https://t.co/xkQhMEeFSt,2042512921058533624,https://pbs.twimg.com/media/HFhmk6nbQAAGzjY.jpg,,in,,0,0,0,https://x.com/undefined/status/2042512921058533624,177084452,
2042509246198342019,Fri Apr 10 07:45:26 +0000 2026,0,Kemitraan strategis Indonesia dan Jepang menunjukkan komitmen kuat untuk memperkuat daya saing dan stabilitas regional mendorong pertumbuhan berkelanjutan yang membawa dampak positif bagi perekonomian kita. https://t.co/LZ0Aj9MCS1,2042509246198342019,https://pbs.twimg.com/media/HFhzVDPakAMqpbk.jpg,,in,,0,0,0,https://x.com/undefined/status/2042509246198342019,2677905284,
2042109002147135525,Fri Apr 10 07:06:52 +0000 2026,0,@POSITIFITI MBG telah mengerjakan roda perekonomian Indonesia. Mari kita dukung dan kawal program MBG. Terima kasih Bapak Presiden Prabowo Subianto,2042499540373422241,,POSITIFITI,in,,0,0,0,https://x.com/undefined/status/2042499540373422241,2004131190799060994,
2042497752572313921,Fri Apr 10 06:59:46 +0000 2026,3,edisi bantu perekonomian indonesia (skala aku): 1.jajan bakso sapi mba atun 2.repeat order biar ekonomi stabil,2042497752572313921,,,in,,0,0,0,https://x.com/undefined/status/2042497752572313921,1977713603307593728,
2042487894913531919,Fri Apr 10 06:20:36 +0000 2026,0,Bersama Danantara investasi nasional semakin solid dan perekonomian Indonesia terus bertumbuh secara berkelanjutan. #DanantaraMaju #InvestasiUntukBangsa #EkonomiTumbuh https://t.co/DxWUyzMG5t,2042487894913531919,https://pbs.twimg.com/amplify_video_thumb/2042487826919669760/img/bt68azabvM2pztbo.jpg,,in,,0,1,0,https://x.com/undefined/status/2042487894913531919,1862733525700542464,
2042481923013099852,Fri Apr 10 05:56:52 +0000 2026,1,Sobat BRI langkah strategis ini diharapkan tercipta pengelolaan aset yang lebih optimal dan memberikan manfaat jangka panjang bagi perekonomian. Yuk dukung upaya membangun ekosistem keuangan untuk masa depan ekonomi Indonesia! #MelayaniSepenuhHati #BRIMelayaniSepenuhHati https://t.co/izo80XrL1O,2042481923013099852,https://pbs.twimg.com/media/HFhaeuhbUAAwM4m.jpg,,in,,0,7,0,https://x.com/undefined/status/2042481923013099852,1355939492,
2041662946288529492,Fri Apr 10 05:03:13 +0000 2026,1,@angga_fzn Pemerintah saat ini terus berupaya dalam menjaga stabilitas perekonomian Indonesia.,2042468421280124999,,angga_fzn,in,,0,0,0,https://x.com/undefined/status/2042468421280124999,2031981513802465282,
2042407226577416507,Fri Apr 10 02:39:59 +0000 2026,6,@tempodotco Tiap kali ada analisa asing yg kredibel terhadap perekonomian dan keuangan Indonesia si poor bye ya ngamuk2,2042432374257172866,,tempodotco,in,,0,0,1,https://x.com/undefined/status/2042432374257172866,719200698,
2042405159599554918,Fri Apr 10 00:51:50 +0000 2026,0,Perekonomian Indonesia menunjukkan resiliensi yang kuat melalui penguatan sektor domestik stabilitas fiskal dan kebijakan adaptif di tengah dinamika global. #EkonomiResilien #IndonesiaEmas #IndonesiaMaju https://t.co/on7tkgAj5v,2042405159599554918,https://pbs.twimg.com/media/HFgUpa3bQAANqPl.jpg,,in,,0,0,0,https://x.com/undefined/status/2042405159599554918,1753213457003114496,
2042405157024252251,Fri Apr 10 00:51:50 +0000 2026,0,Perekonomian Indonesia menunjukkan resiliensi yang kuat melalui penguatan sektor domestik stabilitas fiskal dan kebijakan adaptif di tengah dinamika global. #EkonomiResilien #IndonesiaEmas #IndonesiaMaju https://t.co/bxGFTtIi3G,2042405157024252251,https://pbs.twimg.com/media/HFgUqKMbIAA_-uk.jpg,,in,,0,0,0,https://x.com/undefined/status/2042405157024252251,1753213457003114496,
2042109566322929825,Fri Apr 10 00:48:59 +0000 2026,0,@ArdieSuhardi321 YANG GUE JADI MUAK ADA PIHAK SOK PRIHATIN DENGAN KONDISI BANGSA INI MEMANG KENAPA KONDISI BANGSA INI ? SEKARANG INDONESIA LEBIH BAIK DARI AMERIKA DAN ISRAEL YANG SDH JELAS HANCUR KE-DIGDAYAAN PEREKONOMIAN PERDAGANGAN DAN KEMANUSIAANNYA. KERUSUHAN DI SEMUA NEGARA BAGIAN USA ..,2042404439437558078,,ArdieSuhardi321,in,,0,0,0,https://x.com/undefined/status/2042404439437558078,2858245052,
2042390036671295490,Thu Apr 09 23:51:45 +0000 2026,1,Semoga ikhtiar pemerintah untuk melakukan WFH di tengah ancaman kelangkaan energi ini memberikan manfaat bagi perekonomian negara dan kesejahteraan masyarakat Indonesia. ,2042390036671295490,,,in,,0,0,0,https://x.com/undefined/status/2042390036671295490,1100506281767399424,
2042387129666584912,Thu Apr 09 23:40:12 +0000 2026,0,Pemangkasan proyeksi Bank Dunia menjadi sinyal penurunan ekspektasi global terhadap ekonomi Indonesia. Pemerintah pun optimistis ekonomi tetap sesuai ekspektasi dengan mengoptimalkan sektor perekonomian yang memiliki nilai lebih tinggi. Baca informasi https://t.co/oSttbvBbG3 https://t.co/SZCiiq6Wzm,2042387129666584912,https://pbs.twimg.com/ext_tw_video_thumb/2042386886887686145/pu/img/FMH9izUL8W6p3K0-.jpg,,in,,0,0,0,https://x.com/undefined/status/2042387129666584912,118646322,
2042170937345495369,Thu Apr 09 23:32:14 +0000 2026,0,@kompascom Pak @prabowo sebaiknya wajibkan menteri hingga seluruh ASN untuk gunakan&amp;promosikan produk UMKM Indonesia di social media setiap minggu mulai dari batik tas hingga bantal karena UMKM yg berkualitas &amp; segera naik kelas dapat tingkatkan perekonomian Indonesia&amp;bangun kemandirian!,2042385127523962886,,kompascom,in,,0,0,1,https://x.com/undefined/status/2042385127523962886,76351840,
2042246805044543843,Thu Apr 09 14:22:36 +0000 2026,0,#BeritaEkon Hai #SahabatEkon Kondisi perekonomian Indonesia secara umum masih baik. Di antara Negara Anggota G20 pertumbuhan ekonomi sebesar 5 39% pada Kuartal IV-2025 berada di posisi kedua. Yuk simak. https://t.co/iCrgZbqSqb #EKONomiLaju #IndonesiaMaju https://t.co/B5ieiagea2,2042246805044543843,https://pbs.twimg.com/media/HFeEo_1aAAAmSKR.jpg,,in,,0,1,0,https://x.com/undefined/status/2042246805044543843,1629234236,
2042225960775487875,Thu Apr 09 12:59:46 +0000 2026,1,Menteri Koordinator Bidang Perekonomian Airlangga Hartarto saat menyambut baik inisiatif mendorong tim @iimb_official untuk menawarkan program manajemen khusus yang dirancang guna menjawab kebutuhan yang terus berkembang dari perekonomian Indonesia yang semakin,2042225960775487875,,,in,,0,0,0,https://x.com/undefined/status/2042225960775487875,1396623188,
2042218355588018567,Thu Apr 09 12:29:33 +0000 2026,4,Era Orde Baru suharto memposisikan Bappenas sebagai institusi yg strategis. Isi SDMnya sangat unggul orang mengenalnya sebagai Mafia Berkeley. Teknokrat2 tsb sebagai arsitektur perekonomian dan arah pembangunan Indonesia. Sementara instansi2 penting diisiny oleh politisi,2042218355588018567,,,in,,0,0,0,https://x.com/undefined/status/2042218355588018567,1910002092951146496,
2042200593658429602,Thu Apr 09 11:18:58 +0000 2026,0,Proyek melamin pertama di Indonesia yang sebagian besar diinvestasikan oleh perusahaan China menjadi tonggak penting dalam perjalanan industri negara kata Menteri Koordinator Bidang Perekonomian Republik Indonesia (RI) Airlangga Hartarto pada Rabu (8/4) https://t.co/OvRJU3EZ67 https://t.co/eWNX7trsfC,2042200593658429602,https://pbs.twimg.com/media/HFdZuMFaEAAXTBA.jpg,,in,,0,1,0,https://x.com/undefined/status/2042200593658429602,3271146871,
2042184630745620957,Thu Apr 09 10:15:32 +0000 2026,0,OTW MAU BERTEMU PANGERAN Q wishie adek-adek tunggu kehadiran sosok yang berkontribusi besar terhadap perekonomian indonesia ini #nctwish https://t.co/DDtu7dGsJH,2042184630745620957,https://pbs.twimg.com/media/HFdMFHfbkAAX7XU.jpg,,in,,0,0,0,https://x.com/undefined/status/2042184630745620957,1652341922995011585,
2042162952267235450,Thu Apr 09 08:49:24 +0000 2026,0,Menteri Keuangan Purbaya Yudhi Sadewa mengkritik proyeksi pertumbuhan ekonomi Indonesia yang dirilis Bank Dunia. Ia menilai perhitungan tersebut keliru dan memicu sentimen negatif terhadap perekonomian nasional. https://t.co/54UOeDxwRI.,2042162952267235450,,,in,,0,0,0,https://x.com/undefined/status/2042162952267235450,106247388,
2042150521012633863,Thu Apr 09 08:00:00 +0000 2026,0,Menteri Keuangan Purbaya Yudhi Sadewa mengkritik proyeksi pertumbuhan ekonomi Indonesia yang dirilis Bank Dunia. Ia menilai perhitungan tersebut keliru dan memicu sentimen negatif terhadap perekonomian nasional. #SmartNews @kompascom https://t.co/FkPy9Y7Tz4,2042150521012633863,https://pbs.twimg.com/media/HFclE5Wa8AU3UFs.jpg,,in,,0,1,0,https://x.com/undefined/status/2042150521012633863,177084452,
2042147149329359080,Thu Apr 09 07:46:36 +0000 2026,1,Airlangga Hartarto Menteri Koordinator Bidang Perekonomian menyatakan ekonomi Indonesia tetap tangguh di tengah tekanan global didukung konsumsi domestik yang kuat hilirisasi industri serta stabilitas kebijakan yang terjaga. https://t.co/3eYTKnKJ9v,2042147149329359080,https://pbs.twimg.com/media/HFcp8xGa8AElzHr.jpg,,in,,0,0,0,https://x.com/undefined/status/2042147149329359080,606214027,
2042143783249441129,Thu Apr 09 07:33:13 +0000 2026,0,Perekonomian berkembang menuju Indonesia maju #ManfaatMBG #MBGIndonesia https://t.co/1EQZBnWTq9,2042143783249441129,https://pbs.twimg.com/media/HFcm8vObEAAFq1K.jpg,,in,,0,0,0,https://x.com/undefined/status/2042143783249441129,2008322958138511360,
2042129777684074824,Thu Apr 09 06:37:34 +0000 2026,0,Menteri Koordinator Bidang Perekonomian Airlangga Hartarto menegaskan laju pertumbuhan ekonomi nasional masih berada di jalur kuat dan stabil. Airlangga Bongkar Alasan Ekonomi Indonesia Tetap Tangguh pada Kuartal Pertama Meski di Tengah Tekanan Global https://t.co/568dBVI00I,2042129777684074824,https://pbs.twimg.com/media/HFcaMCoa8AApeHO.jpg,,in,,0,0,0,https://x.com/undefined/status/2042129777684074824,606214027,
2042085880568181125,Thu Apr 09 06:22:36 +0000 2026,1,@dwsptqum Scroll reply ke bawah kayaknya perekonomian Indonesia makin mengkhawatirkan karena banyak perusahaan yg cashflow-nya macet... ,2042126010855149598,,dwsptqum,in,,0,1,0,https://x.com/undefined/status/2042126010855149598,80559922,
2042085954438230247,Thu Apr 09 06:15:16 +0000 2026,14,@AkalBuku ya karena ga cemerlang2 amat n belom kliatan buktinya.. wong sampe keguling aja indonesia di posisi kelaparan massal.. inflasi tinggi ..rupiah ancur dll. klw pas dipimpin beliau indonesia melejit perekonomian dll nya mirip2 iran sekarang misalnya .ya pasti akan dikenang isme2nya,2042124164501487799,,AkalBuku,in,,0,1,0,https://x.com/undefined/status/2042124164501487799,1579124303450484737,
2042105786974011434,Thu Apr 09 05:02:14 +0000 2026,0,Pemerintah membeberkan berbagai langkah yang diambil untuk memastikan perekonomian Indonesia mampu menghadapi tekanan dan masyarakat tetap terlindungi. Selengkapnya https://t.co/BjBskUt2Vf,2042105786974011434,,,in,,0,0,0,https://x.com/undefined/status/2042105786974011434,1169861863426818048,
2042093898302910938,Thu Apr 09 04:15:00 +0000 2026,1,Menteri Koordinator Bidang Perekonomian Airlangga Hartarto mengatakan Indonesia berpotensi menghemat anggaran subsidi hingga puluhan triliun rupiah per tahun melalui penerapan kebijakan biodiesel 50 persen (B50) yang mulai berlaku pada 1 Juli 2026. B50 merupakan campuran 50 https://t.co/jcQ8HKH2I1,2042093898302910938,https://pbs.twimg.com/media/HFbnbDja8AcNpmJ.jpg,,in,,0,1,0,https://x.com/undefined/status/2042093898302910938,4755284968,
2042086348400816486,Thu Apr 09 03:45:00 +0000 2026,0,Menteri Koordinator Bidang Perekonomian Airlangga Hartarto menekankan pertumbuhan ekonomi Indonesia pada kuartal I-2026 tetap terjaga kuat dan stabil di tengah ketidakpastian global. Fundamental ekonomi seperti konsumsi rumah tangga dan sejumlah indikator makro digadang-gadang https://t.co/FjQGxP6LES,2042086348400816486,https://pbs.twimg.com/media/HFbmIoXbUAAe0gu.jpg,,in,,0,1,0,https://x.com/undefined/status/2042086348400816486,4755284968,
2041773707132338219,Thu Apr 09 03:28:21 +0000 2026,0,@OmJ_J3Nggott @Djamallu315 Bangsatnya Indonesia dijadikan negara miskin dengan ketergantungan perekonomian pada hutang luar negeri yang makin menggunung.,2042082160597946556,,OmJ_J3Nggott,in,,0,0,0,https://x.com/undefined/status/2042082160597946556,1456970869805228033,
2042075036094230691,Thu Apr 09 03:00:03 +0000 2026,0,Makan Bergizi Gratis bagi anak anak di perkotaan mungkin hal yang biasa namun bagi mereka yang tinggal di Indonesia Timur dan wilayah 3T lainnya program ini benar benar membawa kebahagiaan bagi penerima manfaat dan meningkatkan perekonomian masyarakat setempat. @prabowo https://t.co/juYeHguoWq,2042075036094230691,https://pbs.twimg.com/amplify_video_thumb/2042021948369334273/img/Gi9ngjtIAPUkQCbq.jpg,,in,,0,0,0,https://x.com/undefined/status/2042075036094230691,583869780,
2042043381921280507,Thu Apr 09 00:54:16 +0000 2026,0,Malem ini gue pertama kalinya dalam hidup mimpi hal serius teknikal fundamental.. gw mimpi bimbingan proposal milih judul tentang B2B.. terus gw jelasin gimana B2B sangat2 membantu perekonomian indonesia. Tiba2 banget?? Gw kuliah udah 10tahun lalu btw semalem jg cuman scroll,2042043381921280507,,,in,,0,0,0,https://x.com/undefined/status/2042043381921280507,729279465025572864,
2041819596949483768,Wed Apr 08 23:17:46 +0000 2026,0,@Maizha4 @kafiradikalis Kalau Indonesia tutup selat Malaka perekonomian China Taiwan Korea Selatan dan Jepang akan kena apalagi China 80% nya impor lewat sana kalau kita tutup selat Malaka otomatis kita bakal kena rudal Dongfeng ke Jakarta buat peringatan dan navy China akan hancurkan blokade kapal RI.,2042019096779477300,,Maizha4,in,,0,0,0,https://x.com/undefined/status/2042019096779477300,1691942467313254402,
2041975081258381436,Wed Apr 08 20:22:52 +0000 2026,0,Baru liat judul berita kok isinya cuma 'Kementerian Koordinator Bidang Perekonomian Republik Indonesia' doang? Ini editornya lagi libur apa gimana? Penasaran isinya ngomongin apa ya? #KemenkoEkonomi #GagalFokus #Berita,2041975081258381436,,,in,,0,0,0,https://x.com/undefined/status/2041975081258381436,1408319380618764289,
2041909569400799266,Wed Apr 08 16:02:32 +0000 2026,0,Peredaran rokok ilegal masih menjadi ancaman serius bagi perekonomian Indonesia. Selengkapnya https://t.co/SOcgzgTv5l #apindo #cukaitembakau #ekonomi #aktualcom https://t.co/jMgzoKHbCt,2041909569400799266,https://pbs.twimg.com/media/HFZR7dJa8AMttNO.jpg,,in,,0,0,0,https://x.com/undefined/status/2041909569400799266,1142137706840875008,
2041808616781730239,Wed Apr 08 09:21:23 +0000 2026,1,Prabowo: Kalau Perang Dunia ke-3 RI Masuk Daftar 3 Negara Paling Aman Turis semakin ramai datang. Ini menurutnya menjadi peluang bisnis dan meningkatkan perekonomian. Baca selengkapnya di atau download app CNBC Indonesia di AppStore dan PlayStore! https://t.co/pa3TY02KeX,2041808616781730239,,,in,,0,1,0,https://x.com/undefined/status/2041808616781730239,847372542830444544,
2041766226121388052,Wed Apr 08 06:32:57 +0000 2026,0,Diam diam misi carmen membantu perekonomian indonesia wkwkwkkwkw ,2041766226121388052,,,in,,0,0,0,https://x.com/undefined/status/2041766226121388052,1585846884752830464,
2041064086180684264,Wed Apr 08 06:12:44 +0000 2026,1,@msaid_didu Jangan terprovokasi perekonomian di Indonesia tetap stabil.,2041761139550540247,,msaid_didu,in,,0,0,0,https://x.com/undefined/status/2041761139550540247,2002949160920883200,
2041397247808774280,Wed Apr 08 05:18:47 +0000 2026,0,@pagisendja Menteri Keuangan Pak Purbaya lebih memahami kondisi fiskal dan keuangan negara ditengah gejolak politik dunia. Kita dukung terus pemerintah untuk tetap menjaga perekonomian Indonesia tetap stabil.,2041747562013848047,,pagisendja,in,,0,0,0,https://x.com/undefined/status/2041747562013848047,1396752346860818433,
2040041059179491815,Wed Apr 08 04:44:34 +0000 2026,0,@tham878 Dr muka nya kelihatan hati org ini busuk. Setiap pemimpin di musuhi. Apakah pemimpin yg mereka ingin bisa dgn mudah memperbaiki perekonomian dan kondisi indonesia dgn cara membalikan telepak tangan??? Semua butuh waktu dan proses. Sabar cok!!!!,2041738952466690286,,tham878,in,,0,0,0,https://x.com/undefined/status/2041738952466690286,945970126733524994,
2041731261530788310,Wed Apr 08 04:14:00 +0000 2026,0,Antara masalah perekonomian di Indonesia : Buruknya birokrasi layanan konsumen. Jaringan WIFI rusak aja pun mau lapor dan urus agar petugas datang bahwa ribet amat. Harus ke kantor lah kemudian diarahkan lagi hubungi nomor pusat dll. Masyarakat itu bayar jangan bikin ribet.,2041731261530788310,,,in,,0,1,0,https://x.com/undefined/status/2041731261530788310,908558973556580352,
2041715217579884800,Wed Apr 08 03:10:15 +0000 2026,0,Presiden menjaga perekonomian.. Indonesia Raya tiap jam 10 di seluruh Indonesia.. presiden bener2kah berdiri untuk tanah air Indonesia..#indonesiraya #presidenmenjagaperekonomian https://t.co/t13vY3p72E,2041715217579884800,https://pbs.twimg.com/media/HFWhKwHa8AACFg9.jpg,,in,,0,0,0,https://x.com/undefined/status/2041715217579884800,1995862106328236036,
2041689704698179746,Wed Apr 08 01:28:53 +0000 2026,0,Perekonomian Indonesia bener2 lagi ngeri banget. Entah itu dari efek global maupun dalam negeri. Efeknya bener2 langsung ke grassroots. Ya Allah ,2041689704698179746,,,in,,0,0,0,https://x.com/undefined/status/2041689704698179746,1410133058250940417,
2041688054763811024,Wed Apr 08 01:22:19 +0000 2026,1,E3. Tantangan Pembuktian Berbeda dengan kerugian keuangan negara yang dapat dihitung secara konkret kerugian perekonomian negara cenderung abstrak. Ia sering berbasis pada asumsi proyeksi dan analisis ekonomi yang kompleks. Jika Kejaksaan Republik Indonesia tidak memiliki https://t.co/umLP9KhCtd,2041688054763811024,https://pbs.twimg.com/media/HFWId1UbwAALd38.jpg,,in,,0,0,1,https://x.com/undefined/status/2041688054763811024,1420219650231574533,
2041688010329334086,Wed Apr 08 01:22:09 +0000 2026,1,E1. Antara Terobosan dan Batas Hukum Langkah memasukkan unsur kerugian perekonomian negara dalam perkara korupsi patut diapresiasi sebagai upaya memperluas jangkauan penegakan hukum. Namun bagi Kejaksaan Republik Indonesia terobosan ini bukan tanpa risiko. Di satu sisi membuka https://t.co/juEX27Pg1y,2041688010329334086,https://pbs.twimg.com/media/HFWIbMta8AIaKwf.jpg,,in,,0,0,1,https://x.com/undefined/status/2041688010329334086,1420219650231574533,
2041678808559054999,Wed Apr 08 00:45:35 +0000 2026,0,Menelisik Dampak Perang Iran-AS terhadap Napas Perekonomian Global dan Indonesia https://t.co/psuW1RMDID #Headline,2041678808559054999,,,in,,0,0,0,https://x.com/undefined/status/2041678808559054999,23786106,
2041397247808774280,Wed Apr 08 00:31:49 +0000 2026,0,@pagisendja Menteri Keuangan Pak Purbaya lebih memahami kondisi fiskal dan keuangan negara ditengah gejolak politik dunia. Kita dukung terus pemerintah untuk tetap menjaga perekonomian Indonesia tetap stabil.,2041675346425332091,,pagisendja,in,,0,0,0,https://x.com/undefined/status/2041675346425332091,1866358899961733120,
2041397247808774280,Tue Apr 07 23:36:49 +0000 2026,0,@pagisendja Terima kasih Pak purbaya atas kinerjanya menjaga perekonomian Indonesia tetap stabil di tengah kondisi dunia yg waduhh2,2041661506056818920,,pagisendja,in,,0,0,0,https://x.com/undefined/status/2041661506056818920,2008771319668908032,
2040938477978877987,Tue Apr 07 17:55:24 +0000 2026,0,@DoDheriz @andrew_mnhtns @Bulls7216288091 @Mendlkbud_ @theyycallmebass Sumber: BPK RI https://t.co/C57Jw2fMrS (soal honorer) Sumber: INDEF https://t.co/vps7xou19T (mbg juga) Sumber: Worldbank https://t.co/6cDJbMHKNJ. (Analisis perekonomian indonesia per 2025) Sumber: Guru Besar UIN Jakarta https://t.co/4uwFZJiO0v Analisis perekonomian indonesia..-,2041575585428983996,,DoDheriz,in,,0,0,0,https://x.com/undefined/status/2041575585428983996,2025005508315455488,
2041545023427412454,Tue Apr 07 15:53:58 +0000 2026,0,Aku udah rencanain konser TWICE di Jepang dari Desember 2023 setelah konser RTB di Jakarta udah mulai nabung dikit-dikit not knowing kalau perekonomian Indonesia (bahkan global) lagi di ambang krisis tau bakal kek gini mah mending dikeep duitnya dah tapi udah terlanjur booking,2041545023427412454,,,in,,0,1,0,https://x.com/undefined/status/2041545023427412454,427058399,
2041540018922230145,Tue Apr 07 15:34:05 +0000 2026,0,BBM subsidi terjaga APBN tetap kuat! Yuk bareng-bareng kita dukung perekonomian Indonesia! Terus semangat guys! https://t.co/EB8jy5EU6n,2041540018922230145,https://pbs.twimg.com/media/HFUB0mKbQAAcRUN.jpg,,in,,0,0,0,https://x.com/undefined/status/2041540018922230145,340503128,
2041378745945313546,Tue Apr 07 14:06:35 +0000 2026,0,@LambeSahamjja Apakah foya2 anggaran untuk kopdes dan MBG juga didanai soros agar perekonomian indonesia makin tertekan?,2041518000038449564,,LambeSahamjja,in,,0,0,0,https://x.com/undefined/status/2041518000038449564,1223179827814887425,
2041488426873291146,Tue Apr 07 12:09:04 +0000 2026,0,Indonesia tengah menghadapi tantangan besar dalam menjaga daya tahan ekonomi khususnya bagi kelas menengah yang menjadi tulang punggung pertumbuhan. Di IDE Katadata Future Forum 2026 Airlangga Hartarto - Menteri Koordinator Bidang Perekonomian RI akan hadir untuk membahas https://t.co/szUf21T6el,2041488426873291146,https://pbs.twimg.com/media/HFTS5qsaEAAK9zb.jpg,,in,,0,0,1,https://x.com/undefined/status/2041488426873291146,552523769,
2041384640892776887,Tue Apr 07 10:56:21 +0000 2026,0,@BangPino__ @NenkMonica wapres pekok dengan otak kosong tak ada ide untuk daya ungkit perekonomian.......nasib2 indonesia,2041470127313764746,,BangPino__,in,,0,0,0,https://x.com/undefined/status/2041470127313764746,1854315992358457345,
2041458810792083706,Tue Apr 07 10:19:56 +0000 2026,0,https://t.co/WvTeSEmjXO Tokoh Buruh Jumhur Hidayat menawarkan dua solusi menghadapi krisis geopolitik Timur Tengah yang berdampak ke perekonomian dalam negeri Indonesia. Pertama memperpanjang work from home hingga enam bulan.,2041460963648626778,,KedaiPenaCom,in,,0,1,0,https://x.com/undefined/status/2041460963648626778,793719410275983361,
2041456947963285974,Tue Apr 07 10:03:59 +0000 2026,1,Danantara dan Indonesia Investment Authority (INA) diyakini mampu memberikan rasa aman bagi investor global di tengah dinamika perekonomian dunia. #danantarauntukindonesia https://t.co/P5z75GLbbF,2041456947963285974,https://pbs.twimg.com/media/HFS2RdTbUAEMcKP.jpg,,in,,0,1,0,https://x.com/undefined/status/2041456947963285974,1356738459063312386,
2041348158052340188,Tue Apr 07 09:55:19 +0000 2026,0,@BANGSAygSUJUD @IrawanRommi @gaianuova @florieliciouss @FDonghun @coldbrew165 @BahamasJefry @Ndons_Back @99propaganda @Masdjodi1 @jametkunx Makhluk goblok. Mana referensi validmu? Kondisi perekonomian jumlah peserta makan siang kandungan gizi dan faktor2 lain apakah sama dengan Indonesia?,2041454765180379567,,BANGSAygSUJUD,in,,0,0,0,https://x.com/undefined/status/2041454765180379567,1603651764154093568,
2041453258921873845,Tue Apr 07 09:49:19 +0000 2026,1,Danantara Pacu Stabilitas Ekonomi Indonesia dan mampu memberikan rasa aman bagi investor global di tengah dinamika perekonomian dunia. #danantara https://t.co/NRSklazMKg,2041453258921873845,https://pbs.twimg.com/media/HFSy6q8bUAAelYN.jpg,,in,,0,0,0,https://x.com/undefined/status/2041453258921873845,1356738459063312386,
2041451577165394226,Tue Apr 07 09:42:38 +0000 2026,2,Perekonomian nasional aman terkendali oleh pemerintah Indonesia. Masih saja ada yang tidak percaya Mari kita bedah. A Thread #PrabowoSubianto #JagaIndonesia #TerimakasihPakBowo,2041451577165394226,,,in,,0,4,2,https://x.com/undefined/status/2041451577165394226,909824927695589376,
2041444528348098970,Tue Apr 07 09:14:38 +0000 2026,0,Menelisik Dampak Perang Iran - AS Terhadap Nafas Perekonomian Global dan Indonesia https://t.co/Y6lxfl9953,2041444528348098970,,,in,,0,1,0,https://x.com/undefined/status/2041444528348098970,23786106,
2041397247808774280,Tue Apr 07 08:51:03 +0000 2026,0,@pagisendja optimis perekonomian Indonesia mmbaik dibawah kepemimpinan pak Prabowo.,2041438595647676849,,pagisendja,in,,0,0,0,https://x.com/undefined/status/2041438595647676849,1356616103380676609,
2041397247808774280,Tue Apr 07 08:13:29 +0000 2026,2,@pagisendja optimis perekonomian Indonesia mmbaik dibawah kepemimpinan pak Prabowo. APBN membangun bangsa jaga pertumbuhan ekonomi,2041429141665509681,,pagisendja,in,,0,0,0,https://x.com/undefined/status/2041429141665509681,1703591783526174720,
2041428387479371809,Tue Apr 07 08:10:30 +0000 2026,0,Mengapa Hidupkan Lagi Insentif EV Bisa Redam Krisis Energi Akibat Konflik Timteng? Krisis energi akibat konflik di Timur Tengah terus menghimpit perekonomian seluruh dunia tak terkecuali Indonesia. Harga minyak dunia yang sudah jauh di atas 100 dolar AS per barel membuat https://t.co/AtDW36Hz2j,2041428387479371809,https://pbs.twimg.com/media/HFSbY1faAAARq3a.jpg,,in,,0,1,0,https://x.com/undefined/status/2041428387479371809,2340155395,
2041397247808774280,Tue Apr 07 07:49:47 +0000 2026,0,@pagisendja Pemerintah menjaga perekonomian Indonesia lebih baik,2041423177323331932,,pagisendja,in,,0,0,0,https://x.com/undefined/status/2041423177323331932,739326610524930048,
2041414074056225110,Tue Apr 07 07:13:37 +0000 2026,0,Gimana ini yang katanya mau memperbaiki perekonomian Indonesia? https://t.co/ubaN5DFypI,2041414074056225110,https://pbs.twimg.com/media/HFSPRyXakAAQqFr.jpg,,in,,0,1,0,https://x.com/undefined/status/2041414074056225110,579767085,
2041064086180684264,Tue Apr 07 07:03:26 +0000 2026,0,@msaid_didu Jangan terprovokasi perekonomian di Indonesia tetap stabil.,2041411511240073349,,msaid_didu,in,,0,0,0,https://x.com/undefined/status/2041411511240073349,2021160518464278528,
2041064086180684264,Tue Apr 07 05:14:58 +0000 2026,0,@msaid_didu Ini dapat dijadikan momentum indonesia mengembangkan perekonomian,2041384216018243599,,msaid_didu,in,,0,0,0,https://x.com/undefined/status/2041384216018243599,1565535459383848960,
2041043017931600056,Tue Apr 07 05:14:28 +0000 2026,0,@kompascom Bakal ke level Bangladesh sekarang ini Indonesia jika terus seperti ini Kalau sampai pada pakai bungkus daun sebagai pengganti plastik yg mahal ingat itu bukan solusi tapi ada masalah serius pada perekonomian negara ini ,2041384089195069537,,kompascom,in,,0,0,0,https://x.com/undefined/status/2041384089195069537,1671461996,
2041064086180684264,Tue Apr 07 05:08:08 +0000 2026,0,@msaid_didu Fluktuasi nilai tukar dan harga saham diseluruh dunia dipengaruhi kondisi global dan pemerintah Indonesia pasti sdh mempunyai langkah untuk membuat perekonomian tetap stabil,2041382492918440036,,msaid_didu,in,,0,0,0,https://x.com/undefined/status/2041382492918440036,2014262086231302144,
2041064086180684264,Tue Apr 07 04:26:42 +0000 2026,0,@msaid_didu Perekonomian indonesia lebih baik terus menunjukkan siklus membaik dalam sejahterakan rakyat,2041372067430617453,,msaid_didu,in,,0,0,0,https://x.com/undefined/status/2041372067430617453,1317380910375870464,
2041363821189890316,Tue Apr 07 03:53:56 +0000 2026,0,Menghadapi badai kenaikan harga avtur dunia pemerintah Indonesia tidak tinggal diam. Seolah memberikan oksigen tambahan bagi industri penerbangan Menko Perekonomian Airlangga Hartarto resmi mengumumkan penghapusan bea masuk suku cadang pesawat menjadi 0%. Langkah ini bukan https://t.co/AhLN2gDHFv,2041363821189890316,https://pbs.twimg.com/media/HFRhcu2aYAA_4Ww.jpg,,in,,0,0,0,https://x.com/undefined/status/2041363821189890316,502140136,
2041363715644424547,Tue Apr 07 03:53:31 +0000 2026,0,Aku tiap hari pas bener² mau resign kek ada aja berita ga enak ttg perekonomian indonesia yg bikin makin maju mundur buat resign apalagi tahun kemaren ama tahun ini. Prabowo anjing,2041363715644424547,,,in,,0,0,0,https://x.com/undefined/status/2041363715644424547,1296270851914911744,
2041064086180684264,Tue Apr 07 03:50:14 +0000 2026,0,@msaid_didu Udalah gausah menyebarkan ketakutan tidak jelas. Yakinlah pemerintah terus kerja nyata dalam memperkuat perekonomian Indonesia,2041362891992072393,,msaid_didu,in,,0,0,0,https://x.com/undefined/status/2041362891992072393,2009515815591399424,
2041310213429748222,Tue Apr 07 00:20:55 +0000 2026,2,Risiko stagflasi yang membayangi perekonomian global mulai memengaruhi strategi investasi di pasar saham Indonesia. Dalam kondisi ekonomi yang berpotensi melemah namun tekanan harga tetap tinggi investor dinilai perlu lebih selektif dengan memprioritaskan emiten berfundamental https://t.co/Vtl2MTs7v0,2041310213429748222,https://pbs.twimg.com/media/HFQw0PTbsAAqqTu.jpg,,in,,0,0,0,https://x.com/undefined/status/2041310213429748222,4755284968,
2041144862620504555,Mon Apr 06 19:45:07 +0000 2026,29,@LambeSahamjja Urat nadi perekonomian sesungguhnya adalah Bank kalau 5 top Bank di Indonesia udh declare rugi baru deh kita bener2 worry imho sih wkwkwk,2041240806934368510,,LambeSahamjja,in,,0,3,1,https://x.com/undefined/status/2041240806934368510,47124725,
2041059582525538750,Mon Apr 06 13:31:53 +0000 2026,0,@TirtoID Jangan² itu bukan issue tapi fakta yang tidak diakui. Sehebat apapun pak Purbaya berusaha menutup-nutupi kondisi perekonomian Indonesia toh pada akhirnya semua akan terbuka juga jadi untuk apa terus berkelit? Lebih baik mengakui dan mencari solusi sama-sama.,2041146878423924803,,TirtoID,in,,0,0,0,https://x.com/undefined/status/2041146878423924803,816985727137259520,
2041085065258742256,Mon Apr 06 09:26:15 +0000 2026,3,Pemerintah Indonesia memperbolehkan maskapai penerbangan menaikkan harga tiket pesawat domestik hingga 9-13% akibat lonjakan harga avtur. Kebijakan ini diumumkan Menteri Koordinator Bidang Perekonomian Airlangga Hartarto pada 6 April 2026. https://t.co/ra8FPl6Y5p,2041085065258742256,,,in,,0,0,0,https://x.com/undefined/status/2041085065258742256,1981555039820001280,
2041051042222068206,Mon Apr 06 07:11:04 +0000 2026,3,Menteri Keuangan Purbaya Yudhi Sadewa mengakui bahwa perekonomian Indonesia tengah menghadapi tantangan luar biasa yang datang bertubi-tubi sejak awal tahun 2026. Dalam pernyataannya pada Senin (06/04/2026) Purbaya menyoroti eskalasi konflik di Timur Tengah khususnya penutupan https://t.co/1W8s64HeFA,2041051042222068206,https://pbs.twimg.com/amplify_video_thumb/2041039818474631168/img/ud3-RSB9qVjjxqVC.jpg,,in,,0,1,0,https://x.com/undefined/status/2041051042222068206,57261519,
2041044560823128455,Mon Apr 06 06:45:19 +0000 2026,0,Purbaya mengklaim stabilitas ekonomi Indonesia sejauh ini tetap terjaga di tengah ketidakpastian global akibat eskalasi geopolitik. Berdasarkan berbagai indikator perekonomian ia justru melihat adanya perbaikan ekonomi. Ada perbaikan yang nyata di perekonomian imbuhnya.,2041044564308586899,,raju_tamara,in,,0,1,0,https://x.com/undefined/status/2041044564308586899,3485675413,
2041043833929261294,Mon Apr 06 06:42:25 +0000 2026,1,Harus kita jaga negri kita Indonesia Jangan sampai susah untuk memerlukan perekonomian https://t.co/yvSnU1wQtG,2041043833929261294,https://pbs.twimg.com/ext_tw_video_thumb/2041043800332931072/pu/img/W4Dshz9JLeId_bjk.jpg,,in,,0,0,1,https://x.com/undefined/status/2041043833929261294,1901242256008617984,
2041039295675601316,Mon Apr 06 06:24:23 +0000 2026,1,Salam super sahabat #minamania Selamat Hari Nelayan Indonesia Terima kasih kepada seluruh nelayan Indonesia yang telah berjuang tanpa lelah menembus ombak dan waktu demi menjaga ketahanan pangan serta menggerakkan roda perekonomian bangsa. Semoga para nelayan senntiasa diberikan https://t.co/FCbcvc2ZmV,2041039295675601316,https://pbs.twimg.com/media/HFM6bFEbgAA7fqu.jpg,,in,,0,1,0,https://x.com/undefined/status/2041039295675601316,942287821816991744,
2041022965542973544,Mon Apr 06 05:19:30 +0000 2026,0,Fokus utama kita adalah pertumbuhan dan keberlangsungan perekonomian #jagaindonesi #singtenangbolo #indonesia #indinesiaemas https://t.co/IR7CTySdoZ,2041022965542973544,https://pbs.twimg.com/amplify_video_thumb/2041022889365999616/img/V6fJitNPGSHQ33e8.jpg,,in,,0,0,0,https://x.com/undefined/status/2041022965542973544,2038223981657100288,
2041009524275077394,Mon Apr 06 04:26:05 +0000 2026,0,serta kesejahteraan yang terus meningkat. KPU Kota Tegal turut mengapresiasi peran penting nelayan dalam menjaga ketahanan pangan dan perekonomian daerah. Mari bersama terus berkontribusi untuk Indonesia yang lebih maju. #kputegal #kpujateng #kpuri #kpumelayani,2041009526422577416,,KPUKotaTegal,in,,0,0,0,https://x.com/undefined/status/2041009526422577416,3327823778,
2041003601305518478,Mon Apr 06 04:02:33 +0000 2026,0,Selamat Hari Nelayan Indonesia. Hari ini menjadi momen untuk menghargai dedikasi dan perjuangan para nelayan yang setiap hari mengarungi lautan menggerakkan roda perekonomian daerah. #pemkabjember #bupatijember #gusfawait #jemberbarujembermaju Webs https://t.co/MBHaQM4sDO https://t.co/8RrxpScINp,2041003601305518478,https://pbs.twimg.com/media/HFMZ9ZpbkAAd1iw.jpg,,in,,0,0,0,https://x.com/undefined/status/2041003601305518478,1829090347882033152,
2041002965209882847,Mon Apr 06 04:00:01 +0000 2026,0,BI Jatim Sebut Konflik Global Tak Berdampak Langsung pada Perekonomian Indonesia https://t.co/Fkf7ImxKZn,2041002965209882847,,,in,,0,0,0,https://x.com/undefined/status/2041002965209882847,333877701,
2040972841093669251,Mon Apr 06 03:21:22 +0000 2026,0,@audiraafian @aniesbaswedan Bener. Aku selalu mikir bahwa sistem pemerintahan yang diberikan itu bagus. Danantara bisa ngebantu perekonomian Indonesia MBG ngebantu anak yang kurang mampu apalagi IGRS sebagai pelindung anak dari konten yg gk bener.,2040993238463725935,,audiraafian,in,,0,1,0,https://x.com/undefined/status/2040993238463725935,970680406134505477,
2040992093892698240,Mon Apr 06 03:16:49 +0000 2026,0,vn 40 detik yang memperbaiki roda perekonomian indonesia makasih mas souta https://t.co/xqZGpjHFJT,2040992093892698240,https://pbs.twimg.com/media/HFMPfNfboAAW-WN.jpg,,in,,0,0,0,https://x.com/undefined/status/2040992093892698240,1969877557,
2040985541156684061,Mon Apr 06 02:50:47 +0000 2026,1,PPLP Kelas II Tanjung Perak mengucapkan Selamat Hari Nelayan. Kami menyampaikan penghargaan setinggi-tingginya kepada seluruh nelayan Indonesia yang telah mengabdikan diri mengarungi lautan demi memenuhi kebutuhan pangan dan menggerakkan roda perekonomian bangsa. https://t.co/AxLAeKuWra,2040985541156684061,https://pbs.twimg.com/media/HFMJiI_bQAAvwcp.jpg,,in,,0,0,0,https://x.com/undefined/status/2040985541156684061,989646749940629504,
2040791578571419787,Sun Apr 05 22:45:01 +0000 2026,4,@tempodotco Pak @prabowo Sebaiknya Indonesia segera keluar dari Board Of Peace untuk jaga perekonomian Indonesia demi segera raih pertumbuhan #ekonomi 8% walau ditengag geopolitik yang memanas. Masyarakat butuh pemimpin yg mendengarkan aspirasi rakyat. @PDI_Perjuangan @officialinews_ @TIME,2040923693040414897,,tempodotco,in,,0,1,1,https://x.com/undefined/status/2040923693040414897,76351840,
2040783726297374788,Sun Apr 05 16:05:26 +0000 2026,0,@dnbudiarto @txtfromkeuangan Bro ga sadar kalo perekonomian Indonesia ditopang konsumsi rumah tangga. Sekali salah langka otak atik subsidi maka modar dah resesi total wkwkwkwk,2040823133092098091,,dnbudiarto,in,,0,0,0,https://x.com/undefined/status/2040823133092098091,1432567019728113665,
2040634281031344381,Sun Apr 05 15:18:00 +0000 2026,0,@choronkie @bukancegil96 @h0etivity @aiscoffeenlatte @beurgantao @LutfiHidayatR Tuh tau bukan pangan pokok jadi ngapain repot sampai bahas ke inflasi? Ga normal tinggalkan. Perekonomian Indonesia ga akan runtuh gegara promo croissant yang cuma 85K ,2040811196430029118,,choronkie,in,,0,1,0,https://x.com/undefined/status/2040811196430029118,1809966581503737856,
2040800106916823191,Sun Apr 05 14:33:56 +0000 2026,1,Danantara menjaga perekonomian Indonesia #DukungDanantara https://t.co/196w9iC3mO,2040800106916823191,https://pbs.twimg.com/media/HFJg4cha4AAtiEw.jpg,,in,,0,0,0,https://x.com/undefined/status/2040800106916823191,1564217448697434112,
2040771902462144706,Sun Apr 05 12:41:51 +0000 2026,5,Suka gk suka sama dia di awal pemerintahannya bisa dibilang penyelamat perekonomian Indonesia. Dollar yg awalnya 5000 rupiah / USD bisa diturunkan ke 250 rupiah / USD... Ya walaupun di akhir masa jabatannya jadi 17K / USD...,2040771902462144706,,,in,,0,0,0,https://x.com/undefined/status/2040771902462144706,494952100,
2040746269694411236,Sun Apr 05 11:00:00 +0000 2026,0,Rasio pajak terhadap PDB jadi indikator penting untuk melihat seberapa kuat kontribusi pajak dalam perekonomian Indonesia sepanjang 2020 2025 yang terus berfluktuasi. Menurut kamu apakah rasio pajak Indonesia sudah ideal? https://t.co/mJNVqTK2G8,2040746269694411236,https://pbs.twimg.com/media/HFCS9mFa8AAb8Ae.jpg,,in,,0,0,0,https://x.com/undefined/status/2040746269694411236,874558344593195008,
2040625690639503665,Sun Apr 05 07:05:52 +0000 2026,0,@S4N_W1B1 Momentum yang tepat ketika Dana perang USA dah cair Iran di tawur sama Isriwil dan USA Yang mengakibatkan terjadinya gangguan perekonomian Indonesia Efek dari Menkeu dan pemerintah tidak tunduk kepada yang punya USA dan IMF https://t.co/F3RTqQ715P,2040687349366141330,,Bonggol80885712,in,,0,1,0,https://x.com/undefined/status/2040687349366141330,1428785648752750592,
2040677942192418936,Sun Apr 05 06:28:30 +0000 2026,1,Danantara hadir mengelola ekonomi dan investasi dalam negeri secara transparan dan akuntabel. Penguatan modal nasional untuk perekonomian Indonesia yang lebih kokoh. #Danantara #EkonomiNasional #DukungDanantara https://t.co/juDWnZOoh0,2040677942192418936,https://pbs.twimg.com/amplify_video_thumb/2040677850353975296/img/0EoJA-5apNLxmSJI.jpg,,in,,0,1,1,https://x.com/undefined/status/2040677942192418936,1595691277932433408,
2040657261492859381,Sun Apr 05 05:06:19 +0000 2026,0,Perekonomian Indonesia menunjukkan resiliensi yang kuat melalui penguatan sektor domestik stabilitas fiskal dan kebijakan adaptif di tengah dinamika global. #EkonomiResilien #IndonesiaEmas #IndonesiaMaju https://t.co/aUcL3NTj3e,2040657261492859381,https://pbs.twimg.com/media/HFHe9WLa4AAf32y.jpg,,in,,0,0,0,https://x.com/undefined/status/2040657261492859381,1753213457003114496,
2040657240940847456,Sun Apr 05 05:06:14 +0000 2026,0,Perekonomian Indonesia menunjukkan resiliensi yang kuat melalui penguatan sektor domestik stabilitas fiskal dan kebijakan adaptif di tengah dinamika global. #EkonomiResilien #IndonesiaEmas #IndonesiaMaju https://t.co/3NAjVEYQv7,2040657240940847456,https://pbs.twimg.com/media/HFHe8KCaEAACY-i.jpg,,in,,0,0,0,https://x.com/undefined/status/2040657240940847456,1753213457003114496,
2040654325324956091,Sun Apr 05 04:54:39 +0000 2026,0,Danantara dinilai bawa perekonomian Indonesia ke level internasional lewat investasi berkelanjutan! https://t.co/AV5FtSUOqY,2040654325324956091,https://pbs.twimg.com/media/HFHcFg2aYAABdvm.jpg,,in,,0,0,1,https://x.com/undefined/status/2040654325324956091,1357052788325289984,
2040626731112173994,Sun Apr 05 03:05:00 +0000 2026,0,Dampak peningkatan perekonomian masyarakat dirasakan oleh pengusaha keripik tempe di Ngawi Jawa Timur. Keterlibatan dalam pelaksanaan program MBG menjadi peluang besar bagi para pelaku UMKM di seluruh Indonesia. MBG adalah harapan bagi anak anak dan masyarakat Indonesia. https://t.co/FzA3yqxOp2,2040626731112173994,https://pbs.twimg.com/media/HFGPCDnaUAAv3A2.jpg,,in,,0,0,0,https://x.com/undefined/status/2040626731112173994,583869780,
2040447711351386603,Sun Apr 05 02:48:55 +0000 2026,0,@prabowo Apakah Presiden ke 8 akan mengalahkn Presiden ke 7 dalam pencapaian menghancurkan Indonesia ? Presiden ke 7 menghancurkan konsitusi &amp; hukum perekonomian &amp; semua unsur Negara Indonesia butuh waktu 10 thn Apakah Presiden ke 8 hanya akan butuh 5 tahun membubarkan Indonesia?,2040622682530824604,,prabowo,in,,0,0,0,https://x.com/undefined/status/2040622682530824604,1161981135972290561,
2040617225460355093,Sun Apr 05 02:27:14 +0000 2026,3,FORMASI LENGKAP: Duta Besar Republik Indonesia (busana adat Banjarmasin) Menteri Perekonomian Nasional Kazakhstan Atase Pertahanan dan Atase Angkatan Darat. Semua bakti untuk MERAH PUTIH 🇮🇩🇮🇩🇮🇩 dan REPUBLIK INDONESIA ~ #DubesRIKazakhstanTajikistan #AmbassadorFADJROEL https://t.co/CMtTHO8cwO,2040617225460355093,https://pbs.twimg.com/media/HFG6jUxbcAEiSJ5.jpg,,in,,0,1,1,https://x.com/undefined/status/2040617225460355093,18158130,
2040612214118531511,Sun Apr 05 02:07:19 +0000 2026,1205, Alhamdulillah masih beruntung tidak sampai lockdown - Jokowi Alhamdulillah 243 WNI yang pulang dari Wuhan dan diobservasi 14 hari di Natuna dinyatakan bersih dari corona. Dalam kelakarnya Menko Perekonomian Airlangga bilang karena perizinan di Indonesia berbelit-belit maka,2040612214118531511,,,in,,12,31,430,https://x.com/undefined/status/2040612214118531511,1030789552867139584,
2040459590014497114,Sat Apr 04 16:00:50 +0000 2026,0,Solusinya kata ibu connie ialah meminta satu dunia harus bisa mendamaikan US agar tak berperang u/ menormalkan ekonomi dunia dan khususnya u/ perekonomian indonesia !,2040459590014497114,,,in,,0,0,0,https://x.com/undefined/status/2040459590014497114,96992643,
2040374435954487568,Sat Apr 04 11:53:55 +0000 2026,0,@cikininii samapdhl bisa buat sendiri tp entah knp ak bernapsu skli menggerakkan perekonomian indonesia dgn rutin membeli es teh,2040397450574483799,,cikininii,in,,0,1,0,https://x.com/undefined/status/2040397450574483799,1330873774191693827,
2040391017292296691,Sat Apr 04 11:49:46 +0000 2026,0,@phomiyeon Kangen ya phom? Maaf sibuk memperbaiki perekonomian Indonesia.,2040396405102215321,,phomiyeon,in,,0,1,0,https://x.com/undefined/status/2040396405102215321,1911488184988360704,
2040392971200405548,Sat Apr 04 11:36:07 +0000 2026,0,Perekonomian kita sedang berkembang! Yuk dukung kebijakan pemerintah yang bikin Indonesia makin maju. Jangan terpancing isu negatif tetap optimis! https://t.co/I0d9Hb8kKA,2040392971200405548,https://pbs.twimg.com/media/HFDulrDaEAAbLjw.jpg,,in,,0,0,0,https://x.com/undefined/status/2040392971200405548,475779474,
2035224996638077276,Sat Apr 04 11:11:03 +0000 2026,0,@prabowo Saran Pak @prabowo Sebaiknya dihapus u/ perpanjangan SIM demi jaga kepercayaan masyarakat terhadap pemerintah &amp; tingatkan daya beli hingga #perekonomian Indonesia di tengah #ekonomi yang sedang fluktuatif. @tempodotco @BBCIndonesia @KompasTV @officialinews_ @aniesbaswedan @TIME,2040386660387741830,,prabowo,in,,0,0,1,https://x.com/undefined/status/2040386660387741830,76351840,
2040370631720727024,Sat Apr 04 10:07:51 +0000 2026,3,Menteri Koordinator Bidang Perekonomian Airlangga Hartarto membawa komitmen investasi besar usai kunjungan kerja ke Korea Selatan dalam forum Indonesia-Korea Partnership for Resilient Growth. Dalam agenda tersebut tercatat penandatanganan 10 nota kesepahaman (MoU) dengan total,2040370757277278479,,GNFI,in,,0,1,0,https://x.com/undefined/status/2040370757277278479,39677695,
2040346588166627762,Sat Apr 04 08:31:49 +0000 2026,1,BBM aman cadangan minyak bertambah! Langkah besar buat kestabilan energi dan perekonomian Indonesia. https://t.co/dxNvVkkwKU,2040346588166627762,,,in,,0,1,0,https://x.com/undefined/status/2040346588166627762,1567682634,
2040344145445912706,Sat Apr 04 08:22:06 +0000 2026,0,https://t.co/UGw1z5oXah Indonesia Hari Ini: Penutupan enam Bank Perekonomian Rakyat (BPR) oleh Otoritas Jasa Keuangan (OJK) sepanjang Januari Maret 2026 bukan sekadar kasus individual. Fenomena ini .. https://t.co/wfkP1PQKNE,2040344145445912706,,,in,,0,0,0,https://x.com/undefined/status/2040344145445912706,773144754267693057,
2040335203382792572,Sat Apr 04 07:46:34 +0000 2026,1,BBM tidak naik: Apa dampaknya terhadap perekonomian Indonesia? https://t.co/UIlksZABqO,2040335203382792572,,,in,,0,1,0,https://x.com/undefined/status/2040335203382792572,23786106,
2040315945818993116,Sat Apr 04 06:30:03 +0000 2026,0,Kunjungan kenegaraan ke Jepang dan Korea Selatan membawa kabar baik bagi perekonomian Indonesia! Kerja sama strategis ini berhasil menghasilkan komitmen investasi senilai Rp575 Triliun. #PresidenKhatulistiwa https://t.co/Ynu7RGrODN,2040315945818993116,https://pbs.twimg.com/media/HFCohvoagAAyjhv.jpg,,in,,0,1,0,https://x.com/undefined/status/2040315945818993116,1757566717553696769,
2039697711981854938,Sat Apr 04 06:06:11 +0000 2026,0,@LambeSahamjja Jangan terprovokasi dengan narasi seperti ini. Perekonomian di Indonesia akan selalu terjaga stabilitas.,2040309939831554074,,LambeSahamjja,in,,0,0,0,https://x.com/undefined/status/2040309939831554074,2010179276184965120,
2039697711981854938,Sat Apr 04 05:27:31 +0000 2026,0,@LambeSahamjja Lebih baik skrg kita beri dukungan kpd pemerintahan Presiden Prabowo utk memajukan perekonomian Indonesia,2040300207611777467,,LambeSahamjja,in,,0,0,0,https://x.com/undefined/status/2040300207611777467,749235883744890880,
2040287165859676638,Sat Apr 04 04:35:41 +0000 2026,0,Sorry yah Untuk pendekatan Ekonomi lebih bagusan SBY yah daripada Jokowi. Apalagi bapak SBY mah selalu memilih wakilnya yg merupakan pakar Ekonomi fiskal makanya dlm hal perekonomian Indonesia SBY jauh lebih bagus,2040287165859676638,,,in,,0,1,0,https://x.com/undefined/status/2040287165859676638,918393174,
2039697711981854938,Sat Apr 04 04:25:10 +0000 2026,0,@LambeSahamjja patut menjadi inspirasi tp dengan realita perkembangan global sekarang tantangan pasti ada. belum lagi dengan adanya konflik timur tengah yg mempengaruhi ekonomi internasional. semoga perekonomian indonesia semakin membaik,2040284520105287992,,LambeSahamjja,in,,0,0,0,https://x.com/undefined/status/2040284520105287992,1700725670878277632,
2039697711981854938,Sat Apr 04 04:20:30 +0000 2026,0,@LambeSahamjja Alangkah baiknya saat ini kita beri dukungan kepada pemerintahan Presiden Prabowo untuk memajukan perekonomian Indonesia,2040283345100415173,,LambeSahamjja,in,,0,0,0,https://x.com/undefined/status/2040283345100415173,2009515815591399424,
2040280721668153596,Sat Apr 04 04:10:05 +0000 2026,0,Inflasi kerap dipersepsikan sebagai sesuatu yang menakutkan karena identik dengan kenaikan harga. Padahal dalam kondisi tertentu inflasi dapat jadi sinyal positif bagi perekonomian. Pada Maret 2026 inflasi Indonesia tercatat 3 48%. Lalu apa arti angka ini bagi perekonomian? https://t.co/43pt00pPIX,2040280721668153596,https://pbs.twimg.com/amplify_video_thumb/2040278631331880960/img/rrlKHLsf4ae-Qspi.jpg,,in,,0,0,0,https://x.com/undefined/status/2040280721668153596,1888928456853073921,
2040276312733237462,Sat Apr 04 03:52:34 +0000 2026,1,Danantara adalah kekuatan yang akan menunjang perekonomian Indonesia di masa depan #Danantara #DanantaraIndonesia #EkonomiIndonesia https://t.co/YXj3RvpaF8,2040276312733237462,https://pbs.twimg.com/media/HFCEfoRaYAA7c3N.jpg,,in,,0,0,0,https://x.com/undefined/status/2040276312733237462,1444511087597023234,
2040276285621260661,Sat Apr 04 03:52:27 +0000 2026,1,Danantara adalah kekuatan yang akan menunjang perekonomian Indonesia di masa depan #Danantara #DanantaraIndonesia #EkonomiIndonesia https://t.co/Pkn8QltgKx,2040276285621260661,https://pbs.twimg.com/media/HFCEd_EbQAAjRbk.jpg,,in,,0,0,0,https://x.com/undefined/status/2040276285621260661,1444511087597023234,
2040276260044353859,Sat Apr 04 03:52:21 +0000 2026,1,Danantara adalah kekuatan yang akan menunjang perekonomian Indonesia di masa depan #Danantara #DanantaraIndonesia #EkonomiIndonesia https://t.co/Y6LMHAlMwJ,2040276260044353859,https://pbs.twimg.com/media/HFCEcd-aMAAifjb.jpg,,in,,0,0,0,https://x.com/undefined/status/2040276260044353859,1444511087597023234,
2040276209997926671,Sat Apr 04 03:52:09 +0000 2026,2,Danantara adalah kekuatan yang akan menunjang perekonomian Indonesia di masa depan #Danantara #DanantaraIndonesia #EkonomiIndonesia https://t.co/r8wGsPZTv5,2040276209997926671,https://pbs.twimg.com/media/HFCEZqIagAAMCm3.jpg,,in,,0,1,0,https://x.com/undefined/status/2040276209997926671,1444511087597023234,
2040262253044478312,Sat Apr 04 02:56:42 +0000 2026,2,Kata para penghasut Indonesia mengerikan perekonomiannya Tapi realitanya libur gandeng puncak macet warga siapkan uang lebih untuk belanja2 Alhamdulillah Kalian yg banyak uang jangan disimpan2 uangnya tapi belanjakanlah agar perekonomian rakyat berputar https://t.co/yY4XlqvQ3y,2040262253044478312,https://pbs.twimg.com/media/HFB3tQxbQAAWTyv.jpg,,in,,1,1,1,https://x.com/undefined/status/2040262253044478312,198417114,
2040243444522876955,Sat Apr 04 01:41:57 +0000 2026,27,Kesiapan Pemerintahan Presiden Prabowo Subianto dalam mengantisipasi dampak krisis global patut diacungi jempol karena sejauh ini kondisi perekonomian stok BBM stok pangan Indonesia dalam posisi yang aman. Permasalahan yang cukup pelik justru ada dari dalam negeri rongrongan https://t.co/vHAbAdYgon,2040243444522876955,https://pbs.twimg.com/ext_tw_video_thumb/2040243393117491201/pu/img/SeESsuq23bL2w8HG.jpg,,in,,1,10,16,https://x.com/undefined/status/2040243444522876955,1427095335084515333,
2039697711981854938,Sat Apr 04 01:16:10 +0000 2026,2,@dosengizi @LambeSahamjja Gw yakin bang bandit-bandit politiknya itu pun juga campur tangan *n*ek *n*ek asi*g (aaa) sengaja biar negara indonesia cepat jatuh. 17 bulan cuy bikin perekonomian suatu negara deflasi (cmiiw) dari 17k jadi 7k aaa mana yang mau ada saingan negara baru mana berkembang lagi.,2040236954999312696,,dosengizi,in,,0,1,0,https://x.com/undefined/status/2040236954999312696,1909399607907586048,
2039696443318116366,Fri Apr 03 13:46:06 +0000 2026,0,@DedynurPalakka Gak lagi lagi deh. Cukup tau hasil perekonomian Indonesia akibat bapaknya. Warisan hutangnya bikin rakyat dicekik pajak. ,2040063293537321231,,DedynurPalakka,in,,0,0,0,https://x.com/undefined/status/2040063293537321231,1636963147260248065,
2040047791628808203,Fri Apr 03 12:44:30 +0000 2026,0,Keberadaan PT Freeport Indonesia memberikan kontribusi terhadap perekonomian pembangunan infrastruktur serta penciptaan lapangan kerja bagi masyarakat Papua. #Freeport #EkonomiIndonesia #PapuaNKRI #IndonesiaTangguh #Tüik #infrastructure https://t.co/lQAwE07fzY,2040047791628808203,https://pbs.twimg.com/ext_tw_video_thumb/2040047772175683584/pu/img/uuOcof7jWXRVcifX.jpg,,in,,0,0,0,https://x.com/undefined/status/2040047791628808203,447666044,
2039562754663895512,Fri Apr 03 09:39:12 +0000 2026,0,@P28111992 @AnakLolina2 Sumber: - Kementerian Koordinator Bidang Perekonomian Republik Indonesia https://t.co/fetkRrOYMH padahal kalo Lo mau cari tau smua ada jawabannya emg Lo aja dasar nya bodoh makan fitnah Mulu skrng gue tanya negara dengan utang terbesar siapa sih blok?,2040001158606164271,,P28111992,in,,0,1,0,https://x.com/undefined/status/2040001158606164271,1859207304761217024,
2039962843030999148,Fri Apr 03 07:06:57 +0000 2026,0,Program makan bergizi gratis menjadi penggerak perekonomian serta mensejahterakan masyarakat Indonesia. https://t.co/aX7ymocWhu,2039962843030999148,https://pbs.twimg.com/ext_tw_video_thumb/2039962099598901248/pu/img/TdWvbywKTBJhvcI1.jpg,,in,,0,1,0,https://x.com/undefined/status/2039962843030999148,1841369712980295680,
2039003887076843775,Fri Apr 03 05:27:26 +0000 2026,0,@WeatherMonitors Indonesia berupaya menuju kemandirian ekonominya sebagai upaya menambah pendapatan negara ini juga diharapkn sbgai pilar strategis perekonomian nasional sumber devisa negara terbesar dari ekspor Crude Palm Oil (CPO) serta penggerak kesejahteraan masyarakat pedesaan.,2039937800263659892,,WeatherMonitors,in,,0,0,0,https://x.com/undefined/status/2039937800263659892,1656573700614025216,
2039903810483880086,Fri Apr 03 03:12:22 +0000 2026,1,Presiden Prabowo Subianto merampungkan kunjungan ke Jepang dan Korea Selatan (Korsel). Dari kunjungan ke dua negara itu Indonesia mendapatkan investasi Rp574 triliun. Menteri Koordinator Bidang Perekonomian Airlangga Hartarto mengatakan soal peningkatan investasi yang https://t.co/45pYsGhQKR,2039903810483880086,https://pbs.twimg.com/media/HE8xs0kbYAApXdk.jpg,,in,,0,3,0,https://x.com/undefined/status/2039903810483880086,4755284968,
2039887354366967934,Fri Apr 03 02:06:59 +0000 2026,0,Kinerja ekspor Indonesia positif di situasi tak kondusif Kinerja ekspor Indonesia pada Februari 2026 mencatatkan hasil positif di tengah situasi perekonomian global yang sedang tidak kondusif dibuktikan dengan kenaikan dibanding bulan sebelumnya. https://t.co/8o7VgTVphD https://t.co/c6XwfgfRom,2039887354366967934,https://pbs.twimg.com/media/HE8iurIaUAE37WG.jpg,,in,,0,0,0,https://x.com/undefined/status/2039887354366967934,985473219598544896,
2039883574468329669,Fri Apr 03 01:51:58 +0000 2026,4,Kunjungan Presiden Prabowo Subianto ke Jepang membawa sinyal positif bagi perekonomian Indonesia. Dalam forum bisnis Indonesia Jepang Presiden mengajak para pengusaha Jepang untuk memperluas investasi di berbagai sektor strategis di Tanah Air. Langkah ini dinilai dapat https://t.co/Oogq6uwoIx,2039883574468329669,https://pbs.twimg.com/ext_tw_video_thumb/2039883420940066816/pu/img/Mc7eB5L6rkhoWgFb.jpg,,in,,0,1,4,https://x.com/undefined/status/2039883574468329669,502140136,
2039850645419880739,Thu Apr 02 23:41:07 +0000 2026,1,Kenaikan harga minyak global telah menciptakan efek domino bagi perekonomian banyak negara di dunia termasuk Indonesia. Namun peristiwa kenaikan harga minyak ini bukanlah yang pertama kalinya terjadi. Selama hampir satu abad sejumlah peristiwa https://t.co/yxNHj8ESm8 https://t.co/dJB7ZgR3rG,2039850645419880739,https://pbs.twimg.com/ext_tw_video_thumb/2039850407883866112/pu/img/SPK5SoBsx6_4M79q.jpg,,in,,0,0,0,https://x.com/undefined/status/2039850645419880739,118646322,
2039639781228089648,Thu Apr 02 15:55:59 +0000 2026,0,@veuscat mengguncang perekonomian indonesia,2039733592637816877,,veuscat,in,,0,0,0,https://x.com/undefined/status/2039733592637816877,2019021634129276928,
2039365546505085171,Wed Apr 01 15:33:30 +0000 2026,0, Impor mobil pickup untuk koperasi Merah Putih adalah langkah cerdas! Meningkatkan kesejahteraan rakyat dukung perekonomian lokal dan wujudkan cita-cita bersama. Ayo majukan Indonesia! 🇮🇩 https://t.co/NHDv9XUSVD,2039365546505085171,https://pbs.twimg.com/media/HE1IJosaEAAImnw.jpg,,in,,0,0,0,https://x.com/undefined/status/2039365546505085171,3393117974,
2039364712840749181,Wed Apr 01 15:30:11 +0000 2026,0,Perekonomian Indonesia mencatat tekanan harga yang meningkat pada Maret 2026 dengan inflasi tahunan mencapai 3 48 persen menurut data resmi yang dirilis Badan Pusat Statistik (BPS) pada Rabu (1/4). https://t.co/nYploXZGGs,2039364712840749181,,,in,,0,0,0,https://x.com/undefined/status/2039364712840749181,1793626602623897601,
2039362638417961402,Wed Apr 01 15:21:57 +0000 2026,0,Kata gw elu yang stop kerja dari pemerintahan ya bahlul perekonomian di Indonesia bisa gerak ya salah satunya karena indomart &amp; alfamart ada mrk gak ngerugiin negara samsek krn brg jualnya gak ada yg expired dan berulet macem MBG,2039362638417961402,,,in,,0,0,0,https://x.com/undefined/status/2039362638417961402,3076851043,
2039361562386051513,Wed Apr 01 15:17:42 +0000 2026,3,Dalam prosesi ini Gubernur Perry menyampaikan bahwa peresmian ini menjadi langkah penting dalam mewujudkan visi bersama Indonesia dan Korea Selatan untuk membangun sistem pembayaran yang terintegrasi efisien dan inklusif sebagai fondasi konektivitas ekonomi digital kedua,2039361568656568515,,bank_indonesia,in,,0,0,0,https://x.com/undefined/status/2039361568656568515,153667051,
2039353555954614548,Wed Apr 01 14:45:51 +0000 2026,1,Gelombang Work From Home (WFH) kembali melanda dunia namun kali ini dipicu krisis energi global akibat konflik di Timur Tengah yang mendorong harga minyak mentus USD 100 per barel. Sejumlah negara mulai mengurangi mobilitas pekerja untuk menghemat energi. Di Indonesia https://t.co/QWTjj7EsCx,2039353555954614548,https://pbs.twimg.com/media/HE09PqmawAAIqzL.jpg,,in,,0,0,0,https://x.com/undefined/status/2039353555954614548,502140136,
2039351990686507039,Wed Apr 01 14:39:38 +0000 2026,0,Ngarijan Salim Pemilik PT Al Ichwan Garment Factory mengujikan konstitusionalitas Pasal 603 dan Pasal 604 Undang-Undang Nomor 1 Tahun 2023 tentang Kitab Undang-Undang Hukum Pidana (KUHP) terhadap Undang-Undang Dasar Negara Republik Indonesia (UUD NRI) Tahun 1945 ke Mahkamah https://t.co/HwIX2kQ1Tt,2039351990686507039,https://pbs.twimg.com/amplify_video_thumb/2039349112492232704/img/60Kauk8aTuYeWt5m.jpg,,in,,0,0,0,https://x.com/undefined/status/2039351990686507039,517105241,
2039349642442526963,Wed Apr 01 14:30:18 +0000 2026,6, Yang perlu ditekankan bahwa di tengah dinamika global yang penuh tantangan Indonesia berfokus pada penguatan gerakan peningkatan produktivitas..... Menko Perekonomian Airlangga Hartarto #partaigolkar #bahlillahadalia #golkar2029 #61TahunGolkar https://t.co/Ip1DgOAHiv https://t.co/Sqy4CaoBP0,2039349642442526963,https://pbs.twimg.com/media/HE05r37aYAEfElC.jpg,,in,,0,0,6,https://x.com/undefined/status/2039349642442526963,1920727676853391360,
2039348037219414358,Wed Apr 01 14:23:55 +0000 2026,3,Saya adalah orang yang sangat percaya bahwa kemajuan suatu negara adalah berbanding terbalik dengan tingkat korupsi. Semakin korupsi bisa ditekan semakin besar potensi yang bisa didapat dan semakin baik perekonomian negara. 1 tahun lalu banyak berita terkait dengan investment,2039348037219414358,,,in,,0,1,2,https://x.com/undefined/status/2039348037219414358,78260254,
2039342725552599544,Wed Apr 01 14:02:49 +0000 2026,6,Berdasarkan data @bps_statistics neraca perdagangan Indonesia pada Februari 2026 mencatat surplus sebesar 1 27 miliar dolar AS meningkat dibandingkan surplus pada Januari 2026 sebesar 0 95 miliar dolar AS. - Surplus yang berlanjut ini terutama bersumber dari surplus neraca https://t.co/yTVOuhO0EG,2039342725552599544,https://pbs.twimg.com/media/HE0zIsUbMAAp5Nk.jpg,,in,,0,0,2,https://x.com/undefined/status/2039342725552599544,153667051,
2039340776854081717,Wed Apr 01 13:55:04 +0000 2026,0,Mendukung kebijakan impor mobil pickup untuk koperasi Merah Putih! Bantu rakyat maju dan perekonomian kita tumbuh! Yuk bareng kita majukan Indonesia!,2039340776854081717,,,in,,0,1,0,https://x.com/undefined/status/2039340776854081717,3393163092,
2039339711098212493,Wed Apr 01 13:50:50 +0000 2026,0,saking sulitnya perekonomian di indonesia sampe public space yg seharusnya nenangin malah bikin pusing karena kebanyakan diisi sama penjual dan berujung banyak sampah ,2039339711098212493,,,in,,0,0,0,https://x.com/undefined/status/2039339711098212493,1604851375845752832,
2039331752565707088,Wed Apr 01 13:19:13 +0000 2026,0,sumpah randomnya bener-bener nyamain bapak-bapak RT001 lagi ngeronda mulai dari jokes makin malem yang dibahas tentang perekonomian indonesia dan perdebatan tentang bulat atau datarnya bumi serta apakah Adam dan Hawa turun ke bumi saat dinosaurus masih hidup. https://t.co/MLOHuA79Vi,2039331752565707088,https://pbs.twimg.com/media/HE0pa3RaoAA0XJg.jpg,,in,,0,0,4,https://x.com/undefined/status/2039331752565707088,735459596190486528,
2039311816816570399,Wed Apr 01 12:00:00 +0000 2026,0,Danantara bersama Qatar Investment Authority (QIA) resmi mengumumkan investasi strategis di Labuan Bajo Nusa Tenggara Timur untuk mengembangkan destinasi pariwisata super prioritas sekaligus memperkuat daya tarik Indonesia di kancah global. Investasi tersebut akan difokuskan https://t.co/XtB6GGeDIS,2039311816816570399,https://pbs.twimg.com/media/HEzVIJsbQAAPKZU.jpg,,in,,0,0,0,https://x.com/undefined/status/2039311816816570399,4755284968,
2039302609455202556,Wed Apr 01 11:23:25 +0000 2026,1,Yah masih kecil lah pak dibanding dwngan mbg.. tapi berdampak besar bagi perekonomian Indonesia,2039302609455202556,,,in,,0,0,0,https://x.com/undefined/status/2039302609455202556,1658287789648277505,
2039286350848172163,Wed Apr 01 10:18:48 +0000 2026,0,Dukung koperasi Merah Putih dengan impor mobil pickup! Bantu rakyat dan perekonomian semangat kolaborasi untuk Indonesia maju! 🇮🇩 https://t.co/dzI5CCjgsX,2039286350848172163,https://pbs.twimg.com/media/HE0AH2EbYAAfMD9.jpg,,in,,0,0,0,https://x.com/undefined/status/2039286350848172163,1330544209611337729,
2039285787318260127,Wed Apr 01 10:16:38 +0000 2026,0,Lebih lanjut Prabowo mengajak Jepang berpartisipasi dalam membangun perekonomian Indonesia dengan kerja sama di sejumlah sektor. Di antaranya membangun kemitraan di bidang mineral kritis dan logam tanah jarang.,2039285802405081189,,MajuBerger61663,in,,0,1,0,https://x.com/undefined/status/2039285802405081189,2037357988164358144,
2039280123367829873,Wed Apr 01 10:03:49 +0000 2026,0,# selamat hari april f00lz bagi yang merayakan dan bagi wni dan juga teruntuk ((any) sistem (bukan struktur)) perekonomian indonesia dan pula terkhususnya personalities setiap WNIs,2039282580416295106,,xmasiar,in,,0,0,0,https://x.com/undefined/status/2039282580416295106,1235879313422970881,
2039281905502478763,Wed Apr 01 10:01:08 +0000 2026,0,Mari bersiap menjadi bagian dari pendataan ekonomi di seluruh Indonesia . Pastikan usaha Anda tercatat untuk membantu pemerintah merumuskan kebijakan yang efektif dan berdampak bagi kemajuan perekonomian bangsa. #SadarStatistik #SE2026 #SensusEkonomi https://t.co/9tNUZKbJVY,2039281905502478763,https://pbs.twimg.com/media/HEz8FM5bwAAEwfh.jpg,,in,,0,0,0,https://x.com/undefined/status/2039281905502478763,909333098692616192,
2039279208464281988,Wed Apr 01 09:50:25 +0000 2026,28,Pemerintah Indonesia menetapkan 8 kebijakan hemat energi sebagai respons terhadap dinamika global termasuk perang Iran-Israel. Sebanyak 8 kebijakan tersebut merupakan arahan Presiden Prabowo Subianto. Menteri Koordinator Bidang Perekonomian Airlangga Hartarto menyebut kebijakan https://t.co/Fa4Oh1vYgJ,2039279208464281988,https://pbs.twimg.com/media/HEz5kl4bYAAsNzO.jpg,,in,,0,4,13,https://x.com/undefined/status/2039279208464281988,759692754985242625,
2039274999245320400,Wed Apr 01 09:33:42 +0000 2026,1,Danantara adalah kekuatan yang akan menunjang perekonomian Indonesia di masa depan #Danantara #DanantaraIndonesia #EkonomiIndonesia https://t.co/e3t2u81snJ,2039274999245320400,https://pbs.twimg.com/media/HEz1zh6akAAvT45.jpg,,in,,0,0,0,https://x.com/undefined/status/2039274999245320400,1444511087597023234,
2039274928399372632,Wed Apr 01 09:33:25 +0000 2026,1,Danantara adalah kekuatan yang akan menunjang perekonomian Indonesia di masa depan #Danantara #DanantaraIndonesia #EkonomiIndonesia https://t.co/NDrjil4YNX,2039274928399372632,https://pbs.twimg.com/media/HEz1vVbaIAAI1jk.jpg,,in,,0,0,0,https://x.com/undefined/status/2039274928399372632,1444511087597023234,
2039274886766764040,Wed Apr 01 09:33:15 +0000 2026,1,Danantara adalah kekuatan yang akan menunjang perekonomian Indonesia di masa depan #Danantara #DanantaraIndonesia #EkonomiIndonesia https://t.co/V2BOVrdXpU,2039274886766764040,https://pbs.twimg.com/media/HEz1s0hboAAIfHi.jpg,,in,,0,0,0,https://x.com/undefined/status/2039274886766764040,1444511087597023234,
2039274603135299983,Wed Apr 01 09:32:07 +0000 2026,1,Danantara adalah kekuatan yang akan menunjang perekonomian Indonesia di masa depan #Danantara #DanantaraIndonesia #EkonomiIndonesia https://t.co/cMBsBJcUnE,2039274603135299983,https://pbs.twimg.com/media/HEz1cbeaUAAMwLO.jpg,,in,,0,0,0,https://x.com/undefined/status/2039274603135299983,1444511087597023234,
2039272088117387649,Wed Apr 01 09:22:10 +0000 2026,0,Terlihat Prabowo membawa delegasi Indonesia yakni Menko Perekonomian Airlangga Hartarto Menteri Luar Negeri (Menlu) Sugiono dan Sekretaris Kabinet (Seskab) Teddy Indra Wijaya.,2039272097235825036,,Bergerakkru,in,,0,1,0,https://x.com/undefined/status/2039272097235825036,2039177124226150400,
2039263829356654934,Wed Apr 01 08:49:19 +0000 2026,0,Mari bersiap menjadi bagian dari pendataan ekonomi di seluruh Indonesia . Pastikan usaha Anda tercatat untuk membantu pemerintah merumuskan kebijakan yang efektif dan berdampak bagi kemajuan perekonomian bangsa. #SadarStatistik #SE2026 #SensusEkonomi,2039263832259104918,,bps_statistics,in,,0,0,1,https://x.com/undefined/status/2039263832259104918,3021760068,
2039242207849496910,Wed Apr 01 07:23:27 +0000 2026,0,Lebih lanjut Prabowo mengajak Jepang berpartisipasi dalam membangun perekonomian Indonesia dengan kerja sama di sejumlah sektor. Di antaranya membangun kemitraan di bidang mineral kritis dan logam tanah jarang.,2039242222420492618,,Bergerakkru,in,,0,1,0,https://x.com/undefined/status/2039242222420492618,2039177124226150400,
2039231610567176311,Wed Apr 01 06:41:17 +0000 2026,1,Di tengah lonjakan harga minyak dunia pemerintah Indonesia menerapkan serangkaian kebijakan strategis mulai 1 April 2026. Termasuk penerapan skema kerja dari rumah atau work from home satu hari dalam sepekan bagi aparatur sipil negara (ASN). Meski demikian Pemerintah https://t.co/U2ucpFBcsS,2039231610567176311,https://pbs.twimg.com/media/HEzOS2gaEAAvXq7.jpg,,in,,0,0,0,https://x.com/undefined/status/2039231610567176311,124171593,
2039210436592378129,Wed Apr 01 05:17:12 +0000 2026,0,Lebih lanjut Prabowo mengajak Jepang berpartisipasi dalam membangun perekonomian Indonesia dengan kerja sama di sejumlah sektor. Di antaranya membangun kemitraan di bidang mineral kritis dan logam tanah jarang.,2039210450764894280,,golbachgoals,in,,0,1,0,https://x.com/undefined/status/2039210450764894280,909824927695589376,
2038571389570163050,Wed Apr 01 04:49:03 +0000 2026,0,@profesor_saham Jangan menyebarkan narasi provokatif yang hanya buat gaduh.. Percayalah pemerintah kerja nyata dalam menjaga stabilitas perekonomian Indonesia,2039203365851365543,,profesor_saham,in,,0,0,0,https://x.com/undefined/status/2039203365851365543,2009515815591399424,
2039185683185819730,Wed Apr 01 04:39:25 +0000 2026,8,@LambeSahamjja Tapi kenaikan BBM ini tidak hanya di ruang lingkup BBM saja karena bisa memberikan efek menjalar ke segala penjuru perekonomian seluruh masyarakat Indonesia kecuali Prabowo yang sering keluar negeri dan Gibran malah asik liburan.. BBM naik berarti semua barang bisa harga naik.,2039200940428009659,,LambeSahamjja,in,,0,0,0,https://x.com/undefined/status/2039200940428009659,520345795,
2039198394699427948,Wed Apr 01 04:29:18 +0000 2026,0,Bersama mendukung Danantara untuk perekonomian Indonesia yang tumbuh lebih kuat dan berkelanjutan. Saatnya bergerak untuk masa depan bangsa! #Danantara #ManfaatDanantara #DukungDanantara #DanantaraIndonesia https://t.co/mJEBNTYG3l,2039198394699427948,https://pbs.twimg.com/amplify_video_thumb/2039198364965974016/img/z1jPPgDJ4eFdPsIK.jpg,,in,,0,0,0,https://x.com/undefined/status/2039198394699427948,1595691277932433408,
2039178778367377872,Wed Apr 01 03:11:21 +0000 2026,1,Pemerintah Indonesia menegaskan komitmennya untuk menjaga stabilitas ekonomi nasional di tengah tekanan dinamika global yang terus berkembang. Melalui konferensi pers secara hibrida pada Selasa (31/3) pemerintah mengumumkan serangkaian kebijakan strategis sebagai langkah https://t.co/92deYwxjkf,2039178778367377872,https://pbs.twimg.com/media/HEyeKO9b0AAp3oO.jpg,,in,,0,2,0,https://x.com/undefined/status/2039178778367377872,57261519,
2039169468887343361,Wed Apr 01 02:34:21 +0000 2026,1,Danantara dan Indonesia Investment Authority (INA) berpotensi menjadi katalisator bagi masuknya investasi asing ke Indonesia. Kedua lembaga Sovereign Wealth Fund (SWF) itu diyakini mampu memberikan rasa aman bagi investor global di tengah dinamika perekonomian dunia. https://t.co/LAXSAe0tOs,2039169468887343361,https://pbs.twimg.com/media/HEyV0qja4AATZvw.jpg,,in,,0,0,0,https://x.com/undefined/status/2039169468887343361,1215139065047085057,
2039169447848738826,Wed Apr 01 02:34:16 +0000 2026,1,Danantara dan Indonesia Investment Authority (INA) berpotensi menjadi katalisator bagi masuknya investasi asing ke Indonesia. Kedua lembaga Sovereign Wealth Fund (SWF) itu diyakini mampu memberikan rasa aman bagi investor global di tengah dinamika perekonomian dunia. https://t.co/I875B8tmIB,2039169447848738826,https://pbs.twimg.com/media/HEyVzYebwAAWQBU.jpg,,in,,0,0,0,https://x.com/undefined/status/2039169447848738826,1215139065047085057,
2039169428936675809,Wed Apr 01 02:34:12 +0000 2026,1,Danantara dan Indonesia Investment Authority (INA) berpotensi menjadi katalisator bagi masuknya investasi asing ke Indonesia. Kedua lembaga Sovereign Wealth Fund (SWF) itu diyakini mampu memberikan rasa aman bagi investor global di tengah dinamika perekonomian dunia. https://t.co/N1dgYwmdld,2039169428936675809,https://pbs.twimg.com/media/HEyVyUgbIAABkNs.jpg,,in,,0,0,0,https://x.com/undefined/status/2039169428936675809,1215139065047085057,
2039169412650209642,Wed Apr 01 02:34:08 +0000 2026,1,Danantara dan Indonesia Investment Authority (INA) berpotensi menjadi katalisator bagi masuknya investasi asing ke Indonesia. Kedua lembaga Sovereign Wealth Fund (SWF) itu diyakini mampu memberikan rasa aman bagi investor global di tengah dinamika perekonomian dunia. https://t.co/Q1cwNdPa9O,2039169412650209642,https://pbs.twimg.com/media/HEyVxZYa0AAYUsW.jpg,,in,,0,0,0,https://x.com/undefined/status/2039169412650209642,1215139065047085057,
2039157480199209433,Wed Apr 01 01:46:43 +0000 2026,1,Pemerintah Indonesia resmi meluncurkan strategi Jumat Digital sebagai langkah revolusioner menghadapi dinamika global. Menko Perekonomian Airlangga Hartarto dalam konferensi pers virtual pada Selasa (31/3/2026) mengungkapkan bahwa kebijakan bekerja dari rumah (Work From https://t.co/kNcYam99QM,2039157480199209433,https://pbs.twimg.com/media/HEyK6kkbIAALKg8.jpg,,in,,0,0,0,https://x.com/undefined/status/2039157480199209433,502140136,
2039156480302313960,Wed Apr 01 01:42:45 +0000 2026,0,Perekonomian Indonesia menunjukkan resiliensi yang kuat melalui penguatan sektor domestik stabilitas fiskal dan kebijakan adaptif di tengah dinamika global. #EkonomiResilien #IndonesiaEmas #IndonesiaMaju https://t.co/5PzuZbYvL7,2039156480302313960,https://pbs.twimg.com/media/HEyKAckbsAAhDZM.jpg,,in,,0,0,0,https://x.com/undefined/status/2039156480302313960,1753213457003114496,
2039156452632547432,Wed Apr 01 01:42:38 +0000 2026,0,Perekonomian Indonesia menunjukkan resiliensi yang kuat melalui penguatan sektor domestik stabilitas fiskal dan kebijakan adaptif di tengah dinamika global. #EkonomiResilien #IndonesiaEmas #IndonesiaMaju https://t.co/e5NiDittJX,2039156452632547432,https://pbs.twimg.com/media/HEyJ-2Va4AAvIp3.jpg,,in,,0,0,0,https://x.com/undefined/status/2039156452632547432,1753213457003114496,
2039131400222495162,Wed Apr 01 00:03:05 +0000 2026,0,Perekonomian di Indonesia sedang baik baik saja,2039131400222495162,,,in,,0,1,0,https://x.com/undefined/status/2039131400222495162,2038644302914441216,
2038955761372643516,Tue Mar 31 15:35:01 +0000 2026,94,@ILAYRIEGR0W Yg beli juga susah penghasilan segitu2 aja yg jual juga bingung harga engga naik engga ada untung di naikin pelanggan pada kabur cuma bisa berdoa semoga perang segera berakhir perekonomian khususnya Indonesia baik2 aja,2039003538827997298,,ILAYRIEGR0W,in,,0,1,9,https://x.com/undefined/status/2039003538827997298,1730525997668409344,
2038991554799624389,Tue Mar 31 15:20:51 +0000 2026,0,@ArisdonoIn68858 @Hilmi28 Hati hati tanah tanah Indonesia tahu tahu menjadi daerah pendudukan Israel... mereka jago menguasai perekonomian perbankan dan investasi... seperti mereka menguasai US,2038999974508417460,,ArisdonoIn68858,in,,0,0,0,https://x.com/undefined/status/2038999974508417460,1496481253440503808,
2038997933954343030,Tue Mar 31 15:12:44 +0000 2026,2,Pemerintah Indonesia siap mengukir sejarah baru dalam kemandirian energi nasional. Menko Perekonomian Airlangga Hartarto dalam konferensi pers pada Selasa (31/3/2026) mengumumkan bahwa implementasi kebijakan B50 akan resmi berlaku mulai 1 Juli 2026. Langkah berani ini diambil https://t.co/CLxMCraWJ9,2038997933954343030,https://pbs.twimg.com/media/HEv5zGsaQAAeBtQ.jpg,,in,,0,2,0,https://x.com/undefined/status/2038997933954343030,502140136,
2038990279156658321,Tue Mar 31 14:42:19 +0000 2026,1,Pemerintah Indonesia resmi meluncurkan strategi Jumat Digital sebagai langkah revolusioner menghadapi dinamika global. Menko Perekonomian Airlangga Hartarto dalam konferensi pers virtual pada Selasa (31/3/2026) mengungkapkan bahwa kebijakan bekerja dari rumah (Work From https://t.co/rIySsd0x7x,2038990279156658321,https://pbs.twimg.com/media/HEvykbEaoAAGusa.jpg,,in,,0,0,1,https://x.com/undefined/status/2038990279156658321,502140136,
2038982820568433139,Tue Mar 31 14:12:41 +0000 2026,2,Industri Sawit Jadi Penopang Ekonomi INDEF: Kontribusi Capai 6 47 Persen dan Serap 18 Juta Tenaga Kerja Jakarta Industri kelapa sawit kembali ditegaskan sebagai salah satu sektor paling strategis dalam menopang perekonomian nasional. Ekonom Senior Institute for Development of https://t.co/IwLx7zsyEX,2038982820568433139,https://pbs.twimg.com/media/HEvsEMsbcAARWPS.jpg,,in,,0,1,1,https://x.com/undefined/status/2038982820568433139,121640063,
2038841151374172396,Tue Mar 31 14:06:28 +0000 2026,0,@insidefolkative Orang ini Sok-sokan negara agamis tapi ngebom negara orang biar perekonomian Indonesia saat itu hancur dan kita jadi pekerja kasar lalu disiksa di negara mereka. Kata orang asing nih negara gak rekomen banget banyak umat Islam konservatif dan rasis antar ras. https://t.co/FGoYBB7QfO,2038981255916851640,https://pbs.twimg.com/media/HEvqpZwaUAELnvb.jpg,insidefolkative,in,,0,2,0,https://x.com/undefined/status/2038981255916851640,1615981226732711936,
2038980310223008126,Tue Mar 31 14:02:43 +0000 2026,4,Pemerintah Indonesia resmi menerapkan kebijakan Work From Home (WFH) bagi Aparatur Sipil Negara (ASN) selama satu hari setiap Jumat mulai berlaku 1 April 2026. Kebijakan ini diumumkan oleh Menteri Koordinator Bidang Perekonomian Airlangga Hartarto dalam konferensi pers virtual,2038980310223008126,,,in,,0,0,0,https://x.com/undefined/status/2038980310223008126,1981555039820001280,
2038979923583599015,Tue Mar 31 14:01:10 +0000 2026,2,Prabowo Subianto Tiba di Korea Selatan Lanjutkan Diplomasi Asia Timur Seoul Presiden Republik Indonesia Prabowo Subianto tiba di Seoul Air Base (Seongnam Airbase) pada pukul 19.15 waktu setempat atau pukul 17.15 WIB dalam rangka melanjutkan kunjungan resmi kenegaraan ke https://t.co/X2G4emyQZb,2038979923583599015,https://pbs.twimg.com/media/HEvpbgzaAAAo6j_.jpg,,in,,0,0,1,https://x.com/undefined/status/2038979923583599015,121640063,
2038974724219490491,Tue Mar 31 13:40:31 +0000 2026,1,𝐇𝐞𝐦𝐚𝐭 𝐄𝐧𝐞𝐫𝐠𝐢 𝐍𝐚𝐬𝐢𝐨𝐧𝐚𝐥 : 𝐀𝐒𝐍 𝐖𝐅𝐇 𝐓𝐢𝐚𝐩 𝐉𝐮𝐦𝐚𝐭 𝐇𝐢𝐧𝐠𝐠𝐚 𝐏𝐞𝐧𝐠𝐠𝐮𝐧𝐚𝐚𝐧 𝐊𝐞𝐧𝐝𝐚𝐫𝐚𝐚𝐧 𝐃𝐢𝐧𝐚𝐬 𝐃𝐢𝐩𝐚𝐧𝐠𝐤𝐚𝐬 𝟓𝟎 𝐏𝐞𝐫𝐬𝐞𝐧 Pemerintah Indonesia resmi mengambil langkah berani dalam menghadapi dinamika global melalui https://t.co/ztwEIidrcr,2038974724219490491,https://pbs.twimg.com/amplify_video_thumb/2038974153030778880/img/qZqPH_ocj4G_pNld.jpg,,in,,0,0,0,https://x.com/undefined/status/2038974724219490491,502140136,
2038972207477690553,Tue Mar 31 13:30:31 +0000 2026,0,sudah lama sekali tidak mendengar kalimat AD/ART dan SOKO GURU PEREKONOMIAN INDONESIA ,2038972207477690553,,,in,,0,1,0,https://x.com/undefined/status/2038972207477690553,1538139820727635968,
2038901486902747399,Tue Mar 31 08:51:10 +0000 2026,0,gelap banget kek perekonomian indonesia kalo masuk koridor gitu zombienya kagak nampak kadang,2038901907604087014,,hypermatrxx,in,,0,0,0,https://x.com/undefined/status/2038901907604087014,1325701215603228676,
2038890875825295734,Tue Mar 31 08:07:20 +0000 2026,0,Efek Domino Penetapan Status Proyek Strategis Nasional (PSN): Mengurai Dampak Luasnya bagi Perekonomian Indonesia https://t.co/NTdBzPBM6d,2038890875825295734,,,in,,0,0,0,https://x.com/undefined/status/2038890875825295734,1775348285214986240,
2038888446354403770,Tue Mar 31 07:57:40 +0000 2026,340,Gimana perekonomian Indonesia bisa lebih baik jika duit yang seharusnya diputar dan dinikmati rakyat malah dirampok secara tidak langsung oleh para penjahat keuangan? Zeran b4ngs4t bener mereka. https://t.co/HfXpVoBnEZ,2038888446354403770,https://pbs.twimg.com/ext_tw_video_thumb/2038888174043455488/pu/img/-WQz8OzDl_IKLIB3.jpg,,in,,6,28,200,https://x.com/undefined/status/2038888446354403770,1185093850534039552,
2038869660087783895,Tue Mar 31 06:43:04 +0000 2026,0,Terlihat Prabowo membawa delegasi Indonesia yakni Menko Perekonomian Airlangga Hartarto Menteri Luar Negeri (Menlu) Sugiono dan Sekretaris Kabinet (Seskab) Teddy Indra Wijaya.,2038869669822771334,,MajuBerger61663,in,,0,1,0,https://x.com/undefined/status/2038869669822771334,2037357988164358144,
2038853006561792118,Tue Mar 31 05:36:51 +0000 2026,1,Danantara adalah kekuatan yang akan menunjang perekonomian Indonesia di masa depan #Danantara #DanantaraIndonesia #EkonomiIndonesia https://t.co/Ht8QZyXbqE,2038853006561792118,https://pbs.twimg.com/media/HEt2AMzaEAAOTBD.jpg,,in,,0,0,0,https://x.com/undefined/status/2038853006561792118,1521326202514206721,
2038852911816741198,Tue Mar 31 05:36:28 +0000 2026,1,Danantara adalah kekuatan yang akan menunjang perekonomian Indonesia di masa depan #Danantara #DanantaraIndonesia #EkonomiIndonesia https://t.co/dN3ehGXOwK,2038852911816741198,https://pbs.twimg.com/media/HEt16yEbwAAhEcB.jpg,,in,,0,0,0,https://x.com/undefined/status/2038852911816741198,1521326202514206721,
2038852873229119923,Tue Mar 31 05:36:19 +0000 2026,1,Danantara adalah kekuatan yang akan menunjang perekonomian Indonesia di masa depan #Danantara #DanantaraIndonesia #EkonomiIndonesia https://t.co/DRui1Ci19H,2038852873229119923,https://pbs.twimg.com/media/HEt14d-a8AAqJHB.jpg,,in,,0,0,0,https://x.com/undefined/status/2038852873229119923,1521326202514206721,
2038852845169225864,Tue Mar 31 05:36:12 +0000 2026,1,Danantara adalah kekuatan yang akan menunjang perekonomian Indonesia di masa depan #Danantara #DanantaraIndonesia #EkonomiIndonesia https://t.co/u7vlVU3Mqg,2038852845169225864,https://pbs.twimg.com/media/HEt120nakAACZ5W.jpg,,in,,0,0,0,https://x.com/undefined/status/2038852845169225864,1521326202514206721,
2038846914456863131,Tue Mar 31 05:12:39 +0000 2026,1,Presiden Prabowo Subianto menandatangani kerja sama ekonomi senilai 22 miliar dolar Amerika Serikat atau sekitar 370 triliun rupiah dengan Jepang dalam kunjungan resminya ke Tokyo pekan ini. Kesepakatan tersebut diteken dalam forum ekonomi Indonesia-Jepang dan disebut menjadi https://t.co/cdiMAZj7GA,2038846914456863131,https://pbs.twimg.com/media/HEtwcryboAAJyNk.jpg,,in,,0,0,1,https://x.com/undefined/status/2038846914456863131,121640063,
2038838289055310217,Tue Mar 31 04:38:22 +0000 2026,0,Harga minyak global yang terus merangkak naik menjadi tantangan besar bagi perekonomian Indonesia. https://t.co/znzNg7GZUL,2038838289055310217,,,in,,0,0,0,https://x.com/undefined/status/2038838289055310217,1843153080751366144,
2047888517821608004,Sat Apr 25 04:48:56 +0000 2026,0,@bennysiauw89 bener intinya perataan dari pusatnya mau ga mereka tuh maksimalin sumber daya pendidikan. siswa dengan kondisi apapun apalagi yg basic pun kalo sarana dan insentif pengajarnya bagus juga bakal dapet pendidikan yg bagus. kan yg sdm gelap mah yang di atasnya kan?,2047900642652590294,,bennysiauw89,in,,0,0,0,https://x.com/undefined/status/2047900642652590294,1962475191201857536,
2047900513212235843,Sat Apr 25 04:48:25 +0000 2026,2,Kebahagiaan dirasakan Sarjo (50) seorang pemulung di Boyolali setelah anaknya yang sempat putus sekolah kini bisa kembali melanjutkan pendidikan melalui program Sekolah Rakyat Terintegrasi 78 Sragen Jawa Tengah. Keterbatasan ekonomi yang dihadapi bahkan membuat salah satu https://t.co/HaR8AL4vPg,2047900513212235843,https://pbs.twimg.com/ext_tw_video_thumb/2047900289345490944/pu/img/fwjHR7vTAqiWbgDh.jpg,,in,,0,0,1,https://x.com/undefined/status/2047900513212235843,4184979312,
2047900445033861179,Sat Apr 25 04:48:08 +0000 2026,0,beneran pendidikan yg selalu dikorbanin???,2047900445033861179,,,in,,0,0,0,https://x.com/undefined/status/2047900445033861179,1437800593913880576,
2047899951943049410,Sat Apr 25 04:47:33 +0000 2026,1,@Bravo__RR Pendidikan oh pendidikan,2047900296190611644,,Bravo__RR,in,,0,0,0,https://x.com/undefined/status/2047900296190611644,4184979312,
2047796737029615795,Sat Apr 25 04:46:31 +0000 2026,0,@neVerAl0nely___ Bobroknya karakter dan moral bangsa dari Rumah Tangga Dunia Pendidikan (Sekolah) Lingkungan Sosial Masyarakat hingga Dunia Pekerjaan K/L Pemerintahan sudah lengkap tergambarkan.,2047900038291132703,,neVerAl0nely___,in,,0,0,0,https://x.com/undefined/status/2047900038291132703,1205454368914362368,
2047899834599035293,Sat Apr 25 04:45:43 +0000 2026,0,Sahabat Humas dukung kemajuan pendidikan! Aipda Nanang Eka wakili Polsek Serang Baru hadiri musyawarah rencana pembangunan 8 ruang kelas baru SMPN 03 Serang Baru Perum KSB Blok F Ds. Sirnajaya Jumat 24/04/2026 pukul 09.00 WIB. https://t.co/hdlhCB38Wd,2047899834599035293,https://pbs.twimg.com/media/HGuaC9KasAAJU0Y.jpg,,in,,0,0,0,https://x.com/undefined/status/2047899834599035293,1933502480014585862,
2047899804345524226,Sat Apr 25 04:45:36 +0000 2026,0,kan pendidikan gak penting️️️,2047899804345524226,,,in,,0,0,0,https://x.com/undefined/status/2047899804345524226,1044197906008334338,
2047899782979727481,Sat Apr 25 04:45:31 +0000 2026,0,Bentar mau julid .. ternyata pendidikan tinggi dan pekerjaan di ranah kementrian gak bisa luput dari mitos jadul ngurus anak anjrit aku SYOK temenku ada yg masih ngobatin anaknya bapil pake irisan BAWANG MERAH?? ,2047899782979727481,,,in,,0,1,0,https://x.com/undefined/status/2047899782979727481,1591014223,
2047899634400714847,Sat Apr 25 04:44:55 +0000 2026,0,Emang pendidikan jadi prioritas utama pemerintah??,2047899634400714847,,,in,,0,0,0,https://x.com/undefined/status/2047899634400714847,983377490788859904,
2047859103255711781,Sat Apr 25 04:43:53 +0000 2026,0,@irajenar Nggak usah kaget di negara kita menteri pendidikan aja korup wkw,2047899371778572402,,irajenar,in,,0,1,0,https://x.com/undefined/status/2047899371778572402,1333971906588905473,
2047631986056106119,Sat Apr 25 04:43:10 +0000 2026,0,@MuhammadTuhasan inilah pentingnya sekolah bisa belajar moral dan etika selain punya ilmu pengetahuan moral dan etika bukan cuma anak kepada orang tua/mertua tapi sebaliknya sekarang fahamkan banyak orang lebih memilih pendidikan dari pada makan,2047899193424183416,,MuhammadTuhasan,in,,0,0,0,https://x.com/undefined/status/2047899193424183416,1981369667068555264,
2047899109756145955,Sat Apr 25 04:42:50 +0000 2026,0,Pembangunan Papua terus dipercepat melalui peningkatan infrastruktur pendidikan dan layanan kesehatan demi mewujudkan kesejahteraan yang merata dan masa depan yang lebih baik bagi masyarakat. #PapuaMaju #BangunPapua #IndonesiaMaju #SejahteraBersama https://t.co/OFyzdcx5qH,2047899109756145955,https://pbs.twimg.com/media/HGuZYcxaQAA0sD1.jpg,,in,,0,0,0,https://x.com/undefined/status/2047899109756145955,2002540305590202368,
2047873252178133325,Sat Apr 25 04:41:12 +0000 2026,0,@hopeinpuppy R.I.P dunia pendidikan... Kembalikan metode dedi mulyadi? Pondokan di barak militer,2047898699901333522,,hopeinpuppy,in,,0,0,0,https://x.com/undefined/status/2047898699901333522,809339904979136512,
2046954480672092230,Sat Apr 25 04:40:49 +0000 2026,0,@jangkentot @bachrum_achmadi Pendidikan nya jelas.?? Emang nya Kumu udah lihat semua ijazah nya..mana bukti semua yang kau katakan..kalau cuma ngomong aja mah..bocah baru lahir pun bisa ngomong.. ,2047898602832609337,,jangkentot,in,,0,0,0,https://x.com/undefined/status/2047898602832609337,1946407774080118785,
2047898452663603410,Sat Apr 25 04:40:13 +0000 2026,0,Kasus penyimpangan dalam seleksi pendidikan menjadi pelajaran penting: jangan hanya fokus pada hasil ujian tapi mulai serius menelusuri bakat anak sejak dini. Banyak persoalan muncul karena anak dipaksa masuk jurusan tertentu yang belum tentu sesuai potensinya. Pemetaan bakat https://t.co/6PrknvRNtZ,2047898452663603410,https://pbs.twimg.com/ext_tw_video_thumb/2047898227442073601/pu/img/S57X6-GmyHn6nhuk.jpg,,in,,0,0,0,https://x.com/undefined/status/2047898452663603410,502140136,
2047898420820779328,Sat Apr 25 04:40:06 +0000 2026,0,Kan pendidikan itu gak penting,2047898420820779328,,,in,,0,0,0,https://x.com/undefined/status/2047898420820779328,791040046564569088,
2047796737029615795,Sat Apr 25 04:39:40 +0000 2026,0,@neVerAl0nely___ Butuhnya pendidikan atitut bukan Kenyang Doang karena MBG,2047898311726940262,,neVerAl0nely___,in,,0,0,0,https://x.com/undefined/status/2047898311726940262,2450009016,
2047898138355376449,Sat Apr 25 04:38:58 +0000 2026,4,Beginilah jika MBG lebih penting dari Pendidikan https://t.co/DITMRIAM6o,2047898138355376449,https://pbs.twimg.com/amplify_video_thumb/2047897762558291968/img/3Wo5g3hpGhmubmJK.jpg,,in,,0,0,4,https://x.com/undefined/status/2047898138355376449,1159475566069731331,
2047897981375099296,Sat Apr 25 04:38:21 +0000 2026,0,Menempuh pendidikan S2 di Korea adalah salah satu my dream. Bimillah tahun 2027 bisa terwujud,2047897981375099296,,,in,,0,0,0,https://x.com/undefined/status/2047897981375099296,1714309566153007104,
2047796737029615795,Sat Apr 25 04:37:08 +0000 2026,0,@neVerAl0nely___ Ada baiknya pendidikan balik lagi kaya rezim dulu banyaknya guru killer kalau nakal dikit dilempar penghapus papan tulis dan dipukul pake rotan. Somehow it works menurutku wkwkwkwkkw,2047897674406637906,,neVerAl0nely___,in,,0,0,0,https://x.com/undefined/status/2047897674406637906,1374684950717292552,
2047897580592644137,Sat Apr 25 04:36:45 +0000 2026,0,Langkah nyata Pembangunan Papua terlihat dari meningkatnya fasilitas pendidikan kesehatan dan infrastruktur yang menjangkau hingga pelosok daerah. #PembangunanPapua #PapuaCerdas #PapuaSehat #IndonesiaMaju #PapuaKuat https://t.co/Oyq4bqrOP4,2047897580592644137,https://pbs.twimg.com/ext_tw_video_thumb/2047897528981680129/pu/img/Y39M3yJqpJKwN4G2.jpg,,in,,0,0,0,https://x.com/undefined/status/2047897580592644137,2004433182394126336,
2047897565446959418,Sat Apr 25 04:36:42 +0000 2026,0,Duta sekolah rakyat ga pernah ngerasain di sekolah ga layak dan susah nya bayar dana pendidikan malah sibuk keluar negeri dan ngurus MBG ~,2047897565446959418,,,in,,0,0,0,https://x.com/undefined/status/2047897565446959418,132958335,
2047897479463719194,Sat Apr 25 04:36:29 +0000 2026,0,di Aula Dinas Pendidikan Kota Binjai Jln. Gn. Merapi Kel. Binjai Estate Kec. Binjai Selatan Kota Binjai wilkum Polres Binjai. https://t.co/taijize0Qu,2047897510732333535,,Humaspolsekbi11,in,,0,0,0,https://x.com/undefined/status/2047897510732333535,1521675436740452353,
2047467519162884198,Sat Apr 25 04:35:34 +0000 2026,0,@morfeils apa yg diharapkan dari pendidikan&amp; kesehatan yg ga dijadiin prioritas,2047897281559724304,,morfeils,in,,0,0,0,https://x.com/undefined/status/2047897281559724304,1614689417763119104,
2047896877488861273,Sat Apr 25 04:33:58 +0000 2026,1,Daripada MBG yg ngaco itu lebih prioritas menjemput anak² untuk masuk sekolah dan perbaikan semua sarana-prasarana pendidikan serta gaji guru &amp; honorer gak perlu sampai 335 trilyun loh asal integritas jujur dan transparan..,2047896877488861273,,,in,,0,0,1,https://x.com/undefined/status/2047896877488861273,1135195284231688194,
2047816637697413621,Sat Apr 25 04:33:36 +0000 2026,0,@tanyarlfes Aku dlu jg ditinggal pak su ke jogja (gathering bbrp hari) ke sby pendidikan hampir seminggu ya aku nginep ke rumah tante ku yg msh deket sini cuman butuh temen aja. Sdgkn kamu uda ada mertua yg baik juga. Kataku coba naik turun kan pikirannya. Krn yg butuh support gk cuma,2047896787076493366,,tanyarlfes,in,,0,1,0,https://x.com/undefined/status/2047896787076493366,259611703,
2047610672226488599,Sat Apr 25 04:33:01 +0000 2026,0,@BetaKopites Pendidikan adalah kunci Kunci untuk bikin pintar rakyat Kunci untuk bikin rakyat ngerasa pinter ,2047896638556197213,,BetaKopites,in,,0,0,0,https://x.com/undefined/status/2047896638556197213,73058187,
2047896433051959492,Sat Apr 25 04:32:12 +0000 2026,0,Hendi Saputro remaja asal Sragen yang sempat putus sekolah akibat keterbatasan ekonomi keluarga kini kembali melanjutkan pendidikan melalui program Sekolah Rakyat gagasan Presiden @prabowo Subianto. https://t.co/dHQraYQwVu,2047896433051959492,https://pbs.twimg.com/ext_tw_video_thumb/2047896395563282432/pu/img/ymYax8JQcE7u7Yqc.jpg,,in,,0,0,0,https://x.com/undefined/status/2047896433051959492,1604018340388696065,
2047863267461308571,Sat Apr 25 04:31:52 +0000 2026,0,@Heraloebss Kesuksesan pendidikan diindonesia Mantab ,2047896348100624824,,Heraloebss,in,,0,0,0,https://x.com/undefined/status/2047896348100624824,1826940995948470272,
2047796737029615795,Sat Apr 25 04:31:12 +0000 2026,0,@neVerAl0nely___ Sistem pendidikan sekrang kalah jauh dengan era pk harto,2047896181217644899,,neVerAl0nely___,in,,0,0,0,https://x.com/undefined/status/2047896181217644899,1879732388970045440,
2047896063248593112,Sat Apr 25 04:30:44 +0000 2026,0,pendidikan number 1 anak number 1 gk peduli secapek apa pokoknya kerja untuk anak dan masa tua,2047896063248593112,,,in,,0,0,0,https://x.com/undefined/status/2047896063248593112,1291995735886446593,
2047796737029615795,Sat Apr 25 04:30:34 +0000 2026,0,@neVerAl0nely___ Yesssss betull MBG aja yg dikebut soal pendidikan pemerintah butaaa. Salah pemerintahh,2047896022446461061,,neVerAl0nely___,in,,0,0,0,https://x.com/undefined/status/2047896022446461061,851559345556905984,
2047895959590600880,Sat Apr 25 04:30:19 +0000 2026,0,Otoritas AS telah membuka penyelidikan hak-hak sipil terhadap Departemen Pendidikan Kota New York menyusul pengaduan terkait kegiatan pendidikan dan komunitas pro-Palestina di sekolah-sekolah umum. Penyelidikan diluncurkan setelah muncul laporan bahwa sebuah kelompok yang https://t.co/3eiwGDeDbb,2047895959590600880,https://pbs.twimg.com/media/HGuWhN-bkAAUhfc.jpg,,in,,0,0,1,https://x.com/undefined/status/2047895959590600880,57783490,
2047843844956565955,Sat Apr 25 04:30:13 +0000 2026,0,@RakyatBerbisik Di sini kenapa murid suka bully temen karena di lingkungan sekolah tak ada yang perduli yang ada tukang nonton dan tukang rekam dan tukang upload ke media sosial itu wajah pendidikan Indonesia,2047895936266068424,,RakyatBerbisik,in,,0,0,0,https://x.com/undefined/status/2047895936266068424,1406131242077065222,
2047623883461996959,Sat Apr 25 04:29:49 +0000 2026,0,@19BROMAN Pentingnya pendidikan dasar agama dalam keluarga...Setidaknya saat terpuruk agama dan keluarga lah yang jadi sandaran...,2047895835091009908,,19BROMAN,in,,0,0,0,https://x.com/undefined/status/2047895835091009908,291585962,
2047895707655586154,Sat Apr 25 04:29:19 +0000 2026,0,Haiy haiy joki jasa design poster untuk hari buruh hari pendidikan dan lainnya Bisa request sesuai keinginan Template poster start from 10k Design dari 0 poster start from 30k Revisi &amp; link GRATIS ️ https://t.co/iiznEiZNlA #jasadesign https://t.co/Zgs44ylWMs,2047895707655586154,https://pbs.twimg.com/media/HGuWSila4AEpqhy.jpg,,in,,0,0,0,https://x.com/undefined/status/2047895707655586154,1204268701060460545,
2045781928532639843,Sat Apr 25 04:27:08 +0000 2026,0,ㅤㅤ ... pendidikan setinggi mungkin ia masih saja memenuhi setiap harinya dengan kesibukan pelayanan. Ismaya biasanya kalau mau liburan sendirian saja memilih ke mana? Sekarang ia membutuhkan ... ㅤㅤ,2047895159938138320,,raconceus,in,,0,1,0,https://x.com/undefined/status/2047895159938138320,785227569356414976,
2047824650709893258,Sat Apr 25 04:27:04 +0000 2026,0,@SigitWasito8 Ya mau jualan apalagi? Pendidikan nol kerjaan nol yaudah pake cara pemain watak kerjaan lu tinggal nyebokin,2047895142812811583,,SigitWasito8,in,,0,0,0,https://x.com/undefined/status/2047895142812811583,1052612694,
2047894654356783287,Sat Apr 25 04:26:52 +0000 2026,0,@Junkyuow Skripsi pendidikan bahasa inggris di aku bisa banget nih kakk. Yuk wa aja biar fast respon testi udah banyak sampe 5k+ dan open sejak 2022,2047895090920866163,,Junkyuow,in,,0,0,0,https://x.com/undefined/status/2047895090920866163,3300060886,
2047894836381155377,Sat Apr 25 04:25:51 +0000 2026,0,Langkah nyata Pembangunan Papua terlihat dari meningkatnya fasilitas pendidikan kesehatan dan infrastruktur yang menjangkau hingga pelosok daerah. #PembangunanPapua #PapuaCerdas #PapuaSehat #IndonesiaMaju #PapuaKuat,2047894836381155377,,,in,,0,0,0,https://x.com/undefined/status/2047894836381155377,1573146367283056641,
2047894660568301752,Sat Apr 25 04:25:09 +0000 2026,10, Congratulations! Puteri Indonesia : Agnes (Banten) Puteri Indonesia Lingkungan : Vicky (Bali) Puteri Indonesia Pariwisata : Karina (Dki 3) Puteri Indonesia Pendidikan : Gisela (Dki 2) https://t.co/rCHQop5yIY,2047894660568301752,https://pbs.twimg.com/media/HGuVV1uXoAAwK3t.jpg,,in,,0,3,2,https://x.com/undefined/status/2047894660568301752,1331650559518990336,
2047894654356783287,Sat Apr 25 04:25:08 +0000 2026,6,guys mau joki skripsi bab 4 5 dong jurusan pendidikan bahasa inggris #zonauang,2047894654356783287,,,in,,0,24,0,https://x.com/undefined/status/2047894654356783287,1416728728617426945,
2047894549138448889,Sat Apr 25 04:24:43 +0000 2026,0,Jujur senang lihat Papua makin maju pelan-pelan tapi nyata. Kalau akses makin bagus pendidikan dan kesehatan makin kebantu terus potensi lokal juga ikut tumbuh itu tuh bukan cuma soal pembangunan di atas kertas. #Papua #PapuaMaju #PapuaBangkit #PembangunanPapua #TanahPapua https://t.co/KaTrcmdEy5,2047894549138448889,https://pbs.twimg.com/media/HGuVPCEbQAAIRe7.jpg,,in,,0,0,0,https://x.com/undefined/status/2047894549138448889,2029036226209259520,
2047894192794501463,Sat Apr 25 04:23:18 +0000 2026,0,Bagaimana mau sakses kalau waktu pendidikan malah baca au mana senyum senyum sendiri (tapi tolong doakan sakses ya gais bisa lolos ujian one shot besok juli biar lgsg internship),2047894192794501463,,,in,,0,0,0,https://x.com/undefined/status/2047894192794501463,1398498816211361798,
2047882079153598699,Sat Apr 25 04:22:12 +0000 2026,2,@tanyakanrl Setuju untuk prodi2 pendidikan (keguruan) sudah kebanyakan inflasi lulusan jadinya.,2047893915119018001,,tanyakanrl,in,,0,0,0,https://x.com/undefined/status/2047893915119018001,1783386052411232256,
2047861881654923541,Sat Apr 25 04:22:00 +0000 2026,0,@LambeSahamjja Menarik dikaji kenapa ortu Batak bisa mementingkan pendidikan anak2nya. Mereka percaya pendidikan bisa mengubah nasib. Mungkin dari pengaruh para penginjil atau faktor sosial budaya?,2047893864820920387,,LambeSahamjja,in,,0,0,0,https://x.com/undefined/status/2047893864820920387,142209668,
2047893454282424584,Sat Apr 25 04:20:22 +0000 2026,0, WE ARE HIRING Tutor Bimbel Pionir Mandala Punya passion mengajar dan ingin jadi bagian dari tim pendidikan yang berkembang? Saatnya bergabung bersama *Bimbel Pionir Mandala* sebagai Tutor terbaik kami! https://t.co/zyRnMAXawo,2047893454282424584,https://pbs.twimg.com/media/HGuUPoAakAAPSDE.jpg,,in,,0,1,0,https://x.com/undefined/status/2047893454282424584,1618311503966502912,
2047843844956565955,Sat Apr 25 04:20:21 +0000 2026,0,@RakyatBerbisik Sekolah berkedok pendidikan,2047893452814528900,,RakyatBerbisik,in,,0,0,0,https://x.com/undefined/status/2047893452814528900,1190634836697833472,
2047893185150816675,Sat Apr 25 04:19:18 +0000 2026,0,Udah rusak ya pendidikan di negri ini semua karna em bhe ge!,2047893185150816675,,,in,,0,0,0,https://x.com/undefined/status/2047893185150816675,1318043914855616512,
2047893061699776539,Sat Apr 25 04:18:48 +0000 2026,0,makanya pendidikan gratis ,2047893061699776539,,,in,,0,0,0,https://x.com/undefined/status/2047893061699776539,168621516,
2047651972535476309,Sat Apr 25 04:18:11 +0000 2026,1,@ThisLia_art Goodluck sistahh... Demi pendidikan yang makin hari biayanya dipertanyakan kebenarannya :v,2047892905394909493,,ThisLia_art,in,,0,1,0,https://x.com/undefined/status/2047892905394909493,1085001308891897856,
2047892471905124647,Sat Apr 25 04:16:27 +0000 2026,0,((( pengusaha ))) tapi digaji negara lewat APBN yang ngambil jatah anggaran pendidikan dan sektor lainnya yang udah dikasih insentif tapi masih ngambil margin. Pengusaha ususmu mbledos!,2047892471905124647,,,in,,0,0,0,https://x.com/undefined/status/2047892471905124647,61815364,
2047843844956565955,Sat Apr 25 04:13:46 +0000 2026,0,@RakyatBerbisik kiamat pendidikan...,2047891793124204611,,RakyatBerbisik,in,,0,0,0,https://x.com/undefined/status/2047891793124204611,1282121657524469761,
2047882079153598699,Sat Apr 25 04:13:38 +0000 2026,1,@tanyakanrl Fakultas keguruan dan ilmu pendidikan: Adios ,2047891759355793566,,tanyakanrl,in,,0,0,0,https://x.com/undefined/status/2047891759355793566,1634430897448710144,
2047891201303740432,Sat Apr 25 04:13:25 +0000 2026,0,Sampai melupakan bahwa anak juga perlu pendidikan dari tangan kita sendiri. Jadi orang tua memang tak mudah kita harus seimbang antara sibuk mencari uang dan komunikasi dengan anak.. memberi kasih sayang juga termasuk kebutuhan pokok dan kewajiban kita selain memberi materi..,2047891707036131435,,zorionjf,in,,0,0,0,https://x.com/undefined/status/2047891707036131435,847329491705765894,
2047891694704906294,Sat Apr 25 04:13:22 +0000 2026,0,memang skrg pendidikan jadi nomor terakhir konyol bgtt,2047891694704906294,,,in,,0,0,0,https://x.com/undefined/status/2047891694704906294,2526826615,
2047891337727684997,Sat Apr 25 04:11:57 +0000 2026,0,selain kedua hal di video ini tugas istri itu Tarbiyah atau pendidikan anak. simple tapi semoga bisa menjadi insight buat warga X di sini daripada makan opini-opini liar si paling rumah tangga dan menambah trauma. https://t.co/wtm6LjLqsu,2047891337727684997,https://pbs.twimg.com/amplify_video_thumb/2047891253547917312/img/z42aO0BwwEqyF5u5.jpg,,in,,0,0,0,https://x.com/undefined/status/2047891337727684997,310684504,
2047693066199527884,Sat Apr 25 04:11:39 +0000 2026,0,@mengjudes @kalistohenituse Kalo buat pendidikan dan kesehatan nantinya masyarakatnya pada pintar dan melawan. Ehhh,2047891262012076141,,mengjudes,in,,0,0,0,https://x.com/undefined/status/2047891262012076141,953469066,
2047890591883866422,Sat Apr 25 04:11:38 +0000 2026,0,klo ada yg bilang sekolah dimana aja sama aja?? gw akan jadi org pertama yg nolak gagasan itu. kenapa? karena udah ngerasain bedanya pendidikan di kab luar pulau dan di kota pulau jawa. jauh bgt gapnya. beda sekolah beda juga isi kualitas dan pemikiran siswanya.,2047891256542654690,,interleukinds,in,,0,0,0,https://x.com/undefined/status/2047891256542654690,1062996502287503360,
2047888646787789107,Sat Apr 25 04:11:37 +0000 2026,0,@AboutTNG Salah itu min DKI JKT 2 dapet gelar Puteri Indonesia Pendidikan,2047891253950611456,,AboutTNG,in,,0,0,0,https://x.com/undefined/status/2047891253950611456,873545234495324162,
2047890933375701367,Sat Apr 25 04:10:21 +0000 2026,0,Bukti sistem pendidikan di Indonesia masih SANGAT jelek btw. Sistem pemerataan tidak jelas kurikulum acakadul. Makes these kids have to pay a lot of money to get better access and experience. Then how about those who can't afford better experience? -c,2047890933375701367,,,in,,0,1,0,https://x.com/undefined/status/2047890933375701367,1446369552632147975,
2047890616202535046,Sat Apr 25 04:09:06 +0000 2026,0, Kenapa gabung jadi Creator Soal? - Bisa dikerjakan dari mana saja (remote) - Fleksibel sesuai waktu luang kamu - Dibayar dari setiap kontribusi soal - Ikut berkontribusi dalam dunia pendidikan digital,2047890620212297832,,soalify_id,in,,0,1,0,https://x.com/undefined/status/2047890620212297832,2043209265876455424,
2047890486837551477,Sat Apr 25 04:08:34 +0000 2026,0,Jangan pernah daftar kuliah kesehatan dan pendidikan ini buktinya GURU TIDAK PERNAH DIHARGAIN ngapain kalian capek capek jadi guru buat pintar anak orang biar aja TO LOL dan MAMPUS situ enakkan jadi karyawan EM BE GO 6 juta ditangan.,2047890486837551477,,,in,,0,0,0,https://x.com/undefined/status/2047890486837551477,1957990999730647040,
2047890331547652458,Sat Apr 25 04:07:57 +0000 2026,0,Kalau emang jadi nih narikin pajak di selat malaka yang ada kita bisa diembargo sama negara-negara lain. Bayangin udah apa-apa impor pendidikan blangsak pengangguran jutaan industri gak berkembang rupiah makin merosot terus kena embargo. Bubar kita wkwkw.,2047890331547652458,,,in,,0,0,0,https://x.com/undefined/status/2047890331547652458,2028321418539401216,
2047531591841518012,Sat Apr 25 04:07:54 +0000 2026,0,@24hoursof_me @Bunaspace Setuju kak Sebagai yang yatim dari kecil ibuku bener2 mendidik aku supaya bisa mandiri/berdaya memang alhamdulillahnya pas ayah meninggal ibu ada usaha katering &amp; jahit jadi masih ada pemasukan. Uang asuransi tahun 90an dulu gak seberapa habis buat biaya pendidikan.,2047890320181145885,,24hoursof_me,in,,0,0,0,https://x.com/undefined/status/2047890320181145885,47906268,
2047889279784046933,Sat Apr 25 04:03:46 +0000 2026,0,Inilah bentuk kegagalan sistemik pendidikan di negara kita.,2047889279784046933,,,in,,0,0,0,https://x.com/undefined/status/2047889279784046933,1840840672787808256,
2047888940846420220,Sat Apr 25 04:02:26 +0000 2026,0,Jujur senang lihat Papua makin maju pelan-pelan tapi nyata. Kalau akses makin bagus pendidikan dan kesehatan makin kebantu terus potensi lokal juga ikut tumbuh itu tuh bukan cuma soal pembangunan di atas kertas. #PapuaPunyaCerita #PapuaHebat #UntukPapua https://t.co/g1zFWmZwZy,2047888940846420220,https://pbs.twimg.com/media/HGuQIribQAAEuuN.jpg,,in,,0,0,0,https://x.com/undefined/status/2047888940846420220,1958051511269052416,
2047888517821608004,Sat Apr 25 04:00:45 +0000 2026,10,Mau disleksia atau pun kehilangan kesempatan untuk pendidikan berkualitas keduanya adalah tanda sistem pendidikan yang gagal. Gagal mengakomodir disleksia gagal memenuhi kualitas pendidikan yang cukup untuk penuhi standard kompetensi yang neurotipikal.,2047888517821608004,,,in,,0,1,6,https://x.com/undefined/status/2047888517821608004,409049792,
2047888409134584173,Sat Apr 25 04:00:19 +0000 2026,0,Partisipasi UI Dalam The Asia Summit Tegaskan Komitmen Pada Pendidikan Global yang Aksesibel https://t.co/sZndHg3mAO,2047888409134584173,,,in,,0,0,0,https://x.com/undefined/status/2047888409134584173,2392460208,
2047888209573765325,Sat Apr 25 03:59:31 +0000 2026,1,Benaran ini gk ada yg relai? Atau just konten doang. Dunia Pendidikan jg ikut2 bobrok kek gini hadeh ,2047888209573765325,,,in,,0,0,0,https://x.com/undefined/status/2047888209573765325,2033925833652637702,
2047888076475892183,Sat Apr 25 03:59:00 +0000 2026,0,Padahal bisa ini buat penunjang pendidikan perkuliahan akses publikasi dll tapi malah :((( Ampas bgt dah pemerintah malah mrngutamakan proker katering,2047888076475892183,,,in,,0,0,0,https://x.com/undefined/status/2047888076475892183,1528965735296339974,
2047887943550070877,Sat Apr 25 03:58:28 +0000 2026,3,Gue iril lulusan UI kerja jd expat dah jadi supervisor. Lebih dr 5 taun jd data analyst di luar. Selain jual e course dan custom gpt hobi gue ngekritik pemerintah. Gue jual skill2 gue dengan harga terjangkau karena emg targetnya pendidikan sekunder untuk org2 indonesia for https://t.co/65Mq69iSgE,2047887943550070877,https://pbs.twimg.com/media/HGuPLlxboAA3aqn.jpg,,in,,0,0,0,https://x.com/undefined/status/2047887943550070877,1722579064308072448,
2047887888348831925,Sat Apr 25 03:58:15 +0000 2026,0,Heritage Aisyiyah bukan sekadar cerita tapi napas panjang perjuangan perempuan yang terus hidup sampai hari ini. Dari ruang-ruang sederhana lahir gagasan besar tentang pendidikan kesehatan dan pemberdayaan. #aisyiyah #sejarah #muhammadiyah #tkaba #budaya https://t.co/DNVpSXmvut,2047887888348831925,https://pbs.twimg.com/amplify_video_thumb/2047887811391717376/img/IG-z-PWolzgexoP7.jpg,,in,,0,0,0,https://x.com/undefined/status/2047887888348831925,833524681,
2047887872783724733,Sat Apr 25 03:58:11 +0000 2026,0,mbg gizi ga terpenuhi dan para siswa keracunan bahkan nyawa terancam tapi boros anggaran. sedangkan guru yang merupakan peran penting dalam pendidikan dari pendidikan bisa meningkatkan sdm dan punya manfaat lain jangka panjang tapi gajinya kecil bahkan ada yang ga digaji.,2047887872783724733,,,in,,0,0,0,https://x.com/undefined/status/2047887872783724733,1971472270297268228,
2047887637714026778,Sat Apr 25 03:57:15 +0000 2026,0,Guru Besar Tonggak Kecemerlangan Pendidikan Luar Bandar Berita penuh boleh didapati di pautan EDISI UKAS berikut : https://t.co/8nJQ1MNUG4 #UKASnews #SaluranInformasiRakyat #SarawakMajuMakmur https://t.co/zaGOajNElJ,2047887637714026778,https://pbs.twimg.com/media/HGuO5GPaoAAaEoA.jpg,,in,,0,0,0,https://x.com/undefined/status/2047887637714026778,1029230403465273345,
2047887540435522008,Sat Apr 25 03:56:52 +0000 2026,0,Otsus dan DOB bukan sekadar program tetapi langkah nyata dalam meningkatkan kualitas pendidikan demi generasi Papua yang lebih unggul. https://t.co/soi4F73ibj,2047887540435522008,https://pbs.twimg.com/media/HGuO3C9bQAE8i4V.jpg,,in,,0,0,0,https://x.com/undefined/status/2047887540435522008,1753015190969634816,
2047589131338007030,Sat Apr 25 03:53:05 +0000 2026,0,@kumifigo Mau SD SMP SMA SMK PT UNIV itu cuma gelar gelar klo kita pernah belajar biar kita g buta huruf.. g prlu malu dg sebatas gelar pendidikan malu lah klo gelar pendidikan itu g prnh dipakai buat berfikir dan dipakai untuk hal yg gak bermanfaat bagi sesama,2047886587472830958,,kumifigo,in,,0,0,0,https://x.com/undefined/status/2047886587472830958,1175107701304483840,
2047886223788966005,Sat Apr 25 03:51:38 +0000 2026,0,Terlihat terang benderang korupsinya itu sekeluarga. Jangan lupa dan jangan berhenti sampai sekeluarga membayar kembali uang warga Kalimantan Timur yang mereka pakai untuk kepentingan pribadi. Kalimantan Timur tidak kekurangan dana pendidikan kesehatan dan pembangunan!,2047886223788966005,,,in,,0,0,0,https://x.com/undefined/status/2047886223788966005,59391239,
2047886222274793484,Sat Apr 25 03:51:37 +0000 2026,0,Ketika pendidikan bukanlah sebuah prioritas tinggal tunggu aja kehancurannya ,2047886222274793484,,,in,,0,0,0,https://x.com/undefined/status/2047886222274793484,1424663904815255553,
2047886111058657408,Sat Apr 25 03:51:11 +0000 2026,0,miris kejadian yang sebetulnya tidak perlu terjadi di dunia pendidikan . ini daerah mana ya ?,2047886111058657408,,,in,,0,0,1,https://x.com/undefined/status/2047886111058657408,1496066439970983946,
2047876122084536327,Sat Apr 25 03:50:59 +0000 2026,0,@bombolonii_ pendidikan karier hubungan sebelum nya gaya hidup karakter kepribadian keluarga,2047886059883938135,,bombolonii_,in,,0,0,0,https://x.com/undefined/status/2047886059883938135,1431126438502039555,
2047700190719856985,Sat Apr 25 03:49:14 +0000 2026,1,@sosmedkeras Hasilnya ya gitu gitu aja gak heran jadi negara terbelakang lagi. Perempuan dikasih hak pendidikan yang setara nggak?? Itu aja dulu,2047885621780476328,,sosmedkeras,in,,0,1,0,https://x.com/undefined/status/2047885621780476328,1464814523592978433,
2047885584212103390,Sat Apr 25 03:49:05 +0000 2026,0,Pembangunan Sekolah Rakyat di Jawa Timur adalah pondasi penting untuk masa depan yang cerah di mana gizi dan pendidikan berjalan beriringan. Upaya Kementerian PU di bawah kepemimpinan Menteri Dody Hanggodo ini adalah bagian integral dari Transformasi Gizi Bangsa. https://t.co/SUCZwZHcSl,2047885584212103390,https://pbs.twimg.com/media/HGuNFcKbQAAvAyc.jpg,,in,,0,0,0,https://x.com/undefined/status/2047885584212103390,549889699,
2047601508339126446,Sat Apr 25 03:46:08 +0000 2026,0,@aromapetrikorr pantesan pendidikan ga ditaruh di nomor 1 ini toh alasannya,2047884841103065459,,aromapetrikorr,in,,0,0,0,https://x.com/undefined/status/2047884841103065459,1969018048544993280,
2047884352701489631,Sat Apr 25 03:45:14 +0000 2026,0,peran kepala sekolah dalam pengembangan kompetensi GTK dan supervisi akademik serta penguatan kompetensi sosial kepala sekolah beserta materi penunjang lainnya. Melalui pelatihan ini diharapkan para peserta mampu menjadi pemimpin pendidikan yang adaptif inovatif https://t.co/kbomJUGQLQ,2047884616095486254,https://pbs.twimg.com/media/HGuMMkGa4AASDti.jpg,DitjenSaintek,in,,0,1,0,https://x.com/undefined/status/2047884616095486254,1891474739950206976,
2047884352701489631,Sat Apr 25 03:44:51 +0000 2026,0,Berbagai materi strategis diberikan untuk memperkuat kompetensi peserta meliputi penguatan kompetensi kepribadian dan profesional kepala sekolah pengelolaan satuan pendidikan penguatan jiwa kewirausahaan (entrepreneurship) dalam kepemimpinan sekolah https://t.co/CsiGzgd6AC,2047884516853957100,https://pbs.twimg.com/media/HGuMHWgaIAACqa3.jpg,DitjenSaintek,in,,0,1,0,https://x.com/undefined/status/2047884516853957100,1891474739950206976,
2047884352701489631,Sat Apr 25 03:44:12 +0000 2026,0,Halo #SobatGaruda Dalam upaya memperkuat kapasitas kepemimpinan pendidikan Kemdiktisaintek melalui Ditjensaintek bersama Direktorat Jenderal Guru dan Tenaga Kependidikan Kemdikdasmen menyelenggarakan Pelatihan Bakal Calon Kepala Sekolah (BCKS) SMA Unggul Garuda Baru. https://t.co/Hc2Acu4bip,2047884352701489631,https://pbs.twimg.com/media/HGuL9y6bYAAvreW.jpg,,in,,0,1,0,https://x.com/undefined/status/2047884352701489631,1891474739950206976,
2047724865441185995,Sat Apr 25 03:40:21 +0000 2026,1,@Bambangmulyonoo Udah benar Soalnya kl yg di tunjukkan positif pasti aman Yg bikin ricuh kl negatif Akan banyak efeknya Minimal efek tercepatnya pembukaan lowongan kerja ngk berlaku laki tingkat pendidikan yg harus s1 hingga s1000,2047883386908475779,,Bambangmulyonoo,in,,0,0,0,https://x.com/undefined/status/2047883386908475779,2028382409415389184,
2047796737029615795,Sat Apr 25 03:40:13 +0000 2026,0,@neVerAl0nely___ ya ini lah efek klo pendidikan ga jadi prioritas pemerintah BOBROK,2047883351332385229,,neVerAl0nely___,in,,0,0,0,https://x.com/undefined/status/2047883351332385229,1754810362703286272,
2047883210059809032,Sat Apr 25 03:39:39 +0000 2026,6,Kepada kalian semua yg pro maupun benci Presiden @prabowo Bila melihat anak tetangga hidup di jalanan (mulung ngamen tidak sekolah) tolong koordinasi RT RT Kepala Desa untuk dihubungkan ke Dinas Sosial agar anak2 itu mendapat pendidikan perlakuan manusiawi dan memiliki masa https://t.co/FWJNV2VShK,2047883210059809032,https://pbs.twimg.com/ext_tw_video_thumb/2047883138496638976/pu/img/vdsVeO2LqkKAQiot.jpg,,in,,0,3,6,https://x.com/undefined/status/2047883210059809032,1189039138835554304,
2047854079502864646,Sat Apr 25 03:39:07 +0000 2026,1,@beammeupjimmy @ajier_mr kalo ga terjun lngsng di dunia pendidikan (ngajar) ga bakal bilang ga bisa menyalahkan salah satu pihak wkwkk krna realitants yg rusak skrg bkn cuma moral anak tpi emg ortunya ga mendidik anaknya dan banyak ortunya jga yg rusak moralnya jadi guru akhirnya serba salah terus ‍️,2047883074495754748,,beammeupjimmy,in,,0,0,0,https://x.com/undefined/status/2047883074495754748,1103219177299439621,
2047760329468420595,Sat Apr 25 03:39:04 +0000 2026,1,@liaasister Ortu cerdas tidak akan melepaskan pendidikan anak kepada orang lain Ortu cerdas tidak akan menggadaikan kehidupan nyata kebahagiaan dan kesehatan jiwa raga anak untuk kehidupan akherat .,2047883062319734875,,liaasister,in,,0,0,0,https://x.com/undefined/status/2047883062319734875,1363108375123255299,
2047854079502864646,Sat Apr 25 03:38:40 +0000 2026,0,@ajier_mr Terlalu idealis &amp; ngerasa udah pinter ditambah banyaknya konten yang menyesatkan + kurangnya fondasi pendidikan di rumah. Lengkap banget kan ya.,2047882960280449350,,ajier_mr,in,,0,0,0,https://x.com/undefined/status/2047882960280449350,765190362365173760,
2047882352723136655,Sat Apr 25 03:36:15 +0000 2026,1,Aku lulusan Magister Pendidikan (S2) tahun 2025. aku open jasa bantuan akademik untuk all jurusan (S1 S2 dan S3). Melayani pengerjaan: Paper Makalah Laporan Praktikum Skripsi Tesis Disertasi Paraphase Turnitin Japri wa dibio untuk fastrespon yo 71 #Zonaba #zonajajan #zonauang,2047882352723136655,,,in,,0,0,0,https://x.com/undefined/status/2047882352723136655,1516135489254084608,
2047882169675391459,Sat Apr 25 03:35:31 +0000 2026,0,Salah semua yang benar adalah untuk meningkatkan kualitas pendidikan kita butuh makan siang gratis! 1 tahun makan gratis bisa menaikkan IQ seorang anak sebesar 5 point #LanjutkanMBG,2047882169675391459,,,in,,0,0,0,https://x.com/undefined/status/2047882169675391459,1378874700521033732,
2047882114901942678,Sat Apr 25 03:35:18 +0000 2026,0,Aku lulusan Magister Pendidikan (S2) tahun 2025. aku open jasa bantuan akademik untuk all jurusan (S1 S2 dan S3). Melayani pengerjaan: Paper Makalah Laporan Praktikum Skripsi Tesis Disertasi Paraphase Turnitin Japri wa dibio untuk fastrespon yo 70 #Zonaba #zonajajan #zonauang,2047882114901942678,,,in,,0,0,0,https://x.com/undefined/status/2047882114901942678,1516135489254084608,
2047882083381760351,Sat Apr 25 03:35:11 +0000 2026,0,Semoga pertemuan ini membawa keberkahan bagi pengembangan dakwah dan pendidikan Islam di Indonesia https://t.co/UTPoUzHWXI,2047882083381760351,https://pbs.twimg.com/media/HGuJ4UxaMAAUY9J.jpg,,in,,0,0,0,https://x.com/undefined/status/2047882083381760351,2997911054,
2047704633506934994,Sat Apr 25 03:34:33 +0000 2026,1,@DionisiusEG @amdthr @kingfish24601 Dengan meningkatnya Kekristenan dan aliansi para ukung Minahasa menjadi lebih mudah menerima pemerintahan Liberal dan pendidikan Pencerahan. Kekristenan Pencerahan dan Desentralisasi kepemimpinan tiga faktor besar untuk meluasnya peradaban Belanda. https://t.co/i5lF210gvS,2047881924518330410,,jasonhokalos,in,,0,1,0,https://x.com/undefined/status/2047881924518330410,1160130366268563456,
2047881907225215160,Sat Apr 25 03:34:29 +0000 2026,7,JADWAL AKSI BULAN MEI 1 Mei hari buruh demo buruh 2 Mei hari pendidikan demo mahasiswa 13 - 14 Mei peringatan tragedi 98 demo anti soeharto dan anti Neo Orba 20 Mei hari kebangkitan nasional demo pro demokrasi 21 Mei peringatan jatuhnya Soeharto demo anti Soeharto dan,2047881907225215160,,,in,,1,0,3,https://x.com/undefined/status/2047881907225215160,1178950184601935873,
2047881880536784991,Sat Apr 25 03:34:22 +0000 2026,0,huh i want too... tapi gw adalah seorang mahasiswa fakultas pendidikan dan jurusan keguruan sd and wich mean gw harus memakai seragam dan tidak mengenal apa itu outfit (kecuali hari jumat tapi hari jumat gw libur kuliah) #mahasiswamenujusemesterakhir #jamkuliahtaksetiaphari,2047881880536784991,,,in,,0,0,0,https://x.com/undefined/status/2047881880536784991,1656651229748133888,
2047796737029615795,Sat Apr 25 03:33:47 +0000 2026,0,@neVerAl0nely___ Membangun karakter dulu baru dikasi pendidikan. Bukannya dikejar bisa calistung dulu karakter dirumah. Ortu banyak yg gak becus ngajarin anaknya. Miris banget lihat kondisi pendidikan disini. Guru gak ada harga dirinya,2047881732079353868,,neVerAl0nely___,in,,0,0,0,https://x.com/undefined/status/2047881732079353868,2034897292797583360,
2047881668351168776,Sat Apr 25 03:33:32 +0000 2026,1,Suara pendidikan : Guru SMAN 2 Jakarta apresiasi program Presiden ️️ Justice For Poppy Minum Air Anget Aja Klok BBCA https://t.co/He7jue6QfG,2047881668351168776,https://pbs.twimg.com/ext_tw_video_thumb/2047881648268886016/pu/img/9RgOO4nkPinjnalf.jpg,,in,,0,0,0,https://x.com/undefined/status/2047881668351168776,2030115694751440896,
2047881345024864307,Sat Apr 25 03:32:15 +0000 2026,33,Sungguh sayang seribu sayang Pendidikan Gratis &amp; Kesehatan Gratis Kalah dgn Joget Gratis &amp; Makan Gratis Hidup Jack Mulyono https://t.co/yNKEymrSbX,2047881345024864307,https://pbs.twimg.com/media/HGuJOPDaoAEJYNk.jpg,,in,,0,6,8,https://x.com/undefined/status/2047881345024864307,821859629034409985,
2047796737029615795,Sat Apr 25 03:29:30 +0000 2026,1,@bilbiils_ Kesalahan sistem pendidikan secara keseluruhan sih menurut aku kak,2047880654596256166,,bilbiils_,in,,0,1,0,https://x.com/undefined/status/2047880654596256166,1282751327588585473,
2047796737029615795,Sat Apr 25 03:29:02 +0000 2026,0,@neVerAl0nely___ bener apa kata orang jepang pendidikan no 2 Adab no 1,2047880537180905970,,neVerAl0nely___,in,,0,0,0,https://x.com/undefined/status/2047880537180905970,1777139906864947200,
2047880174491009221,Sat Apr 25 03:27:36 +0000 2026,0,Anak anak studytwt nih pada classist af. Padahal beruntung aja mereka lahir dari keluarga kaya raya. Padahal pendidikan dan ilmu itu hak semua orang. Sok banget ajg budak kapitalis aja bangga bgt,2047880174491009221,,,in,,0,0,0,https://x.com/undefined/status/2047880174491009221,1307933844876619777,
2047880166496694722,Sat Apr 25 03:27:34 +0000 2026,0,Aku lulusan Magister Pendidikan (S2) tahun 2025. aku open jasa bantuan akademik untuk all jurusan (S1 S2 dan S3). Melayani pengerjaan: Paper Makalah Laporan Praktikum Skripsi Tesis Disertasi Paraphase Turnitin Japri wa dibio untuk fastrespon yo 69 #Zonaba #zonajajan #zonauang,2047880166496694722,,,in,,0,0,0,https://x.com/undefined/status/2047880166496694722,1516135489254084608,
2047879357201629262,Sat Apr 25 03:26:16 +0000 2026,0,@KetuaTukangMasa Permohonan atau kemas kini permohonan jawatan Pegawai Perkhidmatan Pendidikan (PPP) Gred DG9 dan DG41 melalui Sistem mySPP boleh dilakukan sepanjang tahun tanpa had bilangan kali. Portal rasmi https://t.co/w9NDzXxyrb dibuka 24 jam sehari 365 hari setahun. Namun pertimbangan,2047879839911215275,,KetuaTukangMasa,in,,0,0,0,https://x.com/undefined/status/2047879839911215275,1720665183188922368,
2047879815227990194,Sat Apr 25 03:26:10 +0000 2026,0,Salah satu hal yang ga boleh kita normalisasikan harganya mahal: Pendidikan ,2047879815227990194,,,in,,0,0,0,https://x.com/undefined/status/2047879815227990194,1550489802146869251,
2047879752103706669,Sat Apr 25 03:25:55 +0000 2026,0,Aku lulusan Magister Pendidikan (S2) tahun 2025. aku open jasa bantuan akademik untuk all jurusan (S1 S2 dan S3). Melayani pengerjaan: Paper Makalah Laporan Praktikum Skripsi Tesis Disertasi Paraphase Turnitin Japri wa dibio untuk fastrespon yo 68 #Zonaba #zonajajan #zonauang,2047879752103706669,,,in,,0,0,0,https://x.com/undefined/status/2047879752103706669,1516135489254084608,
2047879658142941559,Sat Apr 25 03:25:32 +0000 2026,0,Aku lulusan Magister Pendidikan (S2) tahun 2025. aku open jasa bantuan akademik untuk all jurusan (S1 S2 dan S3). Melayani pengerjaan: Paper Makalah Laporan Praktikum Skripsi Tesis Disertasi Paraphase Turnitin Japri wa dibio untuk fastrespon yo 67 #Zonaba #zonajajan #zonauang,2047879658142941559,,,in,,0,0,0,https://x.com/undefined/status/2047879658142941559,1516135489254084608,
2047879586814550046,Sat Apr 25 03:25:15 +0000 2026,1,Aku lulusan Magister Pendidikan (S2) tahun 2025. aku open jasa bantuan akademik untuk all jurusan (S1 S2 dan S3). Melayani pengerjaan: Paper Makalah Laporan Praktikum Skripsi Tesis Disertasi Paraphase Turnitin Japri wa dibio untuk fastrespon yo 66 #Zonaba #zonajajan #zonauang,2047879586814550046,,,in,,0,0,0,https://x.com/undefined/status/2047879586814550046,1516135489254084608,
2047817812949995527,Sat Apr 25 03:25:06 +0000 2026,0,@amilies_ @direktoridosen Guru harus tegas.. bedakan urusan mbg dan urusan pendidikan. Harusnya disamping sekolh ruang khusus pake biaya mbg seperti kantin.. jadi jam istirahat siswa bisa langsung ke ruang makan mbg..,2047879548927365181,,amilies_,in,,0,0,0,https://x.com/undefined/status/2047879548927365181,1518029679306809344,
2047879186782753139,Sat Apr 25 03:23:40 +0000 2026,0,teriak2 soal pendidikan gratis dari pemrenta tp bank soal aja elitis bjir ,2047879186782753139,,,in,,0,0,0,https://x.com/undefined/status/2047879186782753139,1208749982368464897,
2047588604843814921,Sat Apr 25 03:23:15 +0000 2026,0,@03__nakula @poldajateng_ @DivHumas_Polri @_polressemarang Berani berantas DC ga?? atao cuma beraninya MALAK sumbangan PENDIDIKAN pada pengusaha? Kalo ga berani mending diMUTASI aja ganti sama yg LEBIH BERANI &amp; BERINTREGITAS. Dan Yg ga MALAK SUMBANGAN PENDIDIKAN untuk naek PANGKAT.,2047879081845514492,,03__nakula,in,,0,0,0,https://x.com/undefined/status/2047879081845514492,1585660856427515904,
2047285546234650781,Sat Apr 25 03:22:43 +0000 2026,0,@DonJhon973775 @P3gEl @prabowo Pendidikan lebih penting daripada keracunan paham aku aja dirumah gampang cari lauk yang dibutuhkan hanya yg bisa dipakai lumayan lama seperti beras minyak gas dan alat masaknya untuk bahan lauk malah lebih enak daripada MBG,2047878947602682249,,DonJhon973775,in,,0,1,0,https://x.com/undefined/status/2047878947602682249,1991295352100777991,
2047878551446356417,Sat Apr 25 03:21:09 +0000 2026,0,Negara perlu dengan sungguh-sungguh melaksanakan apa yang sudah termaktub pada konstitusi. Berdasarkan Pasal 31 UUD 1945 negara wajib memberikan pendidikan khususnya pendidikan dasar dan pemerintah berkewajiban membiayainya. Hal ini bertujuan mencerdaskan kehidupan bangsa https://t.co/vrTWs7pZtd,2047878551446356417,https://pbs.twimg.com/media/HGuGsKQbkAAeflE.jpg,,in,,0,0,0,https://x.com/undefined/status/2047878551446356417,1185093850534039552,
2047531907454517567,Sat Apr 25 03:21:01 +0000 2026,0,@WidasSatyo Sebagai tukang jualan saya melihat isu ekonomi di masyarakat kelas bawah sangat sangat sangat terasa. Cuma ya karena latar pendidikan yg rendah masih pada denial ga mau disangkutpautkan dengan politik.,2047878521499070888,,WidasSatyo,in,,0,0,0,https://x.com/undefined/status/2047878521499070888,734454482,
2047878482634613002,Sat Apr 25 03:20:52 +0000 2026,0,Hari pertama Pendidikan dan Latihan Dasar (Diklatsar) Korps Sukarela (KSR) PMI Kota Jakarta Utara resmi dimulai pada Jumat 24 April 2026. Kegiatan ini menjadi langkah awal dalam membangun generasi muda yang tangguh siap menghadapi berbagai risiko bencana. #KSRPMI #RelawanMuda https://t.co/ec8cdD0a5y,2047878482634613002,https://pbs.twimg.com/media/HGuGeBRaMAA1Wel.jpg,,in,,0,0,0,https://x.com/undefined/status/2047878482634613002,1152104431627862016,
2047878355429839195,Sat Apr 25 03:20:22 +0000 2026,0,Gue bingung sama cewek yg background oke tapi mau2nya melakukan hal konyol begini gue yg pendidikan belum setinggi ini aja udah set harga diri setinggi langit pacaran di game aja udah jadi AIB buat gue,2047878355429839195,,,in,,0,0,0,https://x.com/undefined/status/2047878355429839195,2009654396825776128,
2047869426368970836,Sat Apr 25 03:19:50 +0000 2026,3,@BudiBukanIntel Anak bangsa dibentuk jadi Driver ojol dan buruh pabrik lewat sistem pendidikan nasional. Meanwhile yang punya duit lari ke sekolah swasta mahal atau luar negeri,2047878222738842009,,BudiBukanIntel,in,,0,0,0,https://x.com/undefined/status/2047878222738842009,1077577255260311553,
2047878186688733647,Sat Apr 25 03:19:42 +0000 2026,5,News :MENYEDIHKAN!!! Di Jawa barat 3.823 Honorer pendidikan Belum digaji dua bulan karna terbentur aturan. https://t.co/hsPJ8amCD5,2047878186688733647,https://pbs.twimg.com/media/HGuGW7faUAAttm1.jpg,,in,,2,3,2,https://x.com/undefined/status/2047878186688733647,1745265761416056832,
2047877724006760899,Sat Apr 25 03:17:51 +0000 2026,0,bpjs masih iuran tiap bulan banyak orang miskin minim pendidikan sdm rendah dolar naik rupiah lemah ihsg turun saham anjlok bpom ga ada duitnya asn jadi korban pemangkasan tunjangan tapi duitnya yang bisa semuanya itu malah dipake foya2 di mbg,2047877724006760899,,,in,,0,0,0,https://x.com/undefined/status/2047877724006760899,1607169577,
2047877633179034080,Sat Apr 25 03:17:30 +0000 2026,0,Pemerintah memastikan renovasi sekolah dan program gizi tetap berjalan paralel menggunakan anggaran pendidikan (APBN/APBD). Infrastruktur yang layak + Gizi yang baik = Kunci siswa berprestasi. https://t.co/nRAIU54CgB,2047877633179034080,https://pbs.twimg.com/media/HGuF2tzbsAAQGf1.jpg,,in,,0,0,0,https://x.com/undefined/status/2047877633179034080,1642866763216875520,
2047877370552734203,Sat Apr 25 03:16:27 +0000 2026,0,Mirisnya makinn kesini makin banyak iklan pinjol di YT bahkan ada yg narasinya bisa pinjam dana pendidikan like what.. ini pelajar2 indo sengaja digiring buat pinjol kahh? Apalagi syaratnya cuma KTP doang.,2047877370552734203,,,in,,0,0,0,https://x.com/undefined/status/2047877370552734203,584785351,
2047863267461308571,Sat Apr 25 03:15:33 +0000 2026,1,@mas_veel @Heraloebss @AlberaD5 Kurang nya pendidikan beretika di sekolah...,2047877142554509730,,mas_veel,in,,0,1,0,https://x.com/undefined/status/2047877142554509730,1493019507191083009,
2047876892959924484,Sat Apr 25 03:14:33 +0000 2026,8,Astagaaaa para siswa ini rata2 nggak tahu ilmu pembagian !! Tapi kog mereka bisa sampai SMP ya kalo pelajaran dasar matematika saja gak bisa Kalo jaman dulu gak pinter ya gak naik kelas. Miris banget lihat dunia pendidikan jaman sekarang. Ini pemerintah harus serius https://t.co/fMHO97xu58,2047876892959924484,https://pbs.twimg.com/ext_tw_video_thumb/2047876857723547648/pu/img/EIu0KeNIx_MtTA3K.jpg,,in,,0,3,7,https://x.com/undefined/status/2047876892959924484,1292372281239326720,
2047876885544357937,Sat Apr 25 03:14:31 +0000 2026,0,Kehadiran Bawaslu Kab. Banjarnegara sebagai narasumber dalam kegiatan Pendidikan Politik Masyarakat yang diselenggarakan oleh Badan Kesatuan Bangsa dan Politik Kabupaten Banjarnegara di Desa Gemuruh Kecamatan Bawang Kamis (23/4) #Bawaslu #BawasluBanjarnegara #PendidikanPolitik https://t.co/drvkJiSMLX,2047876885544357937,https://pbs.twimg.com/amplify_video_thumb/2047876701020200961/img/I_npXZqE1fnebV1m.jpg,,in,,0,0,0,https://x.com/undefined/status/2047876885544357937,1098562038358372353,
2047876801691865271,Sat Apr 25 03:14:11 +0000 2026,1,Dunia pendidikan bener-bener juga ikutan gak baik ‍,2047876801691865271,,,in,,0,0,0,https://x.com/undefined/status/2047876801691865271,1887165999805599744,
2047821383737242097,Sat Apr 25 03:14:11 +0000 2026,0,@txtdarigenz97 Polisinya kurang menguasai keadaan. Pelawan arahnya kurang pendidikan,2047876801243013603,,txtdarigenz97,in,,0,0,0,https://x.com/undefined/status/2047876801243013603,1520648543752450048,
2047876737317667120,Sat Apr 25 03:13:56 +0000 2026,0,Kodam IX/Udayana lantik 137 Bintara Infanteri Pendidikan Pertama Bintara (Dikmaba) Infanteri TNI AD Gelombang I Tahun Anggaran 2026. https://t.co/S88jkXV7AJ,2047876737317667120,,,in,,0,0,0,https://x.com/undefined/status/2047876737317667120,2655442453,
2047863267461308571,Sat Apr 25 03:10:53 +0000 2026,0,@Heraloebss Itu krna kurang nya pendidikan tentang etika... sudah waktu nya Indonesia kembali ke jaman era 80an utk pendidikan etika yaitu digerakkan kembali penataran p4.. lht lah jaman dlu gk ada hp tp pada pinter2 ketimbang yg skrg...,2047875970150109543,,Heraloebss,in,,0,0,0,https://x.com/undefined/status/2047875970150109543,1493019507191083009,
2047875914080649695,Sat Apr 25 03:10:40 +0000 2026,0,Terokai pelbagai laluan pendidikan melalui UP_TVET. Ayuh jadikan TVET Pilihan Utama Kerjaya anda! Catat butiran berikut: Tarikh: 25 - 26 April 2026 (Hari ini &amp; Esok!) ⏰ Masa: 11:00 Pagi - 6:00 Petang Tempat: Dewan Tanjung Puteri PERSADA Johor,2047875916496544026,,mtvetrasmi,in,,0,1,0,https://x.com/undefined/status/2047875916496544026,1897919388373991424,
2047875150146941021,Sat Apr 25 03:07:38 +0000 2026,0,Program MBG menjadi bukti komitmen pemerintah dalam sektor kesehatan dan pendidikan https://t.co/ScjCfBbT5p,2047875150146941021,https://pbs.twimg.com/media/HGuDmMTaIAAxbe2.jpg,,in,,0,0,0,https://x.com/undefined/status/2047875150146941021,736047196357922816,
2047449217518768472,Sat Apr 25 03:06:47 +0000 2026,0,@bardanslm Nggak mau gue ga mau bertanggungjawab atas keracunan dan kebobrokan pendidikan. Lagipun ga ada yang menjamin ketika lu join program itu pikiran lu akan tetep kritis ke mbg. Kita bisa terpengaruh dengan sekitar kita.,2047874939806699722,,bardanslm,in,,0,0,0,https://x.com/undefined/status/2047874939806699722,1192607259504734208,
2047874049993494934,Sat Apr 25 03:03:15 +0000 2026,1,Hasil program MBG. Memakan barang syubhat rebutan proyek dan belum jelas asal duitnya. Mau dibuat bergizi sekalipun pastilah hanya akalnya saja yg dapet. Padahal tujuan pendidikan itu ada tiga Akal Tangan dan Jiwa. Kalau jiwanya dikasih makan kotoran jadinya seperti ini.,2047874049993494934,,,in,,0,0,0,https://x.com/undefined/status/2047874049993494934,1088635587714633729,
2047874000886579390,Sat Apr 25 03:03:04 +0000 2026,0,Gratis tuh gratis biaya pendidikan buat S2 gitu loh kok kangkung 1 iket apaan dah ,2047874000886579390,,,in,,0,0,0,https://x.com/undefined/status/2047874000886579390,1267720626745163776,
2047716531778576759,Sat Apr 25 03:02:57 +0000 2026,1,@zanatul_91 @vzrros Pertanyaannya apakah saat ini pendidikan masih jadi prioritas? Atau justru mencerdaskan kehidupan bangsa saat ini dilakukan melalui program prioritas embege?,2047873972382089325,,zanatul_91,in,,0,0,0,https://x.com/undefined/status/2047873972382089325,1107984476741591042,
2047659032119538130,Sat Apr 25 03:02:48 +0000 2026,0,@cowosukamatcha Itulah gunanya sekolah/pendidikan tinggi ygy ,2047873936726401312,,cowosukamatcha,in,,0,0,0,https://x.com/undefined/status/2047873936726401312,119680525,
2047873591740690490,Sat Apr 25 03:02:42 +0000 2026,1,Sementara itu Wakasek Humas I Ketut Ariawan didampingi Kadek Widiastrini mengucapkan terimakasih atas kehadiran KPU sebagai lembaga yang memiliki tugas menyampaikan pendidikan pemilih berkelanjutan. Sehingga nantinya ada modal awal bekal bakal calon pemilih https://t.co/7akpbOkwxw,2047873910079901969,https://pbs.twimg.com/media/HGuCdd1aQAAa0Vy.jpg,KPU_Karangasem,in,,0,1,0,https://x.com/undefined/status/2047873910079901969,1225605731954524160,
2047873796619821536,Sat Apr 25 03:02:22 +0000 2026,0,Kenapa ini penting? Karena VR membantu Indonesia maju di Industri 4.0: Training karyawan lebih aman &amp; murah Pendidikan lebih interaktif &amp; merata Pariwisata bisa diakses semua orang Ini bukan cuma teknologi tapi alat pemerataan kesempatan.,2047873827267612768,,AyrivLairmhad,in,,0,1,0,https://x.com/undefined/status/2047873827267612768,1509985826402615296,
2047873796619821536,Sat Apr 25 03:02:21 +0000 2026,0,Kenapa ini penting? Karena VR membantu Indonesia maju di Industri 4.0: - Training karyawan lebih aman &amp; murah - Pendidikan lebih interaktif &amp; merata - Pariwisata bisa diakses semua orang Ini bukan cuma teknologi tapi alat pemerataan kesempatan.,2047873821190091069,,AyrivLairmhad,in,,0,1,0,https://x.com/undefined/status/2047873821190091069,1509985826402615296,
2047873796619821536,Sat Apr 25 03:02:18 +0000 2026,0,Di dunia pendidikan juga gila perkembangannya. Universitas Indonesia (UI) pakai VR untuk simulasi bullying di sekolah terapi okupasi pasien demensia dan bahkan virtual lab untuk mahasiswa keperawatan. Anak-anak &amp; mahasiswa sekarang bisa merasakan situasi nyata lewat VR jauh https://t.co/5Wke2NRHhf,2047873807944446288,https://pbs.twimg.com/media/HGuBLc2asAABLT0.jpg,AyrivLairmhad,in,,0,1,0,https://x.com/undefined/status/2047873807944446288,1509985826402615296,
2047873591740690490,Sat Apr 25 03:01:51 +0000 2026,1, Dengan aktifnya siswa menandakan materi yang kita berikan menarik dan dapat diterima. Semoga saja ini menjadi modal awal sebagai bakal calon pemilih pemula ucap Ketua Divisi Sosialisasi Pendidikan Pemilih (Sosdiklih) https://t.co/ut74re5Fcu,2047873695193178370,https://pbs.twimg.com/media/HGuCQ3jakAAgSpB.jpg,KPU_Karangasem,in,,0,1,0,https://x.com/undefined/status/2047873695193178370,1225605731954524160,
2047873591740690490,Sat Apr 25 03:01:26 +0000 2026,1,Antusias Respon Balik Sosialisasi KPU Karangasem #TemanPemilih siswa - siswi SMPN 2 Manggis merespon balik sosialisasi pendidikan pemilih yang dilakukan KPU Karangasem Sabtu (25/4) pagi. Peserta yang berasal dari kelas IX itu merespon dengan menjawab dan aktif bertanya. https://t.co/zUSbPRUQRS,2047873591740690490,https://pbs.twimg.com/media/HGuCLG2bgAA5_S_.jpg,,in,,0,1,0,https://x.com/undefined/status/2047873591740690490,1225605731954524160,
2047873308977398234,Sat Apr 25 03:00:19 +0000 2026,1,Bersama Kelas Hitung Cepat Gemari Tematik PR matematika bisa beres 3x lebih cepat tanpa drama! Di sini anak belajar dengan cara yang seru praktis dan mudah dipahami bukan sekadar menghafal tapi benar-benar mengerti. #pendidikan #matematika #zonauangㅤ https://t.co/WuLuw1iCl5,2047873308977398234,https://pbs.twimg.com/media/HGuBwtIbgAAShJ1.jpg,,in,,0,0,0,https://x.com/undefined/status/2047873308977398234,1836229621425278977,
2047873248789245979,Sat Apr 25 03:00:04 +0000 2026,0,biaya pendidikan kedinasan tuh semahal itu ya ternyata,2047873248789245979,,,in,,0,1,0,https://x.com/undefined/status/2047873248789245979,1639071945156349953,
2047873039397003511,Sat Apr 25 02:59:14 +0000 2026,0,26. halo semua timku open joki tugas psikologi tutor bimbingan skripsi dikerjain oleh lulusan psikologi: Skripsi Metopen kuali kuali Cari jurnal Konstuksi alat ukur Lap alat tes Biopsikologi Psiko klinik eksperimen sosial pendidikan Psikometri Intervensi Kode etik JASP,2047873039397003511,,,in,,0,0,0,https://x.com/undefined/status/2047873039397003511,1774454137478135808,
2047796737029615795,Sat Apr 25 02:58:41 +0000 2026,0,@neVerAl0nely___ @Verraagustian_ Keluarkan ! Coret dari seluruh lembaga pendidikan !,2047872898409574794,,neVerAl0nely___,in,,0,0,0,https://x.com/undefined/status/2047872898409574794,1349960061997600769,
2047231533615067458,Sat Apr 25 02:58:15 +0000 2026,2,@anakodok2009 @Minietweets_ @Ndons_Back @BahamasJefry @3rwin__34 @darbento88 @IrawanRommi @HASBALL18439385 @BattoAjax @Kimberley_PS08 Thanks infonya nanti sy twit langkah agar anak2 itu mendapatkan haknya pendidikan Di sinilah pentingnya kepedulian kpd orang2 terdekat seperti tetangga yg kurang beruntung Alhamdulillah Presiden @prabowo sangat peduli hal ini makanya didirikan sekolah rakyat,2047872790955790461,,anakodok2009,in,,0,1,0,https://x.com/undefined/status/2047872790955790461,1189039138835554304,
2047659032119538130,Sat Apr 25 02:57:48 +0000 2026,0,@cowosukamatcha Kalo di Jepang iming punya anak gratis pendidikan dll disini yg dibahas perut mulu.,2047872675855659174,,cowosukamatcha,in,,0,0,0,https://x.com/undefined/status/2047872675855659174,1226803384419700737,
2047872522931319230,Sat Apr 25 02:57:11 +0000 2026,0,Isu ini udah aku bahas dan dibahas banyak aktivis sejarah pas kebijakan ini baru berlaku. Tapi tetep aja masyarakat kayaknya kurang aware terkait pendidikan indonesia terutama bidang sejarah. Karena sebagian berpendapat ah barang sejarah ngapain diurusin atau yaudah lagian-,2047872522931319230,,,in,,0,1,0,https://x.com/undefined/status/2047872522931319230,2029231429608210432,
2047557768882893128,Sat Apr 25 02:56:10 +0000 2026,1,@xpeacessea bertanggung jawabbb selalu mengusahakan apapun untuk anaknyaa walaupun lagi sakitt berpikir kritis untuk anaknya selalu mendapatkan pendidikan yang layak walaupun beliau hanya lulusan SMP satu lagi nderr kelebihan lemakkk hehe ,2047872263966605337,,xpeacessea,in,,0,0,0,https://x.com/undefined/status/2047872263966605337,1848019286436298752,
2047872062434537764,Sat Apr 25 02:55:21 +0000 2026,0,Koperasi yang berkembang menjadi penggerak utama kemajuan kesejahteraan masyarakat. Melalui Koperasi Desa Merah Putih warga desa dapat tumbuh dan berkembang bersama membuka peluang usaha dan pekerjaan meningkatkan penghasilan hingga menjamin masa depan pendidikan anak. https://t.co/39sUPseuFl,2047872062434537764,https://pbs.twimg.com/media/HGuAyciawAEhkZm.jpg,,in,,0,0,0,https://x.com/undefined/status/2047872062434537764,1564943803034640389,
2047870051957833898,Sat Apr 25 02:53:55 +0000 2026,0,Dan dlu waktu salah satu seminar pendidikan yg saya hadiri memang kualitas pendidikan itu ada di tangan guru. Bukan di tangan murid. Masalahnya banyak orang jd guru krn itu cara cepat kerja dan ga semua orang pintar COCOK jdi guru .... sekali lagi saya ulangin,2047871701728571738,,JulianArchieZ,in,,0,0,0,https://x.com/undefined/status/2047871701728571738,1056224880100659200,
2047871655557640450,Sat Apr 25 02:53:44 +0000 2026,0,Sebagai pasien dengan berbagai penyakit kronik dan kongenital serta anak kedokteran yang berniat melanjutkan pendidikan hingga gelar dr. itu Indonesia sangat tidak ramah dengan perempuan apalagi para penderita penyakit kronik.,2047871655557640450,,,in,,0,1,0,https://x.com/undefined/status/2047871655557640450,1222660133202739201,
2047871607096619295,Sat Apr 25 02:53:33 +0000 2026,0,Ketua DPRD Gowa Hadiri Penutupan Pendidikan Bintara Infanteri TNI AD Gelombang I TA 2026 https://t.co/x1xYSridHs,2047871607096619295,,,in,,0,0,0,https://x.com/undefined/status/2047871607096619295,1475014408719908864,
2047550417404674447,Sat Apr 25 02:52:02 +0000 2026,1,@__AnakKolong Bener najiss liatnye makanye pendidikan mahal biar ga bs sekolah klo rakyat bodoh jd bs diatur seenaknye negara lain saling berlomba utk majuin negara dn rakyatnye konoha malah sebaliknye.Untung ga milih manusia2 rakus ini klo kaga ape yg hrs gw jwb di pengadilan akhir nnt.,2047871224039268604,,__AnakKolong,in,,0,0,0,https://x.com/undefined/status/2047871224039268604,1741762746373611520,
2047871013913072040,Sat Apr 25 02:51:11 +0000 2026,0,Sumpah! Ini gimana bisa kayak gini? Pendidikan karakter udah ga ada kah?,2047871013913072040,,,in,,0,0,0,https://x.com/undefined/status/2047871013913072040,2229941330,
2047843844956565955,Sat Apr 25 02:49:18 +0000 2026,1,@RakyatBerbisik Indonesia tidak ada pendidikan adab.,2047870539486953513,,RakyatBerbisik,in,,0,0,0,https://x.com/undefined/status/2047870539486953513,1629064386743762945,
2047522214728147435,Sat Apr 25 02:48:33 +0000 2026,0,@Xunloaders @tanyakanrl Gila yaaa Indonesia sekarang. Pemerintah sukses melestarikan kuakitas pendidikan rendah dan tidak merata rakyat mudah dibodohi KKN lestari ,2047870349082239007,,Xunloaders,in,,0,0,0,https://x.com/undefined/status/2047870349082239007,1498818471299543041,
2047796737029615795,Sat Apr 25 02:48:33 +0000 2026,1,@neVerAl0nely___ Ini harus evaluasi Total dunia Pendidikan @DPR_RI @Kemdikdasmen @Kemdiktisaintek FATAL dan hal serius ini. Bukan hal pertama ini sdh sering berulang2 hal spt ini!!! Ada yg salah dng sistem pendidikan sekarang!,2047870347987595329,,neVerAl0nely___,in,,0,0,0,https://x.com/undefined/status/2047870347987595329,1507162243066069012,
2047870144643510758,Sat Apr 25 02:47:44 +0000 2026,0,orang2 kaya gini gw doain laga lulus utbk pilihan berapapun ga lulus ujian mandiri iup dan jalur masuk lainnya. gimana mau ke level pendidikan tinggi kalo masih mikir ilmu itu properti milik pribadi yang membayar? rugi amat lu kayanya ngeshare latsol dari bimbel doang. najis.,2047870144643510758,,,in,,0,0,0,https://x.com/undefined/status/2047870144643510758,1339521628514881539,
2047554880366350396,Sat Apr 25 02:47:37 +0000 2026,0,@elfa44474 @Menlu_RI @Kemlu_RI Ga apa2 bang.. Negara skrg yg punya @Gerindra bebas mau apa aja dr duit negara. Ga peduli ketimpangan dr sisi pendidikan &amp; sosial. Jd menteri/stafsus yg penting jd team sukses pilpres &amp; ngejilat,2047870114402566521,,elfa44474,in,,0,0,0,https://x.com/undefined/status/2047870114402566521,1657990428141195265,
2047870108748627982,Sat Apr 25 02:47:36 +0000 2026,0,Diskursus tahunan yang akar masalahnya adalah karena pendidikan ga bisa menjangkau semua kalangan.,2047870108748627982,,,in,,0,0,0,https://x.com/undefined/status/2047870108748627982,1761269838901805056,
2047620620113072365,Sat Apr 25 02:47:31 +0000 2026,0,@GampankMonther makanya pendidikan yg harusnya gratis aja masih suka suruh bayar belom infrastruktur sekolah yg sering ga layak... kaya gini kok malah bikin sekolah rakyat,2047870088427249675,,GampankMonther,in,,0,0,0,https://x.com/undefined/status/2047870088427249675,1078191829739139072,
2047869758444540304,Sat Apr 25 02:46:12 +0000 2026,0,bukti pentingnya pendidikan,2047869758444540304,,,in,,0,0,0,https://x.com/undefined/status/2047869758444540304,247097908,
2047815958488825862,Sat Apr 25 02:44:29 +0000 2026,3,@RaidenKevin17 10 tahun Pendidikan Moral Pancasila yang sudah dihapus dari Kurikulum pendidikan.,2047869324288045315,,RaidenKevin17,in,,0,1,1,https://x.com/undefined/status/2047869324288045315,920823087351848960,
2047869316524298725,Sat Apr 25 02:44:27 +0000 2026,0,Gini nih hasil revolusi mentalnya jkw dulu 10 tahun ngerusak dunia pendidikan doang,2047869316524298725,,,in,,0,0,0,https://x.com/undefined/status/2047869316524298725,1223490090128666624,
2047869308685165017,Sat Apr 25 02:44:25 +0000 2026,0,gua mah ogah jadi manager minimal S1 di rekrut sama yg cuma pendidikan 6 bulan tanpa skill,2047869308685165017,,,in,,0,0,0,https://x.com/undefined/status/2047869308685165017,634445547,
2047796737029615795,Sat Apr 25 02:44:02 +0000 2026,0,@neVerAl0nely___ guru sudah kehilangan maruah di dunia pendidikan negara ini,2047869212534943971,,neVerAl0nely___,in,,0,0,0,https://x.com/undefined/status/2047869212534943971,1425474577447088134,
2047847522027307133,Sat Apr 25 02:43:18 +0000 2026,0,@CNNIndonesia Sebenarnya lebih penting mana pendidikan kesehatan dibanding usul usul spt ini?!,2047869026043621805,,CNNIndonesia,in,,0,0,0,https://x.com/undefined/status/2047869026043621805,954923770027757568,
2047840306318786736,Sat Apr 25 02:42:52 +0000 2026,0,@msaid_didu Menuju Indonesia cEMAS 2045 PRESIDEN SOEHARTO TOKOH PENDIDIKAN INTERNASIONAL HM Soeharto https://t.co/h6DBmYOiW3 Bukannya genjot industrilisasi mlh pilih hilirisasi yg justru makin meredupkan ditambah slh arah mbg lbh penting dr pembukaan lapangan kerja hingga apbn pun disunat https://t.co/4vEXPY4o7g,2047868919306965478,https://pbs.twimg.com/media/HGt97S4aIAAueiV.jpg,msaid_didu,in,,0,0,0,https://x.com/undefined/status/2047868919306965478,904613821574144005,
2047302015408275717,Sat Apr 25 02:42:47 +0000 2026,22,@hallopepaya @ALTheDiscreet betul kak. 22 des itu hari kongres perempuan I di jogja yg bahas kesetaraan hak perempuan specifically di bidang pendidikan &amp; peran sosial politik. tp ya krn era soeharto smw hal berkaitan perjuangan perempuan dianggap golongan kiri &amp; dipaksa bungkam lwt ibuisme negara,2047868896607436900,,hallopepaya,in,,0,0,0,https://x.com/undefined/status/2047868896607436900,1462956742656987137,
2047251425378669041,Sat Apr 25 02:42:13 +0000 2026,0,@Arnasamudra @unmagnetism Yes banyak sekali yg seperti itu. Jika terlihat jelas tanda2nya mudah bagi kami tuk menghindari. Sehingga bisa memilih ustad2 berilmu yg tepat. Sekarang sangat mudah mencari latar belakang pendidikan para ulama. Sebagian besar bisa search agar jangan sampai salah pilih panutan.,2047868755800473716,,Arnasamudra,in,,0,1,0,https://x.com/undefined/status/2047868755800473716,227354188,
2047868171970052439,Sat Apr 25 02:39:54 +0000 2026,0, di tv uda rame mulai utbk kok kamu ga ikut lagi? udah gamau ngejar yang kamu mau lagi? jujur lebih mikirin uangnya sih walaupun disanggupin tapi rasanya better dialokasiin buat pendidikan adik aja kejar mimpinya jadi anak teknik toh sekarang uda mulai juga di ip,2047868171970052439,,,in,,0,0,0,https://x.com/undefined/status/2047868171970052439,1643245007497998341,
2047867943955071307,Sat Apr 25 02:39:00 +0000 2026,0,Udh di fase mikir gw bodoh bgt orangnya gara² ga pernah buka buku buat belajar dikala temen² gw pada stres kuliah gw malah stres kerja yang harusnya gw mikir pendidikan juga,2047867943955071307,,,in,,0,0,0,https://x.com/undefined/status/2047867943955071307,1953435820523937792,
2047601281938936281,Sat Apr 25 02:38:30 +0000 2026,1,@penduduk_lokal_ @adepedia Pemerintah sedang membentuk 500rb personil padahal sedang tidak berperang di sisi yang lain Pemerintah gagal membuat 3 5jt Guru honorer sejahtera padahal pendidikan sedang jauh tertinggal!,2047867818532819015,,penduduk_lokal_,in,,0,0,1,https://x.com/undefined/status/2047867818532819015,271743447,
2047867756218036481,Sat Apr 25 02:38:15 +0000 2026,0,Wakil Ketua Komisi X DPR RI Lalu Hadrian Irfani menyampaikan keprihatinannya atas kasus yang menimpa Guru Pendidikan Kewarganegaraan (PKN) di SMAN 1 Purwakarta Syamsiah atau yang akrab disapa Bu Atun yang menjadi korban olok-olok sejumlah siswa. https://t.co/z1yo9j6sCC,2047867756218036481,,,in,,0,0,0,https://x.com/undefined/status/2047867756218036481,1912336901283147776,
2047867732067221927,Sat Apr 25 02:38:09 +0000 2026,7,Kacau sih ini Era om dulu sekolah senakal nakalnya gak ada yang berani kayak gini sama guru. Sedihnya pendidikan kita hidup MBG ,2047867732067221927,,,in,,0,6,1,https://x.com/undefined/status/2047867732067221927,243135030,
2047495601101865096,Sat Apr 25 02:22:54 +0000 2026,0,@daunsirih5 Kalo ini berhasil Daerah lainnya juga akan di demo untuk penutupan Medan Makasar Semarang Bali. Anehnya POLISI GAGAL menindak INTOLERAN bingung sih antara GAGAL atao CEMEN. mungkin Krn MINTA SUMBANGAN PENDIDIKAN sama pengusaha jadi kayak gini jadinya,2047863895705243839,,daunsirih5,in,,0,0,0,https://x.com/undefined/status/2047863895705243839,1585660856427515904,
2047499642355802311,Sat Apr 25 02:22:46 +0000 2026,0,@empty__core #OtsusPapua Membangun Masa Depan Cerah Papua Lewat Kemajuan Pendidikan dan Dukungan Otsus https://t.co/ARFjP0Wlsh,2047863860208849354,https://pbs.twimg.com/media/HGt5Pdua4AAspqn.png,empty__core,in,,0,0,0,https://x.com/undefined/status/2047863860208849354,1413436646423293955,
2047178654501810503,Sat Apr 25 02:22:46 +0000 2026,0,@tempodotco #OtsusPapua Membangun Masa Depan Cerah Papua Lewat Kemajuan Pendidikan dan Dukungan Otsus https://t.co/7p5xeTOf0R,2047863860057747759,https://pbs.twimg.com/media/HGt5LqAaAAAI98P.png,tempodotco,in,,0,0,0,https://x.com/undefined/status/2047863860057747759,1413436646423293955,
2047610672226488599,Sat Apr 25 02:22:09 +0000 2026,1,@BetaKopites Guru honorer yang masih setia mengabdi dengan semboyan ikhlas beramal . Setiap hari mendengar kata MBG ingin teriak sekencang-kencangnya ke pemerintah. Fokus pendidikan bukan makanan kita bukan iri dengan anggaran MBG yang gila-gilaan tapi kami menuntut keadilan . https://t.co/vXqF60M073,2047863705594191952,https://pbs.twimg.com/media/HGt5MAba8AAyxdV.jpg,BetaKopites,in,,0,0,0,https://x.com/undefined/status/2047863705594191952,232124316,
2047796737029615795,Sat Apr 25 02:21:57 +0000 2026,1,@neVerAl0nely___ Kembalikan pendidikan kedisiplinan pmp ala militer .. tiap senin baris cek kuku dan rambut klo panjang kena sentil penggaris kayu tuh jari,2047863655929364719,,neVerAl0nely___,in,,0,0,0,https://x.com/undefined/status/2047863655929364719,1913658424409382912,
2047796737029615795,Sat Apr 25 02:21:40 +0000 2026,0,@neVerAl0nely___ Keluarkan dia tidak Layak untuk mendapatkan pendidikan biar jadi gembel atau pelacur saja,2047863583275712636,,neVerAl0nely___,in,,0,0,0,https://x.com/undefined/status/2047863583275712636,915854343366090752,
2047863520910618853,Sat Apr 25 02:21:25 +0000 2026,0,Sehat badannya nyaman belajarnya. Pemerintah konsisten mengawal gizi dan infrastruktur pendidikan secara bersamaan! https://t.co/7cbgOZsua7,2047863520910618853,https://pbs.twimg.com/media/HGt42oeaAAE0KMR.jpg,,in,,0,0,0,https://x.com/undefined/status/2047863520910618853,1717083845777108992,
2047863360612708488,Sat Apr 25 02:20:47 +0000 2026,92,Gais sudah ada ya konten pendidikan hukum bahwa perusahaan bisa melarang pacaran Disampaikan oleh ahli hukum wots kita bang @RanggaWidigda https://t.co/nlTlZeFfyf,2047863360612708488,https://pbs.twimg.com/ext_tw_video_thumb/2047863283152261121/pu/img/rwhyp7Obb8v5eCjs.jpg,,in,,7,5,34,https://x.com/undefined/status/2047863360612708488,604099855,
2047863267461308571,Sat Apr 25 02:20:25 +0000 2026,51,Dunia pendidikan kembali tercoreng oleh aksi tak terpuji seorang siswi kepada gurunya. Kronologi: Si oknum siswi tidak terima saat ditegur dan justru balik membentak serta mengarahkan telunjuknya ke arah sang guru dengan nada tinggi. Kota Langsa Aceh https://t.co/NwliakSBUc,2047863267461308571,https://pbs.twimg.com/ext_tw_video_thumb/2047863229775544320/pu/img/CvHQokmYx8EGlHSM.jpg,,in,,6,34,15,https://x.com/undefined/status/2047863267461308571,1251824880967774208,
2047315838965776822,Sat Apr 25 02:20:23 +0000 2026,0,@enginafess Oi yang bener aja gua juga seumuran sunghoon tapi baru memulai hidup karena kemaren kemaren fokus sama masa pendidikan.,2047863262252015779,,enginafess,in,,0,0,0,https://x.com/undefined/status/2047863262252015779,1555807712918659072,
2047863016432279922,Sat Apr 25 02:19:25 +0000 2026,0,bbrp waktu lalu gw liat di tiktok sekolah rakyat yg ada di makassar muridnya banyak yg dari luar kota makassar jadi kalo dipikir program ini jg ga efisien krna pemerataan pendidikan ga terlaksana ditambah adanya KEMUNGKINAN pengalokasian anggaran yg harusnya ga perlu. https://t.co/c3N21r46Ek,2047863016432279922,https://pbs.twimg.com/amplify_video_thumb/2047862699590365184/img/9YuaakMYhEOfNcl4.jpg,,in,,0,1,0,https://x.com/undefined/status/2047863016432279922,1687408814495268864,
2047796737029615795,Sat Apr 25 02:18:30 +0000 2026,1,@neVerAl0nely___ Gini amat dunia pendidikan kita murid apaan ini... ,2047862785410023463,,neVerAl0nely___,in,,0,0,0,https://x.com/undefined/status/2047862785410023463,3253452510,
2047862778401358292,Sat Apr 25 02:18:28 +0000 2026,0,Akibat Mendik planga plongo Tugas Guru mengajar dan mendidik murid Bukan ngurusin MBG Berani taruhan: DPR RI gak akan bela lindungi Guru PGRI Kemendikdasmen RI Disdik Dinas Pendidikan Kang Dedi Mulyadi #YangTerdidikYangTerbaik https://t.co/gYdx4pMyux,2047862778401358292,,,in,,0,0,0,https://x.com/undefined/status/2047862778401358292,1933320446814109696,
2047578873047749080,Sat Apr 25 02:16:19 +0000 2026,0,@bangherwin Mengapa...? Utk kesehatan &amp; pendidikan susah sekali anggarannya. Utk dihambur2kan dg segala printilan MBG &amp; BGN mudah bgt anggarannya diberikan -lihat yg punya SPPG &amp; Dapur MBG vs menu MBG yg diterima anak2 &amp; keracunan MBG -Berita BGN yg pamer terus seperti OKB. Speechless ga?,2047862236098777468,,bangherwin,in,,0,0,0,https://x.com/undefined/status/2047862236098777468,1097417295356260352,
2047862207418093904,Sat Apr 25 02:16:12 +0000 2026,0,Open joki tugas: ▪︎Ilmu Kesejahteraan Sosial ▪︎ PGSD ▪︎BK ▪︎Teknologi Pendidikan ▪︎Perpajakan ▪︎Ilmu Bahasa dan Linguistik ▪︎Ilmu Budaya ▪︎Humas ▪︎Desain (brosur pamflet) ▪︎Seni need hub https://t.co/Ezayj736T5,2047862207418093904,,,in,,0,0,0,https://x.com/undefined/status/2047862207418093904,1686332052273352704,
2047500180338131272,Sat Apr 25 02:15:29 +0000 2026,0,@ruliemaulana Elu yang tolol memahami serapan anggaran pendidikan aja ga paham. Payah bener.,2047862029520941462,,ruliemaulana,in,,0,0,0,https://x.com/undefined/status/2047862029520941462,262750853,
2047856923425546498,Sat Apr 25 02:11:41 +0000 2026,0,@worjfangs ohno... knp pendidikan gak merata yah hei kemendikbud ,2047861072330436981,,worjfangs,in,,0,0,0,https://x.com/undefined/status/2047861072330436981,1777449167994134536,
2047674439085531295,Sat Apr 25 02:11:02 +0000 2026,0,@ccrdagbok @shflyy_vee Tapi aku kenal pacarku di Bumble juga tahun 2022 lalu. Dia kerja di mining gelar pendidikan mantep s2 ln dan sedang menempuh profesi insinyur. Emang chatingan kaku banget awal kenal pas ketemu malah nyambung ngobrolnya. Do'ain yaaa tahun ini kami akan menikah,2047860908542902568,,ccrdagbok,in,,0,0,0,https://x.com/undefined/status/2047860908542902568,1127514238153441281,
2047590397308965181,Sat Apr 25 02:09:51 +0000 2026,0,@nozelism kalau masih banyak anak belum mendapat akses pendidikan yang layak berarti yang perlu dibenahi memang akar masalahnya.,2047860609681850705,,nozelism,in,,0,0,0,https://x.com/undefined/status/2047860609681850705,1836229621425278977,
2047845395641098568,Sat Apr 25 02:09:50 +0000 2026,4,@soangemoy Yoi arya dikatain tidak fantass beradegan begitu tidak mendidik orang gila mana yg mau cari pendidikan di series yg judulnya algojo Kadang kadang suka herman,2047860607853216132,,soangemoy,in,,0,1,0,https://x.com/undefined/status/2047860607853216132,46342206,
2047860565398499331,Sat Apr 25 02:09:40 +0000 2026,0,Ini Pendidikan Syekh Ahmad Misry Tersangka Kasus Dugaan Pelecehan Seksual https://t.co/GQj8kz65Zk,2047860565398499331,,,in,,0,0,0,https://x.com/undefined/status/2047860565398499331,47274731,
2047796737029615795,Sat Apr 25 02:08:35 +0000 2026,0,@neVerAl0nely___ Akibat Menteri Pendidikan Planga Plongo,2047860292827353278,,neVerAl0nely___,in,,0,0,0,https://x.com/undefined/status/2047860292827353278,1933320446814109696,
2047859578344460420,Sat Apr 25 02:05:45 +0000 2026,0,Ada yg posting: Guru direndahkan oleh: Pemerintah Ortu murid Murid Nasib si Kartini 21 April Pengajar dengan status ART DPR RI PGRI Kemendikdasmen RI Kang Dedi Mulyadi Pemprov Jawa Barat Disdik Jabar #TerdidikTerbaik @disdik_jabar Pendidikan https://t.co/kdjPynpQr8,2047859578344460420,,,in,,0,0,0,https://x.com/undefined/status/2047859578344460420,1933320446814109696,
2047796737029615795,Sat Apr 25 02:05:38 +0000 2026,0,@neVerAl0nely___ Ya patut lah pendidikan kita kayak gitu dari muridnya aja melawan sama guru apalagi orang tuanya pasti ngelawan ya tindak lanjut dari pemerintah pun ngk ada respon,2047859549324144841,,neVerAl0nely___,in,,0,0,0,https://x.com/undefined/status/2047859549324144841,1617201817175359489,
2047859419229335556,Sat Apr 25 02:05:07 +0000 2026,0,Makanya perlu pendidikan formal agar tdk gampang dibohongin..... https://t.co/lmlFP6XNGM,2047859419229335556,,,in,,0,0,0,https://x.com/undefined/status/2047859419229335556,2316262206,
2047859388543541623,Sat Apr 25 02:05:00 +0000 2026,0,Jatim Siapkan Ribuan Kursi Pendidikan Gratis Unggulan Lewat Program Sekolah Rakyat Tahun 2026 #BNetwork https://t.co/UVmZxXnHNN,2047859388543541623,,,in,,0,0,0,https://x.com/undefined/status/2047859388543541623,154102750,
2047156812026405224,Sat Apr 25 02:03:59 +0000 2026,0,Diskusi 2: 8/8 Etika dan pendidikan anti korupsi Manajemen risiko dan asuransi Pengantar statistika AKM I Auditing I Teori portofolio investasi Akuntansi Biaya AKL I ,2047859134494883865,,pikapikachuu_00,in,,1,0,0,https://x.com/undefined/status/2047859134494883865,1919538678986428416,
2047586346555125772,Sat Apr 25 02:03:40 +0000 2026,0,@tempodotco Beasiswa/pendidikan gratis kata gue solusinya. Mbg program bagus tp untuk saat ini blm prioritas prioritaskan perbaikan ekonomi &amp; stabilitas harga pangan supaya makanan bergizi mudah &amp; murah diakses seluruh lapisan masyarakat.,2047859053997805696,,tempodotco,in,,0,0,0,https://x.com/undefined/status/2047859053997805696,1100005749210505217,
2047796737029615795,Sat Apr 25 02:03:33 +0000 2026,0,@neVerAl0nely___ melihat generasi skrg sdh bnr2 kelwt batas adab gk ada sombong sok mrs plg pintar alih2 melwn tenaga guru yg notabennya pengganti ortu di sekolah! tolong buat dinas pendidikan mapel Pendidikan Moral Pancasila (PMP) digalakkan kmbli utk tiap sekolah dr tingkat SD s/d SMA,2047859023534506067,,neVerAl0nely___,in,,0,0,0,https://x.com/undefined/status/2047859023534506067,1677614015319805953,
2047683590511862063,Sat Apr 25 02:02:15 +0000 2026,0,@B4r4_Akb4r bagi yang sekolah pendidikan guru bayar aja dengan mendoa kan menteri ini pahala nya gedhe,2047858695783219490,,B4r4_Akb4r,in,,0,0,0,https://x.com/undefined/status/2047858695783219490,3233590753,
2047858368883339291,Sat Apr 25 02:00:57 +0000 2026,0,lingkaran setan sdm goblok &gt; milih pemimpin goblok &gt; ga peduli pada aspek pendidikan &gt; lahirlah sdm goblok,2047858368883339291,,,in,,0,0,0,https://x.com/undefined/status/2047858368883339291,1091344794880663554,
2047858220962832512,Sat Apr 25 02:00:21 +0000 2026,0,Kesempatan besar buat anak-anak miskin maju bareng Sekolah Rakyat yang kasih pendidikan terbaik https://t.co/Il5lj4rMr5,2047858220962832512,https://pbs.twimg.com/media/HGt0MDtbIAART-1.jpg,,in,,0,0,0,https://x.com/undefined/status/2047858220962832512,1847108693596274689,
2047858185994928175,Sat Apr 25 02:00:13 +0000 2026,0,S2 ambil di binus or ui yaa kalau enak sambil bisnis dan ambis full pendidikan. dan bingung ambil ekonomi apa tax and finance,2047858185994928175,,,in,,0,0,0,https://x.com/undefined/status/2047858185994928175,935145459303071744,
2047601193611059592,Sat Apr 25 01:58:20 +0000 2026,0,@salam4jari Bahkan @PDI_Perjuangan?? munafik sekali yaa.. mulut sok concern dengan pendidikan begitu balik badan menikmati anggaran embege https://t.co/vls2ktGOp1,2047857710704857566,,salam4jari,in,,0,0,0,https://x.com/undefined/status/2047857710704857566,2415745814,
2047857577229423092,Sat Apr 25 01:57:48 +0000 2026,0,Sebagai ibu negara beliau sangat peduli kepada anak-anak. Salah satu wujud kasih sayang seorang ibu adalah pendidikan yang baik untuk anak-anaknya.,2047857577229423092,,,in,,0,0,0,https://x.com/undefined/status/2047857577229423092,728949641421553665,
2047675733418389740,Sat Apr 25 01:57:32 +0000 2026,0,@TamagoPost ᅠ ఌ︎ Jika belum terlambat saya tertarik dan ingin mencoba peruntungan. Perkenalkan saya Rebecca Alicesya dengan pengguna rupa Ning Yizhuo. Saya adalah seorang 𝘮𝘦𝘥𝘪𝘤𝘢𝘭 𝘴𝘵𝘶𝘥𝘦𝘯𝘵 𝘫𝘶𝘨𝘢 𝘪𝘯𝘧𝘭𝘶𝘦𝘯𝘤𝘦𝘳 yang aktif dalam mengedukasi terkait pendidikan ᅠ,2047857510997250058,,TamagoPost,in,,0,1,0,https://x.com/undefined/status/2047857510997250058,842854700,
2047796737029615795,Sat Apr 25 01:56:27 +0000 2026,0,@neVerAl0nely___ Dunia pendidikan pasca covid bukan y membaik.. Malah yg ada semakin ambrol dan ditambah kurner yg mana siswa/i tdk boleh ada yg tggal kelas atau tdk lulus belum pendidikan etika tdk ada.,2047857237650231761,,neVerAl0nely___,in,,0,0,0,https://x.com/undefined/status/2047857237650231761,1241596438561181696,
2047856969151836508,Sat Apr 25 01:55:23 +0000 2026,0,Lanjutkan.... oke gaz. oke gaz. Pemerintahan Prabowo-Gibran berhasil melanjutkan nilai-nilai pendidikan yang ditanamkan sejak jaman Jokowi.,2047856969151836508,,,in,,0,0,0,https://x.com/undefined/status/2047856969151836508,728949641421553665,
2047661843091530121,Sat Apr 25 01:54:36 +0000 2026,0,@ninisniso @zhil_arf bukankah itu egois? Tujuan pendidikan untuk mencerdaskan bukan? Yg kurang pintar bermasalah dididik untuk lebih baik. Jadi peran guru fasilitas &amp; pemerintah harus sejalan,2047856773227577454,,pakharto25500,in,,0,0,0,https://x.com/undefined/status/2047856773227577454,1641926009246330880,
2047856564791623968,Sat Apr 25 01:54:10 +0000 2026,0,Kegiatan ini bertujuan untuk memastikan bahwa setiap objek yang diusulkan memiliki nilai penting sejarah ilmu pengetahuan pendidikan agama dan/atau kebudayaan yang layak ditetapkan sebagai Cagar Budaya peringkat provinsi. Selain itu sidang ini juga menjadi wadah sinergi.,2047856664347660632,,budparekrafjtg,in,,0,1,0,https://x.com/undefined/status/2047856664347660632,821576106029391872,
2047835350471696881,Sat Apr 25 01:54:06 +0000 2026,11,@vita_AVP Kenapa ? Dari segi pendidikan saat ini terlihat di ibu kota semua hampir rata rata setara untuk sebuah kasir toko ajah ituh S1 bayangkan padahal pas duduk di bangku kuliah berfikir akan kerja di perusahaan gedung pencakar langit inilah genderasi emas 10000 loker,2047856648241533063,,vita_AVP,in,,0,2,0,https://x.com/undefined/status/2047856648241533063,1330704641785356289,
2047856431484035218,Sat Apr 25 01:53:15 +0000 2026,0,Pendidikan Akhlaq itu diusia Dini Kejujuran itu Pendidikan yg harusnya sdh diberikan kpd Manusia sejak kanak². Jadi jika Kelakuan Seseorang menyimpang itu hasil didikan dimasa kecilnya. Jika Seseorang Korupsi jangan ditanya Universitasnya dimana tapi tanya TK nya dimana ARB https://t.co/boJZ7fnmc8,2047856431484035218,https://pbs.twimg.com/ext_tw_video_thumb/2047855593063612416/pu/img/i1Ktj9VQ83Bqv6Fo.jpg,,in,,0,0,0,https://x.com/undefined/status/2047856431484035218,1689127825440493568,
2047503766069579974,Sat Apr 25 01:52:50 +0000 2026,0,@cynthiafrh @zanatul_91 @Kemdikdasmen Berarti aturan terbaru tsb belum tersosialisasi dgn merata di seluruh negeri. Patut diduga Dinas Pendidikan di propinsi dan di kabupaten/kota belum meneruskan info tsb ke sekolah² swasta,2047856326710276390,,cynthiafrh,in,,0,0,0,https://x.com/undefined/status/2047856326710276390,1515665369213861896,
2047855567579001084,Sat Apr 25 01:49:49 +0000 2026,0,Makin gada harga dirinya dah pendidikan di indo,2047855567579001084,,,in,,0,0,0,https://x.com/undefined/status/2047855567579001084,1394930786583777283,
2047323539897024596,Sat Apr 25 01:46:48 +0000 2026,2,@gastronusa Salah satu peyebab ini karena sistem pendidikan juga diacak acak semua harus lulus gak boleh ada yang gak naik kelas guru sibuk ngurus adm gaji pengajar rendah zonasi dan usia. Ditambah efek masih sosial media dan influencer. Udahlah wassalam ,2047854807629922498,,gastronusa,in,,0,1,1,https://x.com/undefined/status/2047854807629922498,1760994672808468480,
2047796737029615795,Sat Apr 25 01:46:41 +0000 2026,0,@neVerAl0nely___ harusnya langsung dikeluarkan diboikot dr pendidikan siswa bgitu murid jaman dulu senakal.nakalnya ga berani sama guru. beranipun cm dibelakang sungguh miris,2047854778840138101,,neVerAl0nely___,in,,0,0,0,https://x.com/undefined/status/2047854778840138101,2323076276,
2047575169980412084,Sat Apr 25 01:45:58 +0000 2026,2,@sicksadjunc @yappingfess sekolah dulu ege lu kek orang kagak dikasih pendidikan ama mak bapak lu,2047854598703214765,,sicksadjunc,in,,0,1,0,https://x.com/undefined/status/2047854598703214765,1947130728514560001,
2047661719024177248,Sat Apr 25 01:45:47 +0000 2026,0,@kompascom @andi_achilles Siswa yang tidak tertampung di sekolah negeri kasih gratis SPP di sekolah swasta. Itu hak mereka mendapatkan pendidikan sama seperti yg sekolah di negeri gratis. Duit jangan buat MBG.,2047854551894724659,,kompascom,in,,0,1,1,https://x.com/undefined/status/2047854551894724659,1605783604591620097,
2047522040266342631,Sat Apr 25 01:44:15 +0000 2026,1,@scrnsyt Gapaham orang judi sampe juta-jutaan. Mau nyari uang kenapa ga ambil pendidikan kursus sertifikasi sekalian ambil tools buat kerja. Kalo mau nyari menang tinggal beli PC terus beli game. Kalo ga puas ama gamenya tinggal pasang mod atau bikin sendiri sekalian,2047854169420447898,,scrnsyt,in,,0,2,0,https://x.com/undefined/status/2047854169420447898,1090233481160941568,
2047646086886752730,Sat Apr 25 01:43:58 +0000 2026,1,@Goo9le_Fiv3 Hidup MBG ya wo @prabowo bangun wo.... bangun... anda tuh terpilih jd pemimpin di Indonesia buat ksh solusi kyk gini2 lho bkn malah bolak-balik ke paris ultah si teddy di rayain mewah bkn wo urusan elo tuh urusin rakyat2 kecil agar mrk punya akses ke pendidikan kesehatan,2047854095852265771,,Goo9le_Fiv3,in,,0,0,0,https://x.com/undefined/status/2047854095852265771,1223541441768460288,
2047716531778576759,Sat Apr 25 01:41:01 +0000 2026,0,@xlfrby @zanatul_91 Kan kemarin2 udah ada capres yg mau gratisin pendidikan &amp; kesehatan kalo ga salah...,2047853355347878081,,xlfrby,in,,0,0,0,https://x.com/undefined/status/2047853355347878081,1484750124182274049,
2047853264771899595,Sat Apr 25 01:40:40 +0000 2026,0,Lowongan Kerja CV Fajar Jaya (Garment and Textile Industry) Staff Purchasing Pendidikan minimal S1 dari seluruh jurusan Selengkapnya di: https://t.co/ZzQWYBBlAI,2047853264771899595,,,in,,0,0,0,https://x.com/undefined/status/2047853264771899595,1237416418338992130,
2047851860753854787,Sat Apr 25 01:35:05 +0000 2026,0,Terima kasih KPT turun padang ke UiTM Shah Alam meninjau keperluan projek RP1 RMKe-13. Fokus utama: Ganti peralatan PdP usang Naik taraf kolej kediaman Semoga permohonan peruntukan fasiliti ini diluluskan demi kualiti pendidikan &amp; keselesaan mahasiswa. https://t.co/WRH6jnvJCh,2047851860753854787,https://pbs.twimg.com/media/HGtuV5PacAAciiq.jpg,,in,,0,0,0,https://x.com/undefined/status/2047851860753854787,821281745647472640,
2047843032775397624,Sat Apr 25 01:34:05 +0000 2026,0,@tempodotco Dipicu oleh kebijakan yang mengada-ada. Pendidikan dan kesehatan dipangkas untuk makan gratis dan kuperasi merput. BUMN dikendalikan tanpa arah. BI diintervensi pemerintah. Siapa lagi yang mau rupiah?,2047851609611456559,,tempodotco,in,,0,0,0,https://x.com/undefined/status/2047851609611456559,1654016877436481537,
2047849007226196088,Sat Apr 25 01:31:52 +0000 2026,26,Agar dapat mengenyam pendidikan tanpa terkendala biaya. Penghargaan ini bukan sekadar apresiasi tetapi juga menjadi motivasi untuk terus menghadirkan inovasi dan memastikan pendidikan berkualitas dapat dirasakan secara merata,2047851051970416799,,dpmdkalteng,in,,0,2,0,https://x.com/undefined/status/2047851051970416799,1512594544805638146,
2047603840426635535,Sat Apr 25 01:31:34 +0000 2026,2,@ridoekal @pelti_nih pendidikan di Indonesia emang tidak merata tapi jangan terlalu ditampakkanlah ketidak merataan itu. Alias itu kamera 360. Ngerekam view 360 derajat,2047850976217022685,,ridoekal,in,,0,0,0,https://x.com/undefined/status/2047850976217022685,2011816508255821824,
2047850934039171441,Sat Apr 25 01:31:24 +0000 2026,0,paling bener lu kirim anaka anak lu ke sekolah katolik atau kristen atau budda selain pendidikan karakter juga dibentuk kaya pelita harapan atau sekolah santa theresia atau ada tzu chi punya,2047850934039171441,,,in,,0,0,0,https://x.com/undefined/status/2047850934039171441,1776621616975446016,
2047821383737242097,Sat Apr 25 01:31:08 +0000 2026,0,@txtdarigenz97 Bukti bahwa Pendidikan di Indonesia masih banyak PR,2047850865609019868,,txtdarigenz97,in,,0,0,0,https://x.com/undefined/status/2047850865609019868,518352595,
2047636723979706728,Sat Apr 25 01:30:30 +0000 2026,0,@AURoleplayID Stay - @CIAIRV0YANCE - 1 - Lulus pendidikan lebih cepat karena program akselerasi. Memiliki sahabat bintang laut. Suka berjalan-jalan tapi mudah tersesat.,2047850706150031800,,AURoleplayID,in,,0,0,0,https://x.com/undefined/status/2047850706150031800,1595472753766776832,
2047849007226196088,Sat Apr 25 01:30:29 +0000 2026,0,Dalam kondisi tersebut digitalisasi menjadi solusi strategis untuk mempercepat pemerataan pendidikan. Pemprov Kalteng terus mendorong transformasi pembelajaran melalui Kelas Digital Huma Betang sistem pembelajaran hybrid penguatan pembelajaran bahasa asing serta pemanfaatan,2047850702240903439,,dpmdkalteng,in,,0,1,0,https://x.com/undefined/status/2047850702240903439,1512594544805638146,
2047603840426635535,Sat Apr 25 01:29:59 +0000 2026,1,@Mas_zobirin @pelti_nih Ealah masih ada yg begini ternyata. PR pendidikan kita masih jauh banget,2047850577431027854,,Mas_zobirin,in,,0,0,0,https://x.com/undefined/status/2047850577431027854,2011816508255821824,
2047821383737242097,Sat Apr 25 01:29:01 +0000 2026,0,@bebas_175 @txtdarigenz97 Bukti pendidikan di Indonesia masih banyak PR nya,2047850332026445996,,bebas_175,in,,0,0,0,https://x.com/undefined/status/2047850332026445996,518352595,
2047850039712874661,Sat Apr 25 01:27:51 +0000 2026,0,Terus ngapain maksa MBG bangsat bukan nya pendidikan gratis,2047850039712874661,,,in,,0,0,0,https://x.com/undefined/status/2047850039712874661,132958335,
2047796737029615795,Sat Apr 25 01:27:48 +0000 2026,0,@neVerAl0nely___ Saat pemerintah tak ada keinginan mengutamakan pendidikan dan pembentukan karakter anak bangsa maka kecerdasan etika dan moralitas anak bangsa akan terus mengalami kemrosotan,2047850028707020878,,neVerAl0nely___,in,,0,0,0,https://x.com/undefined/status/2047850028707020878,1722427699791368192,
2047488747240054897,Sat Apr 25 01:27:11 +0000 2026,0,@nanaxhyyh @JackJ93910 @KapudS640 terbukti kan warga kita butuh pendidikan gratis sampe ke orang orang miskin kak? duh jadi keinget visi misi seseorang deh,2047849871366086816,,nanaxhyyh,in,,0,0,0,https://x.com/undefined/status/2047849871366086816,1959249008846909440,
2047840306318786736,Sat Apr 25 01:27:08 +0000 2026,0,@msaid_didu Akibat pelecehan dunia pendidikan yang dilakukan pejabat,2047849861471690881,,msaid_didu,in,,0,0,0,https://x.com/undefined/status/2047849861471690881,1750548611849752576,
2047849007226196088,Sat Apr 25 01:26:03 +0000 2026,0,Capaian ini juga melanjutkan keberhasilan sebelumnya di mana Gubernur Kalimantan Tengah H. Agustiar Sabran meraih Pemimpin Daerah Award 2025 kategori Inovasi Daerah Bidang Pendidikan sebagai pengakuan atas komitmen memajukan sektor pendidikan di Bumi Tambun Bungai.,2047849586648371365,,dpmdkalteng,in,,0,1,0,https://x.com/undefined/status/2047849586648371365,1512594544805638146,
2047849007226196088,Sat Apr 25 01:25:45 +0000 2026,0,Penghargaan yang diterima secara langsung oleh Wakil Gubernur Kalimantan Tengah H. Edy Pratowo ini menjadi bentuk apresiasi atas berbagai terobosan Pemprov Kalteng dalam meningkatkan kualitas pendidikan berbasis teknologi serta pemerataan akses pendidikan bagi masyarakat.,2047849513860420036,,dpmdkalteng,in,,0,1,0,https://x.com/undefined/status/2047849513860420036,1512594544805638146,
2047669211435254005,Sat Apr 25 01:24:05 +0000 2026,17,@babijoged 2024 pilih Anies alasannya mendasar: Tanpa harus menjelakkan lawannya doi sudah punya semua. Keturunan intelektual sekaligus ulama. Penggerak IM. Pendidikan paling tinggi dari lawannya. Fluent in English bapak Integrasi di DKI,2047849091456270696,,babijoged,in,,0,0,1,https://x.com/undefined/status/2047849091456270696,91723515,
2047849007226196088,Sat Apr 25 01:23:45 +0000 2026,37,Selamat &amp; sukses atas diraihnya penghargaan National Governance Award 2026 oleh Pemerintah Provinsi Kalimantan Tengah pada kategori Pendidikan. https://t.co/0HKZXsfex8,2047849007226196088,https://pbs.twimg.com/media/HGtr0OAaIAAUQG2.jpg,,in,,0,2,0,https://x.com/undefined/status/2047849007226196088,1512594544805638146,
2047796737029615795,Sat Apr 25 01:23:33 +0000 2026,0,@neVerAl0nely___ Sistem pendidikan yang terbukti .....,2047848958115172397,,neVerAl0nely___,in,,0,0,0,https://x.com/undefined/status/2047848958115172397,1656474926600318976,
2047848917820391483,Sat Apr 25 01:23:23 +0000 2026,12,alasan gamau jadi guru walaupun kuliah pendidikan,2047848917820391483,,,in,,0,3,1,https://x.com/undefined/status/2047848917820391483,1859914646150696960,
2047518182081188172,Sat Apr 25 01:22:38 +0000 2026,0,@slvkive Bisa bangeettt. Untuk semua program bisa diikuti lulusan SMA ya. Di twit ini bisa diliat background pendidikan yg uda pada brgkt.,2047848726006481398,,slvkive,in,,0,0,0,https://x.com/undefined/status/2047848726006481398,1535431275548356608,
2047307793171095845,Sat Apr 25 01:21:19 +0000 2026,0,@xiaohuailan @drlrst Ide: Apakah kemiskinan yg diwariskan punya korelasi/kausalitas dgn pendidikan ortu. Gak perlu data raw krn bakal digabung sitasi yg lain.,2047848397219234083,,xiaohuailan,in,,0,0,0,https://x.com/undefined/status/2047848397219234083,107664351,
2047848277165703662,Sat Apr 25 01:20:51 +0000 2026,0,Cek OHSOME Mainan Balok Susun Anak DIY 280pcs Bahan ABS Kuat Tahan Lama Set Kado Pendidikan Awal Toys Educational Gift Set Boys Girls Multicoloured Game Musical dengan harga Rp59.900. Dapatkan di Shopee sekarang! https://t.co/5ZKj8mKAUd,2047848277165703662,,,in,,0,0,0,https://x.com/undefined/status/2047848277165703662,2011443760635523072,
2047796737029615795,Sat Apr 25 01:19:55 +0000 2026,0,@neVerAl0nely___ Black list aja dari dunia pendidikan,2047848044138479821,,neVerAl0nely___,in,,0,0,0,https://x.com/undefined/status/2047848044138479821,2004483439840698368,
2047847783160520865,Sat Apr 25 01:18:53 +0000 2026,0,Cek OHSOME Mainan Balok Susun Anak DIY 280pcs Bahan ABS Kuat Tahan Lama Set Kado Pendidikan Awal Toys Educational Gift Set Boys Girls Multicoloured Game Musical dengan harga Rp59.900. Dapatkan di Shopee sekarang! https://t.co/5ZKj8mKAUd https://t.co/otOzaepJwi,2047847783160520865,https://pbs.twimg.com/media/HGtqsAdaUAA8JON.jpg,,in,,0,0,0,https://x.com/undefined/status/2047847783160520865,2011443760635523072,
2047661843091530121,Sat Apr 25 01:18:02 +0000 2026,0,@zhil_arf Jumlah guru harus ditambah kualitas guru harus ditingkatin gaji guru harus tinggi fasilitas pendidikan lengkap. Harusnya gitu,2047847569523618208,,zhil_arf,in,,0,0,0,https://x.com/undefined/status/2047847569523618208,631872889,
2047847163649257475,Sat Apr 25 01:16:25 +0000 2026,4,Dari program jadi proyek jadi bisnis jadi politis Sebuah trajektory yang sukses dari penggunaan dana publik untuk pendidikan,2047847163649257475,,,in,,0,0,4,https://x.com/undefined/status/2047847163649257475,29385415,
2047846992140005528,Sat Apr 25 01:15:44 +0000 2026,0,Saya Tidak Punya Pendidikan Tinggi tetapi Hidup Memaksa Saya Terus Belajar https://t.co/Vh9UB4hH5c,2047846992140005528,,,in,,0,0,0,https://x.com/undefined/status/2047846992140005528,23786106,
2047802200014131289,Sat Apr 25 01:15:44 +0000 2026,0,@Dara_Cega @opaparawitha Kurikulum Pendidikan Ganti Mentri Ganti Kurikulum. Pejabat /Mentri baru spt Alergi dg Kurikulum pendahulunya. Kl alasan mengikuti Kemajuan zaman ok lah tp jgn smua di Rubah kurikulum nya. Toh dg Perubahan Kurikulum tdk ada Dampak nya pd Anak Didik. Tk bkin siswa makin pintar.,2047846989254254788,,Dara_Cega,in,,0,0,0,https://x.com/undefined/status/2047846989254254788,881489755782791169,
2047846950737973562,Sat Apr 25 01:15:34 +0000 2026,0,Ahmad Safei: Jembatan Rusak di Matausu Menyangkut Akses Pendidikan dan Konektivitas Antarwilayah https://t.co/q72D30rrjL,2047846950737973562,,,in,,0,0,0,https://x.com/undefined/status/2047846950737973562,584835300,
2047837455370629229,Sat Apr 25 01:15:31 +0000 2026,6,@BudiBukanIntel Kaltim dari dulu ga beres loh. Udah jalan rusak terus berbatu. Truk tambang lewat terus Ga ada lampu jalan Pendidikan dan keamanannya mengerikan.,2047846938461286612,,BudiBukanIntel,in,,0,1,0,https://x.com/undefined/status/2047846938461286612,272846189,
2047846679916003745,Sat Apr 25 01:15:15 +0000 2026,24,Penghargaan yang diterima secara langsung oleh Wakil Gubernur Kalimantan Tengah H. Edy Pratowo ini menjadi bentuk apresiasi atas berbagai terobosan Pemprov Kalteng dalam meningkatkan kualitas pendidikan berbasis teknologi serta pemerataan akses pendidikan bagi masyarakat.,2047846870844842463,,dpmdkalteng,in,,0,1,0,https://x.com/undefined/status/2047846870844842463,1512594544805638146,
2047846848950657231,Sat Apr 25 01:15:10 +0000 2026,0,kelebihan : bertanggung jawab secara finansial sandang-pangan-papan pendidikan semua terpenuhi kekurangan : short temper hobi kekerasan fisik + verbal gaprnh punya waktu dirumah (taunya cm kerja) in the end dia diam diam nikah sm cewe lain gw tau sebulan sblm bokap meningsoy,2047846848950657231,,,in,,0,1,0,https://x.com/undefined/status/2047846848950657231,1783158456993955840,
2047541473651073192,Sat Apr 25 01:14:51 +0000 2026,0,@wintrsnowflake @buywle Sekolah Rakyat di tentang?? Kalian gak setuju sekolah Rakyat??? Bukannya pada minta pendidikan gratis?,2047846768755560576,,wintrsnowflake,in,,0,0,0,https://x.com/undefined/status/2047846768755560576,1799002738728321024,
2047716531778576759,Sat Apr 25 01:14:45 +0000 2026,4,@zanatul_91 kmrn abis beli bakso abangnya nanya lg ujian gini emBG masih dibagiin? trs gw jwb jalan terus atuh gabakal berenti. pas puasa aja ttp jalan orgmah anak lg sekolah jgn dikasih mbadok gratisin pendidikan sm kesehatan harusnya emg program sampah bener.,2047846745313562638,,zanatul_91,in,,0,1,0,https://x.com/undefined/status/2047846745313562638,528063646,
2047796737029615795,Sat Apr 25 01:11:17 +0000 2026,1,@neVerAl0nely___ Mungkin dampak dari kebijakan sekolah zonasi yang dulu digagas menteri pendidikan yg skrg dipenjara dimana tidak ada sekolah favorit yang harus ditempuh dengan ujian namun hanya modal lokasi pelajar terhadap lokasi sekolah sudah bisa dapat sekolah bagus,2047845870658564136,,neVerAl0nely___,in,,0,0,0,https://x.com/undefined/status/2047845870658564136,1982124416604737536,
2047796737029615795,Sat Apr 25 01:09:26 +0000 2026,0,@neVerAl0nely___ Mana peran pemerintah menteri pendidikan??? Sepertinya negeri ini tidak punya pemimpin untuk Rakyatnya!! Rakyat dari A-Z berjuang sendiri... pajaknya di Uber2 telat di denda...,2047845405199855738,,neVerAl0nely___,in,,0,0,0,https://x.com/undefined/status/2047845405199855738,1605019804758183937,
2047796737029615795,Sat Apr 25 01:06:04 +0000 2026,0,@neVerAl0nely___ inilah cermin pendidikan indonesia..klo kita lihat pola pendidikan di jepang..dari TK smpe SD...benar2 pebdidikan ahklak dan moral do prioritaskan,2047844556591583604,,neVerAl0nely___,in,,0,0,0,https://x.com/undefined/status/2047844556591583604,1798911590949179392,
2047844517659939300,Sat Apr 25 01:05:54 +0000 2026,3,Ini dosen goblog banget ngebacot tapi argumennya lemah tipikal pemuja anies emang mayoritas orang yg dibesarkan oleh orang tua minim pendidikan walau mereka skrg mereka bependidikan tinggi tapi nalarnya lemah Woy dosen goblog merauke salah satu lumbung padi indonesia timur https://t.co/SbE9Pd6Z3e,2047844517659939300,https://pbs.twimg.com/media/HGtnkyMbwAAA6Tu.jpg,,in,,0,1,1,https://x.com/undefined/status/2047844517659939300,1591114837135806464,
2047796737029615795,Sat Apr 25 01:04:10 +0000 2026,0,@neVerAl0nely___ Kenapa akhir-akhir ini berita pendidikan yang naik malah berita jelek??,2047844081922166807,,neVerAl0nely___,in,,0,0,0,https://x.com/undefined/status/2047844081922166807,1835349799929057280,
2047796737029615795,Sat Apr 25 01:03:27 +0000 2026,0,@neVerAl0nely___ Ketika perform guru minim didaktik metodik dan dangkal pendekatan emosional dan kering manajemen kelas. Yg terjadi yaaa seperti itu. Boleh percaya boleh tidak sarjana pendidikan fresh graduate tidak siap mengajar.,2047843899394425027,,neVerAl0nely___,in,,0,0,0,https://x.com/undefined/status/2047843899394425027,1451929455685898250,
2047796737029615795,Sat Apr 25 01:01:56 +0000 2026,0,@neVerAl0nely___ Inikah buah dari Revolusi Mental ala @jokowi ? Inikah potret pendidikan kita saat ini @Kemdikdasmen ? Apakah generasi kedepan yg spt ini yang akan melanjutkan estafet kepemimpinan negeri ? Miris dan suram dunia pendidikan kita.,2047843518258016258,,neVerAl0nely___,in,,0,0,0,https://x.com/undefined/status/2047843518258016258,1723566597951168512,
2047843087398089013,Sat Apr 25 01:00:13 +0000 2026,0,Khamis 23 April 2026 - Kementerian Pendidikan melalui Program Bimbingan Literasi dan Numerasi 2.0 (LNCP 2.0) dengan kerjasama Unit Tenaga Pengajar Akademi Kepimpinan dan Guru Brunei Darussalam telah mengadakan Sesi Sosialisasi Coaching Model Training Programme 2026/2027... https://t.co/4vnqpgTRWK,2047843087398089013,https://pbs.twimg.com/media/HGtmbQ6bwAAcFGe.jpg,,in,,0,1,0,https://x.com/undefined/status/2047843087398089013,1853747910,
2047843072646726119,Sat Apr 25 01:00:10 +0000 2026,0,kagak menarik samsek anjeeerrrr kecuali kalo lu kasih rumah jaminan masa tua jaminan kesehatan sama pendidikan anak gratis baru dahhh,2047843072646726119,,,in,,0,0,0,https://x.com/undefined/status/2047843072646726119,1114347083098513408,
2047843034180846039,Sat Apr 25 01:00:01 +0000 2026,0,Kerajaan Negeri menawarkan latihan Pendidikan dan Latihan Teknikal dan Vokasional (TVET) secara percuma melalui Inisiatif Kemahiran Teknikal &amp; Ikhtisas Smart Selangor (IKTISASS) bagi membuka lebih banyak peluang pekerjaan berkualiti kepada penduduk tempatan. EXCO Sumber https://t.co/DoUBbdxmdY,2047843034180846039,https://pbs.twimg.com/amplify_video_thumb/2047622062156697600/img/7HiMHLwGrAs9dtI2.jpg,,in,,0,0,0,https://x.com/undefined/status/2047843034180846039,275057058,
2047843030401781964,Sat Apr 25 01:00:00 +0000 2026,0,𝗗𝗼𝘀𝗲𝗻 𝗨𝗕𝗛𝗜𝗡𝗨𝗦 𝗱𝗶 𝗨𝗶𝗧𝗠: 𝗞𝗮𝗺𝗽𝘂𝘀 𝗱𝗲𝗻𝗴𝗮𝗻 𝗦𝘁𝗮𝗻𝗱𝗮𝗿 𝗣𝗲𝗻𝗱𝗶𝗱𝗶𝗸𝗮𝗻 𝗜𝗻𝘁𝗲𝗿𝗻𝗮𝘀𝗶𝗼𝗻𝗮𝗹 Keren! Dosen UBHINUS terpilih jadi Guest Faculty di UiTM Malaysia bulan Juni nanti. Selengkapnya: https://t.co/1syx3y1o4f https://t.co/wGiESpj9R9,2047843030401781964,https://pbs.twimg.com/media/HGp-zAibAAAXyYQ.jpg,,in,,0,0,0,https://x.com/undefined/status/2047843030401781964,61911501,
2047842918027886741,Sat Apr 25 00:59:33 +0000 2026,0,gua udah harus mulai berkorban dan masuk tahap berhemat untuk masa depan direndahkan karena ga setara dalam hal pendidikan adalah yang terburuk. ngatain jelek ke gua ga begitu kena di gua tapi kalau bilang gua cuma tamatan SMK itu cukup menyakitkan.,2047842918027886741,,,in,,0,0,0,https://x.com/undefined/status/2047842918027886741,2018119308250165248,
2047590007968354616,Sat Apr 25 00:51:41 +0000 2026,0,@MariaAlkaff_ Mentri pendidikan + kpai + mentri ham...brengseek semuaa,2047840937968361917,,MariaAlkaff_,in,,0,0,0,https://x.com/undefined/status/2047840937968361917,2019580762530672646,
2047840519011860836,Sat Apr 25 00:50:01 +0000 2026,0,Wabup Gagarin menyebut guru madrasah di Pacitan sebagai pejuang multitalenta yang tangguh di tengah keterbatasan. Baca ulasan lengkap tentang komitmen memajukan pendidikan Pacitan di tautan berikut: https://t.co/8jxKoYNqj3,2047840519011860836,,,in,,0,0,0,https://x.com/undefined/status/2047840519011860836,1394260704,
2047453063804543185,Sat Apr 25 00:48:42 +0000 2026,0,@DokterTifa Bener Bu. Pertolongan Allooh itu sangat dekat. Allooh Maha Adil. Salam buat Adik Topi Merah.. ilmunya berkah semoga mendapat Rizqi buat pendidikan yang diinginkan.,2047840188567798132,,DokterTifa,in,,0,0,0,https://x.com/undefined/status/2047840188567798132,1132112437870645248,
2047590397308965181,Sat Apr 25 00:48:09 +0000 2026,1,@nozelism @pipis Hemm kalo inflasi pengamat itu ada inflasi pengurus pendidikan yang diurus orang bukan dari background pendidikan ada juga kah?,2047840048499077166,,nozelism,in,,0,0,0,https://x.com/undefined/status/2047840048499077166,54811132,
2047603840426635535,Sat Apr 25 00:46:18 +0000 2026,14,@yulius_jahar @pelti_nih Bang saya tau pendidikan di Indonesia tidak merata tapi jangan terlalu ditampakkanlah ketidak merataan itu.,2047839583208096255,,yulius_jahar,in,,0,1,1,https://x.com/undefined/status/2047839583208096255,384040146,
2047554153388593622,Sat Apr 25 00:43:25 +0000 2026,0,@B4r4_Akb4r Akibatnya Hutang makin melejit Hukum makin jungkir balik semuanya dilanggar senak judatnya jika pemimpin hasil dari manipulasi serta pendidikan ngak jelas berijasa palsu.,2047838857870324216,,B4r4_Akb4r,in,,0,0,0,https://x.com/undefined/status/2047838857870324216,1440215335777357831,
2047838687690731927,Sat Apr 25 00:42:44 +0000 2026,0,kuliah di pendidikan tapi ga mau jadi guru,2047838687690731927,,,in,,0,0,0,https://x.com/undefined/status/2047838687690731927,1261098270014619648,
2047838572997472279,Sat Apr 25 00:42:17 +0000 2026,0,Gua makin kesel sama yg lebih milih makan siang Gratis dari pada pendidikan gratis anjing emang kalian ,2047838572997472279,,,in,,0,1,1,https://x.com/undefined/status/2047838572997472279,1765708856846655488,
2047796737029615795,Sat Apr 25 00:42:03 +0000 2026,0,@neVerAl0nely___ Semoga di blacklist tuh murid dari dunia pendidikan,2047838515241857035,,neVerAl0nely___,in,,0,0,0,https://x.com/undefined/status/2047838515241857035,1816655386449182722,
2041817720711475645,Sat Apr 25 00:40:26 +0000 2026,0,@jokowi Enak banget hidup Lo ya memalsukan indititas pendidikan untuk ngerampok keuangan negara ....,2047838108943859762,,jokowi,in,,0,0,0,https://x.com/undefined/status/2047838108943859762,1924395006728798208,
2047838036252397792,Sat Apr 25 00:40:09 +0000 2026,0,Terakhir Ujian Satuan Pendidikan 2526 Barakallah Lancar dan sukses selalu 9D Izin post X ya... Nak! https://t.co/HocEb10lY8,2047838036252397792,https://pbs.twimg.com/media/HGth1dCaQAA25o1.jpg,,in,,0,0,0,https://x.com/undefined/status/2047838036252397792,358584594,
2047796737029615795,Sat Apr 25 00:39:46 +0000 2026,4,@neVerAl0nely___ Ini kalau beneran dan dua-duanya bisa hilang kontrol memang bukan cuman individu guru dan murid yg bermasalah tapi sistem pendidikan dan pembinaan diri sekolah tersebut perlu dipertanyakan! Ada yg salah disistemnya ini. Mirisss,2047837940072820830,,neVerAl0nely___,in,,0,1,0,https://x.com/undefined/status/2047837940072820830,851559345556905984,
2047837015287427327,Sat Apr 25 00:36:06 +0000 2026,1,ember makanya pendidikan tuh penting buat awewe,2047837015287427327,,,in,,0,0,0,https://x.com/undefined/status/2047837015287427327,470056423,
2047836822320062865,Sat Apr 25 00:35:20 +0000 2026,0,Pengangguran bnyk 19jt lapangan bullshit Sembako mahal Listrik gas BBM pajak mahal Kesehatan pendidikan mahal Apa2 serba dipajakin Dll Makan tuh TerMulWo siapapun presidennya ga ngaruh sm hidup gw ,2047836822320062865,,,in,,0,0,0,https://x.com/undefined/status/2047836822320062865,805360308260737024,
2047804361062162624,Sat Apr 25 00:34:53 +0000 2026,1,@eztehvibes ada sistim pendidikan kita yang salah,2047836709220655298,,eztehvibes,in,,0,0,0,https://x.com/undefined/status/2047836709220655298,3797534720,
2047796737029615795,Sat Apr 25 00:32:39 +0000 2026,0,@neVerAl0nely___ Tolong pemerintah perbaiki UU nya njir jujur aja nih lama2 nyebelin ayo tag menteri pendidikan ama DPR Ri siruh ubah sistem ,2047836148006047779,,neVerAl0nely___,in,,0,0,0,https://x.com/undefined/status/2047836148006047779,2393545790,
2047502120749027521,Sat Apr 25 00:32:25 +0000 2026,0,@NenkMonica Bisa jd institusi pendidikan juga diambil alih,2047836089814249855,,NenkMonica,in,,0,0,0,https://x.com/undefined/status/2047836089814249855,3270468936,
2047835980133249329,Sat Apr 25 00:31:59 +0000 2026,0,Lowongan Kerja Pegawai Kontrak Fakultas Farmasi UMP 1. Staf Asisten Peneliti 2. Staf Administrasi Marketing Pendidikan minimal D3 &amp; S1 Selengkapnya di: https://t.co/nLVdvSpili,2047835980133249329,,,in,,0,0,0,https://x.com/undefined/status/2047835980133249329,1237416418338992130,
2047831151516192903,Sat Apr 25 00:30:41 +0000 2026,0,@4yuuxyz sini kak aku juga lulusan pendidikan lagi BU juga lagi buka joki apa aja 35-50k hari ini ajaa hehe https://t.co/jHe3ul8Y9r,2047835653770293699,,4yuuxyz,in,,0,0,0,https://x.com/undefined/status/2047835653770293699,1726024504579919872,
2047661565978227131,Sat Apr 25 00:30:17 +0000 2026,0,@iwanpiliang7 @saiful_mujani Ini Professor otaknya sudah konslet jiwanya sakit...yg namanya sakit itu tdk mengenal status sosial status pendidikan...selama reformasi Orang² seperti ini yg paling menikmati dari usahanya di industri demokrasi utk meraih kekayaan dari tipu daya dgn survei.,2047835553471795598,,iwanpiliang7,in,,0,0,0,https://x.com/undefined/status/2047835553471795598,1603534745811292161,
2047410160155676978,Sat Apr 25 00:29:59 +0000 2026,0,@TaliUdeng Emang pemerintah sekarang hoby banget ngabisin duit rakyat. Sementara rakyat disuruh efisiensi. Pendidikan di cekik anggrannya. Bencana sumatra ga ada perbaikannya. Hasilnya? Ya utk golongannya aja rakyat selebihnya cukup ngurut dada,2047835479769493754,,TaliUdeng,in,,0,0,0,https://x.com/undefined/status/2047835479769493754,99242658,
2047830690344140984,Sat Apr 25 00:10:58 +0000 2026,0,Segala cara dilakuin kecuali ngasih pendidikan gratis dan merata satu Indonesia,2047830690344140984,,,in,,0,0,0,https://x.com/undefined/status/2047830690344140984,789368418776428546,
2047829571232584187,Sat Apr 25 00:06:31 +0000 2026,0,*Wamenaker Dorong Penguatan Link and Match Melalui Pemagangan Nasional di RS UMMI Bogor* BOGOR Wakil Menteri Ketenagakerjaan (Wamenaker) Afriansyah Noor *Sinergi Pendidikan Vokasi dan Industri* https://t.co/8mAdpO5jGw,2047829571232584187,https://pbs.twimg.com/media/HGtaI1-aIAAbVCF.jpg,,in,,0,1,0,https://x.com/undefined/status/2047829571232584187,1879897618668814336,
2047661843091530121,Sat Apr 25 00:06:10 +0000 2026,0,@Alverus_Alpha @zhil_arf Prof Yohanes Surya itu ambil murid dari daerah yang secara infrastruktur kehidupan umumnya dan pendidikan khususnya itu serba minus tapi motivasi anak sudah bagus dari awal.karena secara akademik mereka yang terbaik disitu. Artinya motivasi anak dari awal sudah bagus.,2047829485970678019,,Alverus_Alpha,in,,0,0,0,https://x.com/undefined/status/2047829485970678019,1582234314926100480,
2047829055702290447,Sat Apr 25 00:04:53 +0000 2026,0,masa kini berani menghadapi tantangan menginspirasi sesama dan berkontribusi bagi kemajuan bangsa Mari terus dukung kesetaraan pendidikan dan ruang berkarya bagi perempuan Indonesia menuju masa depan yang lebih cerah. @kkpgoid @ditjenpkrl @syarifiwanalkadrie,2047829160668905560,,bpkpontianak,in,,0,1,0,https://x.com/undefined/status/2047829160668905560,2928222438,
2047829135704437075,Sat Apr 25 00:04:47 +0000 2026,0,Jujur waktu SD gue selalu bolos tiap hari Kartini alasannya ya karena malas pakai baju adat ga mau repotin ortu cari kostum dan ngapain juga belajar pakai baju berbahan panas. Kartini mendorong hak² pendidikan tapi cara memperingatinya malah bikin penerusnya malas ke sekolah.,2047829135704437075,,,in,,0,0,0,https://x.com/undefined/status/2047829135704437075,48306559,
2047828594760753416,Sat Apr 25 00:02:38 +0000 2026,0,Empat Anak Asuh Yayasan Satu Hati Terima Bantuan Pendidikan Babinsa Klumpu Pastikan Tersalur Aman Dan Tepat Sasaran https://t.co/T24jZ5hiqj,2047828594760753416,https://pbs.twimg.com/media/HGtZPCraQAATw9z.jpg,,in,,0,0,0,https://x.com/undefined/status/2047828594760753416,1601771834873036801,
2047796737029615795,Sat Apr 25 00:01:47 +0000 2026,0,@neVerAl0nely___ @ATJEHinfo @Aceh padahal di Langsa na sidroe guru yg jeut ke Kadisdik aleuhnyan dianggap hayeu sampo dilantik ke sekda kota Langsa seharusnya alih alih nyo sekda beuna perhatian lebih ke dunia pendidikan kadang kalale Ngon proyek wkwkwkw,2047828381262365109,,neVerAl0nely___,in,,0,0,0,https://x.com/undefined/status/2047828381262365109,74092080,
2047827961450213527,Sat Apr 25 00:00:07 +0000 2026,29,Godaan syetan Berjama'ah... PAK KYAI NYINDIRNYA LUAR BIASA COBA KALAU PROGRAM MBG DAN KDMP BUAT PENDIDIKAN &amp; KESEHATAN GRATIS ️ https://t.co/ZZ1gq1MQD9,2047827961450213527,https://pbs.twimg.com/ext_tw_video_thumb/2047827787483103232/pu/img/zlUFP3LzPqR1sWpr.jpg,,in,,0,2,16,https://x.com/undefined/status/2047827961450213527,1383750727575605257,
2047827931825910161,Sat Apr 25 00:00:00 +0000 2026,0,HARI INI : KARNIVAL JOM MASUK UNIVERSITI 2026 ZON TENGAH II ! Jom hadir ke JMU 2026 Zon Tengah II di ketetapan berikut! Dewan Tuanku Canselor Universiti Pendidikan Sultan Idris Tanjong Malim Perak 25 April- 26 April 2026 8.00 Pagi - 5.00 Petang https://t.co/VZm7Q90mbt,2047827931825910161,https://pbs.twimg.com/media/HGZO8K9acAAD5aH.jpg,,in,,0,0,0,https://x.com/undefined/status/2047827931825910161,25926792,
2047827598399725646,Fri Apr 24 23:58:40 +0000 2026,0,Pelajaran berharga dari Sumedang: Bakti kepada orang tua itu mulia tapi pendidikan tetap yang utama. 🇮🇩 Ikhsan membuktikan bahwa niat baik selalu punya jalan. #spotifyxbts https://t.co/ZfLk4fej8t,2047827598399725646,https://pbs.twimg.com/amplify_video_thumb/2047827337987915776/img/r62RqDrG1yD2d6MF.jpg,,in,,0,0,0,https://x.com/undefined/status/2047827598399725646,1963447766669234176,
2047827452811211133,Fri Apr 24 23:58:06 +0000 2026,0,#SahabatBawaslu Bawaslu Kab. Banjarnegara menjadi narasumber Pendidikan Politik oleh Badan Kesatuan Bangsa dan Politik Kabupaten Banjarnegara di Desa Gemuruh Bawang (23/4). #Bawaslu #BawasluJateng #BawasluBanjarnegara #PendidikanPolitik https://t.co/ZsOaEHoFBx,2047827452811211133,https://pbs.twimg.com/media/HGtYM_ZboAATjFy.jpg,,in,,0,0,0,https://x.com/undefined/status/2047827452811211133,1098562038358372353,
2047796737029615795,Fri Apr 24 23:56:40 +0000 2026,0,@neVerAl0nely___ Ampun dah smaa orang2 disekitar nya malah diam aja Sungguh miris pendidikan sekarang,2047827093233492303,,neVerAl0nely___,in,,0,0,0,https://x.com/undefined/status/2047827093233492303,2006871431444090880,
2047826809656586657,Fri Apr 24 23:55:32 +0000 2026,43,Viral‼️ Video Siswa Melawan Guru di Langsa Kembali Hebohkan Media Sosial Dunia pendidikan di Kota Langsa kembali dihebohkan dengan beredarnya sebuah video singkat yang memperlihatkan tindakan tidak terpuji seorang siswi terhadap gurunya. Video yang berdurasi beberapa detik https://t.co/rNBl1gUWN3,2047826809656586657,https://pbs.twimg.com/ext_tw_video_thumb/2047826774063722496/pu/img/mAyBAqjETEVC7rGB.jpg,,in,,1,22,26,https://x.com/undefined/status/2047826809656586657,1351138416088510467,
2047601281938936281,Fri Apr 24 23:55:31 +0000 2026,0,@Zulkifli_ID @penduduk_lokal_ Era SBY lumayan pendidikan diperhatiakn.,2047826804875116755,,Zulkifli_ID,in,,0,1,0,https://x.com/undefined/status/2047826804875116755,2260790066,
2047826180242628706,Fri Apr 24 23:53:02 +0000 2026,0,baca komennya masih ada netizen yg gak paham. pada mengkritik nantangin untuk dipalakin. memang pendidikan warga indonesia sudah turun kualitasnya,2047826180242628706,,,in,,0,0,0,https://x.com/undefined/status/2047826180242628706,1208588099954999297,
2047668108605944170,Fri Apr 24 23:50:14 +0000 2026,0,@Jumianto_RK sekarang ada rencana pembubaran jurusan pendidikan karena over supply dari 490 ribu hanya ada kuota 20 ribu. Prodi kedokteran bakalan kena https://t.co/nRCCQa0iRa,2047825475104596108,,Jumianto_RK,in,,0,0,0,https://x.com/undefined/status/2047825475104596108,1755499498858786817,
2047825414668832799,Fri Apr 24 23:50:00 +0000 2026,0,kejujuran adalah aset yg tak ternilai dalam dunia pendidikan. dukungan kita hari ini adalah bentuk komitmen menjaga integritas tersebut tetap hidup Justice For Poppy https://t.co/2ofkkIvzqH,2047825414668832799,,,in,,0,0,0,https://x.com/undefined/status/2047825414668832799,1794694639154573312,
2047825414580519397,Fri Apr 24 23:50:00 +0000 2026,0,Institusi pendidikan tinggi ternama seharusnya menjadi panutan moral. Ketika dedikasi justru dibalas dengan ancaman kita wajib bersuara demi menegakkan keadilan. Justice for Poppy https://t.co/QP07O5KDh1,2047825414580519397,,,in,,0,0,0,https://x.com/undefined/status/2047825414580519397,1954454224034729984,
2047824630053057020,Fri Apr 24 23:46:53 +0000 2026,0,Kasus Smartboard Dinas Pendidikan Kabupaten Langkat sudah lima bulan belum dilimpahkan ke Pengadilan Tipikor. Baca selengkapnya: https://t.co/vfIxO7RTXd https://t.co/Z06Q2iWiQK,2047824630053057020,https://pbs.twimg.com/amplify_video_thumb/2047824427329650688/img/ohTGLKVILA5wiWOy.jpg,,in,,0,0,0,https://x.com/undefined/status/2047824630053057020,722455504706871296,
2047824496649007171,Fri Apr 24 23:46:21 +0000 2026,0,Smart Baby HP Edukasi Anak Mainan Pendidikan Telepon Cerdas yang Sangat Populer dengan 45 Tombol Fungsi + Lampu + Konten Audio Lengkap Cocok untuk Anak Usia 1-6 Tahun untuk Bermain di Rumah https://t.co/kkFHyPmclv,2047824496649007171,,,in,,0,0,0,https://x.com/undefined/status/2047824496649007171,1874794185519480832,
2047488747240054897,Fri Apr 24 23:45:30 +0000 2026,2,@JackJ93910 @KapudS640 jahat kalo lo sampe doain yang buruk buruk gini ke rakyatnya. mereka bisa setolol itu juga karena dari dulu gak ada akses pendidikan yang baik jadi rakyat rakyat tolol itu gampang digoblok goblokin sama pemerintah. ibaratnya tanpa lo doain juga mereka udah struggling dri dlu,2047824282794004515,,JackJ93910,in,,0,1,0,https://x.com/undefined/status/2047824282794004515,1451957162679275522,
2047579619222786215,Fri Apr 24 23:43:12 +0000 2026,0,@direktoridosen Tugas istri patuh sama suami + pendidikan anak,2047823705963892875,,direktoridosen,in,,0,0,0,https://x.com/undefined/status/2047823705963892875,717921008997388288,
2047821905965773012,Fri Apr 24 23:42:37 +0000 2026,0,Ibuku PNS pertama di keluarganya. Waktu itu tahun 80-an. Jaman segitu pegawai negeri dipandang tinggi di kehidupan sosial. Pada saat itu keluarga ibu di Blitar mostly bekerja sebagai petani dan hampir semua anaknya (sepupu ibu gua) gak mendapatkan pendidikan formal.,2047823558177640880,,boxochoco_,in,,0,1,0,https://x.com/undefined/status/2047823558177640880,1994309442545045505,
2047823490213101920,Fri Apr 24 23:42:21 +0000 2026,0,Skandal Dana Ratusan Miliar LPD Mambal Anak Nasabah Terancam Gagal Lanjutan Pendidikan https://t.co/juztjZyOEP https://t.co/douBejMMNx,2047823490213101920,https://pbs.twimg.com/ext_tw_video_thumb/2047823477311455232/pu/img/aZCMY3I-EO_JcqD6.jpg,,in,,0,0,0,https://x.com/undefined/status/2047823490213101920,1219583460672598022,
2047822828951777558,Fri Apr 24 23:39:43 +0000 2026,0,Pendidikan di indo udah ga terselamatkan mana yang katanya generasi bangsa dikasi makan bergizi tiap hari tapi moral dan attitude nya saja tidak terbentuk Seakan disengaja digerogoti dari dalam bakal jadi apa 10 th kedepan ya indonesia ga berbentuk karena keegoisan pemerintah,2047822828951777558,,,in,,0,0,0,https://x.com/undefined/status/2047822828951777558,1138771247095898113,
2047796737029615795,Fri Apr 24 23:39:37 +0000 2026,2,@neVerAl0nely___ Pendidikan skr sifatnya transaksional relasi guru Dan murid sdh gk ada segan seganya. Dulu murid nakal dihukum guru ngadu ke ortu malah digampar bokap skr malah gurunya disomasi,2047822801084780966,,neVerAl0nely___,in,,0,0,0,https://x.com/undefined/status/2047822801084780966,1113309271838535680,
2047822479432044586,Fri Apr 24 23:38:20 +0000 2026,0,JIKA SDA DIKELOLA DENGAN BENAR DAN AMANAH maka rakyat Indonesia tak perlu membayar Pajak dan termasuk pendidikan dan kesehatan gratis. MUSTAHIL terwujud Tanpa Hukuman Mati bagi Para Koruptor ! TITIK https://t.co/AxGODESemZ,2047822479432044586,https://pbs.twimg.com/ext_tw_video_thumb/2047681134914650112/pu/img/xCPipSXuz3-V2Bzg.jpg,,in,,0,0,0,https://x.com/undefined/status/2047822479432044586,351134369,
2047796737029615795,Fri Apr 24 23:35:52 +0000 2026,0,@neVerAl0nely___ Mengerikan memang kualitas pendidikan kita... seprtinya memang ada skenario utk Mendowngrade Generasi indonesia @prabowo,2047821860063342915,,neVerAl0nely___,in,,0,0,0,https://x.com/undefined/status/2047821860063342915,1834561956675817472,
2047171605340803114,Fri Apr 24 23:35:19 +0000 2026,1,@arifbalikpapan1 Pemerintah pusat giliran revisi anggaran staf honorer di instansi pendidikan sendiri dilambatkan tidak disetujuilah sampe gaji karyawan delay berbulan bulan is is is,2047821721093513571,,arifbalikpapan1,in,,0,0,0,https://x.com/undefined/status/2047821721093513571,1068377155887755264,
2047097531965100119,Fri Apr 24 23:31:58 +0000 2026,0,@escMADISON gw harap next year ada program pendidikan korek kuping,2047820877375611057,,escMADISON,in,,0,0,0,https://x.com/undefined/status/2047820877375611057,599786586,
2047820635246846361,Fri Apr 24 23:31:00 +0000 2026,1,halooo jasa tarot reading hari ini masih ready sampai malam! bisa bahas apa aja cinta karir pendidikan self love past life hidden truth confession message atau pesan dari semesta! bisa pilih juga mau time-based question-based atau theme-based#zonauang https://t.co/3p6dh6oksW,2047820635246846361,https://pbs.twimg.com/media/HGtR7BmagAAmgd7.jpg,,in,,0,0,0,https://x.com/undefined/status/2047820635246846361,1652111508275613696,
2047502076021006388,Fri Apr 24 23:30:42 +0000 2026,0,@insidefolkative Indonesia negara kaya. Pendidikan kesehatan bisa gratis untuk setiap rakyat. Kalau pemerintahan nya mau ngasih kek pemerintah ngasih anggaran ke MBG jancok,2047820558977646758,,insidefolkative,in,,0,0,0,https://x.com/undefined/status/2047820558977646758,1082587296304553984,
2047568566225150412,Fri Apr 24 23:30:28 +0000 2026,0,Menurutku ekosistem pendidikan yg sehat dimulai dari kesejahteraan gurunya. Tanpa kesejahteraan yg layak susah rasanya berharap pendidikan jadi prioritas nasional. Harus ada sinergi dari semua pihak utk perbaikan ini.,2047820498009227728,,prkdlx,in,,0,0,0,https://x.com/undefined/status/2047820498009227728,1207946570630488066,
2047796737029615795,Fri Apr 24 23:30:20 +0000 2026,8,@neVerAl0nely___ Panggil orang tuanya bawa pulang D.O dari sekolah. Gini amat pendidikan di Konoha. Kagak ada Marwah nya.,2047820466384220455,,neVerAl0nely___,in,,0,0,0,https://x.com/undefined/status/2047820466384220455,583515489,
2047568566225150412,Fri Apr 24 23:30:14 +0000 2026,0,Banyak yg ga tau kalo guru honorer sering harus kerja ekstra utk nutup kebutuhan sehari2. Padahal mereka ujung tombak pendidikan. Mungkin udah saatnya pemerintah evaluasi sistem pembayaran biar hak mereka terpenuhi tepat waktu?,2047820440501190831,,prkdlx,in,,0,2,0,https://x.com/undefined/status/2047820440501190831,1207946570630488066,
2047521253939192247,Fri Apr 24 23:29:53 +0000 2026,0,@maghfirotulfi @gastronusa Keren nih dapat POV dari yang pernah terjun langsung. Emang sekompleks itu berarti kak ya pendidikan dasar di negeri ini Tanpa ngerendahin pelajaran yang lain matematika dasar itu ilmu yg wajib banget menurutku buat dikuasain. Masalah mereka akhirnya bisa atau enggak itu,2047820354727625025,,maghfirotulfi,in,,0,0,0,https://x.com/undefined/status/2047820354727625025,346342699,
2047470590819496055,Fri Apr 24 23:29:00 +0000 2026,0,@KangSemproel Nama kartini jadi besar karena memang dia orang yg membuka mata para petinggi kolonial kalau di negara koloni mereka perempuan harusnya punya hak yg sama dalam pendidikan ga sekedar hanya sebagai pelengkap untuk laki laki,2047820128746938377,,block_no3,in,,0,0,0,https://x.com/undefined/status/2047820128746938377,1997134474950451200,
2047271641567384053,Fri Apr 24 23:27:32 +0000 2026,1,@aarummanis @kittygalisback di era sekarang kartini bakal memperjuangkan kesetaraan wanita memperoleh pendidikan setinggi2nya. peningkatan skill jaminan gizi-kesehatan dan keamanan bagi perempuan yg jd tulang punggung keluarga. sjw sama feminazi mana nyampe ke sana otaknya.,2047819761653072269,,aarummanis,in,,0,0,0,https://x.com/undefined/status/2047819761653072269,116252195,
2047802200014131289,Fri Apr 24 23:27:20 +0000 2026,1,@Dara_Cega Tentara tapi jadi duta sekolah lebih baik ikut pendidikan guru dan mengajar di sekolah.,2047819709538795920,,Dara_Cega,in,,0,0,0,https://x.com/undefined/status/2047819709538795920,1977769491493969920,
2047796737029615795,Fri Apr 24 23:26:16 +0000 2026,0,@neVerAl0nely___ inilah pendidikan jauh dari nilai agama adab lebih mulia daripada ilmu nikmatilah masa suram mu wahai indonesia,2047819444588855648,,neVerAl0nely___,in,,0,0,0,https://x.com/undefined/status/2047819444588855648,1736769904848891904,
2047521253939192247,Fri Apr 24 23:26:00 +0000 2026,0,@post_peasent @gastronusa Ngg juga mas. Pernah berkali2 nge- test karyawan yg mau kerja periode 2015-2020. Soal matematika sederhana banyak yg jeblok. Emang ada yg salah dlm kurikulum dan kebijakan pendidikan kita.,2047819375840018793,,post_peasent,in,,0,0,0,https://x.com/undefined/status/2047819375840018793,1830466840860282880,
2047554221642584353,Fri Apr 24 23:22:18 +0000 2026,0,@Zeefire02 Aku mikirny mungkin ayah ibunya belum bisa menempuh pendidikan setinggi anaknya tpi bisa support sejauh itu smpe anakny lulus Lebih bermakna dripada gelar itu sendiri ,2047818444188643628,,Zeefire02,in,,0,0,0,https://x.com/undefined/status/2047818444188643628,1549513440875520000,
2046892831168676333,Fri Apr 24 23:19:46 +0000 2026,0,@txtdrbekasi @Bavanala4 Anggaran pendidikan dan kesejahteraan guru dikuras habis dihambur²kan utk MBG yg korup oleh rezim penguasa @prabowo,2047817807749153118,,txtdrbekasi,in,,0,0,0,https://x.com/undefined/status/2047817807749153118,1606893464914100225,
2047601281938936281,Fri Apr 24 23:19:26 +0000 2026,0,@penduduk_lokal_ Seharusnya 500 batalion honorer Pasukan khusus untuk perbaikan pendidikan ️,2047817722780909821,,penduduk_lokal_,in,,0,0,0,https://x.com/undefined/status/2047817722780909821,18097591,
2047233356266701019,Fri Apr 24 23:16:47 +0000 2026,0,@sirdadu7389165 @findanyworth -tentang bengkel ga sih masa sekedar bikin aja tapi belum menjalani pendidikan di bidang otomotif tersebut. Lagian ini jadi potensi karena banyak cewe otomotif yang susah banget dapet kepercayaan di publik padahal potensial.,2047817055672656154,,cloeverquin,in,,0,0,0,https://x.com/undefined/status/2047817055672656154,1732224544147132416,
2047816958259900578,Fri Apr 24 23:16:24 +0000 2026,0,Gua ngomong ini sebagai dyslexic salah semua yang gak kasih ruang khusus untuk berkembang and learn what we need to learn. Dulu pun gua harus nambah bimba sampai akhir kelas 2 SD. Root problemnya pendidikan yang tidak merata maybe even poverty that leads to child neglection,2047816958259900578,,,in,,0,0,0,https://x.com/undefined/status/2047816958259900578,851833459215609856,
2045398708611883231,Fri Apr 24 23:15:02 +0000 2026,0,@zanatul_91 Bener di desaku juga lagi gini sebagian gedung SD diminta untuk pembangunan KDMP dengan alasan melindungi tanah sawah. Sebenanrnya esensi pendidikan itu apa sih? Bahkan SD nya masih aktif dipakai dan siswanya banyak. Polemik ini masih di kabupaten yg sama. Blitar,2047816616386413034,,zanatul_91,in,,0,0,0,https://x.com/undefined/status/2047816616386413034,2311583142,
2047660389220143338,Fri Apr 24 23:04:04 +0000 2026,0,@rsngprad Mas aku pengen bisa kerja ginian tapi background pendidikan cuma smk sisanya pengalaman kerja di pabrik. Bisa ga si buat kerja wfh? Terus biasanya yang dikerjain tu apa aja kalo wfh? Terimakasih,2047813858023424188,,rsngprad,in,,0,1,0,https://x.com/undefined/status/2047813858023424188,895158809966071808,
2047576568307056702,Fri Apr 24 23:03:50 +0000 2026,0,@amry_finance @LambeSahamjja apa apbn kita sebanyak itu ya tp buat yg pokok2 seperti kesehatan dan pendidikan gabisa tp buat proyek hambur2 uang pasti ada. aneh sekali ya ,2047813795540803811,,amry_finance,in,,0,0,0,https://x.com/undefined/status/2047813795540803811,996212005949267968,
2047652996960653749,Fri Apr 24 23:03:14 +0000 2026,0,@Kingskayl Andaikan Pendidikan adalah prioritas Sekolah gratis anak2 bisa masuk sekolah semua Misal tiap semester ada bagi2 tas sepatu untuk siswa yang membutuhkan Tiap masuk tahun ajaran baru ada seragam yang Perlu di jahit ini bisa meningkat penghasilan tukang jahit,2047813646257185153,,Kingskayl,in,,0,1,0,https://x.com/undefined/status/2047813646257185153,2016743265836683265,
2047699183545823331,Fri Apr 24 23:02:08 +0000 2026,2,@Brutus_Istn2045 @musonique @sugondese6666 Kagak ada mulianya ajg. Plintat plintut dari awal yg katanya buat stunting aja udah ngaco ngasihnya ke orang yg udah gede Ibarat naik tangga langsung melangkah ke MBG. Yg urgen di pendidikan (infrastruktur kesejahteraan pengajar) malah dilewatin,2047813369760272504,,Brutus_Istn2045,in,,0,0,0,https://x.com/undefined/status/2047813369760272504,1710203648,
2047601508339126446,Fri Apr 24 23:01:22 +0000 2026,0,@TahananAzkabn @aromapetrikorr Kekhawatiran soal biaya pendidikan valid tapi narasi MBG bikin rakyat diam terlalu jauh. MBG itu soal pemenuhan gizi bukn alat pembungkam. Pendidikan mahal ttp harus dikritisi tapi solusinya bukan menolak program gizi melainkan dorong keduanya diperbaiki bareng. #LanjutkanMBG,2047813178361512198,,TahananAzkabn,in,,0,1,0,https://x.com/undefined/status/2047813178361512198,1471740704929968128,
2047280457692357082,Fri Apr 24 23:00:51 +0000 2026,0,@handokotjung @makLambeTurah jgn pendidikan y plis semakin ruwet jalur karir dan perkembangan kurikulumnnya,2047813048392650943,,handokotjung,in,,0,0,0,https://x.com/undefined/status/2047813048392650943,1540799394,
2047563995553657130,Fri Apr 24 23:00:35 +0000 2026,0,@K3enik @kenhans03 @ntar_yaa JANGAN NUTUP MATA JUGA : 1. Banyak guru Negri ini gajinya ga sepadan dg gaji tukang nyuci piring MBG 2. Lulusan SMA ga cukup buat menciptakan generasi emas zaman ini 3. Banyak sekolah bobrok 4. Anggaran MBG = sunat dana pendidikan JANGAN TUTUP MATAMU! BTW ente owner sppg/ kary?,2047812980512039026,,K3enik,in,,0,0,0,https://x.com/undefined/status/2047812980512039026,60338602,
2047621328086143150,Fri Apr 24 23:00:31 +0000 2026,0,@MrOngDedy 50:50 50% gaji istri untuk kebutuhan istri pribadi 50% untuk tabungan hari tua; 60:30:5:5 terdiri dari 60% penghasilan suami untuk Rumah Tangga belanja 30% Pendidikan 5% asuransi kesehatan &amp; inv. saham 5% biaya ops suami: makan bensin rokok karaoke hotel jet pribadi.,2047812961570599013,,MrOngDedy,in,,0,0,0,https://x.com/undefined/status/2047812961570599013,15157414,
2047812836307419362,Fri Apr 24 23:00:01 +0000 2026,8,Bismillah Kami mengajak kaum Muslimin untuk bergabung menjadi bagian dari Gazwah Media Indonesia! Saat ini kami membuka lowongan pekerjaan untuk posisi Videographer - Pria Muslim taat beribadah - Tidak merokok dan bebas Narkoba - Pendidikan min. D3 Semua Jurusan (DKV &amp; https://t.co/TkENRbnNTs,2047812836307419362,https://pbs.twimg.com/media/HGqgjkmaoAEBBlt.jpg,,in,,0,0,2,https://x.com/undefined/status/2047812836307419362,711930830097022976,
2047811955298324779,Fri Apr 24 22:56:31 +0000 2026,3,negara lain pada mau sdmnya maju makanya pendidikan murah bahkan gratis. lah ini negara malah batesin ilmu biar apa coba biar pada bisa diboong boongin yha ️,2047811955298324779,,,in,,0,2,0,https://x.com/undefined/status/2047811955298324779,2030990864399659008,
2047483263808401455,Fri Apr 24 22:53:28 +0000 2026,0,@RagilSemar Kita sulit menghargai profesi pendidik karena kita tidak bisa melihat hasil pendidikan dalam waktu singkat. Masyarakat saat ini adalah hasil dari sistem pendidikan 30 tahun kebelakang. Masyarakat 30 tahun kedepan ditentukan dari sistem pendidikan saat ini.,2047811189355458828,,RagilSemar,in,,0,0,0,https://x.com/undefined/status/2047811189355458828,1958837208103747584,
2047563995553657130,Fri Apr 24 22:51:50 +0000 2026,0,@akuragil @kenhans03 @ntar_yaa Nggak harus pilih salah satu. Pendidikan tetap diperkuat fasilitas diperbaiki dan MBG bantu anak biar sehat dan fokus di kelas. Dua-duanya bisa jalan bareng kalau dikawal dengan benar. #LanjutkanMBG,2047810778435342538,,akuragil,in,,0,1,0,https://x.com/undefined/status/2047810778435342538,1471740704929968128,
2047810073700053163,Fri Apr 24 22:49:02 +0000 2026,0,ini ngapa dia yg ngomongin solusi dah mksd gw kyk menteri pendidikan nya teh kamana kitu,2047810073700053163,,,in,,0,0,0,https://x.com/undefined/status/2047810073700053163,1203303428555804673,
2047809525642879251,Fri Apr 24 22:46:52 +0000 2026,4,Ud lama ga buka X Bangun pagi persiapan pendidikan lagi teman teman yang sekarang isinya rata rata influencer ‍️,2047809525642879251,,,in,,0,3,0,https://x.com/undefined/status/2047809525642879251,93652060,
2047809046112342400,Fri Apr 24 22:44:57 +0000 2026,2,saat itu membutuh kan pendidikan kini membutuhkan alutista bekas . tulang harus kuat ..makanya di butuhkan makan .,2047809046112342400,,,in,,0,1,0,https://x.com/undefined/status/2047809046112342400,1432334199625641984,
2047808880114364618,Fri Apr 24 22:44:18 +0000 2026,0,Kemendiktisaintek Tak Toleransi Segala Bentuk Kekerasan di Institusi Pendidikan https://t.co/mADDgaUh3A,2047808880114364618,,,in,,0,0,0,https://x.com/undefined/status/2047808880114364618,1159652982,
2047518618309779694,Fri Apr 24 22:42:51 +0000 2026,1,@PngAdilnR4kyt Harusnya presiden peka terhadap rakyat dibiarkan terpecah hanya krn dari awal pencalonan cawalkot solo dgn pendidikan yg tidak jelas dan Raib di KPU Solo Jakarta..? Ini harus diusut tuntas biar jelas Tidak ada hukumnya Penyidik jd Pembela bisa melangkahi Pengadilan.? usulan https://t.co/mYzZOPZroZ,2047808516300382285,https://pbs.twimg.com/media/HGtG927bYAAtDBa.jpg,PngAdilnR4kyt,in,,0,0,0,https://x.com/undefined/status/2047808516300382285,1398526891322007556,
2047806378123866272,Fri Apr 24 22:34:21 +0000 2026,0,SANIAGAM BRAHMACARI: HUT KE-16 FAKULTAS PENDIDIKAN UNIVERSITAS HINDU INDOESIA RAHAYU &amp; JAYA️ https://t.co/7TC8HVhedH,2047806378123866272,https://pbs.twimg.com/ext_tw_video_thumb/2047806343650988032/pu/img/XvbExsczZd2dF0HT.jpg,,in,,0,0,0,https://x.com/undefined/status/2047806378123866272,1311299405165654017,
2047563995553657130,Fri Apr 24 22:34:06 +0000 2026,0,@akuragil @kenhans03 @ntar_yaa Emosi boleh tapi jangan sampai nutup fakta ya. Pendidikan gratis di SD SMA negeri itu udah jalan dan kesejahteraan guru juga ada jalurnya sendiri. MBG hadir buat lengkapi dari sisi gizi bukan saingan anggaran pendidikan. #LanjutkanMBG,2047806313686851891,,akuragil,in,,0,1,0,https://x.com/undefined/status/2047806313686851891,1450653022850207744,
2047508180251672737,Fri Apr 24 22:19:21 +0000 2026,0,@are_inismyname @prabowo @99propaganda @BANGSAygSUJUD @G3nX_files @Ndons_Back @Kimberley_PS08 @FDonghun @florieliciouss @IrawanRommi @Masdjodi1 @coldbrew165 Yg jelas mengambil anggaran pendidikan. Dan ini sedang digugat ke MK. https://t.co/0KVFJiKuOe,2047802603418059118,https://pbs.twimg.com/media/HGtBna4bUAIM0bU.jpg,are_inismyname,in,,0,0,0,https://x.com/undefined/status/2047802603418059118,375877270,
2047449217518768472,Fri Apr 24 22:16:00 +0000 2026,0,@Rebahandulu1 @bardanslm Emg ahli gizi boleh ya lulusan sarjana pendidikan?,2047801760543347045,,Rebahandulu1,in,,0,1,0,https://x.com/undefined/status/2047801760543347045,1706650213228945408,
2047449217518768472,Fri Apr 24 22:13:55 +0000 2026,2,@bardanslm Aku lulusan pendidikan. 3 tahun honorer di SD merasa tidak ada harapan + gaji cuma ratusan ribu. Desember 2025 akhirnya keluar banyak temen2 yang nawarin jadi ahli gizi di sppg. Tapi akhirnya kerja di bimbel gaji juga sama kaya pegawai sppg ehehe,2047801235152187666,,bardanslm,in,,0,1,0,https://x.com/undefined/status/2047801235152187666,1183981257622863872,
2047590397308965181,Fri Apr 24 22:13:48 +0000 2026,2,@nozelism karna apa?mereka menjadikan anak sebagai bahan kasian coba deh lo ke lampu merah terdekat serius gue gaboong pendidikan emang penting banget malah tapi liat juga kualitas orang sdm negri payah ini masih sehat hobi kawin anak dijadijn bahan ngemis,2047801206735835232,,nozelism,in,,0,0,0,https://x.com/undefined/status/2047801206735835232,2027596271494799360,
2047455389491634533,Fri Apr 24 22:10:02 +0000 2026,0,@zoelfick Saking kuatnya anggaran pendidikan rakyat ratusan triliun pertahun hanya dijadikan mainan dan candaan,2047800256637911110,,zoelfick,in,,0,0,0,https://x.com/undefined/status/2047800256637911110,1835668063133589504,
2047799681015849053,Fri Apr 24 22:07:44 +0000 2026,0,PEMERINTAH DUNGU! Tolong para Guru murid walimurid lebih kenceng bersuara menolak MBG. Kami lebih ikhlas uang rakyat dipakai buat pendidikan gratis &amp; mensejahterakan para tenaga pendidik serta perbaikan sekolah drpd utang negara makin gede tp hanya masuk kantong koruptor!,2047799681015849053,,,in,,0,0,0,https://x.com/undefined/status/2047799681015849053,60338602,
2047563995553657130,Fri Apr 24 22:05:50 +0000 2026,4,@kenhans03 @ntar_yaa PEMERINTAH DUNGU! Tolong para Guru murid walimurid lebih kenceng bersuara menolak MBG. Kami lebih ikhlas uang rakyat dipakai buat pendidikan gratis dan mensejahterakan para tenaga pendidik serta perbaikan fasilitas sekolah,2047799203079024843,,kenhans03,in,,0,3,1,https://x.com/undefined/status/2047799203079024843,60338602,
2047693114987753711,Fri Apr 24 22:00:13 +0000 2026,1,@soupermango @e45738 selamat menempuh pendidikan tinggi,2047797786100617388,,soupermango,in,,0,0,0,https://x.com/undefined/status/2047797786100617388,2004371627983966208,
2047303267126800443,Fri Apr 24 21:57:36 +0000 2026,0,@boiixtan @tanyarlfes HAHAHAHAHAHA BISA KO LANGSUNG JADI PERWIRA ADA YANG NAMANYA AKMIL AKMIL LULUS PENDIDIKAN LGSG JADI PERWIRA,2047797131159945411,,boiixtan,in,,0,0,0,https://x.com/undefined/status/2047797131159945411,1291428811230199810,
2047796737029615795,Fri Apr 24 21:56:02 +0000 2026,6292,Video Siswa Melawan Guru di Langsa Kembali Hebohkan Media Sosial ​LANGSA Dunia pendidikan di Kota Langsa kembali dihebohkan dengan beredarnya sebuah video singkat yang memperlihatkan tindakan tidak terpuji seorang siswi terhadap gurunya. Video yang berdurasi beberapa detik https://t.co/RMKt1kh0o1,2047796737029615795,https://pbs.twimg.com/ext_tw_video_thumb/2047796700711186432/pu/img/fKSm3e5aiuuH-gwS.jpg,,in,,358,1099,1469,https://x.com/undefined/status/2047796737029615795,1282751327588585473,
2047796044856283524,Fri Apr 24 21:53:17 +0000 2026,0,Memastikan pendidikan anak sesuai zamanya adalah sebuah keharusan. Kami beradaptasi dengan teknologi dan keterampilan abad 21 tanpa pernah meninggalkan akar nilai keislaman. https://t.co/LRi4Ju181K,2047796044856283524,https://pbs.twimg.com/media/HGs7o2dbUAA40aH.jpg,,in,,0,0,0,https://x.com/undefined/status/2047796044856283524,1552033368,
2047795827285070114,Fri Apr 24 21:52:26 +0000 2026,0,Apapun dilakukan kecuali memperbaiki pendidikan SPPG digaji buat apa kalau guru² yg gajinya gak seberapa itu masih dipersulit Makan gaji buta &amp; duit haram dong SPPG nya?,2047795827285070114,,,in,,0,0,0,https://x.com/undefined/status/2047795827285070114,751215642359894017,
2047462470873460918,Fri Apr 24 21:49:25 +0000 2026,0,@prkdlx Setuju.Pdhl kl dlm Islam madrasatul ula alias t4 pendidikan anak pertama ada di sosok Ibu. Bpikir kritis tkdg g sbanding sm tgkatan pddkan https://t.co/3BsHR2dExq kan yg S2 tp g bpkir kritis?,2047795069219205261,,prkdlx,in,,0,0,0,https://x.com/undefined/status/2047795069219205261,1937456901358575617,
2047514795310768592,Fri Apr 24 21:40:39 +0000 2026,0,@Sentotbi @ArdieSuhardi321 Emang Luh ga update si MULYONO emang ijazahnya palsu dua tahun ga ditunjukkan ke gorong gorong ajee pamer sewa pengacara keluarin duit SDH trilyunan jagain jgn sampai diTangkap..ini Ajee pendidikan tahunnya bikin keder yg otak cerdas paham https://t.co/mk35voMCnh,2047792862008619280,https://pbs.twimg.com/media/HGs4wYtbUAAzNpK.jpg,Sentotbi,in,,0,0,0,https://x.com/undefined/status/2047792862008619280,2599265358,
2047547370297073715,Fri Apr 24 21:39:18 +0000 2026,4,@tanyakanrl Pemikiran bagus kok sisa persen² an nya itu kan di pake buat cintai orang tua nya sendiri buat hobi pendidikan dan lain² nya (positif) untuk berkembang yg manusia wajib jadikan itu prioritas masak pacaran mau jadi prioritas dari segalanya?.,2047792522513285137,,tanyakanrl,in,,0,0,1,https://x.com/undefined/status/2047792522513285137,1892043489925648384,
2047656828486418599,Fri Apr 24 21:37:09 +0000 2026,3,@baseconvo Udah kepikiran dari pilpres kemarin bakal as caos apa Indo ini mulai dari pemotongan anggaran pendidikan sampai anak kip pada nggak dapet disusul pangkalan LPG diurus pemerintah bencana Sumatra aihh Indo ini udah nggak ketolong.,2047791982542835898,,baseconvo,in,,0,0,0,https://x.com/undefined/status/2047791982542835898,1543776715130179585,
2047790686825808339,Fri Apr 24 21:32:00 +0000 2026,0,dan Papua kayak diputus akses dari dunia luar. transportasi mahal biaya pangan mahal pendidikan sangat tidak merata. kek Indonesia nih ke Papua cuma nyedot kekayaan alamnya aja lingkungan dan manusianya ga dipedulikan ,2047790686825808339,,,in,,0,0,0,https://x.com/undefined/status/2047790686825808339,1628958751180095489,
2047610672226488599,Fri Apr 24 21:25:06 +0000 2026,0,@BetaKopites Selain soal guru honorer yg menyedihkan dari dunia pendidikan hari ini adalah diskursusnya jadi melulu soal mbg ga ada yg bener2 mikirin gimana pendidikan yg seharusnya didapat anak2. Negara jahat.‍️‍️,2047788949553516570,,BetaKopites,in,,0,0,0,https://x.com/undefined/status/2047788949553516570,1702388281919545345,
2047788862026760671,Fri Apr 24 21:24:45 +0000 2026,3, Kartini gak sama dengan feminazi jaman sekarang karena dia memperjuangkan perempuan biar bisa sekolah kayak laki laki Di jaman beliau dia nuntut dan menulis tentang kenapa pendidikan buat perempuan itu penting udah dapet label feminazi ,2047788862026760671,,,in,,0,1,0,https://x.com/undefined/status/2047788862026760671,1341974705750753283,
2047788720586445268,Fri Apr 24 21:24:11 +0000 2026,5,Ini tuh karena pendidikan bobrok gasih mangkanya jadi gak aware. Apalagi curhatan guru2 kalo anak gak naik kelas itu bisa ngurangin poin sekolah. Jadi mau sebodoh apapun harus naik/lulus. Guru juga dipaksa sistem Kalo sejak awal ga ada isu ini kayaknya bakal lebih aware,2047788720586445268,,,in,,0,0,1,https://x.com/undefined/status/2047788720586445268,1887833320031244288,
2047788118296911917,Fri Apr 24 21:21:48 +0000 2026,0,2011 bersama Laksamana Marsetio saat menjabat sebagai Kepala Staf Angkatan Laut dan 2026 bersama Laksamana (purn) saat menjabat Penasihat Menteri Pendidikan Tinggi Sains dan Teknologi 🇮🇩 Jalesveva Jayamahe ️ https://t.co/Jm74Ia2vUG,2047788118296911917,https://pbs.twimg.com/media/HGs0b4DacAAWZI_.jpg,,in,,0,0,0,https://x.com/undefined/status/2047788118296911917,272881189,
2047486804086145037,Fri Apr 24 21:19:53 +0000 2026,0,@denni_sauya Klo saya mah bukan hanya Mr B yg dicopot tapi MBG harus dihentikan alihkan dananya ke pendidikan gratis dan kesejahteraan guru &amp; honorer bansos keluarga super miskin &amp; kesehatan gratis. Itu baru bener.,2047787638548247017,,denni_sauya,in,,0,0,0,https://x.com/undefined/status/2047787638548247017,1709419397021093888,
2047786711904866328,Fri Apr 24 21:16:12 +0000 2026,0,Sejak SD. Soalnya beda rumah sama ortu walau ya kadang mereka tetap datang buat mantau. Soalnya tempat sekolah gua dan kerja mereka beda daerah jadi mau gak mau gua menyelesaikan pendidikan SD dulu baru ikut mereka. Ikut mereka juga gua ujungnya dikontrakin rumah beda rumah. ,2047786711904866328,,,in,,0,0,0,https://x.com/undefined/status/2047786711904866328,4747322594,
2047112055451480381,Fri Apr 24 21:00:26 +0000 2026,0,@entalpih Kalau kartini dianggap tidak segitu bernilainya ga akan mungkin nama dia sampai di abadikan di 4 jalan di belanda hatta hanya 1 syahrir 3 Justru kartini yg nampar pihak kolonial kalau pendidikan untuk wanita di negara kolonial sama pentingnya sama laki laki,2047782742277198081,,entalpih,in,,0,0,0,https://x.com/undefined/status/2047782742277198081,1997134474950451200,
2047780999279616112,Fri Apr 24 20:53:30 +0000 2026,4,as a teacher itself terlebih guru calistung... jujur banyak yang udah gede tp gak bisa baca. dan jujur sekarang sistem pendidikan emang bobrok maksimal. anak sekolah mau bisa gak bisa pinter gak pinter naik kelas semua btw. ,2047780999279616112,,,in,,0,0,0,https://x.com/undefined/status/2047780999279616112,3163934618,
2047582391578026472,Fri Apr 24 20:46:18 +0000 2026,0,@OliverRini94195 @zakariamlk Ada yg direkrut. kadang dengan iming-iming nanti dimasukan dapodik... (ini gw ngomong konteks dunia pendidikan) mirisnya /2025 penerapan input dapodik udh bnr2 ditutup kecuali buat guru yg puny sertifikasi. tapi iming2 ini masi aja ada,2047779187038310442,,OliverRini94195,in,,0,0,0,https://x.com/undefined/status/2047779187038310442,1426380359260774402,
2047699230828187802,Fri Apr 24 20:41:40 +0000 2026,8,@ardisatriawan Ini dosen goblog banget ngebacot tapi argumennya lemah tipikal pemuja anies emang mayoritas orang yg dibesarkan oleh orang tua minim pendidikan walau mereka skrg mereka bependidikan tinggi tapi nalarnya lemah Woy dosen goblog merauke salah satu lumbung padi indonesia timur,2047778019910295681,,ardisatriawan,in,,0,4,0,https://x.com/undefined/status/2047778019910295681,1997134474950451200,
2047586346555125772,Fri Apr 24 20:40:46 +0000 2026,1,@tempodotco Paling benar emang pendidikan gratis ngapain bikin sekolah rakyat? Proyek bagi2 cuan lagi nih?,2047777794000933055,,tempodotco,in,,0,0,0,https://x.com/undefined/status/2047777794000933055,1399402181254545411,
2047775072598053092,Fri Apr 24 20:29:57 +0000 2026,2,Secara umum politik di Amerika Serikat terbagi dalam dua arus besar: 1. Kiri (liberal / progresif) Biasanya diwakili oleh Partai Demokrat Ciri utama: Peran pemerintah lebih besar (kesehatan pendidikan bantuan sosial) Dukungan terhadap hak minoritas LGBTQ dan pernikahan https://t.co/tU5ro5o404,2047775072598053092,https://pbs.twimg.com/media/HGsok4CaQAAuebK.jpg,,in,,0,2,1,https://x.com/undefined/status/2047775072598053092,1688947756130349065,
2047605726546481512,Fri Apr 24 20:28:28 +0000 2026,1,@kafiradikalis Agak laen memang ini gubernur. Dan banyak lagi penggemarnya. Karena dianggap bantuan umroh gratis gaspoll pendidikan itu dari duit dia.,2047774696989675847,,kafiradikalis,in,,0,0,0,https://x.com/undefined/status/2047774696989675847,22438115,
2047772227094126593,Fri Apr 24 20:18:39 +0000 2026,0,pernah pas dulu ngambil jurusan buat lanjut kuliah guru aku sangat menyarankan jangan ambil prodi pendidikan. karena katanya jadi guru di negara yang seperti ini gak bakal dihargain sedih sih dengernya and i blame pemerintah for this shit.,2047772227094126593,,,in,,0,1,0,https://x.com/undefined/status/2047772227094126593,1468847622790152192,
2047771480537379217,Fri Apr 24 20:15:41 +0000 2026,0, The Future is Yours! AMRI hadir untuk memastikan setiap anak. Mari bersama AMRI kita bangun ekosistem pendidikan yang inklusif untuk generasi emas Indonesia! 🇮🇩 #Kepemudaan #Indonesia #AMRI #InovasiSosial #PembangunanBangsa https://t.co/9d1mv7MEHJ,2047771480537379217,https://pbs.twimg.com/amplify_video_thumb/2047771385406353408/img/ZXJBX07VQUzAcPFD.jpg,,in,,0,0,0,https://x.com/undefined/status/2047771480537379217,2045121833658372096,
2047621014704845139,Fri Apr 24 20:14:19 +0000 2026,0,@iHugsKseokjin ini nih penting nya pendidikan moral sejak kecil biar pas udah gede ngga jadi orang yang sagapung,2047771136377884905,,iHugsKseokjin,in,,0,0,0,https://x.com/undefined/status/2047771136377884905,1826387640012472320,
2047623777979347298,Fri Apr 24 20:10:11 +0000 2026,0,@afrkml Di akhir obrolan temen gue cuma bisa nyimpulin di tengah bobroknya sistem pendidikan sekarang dia bilang: Untuk saat ini yang paling penting gue cuma mau kesehatan mental murid gue tetap terjaga dan mereka baik-baik aja. Tmn gue ini guru BK sampai skrg masih sakit bgt.,2047770096303759531,,johatshu,in,,0,0,0,https://x.com/undefined/status/2047770096303759531,250912721,
2047557768882893128,Fri Apr 24 20:04:03 +0000 2026,0,@xpeacessea Kelebihan: menikmati hidup menjadi bapak rumah tangga dan tidak insekyur pendidikan dan pekerjaan istrinya diatas beliau Kekurangan: rambut,2047768554435682748,,xpeacessea,in,,0,0,0,https://x.com/undefined/status/2047768554435682748,1853116103624679424,
2047484294432727549,Fri Apr 24 19:56:43 +0000 2026,1,@kompascom gimana ga undervalued ekonomi kesehatan pendidikan keamanan hukum APBN semua2 ancur sebut 1 masalah yg berhasil dikendaliin presiden sekarang mana! sayangnya fakta masih dipoles makanya jdi keliatan aman tinggal tunggu roboh aja nih tp gapapa santaii masih bisa joget gemoy,2047766707583041818,,kompascom,in,,0,0,0,https://x.com/undefined/status/2047766707583041818,1960759658756628487,
2047761728835043433,Fri Apr 24 19:36:56 +0000 2026,7,pendidikan ga merata gini jangan nyalahin warga pemerintah yg ga becus. sebenernya kan udh banyak ya kasus anak sekolah gabisa basic hitung²an dll harusnya itu ditindak lanjut sm pemerintah. dicari sebabnya apa dan dicegah biar ga terjadi lagi . politik sedeket itu sm hiduplu,2047761728835043433,,,in,,0,0,1,https://x.com/undefined/status/2047761728835043433,1628958751180095489,
2047170349792706867,Fri Apr 24 19:32:07 +0000 2026,0,@prekeprekepret @liaasister Kek orang pendidikan rendah trus jadi OKB yg gak punya selera berkelas,2047760519025795232,,prekeprekepret,in,,0,0,0,https://x.com/undefined/status/2047760519025795232,1645363088659718144,
2047648664060035344,Fri Apr 24 19:31:25 +0000 2026,0,@TinotoMd Polemik: ijasah jokowi palsu Kesepakatan Bersama Para Pendiri Bangsa Pendidikan Adalah Tujuan dan Cita² Negara memanipulasi memalsukan Dokumen Kependidikan demi meraih Tahta dan Jabatan Adalah bentuk Hianat terhadap Konsitusi Bangsa,2047760341594243108,,TinotoMd,in,,0,0,0,https://x.com/undefined/status/2047760341594243108,1592997260602019840,
2047601508339126446,Fri Apr 24 19:30:31 +0000 2026,1,@aromapetrikorr Cita cita menaikkan gaji guru honorer tapi buat pendidikan serba mahal berisiknya kek beo.. Hidup kok ga pernah selaras antara keinginan a dan kenginan b,2047760116435530021,,aromapetrikorr,in,,0,0,0,https://x.com/undefined/status/2047760116435530021,37663777,
2047557768882893128,Fri Apr 24 19:29:28 +0000 2026,0,@xpeacessea Pendidikan no 1 dia rela dtg ke rmh guru gue buat minjem buku pljrn buat anaknya bljr dmn buku itu hrsny cm dipegang ama guru dgn keterbatasan bapa gue (gaptek n bukan lulusan sekolah tinggi) tapi dia bisa selalu dpt info2 penting tentang pendidikan (msh bnyk) sehat terus pa,2047759851217133583,,xpeacessea,in,,0,0,0,https://x.com/undefined/status/2047759851217133583,1765412476810895360,
2047757718379753691,Fri Apr 24 19:21:00 +0000 2026,0,Banyak lulusan SMA sekarang bingung pilih jurusan karena takut nanti susah dapat kerja. Padahal kuliah katanya investasi masa depan. Sistem pendidikan kita lagi gagal hubungkan antara bangku kuliah dan dunia kerja atau cuma persepsi aja?,2047757718379753691,,,in,,0,0,0,https://x.com/undefined/status/2047757718379753691,1915433008280342528,
2047756739286884744,Fri Apr 24 19:17:06 +0000 2026,0,Well deserved Puteri Indonesia 2026 : Agnes Aditya Rahajeng (BANTEN) Puteri Indonesia Lingkungan: Victoria Titisari Kossasie Putri (BALI) Puteri Indonesia Pariwisata : Karina Moudy Widodo (JAKARTA 3) Puteri Indonesia Pendidikan : Gisela Thessalonica Alma Silalahi (JAKARTA 2),2047756739286884744,,,in,,0,1,0,https://x.com/undefined/status/2047756739286884744,1584415151645605889,
2047756229594993046,Fri Apr 24 19:15:05 +0000 2026,2,Hai aku lulusan S2 pendidikan inget banget dulu pernah jadi materi presentasiku waktu bahas Knowledge management Ba (Ikujiro Nonaka) dan kaitannya dengan Albert Bandura's social learning theory. Saya riset online di Denmark ada human's library loh https://t.co/MJNlfvIkt3,2047756229594993046,https://pbs.twimg.com/media/HGsXcHAaQAAgMME.jpg,,in,,0,2,0,https://x.com/undefined/status/2047756229594993046,210842691,
2047486804086145037,Fri Apr 24 19:12:39 +0000 2026,0,@denni_sauya Usut tuntas rentan di korupsi. Itu uang pajak rakyat bukan untuk dikorupsi berjamaah. Alokasikan yg tepat bubarkan BGN. Mending buat PENDIDIKAN (SEKOLAH GRATIS ),2047755618677874706,,denni_sauya,in,,0,0,0,https://x.com/undefined/status/2047755618677874706,2029658741944320000,
2047754150138794235,Fri Apr 24 19:06:49 +0000 2026,0,Untuk para perempuan ini gunanya pendidikan dan gunanya otak dalam kehidupan. Biar elu pada gak kepikiran sedikitpun bawa anak lu ke tempat ini.,2047754150138794235,,,in,,0,0,0,https://x.com/undefined/status/2047754150138794235,786190973009223680,
2047754122456453510,Fri Apr 24 19:06:42 +0000 2026,0,Sarana belajar oke asupan nutrisi terjaga. Lewat Pilar MBG Kuat pemerintah bangun SDM unggul sekaligus perbarui infrastruktur pendidikan di seluruh pelosok. #IndonesiaHebat 🇮🇩 https://t.co/ilyTVRqldd,2047754122456453510,https://pbs.twimg.com/media/HGsVhB7agAAGpfs.jpg,,in,,0,0,0,https://x.com/undefined/status/2047754122456453510,2014406246858948612,
2047754101887517093,Fri Apr 24 19:06:37 +0000 2026,0,Transformasi Gizi Bangsa bukan sekadar makan gratis tapi paket lengkap dengan perbaikan gedung sekolah. Keduanya jalan beriringan untuk pendidikan berkualitas bagi semua anak Indonesia. https://t.co/GXikUa7Kk5,2047754101887517093,https://pbs.twimg.com/media/HGsVf1SbIAAwoUU.jpg,,in,,0,0,0,https://x.com/undefined/status/2047754101887517093,1406668883868614657,
2047754071780852072,Fri Apr 24 19:06:30 +0000 2026,0,Mewujudkan Transformasi Gizi Bangsa melalui sinergi asupan sehat dan ruang kelas yang aman. Pemerintah berkomitmen penuh pada kualitas gizi serta fasilitas pendidikan nasional. https://t.co/11A1DaU1Ce,2047754071780852072,https://pbs.twimg.com/media/HGsVdKia4AEKtXl.jpg,,in,,0,0,0,https://x.com/undefined/status/2047754071780852072,1406658840062357504,
2047729523018625185,Fri Apr 24 19:02:48 +0000 2026,0,@Yunar_kagantino Di rezim saat ini produksi faces dan bisnis ritel pejabat lebih penting daripada pendidikan dan kesehatan Om ,2047753138393027068,,Yunar_kagantino,in,,0,0,0,https://x.com/undefined/status/2047753138393027068,1690763417123229696,
2047751147923091881,Fri Apr 24 18:54:54 +0000 2026,0,asal ngerasa suka aja sama jurusannya. klo sekarang ngerasa salah jurusan ga? engga juga yg bikin gw kepikirannya kenapa gw mesti milih pendidikan (I mean yeah I used to dream of being a teacher tho),2047751150699778505,,illsaudade,in,,0,1,0,https://x.com/undefined/status/2047751150699778505,1473999375676293121,
2047746811415400552,Fri Apr 24 18:42:13 +0000 2026,0,@martinredred aku setuju tutup aja wok udah gaada duit maksa udahlah wok gantian kasih program pendidikan gratis wok,2047747961132925322,,martinredred,in,,0,1,1,https://x.com/undefined/status/2047747961132925322,1644356637749309445,
2047306504005693934,Fri Apr 24 18:42:10 +0000 2026,0,@bapaorasacoklat @cozyaltruis Yg bela kadang kalo gk ordal itu sendiri ya yg gk napak tanah. Kan gak mungkin anak mereka sekolah di tempat yg menerima MBG. Class pendidikan beda.,2047747946549252121,,bapaorasacoklat,in,,0,0,0,https://x.com/undefined/status/2047747946549252121,1302141546263789568,
2047597893159354604,Fri Apr 24 18:34:18 +0000 2026,0,@VikirBaskervl Biasanya nih ya biasanya anak2 kayak gini tuh kalo gk emang yg ortu nya pendidikan rendah banget atau justru anak yg punya ortu punya power kayak anak aparat dll.,2047745968179978742,,VikirBaskervl,in,,0,0,0,https://x.com/undefined/status/2047745968179978742,2022381321054756864,
2047740882498273577,Fri Apr 24 18:31:01 +0000 2026,0,@lovingjewno skripsi bab 3 pendidikan sejarah feenya 300k kak sampe acc. wa ku di bio testi ada,2047745142791295396,,lovingjewno,in,,0,0,0,https://x.com/undefined/status/2047745142791295396,2046007820504477697,
2047740882498273577,Fri Apr 24 18:28:46 +0000 2026,0,@lovingjewno Aku joki skripsi kak testi lengkap bisa kerjain bab III pendidikan sejarah udah ada outline? boleh banget bisa nego di wa,2047744574412714260,,lovingjewno,in,,0,0,0,https://x.com/undefined/status/2047744574412714260,2044387064486273024,
2047742566142206163,Fri Apr 24 18:20:47 +0000 2026,0,Jujur masih sedikit denial sama apa-apa yg terpampang di sosmed soal kemunduran SDM indo era sekarang ini karena gw khawatir serius. Tp menilik amburadulnya sistem pendidikan bbrpa tahun terakhir ini bikin mikir duh jangan beneran plis ,2047742566142206163,,,in,,0,1,0,https://x.com/undefined/status/2047742566142206163,1159867835213942784,
2047317926810902983,Fri Apr 24 18:17:37 +0000 2026,0,@pink78303 @rasanyamaniss @sleepingjupiter @AldhitamaR Aku jawab mahal kak.. Duluuu pernah pakai asuransi mandiri tapi yg pendidikan dan itu mahal ,2047741770503786992,,pink78303,in,,0,0,0,https://x.com/undefined/status/2047741770503786992,1667203146,
2047740882498273577,Fri Apr 24 18:14:06 +0000 2026,7,need joki skripsi bab III jurusan pendidikan sejarah (udh ada outlinenya) drop fee pls #zonauangㅤ,2047740882498273577,,,in,,3,37,1,https://x.com/undefined/status/2047740882498273577,1556984568107843584,
2047323539897024596,Fri Apr 24 18:09:22 +0000 2026,1,@gastronusa @hrdbacot Sistem pendidikan yang hancur tapi tetep makan gratis dlu yang jadi prioritas pemerintah. Salah mapping masalah,2047739691253068274,,gastronusa,in,,0,0,0,https://x.com/undefined/status/2047739691253068274,1286101495,
2047739480334041573,Fri Apr 24 18:08:31 +0000 2026,0,Gibran hanya tamat SD mestinya dari sekarang harus mengambil program pendidikan paket C untuk SMP dan SMA 2029 Gibran tidak bisa ikut kompetisi cawapres lagi ingatkan kepada KPU jangan terjadi lagi keributan dan kegaduhan diminta kepada KPU pemilu harus jurdil https://t.co/OI1YquRzNn,2047739480334041573,https://pbs.twimg.com/media/HGsINKRbgAAzpgo.jpg,,in,,0,0,0,https://x.com/undefined/status/2047739480334041573,1716612523393495040,
2047739147968709012,Fri Apr 24 18:07:12 +0000 2026,0,Usaha Perkasa Tingkatan Enam IPG Tuntut Kematangan Pendidikan Negara https://t.co/r4hl1ZHM8g,2047739147968709012,,,in,,0,0,0,https://x.com/undefined/status/2047739147968709012,1998647367135014915,
2047558698894049534,Fri Apr 24 18:04:25 +0000 2026,6,@tanyakanrl Pantes anak Indonesia perkalian aja ga bisa orang model tontonan nya kaya gini. Besok besok tuh ya kalau bikin series yg mengangkat isi sosial yang memiliki nilai pendidikan dan edukasi bukan malah kaya gini. Bikin series yg penting rame doang tapi ga mikirin gimana dampaknya,2047738445871874335,,tanyakanrl,in,,0,0,0,https://x.com/undefined/status/2047738445871874335,1589637043730415617,
2047569533192515887,Fri Apr 24 17:58:26 +0000 2026,0,@Deeptrench88 @keboyoranbaru Bukan pada suka tp cocok ga cocok sama gayanya dia si ngelantur ini cinephile alias dari segi latar belakang pendidikan emg org sinema. Ibarat dokter ngomongin kesehatan mau kita ga suka jg ttp aja dia ahli ,2047736939554763069,,Deeptrench88,in,,0,0,0,https://x.com/undefined/status/2047736939554763069,1978527991094251521,
2047449217518768472,Fri Apr 24 17:58:13 +0000 2026,0,@glrhn @bardanslm Ya ampun pak km kemana aja betul dana pendidikan dan kesehatan diambil buat MBG tp itu dana yg tidak memiliki dampak semacam studi banding dan anniversary. Disisi lain dana dan fasilitas pendidikan meningkat BUKAN berkurang.,2047736888136810905,,glrhn,in,,0,0,0,https://x.com/undefined/status/2047736888136810905,2021472117880238080,
2047323539897024596,Fri Apr 24 17:57:09 +0000 2026,0,@gastronusa @hrdbacot Pendidikan 'gak penting'... yg penting perut kenyang. Kalau kenyang pasti diem dan ngantuk. Kalau perut lapar bisa berontak.,2047736616102555919,,gastronusa,in,,0,0,0,https://x.com/undefined/status/2047736616102555919,58750351,
2047732608507977933,Fri Apr 24 17:46:33 +0000 2026,0,liatnya lucu sih tp juga kek anjir ni anak kurang ajar kaya gapernah mengenyam pendidikan ajh (memang&lt;3),2047733952367239385,,iroaruu,in,,0,0,0,https://x.com/undefined/status/2047733952367239385,1453192814024544258,
2047733508496572427,Fri Apr 24 17:44:48 +0000 2026,0,Sebenernya yang aku bingung kenapa yang jawab bukan dari Mentri Pendidikan?,2047733508496572427,,,in,,0,0,0,https://x.com/undefined/status/2047733508496572427,1100640806,
2047732729404661874,Fri Apr 24 17:41:42 +0000 2026,0,Yg cerdas karier dan pendidikan oke baik tyt kalah ma yg lucu imut dan menggemaskan,2047732729404661874,,,in,,0,0,0,https://x.com/undefined/status/2047732729404661874,1858331414783201280,
2047732690024333663,Fri Apr 24 17:41:32 +0000 2026,0,LANDSKAP PENDIDIKAN R&amp;D LAHIR GENERASI PAKAR SIBER SISTEM pendidikan modul R&amp;D perlu bermula dari sekarang! #Berita757 #RakyatKeutamaanKami https://t.co/55j0iMApUG,2047732690024333663,https://pbs.twimg.com/amplify_video_thumb/2047732579223339008/img/pFf3qHN5AZgDdF-a.jpg,,in,,0,0,0,https://x.com/undefined/status/2047732690024333663,1391687477413302278,
2047731582367383658,Fri Apr 24 17:40:39 +0000 2026,3,Gue kerja jd guru buat ngehindarin omongan tetangga desa bjir Sarjana pendidikan udah kuliah jauh-jauh ujungnya kerja di sawah berisik emg orang desa ini,2047732464198778965,,anyanyanyawn,in,,0,1,0,https://x.com/undefined/status/2047732464198778965,1904255308215836672,
2047588556785561655,Fri Apr 24 17:37:28 +0000 2026,0,@Makaryo0 Klo di swasta yg biasa malah uang sumbangan pendidikan pas awal masuk minimal 350jt kalau yg 200-400jt sampai lulus biasanya yg di PTN masuk jalur SNMPTN,2047731666416996429,,Makaryo0,in,,0,0,0,https://x.com/undefined/status/2047731666416996429,1757414167198478336,
2047730430854697453,Fri Apr 24 17:32:34 +0000 2026,7,Congratulations! Agnes Aditya Rahajeng as Putri Indonesia 2026 Victoria Titisari Kosasieputri as Putri Indonesia Lingkungan 2026 Karina Moudy as Putri Indonesia Pariwisata 2026 Gisela Belicia Alma Thesalonica as Putri Indonesia Pendidikan 2026 https://t.co/6HSS6lfadU,2047730430854697453,https://pbs.twimg.com/media/HGr_-I1aIAAn-4u.jpg,,in,,0,0,1,https://x.com/undefined/status/2047730430854697453,1950243321185775616,
2047729523018625185,Fri Apr 24 17:28:57 +0000 2026,4,Apakah di rezim sekarang ini pendidikan tak di anggap penting,2047729523018625185,,,in,,0,2,0,https://x.com/undefined/status/2047729523018625185,1619610144580542467,
2047255651668332565,Fri Apr 24 17:28:36 +0000 2026,38,@sulipanyimut bener... kartini aja gatau kalo dia bakal kadi pahlawan di masa depan. mereka tuh ga mikir apa ya kalo ga ada kartini mereka (khususnya cewe) juga belum tentu dapet pendidikan kayak sekarang...,2047729433226985774,,sulipanyimut,in,,0,0,0,https://x.com/undefined/status/2047729433226985774,1794352622734077952,
2047582134815326352,Fri Apr 24 17:20:28 +0000 2026,4,@bentala_ananta @umbiygudahtipes Nggak terasing lihat posisi geografis kita strategis buat semua kekuatan global. Kita memang dibendung biar tetap medioker. Kasus2 hukum terakhir ini yang tidak masuk akal menampakkan wajahnya dengan fulgar. Yg sepi dan rapi seperti pendidikan jauh lebih menggurita,2047727385454559419,,bentala_ananta,in,,0,0,0,https://x.com/undefined/status/2047727385454559419,441971537,
2047726594756866103,Fri Apr 24 17:17:19 +0000 2026,22,‼️ UNIVERSITAS PAKUAN DARURAT KEADILAN ‼️ Ketimpangan biaya pendidikan di Universitas Pakuan menjadi keresahan bagi seluruh mahasiswa suara yang terus di batasi janji yang hanya menjadi alat penenang serta pencitraan tanpa aksi nyata yang terus dilakukan. https://t.co/zjSBtDZSFM,2047726594756866103,https://pbs.twimg.com/amplify_video_thumb/2047726498757652481/img/o3NNFvk1dBTtvjsT.jpg,,in,,1,2,10,https://x.com/undefined/status/2047726594756866103,2046939994665975808,
2047725195927199907,Fri Apr 24 17:11:46 +0000 2026,0,Sekolah yang diselenggarakan negara dari SD hingga universitas adalah solusi untuk penjinakan. Tidak berguna sebagai solusi pendidikan. Terlebih sekolah rakyat dan sekolah garuda yang dikelola oleh tentara.,2047725195927199907,,,in,,0,0,0,https://x.com/undefined/status/2047725195927199907,133416998,
2047723719251140866,Fri Apr 24 17:05:54 +0000 2026,0,sebenarnya masih banyak loh orang yg berlatar belakang pendidikan kesehatan kedokteran keperawatan tapi knp dr sekian banyaknya org justru yg dipilih itu adalah org yg KATANYA GAK PERNAH pakai BPJS?????? situ waras???? ALLAHU AKBARRRR,2047723719251140866,,,in,,0,0,0,https://x.com/undefined/status/2047723719251140866,1936702050936709120,
2047560395154682127,Fri Apr 24 17:04:42 +0000 2026,0,@thunderthieff Ga semua pengalaman kerja jadi nilai plus. Pernah ngalamin waktu ngelamar kerja posisi cs dengan pengalaman 2.5thn ga diterima krn cuma pendidikan sma yg diterima fresh grad s1 yg waktu test ngomongnya masih gelagapan,2047723419677098021,,thunderthieff,in,,0,0,0,https://x.com/undefined/status/2047723419677098021,1795971861920256000,
2047722018716729725,Fri Apr 24 16:59:08 +0000 2026,1,AHY Tinjau Proyek Strategis di Yogyakarta Fokus Pendidikan hingga Infrastruktur Simak selengkapnya: https://t.co/VpySGFo8Mf Baca artikel lainnya di: https://t.co/fH6UsGK7Aw #News #MostUpdate #AHY #Yogyakarta #Pendidikan,2047722018716729725,,,in,,0,0,0,https://x.com/undefined/status/2047722018716729725,85805755,
2047498292947202503,Fri Apr 24 16:57:13 +0000 2026,0,@tanyakanrl Wahh... selamat ya Mau di spill biaya pendidikan atau biaya kesehatan anak der?,2047721537013436596,,tanyakanrl,in,,0,0,0,https://x.com/undefined/status/2047721537013436596,713316589,
2047488593699193107,Fri Apr 24 16:57:03 +0000 2026,1,@LambeSahamjja Kalo dia buat edukasi ttg penyakit ke masyarakat pelosok yg kekurangan pendidikan menurut gue fine aja. Asal ga ikut politik di kemenkesnya kak. Belajar berpositif thinking aja sih ya,2047721495158473183,,LambeSahamjja,in,,0,0,0,https://x.com/undefined/status/2047721495158473183,1851160822397202432,
2047721350580871621,Fri Apr 24 16:56:29 +0000 2026,0,Puteri Indonesia 2026 Banten Puteri Indonesia Lingkungan Bali Puteri Indonesia Pariwisata DKI3 Puteri Indonesia Pendidikan DKI2 Puteri Indonesia Kebudyaan Kaltara Puteri Indonesia Inovasi Papua #puteriindonesia,2047721350580871621,,,in,,0,0,0,https://x.com/undefined/status/2047721350580871621,1993036205689319424,
2046949241525063680,Fri Apr 24 16:56:11 +0000 2026,12,@azwarlnst_ @milkerjay @M79856M @kamyrexa @warmgables Jangan diliatin gitu lah gak sekolahnya dek. Kalau gagal sekolah dan gak tau arti DSM 5 atau jurnal psikologi harusnya kritik pemerintah ya dek biar dibenerin nih sistem pendidikan bobroknya jangan malah nyalahin LGBT dan jadi tong kosong gini otaknya. GWS ya ,2047721275272188110,,azwarlnst_,in,,0,1,0,https://x.com/undefined/status/2047721275272188110,1793288986666160128,
2047721243751882757,Fri Apr 24 16:56:03 +0000 2026,0,Pemerintah sudah membuat keberpihakan pada peningkatan kualitas orang asli Papua. Peningkatan itu dapat dilakukan melalui pendidikan formal dan juga pendidikan yang sifatnya nonformal seperti melalui balai-balai pelatihan kerja #papua #otsuspapua #pemekaranprovinsi #kstpapua https://t.co/pE85XwFJP2,2047721243751882757,https://pbs.twimg.com/media/HGr3m5rakAAij-a.jpg,,in,,0,0,0,https://x.com/undefined/status/2047721243751882757,1899721577266380800,
2047578332741657009,Fri Apr 24 16:54:40 +0000 2026,0,@PikamonID pendidikan tinggi sih kak,2047720893099671592,,PikamonID,in,,0,0,0,https://x.com/undefined/status/2047720893099671592,1636973550,
2047720312314490997,Fri Apr 24 16:52:21 +0000 2026,1,PUTERI INDONESIA 2026 1. BANTEN 2. BALI (Lingkungan) 3. DKI JAKARTA 3 (Pariwisata) 4. DKI JAKARTA 2 (Pendidikan) GOKIL ANAK PAK HARNO!!!,2047720312314490997,,,in,,0,0,1,https://x.com/undefined/status/2047720312314490997,1122812710725414912,
2047720285449929079,Fri Apr 24 16:52:15 +0000 2026,0, Perempuan ngapain pendidikan tinggi-tinggi? ujung-ujungnya juga ngurus rumah doang Biar gak goblok kayak gini kasian banget adeknya dijejek pake kerokan kayu ,2047720285449929079,,,in,,0,0,0,https://x.com/undefined/status/2047720285449929079,1268445255126286336,
2047720129224749524,Fri Apr 24 16:51:38 +0000 2026,0,Gelo anjir lah di sebelah dibilang efek mbg udah kemana mana termasuk akses pendidikan terasa mahal krn skrg bahan baku aj udah mahal tp tim wowo gebrong trs gaterima tuh otaknya isi apaansih,2047720129224749524,,,in,,0,0,0,https://x.com/undefined/status/2047720129224749524,1213272152029315072,
2047719136093208583,Fri Apr 24 16:47:41 +0000 2026,0,aku gaada bakat minat di perhitungan tapi disuruh msk akuntansi ya aku jalanin aja smpe lulus pdhl stres mah ada BGT cuma aku ga protes ke ortu karna jdi tau jga akuntansi tuh bikin STRES makanya klo dikasih kesempatan buat lanjutin pendidikan ga yakin klo hrs akuntansi lagi,2047719136093208583,,,in,,0,0,0,https://x.com/undefined/status/2047719136093208583,1393264857357586433,
2047718944715518132,Fri Apr 24 16:46:55 +0000 2026,0,Program Radio Nasional FM akan menampilkan Segmen Radio Haja Tuju Pelajar Selepas BC GCE O Level Dan A Level sebagai panduan kepada para pelajar dan ibu bapa dalam merancang laluan pendidikan seterusnya. https://t.co/jKRR35L5LG,2047718944715518132,https://pbs.twimg.com/media/HGr1hjRbYAACAfJ.jpg,,in,,0,1,0,https://x.com/undefined/status/2047718944715518132,1853747910,
2047718601734648094,Fri Apr 24 16:45:34 +0000 2026,0,Puteri Indonesia Pariwisata DKI 3 Puteri Indonesia Pendidikan DKI 2,2047718601734648094,,,in,,0,0,0,https://x.com/undefined/status/2047718601734648094,1587247335385444352,
2047521253939192247,Fri Apr 24 16:42:38 +0000 2026,0,@gastronusa Coba cek lagi deh menteri pendidikan tiap periodenya nyaris selalu diisi oleh ormas terbaik di dunia.,2047717864782913995,,gastronusa,in,,0,0,0,https://x.com/undefined/status/2047717864782913995,1460507867937603587,
2047672175025672490,Fri Apr 24 16:42:10 +0000 2026,2,@lalahlelah @sjam_a Setuju. Bahkan ketika ybs bukan orang yg punya pendidikan yg gimana2 pasti ada sesuatu yg menarik dari ceritanya.,2047717746797166634,,lalahlelah,in,,0,1,0,https://x.com/undefined/status/2047717746797166634,79430599,
2047717566291054953,Fri Apr 24 16:41:27 +0000 2026,0,Reformasi Guru Pendidikan Khusus 2026 https://t.co/jNfWwDa8L5,2047717566291054953,,,in,,0,0,0,https://x.com/undefined/status/2047717566291054953,924404290659033088,
2047714835576791412,Fri Apr 24 16:41:09 +0000 2026,0,5. Keluargaku itu basicnya pendidikan ya saya juga suka pendidikan tapi apakah pendidikan itu harus dari PNS aja kan belum tentu guys Anak muda : baik. Jadi pilihannya Abang itu ingin kerja sampingan (freelance) karena sudah mengikuti perkembangan jaman begitu,2047717490923626730,,anggerstars,in,,0,1,0,https://x.com/undefined/status/2047717490923626730,1072460044745076736,
2047717432224043134,Fri Apr 24 16:40:55 +0000 2026,4,setelah ohyul pap salad di kasur dengan piyama lucu prabowo reflek memberhentikan mbg dan mengalokasikan duitnya ke sektor pendidikan &amp; kesehatan lalu beliau sadar akan ketidakbecusannya dan turun dari jabatan presiden-nya,2047717432224043134,,,in,,1,0,2,https://x.com/undefined/status/2047717432224043134,2026301884299137024,
2047697950315512136,Fri Apr 24 16:40:22 +0000 2026,2,AAAAAAA congrats gisela puteri Indonesia pendidikan 2026 &amp; karina puteri Indonesia pariwisata 2026,2047717294194020566,,findculers,in,,0,1,0,https://x.com/undefined/status/2047717294194020566,1366397556197007367,
2047717129848561836,Fri Apr 24 16:39:43 +0000 2026,0,WEH SALAH CUYY Pendidikan DKI 2 Pariwisata DKI 3,2047717129848561836,,,in,,0,0,0,https://x.com/undefined/status/2047717129848561836,968825265383075841,
2047586346555125772,Fri Apr 24 16:38:13 +0000 2026,2,@tempodotco Solusi universal: Alokasikan 300-350 triliun untuk menggratiskan jenjang pendidikan sampai menengah/tinggi secara menyeluruh dari anggaran pendidikan APBN (769 T) dengan memfokuskan anggaran utk kementerian pendidikan serta efesiensi program bukan prioritas. @prabowo @KemenkeuRI,2047716754336645232,,tempodotco,in,,0,0,0,https://x.com/undefined/status/2047716754336645232,1997154481285496832,
2047696090749939736,Fri Apr 24 16:37:55 +0000 2026,0,DKI 2 - PI Pendidikan DKI 3 - PI Pariwisata Last two standing Bali &amp; Banten #PuteriIndonesia2026,2047716680038842489,,sifa_fauzia,in,,0,1,0,https://x.com/undefined/status/2047716680038842489,48285168,
2047716289104535760,Fri Apr 24 16:36:22 +0000 2026,0,Puteri Indonesia pendidikan is DKI2,2047716289104535760,,,in,,0,0,0,https://x.com/undefined/status/2047716289104535760,2835740382,
2047716279587586408,Fri Apr 24 16:36:20 +0000 2026,0,Puteri Indonesia's Final Final Prediction Puteri Indonesia: Bali Puteri Indonesia Lingkungan: Banten Puteri Indonesia Pariwisata: DKI Jakarta 3 Puteri Indonesia Pendidikan: DKI Jakarta 2,2047716279587586408,,,in,,0,0,0,https://x.com/undefined/status/2047716279587586408,1476591518274121738,
2047716274348974384,Fri Apr 24 16:36:19 +0000 2026,0,selamat bertugas gisela sebagai putri indonesia pendidikan 2026,2047716274348974384,,,in,,0,0,0,https://x.com/undefined/status/2047716274348974384,1903704041177391104,
2047716241440464955,Fri Apr 24 16:36:11 +0000 2026,0,Pi pendidikan : Dki 2,2047716241440464955,,,in,,1,0,0,https://x.com/undefined/status/2047716241440464955,1364100508869300227,
2047715836903993673,Fri Apr 24 16:35:56 +0000 2026,1,PI Pendidikan adalah DKI JAKARTA 2 KA GISELLLLL,2047716181122179583,,aurakasus,in,,0,1,0,https://x.com/undefined/status/2047716181122179583,1680243027330334720,
2047601508339126446,Fri Apr 24 16:30:14 +0000 2026,14,@aromapetrikorr Emang kayak gitu kok di luar juga udah mulai keliatan. Rakyat jelata dibikin kecanduan brainrot (karena itu doang yang masih kejangkau) sambil anggaran pendidikan budaya dikurangin. Sementara konglomerat sekolahnya strict no gadget banyak kegiatan ini itu baca literatur ,2047714746712154215,,aromapetrikorr,in,,0,1,0,https://x.com/undefined/status/2047714746712154215,1405821769898860547,
2047714627686137874,Fri Apr 24 16:29:46 +0000 2026,0,#BuletinBernama: RPM pastikan sistem pendidikan negara selari perkembangan AI #digitalbernamatv #RPM #AI #pendidikan #sistem https://t.co/wICWNFqkrU,2047714627686137874,https://pbs.twimg.com/amplify_video_thumb/2047714553040166915/img/wWpylGQB63WbEZZG.jpg,,in,,0,0,0,https://x.com/undefined/status/2047714627686137874,196460981,
2047714574103900365,Fri Apr 24 16:29:33 +0000 2026,0,jujur pgn hiphop jg tp ak prodi pendidikan jirs,2047714574103900365,,,in,,0,0,0,https://x.com/undefined/status/2047714574103900365,1705915364947988480,
2047588591669518487,Fri Apr 24 16:29:16 +0000 2026,0,@haji_dokwon Asu habis pendidikan jepang ya,2047714499520847894,,haji_dokwon,in,,0,1,0,https://x.com/undefined/status/2047714499520847894,1086092529508921344,
2045320578652148142,Fri Apr 24 16:28:08 +0000 2026,0,@LambeSahamjja Ga punya otak memang rakyat butuh kesehatan dan pendidikan gratis bukan makan gratis,2047714218288570577,,LambeSahamjja,in,,0,0,0,https://x.com/undefined/status/2047714218288570577,1917992980025360387,
2047714150823190571,Fri Apr 24 16:27:52 +0000 2026,6,Bagi kita ini adalah masalah pendidikan yang harus diselesaikan bagi pemerintah anak-anak ini tetap akan dijaga gizinya dengan MBG.. Sekolah no. 2 yang penting dapat MBG https://t.co/t9GmNslxKR,2047714150823190571,https://pbs.twimg.com/media/HGrxKyTbYAIhL02.jpg,,in,,0,2,3,https://x.com/undefined/status/2047714150823190571,214159664,
2047616568490860545,Fri Apr 24 16:26:53 +0000 2026,1,@ferdidwjlnt Ini sebenernya program bagus. Tapi kenapa gak coba per cluster daerah 3T dulu? Susah akses dan distribusi logistik kan? Ya bangun jalan. Perhari 1.2 triliun kok MBG ini. Satu lagi MBG janganlah kau sedot anggaran pendidikan dan kesehatan.,2047713902918852752,,ferdidwjlnt,in,,0,1,0,https://x.com/undefined/status/2047713902918852752,125308221,
2047713371953496402,Fri Apr 24 16:24:57 +0000 2026,24,Penghargaan ini bukan sekadar apresiasi tetapi juga menjadi motivasi untuk terus menghadirkan inovasi dan memastikan pendidikan berkualitas dapat dirasakan secara merata di seluruh Kalimantan Tengah menuju Indonesia Emas 2045. (9/10),2047713415565894020,,mmckalteng,in,,0,2,0,https://x.com/undefined/status/2047713415565894020,1323837866691063810,
2047713371953496402,Fri Apr 24 16:24:56 +0000 2026,1,Selain itu program sekolah gratis dan kuliah gratis menjadi langkah nyata dalam membuka kesempatan seluas-luasnya bagi masyarakat khususnya dari keluarga kurang mampu maupun wilayah pedalaman agar dapat mengenyam pendidikan tanpa terkendala biaya. (8/10),2047713411644219772,,mmckalteng,in,,0,1,0,https://x.com/undefined/status/2047713411644219772,1323837866691063810,
2047713371953496402,Fri Apr 24 16:24:54 +0000 2026,0,Dalam kondisi tersebut digitalisasi menjadi solusi strategis untuk mempercepat pemerataan pendidikan. Pemprov Kalteng terus mendorong transformasi pembelajaran melalui Kelas Digital Huma Betang sistem pembelajaran hybrid penguatan pembelajaran bahasa asing serta (6/10),2047713403809259525,,mmckalteng,in,,0,1,0,https://x.com/undefined/status/2047713403809259525,1323837866691063810,
2047713371953496402,Fri Apr 24 16:24:52 +0000 2026,0,Capaian ini juga melanjutkan keberhasilan sebelumnya di mana Gubernur Kalimantan Tengah H. Agustiar Sabran meraih Pemimpin Daerah Award 2025 kategori Inovasi Daerah Bidang Pendidikan sebagai pengakuan atas komitmen memajukan sektor pendidikan di Bumi Tambun Bungai. (4/10),2047713396158849431,,mmckalteng,in,,0,1,0,https://x.com/undefined/status/2047713396158849431,1323837866691063810,
2047713371953496402,Fri Apr 24 16:24:51 +0000 2026,1,Penghargaan ini menjadi bentuk apresiasi atas berbagai terobosan Pemprov Kalteng dalam meningkatkan kualitas pendidikan berbasis teknologi serta pemerataan akses pendidikan bagi masyarakat. (3/10),2047713391641493587,,mmckalteng,in,,0,1,0,https://x.com/undefined/status/2047713391641493587,1323837866691063810,
2047713371953496402,Fri Apr 24 16:24:47 +0000 2026,39,Selamat &amp; sukses atas diraihnya penghargaan National Governance Award 2026 oleh Pemerintah Provinsi Kalimantan Tengah pada kategori Pendidikan (1/10) https://t.co/nKpiUBUInl,2047713371953496402,https://pbs.twimg.com/media/HGrwdGlbYAUCryL.jpg,,in,,0,2,0,https://x.com/undefined/status/2047713371953496402,1323837866691063810,
2047713170215817640,Fri Apr 24 16:23:59 +0000 2026,3,Pengarah Jabatan Pendidikan W.P Labuan sifatkan pemilihan venue di Kompleks Sukan Laut Antarabangsa Labuan adalah disebabkan pusat pelancongan yang sesuai untuk rekreasi! #MSSM2026 #NadiArena #AstroArena https://t.co/bSdLHSH1It,2047713170215817640,https://pbs.twimg.com/media/HGr2IycaoAAS_t6.jpg,,in,,0,0,1,https://x.com/undefined/status/2047713170215817640,160788306,
2047695638994026576,Fri Apr 24 16:23:48 +0000 2026,0,ini yg putri pendidikan eloquent banget terus berikutnya yasalam ‍️siap banget speechnya ,2047713126993563948,,___lp58,in,,0,1,0,https://x.com/undefined/status/2047713126993563948,19396064,
2047585700204466514,Fri Apr 24 16:21:22 +0000 2026,16,@sparkeene there s only like 10% chances. and you know damn well these adults are not making fun of that child. SDM gelap gak salah pendidikan untuk orangtuanya aja udah bobrok sampai itu anak udah SMP gak dikasih terapi (KALAU MEMANG disleksia). it s harmful to say that.,2047712512507077113,,sparkeene,in,,0,1,0,https://x.com/undefined/status/2047712512507077113,521897878,
2047712509872979986,Fri Apr 24 16:21:21 +0000 2026,0,rinan i love u terimakasih yaaa. jangan lupa terus up velocity yaa - rinanda putri indonesia pendidikan 2025 &amp; 2nd runner up miss charm 2025,2047712509872979986,,,in,,0,0,0,https://x.com/undefined/status/2047712509872979986,1903704041177391104,
2047712259187892278,Fri Apr 24 16:20:21 +0000 2026,0,rinaaaann.. speechnya selalu menyentuhh nice diksii puteri pendidikan kamii luvvv ,2047712259187892278,,,in,,0,0,0,https://x.com/undefined/status/2047712259187892278,885105507026911232,
2047590397308965181,Fri Apr 24 16:19:31 +0000 2026,0,@bawangputihehe @nozelism Whole of system pendidikan atau sistem yg lbh spesifik? Kurikulum hal guru hak siswa lingkungan belajar etc,2047712045911728250,,MakanyaSekolah,in,,0,0,0,https://x.com/undefined/status/2047712045911728250,1576542716074549248,
2047590397308965181,Fri Apr 24 16:17:28 +0000 2026,0,@bawangputihehe @nozelism Baik kita buka diskusi. Sebaiknya sistem pendidikan yg bagus di adopt olh Indonesia itu yg spt apa? Dg menimbang faktor kultur sosial dan budaya di sini.,2047711533594202378,,bawangputihehe,in,,0,1,0,https://x.com/undefined/status/2047711533594202378,1576542716074549248,
2047711161861222547,Fri Apr 24 16:16:00 +0000 2026,0,Hot take: Digitalisasi pendidikan bagus tapi kalau siswa di pelosok masih kesulitan sinyal dan device kita cuma bikin gap makin lebar. Pendidikan merata di Indonesia emang cuma slogan atau ada harapan nyata di 2026?,2047711161861222547,,,in,,0,0,0,https://x.com/undefined/status/2047711161861222547,1915433008280342528,
2047595424840884623,Fri Apr 24 16:14:44 +0000 2026,0,@bangherwin Ibarat basic pendidikan otomotif yg di kasih jabatan di negri ini lulusan kedokteran hewan sampai kiamat gk bakal maju negri ini ( jabatan jatah parpol ),2047710842268069900,,bangherwin,in,,0,0,0,https://x.com/undefined/status/2047710842268069900,1825137868312031232,
2047697579455271050,Fri Apr 24 16:12:15 +0000 2026,0,juara 1 banten lingkungan bali pariwisata dki 2 pendidikan dki 3,2047710219913040284,,shinyouyaa_,in,,1,0,0,https://x.com/undefined/status/2047710219913040284,885105507026911232,
2047707555032608801,Fri Apr 24 16:11:51 +0000 2026,0,aku sejak kelas 5 sd udah kerja udah pontang panting sendiri buat pendidikan ku bener bener kayak ga punya peran orang tua semua aku usahain sendiri banyak hal yang bikin aku malu tapi selalu aku berusaha lupain,2047710117567893630,,sregepsinay,in,,0,0,0,https://x.com/undefined/status/2047710117567893630,2038968089652482048,
2047627650534142257,Fri Apr 24 16:11:38 +0000 2026,13,@LambeSahamjja mana akunnya sini gw gebukin pakai data komen to lol. atau gak pernah ke Iran dia? BBM Indon busuk Rp 29rbu/liter disana mahal ada GRATIS - Rp 5000 per liter ini masih BBM Pendidikan sampai S3 GRATIS. Indon S1 aja udah sampai 19 juta awakwakwak,2047710065290105120,,LambeSahamjja,in,,0,2,0,https://x.com/undefined/status/2047710065290105120,1957990999730647040,
2044939845160824925,Fri Apr 24 16:11:14 +0000 2026,0,@prabowo Ada yang merasa paling ngerti soal dunia pendidikan padahal gak jurusannya dan gak pernah ada di lapangan saya kawatir ada guru yang hidupnya susah/berat denger omongan ini malah di ketawain karena ngomonya ASBUN! https://t.co/IBr8q8fsK8 https://t.co/Ce6MGnxNDQ,2047709961837588739,,prabowo,in,,0,0,0,https://x.com/undefined/status/2047709961837588739,1475192625464369156,
2047708942705561840,Fri Apr 24 16:07:11 +0000 2026,0,untung nya dulu era ini aku masi jadi manusia pengangguran yang belom mikirin pendidikan banget jadi bener bener bisa nikmatin era nct 2021 ini,2047708942705561840,,,in,,0,0,0,https://x.com/undefined/status/2047708942705561840,1509832398359662592,
2047708617818963983,Fri Apr 24 16:05:54 +0000 2026,0,Program TV Pendidikan terbitan Unit TV Pendidikan Pusat Teknologi Pendidikan Kementerian Pendidikan.,2047708621673488618,,MoEducation_BRN,in,,0,0,0,https://x.com/undefined/status/2047708621673488618,1853747910,
2047708617818963983,Fri Apr 24 16:05:53 +0000 2026,0,Program TV Pendidikan bersiaran di RTB Aneka dan RTBGO setiap hari Isnin hingga Khamis dan Sabtu. Siaran Program TV Pendidikan bagi hari Sabtu 25 April 2026 bermula jam 8.00 10.00 pagi. https://t.co/VtyutP4uw5,2047708617818963983,https://pbs.twimg.com/amplify_video_thumb/2047708552077484032/img/Vyou_L0cDMo5HQXe.jpg,,in,,0,1,0,https://x.com/undefined/status/2047708617818963983,1853747910,
2047708438063730990,Fri Apr 24 16:05:10 +0000 2026,0,SEKOLAH RAKYAT JANGKAU ANAK JALANAN UNTUK AKSES PENDIDIKAN https://t.co/J8TTcBpCih,2047708438063730990,,,in,,0,0,0,https://x.com/undefined/status/2047708438063730990,159014326,
2047590007968354616,Fri Apr 24 16:03:05 +0000 2026,1,@MariaAlkaff_ Jujur ada yang salah dengan dunia pendidikan di negeri ini. Dulu siswa gak berani membantah ucapan guru. Sekarang guru gak punya wibawa di mata siswa.,2047707910185312555,,MariaAlkaff_,in,,0,0,0,https://x.com/undefined/status/2047707910185312555,1140279766341177345,
2047707824281579568,Fri Apr 24 16:02:44 +0000 2026,0,RPM Pastikan Sistem Pendidikan Negara Selari Perkembangan AI https://t.co/inOusqiOeY,2047707824281579568,,,in,,0,0,0,https://x.com/undefined/status/2047707824281579568,1998647367135014915,
2047707812340306024,Fri Apr 24 16:02:41 +0000 2026,0,Usaha perkasa Tingkatan Enam IPG tuntut kematangan pendidikan negara https://t.co/5Ayn83LB2E,2047707812340306024,,,in,,0,0,0,https://x.com/undefined/status/2047707812340306024,1998647367135014915,
2047707790894883088,Fri Apr 24 16:02:36 +0000 2026,0,Usaha Perkasa Tingkatan Enam IPG Tuntut Kematangan Pendidikan Negara https://t.co/EdkNbjU3V5,2047707790894883088,,,in,,0,0,0,https://x.com/undefined/status/2047707790894883088,1998647367135014915,
2047707489517650306,Fri Apr 24 16:01:24 +0000 2026,0,Kelas itiket ini macam pendidikan dasar trainee esem ... chanyeol aja bilang etika d meja makanpun juga d ajarin pas trainee ...,2047707489517650306,,,in,,0,0,0,https://x.com/undefined/status/2047707489517650306,81295121,
2047707258289877378,Fri Apr 24 16:00:29 +0000 2026,0,Selamat &amp; sukses atas diraihnya penghargaan National Governance Award 2026 oleh Pemerintah Provinsi Kalimantan Tengah pada kategori Pendidikan. Capaian ini menjadi bukti komitmen Pemprov Kalteng dalam meningkatkan kualitas pendidikan yang inklusif inovatif dan berdaya saing. https://t.co/TNTzyRoqTz,2047707258289877378,https://pbs.twimg.com/media/HGrq4qsbcAAm2L2.jpg,,in,,0,0,0,https://x.com/undefined/status/2047707258289877378,1824799243900698624,
2047585700204466514,Fri Apr 24 16:00:09 +0000 2026,41,@sparkeene chances being small. gua juga disleksia kenal kawan disleksia tapi kami punya semangat belajar dan kebetulan pendidikan kami bagus (didorong untuk giat dan latih baca tulis). kamu malah ngaitin inkompetensi ke orang-orang neurodivergent. it s a paradox of ableist atp lol,2047707173954990159,,sparkeene,in,,0,1,0,https://x.com/undefined/status/2047707173954990159,521897878,
2047692438303809918,Fri Apr 24 15:58:06 +0000 2026,0,lagi lagi juga rakyat kecil tuh yang kena dibodoh bodohi lah mereka rakyat kecil dengan embel embel kekuasaan mereka. yaa makanya pemerintah juga lebih demen ngasih kita makan sama sembako sampe kenyang daripada kasih pendidikan gratis kalau rakyatnya pinter abis lah mereka ,2047706656776327439,,societysite,in,,0,1,0,https://x.com/undefined/status/2047706656776327439,1525984805166653440,
2047706650459652578,Fri Apr 24 15:58:04 +0000 2026,0,Jawatan Kosong Perbadanan Tabung Pendidikan Tinggi Nasional (PTPTN). Tarikh tutup permohonan 28 April 2026 (Selasa). Info jawatan selanjutnya dipautan berikut : https://t.co/n0tW3PVlMc Follow kami di facebook : https://t.co/QzGWyGzuMR https://t.co/srwCsZcGED,2047706650459652578,https://pbs.twimg.com/media/HGrqUhtbwAAJCbf.jpg,,in,,0,0,1,https://x.com/undefined/status/2047706650459652578,162916883,
2047693066199527884,Fri Apr 24 15:56:19 +0000 2026,8,@mengjudes Maaf pendidikan &amp; kesehatan bukan prioritas utama presiden pilihan 58 % bangsa Indonesia ini ,2047706210305261661,,mengjudes,in,,0,0,1,https://x.com/undefined/status/2047706210305261661,1478639074038607872,
2047706083427565809,Fri Apr 24 15:55:49 +0000 2026,0,yang lg kuliah atau sudah alumni jurusan pendidikan masyarakat cunggg!!! yg alumni skrg udah jd apaa??,2047706083427565809,,,in,,0,0,0,https://x.com/undefined/status/2047706083427565809,1491729569896087552,
2047521253939192247,Fri Apr 24 15:53:58 +0000 2026,13,@gastronusa emng gila pendidikan sekolah lu mau SEBEGO dan SETOLOL apa pun tetap naik kelas anjing anjing anak nakal anak bermasalah intinya kalo absen lu bagus lu naik kelas tapi dulu di jaman gua orang tolol nilai jelek ga bakal naik kelas anjing ini apa apaan ngentod,2047705617796886922,,gastronusa,in,,0,0,1,https://x.com/undefined/status/2047705617796886922,1794773816419459073,
2047705572758475063,Fri Apr 24 15:53:47 +0000 2026,0,Abis liat postingan jelk jlekin Fresh graduate yang dianggap kureng kira kira umurnya 22 thn lah ya masa golden age stunting ya dari balita lah ya sampe sd berarti belasan tahun yang lalu trus ada yg nyindir yang penting makan ye gamikir pendidikan . Mikir skid cacad logika,2047705572758475063,,,in,,0,1,0,https://x.com/undefined/status/2047705572758475063,410608439,
2047585700204466514,Fri Apr 24 15:53:37 +0000 2026,2,@pgnpunyadolar @sparkeene ane guru di sekolah kismin beneran ada dia skrg kelas 9 smp. dan ya ga bisa. bukan krna ga mampu emang dia males. ortunya petani anaknya ga peduli bisa baca dan aturan di sekolah ga ada tinggal kelas . ini alasan gw cabut dri sekolah KISMIN. ga semua butuh pendidikan.,2047705531004207547,,pgnpunyadolar,in,,0,0,0,https://x.com/undefined/status/2047705531004207547,1580955313489879041,
2047702361943294022,Fri Apr 24 15:50:28 +0000 2026,1,gini - Banten (Putri Indonesia) - Bali (Putri Indonesia Pariwisata) - DKI Jakarta 3 (Putri Indonesia Lingkungan) - DKI Jakarta 2 (Putri Indonesia Pendidikan),2047704736200270204,,haniwajjoong,in,,0,0,0,https://x.com/undefined/status/2047704736200270204,1087636753190510593,
2047497887173738809,Fri Apr 24 15:49:56 +0000 2026,0,@kalistohenituse @usercyclop Psikiater bisa BPJS kak nah yg ga bisa tu psikolog. Aku sebel banget MBG² gtu Weh selain buat subsidi psikolog mending buat subsidi pendidikan lebih juga sih ketimbang makan gratis,2047704604666929470,,kalistohenituse,in,,0,1,0,https://x.com/undefined/status/2047704604666929470,3071665542,
2047693066199527884,Fri Apr 24 15:46:15 +0000 2026,6,@pabrik90 Kemungkinan semua anak bisa dapat pendidikan gratis,2047703677352456626,,pabrik90,in,,0,1,0,https://x.com/undefined/status/2047703677352456626,1478639074038607872,
1967479351777104033,Fri Apr 24 15:27:39 +0000 2026,0,@wonhan4lyfe @uppifess halo kak maaf mau nanya dan memastikan kalau minta tolong ke fakul udah pasti langsung dibukain kah kak dan ga perlu ke diktorat pendidikan?,2047698996588876229,,wonhan4lyfe,in,,0,1,0,https://x.com/undefined/status/2047698996588876229,1456562327327707142,
2047691489418059903,Fri Apr 24 15:25:14 +0000 2026,0,@skulwave Well yes ofcourse it s gonna be pendidikan jasmani it s just my brain is off that time,2047698386212839546,,skulwave,en,,0,0,0,https://x.com/undefined/status/2047698386212839546,1246046913729679360,
2047697209584648464,Fri Apr 24 15:20:33 +0000 2026,0,#Indonesia #education #Pendidikan #MBG,2047697209584648464,,,qht,,0,0,0,https://x.com/undefined/status/2047697209584648464,1389942745234509827,
2047691489418059903,Fri Apr 24 15:18:38 +0000 2026,0,@_aboutbluu pendidikan jasmani ,2047696727734681793,,_aboutbluu,in,,0,1,0,https://x.com/undefined/status/2047696727734681793,1831512423989440514,
2047554907184472093,Fri Apr 24 15:17:56 +0000 2026,0,@tanyarlfes Lolos snbt pil 1 pendidikan bahasa Jepang upi dengan selamat sentosa amiin,2047696551561302194,,tanyarlfes,in,,0,0,0,https://x.com/undefined/status/2047696551561302194,1510983738486067205,
2047601508339126446,Fri Apr 24 15:16:28 +0000 2026,0,@aromapetrikorr @suarberpendar Itu pun klo mereka merasa perlu pendidikan.,2047696179069374618,,aromapetrikorr,in,,0,0,0,https://x.com/undefined/status/2047696179069374618,1335980312,
2047557768882893128,Fri Apr 24 15:16:27 +0000 2026,0,@xpeacessea Bapakku bisa sekolahin aku sampe S-2 tapi bapak ga lulus SD:) pokoknya bapak orang nomor 1 di dunia. Semoga bapak-bapak yang mengupayakan pendidikan anaknya masuk surga paling depannnnnn.,2047696177572049392,,xpeacessea,in,,0,0,0,https://x.com/undefined/status/2047696177572049392,1113479049014259712,
2047156812026405224,Fri Apr 24 15:15:59 +0000 2026,0,Diskusi 2: 7/8 Etika dan pendidikan anti korupsi Manajemen risiko dan asuransi Pengantar statistika AKM I Auditing I Teori portofolio investasi Akuntansi Biaya ,2047696057229005129,,pikapikachuu_00,in,,0,1,0,https://x.com/undefined/status/2047696057229005129,1919538678986428416,
2047563995553657130,Fri Apr 24 15:14:27 +0000 2026,0,@kenhans03 Ya Ampun...mubadzir bngt...kykny program ini bner2 kurang pas deg...mending dialihkan ke pendidikan...meringankan ortu,2047695672670109864,,kenhans03,in,,0,0,0,https://x.com/undefined/status/2047695672670109864,1678006158794309632,
2047695397452419111,Fri Apr 24 15:13:21 +0000 2026,0,Puteri Indonesia: Banten Puteri Indonesia Lingkungan: DKI 3 Puteri Indonesia Pariwisata: Bali Puteri Indonesia Pendidikan: DKi 2,2047695397452419111,,,in,,1,0,0,https://x.com/undefined/status/2047695397452419111,1954274995,
2047624145970839913,Fri Apr 24 15:12:39 +0000 2026,2,@about_ftp Tuhan dewa dll. ada lebih dari ribuan jadi bisa saja Tuhan-mu menolak gay bukan berarti Tuhan gue harus mengikuti Tuhan-mu. Setuju. Kualitas pendidikan Indonesia masih bobrok,2047695219215233291,,about_ftp,in,,0,0,0,https://x.com/undefined/status/2047695219215233291,1641703807251025921,
2047680677794193816,Fri Apr 24 15:12:30 +0000 2026,0,@cloriavey I hope you're doing better now oomf kalau ada apa-apa bisa cerita ya Btw aku pernah bilang akan senang hati terlahir kembali menjadi neurodivergent tapi karena Kakak aku sadar bisa kayak gitu juga karena pengaruh gizi pendidikan dan support system yang masih lumayan oke,2047695184193073237,,cloriavey,in,,0,1,0,https://x.com/undefined/status/2047695184193073237,2016125933028278273,
2047695123371446639,Fri Apr 24 15:12:16 +0000 2026,0,evaluasi yg ada bukan cari alesan bikin ladang korupsi baru. kita bukan kekurangan sekolah tapi kekurangan pendidikan layak.,2047695123371446639,,,in,,0,0,0,https://x.com/undefined/status/2047695123371446639,1947196971590270976,
2047694754910187736,Fri Apr 24 15:10:50 +0000 2026,1,pemutakhiran data pemilih serta sosialisasi pendidikan pemilih. Hal ini disampaikan Ketua KPU Mochammad Afifuddin bersama Anggota KPU Betty Epsilon Idroos saat membuka dan menyampaikan arahan Rapat Koordinasi Peningkatan Kualitas Data Pemilih bersama -- https://t.co/nUvprz58Ac,2047694762363510916,https://pbs.twimg.com/media/HGrfiMlaQAArAch.jpg,KPU_ID,in,,0,1,0,https://x.com/undefined/status/2047694762363510916,2413697946,
2047694712753320425,Fri Apr 24 15:10:38 +0000 2026,0,Sebelum melanjutkan pendidikan mari kita tanyakan dulu kepada diri ini sejauh mana kamu sudah sembuh dari luka batinmu.,2047694712753320425,,,in,,0,0,0,https://x.com/undefined/status/2047694712753320425,1871833784209035264,
2047694408301367779,Fri Apr 24 15:09:25 +0000 2026,0,elu bocah ingusan harusnya tu fokus mikir pendidikan buat masa depan ya oon bukannya malah ngerusak masa depan orang lain dan bikin anak orang jadi trauma grgr kelakuan fantasi bejat lo itu,2047694408301367779,,,in,,0,0,0,https://x.com/undefined/status/2047694408301367779,1740525398520446976,
2047694213069029630,Fri Apr 24 15:08:39 +0000 2026,3,fiks gak seh kayanyee??????? Banten (Puteri Indonesia) DKI 3 (PI Lingkungan) Bali (PI Pendidikan &amp; Kebudayaan) DKI 2 ( PI Pariwisata),2047694213069029630,,,in,,1,2,0,https://x.com/undefined/status/2047694213069029630,968825265383075841,
2047693539191247335,Fri Apr 24 15:05:58 +0000 2026,0,Usaha kerajaan dalam mengangkat Tingkatan Enam sebagai prauniversiti dan pemerkasaan Institut Pendidikan Guru (IPG) menuntut kematangan baharu bidang pendidikan negara. #AWANInews #AWANI745 https://t.co/C3eOhj2qTs,2047693539191247335,,,in,,0,0,0,https://x.com/undefined/status/2047693539191247335,497665754,
2047586346555125772,Fri Apr 24 15:04:17 +0000 2026,0,@tempodotco anggaran sektor pendidikan: am i a joke to you?,2047693114182447178,,tempodotco,in,,0,0,0,https://x.com/undefined/status/2047693114182447178,1167409145022013440,
2047692512916336958,Fri Apr 24 15:01:54 +0000 2026,0,dr sd udah sering baca cerita rakyat dan gue sebagai anak sd kemampuan berpikir logis gue udh jalan. pdhl cerita rakyat itu udh jelas isinya dongeng macam apa tp kok ini bule2 yg katanya dr negara maju pendidikan maju pada gbs bedain fiksi sama realita?,2047692512916336958,,,in,,0,0,0,https://x.com/undefined/status/2047692512916336958,2039696162555387906,
2047692223441989850,Fri Apr 24 15:00:45 +0000 2026,14,Kredibilitas seluruh institusi pendidikan tinggi termasuk seluruh guru besar di Indonesia sudah tercemar dengan hal ini. Mutu kaum intelektual merosot. Menelantarkan tanggung jawabnya dalam memberantas perbuatan sia-sia ini. Kalian kurang marah dan DPR kurang bubar,2047692223441989850,,,in,,0,0,9,https://x.com/undefined/status/2047692223441989850,135054698,
2047691489418059903,Fri Apr 24 14:57:50 +0000 2026,0,Penjas apa wehh jgn cakap pendidikan jasmin,2047691489418059903,,,in,,0,1,0,https://x.com/undefined/status/2047691489418059903,1246046913729679360,
2047554153388593622,Fri Apr 24 14:57:39 +0000 2026,0,@B4r4_Akb4r ya parah itu sdh pendidikan rendah dan tak punya akhlak.... tiada ya bisa diharapkan kecuali kerusakan....biasanya org2 macam ini tak berani menampakkan identitasnya akunnya parodi,2047691447420494131,,B4r4_Akb4r,in,,0,2,0,https://x.com/undefined/status/2047691447420494131,2354822366,
2047670992500367735,Fri Apr 24 14:56:14 +0000 2026,0,@darielcrispy @Supri50_ @_e_g_a_n_ ya kan di bahasa umum tuh Greek mythology emang istilah buat cerita dewa-dewi Yunani kuno. bukan maksud ngerendahin atau bilang agama lu itu mitos. itu kan istilah yang sering dipakai di sejarah dan pendidikan.,2047691088287404066,,darielcrispy,in,,0,1,0,https://x.com/undefined/status/2047691088287404066,1730815094496567296,
2047690809211036152,Fri Apr 24 14:55:35 +0000 2026,0,pusat pula sekali-kali lah pemerataan pendidikan bun,2047690925498073233,,limjaebeomxx,in,,0,0,0,https://x.com/undefined/status/2047690925498073233,1067020008662851586,
2047690897463328951,Fri Apr 24 14:55:28 +0000 2026,0,Bawaslu Kabupaten Kepulauan Siau Tagulandang Biaro melaksanakan koordinasi dengan Sekolah Tinggi Teologi Injili Setia (STTIS) Siau dalam rangka persiapan rencana kerja sama pelaksanaan kegiatan Pendidikan Pengawas Partisipatif (P2P) pada Kamis (23/04/2026). https://t.co/ZrHI7CcMdO,2047690897463328951,https://pbs.twimg.com/media/HGrcBNNagAAlhgQ.jpg,,in,,0,0,0,https://x.com/undefined/status/2047690897463328951,1111904828869890048,
2047690711362060537,Fri Apr 24 14:54:44 +0000 2026,0,if someone saying this to me i would say 'ngasih cuma puluhan juta nyuruh aku masak seumur hidup diketawain mamaku noh yg ngebiayain aku pendidikan kurang dr 8 tahun udah nyentuh 3 digit ga banyak nuntut kya kamu jgn kaya kontol punya kepala gapunya otak',2047690711362060537,,,in,,0,0,0,https://x.com/undefined/status/2047690711362060537,1209816273074343937,
2047675733418389740,Fri Apr 24 14:51:57 +0000 2026,0,@TamagoPost ( Halo aku Ivana Auerbach ╱ Zhao Jinmai 🇨🇳 Saat ini aku bekerja sebagai research engineer di bidang energi berkelanjutan. Tertarik pada isu perempuan dan pendidikan kalau cocok aku dengan senang hati ikut bergabung. Terima kasih! ),2047690009403375852,,TamagoPost,in,,0,0,0,https://x.com/undefined/status/2047690009403375852,904346559348785152,
2047689862799905104,Fri Apr 24 14:51:22 +0000 2026,0,Pendidikan jilid 2 plonco lagi bolo,2047689862799905104,,,in,,0,0,0,https://x.com/undefined/status/2047689862799905104,1970783098108542976,
2047689493445226778,Fri Apr 24 14:49:54 +0000 2026,0,Bupati Mappi dorong kolaborasi dengan Pemprov Papua Selatan untuk Asrama Mahasiswa dan Bali Guru dalam rangka Program 1000 Sarjana. #AllEyesOnPapua #PapuaSejahtera #PapuaIndonesia #Pendidikan #EducationMatters https://t.co/3NkWIITh7A,2047689493445226778,https://pbs.twimg.com/ext_tw_video_thumb/2047689443331694592/pu/img/zVHicESvT1koiIli.jpg,,in,,0,0,0,https://x.com/undefined/status/2047689493445226778,298641815,
2047689015500161419,Fri Apr 24 14:48:00 +0000 2026,26,Betul.. Makanya pendidikan terbaik itu ada di keluarga Masa pendidikan terbaik itu ada di usia &lt; 6 tahun. Keluarga dan masa pendidikan itu lah yang menentukan anak tersebut bakal masuk ke sekolah favorit atau tidak. Yang akhirnya menentukan pergaulan si anak tersebut sehat,2047689015500161419,,,in,,0,1,13,https://x.com/undefined/status/2047689015500161419,909850779749466112,
2047601269037277327,Fri Apr 24 14:46:15 +0000 2026,0,@heaveninabite_ @AldhitamaR Karna mayoritas masyarakatnya memang minim literasi pendidikan nya begitupun juga rendah tingkat kelas ekonominya. Selama itu masih dominan sulit majunya.,2047688575978967094,,heaveninabite_,in,,0,0,0,https://x.com/undefined/status/2047688575978967094,1434453769417154560,
2047688562351776236,Fri Apr 24 14:46:12 +0000 2026,0,Program Seribu Sarjana tahun pertama yang diprakarsai oleh Pemerintah Kabupaten Mappi memprioritaskan pendidikan dan kesehatan daerah. #Papua #MajuRakyatnyaJagaBangsanya #IndonesiaBerdaulat #PapuaSejahtera https://t.co/eg9G2Hj9w1,2047688562351776236,https://pbs.twimg.com/media/HGrZ5TVasAAJjzd.jpg,,in,,0,0,0,https://x.com/undefined/status/2047688562351776236,447666044,
2047586346555125772,Fri Apr 24 14:44:49 +0000 2026,0,@tempodotco Wah sekarang dia juga merangkap mentri pendidikan,2047688216518524977,,tempodotco,in,,0,0,0,https://x.com/undefined/status/2047688216518524977,596275401,
2047661843091530121,Fri Apr 24 14:44:24 +0000 2026,1,@Alverus_Alpha @zhil_arf Dalam konteks pendidikan semua aspek itu bagus dan penting karena bersifat holistic tapi dari semua yg penting itu kalo mau tumbuh optimal ada yg harus diprioritaskan,2047688112722321702,,Alverus_Alpha,in,,0,0,0,https://x.com/undefined/status/2047688112722321702,1200914690034978816,
2047685268845810023,Fri Apr 24 14:42:56 +0000 2026,1,terus lagi pusing penelitian tugas soal character building tentang pendidikan berkualitas dan harus ada narasumber baru inget pacarku guru bakor jadinya minta tolong suki suki lagi buat bantu tugasnya dan jadi narsum https://t.co/FV2nhBChEy,2047687741715197973,https://pbs.twimg.com/media/HGrZFpWbUAAo_C2.jpg,omaigatiyakah,in,,0,1,0,https://x.com/undefined/status/2047687741715197973,1271135889964494848,
2047687076511109579,Fri Apr 24 14:40:17 +0000 2026,0,Sisa-sisa Orde Baru (termasuk jenderal-jenderal dan raja-raja kecil) KKN dan privatisasi segala lini pokok (pendidikan dan kesehatan).,2047687076511109579,,,in,,0,0,0,https://x.com/undefined/status/2047687076511109579,604282110,
2047686850530467956,Fri Apr 24 14:39:24 +0000 2026,0,Bayangin anak lulusan SMA ga bisa 4x7 even 3x3 aja dia make sure ke gurunya bener/ga syok bgt ngalamin irl menyaksikan semenyedihkan itu pendidikan di kita :(((,2047686850530467956,,,in,,0,0,0,https://x.com/undefined/status/2047686850530467956,1479756465967546368,
2047686834390769745,Fri Apr 24 14:39:21 +0000 2026,0,pas udah sampe cafe sambil nunggu temen aku diajak ngobrol tukang parkir. trs dikasih wejangan jangan mikir cowo dulu fokus kerja dulu sama pendidikan LAHHH PODO,2047686838392115311,,rotasirefleksi,in,,0,0,0,https://x.com/undefined/status/2047686838392115311,1356121786358747140,
2047686828866916641,Fri Apr 24 14:39:18 +0000 2026,0,Sorong Rabu 22 April 2026. Tim Monitoring dan Evaluasi (Monev) Seksi Pendidikan Islam Kantor Kementerian Agama Kabupaten Sorong melaksanakan pengawasan langsung pelaksanaan Tes Kemampuan Akademik (TKA) tingkat Madrasah Ibtidaiyah (MI). https://t.co/skFElfJaCs,2047686828866916641,https://pbs.twimg.com/amplify_video_thumb/2047685608546705409/img/H55VIUwlRbp8ELuK.jpg,,in,,0,0,0,https://x.com/undefined/status/2047686828866916641,2023731747905835008,
2047544844977860797,Fri Apr 24 14:38:28 +0000 2026,0,@tanyarlfes Ndak rilet temenku kismin tp suaminya dokter &amp; dari keluarga pengusaha. Di sekitarku byk yg ceweknya biasa aja tp cowoknya dari segi pendidikan &amp; ekonomi jaaauuuhh bgt di atas.,2047686617662656911,,tanyarlfes,in,,0,0,0,https://x.com/undefined/status/2047686617662656911,1549626740397338624,
2047686535546544131,Fri Apr 24 14:38:08 +0000 2026,0,gw sadarnya pas bikin kalender pendidikan buat anak anak gw,2047686535546544131,,,in,,0,0,0,https://x.com/undefined/status/2047686535546544131,1081432637879668741,
2047686201906512273,Fri Apr 24 14:36:49 +0000 2026,0,salahin pemerintah lu karna system pendidikan di indon JELEK BGT. lagian ada kemungkinan dia ada dyslexic?????,2047686201906512273,,,in,,0,0,0,https://x.com/undefined/status/2047686201906512273,2492141924,
2047685986742907015,Fri Apr 24 14:35:58 +0000 2026,1,Andai bisa ngulang waktu ga akan ambil jurusan pendidikan,2047685986742907015,,,in,,0,0,0,https://x.com/undefined/status/2047685986742907015,1612286924601044999,
2047576204589642094,Fri Apr 24 14:35:21 +0000 2026,0,@hrdbacot dipikir tuh heran pendidikan para pejabat itu tinggi tapi kok pemikiran sama sikapnya bego,2047685832660934749,,hrdbacot,in,,0,0,0,https://x.com/undefined/status/2047685832660934749,1157904523089727488,
2047685686971727920,Fri Apr 24 14:34:46 +0000 2026,0,HAHAHA sama hal nya dengan kuliah jurusan pendidikan gw sendiri jurusan pendidikan dan udah lulus tetapi gw melarang dengan keras saudara-saudara gw untuk kuliah jurusan pendidikan. soal nya negara ini jahat sama guru apalagi di rezim skrng,2047685686971727920,,,in,,0,0,0,https://x.com/undefined/status/2047685686971727920,1682938484984807424,
2047684674865250363,Fri Apr 24 14:33:47 +0000 2026,2,Kemudahan Internet berkelajuan tinggi ini dijangka akan meningkatkan kualiti hidup warga ATM khusunya dalam menyokong keperluan pendidikan anak-anak urusan komunikasi harian serta kesejahteraan digital keluarga selaras dengan aspirasi Malaysia MADANI.,2047685437163188463,,komunikasi_gov,in,,0,1,0,https://x.com/undefined/status/2047685437163188463,274818125,
2047682101106139332,Fri Apr 24 14:33:32 +0000 2026,4,@syareliza anak-anak disleksia bukan berarti gak dibekali pendidikan layak kak dia butuh terapi dan stimulasi yang tepat karena memang itu gangguan klinis. cuma banyak orang yang overlook tandanya sebagai ih anak males bodoh bgt gitu aja gabisa ,2047685376148635969,,syareliza,in,,0,1,0,https://x.com/undefined/status/2047685376148635969,753522224347254784,
2047684327832723521,Fri Apr 24 14:29:22 +0000 2026,3,Usaha perkasa tingkatan enam IPG tuntut kematangan pendidikan negara - PM @anwaribrahim https://t.co/8yCGzHtZSM #BernamaNews https://t.co/ObSWxM6h7Z,2047684327832723521,https://pbs.twimg.com/media/HGrV0bNbEAAHf6l.jpg,,in,,0,0,0,https://x.com/undefined/status/2047684327832723521,106669711,
2047674784692199722,Fri Apr 24 14:29:02 +0000 2026,0,️️️ ️ ️️️ Keluhannya singkat: Dok saya minder sekali karena bekas luka bakar di wajah saya sejak kecil. Apa benar-benar bisa dihilangkan tanpa operasi besar? Mikayla terdiam. Ia membaca kalimat itu berulang kali. Di rumah sakit pendidikan dulu ️️️,2047684243208409259,,miyecn_,in,,0,1,0,https://x.com/undefined/status/2047684243208409259,761523782901112832,
2047638772771344672,Fri Apr 24 14:27:25 +0000 2026,0,@quanruige Di novel bapaknya lagi benci sama anaknya karna sex orientation dia. Malah dikurung 3 bulan dikasi minum macem2 ubat ramuan utk sembuhkan dia abis itu diantar ke US utk sambung pendidikan. Produksi gak cukup biaya kali ya makanya plot 2nd CP dibikin kayak gini,2047683835970854936,,quanruige,in,,0,0,0,https://x.com/undefined/status/2047683835970854936,211385420,
2047104256952725931,Fri Apr 24 14:26:32 +0000 2026,0,@DokterTifa Bukankah Mulyono yg bilang sendiri dia lulusan TEKNOLOGI KAYU? jurusan fakultas yang cuma ada 1 di dunia dan haya 1 orang yg punya pendidikan tersebut,2047683614192865435,,DokterTifa,in,,0,0,0,https://x.com/undefined/status/2047683614192865435,337546773,
2047683333652652509,Fri Apr 24 14:25:25 +0000 2026,0,Bermula tahun depan semua 58 MRSM akan ada warden sepenuh masa dikalangan bekas anggota beruniform dengan pemilihan yang ketat dan wajib melalui latihan untuk faham Falsafah Pendidikan MARA. Guru-guru tidak perlu lagi terbeban dengan tugas warden hanya fokus mengajar ,2047683333652652509,,,in,,0,0,0,https://x.com/undefined/status/2047683333652652509,4711228398,
2047683164789960952,Fri Apr 24 14:24:45 +0000 2026,0, Kesempatan pendidikan harus dimanfaatkan dengan sungguh-sungguh karena ilmu pengetahuan adalah bekal penting menuju kehidupan yang lebih baik. Fitrian Noor https://t.co/fNWJimpQLv,2047683164789960952,https://pbs.twimg.com/media/HGrU-mDbMAA5rQI.jpg,,in,,0,0,0,https://x.com/undefined/status/2047683164789960952,1443806585231273984,
2047683090873786579,Fri Apr 24 14:24:27 +0000 2026,0,Gizi dan infrastruktur bukan pilihan tapi fondasi bersama Lewat Transformasi Gizi Bangsa Pilar MBG Kuat memastikan anak Indonesia tumbuh sehat di lingkungan belajar yang layak karena masa depan hebat dimulai dari keduanya #MBG #GiziAnak #Pendidikan #IndonesiaMaju https://t.co/7Eue9Sff2o,2047683090873786579,https://pbs.twimg.com/media/HGrU63JawAAx_kt.jpg,,in,,0,0,0,https://x.com/undefined/status/2047683090873786579,2001906114389221377,
2047661843091530121,Fri Apr 24 14:24:03 +0000 2026,1,@zhil_arf Menurut ku sama penting tidak ada yg lebih ... Krn di kelas B ada contoh nyatanya contoh nyata prof. yohanes surya yg mengajar anak bodoh menjadi pintar dan juara di tingkat internasional... Krn pendidikan itu saling terkait.,2047682990176903169,,zhil_arf,in,,0,3,0,https://x.com/undefined/status/2047682990176903169,1778980201659260928,
2047155024904524225,Fri Apr 24 14:23:11 +0000 2026,0,@snbtmenfess @abunawasrifaie @tanyakanrl KASIAN DARI SEMUA POIN LU GABISA NGEJELASIN APA HUBUNGAN SIMON SAMA PRABOWO WKWK YANG GAPUNYA PENDIDIKAN ITU ELU KOCAK. BLACK CAMPAIGN MULU SAMPAH WKWK. NENEK GUE PUN JG TAU SIMON ITU PEMIMPIN MILITER YANG DITANYA ITU APA HUBUNGANNYA SAMPAH. BODOH²,2047682771322302521,,snbtmenfess,in,,0,1,0,https://x.com/undefined/status/2047682771322302521,1408190155194658820,
2047682376969658438,Fri Apr 24 14:21:37 +0000 2026,0,Komandan Lanud Sjamsudin Noor Kolonel Pnb Hilman L.P. Ambarita M.M.S. Jumat (24/04/2026) menghadiri undangan dalam rangka mengikuti Upacara Penutupan Pendidikan Pertama Bintara Infanteri TNI AD Gel. I TA. 2026. Selengkapnya : https://t.co/n8v6Wez9pq https://t.co/LJw2C0fFHR,2047682376969658438,https://pbs.twimg.com/media/HGrUMifasAAFSgf.jpg,,in,,0,0,0,https://x.com/undefined/status/2047682376969658438,1692037026378588161,
2047682101106139332,Fri Apr 24 14:20:31 +0000 2026,1,Thx god waktu aku ikut pengabdian yg cuman sehari di desa anak-anak SD nya udh pada pintar baca dan nulis padahal kelas 1. Ikut senang banget! Tapi sangat disayangkan dalam kasus gini masih ada yang tidak benar-benar menempuh pendidikan secara layak.,2047682101106139332,,,in,,0,1,0,https://x.com/undefined/status/2047682101106139332,1803462529357848579,
2047681775368106217,Fri Apr 24 14:19:13 +0000 2026,0,gausah fisika truk segede gaban ditarik motor....... yah yaudahlah mau gimana orang pendidikan jg merata malah embege terus,2047681775368106217,,,in,,0,1,0,https://x.com/undefined/status/2047681775368106217,470742034,
2047681598557241482,Fri Apr 24 14:18:31 +0000 2026,0,Di tengah hamparan sawah dan suasana desa yang tenang di Desa Perean Kecamatan Baturiti Tabanan geliat baru pariwisata berbasis pendidikan perlahan tumbuh. https://t.co/KT8U6cVsrh,2047681598557241482,,,in,,0,0,0,https://x.com/undefined/status/2047681598557241482,2655442453,
2047681383779406004,Fri Apr 24 14:17:40 +0000 2026,0,Lowongan Kerja Rumah Sakit JIH Purwokerto 1. Terapis Wicara 2. Terapis Okupasi 3. Staff IPCN Pendidikan minimal D3 Cara daftar cek di: https://t.co/jBncKNnzb9,2047681383779406004,,,in,,0,0,0,https://x.com/undefined/status/2047681383779406004,1237416418338992130,
2047623777979347298,Fri Apr 24 14:17:37 +0000 2026,0,@ApriTrader @afrkml Biaya kuliah yang tinggi + waktu pendidikan yang lama + beban kerja tapi tidak sebanding sama gajinya,2047681369493663952,,ApriTrader,in,,0,0,0,https://x.com/undefined/status/2047681369493663952,955799649134157824,
2047449217518768472,Fri Apr 24 14:16:53 +0000 2026,0,@bardanslm mending mulung gw njir dari pada makan dudi pajek + alokasi anggaran pendidikan,2047681186487796186,,bardanslm,in,,0,1,0,https://x.com/undefined/status/2047681186487796186,1042345857377427456,
2047449217518768472,Fri Apr 24 14:16:20 +0000 2026,12,@windyshout @bardanslm Secara menyelurug MBG itu makan porsi anggaran pendidikan tak peduli di mana pun dapurnya.,2047681049384395091,,windyshout,in,,0,0,2,https://x.com/undefined/status/2047681049384395091,129059811,
2047677894445642156,Fri Apr 24 14:16:16 +0000 2026,0,Rp. 75.000! . Menggali Nilai Budaya Tradisi Lisan dari Papua (Kajian Cerita Rakyat Suku Mee) Titus Pekei &amp; Natalis Pakage Direktorat Sejarah dan Nilai Budaya Kementrian Pendidikan dan Kebudayaan Jakarta 2013 Hardcover 184 hlm Bagus . https://t.co/hAuZuoXpHe,2047681030421885126,https://pbs.twimg.com/media/HGrTB4-aEAA-Eaj.jpg,adorablebuk,in,,0,1,0,https://x.com/undefined/status/2047681030421885126,1353210536901529600,
2047209982374871084,Fri Apr 24 14:15:53 +0000 2026,0,@SPBU_Swasta @rii_osh94 @Kataaksarasa @adarwis PENDIDIKAN FORMAL. modal akhlak baik doang mana bisa punya duit &amp; hidup berkecukupan. noh yg duduk di kursi pemerintahan aja pd ga berakhlak.,2047680934720459119,,SPBU_Swasta,in,,0,1,0,https://x.com/undefined/status/2047680934720459119,1768224996328173568,
2047552253075279911,Fri Apr 24 14:15:04 +0000 2026,0,@cocomintyeyo iyakannnn mending pendidikan dlu dibanding mbg masa ada berita kantor sppg nya lebih bagus drpada sekolahnya kan kocakkk ,2047680730533364166,,cocomintyeyo,in,,0,0,0,https://x.com/undefined/status/2047680730533364166,1726914285576798208,
2047611693342339124,Fri Apr 24 14:14:30 +0000 2026,3,@salam4jari Bagi @prabowo nya @Gerindra yang penting pendidikan tidak lebih baik,2047680587138466170,,salam4jari,in,,0,0,0,https://x.com/undefined/status/2047680587138466170,1938660856746983424,
2047111187473785035,Fri Apr 24 14:14:00 +0000 2026,0,@saturbron buah mahal karna pupuknya mahal. pendidikan mahal karna aggaran mbg nya mahal hihi,2047680460109807949,,saturbron,in,,0,0,0,https://x.com/undefined/status/2047680460109807949,1138737543363432448,
2047679901369766154,Fri Apr 24 14:11:47 +0000 2026,0,Dinas Pendidikan dan Kebudayaan (Disdikbud) Kabupaten Rejang Lebong Provinsi Bengkulu melakukan penguatan integritas dan karakter jajarannya melalui pembinaan mental atau bintal.https://t.co/XfUoaW84Ap,2047679901369766154,,,in,,0,0,0,https://x.com/undefined/status/2047679901369766154,423220305,
2047209982374871084,Fri Apr 24 14:11:39 +0000 2026,0,@lalalovey0ou @rii_osh94 @Kataaksarasa @adarwis pendidikan karakter sejak dini bisa membantu anak mandiri kelak dan berakhlak pulak,2047679868993970379,,lalalovey0ou,in,,0,1,0,https://x.com/undefined/status/2047679868993970379,1938172897132220422,
2047674784692199722,Fri Apr 24 14:11:29 +0000 2026,0,️️️ ️ ️️️ Gelar mewah apartemen mewah... tapi status tetap pengangguran gumamnya getir. Sudah tiga bulan sejak ia menyelesaikan pendidikan spesialisnya. ️️️,2047679825490624609,,miyecn_,in,,0,1,0,https://x.com/undefined/status/2047679825490624609,761523782901112832,
2047679717529317543,Fri Apr 24 14:11:03 +0000 2026,0,Sangat amat bertanggung jawab terutama perihal pendidikan apapun yang ku mau klo menyangkut pendidikan akan dituruti,2047679717529317543,,,in,,0,1,0,https://x.com/undefined/status/2047679717529317543,1810660964989378560,
2047679633081180345,Fri Apr 24 14:10:43 +0000 2026,1,Setelah mengetahui kenyataan bahwa ternyata masih banyak di luar sana keluarga-keluarga yang tidak menempuh pendidikan tinggi menjadikan aku sadar bahwa terlahir dari keluarga yang kedua orang tuaku merupakan sarjana dan menomorsatukan pendidikan adalah sebuah privilese.,2047679633081180345,,,in,,0,0,0,https://x.com/undefined/status/2047679633081180345,1273208309755994112,
2047679483172598258,Fri Apr 24 14:10:07 +0000 2026,0,Sebanyak 1 9 Juta Mahasiswa Wisuda Setiap Tahun Banyak Lulusan Menganggur Kampus Diminta Tutup Prodi Tak Relevan Baca selengkapnya: https://t.co/QiF7Scoexf #PontianakPost #Pendidikan #Mahasiswa #Pengangguran #Nasional,2047679483172598258,,,in,,0,0,0,https://x.com/undefined/status/2047679483172598258,4619136320,
2047643946235699525,Fri Apr 24 14:09:50 +0000 2026,1,@meongchiz ih sumpah min kalo emang dilanjut lanjutannya lebih fokus ke mass lalu mereka atau ke pekerjaan mereka sehari hari? sumpah yg mana aja menurutku bakalan keren sih jaman mereka struggle sama pendidikan pasti seru jaman mereka awal merintis cari karir juga pasti seru,2047679410141335784,,meongchiz,in,,0,2,0,https://x.com/undefined/status/2047679410141335784,1311722664277417984,
2047666431677092083,Fri Apr 24 14:08:16 +0000 2026,10,@mirfan_16 Konteksku disini klo nemu org yg dari kecil emang ada masalah spesifik belajar. Kalopun mereka korban sistem pendidikan yg rusak knp kita malah victim blaming disini? Meremehkan intelektualitas mereka bkn jawaban buat memperbaikinya. Klo korban sistem pasti masih bisa diajari-,2047679016405270689,,mirfan_16,in,,0,1,1,https://x.com/undefined/status/2047679016405270689,1899123753684025345,
2047151731700887792,Fri Apr 24 14:07:59 +0000 2026,0,@bung_madin Ini manfaat mbg nya @prabowo. Daerah dan desa tidak bisa membangun kualitas pendidikan menurun.,2047678944397410614,,bung_madin,in,,0,0,0,https://x.com/undefined/status/2047678944397410614,1938660856746983424,
2047678902433443919,Fri Apr 24 14:07:49 +0000 2026,0,1. Rakyat disuruh nyari kerja sendiri 2. Uang Rakyat dipalak atas nama Pajak 3. Pemerintah korupsi 4. Rakyat dibungkam 5. Pemerintah sama Asing takut 6. Mentingin makan gratis daripada pendidikan gratis tebak negara???,2047678902433443919,,,in,,0,0,0,https://x.com/undefined/status/2047678902433443919,1558678620985430021,
