"conversation_id_str","created_at","favorite_count","full_text","id_str","image_url","in_reply_to_screen_name","lang","location","quote_count","reply_count","retweet_count","tweet_url","user_id_str","username"
"2042567945675473272","Sat Apr 25 18:02:34 +0000 2026","0","@rudaislaacis Bet nu jā pārējiem 2 tas kas palika pāri no mums ","2048100369109041247","","rudaislaacis","lv","","0","0","0","https://x.com/undefined/status/2048100369109041247","1432988885781524487",
"2047600089632256200","Sat Apr 25 18:02:32 +0000 2026","0","@MarijkeD87 Zag wel redelijk wat verontwaardiging. En nu? Mogen mensen zelf bepalen wat ze meer of minder verontwaardigd?","2048100358744949062","","MarijkeD87","nl","","0","0","0","https://x.com/undefined/status/2048100358744949062","1431638978",
"2048100358254104812","Sat Apr 25 18:02:31 +0000 2026","0","En matchbild som passar Gyökeres nu! ...om han nångång får en passning.","2048100358254104812","","","sv","","0","0","0","https://x.com/undefined/status/2048100358254104812","52675205",
"2047400412366397611","Sat Apr 25 18:02:29 +0000 2026","0","@atrupar Karma nu iartă că tot el îi spunea fostului președinte Sleepy Joe @gork","2048100349139894758","","atrupar","ro","","0","0","0","https://x.com/undefined/status/2048100349139894758","1898719692639870976",
"2047914196453503391","Sat Apr 25 18:02:25 +0000 2026","0","@Bosse5050 @Anbefalles @Johans_tweetz Nu svamlar du igen Bosse. Jag konstaterade bara att det var män som var överrepresenterade i statistiken. Du blev galen. Tillhör du en av alla SDare som slår sin fru?","2048100332673147261","","Bosse5050","sv","","0","0","0","https://x.com/undefined/status/2048100332673147261","1859602350047887360",
"2048100319989846501","Sat Apr 25 18:02:22 +0000 2026","0","Harris fans! Harris compose panadhula longest song edhu nu solunga paapom!!","2048100319989846501","","","fr","","0","0","0","https://x.com/undefined/status/2048100319989846501","859460478233444357",
"2048100297398976661","Sat Apr 25 18:02:17 +0000 2026","0","Mere end halvdelen af løberne har allerede tilmeldt sig næste års Royal Copenhagen City Half. Tilmelding åben nu! SoMe ad RCCH2027 https://t.co/cutqTCpTi4 via @YouTube","2048100297398976661","","","da","","0","0","0","https://x.com/undefined/status/2048100297398976661","1101214350231195648",
"2048040357557067855","Sat Apr 25 18:02:15 +0000 2026","0","@v_frontline_pc Loba fans KDM jd ngadoakeun Borneo nu juara da junjunganna dirujak ku warga X wkwkwkqk","2048100288364724527","","v_frontline_pc","in","","0","0","0","https://x.com/undefined/status/2048100288364724527","1644115274650783744",
"2048100285499818239","Sat Apr 25 18:02:14 +0000 2026","0","Vanmiddag bij de patisserie 4 Tom Poucen besteld voor maandag. € 16 60.... best duur. Maar één keer per jaar vind ik dat zo'n traktatie waar ik me nu al op verheug. Dat maakt het voor mij Koningsdag. En ja.....ik weet dat ze bij Hema Aldi etc. goedkoper zijn..","2048100285499818239","","","nl","","0","0","0","https://x.com/undefined/status/2048100285499818239","2163566753",
"2048100276377112874","Sat Apr 25 18:02:12 +0000 2026","0","Nu i-a placut eyou-lui https://t.co/e9WA24XkBN","2048100276377112874","https://pbs.twimg.com/media/HGxQWH2bAAAP7Kn.jpg","","ro","","0","0","0","https://x.com/undefined/status/2048100276377112874","1246823684",
"2048100265711042866","Sat Apr 25 18:02:09 +0000 2026","0","„Voi reveni. Dar nu voi reveni singură. - Anca Tompea oaspete Eko Group Vila. Un spațiu pentru conferințe lansări gale ateliere și recepții business într-un monument istoric viu. Rezervări și informații: 0771 303 303 corporate@ekogroup.ro Strada Polonă 19 București https://t.co/rXRddWjHPx","2048100265711042866","https://pbs.twimg.com/amplify_video_thumb/2048099913314041856/img/oHDF_WFJU--xJkPp.jpg","","ro","","0","0","0","https://x.com/undefined/status/2048100265711042866","1976182421419646976",
"2048099086763446340","Sat Apr 25 18:02:07 +0000 2026","0","@LeaderSurya GT CSK night game na kooda entertainment irundirkum. Papom day game enna nadakuthu. Run fest ah irukumo oru sandegam. Chepauk day games namma dry pitch nu nenapom but usually flat than.","2048100257091768373","","LeaderSurya","en","","0","0","0","https://x.com/undefined/status/2048100257091768373","3238078334",
"2048100232739615154","Sat Apr 25 18:02:02 +0000 2026","0","JA. Daarom door dik endundoorzeten nu in gang is gezet beter voor hen .","2048100232739615154","","","nl","","0","0","0","https://x.com/undefined/status/2048100232739615154","2184437109",
"2048013114956796286","Sat Apr 25 18:02:00 +0000 2026","0","@MargaBult2025 @Jackistown En T stadskantoor zit nu in de moskee?","2048100226322289049","","MargaBult2025","nl","","0","0","0","https://x.com/undefined/status/2048100226322289049","1941839026069364736",
"2047999296105042137","Sat Apr 25 18:01:58 +0000 2026","0","@Bolojan intradevar poate este fabricata de rusi dar daca nu ei au trimis-o la noi? se gasesc de vanzare pe siteurile ucrainene drone. Ce motive ar avea ei sa trimita la noi niste drone paralitice? mai bine du-te un pic la ucraineni si apara romanii care sunt maltrati acolo raule.","2048100219452006729","","Bolojan","ro","","0","0","0","https://x.com/undefined/status/2048100219452006729","1519586233088946178",
"2048098738728583494","Sat Apr 25 18:01:58 +0000 2026","0","@MobieleAnnie @KapiteinNED Ze wist bovendien prima op woe ze reageerde dus wie zijn er nu dom? En ik weet wie mij eerder vaker Hübscher noemde . Dus weer een bewijs erbij.","2048100216281112593","","MobieleAnnie","nl","","0","0","0","https://x.com/undefined/status/2048100216281112593","14698710",
"2048100195490046358","Sat Apr 25 18:01:53 +0000 2026","0","25 Foto's van Feyenoord 021 -FC Twente Heracles 021 (4-1) nu online op https://t.co/WVMnlWm1sp 80 foto's op onze Facebookpagina https://t.co/AmBarbjMPH https://t.co/vUhWznNGmt","2048100195490046358","https://pbs.twimg.com/media/HGxP3CabgAELfnE.jpg","","nl","","0","0","0","https://x.com/undefined/status/2048100195490046358","252079193",
"2048100177270186009","Sat Apr 25 18:01:48 +0000 2026","0","Holding these tickers? $SWK $NU $LLY @ADfdjTomsg drops massive breakout winners every single day. My portfolio skyrocketed 6X higher from his perfect market calls.","2048100177270186009","","","en","","0","0","0","https://x.com/undefined/status/2048100177270186009","2037631819214921728",
"2048100174145179799","Sat Apr 25 18:01:48 +0000 2026","0","NICOOOOOOOOO GONZALEEEEZ HOLD NU KÆFT EN KASSE","2048100174145179799","","","da","","0","0","0","https://x.com/undefined/status/2048100174145179799","914256819182325765",
"2048099623818985650","Sat Apr 25 18:01:44 +0000 2026","0","@ESPNnl Achterlijk gedrag van die Saudi hoop dat Machida deze nu wint","2048100160417198254","","ESPNnl","nl","","0","0","0","https://x.com/undefined/status/2048100160417198254","999917488740515840",
"2048100148073365974","Sat Apr 25 18:01:41 +0000 2026","0","Un sergent de police est arrêté après avoir été surpris nu en train de se masturber près d'une aire de jeux pour enfants ; il reçoit une ordonnance de protection contre les risques sexuels.","2048100148073365974","","","fr","","0","0","0","https://x.com/undefined/status/2048100148073365974","1814249532516872192",
"2048100146076856438","Sat Apr 25 18:01:41 +0000 2026","0","Anders pakken de hotels het geld nu de gemeente. https://t.co/rUqh4iaor6","2048100146076856438","","","nl","","0","0","0","https://x.com/undefined/status/2048100146076856438","2828005320",
"2048095503015895533","Sat Apr 25 18:01:36 +0000 2026","0","@Purple_RSCA_ @Stancornel1s Volgens transfermarkt een LB geen wingback. 700 000 en 22j. Nunzio is er 200 000 meer waard om maar een idee te geven naar wie men aan t kijken is. Ndiaye komt nog terug zal deze nu al beter zijn? Mogelijks niet.","2048100125701013891","","Purple_RSCA_","nl","","0","0","0","https://x.com/undefined/status/2048100125701013891","1133674155625373696",
"2048100121833808335","Sat Apr 25 18:01:35 +0000 2026","0","Sampdoria med väldigt fin start och ett i mina ögon väldigt tveksamt bortdömt mål. Cesena i defensiv och uddlöst överlag men med matchens bästa möjlighet vid sidan av bortdömda målet precis nu. Hoppas detta kan ge de poäng som behövs för att allt ska kännas säkert och klart","2048100121833808335","","","sv","","0","0","0","https://x.com/undefined/status/2048100121833808335","26477395",
"2048100111167742100","Sat Apr 25 18:01:33 +0000 2026","0","@nos gaan jullie nu excuses aanbieden aan alle vrouwen voor het toeschrijven van deze massamoord aan een vrouw zonder meer? #NotOurCrimes","2048100111167742100","","NOS","nl","","0","0","0","https://x.com/undefined/status/2048100111167742100","1367783552",
"2048088818465776025","Sat Apr 25 18:01:29 +0000 2026","0","@rajini_mano First time a honest opinion though high IQ /low IQ nu vanmatha thelichalum.. the fact you have spoke but still percentage will be more . I dont know how you took IQ level of voters. be careful when you use those words. In that category if you have your son or daughter will u use","2048100097632944206","","rajini_mano","en","","0","0","0","https://x.com/undefined/status/2048100097632944206","446270805",
"2048063013228573035","Sat Apr 25 18:01:27 +0000 2026","0","@TamilGramsci Left pandi dha adutha education minster nu talk pogudhu","2048100088837521805","","TamilGramsci","et","","0","0","0","https://x.com/undefined/status/2048100088837521805","1908693602902896640",
"2048099626214113369","Sat Apr 25 18:01:25 +0000 2026","0"," HAN-NU-KAH HAN-NU- KAH like ok? Yeah!!! https://t.co/OsRnrudrtg","2048100078385250542","https://pbs.twimg.com/tweet_video_thumb/HGxQKeHbYAA7rsi.jpg","dakotasdiary04","tl","","0","0","0","https://x.com/undefined/status/2048100078385250542","1621348698944045056",
"2048100070793654440","Sat Apr 25 18:01:23 +0000 2026","0","guru honorer nu teu nyieun vidio ucapan terimakasih ka bupati mulai isuk bakal di mutasi jadi barudak nyoride","2048100070793654440","","","in","","0","0","0","https://x.com/undefined/status/2048100070793654440","1608837382769635330",
"2042567945675473272","Sat Apr 25 18:01:21 +0000 2026","0","@rudaislaacis Nē ražīgs mačs Vabulim 7 Kaucim 5 bet nu uzvarai visi 20","2048100064266952724","","rudaislaacis","lv","","0","0","0","https://x.com/undefined/status/2048100064266952724","1432988885781524487",
"2048017251224154197","Sat Apr 25 18:01:16 +0000 2026","0","@TatianaCro58013 @nightwatcherT @ITilvescu @SilviaUscov Ma-ta-i c-u-r-V-aaaa free speech se numeste nu cred ca imi trebuie dovezi oligofreni cu diploma ce sunteti ba cum draq de sunteti asa de prosti ma ?️","2048100040795644067","","TatianaCro58013","ro","","0","0","0","https://x.com/undefined/status/2048100040795644067","1358362354229137408",
"2048100039168274764","Sat Apr 25 18:01:15 +0000 2026","0","Boek nu ! https://t.co/GbGroX0yVG https://t.co/5j3qnowldp","2048100039168274764","https://pbs.twimg.com/ext_tw_video_thumb/2048099741213351936/pu/img/WLtovYwYgXgY5qjO.jpg","","nl","","0","0","0","https://x.com/undefined/status/2048100039168274764","2270143344",
"2047978510984130831","Sat Apr 25 18:01:09 +0000 2026","0","@HakanValle2 Det är svårt att säga vad som kommer att hända nu när Ryska federationen faller sönder. Det kan vara så att vissa av Rysslands västra delar vill ansluta sig till Ukraina Europeiska unionen och Nato.","2048100014447309230","","HakanValle2","sv","","0","0","0","https://x.com/undefined/status/2048100014447309230","1486787603818975233",
"2048100006960173305","Sat Apr 25 18:01:08 +0000 2026","0","Nu weer Apeldoorn. Heel Nederland wordt één AZC. 1000 gelukzoekers per maand. En nee het merendeel is niet een vluchteling uit een oorlogsgebied maar gewoon een ordinaire gelukzoeker. Waarom doet onze overheid ons dit aan? https://t.co/UAzh9HTGXd","2048100006960173305","https://pbs.twimg.com/amplify_video_thumb/2048089503911567361/img/Jl447lTAExscE7tJ.jpg","","nl","","0","0","0","https://x.com/undefined/status/2048100006960173305","1728793915866705920",
"2047971999520055654","Sat Apr 25 18:01:01 +0000 2026","0","@Jclarance664 @SirHenkeG @KatarinaOl31077 Är hela han askul nu plötsligt? Hjärnblödning deluxe.","2048099978464121252","","Jclarance664","sv","","0","0","0","https://x.com/undefined/status/2048099978464121252","2769265750",
"2048008790566441159","Sat Apr 25 18:00:59 +0000 2026","0","@the_real_sandis Njā..nu šajā eksperimentā runa ir par skaņas meditāciju.Skaņa ar attiecīgu hercu klausīšanos. Citos rakstos un atklājumos ir runa par skaņas AUM ietekmi uz smadzeņu darbību.","2048099969853251961","","the_real_sandis","lv","","0","0","0","https://x.com/undefined/status/2048099969853251961","235930572",
"2048066935414239678","Sat Apr 25 18:00:51 +0000 2026","0","@khaptadanslaloc J vois pas le dors tout nu","2048099938957963766","","khaptadanslaloc","fr","","0","0","0","https://x.com/undefined/status/2048099938957963766","995444211758649345",
"2047953825407840644","Sat Apr 25 18:00:50 +0000 2026","0","@eaeadaan @humaninternet5 @beek38 Daar ligt nu precies het probleem. De wakkeren zijn vreselijk intolerant en gaan je actief stalken als je het niet met ze eens bent. Ze willen dat jij hun weg bewandeld. Ik merk dat als geen ander.","2048099930842030403","","eaeadaan","nl","","0","0","0","https://x.com/undefined/status/2048099930842030403","21567660",
"2048072779828785333","Sat Apr 25 18:00:49 +0000 2026","0","@CultWolverine nu","2048099929525031114","","CultWolverine","und","","0","0","0","https://x.com/undefined/status/2048099929525031114","1633580655786315776",
"2048099892908655018","Sat Apr 25 18:00:40 +0000 2026","0","VIDEO Prefectura Galați: Buldoexcavatorul nu a fost folosit în niciun moment pentru manipularea fragmentelor de dronă https://t.co/Y6HdFRJQRt","2048099892908655018","","","ro","","0","0","0","https://x.com/undefined/status/2048099892908655018","119309207",
"2048097511622299732","Sat Apr 25 18:00:39 +0000 2026","0","@jesushnothere Smooth criminal potu bathroom la aaduvom paaru oru dance nu enga சித்தப்பா solvaaru ","2048099885950599596","","jesushnothere","et","","0","0","0","https://x.com/undefined/status/2048099885950599596","1300972712077131779",
"2048097876782481581","Sat Apr 25 18:00:36 +0000 2026","0","@ragav_x MI match try pannalam nu Iruka let's see https://t.co/LjRBhPhqZg","2048099875515166797","https://pbs.twimg.com/tweet_video_thumb/HGxP-eobQAAe9_W.jpg","ragav_x","et","","0","0","0","https://x.com/undefined/status/2048099875515166797","1368769861489356800",
"2048099872352464975","Sat Apr 25 18:00:36 +0000 2026","0","Dowman för Madueke nu tack","2048099872352464975","","","sv","","0","0","0","https://x.com/undefined/status/2048099872352464975","446477151",
"2047698789431967936","Sat Apr 25 18:00:34 +0000 2026","0","@Tomas_H_sweden @NickAlinia Nej men sluta nu.","2048099866140627151","","Tomas_H_sweden","sv","","0","0","0","https://x.com/undefined/status/2048099866140627151","1857160311884648448",
"2046978175314321584","Sat Apr 25 18:00:34 +0000 2026","0","@PSLundstrom @RudolfChristian Vi ska alltså gå bort från det frihandelsparadigmet som regerar nu till protektionism eller en handel med tullmurar? Frågan är genuint menad. För jag vill lära mig lite om ditt perspektiv.","2048099865603809406","","PSLundstrom","sv","","0","0","0","https://x.com/undefined/status/2048099865603809406","2038752539944931328",
"2048099859790471571","Sat Apr 25 18:00:33 +0000 2026","0","Of het nu gaat om het begeleiden van een ouder naar de dokter het verzorgen van een zieke partner of het ondersteunen van een kind met een beperking: het valt allemaal onder mantelzorg. https://t.co/KdYwuZNE75 https://t.co/GZZdere0s8","2048099859790471571","https://pbs.twimg.com/media/HGxP946XkAAg2Hq.jpg","","nl","","0","0","0","https://x.com/undefined/status/2048099859790471571","6227232",
"2048098001449603338","Sat Apr 25 18:00:30 +0000 2026","0","@frankfurtrogle Risken är väl att det blir för mycket måste vinna hos Rögle nu. Kan få fel effekt.","2048099850328158500","","frankfurtrogle","sv","","0","0","0","https://x.com/undefined/status/2048099850328158500","28760643",
"2047763484016787580","Sat Apr 25 18:00:27 +0000 2026","0","@RaduTudor1970 Un dobitoc!! Mai bine s-ar uita la ce pierderi are Rusia zilnic!! În 2025 Rusia a pierdut în medie 1145 de soldați pe zi cu vârfuri de peste 1500 de pierderi zilnice!! În total Rusia a pierdut în jur de 415.000 - 418.000 de militari în 2025!! Nu mai vorbesc despre echipamente.","2048099835782349071","","RaduTudor1970","ro","","0","0","0","https://x.com/undefined/status/2048099835782349071","1873479853413961728",
"2048099808779305406","Sat Apr 25 18:00:20 +0000 2026","0","TREVOR HUDGINS JE SUIS TOUT NU DANS BERCY","2048099808779305406","","","fr","","0","0","0","https://x.com/undefined/status/2048099808779305406","838838908137979906",
"2047441439433314400","Sat Apr 25 18:00:17 +0000 2026","0","@wierdduk Wierd Duk uit Israël komen nu ook mensen binnen. Dus mag er nu wel even gekeken worden. Geen mannetjes uit Israël. Zijn volkomen ontspoort toch? Kinderen hebben gebombardeerd en dan tot inkeer komen en vluchten? Niet naar Nederland toch?","2048099794980139422","","wierdduk","nl","","0","0","0","https://x.com/undefined/status/2048099794980139422","1838125619185389568",
"2048099794745467206","Sat Apr 25 18:00:17 +0000 2026","0","Vijay ku Mersal nu onnu iruku daa thevidi*a payale https://t.co/WbyxmkYcX5","2048099794745467206","https://pbs.twimg.com/media/HGxP5_aaoAAnWnS.jpg","","et","","0","0","0","https://x.com/undefined/status/2048099794745467206","1698790652652220416",
"2048099783559069898","Sat Apr 25 18:00:14 +0000 2026","0","Arsenal biko nu","2048099783559069898","","","eu","","0","0","0","https://x.com/undefined/status/2048099783559069898","87458165",
"2048099771366187243","Sat Apr 25 18:00:12 +0000 2026","0","Statistieken zijn nu eenmaal racistisch.","2048099771366187243","","","nl","","0","0","0","https://x.com/undefined/status/2048099771366187243","2938284784",
"2047272027908645074","Sat Apr 25 18:00:09 +0000 2026","0","@hendrikotten3 @LidwienNews Een herseninfarct is iets wat je overkomt. Waar je niets aan kan doen. Wat ons nu overkomt is iets wat gepland is. De mensen die dit gepland hebben hebben hun schaapjes al lang op het droge.","2048099762566562087","","hendrikotten3","nl","","0","0","0","https://x.com/undefined/status/2048099762566562087","907972551514710016",
"2047991344367284611","Sat Apr 25 18:00:06 +0000 2026","1","@deSunShineBand Dus ik ben als eigenaar van een eigen woning nu een boomer. Met dank aan de jarenlange inflatie de aanhoudende massa-immigratie en overbevolking en door enorme vraag vanwege de woningbouw- en stikstofcrisis is mijn onderkomen nu een (klein) vermogen waard. OZB vaart er wel bij.","2048099748964409460","","deSunShineBand","nl","","0","0","0","https://x.com/undefined/status/2048099748964409460","1876381514",
"2048043041701716388","Sat Apr 25 18:00:04 +0000 2026","0","@Rosencrantz_J Samarbetet med SD och nu löften om ministerposter i en eventuell kommande regering är ett stort svek. SD är ett judefientligt rasistiskt och homfobt parti. Eller är det bara vad som helst för makten ","2048099739615244501","","Rosencrantz_J","sv","","0","0","0","https://x.com/undefined/status/2048099739615244501","1452303543822655494",
"2048099727242379348","Sat Apr 25 18:00:01 +0000 2026","0","¡Hoy juega Leo Messi! El Inter Miami recibe al New England por una nueva fecha de la temporada 2026 de la MLS. El partido comenzará a las 20:30hs. y se jugará en el NU Stadium de Florida. El equipo del 10 argentino marcha segundo en la Conferencia Este. https://t.co/yyjrg3OGph","2048099727242379348","https://pbs.twimg.com/media/HGwoUQJbUAA-d7b.jpg","","es","","0","0","0","https://x.com/undefined/status/2048099727242379348","1312112343053152259",
"2048099726541877652","Sat Apr 25 18:00:01 +0000 2026","0","Nu ai habar cât de mult avantaj poți avea față de competiție doar discutând de 10x mai mult cu clienții tăi și ajutându-i real.","2048099726541877652","","","ro","","0","0","0","https://x.com/undefined/status/2048099726541877652","1867267951814119424",
"2048097807584616680","Sat Apr 25 17:59:55 +0000 2026","1","@Wessel_66 @Pereirapid024 Wessel hij bouwt iets meer zekerheid in. Nu kan Sandler echt als laatste man functioneren nu Nuytinck voorstopper staat. Met ruimte in de rug van Sandler hebben we al aantal gezien dat het fout gaat.","2048099700260155883","","Wessel_66","nl","","0","0","0","https://x.com/undefined/status/2048099700260155883","288123132",
"2048038097904890350","Sat Apr 25 17:59:54 +0000 2026","1","@NorvellTommy 40% av Sverige är inte svenskar. De röstar nu för ökad invandring och förintelsen av det svenska folket.","2048099695910645805","","NorvellTommy","sv","","0","0","0","https://x.com/undefined/status/2048099695910645805","1708193418596204544",
"2048099679242523035","Sat Apr 25 17:59:50 +0000 2026","0","Ook wilde ik melden dat nu de onderhandelingen stokken ik het begrijp als de heer trump mijnenleggers opruimt. Ik support geen geweld maar ik support wel het voorkomen van natuurrampen.. ik hoop dat mocht zoiets geneuren dat er mijnenleggers worden aangevallen dat er geen..","2048099679242523035","","","nl","","0","0","0","https://x.com/undefined/status/2048099679242523035","1674728052411039744",
"2047741360883618027","Sat Apr 25 17:59:45 +0000 2026","0","@WouterRoorda Hebben we nu met gas. Voedselzekerheid jaag boeren weg.","2048099660057788897","","WouterRoorda","nl","","0","0","0","https://x.com/undefined/status/2048099660057788897","1390262132990697481",
"2048064246613987509","Sat Apr 25 17:59:44 +0000 2026","0","@officialtharunn Inga paru oru vishayathula jeikurathu thaan real matter summa intha motivation speaker or samuthirakani punda mathir win or loss particpants matter nu thookitu varathanga. Karthick ramarajan mansoor alikhan nu evlo per arasiyal vanthurkanga summa thona thona nu","2048099658065731868","","officialtharunn","tl","","0","0","0","https://x.com/undefined/status/2048099658065731868","1970763305338773504",
"2048066820301578323","Sat Apr 25 17:59:43 +0000 2026","0","@skogshyddan3 @RattaVagen2026 Ja men de som hyllat Orban Putin och Trump i så många år har nu blivit en aning tystare.","2048099651962728567","","skogshyddan3","sv","","0","0","0","https://x.com/undefined/status/2048099651962728567","982852430542098432",
"2048099642986860917","Sat Apr 25 17:59:41 +0000 2026","0","Ik heb echt te doen met de ouders van die studenten the Zionist entity amai hun gast ging studeren en loopt daar nu rond als een hersenloze zombie het rectoraat aan het bezetten met z n gezicht verstopt achter een Iraakse sjaal. ","2048099642986860917","","","nl","","0","0","0","https://x.com/undefined/status/2048099642986860917","1497144423272046592",
"2048098983378035050","Sat Apr 25 17:59:41 +0000 2026","0","@roboPBOC nu da eto vsyo normalno... davai belka blyat","2048099642680746375","","roboPBOC","ht","","0","0","0","https://x.com/undefined/status/2048099642680746375","914287742",
"2048069522746437926","Sat Apr 25 17:59:37 +0000 2026","0","@Sudhinps15 Leave nu naattil vannadha Tuesday thirich povum","2048099624708456497","","Sudhinps15","nl","","0","0","0","https://x.com/undefined/status/2048099624708456497","1287341905039233024",
"2048098001449603338","Sat Apr 25 17:59:36 +0000 2026","0","@OXAZ98 Tangnes* Lugnt. Tar det i två raka nu. Vill se lite Skellefteåtårar. Nya Brynäs att tycka synd om sig själva Nä ni e bra men vi står för en konstig mental kollaps. Ska bli spännande att se HUR vi studsar tillbaka hemma o tar två matcher. Om inte? Hatten av o grattis","2048099624099930432","","OXAZ98","sv","","0","0","0","https://x.com/undefined/status/2048099624099930432","1020515546",
"2048099607096270855","Sat Apr 25 17:59:32 +0000 2026","0","Immonde insupportable 73 ans je me souviens de mes mini jupes mes hauts sans soutien gorge (quand même dans la décence) Seins nu sur la plage et nous n étions jamais agressées ","2048099607096270855","","","fr","","0","0","0","https://x.com/undefined/status/2048099607096270855","1304779791380475904",
"2048029179355009316","Sat Apr 25 17:59:30 +0000 2026","0","@GuyDeMa39278946 Verwonderd mij maar met 7 personen in het ziekenhuis kunnen ze niet anders wordt onderzocht geen informatie voor het aantal branden van Steps fietsen of EV in Nederland is het Rond de 35 per maand waar u wel zeker van bent betaalt nu mee voor verzekering van hoger risico's.","2048099598065865055","","GuyDeMa39278946","nl","","0","0","0","https://x.com/undefined/status/2048099598065865055","1509640491163426820",
"2048056897425547398","Sat Apr 25 17:59:25 +0000 2026","0","@Petra39629327 45 kilometer netties en nu douchen 🇪🇸","2048099575827775604","","Petra39629327","nl","","0","0","0","https://x.com/undefined/status/2048099575827775604","560271867",
"2048087894301032959","Sat Apr 25 17:59:24 +0000 2026","0","@BldNick @MadaSoim Asa era si pe bluesky dar cred ca nu ne plac schimbarile","2048099572891725828","","BldNick","ro","","0","0","0","https://x.com/undefined/status/2048099572891725828","1246823684",
"2047830186129854678","Sat Apr 25 17:59:23 +0000 2026","0","@hxntdarchives @CalltoActivism parerea mea e ca trump trateaza grecia ca pe un tip ok si lumea sare pe el ca pe un gafa uriasa dar serios cine nu a confundat o tara cu un prieten la un moment dat. eu nu iau politica in serios deloc oricum e doar divertisment pur.","2048099566394679413","","hxntdarchives","ro","","0","0","0","https://x.com/undefined/status/2048099566394679413","1909390269533011968",
"2047947187745706224","Sat Apr 25 17:59:16 +0000 2026","0","@therealneymann @nekas2020 @MartaKotello Tak nav pie šprices tik sen. Šis nu fufelis!","2048099539328917794","","therealneymann","lv","","0","0","0","https://x.com/undefined/status/2048099539328917794","1215242791",
"2047581358898172352","Sat Apr 25 17:59:15 +0000 2026","0","@olofvdgaag Praatjes Olof vroeger was er geen netcongestie was er stroomaansluiting voor je huis of fabriek. Stroom was niet afhankelijk van het weer. Wind en zon zijn niet gratis maar nu gigantisch duur. Alleen aanpassing stroomnet kost meer dan €220 miljard!! https://t.co/y1AT9Kc3vr","2048099533184262510","","olofvdgaag","nl","","0","0","0","https://x.com/undefined/status/2048099533184262510","352277045",
"2048099524812718307","Sat Apr 25 17:59:13 +0000 2026","0","2 month munnadi Farmer wave nu oruthan sonnaan","2048099524812718307","","","et","","0","0","0","https://x.com/undefined/status/2048099524812718307","2008642025248485376",
"2047768249429786949","Sat Apr 25 17:59:06 +0000 2026","0","@fa_morel @BurgersHugo Dus sodemieter op met je Pahlavi-wichelroede en kijk naar de beesten die door precies dit soort apathie purisme en leunstoelwijsheden aan de macht blijven. Het verschil tussen jou en Pahlavi is dat hij het volk nu wil laten kiezen en jij die keuze voor hen wel even maakt ","2048099497520116076","","parlementor","nl","","0","1","0","https://x.com/undefined/status/2048099497520116076","775269751668998144",
"2047964085573324859","Sat Apr 25 17:59:04 +0000 2026","0","@saravofcl Dei poramboku saravanan apdi nu una koopta una ku oke VA da","2048099490083770640","","saravofcl","und","","0","0","0","https://x.com/undefined/status/2048099490083770640","2029398537063284738",
"2048099485071605948","Sat Apr 25 17:59:03 +0000 2026","0","nu ratați? pigthree منتجات تيمو Temu اليومية تصبح بسعر أقل عند إدخال كود يمنح خصم باستخدام كوبون https://t.co/KE5WBK8pBb","2048099485071605948","https://pbs.twimg.com/media/HGxPmtCbAAAQtNS.jpg","","ar","","0","0","0","https://x.com/undefined/status/2048099485071605948","1771255205872476161",
"2048088759858782493","Sat Apr 25 17:59:03 +0000 2026","0","@Just_a_guy_2002 Hehehhe Nu is just aurafarming","2048099484383469650","","Just_a_guy_2002","et","","0","0","0","https://x.com/undefined/status/2048099484383469650","1172406221468340225",
"2048099320495227092","Sat Apr 25 17:58:24 +0000 2026","1","Gefeliciteerd Willie! Wij kunnen maandag helaas niet komen dus we nemen nu alvast een tompouce. Groetjes aan Max en de kids https://t.co/jGPtYOK4l9","2048099320495227092","https://pbs.twimg.com/media/HGxPen3aMAAsafy.jpg","","nl","","0","0","0","https://x.com/undefined/status/2048099320495227092","448994871",
"2048099311590703417","Sat Apr 25 17:58:22 +0000 2026","0","Israeliska regeringen nu: Netanyahu orders IDF to strike Hezbollah targets 'forcefully' in Lebanon ","2048099311590703417","","","en","","0","0","0","https://x.com/undefined/status/2048099311590703417","53873265",
"2048083773112352933","Sat Apr 25 17:58:21 +0000 2026","1","@Subash1997558 @sfcazran Lusu velaiku kuda porana illaya nu therila S anna zip dhan 24 hrs vijay kitta kuda poga mattan","2048099307187061013","","Subash1997558","in","","0","0","0","https://x.com/undefined/status/2048099307187061013","1272124826438664193",
"2048099289734492592","Sat Apr 25 17:58:17 +0000 2026","0","Thanks to Head and Klaasen .. 3 overs delay chesi NRR gabbu leparu .. easy gaa Lolcb nu dimpi no2 ellevaallam ..","2048099289734492592","","","et","","0","0","0","https://x.com/undefined/status/2048099289734492592","86926479",
"2048099282952065272","Sat Apr 25 17:58:15 +0000 2026","0","We luisteren nu de 2e plaat van deze dubbelaar die vol recentere en hippere swingendere songs staat en dat is helemaal prima voor het zaterdagavond natafelen.","2048099282952065272","","","nl","","0","0","0","https://x.com/undefined/status/2048099282952065272","889804863332331520",
"2048099277864362120","Sat Apr 25 17:58:14 +0000 2026","0","Lekker van t heerlijke weer genoten beetje gewinkeld voor moederdag en nu lekker pasta koken ","2048099277864362120","","","nl","","0","0","0","https://x.com/undefined/status/2048099277864362120","321298593",
"2047956240756797883","Sat Apr 25 17:58:09 +0000 2026","0","@chdgdg17146 @Distinguisher18 Kalki nu cross cheyaledha yentha age needhi ???","2048099258134643093","","chdgdg17146","ht","","0","0","0","https://x.com/undefined/status/2048099258134643093","4544193974",
"2048099257639416150","Sat Apr 25 17:58:09 +0000 2026","5","Oké na al dat agressieve gedrag van gisteren en nu dit gesprek met Ricky Ben ik er van overtuigd dat er toch iets van drugs die loods in is gekomen #debondgenoten","2048099257639416150","","","nl","","0","1","0","https://x.com/undefined/status/2048099257639416150","1467525631655268362",
"2047669053871841721","Sat Apr 25 17:58:05 +0000 2026","1","@Schilde2022 @guyduchene4 Ja het Amerikaanse USAID Office of Inspector General (OIG) heeft een actief en uitgebreid onderzoek lopen naar meer dan 100 UNRWA-medewerkers wegens mogelijke Hamas-connecties en betrokkenheid bij de 7 oktober 2023-aanvallen. In maart 2026 werd dit nog verder uitgebreid; tot nu","2048099239230632120","","Schilde2022","nl","","0","1","0","https://x.com/undefined/status/2048099239230632120","1720665183188922368",
"2047958967536500995","Sat Apr 25 17:58:03 +0000 2026","0","@JohanLu63331833 Twittrar du om HockeyAllsvenskan? Trodde du hade full sjå med SHL nu? Eller fortsätter du hålla koll så du är redo när Löven åker ur SHL nästa år? ","2048099233274745049","","JohanLu63331833","sv","","0","0","0","https://x.com/undefined/status/2048099233274745049","2632676686",
"2048096400752214295","Sat Apr 25 17:58:00 +0000 2026","0","@Qrufss @PatricSkoglund @DavidNeves123 Galet fin bong tur du inte valde att dubbla i 6:e som det vurmades för i streamen. Men nu finns ju facit o betydligt enklare då. Streamen är ett jävla bra verktyg att lägga till sina egna idéer. Underhållningen är magisk ibland⭐️⭐️.","2048099220779827611","","Qrufss","sv","","0","0","0","https://x.com/undefined/status/2048099220779827611","2283500955",
"2048060441788637541","Sat Apr 25 17:57:55 +0000 2026","0","@RubenBaetens Stel je nu frieten eten en bier drinken gelijk met verwarmen en autorijden? Zelfs geen verwijzing naar fossiele brandstoffen meer nodig Dit komt dicht bij boeten gij zondaar .","2048099198591988042","","RubenBaetens","nl","","0","0","0","https://x.com/undefined/status/2048099198591988042","1479902381018071048",
"2048096540128911572","Sat Apr 25 17:57:55 +0000 2026","0","@sjunnedotcom Har nu en ny idol och överväger att ändra username till Vet Hut.","2048099198235525156","","sjunnedotcom","sv","","0","0","0","https://x.com/undefined/status/2048099198235525156","900165835817463808",
"2047974210731925516","Sat Apr 25 17:57:50 +0000 2026","0","@HenryJP55 @barreaux1989 Ja had ze zijn nu jong volwassen maar ja naar feestjes sport vriendinnen en ik bracht ze 10 jaar lang de grens over voor beter onderwijs dagelijks 80 km! 20 heen en 20 terug elke ochtend en avond! Opvang wel beter geregeld in België","2048099178299957308","","HenryJP55","nl","","0","0","0","https://x.com/undefined/status/2048099178299957308","1925281046922186752",
"2048046909038940475","Sat Apr 25 17:57:43 +0000 2026","0","@hariharan260 @RamRam25126023 @Jerrysfc28 Antha time la karur issue than perusa irunchu kubera ku tn la promotion eh illa onnu illa.. first namma movie eppo hit aachu nu yoschitu aduthavana mmba vaa da ","2048099146553500140","","hariharan260","et","","0","0","0","https://x.com/undefined/status/2048099146553500140","1628082292097978368",
"2048088008327307621","Sat Apr 25 17:57:40 +0000 2026","0","@JanisVoins Oi Wei šitais aktieris nu vangotājs nu labāks par Vangu","2048099137564946498","","JanisVoins","lv","","0","0","0","https://x.com/undefined/status/2048099137564946498","1474692675509104641",
"2048099112177062238","Sat Apr 25 17:57:34 +0000 2026","1","Adutha vijay nu naasukka sollu bro. https://t.co/eOdLm0eKPn","2048099112177062238","https://pbs.twimg.com/media/HGxPScVbUAEQCJZ.jpg","","et","","0","0","0","https://x.com/undefined/status/2048099112177062238","2032042661931335685",
"2048091745947402716","Sat Apr 25 17:57:34 +0000 2026","0","@jayant4_j @Dpt_tvk Bro summa than bro solluraru fun nu than","2048099108943270217","","jayant4_j","in","","0","0","0","https://x.com/undefined/status/2048099108943270217","1576770826539409409",
"2047802015053382092","Sat Apr 25 17:57:32 +0000 2026","1","@DrkxRh @dennisUHDH @058_bm Laat maar die het de bek van Sien ooievaar nog in de reed. Hij piept nu anders ","2048099100743041059","","DrkxRh","nl","","0","1","0","https://x.com/undefined/status/2048099100743041059","1029400562922659840",
"2048099070749639055","Sat Apr 25 17:57:24 +0000 2026","1","Ricky!!! Kijk uit!! Elvis staat nu achter jou!!!! #debondgenoten","2048099070749639055","","","nl","","0","0","0","https://x.com/undefined/status/2048099070749639055","1633230541221756928",
"2048025018123067783","Sat Apr 25 17:57:22 +0000 2026","0","@RantaPaRanta Förutom att Centern alltid köper den dyraste reklamen i valrörelserna så är det väl inte helt uteslutet att det varit en del gröna placeringar som slagit fel. Är det nu vi skall gissa vem Lytens hemliga investerare är?","2048099060582584774","","RantaPaRanta","sv","","0","1","0","https://x.com/undefined/status/2048099060582584774","2484914052",
"2048099057193632230","Sat Apr 25 17:57:21 +0000 2026","0","tenho vergonha de falar q gosto de nu metal pq a fandom é isso ae https://t.co/Eq0Yq0og6z","2048099057193632230","https://pbs.twimg.com/media/HGxPPBJaEAAuBh1.jpg","","pt","","0","0","0","https://x.com/undefined/status/2048099057193632230","2027442975492739072",
"2047995203768729784","Sat Apr 25 17:57:18 +0000 2026","0","@vocea_liberala Construcția la autostrada București-Constanța a început în 1992 pe timpul lui Petre Roman și a fost dată în folosință dacă nu mă înșel în totalitate în 2022.Îți dai seama cât s-a furat?România onestă a infractorilor.","2048099043163652146","","vocea_liberala","ro","","0","0","0","https://x.com/undefined/status/2048099043163652146","1784088750965784577",
"2048099028710183362","Sat Apr 25 17:57:14 +0000 2026","0","Ippidithaan mathur sathya nu oru olandi... See more","2048099028710183362","","","et","","0","0","0","https://x.com/undefined/status/2048099028710183362","1815637609495822339",
"2048096290458746964","Sat Apr 25 17:57:13 +0000 2026","1","@DJROYINHO Slaat nergens op. Je komt nu voortdurend onder druk te staan. Afstand naar voren veel te groot. Recept voor ellende.","2048099023320432745","","DJROYINHO","nl","","0","0","0","https://x.com/undefined/status/2048099023320432745","616526049",
"2047747031569924583","Sat Apr 25 17:57:08 +0000 2026","0","@ajboekestijn Wordt u nu ook al door @nrc betaald?","2048099001715531892","","ajboekestijn","nl","","0","0","0","https://x.com/undefined/status/2048099001715531892","81624213",
"2048072573922234538","Sat Apr 25 17:57:08 +0000 2026","0","@Tushar15 Nasha kaunsa karte ho bhai? Mamata winning 2/3rd majority Bjp it jokers doesn't know anything about bengal ground reality Mamata winning by a lot Save this Suvendu and Omit shah nu will retire after 4th may ","2048099000260395161","","Tushar15","en","","0","0","0","https://x.com/undefined/status/2048099000260395161","1256849876652118018",
"2048095384904384685","Sat Apr 25 17:57:07 +0000 2026","1","@MobieleAnnie Dat is nog niets. Ik heb drie dochters van Kees Vlaardingerbroek die alle drie Eva heten die me nu volgen. Misschien moet ik ze taggen met de vraag wie de echte is. (Ik hoop op een b*tch fight tussen de dochters dan.) ","2048098997223514491","","MobieleAnnie","nl","","0","1","0","https://x.com/undefined/status/2048098997223514491","1306488072708775936",
"2048038972430201128","Sat Apr 25 17:57:06 +0000 2026","0","@123____Perth @RitikNotRithik @WolfgangSingh @frontierindica Fir jehre bsf da area inc. kita c 2 saal pehla Plus cal. The no. of bangladeshi deported in this Regime and previous one Bhravva bhakti wcho bhar ajaa Eh barri barri thagi jande a Baki hun reply nah kri dimag khan nu mera","2048098995055313006","","123____Perth","in","","0","0","0","https://x.com/undefined/status/2048098995055313006","1334740318168608770",
"2047759212835467372","Sat Apr 25 17:57:05 +0000 2026","0","@KritischePatri Het wachten is nu op de eerste stevige hagelbui. Dagelijks de lucht plamuren met chemtrails gaat ook niet helpen.","2048098987895394329","","KritischePatri","nl","","0","0","0","https://x.com/undefined/status/2048098987895394329","1975899247011577856",
"2048098982686241087","Sat Apr 25 17:57:03 +0000 2026","0","Ivanga la epadi than ivvalavu arajagam la face panni iruppanga nu theriyala Some things seem unbearable even when we think about them. Really #TVKVijay","2048098982686241087","","","en","","0","0","0","https://x.com/undefined/status/2048098982686241087","1218150433010540545",
"2048098946757906822","Sat Apr 25 17:56:55 +0000 2026","0","#SidhuMooseWala #JusticeForSidhuMooseWala LAWRENCE BISHNOI TAE BNNI WEB SERIES BAN KITI AA CENTRE SARKAAR NE OHNA NU DEO DHAMKI SIDHU VEERA DA BAAPU G NE KYU THREAT DERE OO !! https://t.co/T5GFF3BsIU","2048098946757906822","https://pbs.twimg.com/media/HGxPIqOaYAAXCmY.jpg","","hi","","0","0","0","https://x.com/undefined/status/2048098946757906822","2483931210",
"2048096122321977595","Sat Apr 25 17:56:53 +0000 2026","0","@sansbarrier Idhu enna trend paatha.. Rendu katchiyum 115-115 nu irukkum pola..","2048098937811382714","","sansbarrier","et","","0","0","0","https://x.com/undefined/status/2048098937811382714","1274791922570125312",
"2048058587738411122","Sat Apr 25 17:56:49 +0000 2026","0","@zeg_eens_aad Je provoceert je irriteert zeker nu op dit moment. Je doet dit om reacties uit te lokken na dat vreselijke bericht van je vriend en nu speel je de onschuld zelve. Geeft niks maar het is overduidelijk dat jij je een Ubermensch voelt.","2048098923441500477","","zeg_eens_aad","nl","","0","0","0","https://x.com/undefined/status/2048098923441500477","1196679497929699328",
"2048098916588298240","Sat Apr 25 17:56:48 +0000 2026","2","May 4 Real Dummy Punda Yaarunu Parpom Vijay Punda Mavanku Vote Pota Thayolis Engada Irukuringa S Fans Wotha cinema Vera Arasiyal Vara Nu Solittu Vantha Vaay La Thooki Vaippen Ensunniya ‍️","2048098916588298240","","","et","","0","0","1","https://x.com/undefined/status/2048098916588298240","1176109033746358272",
"2048055210615210492","Sat Apr 25 17:56:47 +0000 2026","0","@TVKVijay24x7 @TVK_Dinshu @csprakash27 Here enga booth agent ku en husband full support panni BLA avara இருந்தார்.. first i didnt trust him.. but he was the support for us.. bcoz booth la tvk name ella nu sollitanga .. nanga vera new thana? Payanthutom but avar than argue panni BLA va இருந்தார்.. then pavam tired","2048098911827669026","","TVKVijay24x7","en","","0","0","0","https://x.com/undefined/status/2048098911827669026","2412532573",
"2047635291595235783","Sat Apr 25 17:56:45 +0000 2026","0","@LoanSundman @RosemaryKarlss1 Loan Loan. Skärp dig. Du ser inte klarögt nu.","2048098904265179254","","LoanSundman","sv","","0","0","0","https://x.com/undefined/status/2048098904265179254","1043265788457758721",
"2048070530096312607","Sat Apr 25 17:56:35 +0000 2026","0","@igormirandasite Um dos melhores do nu metal. Álbum absurdo de bom.","2048098864926732307","","igormirandasite","pt","","0","0","0","https://x.com/undefined/status/2048098864926732307","40702992",
"2048098864893505574","Sat Apr 25 17:56:35 +0000 2026","1","Guys enaku oru chinna enaku 50 % vijay anna cm aayiduvaarunu nambikaa iruku but balance andha 50 % enga makkal avaraa emaathiduvaangalo nu thonudhu neenga enna nenaikiringa can someone make me clear ️‍ vijay anna jeichiduvaaru la #TVKVijay‌ #TVKVijay‌HQ #virtualwarriors","2048098864893505574","","","et","","0","0","1","https://x.com/undefined/status/2048098864893505574","1778704535370018816",
"2048083039457091903","Sat Apr 25 17:56:23 +0000 2026","1","@patrasconiu Nicușor nu ia decizii in PSD. El doar ajută cit poate.","2048098813471027225","","patrasconiu","ro","","0","1","0","https://x.com/undefined/status/2048098813471027225","2027772235742945280",
"2048006744257835515","Sat Apr 25 17:56:19 +0000 2026","0","@kvartalet På X och FB har ni sedan 13 mars delat 4 mätningar om att förtroendet för Simona ökar (2 Demoskop 1 Novus och nu denna) och 2 inlägg om Demoskops mätning där L får 4 5%. Men inte någon partimätning från Sentio Indikator Verian Novus eller Ipsos där L står i stort sett still.","2048098794663751853","","kvartalet","sv","","0","0","0","https://x.com/undefined/status/2048098794663751853","58204774",
"2048011554583396678","Sat Apr 25 17:56:16 +0000 2026","0","@bosultanul sunt ponei nu copii.","2048098784052117694","","bosultanul","ro","","0","0","0","https://x.com/undefined/status/2048098784052117694","1702996428455346176",
"2047637361979166895","Sat Apr 25 17:56:16 +0000 2026","0","@BicitoursNL @SimonSchothorst @mweeink Het hele windpark ligt offshore (onderhoud?) wat nu niet direct dichtbij de verbruikers is. SMRs kun je over het land verspreiden met minimaal landverbruik. Ik denk dat 14 grote kerncentrales een beter idee is. Maar grootschalig wind wordt het niet.","2048098782487646363","","BicitoursNL","nl","","0","0","0","https://x.com/undefined/status/2048098782487646363","23590116",
"2048034447866347632","Sat Apr 25 17:56:13 +0000 2026","0","@RWSverkeersinfo @Rijkswaterstaat Als ze tegen Zwarte Piet waren dan had de politie geschoten. Maar nee nu zijn het vriendjes van @RobJetten en @D66 aanhang dan mag het ineens wel. En doet de politie niets. #nietmijnkabinet","2048098772844958007","","RWSverkeersinfo","nl","","0","0","0","https://x.com/undefined/status/2048098772844958007","1452686234",
"2048097148793926011","Sat Apr 25 17:56:09 +0000 2026","0","@Writer_Naina Antha naainga veetla iruka chinna kolanthainga paavam nu ninaikala.. Inga suthura TVK yematra nilai ku poganum","2048098753383694349","","Writer_Naina","et","","0","0","0","https://x.com/undefined/status/2048098753383694349","406887315",
"2048071057576239310","Sat Apr 25 17:56:01 +0000 2026","0","@L1lleP Sorry inte just nu det är påväg! ","2048098719275377057","","L1lleP","sv","","0","0","0","https://x.com/undefined/status/2048098719275377057","264502406",
"2048098689034662191","Sat Apr 25 17:55:53 +0000 2026","7","1000 line code adikra engalukku idhellaam Oru challenge nu solittu https://t.co/Udu8s3IYUX","2048098689034662191","https://pbs.twimg.com/tweet_video_thumb/HGxO5V-bkAA4zGo.jpg","","et","","0","0","1","https://x.com/undefined/status/2048098689034662191","2478340033",
"2048008154823180307","Sat Apr 25 17:55:53 +0000 2026","0","@anderslindberg Ja herregud Anders nu säger du att könsstympningar är en följd det svenska friskolesystemet. Din retorik är verkligen bedrövlig.","2048098687381799007","","anderslindberg","sv","","0","0","0","https://x.com/undefined/status/2048098687381799007","1448350565994487812",
"2045620714779099358","Sat Apr 25 17:55:52 +0000 2026","0","kadi itfaq howa hai police nu stateforward galasalman khan sb roti bulva ke khava diya kar","2048098683518918934","","KPrince31205","in","","0","0","0","https://x.com/undefined/status/2048098683518918934","2031032013743120384",
"2048054468269285565","Sat Apr 25 17:55:52 +0000 2026","1","@Symphony_res En nu is ze begonnen aan het nagerecht https://t.co/HxgELGRJXa","2048098682696855675","https://pbs.twimg.com/media/HGxO5HPWMAAkAC6.jpg","Symphony_res","nl","","0","0","0","https://x.com/undefined/status/2048098682696855675","1536347044972924933",
"2048092687622975674","Sat Apr 25 17:55:45 +0000 2026","0","@miz_entropy Nu am văzut filmul. Cartea e foarte bună.","2048098652871094595","","miz_entropy","ro","","0","0","0","https://x.com/undefined/status/2048098652871094595","780484001677078528",
"2047940719319601220","Sat Apr 25 17:55:44 +0000 2026","0","@AravindRajaOff Father of how many children of 3 wife da @mkstalin intha naai 2 wife Oda 2nd son Iva @KanimozhiDMK pillaye illa nu assembly pesuna naai than Dhakshnamoorthy","2048098647792078878","","AravindRajaOff","et","","0","0","0","https://x.com/undefined/status/2048098647792078878","1819791657912389632",
"2047606056961151078","Sat Apr 25 17:55:43 +0000 2026","0","@maduraipillai மே 4 க்கு அப்பறம் மாடு மேய்க்குற கவர்ன்மென்ட் வேலை கிடைக்க போகுது nu நினைச்சி மட bn கனவு கண்டுட்டு இருக்கான் போல ","2048098646126985437","","maduraipillai","ta","","0","0","0","https://x.com/undefined/status/2048098646126985437","981221015324737536",
"2048098645359083727","Sat Apr 25 17:55:43 +0000 2026","3","Keik iz ik hept ob ut grint leggu rollu ben egt stovvug nu. https://t.co/hdMNKLGmgC","2048098645359083727","https://pbs.twimg.com/media/HGxO3UhWcAEG58z.jpg","","nl","","0","2","0","https://x.com/undefined/status/2048098645359083727","1403676693722800131",
"2048098634906886537","Sat Apr 25 17:55:41 +0000 2026","0","Det er et større steal end Argentina Brasilien i 1990. Og hvilket herligt steal det var dengang. Kom nu Manchester City. #ManCity","2048098634906886537","","","da","","0","0","0","https://x.com/undefined/status/2048098634906886537","59437158",
"2048098618658218432","Sat Apr 25 17:55:37 +0000 2026","0","PSD -ului i-a cam ajuns cuțitul la os cu toate nedreptățile care i se fac! La osul de ros adică: nu mai e lăsat să roadă banii românilor! ","2048098618658218432","","","ro","","0","0","0","https://x.com/undefined/status/2048098618658218432","479613387",
"2048098608629911682","Sat Apr 25 17:55:34 +0000 2026","0","Only TVK jokers speak ignorant lies confidently!!! Max per booth is 1500 eppudura 10000 nu adichu vidra https://t.co/T1CckHeK5U","2048098608629911682","https://pbs.twimg.com/ext_tw_video_thumb/2048018989759270912/pu/img/Oe9CeMImgZmdNUMk.jpg","","en","","0","0","0","https://x.com/undefined/status/2048098608629911682","1525992603669237762",
"2048093452827586807","Sat Apr 25 17:55:32 +0000 2026","0","@RikElfrink Maar ook nu nog heel bijzonder. Voor altijd een beetje van ons.","2048098600484246006","","RikElfrink","nl","","0","0","0","https://x.com/undefined/status/2048098600484246006","105487894",
"2048017787331969457","Sat Apr 25 17:55:31 +0000 2026","0","@GopisTroll_Back Arasiyal ellarum padika vendiya onnu dhan da mutta payaley unaku arivu iruntha avngaluku arasiyal Yaruku vote podanum ethuku vote podanum nu solli kudukanum da ... Arasiyal kandipa pesi dhan da aganum","2048098594922844471","","GopisTroll_Back","in","","0","0","0","https://x.com/undefined/status/2048098594922844471","1910886023577452544",
"2048098594515788212","Sat Apr 25 17:55:31 +0000 2026","0","NU ONLINE: Scooterrijder gewond na botsing met auto Schoemakerstraat Delft https://t.co/UFrsT00wv0","2048098594515788212","","","nl","","0","0","0","https://x.com/undefined/status/2048098594515788212","22487659",
"2047976508925301225","Sat Apr 25 17:55:30 +0000 2026","0","@Remcobus1967 @POL_Korpschef Op een brancard afvoeren. Oe ist: ben je nu ambulancebroeder of doe je nog een poging om een beetje gezag uit te stralen.","2048098591583936902","","Remcobus1967","nl","","0","0","0","https://x.com/undefined/status/2048098591583936902","1579067751716503556",
"2048081653390803020","Sat Apr 25 17:55:28 +0000 2026","0","@get2karthik @OGprasanna Fleix Ajith kuda ela nalum varathu illaiye.. pblm is when the moderator or someone else asks questions this ppl just escape by saying u hv to ask that to Tvk nu.. ana tvk not giving regular press meets. So the questions always remain open ","2048098583833100532","","get2karthik","en","","0","0","0","https://x.com/undefined/status/2048098583833100532","52078762",
"2047977487641243718","Sat Apr 25 17:55:25 +0000 2026","0","@Nishanth_Offcl @basha_tauseef @BloodyPixel @actorvijay @kingofkwood @Vijayfansoff @Team_MOVF @VijayTrendsPage @VFK_OffI @tnvfc_designers @TNVFC_OFFI @TST_Offcl @VijayFilmsBackp @GoatMovie2024 Nan kuda new film update nu nenachen bro! https://t.co/vqo67lnTNH","2048098570973405333","https://pbs.twimg.com/media/HGxOy4HbkAEA1tK.jpg","Nishanth_Offcl","nl","","0","1","0","https://x.com/undefined/status/2048098570973405333","2036049477795287040",
"2047956950453751981","Sat Apr 25 17:55:25 +0000 2026","0","@cosminsroman Adevarul:UE prin Bolojaf si MUC au distrus complet RO care nu mai are industrie agricultura sector privat nimic. UE a bagat RO in recesiune-junk. A dus inflatia la 11.5% cea mai mare din EU somajul la 9% deficitul la 9.9% datorila 230 miliarde euro a bagat 8 mil in saracie","2048098567957393465","","cosminsroman","ro","","0","0","0","https://x.com/undefined/status/2048098567957393465","1521173444607553537",
"2048098560579633435","Sat Apr 25 17:55:23 +0000 2026","0","Nyakopong nsa nu no icing","2048098560579633435","","","tl","","0","0","0","https://x.com/undefined/status/2048098560579633435","1547744895611256836",
"2047698321884709095","Sat Apr 25 17:55:15 +0000 2026","0","@RickyNSas mun Main Tong katingal Teuing Subjektif Jang...Tingal Pola-Polo- Jeung Palu nu rek di jadiken Objek Serangan pangpangna sing inget Papatah Kolot Montong nyiduhan Langit bisi Balik Kana Beunget anjen sorangan komo ngan sakur Butuh Eksistensi mah Lebar..Netralkeun Weh Bola mah!","2048098529122591043","","RickyNSas","in","","0","0","0","https://x.com/undefined/status/2048098529122591043","1863916141472874496",
"2048096229331013684","Sat Apr 25 17:55:13 +0000 2026","0","@dewaalstad @Milan_nmg @necnijmegen Vind het juist ok. Schreuder bouwt juist iets meer zekerheid in. Sandler kan er nu achter spelen. Minder ruimte achter hem.","2048098520020763125","","dewaalstad","nl","","0","0","0","https://x.com/undefined/status/2048098520020763125","288123132",
"2047680781112234370","Sat Apr 25 17:55:12 +0000 2026","0","@JohanVeldh35629 @MonaKeijzer @nedalliantie @JuisteAntwoord @cdavandaag @VVD @progressiefned @SecGenNATO Leef je onder een steen of zo. Jongeren staan gemiddeld 10 tot 12 jaar in geschreven voor een woning. En dat gaat nu nog verder oplopen. Dat vanaf je 18e. Dus reken maar uit. Voor je het weet ben je veertig. En heb je geen gezin kunnen krijgen. Dus vergrijzing wordt erger.","2048098515465744818","","JohanVeldh35629","nl","","0","0","0","https://x.com/undefined/status/2048098515465744818","1510893540968181769",
"2048069252964630795","Sat Apr 25 17:55:05 +0000 2026","2","@itzme_divs Nane iniku dhan idha realize senjen.. Mrng Dhideernu.. Vijay ya Thitra video va Enaku kekra maari enga appa sound vacharu.. Ipo nit.. Enga amma vaikranga. Tats when i realized.. Something is wrong nu.","2048098484876894639","","itzme_divs","in","","0","1","0","https://x.com/undefined/status/2048098484876894639","1757285310726389760",
"2048084303226011977","Sat Apr 25 17:55:03 +0000 2026","0","@Aktiepappa Allt tyder på att de avsätter nu hastigt resurser till övergången till elbilar. Kina gjorde det redan och Europa vill inte falla efter. En stor politisk fråga kommer att vara beskattningen av elbilsbränsle. Kommer staten att mäta milen med GPS och beskatta per kilometer?","2048098478052483357","","Aktiepappa","sv","","0","0","0","https://x.com/undefined/status/2048098478052483357","1985279162635177984",
"2048092028102148270","Sat Apr 25 17:55:03 +0000 2026","0","@Otha10vadhuID @lumospascal Enna match Enna team nu theriyama","2048098476051857779","","Otha10vadhuID","et","","0","1","0","https://x.com/undefined/status/2048098476051857779","886114773615525888",
"2048066482635255908","Sat Apr 25 17:55:00 +0000 2026","0","@realvibes72 Har time ba ye Darla chai jorrolo nu khud ba Zindagi haseen wa ","2048098464060641525","","realvibes72","in","","0","0","0","https://x.com/undefined/status/2048098464060641525","1806587729377148928",
"2047592470436020372","Sat Apr 25 17:54:57 +0000 2026","1","@MPrabakar7 Suthi iruka ellarum rapist nu chinna pullaiku terla paavam ","2048098453918826992","","MPrabakar7","et","","0","0","0","https://x.com/undefined/status/2048098453918826992","1590568142925103104",
"2048088818465776025","Sat Apr 25 17:54:57 +0000 2026","0","@NewDawn8 @rajini_mano Apdiya apa abroad kelambi poiru intha aatchila iruka mudila nu than abroad poitu tn marananum nu flight la varanga nriya peru ombitu kada","2048098452543041844","","NewDawn8","in","","0","0","0","https://x.com/undefined/status/2048098452543041844","1733495806840238080",
"2047941506527547397","Sat Apr 25 17:54:56 +0000 2026","0","@Digi24_HD gunoiule cu tot ce furatzi prin STS nu luatzi mai mult de2% https://t.co/z4BLXRrqyO","2048098448906293502","https://pbs.twimg.com/media/HGxOrMUbAAAQm3Q.jpg","Digi24_HD","ro","","0","0","0","https://x.com/undefined/status/2048098448906293502","1952069545843097600",
"2048091597162615274","Sat Apr 25 17:54:54 +0000 2026","0","@Merci__kayi Noneho wagirango nu musatsi","2048098441297907845","","Merci__kayi","tl","","0","0","0","https://x.com/undefined/status/2048098441297907845","949313583535607808",
"2048014859321647463","Sat Apr 25 17:54:52 +0000 2026","0","@abco75 Simion și lulea spala bani pentru mafioții fi transnistria de vreo 3 ani. Omul e milionar din asta nu mai are nevoie de subventie de la stat. De ce crezi ca insista cu asta? A găsit alta sursa de finanțare.","2048098432854712391","","abco75","ro","","0","0","0","https://x.com/undefined/status/2048098432854712391","2027772235742945280",
"2047973490381168703","Sat Apr 25 17:54:50 +0000 2026","0","@OUluiteanu @IovanJeny Adevărul nu poate fi interzis de nici o lege! Istoria faptele sunt adevăr absolut nu poți fi condamnat că spui adevărul adevărat!","2048098422792618172","","OUluiteanu","ro","","0","0","0","https://x.com/undefined/status/2048098422792618172","746323973781192705",
"2048098409274306724","Sat Apr 25 17:54:47 +0000 2026","0","Rocca valgte derfor at gå videre med det til det civile retssystem hvor anklagemyndigheden i Milano nu er ved at færdiggøre undersøgelsen. Rocca klagede over at det ikke var de dygtigste dommere som blev valdt til visse kampe men de dommere som var loyale overfor ledelsen. &gt;","2048098412373966976","","thomasandrea80","da","","0","1","0","https://x.com/undefined/status/2048098412373966976","1668614784",
"2047748767110045794","Sat Apr 25 17:54:47 +0000 2026","0","@D66 @RobJetten @jpaternotte Ja precies heel de arme wereld kan niet wachten op uw voorrang van deze woningen En dan nog is er zoiezo geen werk voor deze aantallen. We hebben nu al 900.000 mensen in de WIA +/- 430.000 In de bijstand en dan nog de wajong +/- 150.000. En alweer mag niet gekeken worden op afk.","2048098411279233294","","D66","nl","","0","0","0","https://x.com/undefined/status/2048098411279233294","433633841",
"2048098403721097586","Sat Apr 25 17:54:45 +0000 2026","0","Wat een pessimisme in aanloop naar de wedstrijd zeg. Denk juist dat er een last van de spelers afvalt nu de beker erop zit. Vol gas voor een hoge eindklassering ️. #twenec","2048098403721097586","","","nl","","0","0","0","https://x.com/undefined/status/2048098403721097586","1851329145038413824",
"2047979897948151886","Sat Apr 25 17:54:43 +0000 2026","0","@Onair58 @BoxNatur Ik zie dat NU al .","2048098393851883864","","Onair58","nl","","0","0","0","https://x.com/undefined/status/2048098393851883864","151254734",
"2048000961432436986","Sat Apr 25 17:54:40 +0000 2026","0","@bolleauk @VBraeckenssieck @JoostJansen6 @telegraaf Alles is volledig georchestreerd volgens een globalistische agenda. Als het al niet duidelijk was dan is het dat nu wel. Nationaal belang ondergeschikt en het lijkt in een stroomversnelling te komen.","2048098379083735077","","bolleauk","nl","","0","0","0","https://x.com/undefined/status/2048098379083735077","1367191314010357767",
"2048098377917755759","Sat Apr 25 17:54:39 +0000 2026","0","Nu har jeg i 1 time forsøgt at oprette og betale for at bruge DirekteSport så jeg kan se boksning. Alle gange melder den fejl! Fuck et lorte produkt! Alle andre kampe Jakob Bank har bokset har været vist på DAZN men ikke den her https://t.co/cJmMKwhRLk","2048098377917755759","https://pbs.twimg.com/tweet_video_thumb/HGxOnbUa8AAUIav.jpg","","da","","0","0","0","https://x.com/undefined/status/2048098377917755759","47720146",
"2048098366127558755","Sat Apr 25 17:54:36 +0000 2026","2","Si eu care credeam ca e razboi! Dar nu e RAZOI!! Mama ei de scoala on-line https://t.co/mzGmqkiGIp","2048098366127558755","https://pbs.twimg.com/media/HGxOnD2bYAAMDCS.jpg","","ro","","0","0","0","https://x.com/undefined/status/2048098366127558755","1556189796711731201",
"2048098364219425009","Sat Apr 25 17:54:36 +0000 2026","0","Org kabupaten mah dibere bare minimum ge geus atoh bnr2 karunya ningalina pdhl nu kitu mah geus kawajiban","2048098364219425009","","","in","","0","0","0","https://x.com/undefined/status/2048098364219425009","1882358643615772672",
"2048086195897565382","Sat Apr 25 17:54:34 +0000 2026","1","@Atm_ameer @vijayfc @TVKVijayHQ Ok.. Apo naamalum wait pannuvom.. Naa vijay bro ku vote podanum nu dha voter id two months back dha transfer pannen.. So enna vida seniors irukanga","2048098354203365441","","Atm_ameer","et","","0","0","1","https://x.com/undefined/status/2048098354203365441","1176002758186373120",
"2048068834926477619","Sat Apr 25 17:54:31 +0000 2026","0","@jkuipers_ @esjemienee Wat heb jij toch met geraniums? Daar kom je eerder achter terecht als je het nu al voor gezien houdt. ","2048098342823985479","","jkuipers_","nl","","0","0","0","https://x.com/undefined/status/2048098342823985479","2004836728792862720",
"2047814925037240404","Sat Apr 25 17:54:30 +0000 2026","0","@RobertoEne96958 Asta inseamna ca sunt si parintii tai printre ei nu-i asa ??","2048098337639862359","","RobertoEne96958","ro","","0","0","0","https://x.com/undefined/status/2048098337639862359","1626753036583411713",
"2048098331042214044","Sat Apr 25 17:54:28 +0000 2026","2","Longest ACTIVE consecutive final four appearances DLSU: 16 seasons UST: 6 seasons NU: 5 seasons AdU: 1 season #UAAPSeason","2048098331042214044","","","en","","1","0","0","https://x.com/undefined/status/2048098331042214044","1791860401065320449",
"2048098327166697622","Sat Apr 25 17:54:27 +0000 2026","0","When the week opened I was looking forward to go long but the market reversed too fast whilst I was asleep. Then it ranged wanted to be positioned above/below the high/low 1 loss on gold only trade on the account no forced trades on AU &amp; NU no blown account -0.8% first week https://t.co/YaU7J7B5Vk","2048098327166697622","https://pbs.twimg.com/media/HGxOkGKaQAA7xRu.png","","en","","0","0","0","https://x.com/undefined/status/2048098327166697622","1890134059616980992",
"2048098322548969650","Sat Apr 25 17:54:26 +0000 2026","0","giliran poe ie weh loba nu ngajak ulin","2048098322548969650","","","in","","0","0","0","https://x.com/undefined/status/2048098322548969650","1186952105074012160",
"2047681969493053620","Sat Apr 25 17:54:24 +0000 2026","0","@ReinderTil Nu doe je het weer. Durf je geen antwoord te geven? Nou?","2048098314134900829","","ReinderTil","nl","","0","0","0","https://x.com/undefined/status/2048098314134900829","1968679343296757761",
"2047976954742079633","Sat Apr 25 17:54:16 +0000 2026","0","@avPublicService @skitstropp @svt Hade en biltillverkare levererat en bil med så allvarliga fel som PS levererar utan att återkalla dem så hade de varit i konkurs nu. Public Service däremot kör på i 300 km/h i vänsterfilen utan bromsar halvljus eller säkerhetsbälte.","2048098280131739979","","avPublicService","sv","","1","0","0","https://x.com/undefined/status/2048098280131739979","1434195566079119364",
"2047974575422496915","Sat Apr 25 17:54:15 +0000 2026","1","@voiculesti Nu cred. Nici dusmanilor nu le-ai face atat rau.","2048098275404681537","","voiculesti","ro","","0","0","0","https://x.com/undefined/status/2048098275404681537","1500942617210667010",
"2047712201100689436","Sat Apr 25 17:54:15 +0000 2026","0","@BjornSandmark Jag försöker vara tolerant men att ljuga så medvetet av politiska skäl är så jävla vidrigt så du ligger farligt nära en block nu.","2048098275245314239","","AStrinnholm","sv","","0","1","0","https://x.com/undefined/status/2048098275245314239","1608636146",
"2048007827512291363","Sat Apr 25 17:54:14 +0000 2026","1","@daangraanbanaan @tomjanmeeus @petervlemmix Wij de ridders van het vrije woord en de geblokten door Blommenstijn zouden ons moeten verenigingen. Omroep BlokDoos. Die beginnersfouten van Peter maak ik niet hoor. Wie neemt er nu in godsnaam Beertema aan?!","2048098270174380484","","daangraanbanaan","nl","","0","1","1","https://x.com/undefined/status/2048098270174380484","1547637425240805379",
"2048098263879020774","Sat Apr 25 17:54:12 +0000 2026","0","Featured ad: Nu metal covers band start up (Hastings) https://t.co/Xj8vYGy9M7","2048098263879020774","","","en","","0","0","0","https://x.com/undefined/status/2048098263879020774","23620017",
"2048026431842639991","Sat Apr 25 17:54:12 +0000 2026","0","@ChrisAalberts Jammer jôh maar Bart was valser dan jij. Dus jij hebt verloren (alweer). Kan je weer pikkie meten met je AIVD collega Bart wie nu weer de meeste 'impact' had.","2048098262968590381","","ChrisAalberts","nl","","0","0","0","https://x.com/undefined/status/2048098262968590381","1492529700488495109",
"2048080832489804219","Sat Apr 25 17:54:10 +0000 2026","0","@wierdduk En nu een met een blanke man + 2 geyle moslimas. ","2048098255771144229","","wierdduk","nl","","0","0","0","https://x.com/undefined/status/2048098255771144229","1262669537595490305",
"2048091525783920925","Sat Apr 25 17:53:32 +0000 2026","0","@RATAZADUANGELA nu quidito que você tá dançano","2048098096320512196","","RATAZADUANGELA","pt","","0","0","0","https://x.com/undefined/status/2048098096320512196","1889762584926265344",
"2047997874030452796","Sat Apr 25 17:53:30 +0000 2026","0","@NurderK Ja toll und nu?","2048098086086459851","","NurderK","sv","","0","0","0","https://x.com/undefined/status/2048098086086459851","1126901251772432385",
"2047985409511018735","Sat Apr 25 17:53:29 +0000 2026","1","@HilleviLarsson Nu är det all in från sossarna kvinnor som går att koppla till invandring smutskastas de som sossarna ser som rasrena hyllas som framtidens ljus. Ta skydd muslimer/araber nu visar sossarna återogen sitt rätta vidriga ansikte och göder sina nazistiska rötter. Sossar är svin!","2048098082529697977","","HilleviLarsson","sv","","0","0","0","https://x.com/undefined/status/2048098082529697977","1627731313024180225",
"2048093033422323896","Sat Apr 25 17:53:27 +0000 2026","0","@DoornPetravan Dank je wel dankzij jouw kan ik nu tot rustkomen ","2048098073981669708","","DoornPetravan","nl","","0","0","0","https://x.com/undefined/status/2048098073981669708","394030525",
"2047985447163343176","Sat Apr 25 17:53:23 +0000 2026","0","@Peter26061980 Gandhi King en Xr in 1 adem? Hoe erg ben je dan van de pot gerukt? Die elitaire werkschuwe paupers staan daar dingen te eisen die helemaal niet kunnen. Nu niet. En over 10 jaar ook niet. Totaal wereldvreemd.","2048098056596246811","","Peter26061980","nl","","0","0","0","https://x.com/undefined/status/2048098056596246811","324348693",
"2048011095701397956","Sat Apr 25 17:53:22 +0000 2026","0","@MinisterIenW Joe En wat ga je zeggen tegen je collega van J&amp;V? Of worden er nu kamervragen gesteld? Of weet je stiekem al waarom en plaats je een zinloos berichtje vd likes? want zo werkt het toch","2048098055161860440","","MinisterIenW","nl","","0","0","0","https://x.com/undefined/status/2048098055161860440","3050408913",
"2048098052506816973","Sat Apr 25 17:53:22 +0000 2026","8","Beetje jammer dat mensen hier Ricky nu als gekkie bestempelen. Ik vind het juist van intelligentie getuigen dat hij nadenkt over bepaalde dingen en niet alles voor zoete koek aanneemt wat ons voorgeschoteld wordt. #debondgenoten","2048098052506816973","","","nl","","0","2","0","https://x.com/undefined/status/2048098052506816973","1361760942900584455",
"2048098044948939083","Sat Apr 25 17:53:20 +0000 2026","0","11 o clock Tea kadaiku tea kudika ponen Last tea asaiya vagi orama vachutu gpay pandradhu kulla dust villudhuruchu Seri nu extra 25 pay pani rose milk vagi kudhuhen.... It's so good But ipoo tea kedikallnu varutha padavaa or happy for rose milk ","2048098044948939083","","","et","","0","0","0","https://x.com/undefined/status/2048098044948939083","2000975622622076928",
"2048098041299951888","Sat Apr 25 17:53:19 +0000 2026","1","Quiet minutes loud growth from Marga KYK Altea today. You can really see the improvement in her reception and defense; small details big impact. Praying for even bigger contributions in the knockout games vs AdU and NU &amp; hopefully all the way to the finals against la salle https://t.co/P3XkC02Qwn","2048098041299951888","https://pbs.twimg.com/amplify_video_thumb/2048097973389885440/img/hj2pMRgsNP18pZ33.jpg","","en","","0","1","1","https://x.com/undefined/status/2048098041299951888","1895043425948573700",
"2036780054433104041","Sat Apr 25 17:53:19 +0000 2026","0","@MichaelDor80936 @GoddessPuella Hallo onderdanige stuur me nu een bericht.","2048098041194799572","","MichaelDor80936","nl","","0","0","0","https://x.com/undefined/status/2048098041194799572","1899686204309962752",
"2048053040167407837","Sat Apr 25 17:53:17 +0000 2026","0","@CopsBrian @XanBe2 Nu als iemand een beter idee heeft geen probleem maar dit is het toch niet","2048098032655184030","","tm_smets","nl","","0","1","0","https://x.com/undefined/status/2048098032655184030","2750769309",
"2048088933704351854","Sat Apr 25 17:53:10 +0000 2026","0","@chomchomchomper Nu man is just on another level this season","2048098001613426905","","chomchomchomper","en","","0","0","0","https://x.com/undefined/status/2048098001613426905","1410581352202661893",
"2048098001449603338","Sat Apr 25 17:53:10 +0000 2026","3","Skellefteå är bombsäkra på guld. Media skelles twitterkrigare m.m. Nu vänder serien till Sveriges bästa fans. Vi kommer göra allt för vända. Tisdag kör vi. #Närvivänder.","2048098001449603338","","","sv","","0","2","0","https://x.com/undefined/status/2048098001449603338","1020515546",
"2048097999599862245","Sat Apr 25 17:53:09 +0000 2026","0","Nu forhandler Mette med Al Qaida... Mette Frederiksen har diskuteret hjemsendelser med den syriske præsident | Nyheder | DR https://t.co/KdqzZKAHaO","2048097999599862245","","","da","","0","0","0","https://x.com/undefined/status/2048097999599862245","1823340628492640256",
"2048097988443316444","Sat Apr 25 17:53:06 +0000 2026","0","nu ratați? kTMcJU ⎐كُـود⎐كوبِون⎐خـِصم⎐ عرض مميز ⎐ريفا_⎐ ⊵NAD5⊴ ستايلي⊴ ⊵WM⊴ ⎐ايهرب⎐ايهيرب اهرب ⊵NCE7042⊴ https://t.co/CYDl7jYZQw","2048097988443316444","https://pbs.twimg.com/media/HGxOQrRa4AEWZXn.png","","ar","","0","0","0","https://x.com/undefined/status/2048097988443316444","711046837",
"2048097973091918171","Sat Apr 25 17:53:03 +0000 2026","0","Als zijnde handelsman is Trump nu jaloers op de prestatie van China....... daar komt hij niet overheen","2048097973091918171","","","nl","","0","0","0","https://x.com/undefined/status/2048097973091918171","2303566986",
"2048011095701397956","Sat Apr 25 17:53:02 +0000 2026","0","@MinisterIenW @CorStapel Ik heb de rapportages ook weer gezien van deze hautaine én antisemitische lui zwaaiend met een #terreurvlag. Komaan hey politiek wanneer verbieden jullie dit nu eens echt en sla je die lui direct met knuppels zoals jullie óók bij #AZCprotesten doen. Mensen hebben géén begrip.","2048097971686776948","","MinisterIenW","nl","","0","0","0","https://x.com/undefined/status/2048097971686776948","837345602",
"2048074119187452272","Sat Apr 25 17:53:02 +0000 2026","0","@yolandaschultes Furchtbar!!!!!!! Wird er gegessen in China essens ja alles quasi! War nu nie u werd auch nie in ein ChinaReataurant gehen","2048097971388985580","","yolandaschultes","de","","0","0","0","https://x.com/undefined/status/2048097971388985580","1681502546",
"2048092219370815799","Sat Apr 25 17:53:02 +0000 2026","1","@twitevit @ArlaDanmark Læs nu artiklen og se fotoet lille Tomse. Og lad venligst være med at forsøge at pudse virksomheder på folk.","2048097969304395948","","twitevit","da","","0","0","0","https://x.com/undefined/status/2048097969304395948","1726281942637654016",
"2048014859321647463","Sat Apr 25 17:52:58 +0000 2026","0","@abco75 Nu știu dacă va crede pe toți însă pe suveraniști cu siguranță","2048097953634476287","","abco75","ro","","0","0","0","https://x.com/undefined/status/2048097953634476287","1627399495813148676",
"2048042151129534917","Sat Apr 25 17:52:57 +0000 2026","0","@Vaishnavi1005 Adhan I asked from which one nu ","2048097949339857312","","Vaishnavi1005","en","","0","1","0","https://x.com/undefined/status/2048097949339857312","1678307340418686976",
"2048097926430228989","Sat Apr 25 17:52:56 +0000 2026","0","Eerder was Jan raadslid en fractievoorzitter voor de PvdA in Katwijk. Nu is hij penningmeester bij de DUNAatelier en voorzitter van zijn lokale wijkvereniging. Met z'n scherpe blik gaat hij onze fractie versterken en moeilijke dossiers vreten.","2048097943169777708","","PvdAKatwijk","nl","","0","1","0","https://x.com/undefined/status/2048097943169777708","406442399",
"2048097926430228989","Sat Apr 25 17:52:54 +0000 2026","0","Jan was jarenlang horeca-ondernemer en eigenaar van café Boeien. Hij kent Katwijk van alle kanten: als ondernemer als vrijwilliger als oud-raadslid en als betrokken burger. Met die bak aan ervaring gaat Jan zich nu inzetten op de onderwerpen Financiën Economie en Vastgoed! https://t.co/cdX8WUz5Lh","2048097937935208904","https://pbs.twimg.com/media/HGxON3jbAAAdl0W.jpg","PvdAKatwijk","nl","","0","1","0","https://x.com/undefined/status/2048097937935208904","406442399",
"2047965487305248994","Sat Apr 25 17:52:54 +0000 2026","3","@Pers_Remus Onz vrouwmens waz ook naar Utregt maar ob trugweg hebd su du furkeerdu trijn gunome haha daz lachu maar nu iz su tuis. Heel gusellug waz ut.","2048097936387543197","","Pers_Remus","nl","","0","0","0","https://x.com/undefined/status/2048097936387543197","1403676693722800131",
"2048064616832373155","Sat Apr 25 17:52:50 +0000 2026","1","@Verbraak Ik herinner mij dat ik op mijn Insta feed een meneer kreeg die van die sketches upload van fans die puur fictief 10 jaar in coma waren en nu ontwaakte. Ergens wel hilarisch maar hij is een Liverpoolian ...","2048097919136395557","","Verbraak","nl","","0","1","0","https://x.com/undefined/status/2048097919136395557","1192524328098816001",
"2048093653587964358","Sat Apr 25 17:52:48 +0000 2026","1","@superjan He dat is dan weer ongemakkelijk; heel 'erg woke' en de harde realiteit in één en dezelfde demonstratie. Wie moeten ze daar nu op afsturen. ","2048097912228307299","","superjan","nl","","0","0","0","https://x.com/undefined/status/2048097912228307299","473313248",
"2047773507375825236","Sat Apr 25 17:52:48 +0000 2026","1","@de_rode_willem Nu denk ik dat BDW een job ambieert bij de EU dus...","2048097911339106340","","de_rode_willem","nl","","0","0","0","https://x.com/undefined/status/2048097911339106340","2027127443518107649",
"2047915761260228802","Sat Apr 25 17:52:45 +0000 2026","0","@beyoumf b-bapakku nu @tionghoua @renjanaaru @Versntappen @zhangzimoo @joyimiese @haomeiran https://t.co/HsVHUHY9tG","2048097896659296561","https://pbs.twimg.com/ext_tw_video_thumb/2042966458964275200/pu/img/y4oYccNA1pOF-apE.jpg","beyoumf","in","","0","2","0","https://x.com/undefined/status/2048097896659296561","1456890540952223748",
"2048097893538800005","Sat Apr 25 17:52:44 +0000 2026","0","nu ratați? Icm ⎐كُـود⎐كوبِون⎐خـِصم⎐ عرض سريع النهاردة ⎐ايهرب⎐ايهيرب اهرب ⊵NCE7042⊴ ⎐نون⎐ ⊵NKW⊴ ستايلي⊴ ⊵WM⊴ Icm https://t.co/zEVLmMDgnY","2048097893538800005","https://pbs.twimg.com/media/HGxOLPcaMAA-RLy.png","","ar","","0","0","0","https://x.com/undefined/status/2048097893538800005","554679131",
"2048097882746556739","Sat Apr 25 17:52:41 +0000 2026","0","@ToolGPT Det funkar dåligt nu eller?","2048097882746556739","","ToolGPT","sv","","0","1","0","https://x.com/undefined/status/2048097882746556739","108708067",
"2048097872533451135","Sat Apr 25 17:52:39 +0000 2026","11"," Cum să nu susții un asemenea om?! Nu mă interesează cum îl cheamă de la ce partid e ci determinarea asumarea și curajul lui https://t.co/7nyqCYQj8l","2048097872533451135","","","ro","","0","1","1","https://x.com/undefined/status/2048097872533451135","1607878939195621378",
"2048097867730952487","Sat Apr 25 17:52:38 +0000 2026","0","Inget värre än att ha scoutat en aktie men man gick inte in. Sen nu den går som raket. Siemens Energy ","2048097867730952487","","","sv","","0","0","0","https://x.com/undefined/status/2048097867730952487","1938655620963672065",
"2048097867605082163","Sat Apr 25 17:52:38 +0000 2026","0","Mike McCarthy har forøvrigt en super weird historik med at tage tonsvis af Iowa-spillere. Nu er det to. Wetjen virker som et solidt reach. Ikke super imponeret over hvordan Steelers' draftproces har været. Resultaterne kan godt blive fine men processen virker flawed","2048097867605082163","","","da","","0","0","0","https://x.com/undefined/status/2048097867605082163","64484388",
"2047972498583482374","Sat Apr 25 17:52:37 +0000 2026","0","@wintervelt @PeterMiltenburg @MaxVonKreyfelt @Geronimo7859 Oh zo. Dat blijkt wel inderdaad Te weinig in verdiept. En vergis me wel vaker overigens. Er blijven maar weinig oprechte Nederlandse media mensen over. Maar nu weet ik t ook!","2048097864568516717","","wintervelt","nl","","0","2","0","https://x.com/undefined/status/2048097864568516717","1178294564274294784",
"2048097854175035815","Sat Apr 25 17:52:34 +0000 2026","0","Wauw! Bestel hem nu en lees binnenkort dit fantastische feelgood verhaal! https://t.co/MUoLTmLm7C","2048097854175035815","https://pbs.twimg.com/media/HGxOI_eXsAAQS8u.jpg","","nl","","0","0","0","https://x.com/undefined/status/2048097854175035815","1567449513777893379",
"2048080909077721336","Sat Apr 25 17:52:33 +0000 2026","0","@Merlien_Welzijn U als toezichthouder en oud Tweede Kamerlid zou hier de vinger op de zere plek kunnen leggen. De situatie is niet uit de lucht komen vallen. Er is al maanden gewaarschuwd. Impactanalyse onthouden. Bij Logius is een toezicht probleem nu DigiD einde jaar de EUDI wallet.","2048097849842323800","","Merlien_Welzijn","nl","","0","1","0","https://x.com/undefined/status/2048097849842323800","1315056399769128961",
"2047917139537932620","Sat Apr 25 17:52:29 +0000 2026","0","@DrTasbas @volkan_giritli Maliye bakanın İngiliz vatandaşı hıyar.Sen ne anlatıyorsun.Yazsana bir Şimşek bakanına ya da Akp genel başkanına tepkini göster bakalım da görelim samimiyetini.Ayrıca bkunda boncuk arar gibi açık arayacağına Tevhidi Tedrisat Kanunu nu bir oku.","2048097829499830380","","DrTasbas","tr","","0","0","0","https://x.com/undefined/status/2048097829499830380","1597392413684809729",
"2048097819865780685","Sat Apr 25 17:52:26 +0000 2026","0","emg moal bisa mikir ari nu jelema bu mah barang teu balik deui duit eweuh","2048097819865780685","","","in","","0","0","0","https://x.com/undefined/status/2048097819865780685","1669541375136890881",
"2048097818599170483","Sat Apr 25 17:52:26 +0000 2026","0"," 100 to 89 3 months la korachitten athukkapram extreme diet workout change daily 5 km walk nu enna korali vithai panniyum apdiye irukku ","2048097818599170483","","","ht","","1","0","0","https://x.com/undefined/status/2048097818599170483","4676450407",
"2047322653233422647","Sat Apr 25 17:52:21 +0000 2026","0","@SamirWxW @Lordul_C Ce comentarii personale? Te-ai simțit lezat de comentariu meu? Ești decerebat? Nu vezi ca tu ai sărit cu injurii fara sa te bage nimeni în seamă? Duce te ai după Ceaușescu de babuin georgist","2048097798973710595","","SamirWxW","ro","","0","1","0","https://x.com/undefined/status/2048097798973710595","2021133685643452417",
"2048072591663845546","Sat Apr 25 17:52:20 +0000 2026","0","@_Futbolero_ Se trata siempre del entrenador @Simeone que va a ganar si nu fue capaz de ganar la Copa y la perdió contra el todopoderoso Real Sociedad Simeone siempre está haciendo el ridículo","2048097792350970249","","_Futbolero_","es","","0","0","0","https://x.com/undefined/status/2048097792350970249","1445399000446820354",
"2048059796147048685","Sat Apr 25 17:52:19 +0000 2026","1","@Harifire07 Ama sis.. Maximum politicians velinadu poyitu mudhalidu eerkka poren nu namma tax la oor suthitu.. Avanga money ah safe ah invest pannitu.. Kai veesitu varuvanga.. Naamalum inga edhuna pudhusa company varum nu wait pannitu irupom.. Namakum palagiduchu la","2048097787657781412","","Harifire07","et","","0","1","0","https://x.com/undefined/status/2048097787657781412","1176002758186373120",
"2047918784325787662","Sat Apr 25 17:52:18 +0000 2026","1","@Cobra_196 @NikoSimon_1 Șobolan la șobolan nu își roade coada. Se pare că ăștia sunt exact așa cum a spus d- l Georgescu: nu au nimic uman în ei.","2048097785862291803","","Cobra_196","ro","","0","0","0","https://x.com/undefined/status/2048097785862291803","2006077323196653576",
"2047925631841616342","Sat Apr 25 17:52:17 +0000 2026","0","@telegraaf Tja dat was ook in het leven geroepen om de werkgever te laten zorgen (dwingen) voor meer veiligheid (minder ongevallen). En de stress is voor een groot deel ook de schuld van de werkgever! Dus ja de wet is goed zoals het nu is.","2048097783140270103","","telegraaf","nl","","0","0","0","https://x.com/undefined/status/2048097783140270103","2007941918886686720",
"2048089373405851818","Sat Apr 25 17:52:17 +0000 2026","0","@coffee_kuduka Bro naavu kododralli expert galu Avrige nav kotre ello uriyutte.. First inda nu aste avru madudre class naavu madidru yappa antare crybabies avru Ignore bro","2048097779315306662","","coffee_kuduka","et","","0","0","0","https://x.com/undefined/status/2048097779315306662","1455141221425299457",
"2047554570872578404","Sat Apr 25 17:52:16 +0000 2026","0","@JankaPipars1 @AndrejsUrbans Nu es jau arī viņi brauks apkārt jo tie komuņagas tai ielā nedzīvo viņiem po ka kāds nomirs","2048097778249671075","","JankaPipars1","lv","","0","0","0","https://x.com/undefined/status/2048097778249671075","2766930417",
"2048011937087095239","Sat Apr 25 17:52:09 +0000 2026","0","@SternStefan @r_daniel_j hur var det nu då? Har du kört hitte på spåret?","2048097746796622321","","SternStefan","sv","","0","0","0","https://x.com/undefined/status/2048097746796622321","1566438963899994114",
"2048002412871389541","Sat Apr 25 17:52:07 +0000 2026","0","@FlorinI37735369 @joncoopertweets cu siguranță nu fals","2048097740173808078","","FlorinI37735369","ro","","0","0","0","https://x.com/undefined/status/2048097740173808078","1750696453264080896",
"2047712201100689436","Sat Apr 25 17:52:01 +0000 2026","0","@BjornSandmark Jag jobbar i detta nu med att ordna en flytt för 2 5 mil av medeltida handskrifter kartor etc. Ja jag vet vad fastighetsägare betyder och vad de bestämmer. men om man vill känna sig pubertetsradikal kan man ju alltid låta bli att lyssna på fakta och känna lite mer.","2048097714097832078","","AStrinnholm","sv","","0","1","0","https://x.com/undefined/status/2048097714097832078","1608636146",
"2048026879408623958","Sat Apr 25 17:51:57 +0000 2026","0","@Trendz_Suriya Madurai la ye dummy clg solamalai apdi oru clg iruku nu inga ye paathi peruku theriyathu.... Ithula anga ground la nadathina... Lakh la kootama da varum.... Antha clg ground ivalo thaan da ‍️","2048097698646302762","","Trendz_Suriya","in","","0","0","0","https://x.com/undefined/status/2048097698646302762","1418565810134519809",
"2047948252537053204","Sat Apr 25 17:51:54 +0000 2026","0","@carolin56540585 @Charaniya26 Athuku than nangalavathu block panrom nu solrom di","2048097685203497018","","carolin56540585","in","","0","0","0","https://x.com/undefined/status/2048097685203497018","1843650233722646529",
"2048090942029353088","Sat Apr 25 17:51:51 +0000 2026","1","@ksathishsh Anil nu theriyum","2048097670712148104","","ksathishsh","tr","","0","1","0","https://x.com/undefined/status/2048097670712148104","1899428434188890112",
"2047602717099450371","Sat Apr 25 17:51:47 +0000 2026","0","@BartNijman Ja Bart je gedachten gaan hun eigen gang je hebt ze niet meer onder controle. Dat gebeurt nu eenmaal in het voorstadium van dementie. Niets aan te doen. Dan komt de ware aard naar boven. Niet meer bedekt door het laagje beschaving wat je van huisuit is meegegeven. We kennen je.","2048097657155915914","","BartNijman","nl","","0","0","0","https://x.com/undefined/status/2048097657155915914","21860543",
"2048097645839708244","Sat Apr 25 17:51:45 +0000 2026","0","Ets amor present el brill del teus ulls ho diuen la teva essència és un llenç ple d'emocions el teu somriure és melodia subtil el teu cos nu marca una actitud de presència que m'agrada.. Llavors et beso i és màgia pura els teus llavis fan bategar el cor amb https://t.co/hHzPJbyvTq","2048097645839708244","https://pbs.twimg.com/media/HGxN8_lakAAjeWE.jpg","","ca","","0","0","0","https://x.com/undefined/status/2048097645839708244","1361998616508985344",
"2048097620841713742","Sat Apr 25 17:51:39 +0000 2026","0","Ook nog twee wassen gedraaid en mijn bed verschoond. Alles doet zeer Ben geen 18 meer Nu doe ik niets meer en ga gestrekt op de bank Wie is de Mol kijken. https://t.co/I0LivsocSv","2048097620841713742","https://pbs.twimg.com/tweet_video_thumb/HGxN7TMWIAAPgsB.jpg","","nl","","0","0","0","https://x.com/undefined/status/2048097620841713742","258451877",
"2048044514225385745","Sat Apr 25 17:51:38 +0000 2026","1","@BitCoinFriends @4dorthe @Markus_O_Mohr Det er både og ... den argentinske Junta angreb også Falklandsøerne for at vende fokus væk for den katastrofale økonomiske situation. Lidt som nu og så selvfølgelig Milei som en vasal af Israels forende stater. https://t.co/bD28TiECJV","2048097616014069887","https://pbs.twimg.com/media/HGxN7ZSbcAAPquP.jpg","BitCoinFriends","da","","0","0","0","https://x.com/undefined/status/2048097616014069887","1699051425962278912",
"2047916992108048385","Sat Apr 25 17:51:36 +0000 2026","0","@lizzyvleeuwen @RolfUhlhorn plus Hielkema ( de politieke parool repo) vindt alles nu Big links energy. Dit artikel komt van https://t.co/psTMAUPbvM","2048097609559003647","https://pbs.twimg.com/media/HGxN3ZhbgAAVKnI.png","lizzyvleeuwen","nl","","0","0","0","https://x.com/undefined/status/2048097609559003647","1956556290",
"2048097607864713519","Sat Apr 25 17:51:36 +0000 2026","0","Indirect ah naa retire aagiten da bundaigala nu solluraapdi","2048097607864713519","","","tl","","0","0","0","https://x.com/undefined/status/2048097607864713519","1514642732404273157",
"2047982322109039013","Sat Apr 25 17:51:36 +0000 2026","0","@redKZMIR Și cu toate astea ai votat pentru un fals grosolan. Nu are diploma de absolvire.","2048097607491457432","","redKZMIR","ro","","0","0","0","https://x.com/undefined/status/2048097607491457432","1854609849407131648",
"2047775135927546127","Sat Apr 25 17:51:35 +0000 2026","0","@FokkerDutch Er staat een woord in je reactie dan lees ik niet eens meer verder. Hoop dat je het nooit krijgt. Maar nu op block.","2048097603829567960","","FokkerDutch","nl","","0","0","0","https://x.com/undefined/status/2048097603829567960","1476111339466670085",
"2048056501739422049","Sat Apr 25 17:51:33 +0000 2026","0","@Twisted_Riddle @Saffron_Anil_ @suryaxavier1 I think he body shamed Tamilisai or puthu matter ah nu therla","2048097596397551740","","Twisted_Riddle","en","","0","1","0","https://x.com/undefined/status/2048097596397551740","288871540",
"2048049714172477645","Sat Apr 25 17:51:31 +0000 2026","0","@fvdemocratie Dus als mensen geen lid worden doen jullie er niks aan? Je kunt je nu toch gewoon inzetten daarvoor? Had in diverse gemeentes wellicht nog gelukt als jullie aan tafel hadden gezeten zelfs. Zie niet in hoe het lid worden iets doet daarvoor.","2048097587064946747","","fvdemocratie","nl","","0","0","0","https://x.com/undefined/status/2048097587064946747","793826727558520832",
"2047990846352671216","Sat Apr 25 17:51:30 +0000 2026","0","@2024Negan 20 saal nu ihna da hi raj aa Punjab andar so chupp karke behjo Cuck parcharkan aala choopa je mooh cho aapne lok kaddan ge taah hi hona kuch Parr ihna ne kadd na nahi ( ikk Malak de bande haan aali klanngiri dimag nu charr gayi aa ihna de)","2048097585378865226","","2024Negan","hi","","0","0","0","https://x.com/undefined/status/2048097585378865226","1680303809422131201",
"2048097574456799547","Sat Apr 25 17:51:28 +0000 2026","2","Op 19 maart werd het aangekondigd nu ligt het in de winkels van @DisneylandParis: het boek Adventure Has a New Name - The Making of #Disney Adventure World . Een collector s item van liefst 444 pagina s vol artwork (archief)foto s en interviews met imagineers. https://t.co/FVLZRaLOWd","2048097574456799547","https://pbs.twimg.com/media/HGxNpbDaIAEehrv.jpg","","nl","","1","0","0","https://x.com/undefined/status/2048097574456799547","68782986",
"2048097558761734362","Sat Apr 25 17:51:24 +0000 2026","0","OH WACHT - EX BIJ1 Nu is alles duidelijk 020 BUBBEL ","2048097558761734362","","","nl","","0","0","0","https://x.com/undefined/status/2048097558761734362","1422631546125799426",
"2048097554919768492","Sat Apr 25 17:51:23 +0000 2026","0","Se livet återvända till Turkiets Dammirtaş-damm torr som en fårhage i åratal nu plötsligt svämmar över av vatten. Allt detta direkt efter att attacker drabbat Förenade Arabemiratens väderkontrollcentraler. Bara en slump eller hur? Följ oss för uppdateringar","2048097554919768492","","","sv","","0","0","0","https://x.com/undefined/status/2048097554919768492","957553349427113984",
"2047619235367579746","Sat Apr 25 17:51:21 +0000 2026","0","@Yuna_im_Mond von der EU gestürzte regierungen - einmischung in wahlen... - ...kann mich nu nicht erinnern!: sorry!","2048097547592286255","","Yuna_im_Mond","de","","0","1","0","https://x.com/undefined/status/2048097547592286255","987035169227001857",
"2048011491580727769","Sat Apr 25 17:51:20 +0000 2026","0","@veen_els @senden_leo Wel knuppels. Verder is XR extreemrechts tuig dankbaar! Jullie hebben veel capaciteit van de politie gebruikt. Nu zelf blokkeren. Zorgt voor veel aandacht. XR tref je Daan niet mee. Die gaan met het OV. Idee: spoorblokkade?","2048097543347732862","","veen_els","nl","","0","0","0","https://x.com/undefined/status/2048097543347732862","1977099623568121856",
"2048025324357583013","Sat Apr 25 17:51:18 +0000 2026","0","@de_NVA @Bart_DeWever Hallo Nva zat van 2014 tot 2018 on regering Michel en sedert feb 2025 als premier. En bij de Vlaamse regering al 20 jaar presidenten afgeleverd. Dus kansen genoeg gehad en flauw om begrotingsschulden nu op anderen te steken. Eerlijk blijven aub","2048097532794806511","","de_NVA","nl","","0","0","0","https://x.com/undefined/status/2048097532794806511","2574652812",
"2047968690629464192","Sat Apr 25 17:51:17 +0000 2026","0","@WNiemegeers @Dreetje8400 Ik zou ook besparen op de huis vergoeding nu onder andere naam gewoon verkapt en ook buitensporige uittreding vergoedingen das al een mooi begin @de_NVA al die partijtjes ziek in zelfde bedje het zijn altijd de anderen die moeten besparen..","2048097530840310187","","WNiemegeers","nl","","0","0","0","https://x.com/undefined/status/2048097530840310187","1700024985442795520",
"2048063425880932550","Sat Apr 25 17:51:15 +0000 2026","0","@AshfaqVoice Ivlo naal evlo members nu kaatalaya. Why this is trending now ?","2048097519058698689","","AshfaqVoice","en","","0","1","0","https://x.com/undefined/status/2048097519058698689","1349923414148935685",
"2048097514675749307","Sat Apr 25 17:51:13 +0000 2026","1","Papatayin nyo tlga ako sa kilig nu #capkrys","2048097514675749307","","","tl","","0","0","0","https://x.com/undefined/status/2048097514675749307","1668264178287616000",
"2048055066658291974","Sat Apr 25 17:51:10 +0000 2026","0","@Ram_K_Swamy I didn t talk about Tvk a dmk kothadimai said 90% tn girls are Attu figures the are insecure to even like Ajith or Madhavan so they live Vijay nu avanukku potten","2048097500742226052","","Ram_K_Swamy","en","","0","0","0","https://x.com/undefined/status/2048097500742226052","1947249289333526528",
"2047999296105042137","Sat Apr 25 17:51:06 +0000 2026","0","@us_leonidas @Bolojan @us_leonidas când spui despre Ucraina ca e o tara care nici măcar nu există e inventată repeți ca un papagal propaganda putinistă despre orice țară pe care Putin vrea să o invadeze. Oare ce pozitie ai avea dacă Putin va spune acelaşi lucru și despre România?!?","2048097484744921285","","us_leonidas","ro","","0","0","0","https://x.com/undefined/status/2048097484744921285","1723684981627572224",
"2048097482383728679","Sat Apr 25 17:51:06 +0000 2026","1","Me cousin nu phone krke keha c 19 ve over ch jitt jange ","2048097482383728679","","","en","","0","0","0","https://x.com/undefined/status/2048097482383728679","1677378849397669888",
"2048097481477812402","Sat Apr 25 17:51:06 +0000 2026","0","Anga Sk vanthu D STR Surya nu etc etc ella tier 2 heros ah yu adichu gaali pantu nikkuraan .. loosu koothi relatable character ah 5 nalla padam nadicha lae iruka fans Achu irupangea ...ipa athum ilama dummy ah poitye naeeeeee ","2048097481477812402","","","et","","0","0","0","https://x.com/undefined/status/2048097481477812402","1324408410482241536",
"2048097481062584729","Sat Apr 25 17:51:05 +0000 2026","2","Nalaiku match aduna than cake nu solungada antha aalu kita","2048097481062584729","","","in","","0","1","0","https://x.com/undefined/status/2048097481062584729","1250772097665773568",
"2048030730962272751","Sat Apr 25 17:51:05 +0000 2026","0","@derapaje To exercise any of these rights contact us at legal@eyou.social https://t.co/SM7ylVP6kw Daca formularea cererilor e asimetric mai usoara pentru noi acum... i-as pune la munca de ce nu? https://t.co/iWoNGT5t3J https://t.co/1V5QbCvEB1","2048097479992758292","https://pbs.twimg.com/media/HGxKgfIbYAE-f1a.jpg","derapaje","ro","","0","1","0","https://x.com/undefined/status/2048097479992758292","1819487143636750336",
"2048073019080516004","Sat Apr 25 17:51:02 +0000 2026","0","@TheTempleBoy Bro ava saraku adichutu enna pandrathu nu theriyama suthitu irukq","2048097468605403340","","TheTempleBoy","in","","0","0","0","https://x.com/undefined/status/2048097468605403340","1690667615822487552",
"2048017251224154197","Sat Apr 25 17:50:59 +0000 2026","0","@vtruthowl @nightwatcherT @SilviaUscov da da si apa-i uda si soarele-i cald altceva in afara de rahatul asta cu rusii mai aveti? Voi atat de idioti sunteti incat capul nu va ajuta sa intelegeti ca viitorul Europei este alaturi de Rusia nu alturi de un prieten de peste ocean pacificatorul suprem","2048097453258281468","","vtruthowl","ro","","0","0","0","https://x.com/undefined/status/2048097453258281468","1358362354229137408",
"2048079664544133345","Sat Apr 25 17:50:56 +0000 2026","0","@Lusujumbo Boobalan nu kelvi patrukam","2048097442420363676","","Lusujumbo","in","","0","0","0","https://x.com/undefined/status/2048097442420363676","1400144784568639488",
"2047761619900399827","Sat Apr 25 17:50:53 +0000 2026","0","@i369faith Sou a favor de abrirem um stand em Interlagos e abrirem as vendas só pra quem tem nu!!!","2048097426867638782","","i369faith","pt","","0","0","0","https://x.com/undefined/status/2048097426867638782","816666165263159297",
"2048097422497206769","Sat Apr 25 17:50:51 +0000 2026","1","NU ‍ https://t.co/ZiYhBZH55k","2048097422497206769","https://pbs.twimg.com/media/HGxNv5zbAAAGebK.jpg","","und","","0","0","0","https://x.com/undefined/status/2048097422497206769","1732999009566883840",
"2048057793714794996","Sat Apr 25 17:50:51 +0000 2026","0","@ZaliteVesma Nu gan tāds pašvaks galds sanācis. neviena paša sklandurauša ko viesiem pacienāt.","2048097419666079830","","ZaliteVesma","lv","","0","0","0","https://x.com/undefined/status/2048097419666079830","326764356",
"2043058652177707347","Sat Apr 25 17:50:50 +0000 2026","1","@nevizademen @MIRAADOL @FFTVofficial Hacıosmanoğlu nu siz seçtiniz utanmadan Allah'ı karıştırma bari. Allahin sayesinde olduğunu sanacak kadar salaksın bu Allah ailene sabır versin yazık.","2048097415471734969","","nevizademen","tr","","0","0","0","https://x.com/undefined/status/2048097415471734969","2017996358376882176",
"2047992729892704766","Sat Apr 25 17:50:41 +0000 2026","0","@straight_rush @prepasha Det finns ju folk som anser att Socialdemokraterna och Centerpartiet är vänster. Personligen ser jag mig inte som vänster och anser att Vänsterpartiet är det enda partiet som är vänster i svensk politik. Men nu hade denna tråd faktiskt ingenting med politik att göra.","2048097380461847034","","straight_rush","sv","","0","2","0","https://x.com/undefined/status/2048097380461847034","1945239589469249536",
"2048006083004842431","Sat Apr 25 17:50:41 +0000 2026","0","@7q594428ky Is helemaal waar maar na een paar jaar ben ik wel een beetje murw ik kan alleen maar hopen dat de jeugd zijn eigen conclusies trekt misschien niet nu gelijk maar er komt een moment van zelfreflectie deze grijze engerds zijn die fase allang voorbij.","2048097377232286125","","7q594428ky","nl","","0","3","0","https://x.com/undefined/status/2048097377232286125","26193640",
"2048062944626303331","Sat Apr 25 17:50:37 +0000 2026","0","@VanEmmerickKris Super en wat een resultaat! Ik heb zelf 7 maanden het carnivore dieet gevolgd 1 maand lions gedaan. Nu animal-based keto. Idd een lifestyle.","2048097361746866318","","VanEmmerickKris","nl","","0","0","0","https://x.com/undefined/status/2048097361746866318","216349793",
"2048097356655055170","Sat Apr 25 17:50:36 +0000 2026","1","1000? Dan zoek ik nu maar niet verder naar een huis daar ....","2048097356655055170","","","nl","","0","0","0","https://x.com/undefined/status/2048097356655055170","1874964575227084803",
"2048097344864821732","Sat Apr 25 17:50:36 +0000 2026","0","Nu står vi så på kanten til semifinalerne og her mødes Rayo og Strasbourg. Vi er altså sikre på at et hold fra Brøndbys seedningsgruppe kommer i finalen og det KAN blive det hold vi selv trak. 6/7","2048097355627479095","","LarsKimer","da","","0","1","0","https://x.com/undefined/status/2048097355627479095","334559841",
"2048097344864821732","Sat Apr 25 17:50:33 +0000 2026","1","Nu nærmer den europæisk sæson sig finalerne og selv om det synes længe længe siden så deltog #Brøndby IF faktisk i Europa i efteråret i Conference League. Der røg vi som bekendt ud til Strasbourg. Et hold fra den øverste del af den franske liga. Pt. ligger de nummer 8. 1/7","2048097344864821732","","","da","","0","1","0","https://x.com/undefined/status/2048097344864821732","334559841",
"2048094317995008093","Sat Apr 25 17:50:32 +0000 2026","1","@Cobra_196 Fetele de 14-15 ani nu isi mai numesc profesorii mai in varsta comuniști ci pro ruși am auzit-o acum 2 zile :) spălați nespălați pe creier Europa și românii își merita soarta.","2048097340427243852","","Cobra_196","ro","","0","0","0","https://x.com/undefined/status/2048097340427243852","2020907040126976000",
"2047999296105042137","Sat Apr 25 17:50:30 +0000 2026","0","@MVPop233243 @Bolojan Să dea Dumnezeu că următoarea să cadă pe casa ta. Vom vedea apoi dacă e vreo amenințare sau nu","2048097330893607102","","MVPop233243","ro","","0","0","0","https://x.com/undefined/status/2048097330893607102","2844580082",
"2048089173291061653","Sat Apr 25 17:50:23 +0000 2026","0","@roboPBOC nu eto dance da blyat! davai belka!","2048097303588687936","","roboPBOC","fr","","0","0","0","https://x.com/undefined/status/2048097303588687936","914287742",
"2048082122364375310","Sat Apr 25 17:50:22 +0000 2026","0","@namonarayana33 @UpdatesChennai @TRBRajaa Foxcon came in 2006 and they expanded rapidly nothing to do with hindi edapadi even Now they are investing in 13000cr display fabs ln 2025 During ADMK era we completely lost IT to hyd Pune neengala pesave kudathu poi 3 language policy must nu article eluthu hindi naaye","2048097299830591609","","namonarayana33","en","","0","1","0","https://x.com/undefined/status/2048097299830591609","1849830923941953536",
"2048038882965438592","Sat Apr 25 17:50:21 +0000 2026","0","@NYboateng @NanaKAbabio Saa guy man nu deɛ bi biaaa yɛ CIA oooop","2048097295791436257","","NYboateng","in","","0","0","0","https://x.com/undefined/status/2048097295791436257","922607254305755138",
"2048090324187148551","Sat Apr 25 17:50:21 +0000 2026","0","@eddy_terstall Katten net zo hoor. Nu ja wel anders.","2048097295330140569","","eddy_terstall","nl","","0","0","0","https://x.com/undefined/status/2048097295330140569","234701328",
"2048097281409466791","Sat Apr 25 17:50:18 +0000 2026","0","nu ratați? Rse ⎐كُـود⎐كوبِون⎐خـِصم⎐ خصم رهيب ⎐نون⎐ ⊵NKW⊴ ستايلي⊴ ⊵WM⊴ ⎐ايهرب⎐ايهيرب اهرب ⊵NCE7042⊴ Rse https://t.co/K5MgtoC05Y","2048097281409466791","https://pbs.twimg.com/media/HGxNnjFbsAAc5NG.png","","ar","","0","0","0","https://x.com/undefined/status/2048097281409466791","863816010",
"2048032643346796972","Sat Apr 25 17:50:15 +0000 2026","0","@Deopiniemaker De sossen hebben jarenlang alleen maar met geld gesmeten en weigerden verantwoordelijkheid te nemen. De Wever heeft met zijn realiteitszin niet voor niets de laatste verkiezingen gewonnen. Nu moet hij de problemen uit het verleden oplossen.","2048097268377452554","","Deopiniemaker","nl","","0","0","0","https://x.com/undefined/status/2048097268377452554","1178202711872983040",
"2047773507375825236","Sat Apr 25 17:50:14 +0000 2026","0","@hoof_van73984 Griekenland moest de banken redden Is nu niet aan de orde","2048097266984956045","","hoof_van73984","nl","","0","0","0","https://x.com/undefined/status/2048097266984956045","1564925776352485377",
"2047377412174823928","Sat Apr 25 17:50:14 +0000 2026","0","@LynnEnLesley Nee .. als er iemand was om beide te nemen wel maar 1 heeft nu een huisje dus nu de andere nog. Mijn max is 4. Jammer van Lynn want t zijn echt schatjes dus als je iemand weet","2048097266011951389","","LynnEnLesley","nl","","0","0","0","https://x.com/undefined/status/2048097266011951389","6347132",
"2048059584938492415","Sat Apr 25 17:50:14 +0000 2026","0","@D66 @jpaternotte Dus eerst zit alles muurvast door stikstofregels en nu gaan we Nederland volpleuren met huizen voor die vrachtlading statushouders. Die tristate moet er komen; Nederland totaal volgebouwd met af en toe beetje groen als uitlaatplekken voor de hond. Kapotmakers dat zijn jullie. https://t.co/JEJYrUL9Dk","2048097264023879713","https://pbs.twimg.com/media/HGxMu8HbwAAFU7J.jpg","D66","nl","","0","0","0","https://x.com/undefined/status/2048097264023879713","1428714997656469506",
"2048090086823088183","Sat Apr 25 17:50:14 +0000 2026","0","@Marko_met_een_K Dat is het inderdaad. Op geen enkel manier een auto waar je naar om zou kijken. Maar nu toch wel gaaf omdat iemand m heel netjes onderhouden heeft. Over 2 weken weer EM Walhalla. Zie je veel van dit soort autos. https://t.co/h3DfmYgEjA","2048097263939981592","","Marko_met_een_K","nl","","0","1","0","https://x.com/undefined/status/2048097263939981592","153525290",
"2048032602120999042","Sat Apr 25 17:50:10 +0000 2026","0","@The_yellowbone lower the ticket prices play nu mutal make it look more serious and stop treating wrestlers like they're pro wrestlers on tv and make kayfabe something again","2048097248337162372","","The_yellowbone","en","","0","0","0","https://x.com/undefined/status/2048097248337162372","1565124524873551872",
"2048054468269285565","Sat Apr 25 17:50:08 +0000 2026","2","@Symphony_res Dat was het voorgerecht en nu is zij begonnen aan het hoofdgerecht. https://t.co/9THWxVqRJb","2048097239252238622","https://pbs.twimg.com/media/HGxNlGObcAEsPJA.jpg","Symphony_res","nl","","0","0","0","https://x.com/undefined/status/2048097239252238622","1536347044972924933",
"2048087894301032959","Sat Apr 25 17:50:06 +0000 2026","1","@MeliALSET @MadaSoim Nu stiu ce se intampla acolo dar vedem cum o fi.","2048097230876221700","","MeliALSET","pt","","0","0","0","https://x.com/undefined/status/2048097230876221700","1246823684",
"2047937639039246499","Sat Apr 25 17:50:03 +0000 2026","0","@PaulGheorghita7 Hai nu fi leneș întreabă AI de ce a pus taxe și pe insula aia pustie. Hai ca poți.","2048097219916804116","","PaulGheorghita7","ro","","0","0","0","https://x.com/undefined/status/2048097219916804116","1854609849407131648",
"2047035650075938936","Sat Apr 25 17:50:01 +0000 2026","0","@stckpkr Och nu detta https://t.co/xEdxweUS4g","2048097210630283601","","stckpkr","sv","","0","2","0","https://x.com/undefined/status/2048097210630283601","517438511",
"2048094419958554959","Sat Apr 25 17:49:58 +0000 2026","0","LRF menar att situationen nu är så allvarlig att svensk livsmedelsproduktion riskerar att minska redan på kort sikt. Särskilt utsatt beskrivs växtodlingen och trädgårdsnäringen vara där utgifter för drivmedel gödsel och bevattning är avgörande för om odlingen kan fortsätta.","2048097199557365768","","LarsWesterberg7","sv","","0","0","0","https://x.com/undefined/status/2048097199557365768","1499365805632495619",
"2048078763267698982","Sat Apr 25 17:49:58 +0000 2026","0","@SergentuZece @redKZMIR Care adevar? Sunt satul de laturile pe care le varsati peste tot si nici macar nu ma mai enervez. Sincer va compatimesc dar la cat de tampiti sunteti va meritati soarta. Dar pentru voi e momentul progresismului maine va spare o noua religie o noua ideologie.","2048097198445834626","","SergentuZece","ro","","0","0","0","https://x.com/undefined/status/2048097198445834626","99533960",
"2048086195897565382","Sat Apr 25 17:49:53 +0000 2026","0","@msvasanth6 @TVKVijayHQ Enaku avaroda permission eh thevai illai bro... Engala vandheri nu sonna aaloda permission naa en vanganum","2048097176107221480","","msvasanth6","fi","","0","2","0","https://x.com/undefined/status/2048097176107221480","1176002758186373120",
"2048005876309524547","Sat Apr 25 17:49:52 +0000 2026","0","@CoronaAanval @BM_Visser Juist niet. Pure winst. Kerncentrales gaan op een laag pitje en ze leveren de Duitse stroom waarvoor ze betaald krijgen aan hun Franse klanten. Tegen de avond gaan de centrales weer aan aan en betalen de Duitsers nu voor de energie die ze ontvangen. Gouden business","2048097174789988809","","CoronaAanval","nl","","0","0","0","https://x.com/undefined/status/2048097174789988809","1028919526396764160",
"2048097151369248950","Sat Apr 25 17:49:47 +0000 2026","0","【交換】NUカーニバル ぬカニ ぬ 4周年缶バッジ 【求】 エイト 1点 【譲】 モルフィス、八雲、ケシー、ガル、レイ ※各2点 ️郵送交換のみ 2BOXオンラインで予約の為、少しお時間がかかる場合がございます‍️ ご縁がありましたらよろしくお願い致します。 https://t.co/x3hHekCAHv","2048097151369248950","https://pbs.twimg.com/media/HGxNf3zbUAAzsEd.jpg","","ja","","0","0","0","https://x.com/undefined/status/2048097151369248950","1332735314314493954",
"2047927341838479587","Sat Apr 25 17:49:42 +0000 2026","0","@JUlfshede Nu är det valår. Nu är S-trollen fler än någonsin. Nu åsidosätts fakta av S-trollen mer än någonsin. Nu sprider S-trollen lögner och förvrängd information om migranter mer än någonsin. Kolla alltid upp KÄLLAN innan du beslutar vad du tror på.","2048097131437686858","","JUlfshede","sv","","0","0","0","https://x.com/undefined/status/2048097131437686858","1502595214699020290",
"2047754937699086830","Sat Apr 25 17:49:42 +0000 2026","0","@bramma_sundar @12ARMY Avan pesa matan zero verum dialogue dhan avanuku Tamil Nadu nasama ponna paravala nu irupan so waste of time Ivan kitta la ","2048097129672138966","","bramma_sundar","in","","0","0","0","https://x.com/undefined/status/2048097129672138966","1289606111935361024",
"2048092918834192672","Sat Apr 25 17:49:37 +0000 2026","0","@itz_Jals @itz_Jals Enga irunthalum omba varavum nu solranga","2048097109480747506","","itz_Jals","in","","0","0","0","https://x.com/undefined/status/2048097109480747506","1945351536005275649",
"2047852918477312313","Sat Apr 25 17:49:36 +0000 2026","0","@Nibelulos NU QUI DITO","2048097107572117544","","Nibelulos","pt","","0","0","0","https://x.com/undefined/status/2048097107572117544","1980973610195140610",
"2048094218481188971","Sat Apr 25 17:49:32 +0000 2026","0","@DK_offcl ellam puridhu aana Idhu dhan chance amai's vappati vela start panranunga adhn venam nu sonna ","2048097087347409219","","DK_offcl","et","","0","1","0","https://x.com/undefined/status/2048097087347409219","1272124826438664193",
"2048093333122142360","Sat Apr 25 17:49:29 +0000 2026","0","@gamergodessmoos @Finchinator2 they can find some lower income housing in NU","2048097075573964955","","gamergodessmoos","en","","0","1","0","https://x.com/undefined/status/2048097075573964955","1514767044310286336",
"2048051194275176716","Sat Apr 25 17:49:22 +0000 2026","0","@naeionescu nu este cazul sunt bine mersi sunt realizat in viata. in schimb tu vei avea nevoie de un CV","2048097048558211145","","naeionescu","ro","","0","1","0","https://x.com/undefined/status/2048097048558211145","1882823530871750657",
"2048048455960887481","Sat Apr 25 17:49:19 +0000 2026","0","@JoelTheDane Varför importerar ni från oss hela tiden om ni nu är självförsörjande? Dags att klippa kablarna till både Danmark och Tyskland.","2048097034905784719","","JoelTheDane","sv","","0","0","0","https://x.com/undefined/status/2048097034905784719","1053484797757136902",
"2048086254856871972","Sat Apr 25 17:49:17 +0000 2026","1","@Pinkman__007 Thala innum spin basher nu nenaichitu irukaru","2048097026865615331","","Pinkman__007","in","","0","0","0","https://x.com/undefined/status/2048097026865615331","1876641338235506689",
"2047993253182455989","Sat Apr 25 17:49:16 +0000 2026","0","@Remcobus1967 @POL_Korpschef Wel knuppels knuppel! Weet zeker dat XR het extreemrechtse tuig dankbaar is. Jullie legden een giga beslag op politie capaciteit. Zij die naar Loodrecht gingen zagen we niet op A12. Met buiging voor jullie rellen! Nu zelf blokkeren. Daar tref je XR niet mee! Die gaan met het OV!","2048097021479825454","","Remcobus1967","nl","","0","0","0","https://x.com/undefined/status/2048097021479825454","1977099623568121856",
"2048074861436621066","Sat Apr 25 17:49:14 +0000 2026","0","@Doctorzorro11 Als je het heel goedkoop kan maken nu is er vast wel een markt voor ","2048097014701805722","","Doctorzorro11","nl","","0","0","0","https://x.com/undefined/status/2048097014701805722","1202198356065476615",
"2047918339318563107","Sat Apr 25 17:49:13 +0000 2026","0","@educatedtailor2 Won gba werey da nu ","2048097011027644753","","educatedtailor2","en","","0","0","0","https://x.com/undefined/status/2048097011027644753","1657438913693089793",
"2048096976525234235","Sat Apr 25 17:49:05 +0000 2026","1","Ricky heeft nu ook verstand van een ijsmuur om de aarde. #debondgenoten","2048096976525234235","","","nl","","0","0","0","https://x.com/undefined/status/2048096976525234235","303422142",
"2048073364716093676","Sat Apr 25 17:48:50 +0000 2026","0","@dasitudeobere vezi ca retorica directa anti-EU iti poate limita argumentul am invatat recent studiindu-i si pe ei studiind si cum se face demagogia: ajung mult mai departe cu ei cand nu zic de EU si zic de deep state-ul EU So ... umm ... Strength in UNITY !!! SAVE EU ! SAVE EUROPA https://t.co/M7IybW7hbu","2048096911295426962","https://pbs.twimg.com/media/HGxNN9hbsAAgp3J.jpg","dasitudeobere","ro","","0","0","0","https://x.com/undefined/status/2048096911295426962","567188615",
"2048096885148185021","Sat Apr 25 17:48:43 +0000 2026","1","Ik heb het woord joden gehoord volgens ajax regels moet nu het uitvak leeg worden gehaald!! #NACpraat #NACaja","2048096885148185021","","","nl","","0","1","0","https://x.com/undefined/status/2048096885148185021","1503309687311196166",
"2048096879401943415","Sat Apr 25 17:48:42 +0000 2026","1","Es cilvēks no laukiem. Vakar biju uz Orākulu. Nu ļoti patika patiešām. Ne tikai moderni bet ar jēgu. Ausis nesāp selektīvi lietoju izdalītos bāžņus. Autostāvvieta pie Dailes 10€. Šodien auksts. Iekūru kamīnu. Silts. https://t.co/7Ce7fhs0Tm","2048096879401943415","https://pbs.twimg.com/media/HGxNP4easAA_yLw.jpg","","lv","","0","0","0","https://x.com/undefined/status/2048096879401943415","625034934",
"2048025680303046831","Sat Apr 25 17:48:42 +0000 2026","0","@argybargy_jonah @filmare32 Hotellrum med lyckselare nu meatus och käka sen efter det vet jag dock inte","2048096877548064983","","argybargy_jonah","sv","","0","0","0","https://x.com/undefined/status/2048096877548064983","589972838",
"2048068277583106558","Sat Apr 25 17:48:40 +0000 2026","0","@telegraaf Zeggen ze nu dat het een probleem is dat je ergens komt waar je niet vandaan komt? In dat geval ","2048096870090584344","","telegraaf","nl","","0","0","0","https://x.com/undefined/status/2048096870090584344","2007635549495144449",
"2048096851392389232","Sat Apr 25 17:48:35 +0000 2026","0","Har fan börjat digga baseboll. Cardinals - Mariners nu 20.00 på viaplay","2048096851392389232","","","sv","","0","0","0","https://x.com/undefined/status/2048096851392389232","1505269269508116482",
"2048096833537212880","Sat Apr 25 17:48:31 +0000 2026","0","Rob Oudkerk deed niets aan het probleem waar we nu mee kampen maar hij mag wel regelmatig bij #nieuwsvandedag aanschuiven. Jammer dat mensen zo'n slecht geheugen hebben.","2048096833537212880","","","nl","","0","0","0","https://x.com/undefined/status/2048096833537212880","731535920579678209",
"2048049354687062349","Sat Apr 25 17:48:29 +0000 2026","0","@howalt90 Altså Mikkel uanset hvad har vi jo begge været dårlige ift forventninger det kan du vel ikke benægte. Nu lykkes det at komme i CL men har det været en rigtig god sæson?","2048096823202517497","","StamfordStrange","da","","0","0","0","https://x.com/undefined/status/2048096823202517497","1934570805020835840",
"2048055049381667256","Sat Apr 25 17:48:29 +0000 2026","0","@MathiasBrodkorb Ich will es aber SO nicht und nu? Ich will DIE Demokratie und daß das Volk den Dreck entfernt wenn er entsteht und das Volk ist kein Kleinkind klar soweit?!!!!","2048096822921486349","","MathiasBrodkorb","de","","0","0","0","https://x.com/undefined/status/2048096822921486349","1304300317887074305",
"2048016440544915456","Sat Apr 25 17:48:27 +0000 2026","0","@Heraznl @PetravanDam3 Tokkie heb je goed gespeld man. Hartstikke goed gedaan. Wat men ook zegt ik vindt dat je goed je best doet hoor. Ga je nu maar weer melden bij je begeleider want ik denk dat je schermtijd op is.","2048096814746734801","","alex_NLvoorNL","nl","","0","0","0","https://x.com/undefined/status/2048096814746734801","4713311177",
"2048096803589964001","Sat Apr 25 17:48:24 +0000 2026","0","En nu weer verzet tegen AZC in IJsselstein! https://t.co/ZyAUhgR4V8 via @YouTube","2048096803589964001","","","nl","","0","0","0","https://x.com/undefined/status/2048096803589964001","1101211356940906496",
"2047959882746249336","Sat Apr 25 17:48:23 +0000 2026","0","@Umweneforongo Umutima wawe nu mukara Wabojejw nu Rwango","2048096800146436118","","Umweneforongo","in","","0","0","0","https://x.com/undefined/status/2048096800146436118","1708827940467744768",
"2048090959918059798","Sat Apr 25 17:48:21 +0000 2026","0","@jeyyyy_exe Peeda sandhu kedakudhu evlo naal athuku nu twitter la sogatha matume share pannika mudiyum. Dairy thana ellathyum kirukuvom","2048096792764678588","","jeyyyy_exe","et","","0","0","0","https://x.com/undefined/status/2048096792764678588","1936357082938449920",
"2047727471131349141","Sat Apr 25 17:48:16 +0000 2026","0","@chrisklomp 50 jaar geleden 1976 8 miljoen passagiers Nu 80 miljoen per jaar Toen 160.000 vluchten nu 550.000 per jaar Straalvliegtuigen nu 10 keer zoveel als propellervliegtuigen","2048096768638795906","","chrisklomp","nl","","0","0","0","https://x.com/undefined/status/2048096768638795906","1269477938",
"2047819366452920430","Sat Apr 25 17:48:14 +0000 2026","0","@WA_LWDnoordoost Je legt het nu bij de normale supporter terwijl ik gewoon met mijn dochter een wedstrijd wil bezoeken. Is het dan raar dat ik zeg doe je onderzoek en doe je werk? Dat wordt ook van mij verwacht","2048096763949588730","","WA_LWDnoordoost","nl","","0","0","0","https://x.com/undefined/status/2048096763949588730","1942522994930376707",
"2048088500952805775","Sat Apr 25 17:48:14 +0000 2026","0","@prasannalara Parag captaincy sadly he won t be called off for his poor batting and captaincy.. Anga Anga oru match win pantu great captaincy nu oru post potudrenga !","2048096762775171517","","prasannalara","en","","0","0","0","https://x.com/undefined/status/2048096762775171517","835566403",
"2048030074423697517","Sat Apr 25 17:48:13 +0000 2026","0","@DieTukkerfries word wakker je ziet toch zelf wel dat ze de wet asiel instroom lopen te rekken begon met wef pvv Wilders liet kabinet vallen nu stemt wef d6 6 en wef pvv tegen de wet is allemaal zo door dacht ze rekken de asiel wet omdat hij er nooit komt","2048096759512006717","","DieTukkerfries","nl","","0","0","0","https://x.com/undefined/status/2048096759512006717","1889458283909619714",
"2048096741707088096","Sat Apr 25 17:48:09 +0000 2026","0","Idag har jag druckit öl i pappmugg och fått se Svartvitt spelet 1-1. Det känns precis som vanligt! Nu konjak för att värma mig. https://t.co/hfN6kYQzT8","2048096741707088096","https://pbs.twimg.com/media/HGxNIMoaYAADzdE.jpg","","sv","","0","0","0","https://x.com/undefined/status/2048096741707088096","44690115",
"2048081503842713725","Sat Apr 25 17:48:06 +0000 2026","0","@oana_toiu Mai termină și nu mai băga bățul în gard ","2048096730248270168","","oana_toiu","ro","","0","0","0","https://x.com/undefined/status/2048096730248270168","1626676214470434817",
"2047761380443308419","Sat Apr 25 17:48:05 +0000 2026","0","@owenil Begriper du inte hur töntig du är @owenil en misslyckad människa som får sparken från alla dina jobb och nu sitter bland a-lagarna och dricker t röd för er som tänkt klart","2048096726196560308","","owenil","sv","","0","0","0","https://x.com/undefined/status/2048096726196560308","798524949673676800",
"2048078763267698982","Sat Apr 25 17:48:05 +0000 2026","0","@redKZMIR Eu nu am mila pentru nici uni nici alti sa se omoare reciporc e cel mai bine :)))","2048096723898167327","","redKZMIR","ro","","0","0","0","https://x.com/undefined/status/2048096723898167327","1811027041015173121",
"2048096711948546209","Sat Apr 25 17:48:02 +0000 2026","0","Ik heb in ene zo'n zin aan Duitse currywurst... Maar ja woon nu niet echt dichtbij de grens of zo.. https://t.co/pd3O6MSZah","2048096711948546209","https://pbs.twimg.com/tweet_video_thumb/HGxNGbiaQAAoRUM.jpg","","nl","","0","0","0","https://x.com/undefined/status/2048096711948546209","1375287683476381704",
"2047954263117381835","Sat Apr 25 17:47:59 +0000 2026","0","@HobbyClubhouse My cope theory is that the MP Nu gundam will have another varient in the next movie (The runners say MP Nu instead of Alyzeus). And that one will be the stand-alone kit and has less need for stickers. Cuz the rifle which has the most egregious stickers is on Alyzeus runner https://t.co/ew32evfNNU","2048096700716437960","https://pbs.twimg.com/media/HGxNGFCbQAEIXWY.jpg","HobbyClubhouse","en","","0","0","0","https://x.com/undefined/status/2048096700716437960","1007160301211435008",
"2047711187119624527","Sat Apr 25 17:47:58 +0000 2026","0","@Nishanth_Offcl @KvnProductions @anirudhofficial Unfinished mari therila bro movie end la audio launch clips add panni credits kuduthurukanga extra efforts poten nu poi sollitan ani. En friends enaku movie clips anupitu irundhanga adhala full movie pakura mari achu but theater la release panna kandipa papen","2048096693888180381","","Nishanth_Offcl","tl","","0","0","0","https://x.com/undefined/status/2048096693888180381","2012813825620463616",
"2048012463359045832","Sat Apr 25 17:47:55 +0000 2026","0","@Flasher933 @yangscout Gaan we zien is voor nu nog gebaseerd op niks","2048096683368628583","","Flasher933","nl","","0","0","0","https://x.com/undefined/status/2048096683368628583","1884980486017064960",
"2048050808424370561","Sat Apr 25 17:47:55 +0000 2026","0","@Vinotava @maijaroze_ Nu tad acīmredzami es nerunāju par pamatizglītību. Ierunājāties kā īstākais buržuāziskais ekspluatētājs.","2048096682617745444","","Vinotava","lv","","0","0","0","https://x.com/undefined/status/2048096682617745444","1856417734382268416",
"2048048029949972874","Sat Apr 25 17:47:51 +0000 2026","0","@PunjabKingsTN Enakku ennamo csk kitta next match suuthadi vaanguvaanunga nu thonuthu","2048096665798930579","","PunjabKingsTN","et","","0","0","0","https://x.com/undefined/status/2048096665798930579","4249895313",
"2048084282766176679","Sat Apr 25 17:47:50 +0000 2026","0","@YYuhalon97270 @barissenyurt @pusholder Kimsenin İmamoğlu nu unuttuğu yok millet işinden olmaktan korkuyor memuru işçisi sesi çıkmıyor Kimsenin sandıkta görürsün","2048096660060815481","","YYuhalon97270","tr","","0","0","0","https://x.com/undefined/status/2048096660060815481","2011745558743126016",
"2048094919256912099","Sat Apr 25 17:47:47 +0000 2026","0","voor zover ik me nu kan herinneren: - een sit-in op een snelweg waar normaliter druk verkeer is; - een sit-in in NS-stations waarbij veel kabaal wordt gemaakt compleet met het scanderen van genocidale leuzen ( - is Hang 'm high een algemeen acceptabele);","2048096650028003406","","JohnnyBG19","nl","","0","1","0","https://x.com/undefined/status/2048096650028003406","819914546374709248",
"2048096650023903549","Sat Apr 25 17:47:47 +0000 2026","0","Goed nieuws voor #2026VogelJaar Vandaag de ZwartKop + RoodBorstTapuit kunnen fotograferen nieuw dit jaar. En nog een tot nu toe onbekende fraaie vogel. Slecht nieuws is er ook mijn fotocamera heeft iemand (ik) ergens laten liggen #$%^&amp;* Gelukkig is er nu appeltaart.","2048096650023903549","","","nl","","0","0","0","https://x.com/undefined/status/2048096650023903549","3131217267",
"2047333467248009479","Sat Apr 25 17:47:45 +0000 2026","0","@NicusorDanRO Nicușor ești un PAPAGAL precum ceilalți membrii participanți . Toți sunteți umplutură ! Dacă tu ești convins de ceea ce spui înseamnă ca te-ai atrofiat la CREER !Noi toți știm ca ești o slugă bolnavă a UE dar nu implica țara în asemenea inepții . I-ti v-a fi foarte greu Nicușor !","2048096641060634647","","NicusorDanRO","ro","","0","0","0","https://x.com/undefined/status/2048096641060634647","1961169419931193344",
"2048096629945733500","Sat Apr 25 17:47:43 +0000 2026","2","Was heerlijk eten bij Pand 45 nu de Bowling bal opgehaald.. Morgenmiddag uiteraard een aantal worpen gooien .. met @astrid0731 https://t.co/I91TcG8ujf","2048096629945733500","https://pbs.twimg.com/media/HGxNCATXcAAMSkS.jpg","","nl","","0","0","0","https://x.com/undefined/status/2048096629945733500","377536961",
"2048096610220208537","Sat Apr 25 17:47:38 +0000 2026","0","7 hours before... Nakkkal pundayaa unakku.... Trump oda Truth Social Posts paarthutu vaa Evan ta pesuradhunu theriyama edhukku vandhu pesi time waste pannanum? Phone panni pesungada bundaingalaaa nu solittaan Trump Mama ","2048096610220208537","","","et","","0","0","0","https://x.com/undefined/status/2048096610220208537","301242733",
"2047935356171923595","Sat Apr 25 17:47:32 +0000 2026","0","@robinsondurai Neeyelam dmk oda supporter nu soli muttu kodukum pothu prasad bro soldrathu la onnum thapu illa","2048096584202957235","","robinsondurai","et","","0","0","0","https://x.com/undefined/status/2048096584202957235","717692296334999554",
"2048096122321977595","Sat Apr 25 17:46:13 +0000 2026","0","@sansbarrier Madhuravoyal sollu bro Yaar advantage nu","2048096254253842435","","sansbarrier","hi","","0","0","0","https://x.com/undefined/status/2048096254253842435","854321894807318529",
"2048022013344616935","Sat Apr 25 17:46:10 +0000 2026","0","@WNLVandaag PVV zus en zo daar bij dat linkse gepeupel. Van geen één linkse rat hoor je; had d 66 voorgestemd was die wet erdoor heen getrokken. Wie is nu ratachtig hypocriet links of rechts. De PVV had gelijk die wet was zo afgezwakt dat het eerder voor dan tegen het asielprobleem was.","2048096243507687635","","WNLVandaag","nl","","0","0","0","https://x.com/undefined/status/2048096243507687635","1274084642187083776",
"2048096241922289825","Sat Apr 25 17:46:10 +0000 2026","10","Ben nog steeds buiten. Heerlijk. Heb ik jullie al verteld dat ik qua hoogte en lengte de grootste van allemaal ben? Nu nog iets meer body. Heb nog even want ik groei tot mijn 4e. 24 mei word ik 3. https://t.co/c0WHYPm0RO","2048096241922289825","https://pbs.twimg.com/media/HGxMrVrXgAERM6O.jpg","","nl","","0","0","0","https://x.com/undefined/status/2048096241922289825","1684573095397584898",
"2048096241364386102","Sat Apr 25 17:46:10 +0000 2026","0","90s NU/KEデニム！音楽屋の匂いがするやつ 希少 90s NU/KE デニムジャケット Third Stone https://t.co/flLa3Rr6bS","2048096241364386102","","","ja","","0","0","0","https://x.com/undefined/status/2048096241364386102","2029484163695558656",
"2048085662570848726","Sat Apr 25 17:46:07 +0000 2026","1","@dmuthuk Yeah we have seen many like you in the past .. middle ground analysis giving credit...ellaam nalla theriyum...oru kootam irukkun; kalaignar mela saathi veruppu kakkkitu avar CM aana udan avaroda tamizh Enakku pidikkum nu urutura kootam...eno gelusil kootam. Summa pongo swami","2048096228047823035","","dmuthuk","et","","0","0","0","https://x.com/undefined/status/2048096228047823035","1798044106557657088",
"2048054993769390217","Sat Apr 25 17:46:07 +0000 2026","0","@salioumbackefa1 @BaaySheex Bul nu fatté daal","2048096227820986509","","salioumbackefa1","fr","","0","0","0","https://x.com/undefined/status/2048096227820986509","1355915970800459781",
"2048096218752913846","Sat Apr 25 17:46:04 +0000 2026","0","️Cei €90 de miliarde promiși ar putea să nu fie suficienți: nevoile Ucrainei au crescut în timpul aprobării împrumutului The Wall Street Journal Împrumutul acordat Kievului a transferat definitiv„povara războiului de pe umerii SUA pe cei ai UE notează publicația Actual 24 https://t.co/nfm4PEe7LI","2048096218752913846","https://pbs.twimg.com/media/HGxMqE7bgAEYvia.jpg","","ro","","0","0","0","https://x.com/undefined/status/2048096218752913846","1842549762093944832",
"2048096213732385127","Sat Apr 25 17:46:03 +0000 2026","1","GOOOOL RAMAZANI! 1-0! Flot arbejde af Guerra &amp; Ramazani. Hold nu fast Valencia! ","2048096213732385127","","","da","","0","0","0","https://x.com/undefined/status/2048096213732385127","1114501487886049280",
"2048087894301032959","Sat Apr 25 17:45:47 +0000 2026","2","@CrisStefana @MadaSoim Hm fascinant serios. E incredibil că încă nu vedeți ce se întâmplă de fapt","2048096144182427854","","CrisStefana","ro","","0","1","0","https://x.com/undefined/status/2048096144182427854","1770097822592872448",
"2048080687161290769","Sat Apr 25 17:45:46 +0000 2026","1","@DrKatT80 Jag ska ha roströda svårt att välja nu bland alla.","2048096143171559674","","DrKatT80","sv","","0","0","0","https://x.com/undefined/status/2048096143171559674","1300070901803896833",
"2048076779881943149","Sat Apr 25 17:45:45 +0000 2026","0","@ClaireMartens3 @VVD Wat nou ingegrepen - gewoon gefaciliteerd- waar waren nu de knuppels!? #Loosdrecht - jullie @VVD lullen alleen voor de bühne","2048096139031830722","","ClaireMartens3","nl","","1","0","0","https://x.com/undefined/status/2048096139031830722","21570556",
"2048025400920674791","Sat Apr 25 17:45:45 +0000 2026","0","@edamoneHappyale Dei tharkuri naayie onnu fastest 50 nu sollu illa fastest 100 nu adhu enna 87 (25) ennada logic romba intha olu othunu irukinga","2048096135689162929","","edamoneHappyale","et","","0","0","0","https://x.com/undefined/status/2048096135689162929","1659769192113905664",
"2048096117062283696","Sat Apr 25 17:45:40 +0000 2026","0","Unga kullan suriya va tamil cinema vea aruveruppa than paakuthu hit kudukka thuppu illathan nu https://t.co/TC3eZtm3Ni","2048096117062283696","https://pbs.twimg.com/media/HGxMju3bUAEu5J7.jpg","","et","","0","0","0","https://x.com/undefined/status/2048096117062283696","1657447933720301568",
"2048089972570554458","Sat Apr 25 17:45:39 +0000 2026","0","@Nieuwsblad_be Kunnen nu starten met autoloze zondagen.","2048096113891098985","","Nieuwsblad_be","nl","","0","0","0","https://x.com/undefined/status/2048096113891098985","1509640491163426820",
"2048078228011798961","Sat Apr 25 17:45:32 +0000 2026","1","@CMilitaru82738 Nu da nimeni doi muci pe el","2048096083398574467","","CMilitaru82738","ro","","0","0","0","https://x.com/undefined/status/2048096083398574467","786099550587068416",
"2048076595274154375","Sat Apr 25 17:45:29 +0000 2026","0","@PandiGa52935464 seeman setha aprm um puriathu because avan arumai mairu nu lam onum ilathiral nithi pichai eduthu sogusu vaalkai vaalra naai than seeman","2048096071558287826","","PandiGa52935464","et","","0","0","0","https://x.com/undefined/status/2048096071558287826","1427611617890488320",
"2047677628833042869","Sat Apr 25 17:45:27 +0000 2026","0","@okkyoktariyadi @Txtdariiugm Muhammadiyah percaya wali songo gak sih? Atau cuma NU aja?","2048096062515339277","","okkyoktariyadi","in","","0","0","0","https://x.com/undefined/status/2048096062515339277","85361143",
"2048066628366344225","Sat Apr 25 17:45:26 +0000 2026","0","@Shatta_Sariki You dier don t focus on your watchman work and that ur useless modeling of a thing that you call nu and be there be doing nonsense. Gyimii","2048096055296655598","","Shatta_Sariki","en","","0","0","0","https://x.com/undefined/status/2048096055296655598","2005512635027271680",
"2048094578788515975","Sat Apr 25 17:45:24 +0000 2026","1","@CaroShep Nou tot nu toe bij de start heb je geen popcorn nodig Maar héél véél alcohol.....saai en stom vandaag! https://t.co/pBOGLb6Qk4","2048096050624299331","https://pbs.twimg.com/tweet_video_thumb/HGxMf6CaoAARRpn.jpg","CaroShep","nl","","0","0","0","https://x.com/undefined/status/2048096050624299331","1437133720226603008",
"2047732276193042828","Sat Apr 25 17:45:19 +0000 2026","0","@Kuhr_Bialic Dapna Kuhr je bent een Israëlische en je moeder komt ook bij jouw te wonen. DUs stop nu met mijn Nederland en concentreer op je eigen land want daar is heel veel mis.","2048096028969116077","","Kuhr_Bialic","nl","","0","0","0","https://x.com/undefined/status/2048096028969116077","1838125619185389568",
"2048096011910803856","Sat Apr 25 17:45:15 +0000 2026","0","Ett så uselt lag som Arsenal har på plan nu ska inte va möjligt. Det här laget åker ut ligan om de spelar 38 matcher.","2048096011910803856","","","sv","","0","0","0","https://x.com/undefined/status/2048096011910803856","355543815",
"2048017251224154197","Sat Apr 25 17:45:14 +0000 2026","0","@nightwatcherT @SilviaUscov Nu știu de e sau nu?!? Dar sigur se încadrează în aceeași oală cu e finanțat de Soros .","2048096005220921820","","nightwatcherT","ro","","0","0","0","https://x.com/undefined/status/2048096005220921820","2697850381",
"2048095999743193355","Sat Apr 25 17:45:12 +0000 2026","0","️În UE există temeri că Trump ar putea să nu participe la summiturile G7 și NATO La Repubblica. Absența de la summitul „G7 ar putea duce la o eventuală refuzare a președintelui SUA de a participa la întâlnirea NATO de la Ankara în iulie. Actual 24. https://t.co/lowAmjnIUK","2048095999743193355","https://pbs.twimg.com/media/HGxMdVvWcAAG8JW.jpg","","ro","","0","0","0","https://x.com/undefined/status/2048095999743193355","1842549762093944832",
"2047589724555038878","Sat Apr 25 17:45:06 +0000 2026","0","@AtomicRufus du er her vist ikke for at debattere og nu kom du til kort. selvfølgelig har en bjergminoritet i Myanmar uden nogle MØ-gener ikke et historisk krav på Palæstina. det er absurd at du forfægter det synspunkt. //","2048095974086561859","","AtomicRufus","da","","0","0","0","https://x.com/undefined/status/2048095974086561859","396023919",
"2048095959435854304","Sat Apr 25 17:45:03 +0000 2026","0","Och alla ni tjejer som delar ut mina knappar till folk ja tar er automatisk till fångar redan nu ja vet ni sejer nu bryr er inte vi for se om ni sejer samma sak när ja gör entre i fängelset ja ser ja äger fängelset nånstans kasta in. Dom där dom som gjorde så ja ska göra bögar av","2048095959435854304","","","sv","","0","1","0","https://x.com/undefined/status/2048095959435854304","844230853966397442",
"2048078763267698982","Sat Apr 25 17:45:00 +0000 2026","0","@redKZMIR @SergentuZece dati un semn si discutam. Cu oligofreni prosti nu discut decat injurandu i. Deci pana va eliminati cuvantul prost din definitie primiti doar ce meritati. MUE si calendarul cu injuraturi.","2048095949512159576","","redKZMIR","ro","","0","1","0","https://x.com/undefined/status/2048095949512159576","99533960",
"2048095942570553725","Sat Apr 25 17:44:59 +0000 2026","3","Update van imker Peter 𝗛𝗘𝗧 𝗕𝗜𝗝𝗘𝗡𝗩𝗢𝗟𝗞 𝗜𝗦 𝗪𝗘𝗘𝗥 𝗕𝗘𝗛𝗢𝗢𝗥𝗟𝗜𝗝𝗞 𝗥𝗨𝗦𝗧𝗜𝗚 𝖤𝗋 𝗄𝗈𝗆𝖾𝗇 𝗓𝖾𝖾𝗋 𝖿𝗋𝖾𝗊𝗎𝖾𝗇𝗍 𝗏𝗋𝖺𝗀𝖾𝗇 𝖻𝗂𝗇𝗇𝖾𝗇 𝗈𝗏𝖾𝗋 𝗁𝗈𝖾 𝗁𝖾𝗍 𝗇𝗎 𝗂𝗌 𝗆𝖾𝗍 𝗁𝖾𝗍 𝗏𝗈𝗅𝗄 𝗐𝖾𝗅𝗄𝖾 𝗁𝖾𝗍 𝗐𝖾𝗅 𝗁𝖾𝖾𝖿𝗍 𝗀𝖾𝗁𝖺𝖺𝗅𝖽. https://t.co/RhjJBh9uq9","2048095942570553725","https://pbs.twimg.com/media/HGxMZsQakAAzFEG.jpg","","nl","","0","0","1","https://x.com/undefined/status/2048095942570553725","279985058",
"2047916869751865467","Sat Apr 25 17:44:55 +0000 2026","0","@Skorilo73 @NicusorDanRO Poate într-o zi vei înțelege ca alegerea corecta nu este cea promovata de toată presa la unison. Bafta și viata lunga.","2048095929266540802","","Skorilo73","ro","","0","0","0","https://x.com/undefined/status/2048095929266540802","1854609849407131648",
"2048072697167397335","Sat Apr 25 17:44:53 +0000 2026","1","@micha_kat55496 @MaxBaptist92 @ErwinLensinkORP @Ryanmatta @RealAlexJones @JimFergusonUK @RedactedNews Och Micha dit had zo mooi kunnen en moeten zijn... Je 'narrow escape from financial rock bottom' want nu kun JIJ de aandacht grijpen van de gehele internationale MAM-media omdat jij als Nederlander hen meer kan vertellen over 'onze' Koningin Maxima. Dat ze die informatie https://t.co/a6K7Cq35f9","2048095917967020177","https://pbs.twimg.com/media/HGxIKAIagAE5MOQ.png","micha_kat55496","nl","","0","0","0","https://x.com/undefined/status/2048095917967020177","1285886156366852096",
"2048073711660490935","Sat Apr 25 17:44:52 +0000 2026","1","@DutchKafir Ik werd door een soortgelijk gevoel getroffen toen ik een sentimental journey maakte naar Rotterdam waar ik zoveel herinneringen heb liggen! De Noordmolenstr waar ik met mn oma boodschappen deed en iedere winkel en straathoek in mn geheugen staan gegrift nu één grote bazar.","2048095913118183753","","DutchKafir","nl","","0","0","0","https://x.com/undefined/status/2048095913118183753","1830371514987810816",
"2047680214189134141","Sat Apr 25 17:44:47 +0000 2026","0","@Ronir05929010 @andressapessooa Outro dia apareceu um vídeo de algum lugar pros lados de gramacho que parecia até filipinas aqueles lugares q tem tsunami loucura uma realidade paralela assim a olho nu","2048095894315098193","","Ronir05929010","pt","","0","0","0","https://x.com/undefined/status/2048095894315098193","1428387855852781568",
"2047622580954112429","Sat Apr 25 17:44:30 +0000 2026","0","@RealWaqarMaliks Tu apni apni niazi nu pesh karni bas","2048095821904646532","","RealWaqarMaliks","lv","","0","0","0","https://x.com/undefined/status/2048095821904646532","1370301554192973830",
"2048095794020942308","Sat Apr 25 17:44:23 +0000 2026","0"," 40-vägen mellan Ulricehamn och Jönköping ses som en flaskhals. Nu finns det pengar i den nationella planen för att bygga ut sträckan till fyrfiligt. Det betyder att man kommer att kunna köra motorväg hela vägen från Göteborg till Stockholm. https://t.co/cjnVmcaDgj","2048095794020942308","","","sv","","0","0","0","https://x.com/undefined/status/2048095794020942308","833445379039490051",
"2048095382350201211","Sat Apr 25 17:44:21 +0000 2026","1","@poornimachandr3 Poorni ku badhila poori nu vandhuruchu ","2048095784697221384","","poornimachandr3","hi","","0","0","0","https://x.com/undefined/status/2048095784697221384","1902172891476832256",
"2048094161304211482","Sat Apr 25 17:44:15 +0000 2026","1","Ca la o adica se putea intampla vreun accident in mod evident cineva a lovit gresit drona aia deasupra capetelor noastre dar nu asta e atitudinea unui intreg stat cand se intampla asa ceva. O eroare e o eroare se poate explica dar vedem bine atitudinea e o cu totul alta.","2048095761271853074","","lalluqa","ro","","0","0","0","https://x.com/undefined/status/2048095761271853074","1625703937352384512",
"2048027270015541335","Sat Apr 25 17:44:02 +0000 2026","0","@iguanana_ Asta e varianta BETA. O sa se schimbe in viitor. Cum si in ce fel nu stiu. Ce stiu sigur e ca eu ma car de aici. https://t.co/2GlBtnGT7V","2048095705282093345","https://pbs.twimg.com/tweet_video_thumb/HGxMLw1a8AA3yvO.jpg","iguanana_","ro","","0","0","0","https://x.com/undefined/status/2048095705282093345","1381379690829582342",
"2047799363536044257","Sat Apr 25 17:44:01 +0000 2026","0","@MarmotaDeCampie Azi nici deținuții politici nu mai sunt ce au fost. Nici soldați în termen nu avem iar ăia din pușcării mai au și drepturi. Ursula este vinovată!","2048095699699433962","","MarmotaDeCampie","ro","","0","0","0","https://x.com/undefined/status/2048095699699433962","1054859128240308224",
"2047982322109039013","Sat Apr 25 17:43:59 +0000 2026","0","@redKZMIR Apropoo tampitel vezi ca CG nu a fost la putere si ma gandesc ca nici neam cu Mama Omida nu esti! Singurii despre care putem avea pareri sunt cei care au condus 36 de ani tampitel despre restul va trebuii sa aflam!","2048095692254593305","","redKZMIR","ro","","0","0","0","https://x.com/undefined/status/2048095692254593305","1830141198201180160",
"2048015593366802809","Sat Apr 25 17:43:53 +0000 2026","1","@Maia_Stef Nu uita că au trecut 5 ani ! Să fii sănătoasă.","2048095668657332326","","Maia_Stef","ro","","0","0","0","https://x.com/undefined/status/2048095668657332326","818053169313935361",
"2047669053871841721","Sat Apr 25 17:43:50 +0000 2026","0","@guyduchene4 Euhhhh.... Die 'vroeger' moet dan toch heeeeeel wat jaartjes geleden zijn. Toen het live orkest vervangen werd door cheap lichtspektakel. Het pre Conchita Wurst tijdperk. Geen dubbele bodems meer nu enkele bodems en bittere domme ernst.","2048095655290183993","","guyduchene4","nl","","0","0","0","https://x.com/undefined/status/2048095655290183993","137279950",
"2048003830655180817","Sat Apr 25 17:43:46 +0000 2026","0","@harbuj nu rupe bai nimic asculta kapnobatai de dopesmoker thats the good stuff","2048095638798090514","","harbuj","en","","0","0","0","https://x.com/undefined/status/2048095638798090514","2034579172597886976",
"2048095598100795886","Sat Apr 25 17:43:38 +0000 2026","0","något mer och de har en utmärkt säsong. Juventus gör det riktigt bra vad gäller spelstil och soliditet. Jag tror att de inte har släppt in mål de senaste tre matcherna. Jag hoppas att de släpper in imorgon. Nu får vi inte tänka på försvarare anfallare eller mittfältare.","2048095603293344102","","JuveClubSvezia","sv","","0","1","0","https://x.com/undefined/status/2048095603293344102","1111697733985947648",
"2048095598436286951","Sat Apr 25 17:43:37 +0000 2026","0","Nä sluta nu. Inte Eze är ju förutom Hincapie den ända som är positiva","2048095598436286951","","","sv","","0","0","0","https://x.com/undefined/status/2048095598436286951","2193975379",
"2047962722126729356","Sat Apr 25 17:43:36 +0000 2026","0","@Indumakalktchi Ipdi data eduthu tha TN la grw aalam nu nenachutu irukingala ... Poor guys hire a good team to get real data .. ask annamalai war room .. they might help you with atleast 50% matching data..","2048095597908136131","","Indumakalktchi","en","","0","0","0","https://x.com/undefined/status/2048095597908136131","446270805",
"2048013830723154043","Sat Apr 25 17:43:33 +0000 2026","1","@carmemarga Handig! Kom net thuis en alles is er aan eten .. nu nog maken en dan tot de zondag ochtend er weer tegenaan .. () nooit tijd voor koken .. Hotel uit eten diners etc. mijn buurman zei ooit: eet eens wat goed voedsel ..","2048095585341771851","","carmemarga","nl","","0","0","0","https://x.com/undefined/status/2048095585341771851","1518201245122666496",
"2048093010563596539","Sat Apr 25 17:43:32 +0000 2026","1","@SolanthophileRT okay. Hale janmakkella hogodu Nija na? Alla soul will carry subconscious memories ansatta? Ee mind concept and soul concept Ella contrary nu agatte ansatte","2048095579084058729","","SolanthophileRT","ro","","0","1","0","https://x.com/undefined/status/2048095579084058729","1850210658509623296",
"2047959630056464523","Sat Apr 25 17:43:24 +0000 2026","0","@gopinathvijay91 5 varsha kathaya mattum pesittu aduthavan Jana Nayaga urimaya respect panna therila peria buthi Sali nu nenappu. Kolkai arasiyal pesura entha nayum vote ku cash entha Kolkaiku keela varuthunu sollitti pongada..","2048095544913068113","","gopinathvijay91","et","","0","0","0","https://x.com/undefined/status/2048095544913068113","353179863",
"2048078763267698982","Sat Apr 25 17:43:20 +0000 2026","0","@aurelianul @redKZMIR Ce-ai bre te enervasi? Nici nu mai scrii bine de nervi! Adevarul supara stiu...","2048095528412422329","","aurelianul","ro","","0","2","0","https://x.com/undefined/status/2048095528412422329","1897594912222101504",
"2048089915523751964","Sat Apr 25 17:43:15 +0000 2026","0","@Ashok_off_ Promotion panna mataru staging ilal nu solluringa adhu production oda vela ivaru promotion matum panna mataru avlodhan . Adhu pannanum . Oru oru fans shooting illanu irukanga ","2048095509521576304","","Ashok_off_","in","","0","0","0","https://x.com/undefined/status/2048095509521576304","1678307340418686976",
"2048095508669817054","Sat Apr 25 17:43:15 +0000 2026","5","Att svenska medier helt aningslöst sprider uppgifter om och från olika hack nu senast från ett spelbolag med bland annat påståenden om en partiledare är en intressant konflikt mellan hänsyn till brottsoffer konsekvensneutralitet publicitetsskada och risken att vara en nyttig","2048095508669817054","","","sv","","1","0","1","https://x.com/undefined/status/2048095508669817054","17511527",
"2048078763267698982","Sat Apr 25 17:43:13 +0000 2026","0","@redKZMIR @SergentuZece Baa prostule cine a aplaudat in parlamentul canadian o relicva nazista? Atat de prosti nu am vazut. Cititi dk istorie si ce s a intamplat din 45 pana acum. Ce teorii sunt viabile si care sunt false. Cine si pe cine a salvat ce interese sunt si cand veti avea un raspuns","2048095498746089837","","redKZMIR","ro","","0","0","0","https://x.com/undefined/status/2048095498746089837","99533960",
"2046645294348005643","Sat Apr 25 17:43:11 +0000 2026","0","@CroquetaPod Zou het meer terecht vinden als de opnames in een barbershop doorgaan nu toch?","2048095491380883728","","CroquetaPod","nl","","0","0","0","https://x.com/undefined/status/2048095491380883728","1993430004051705856",
"2048095487513829389","Sat Apr 25 17:43:10 +0000 2026","0","TRUMP: anularea călătoriei trimisilor în Pakistan nu înseamnă că războiul va fi reluat „Iranienii ne pot SUNA dacă vor „Putem face la fel de bine și prin telefon @MTodayNews https://t.co/g4aWgHrBl4","2048095487513829389","https://pbs.twimg.com/media/HGxL_iaW4AEUBou.jpg","","ro","","0","0","0","https://x.com/undefined/status/2048095487513829389","1842549762093944832",
"2048055210615210492","Sat Apr 25 17:43:10 +0000 2026","0","@TVK_Dinshu வெறும் ஓட்டர் லிஸ்ட் பத்து வெள்ளை பேப்பரு இதை என்னமோ பெரிய அறுத்து தள்ளுர வேலை மாதிரி பீத்திட்டு இருந்தானுவ கொத்தடிமைங்க Podu! Nammala arasiyal romba complicated nu evlo mudiyumo avlo thalli veika pathanunga.. Naama ulla vandhaprom avanunga lam picha dhan eduka ponum","2048095486347985098","","TVK_Dinshu","und","","0","1","0","https://x.com/undefined/status/2048095486347985098","296611034",
"2048095466336784495","Sat Apr 25 17:43:05 +0000 2026","0","@gilmarmendes POORTAAAA TOORTA XADREX NU CEIS","2048095466336784495","","gilmarmendes","ca","","0","0","0","https://x.com/undefined/status/2048095466336784495","1574214008290385925",
"2048094161304211482","Sat Apr 25 17:43:04 +0000 2026","1","Desi e foarte ilegal ce s-a intamplat nici dosar penal nu a fost deschis deci tot ce inseamna acest fals stat cu toata media aservita si toate partidele lor (toate inventate de Secu inclusiv AUR) au decis ca e ok ca noi galatenii sa fim macelariti la liber de armata lor.","2048095463711101149","","lalluqa","ro","","0","1","0","https://x.com/undefined/status/2048095463711101149","1625703937352384512",
"2048089527152177644","Sat Apr 25 17:43:04 +0000 2026","0","@i_am_Praveen007 @Subash1997558 @Sri_Suriya_23 @subivigneshwar1 @TheOneSakthi001 @balaji_theone Illada Enaku Oru Mathiri Ah Sad Agudhu Namaku Mattum Yen Chance Kedaikithu Ana Last Time La Namaku Ethachum Oru Problem Pinnadi Varuthu Annava Kitta Irundhu Pakkanum Nu Oru Periya Aasai Athu Mattum Nadantha Pothum Atha Vida Happy Vera Ethum Illa ","2048095460951461890","","i_am_Praveen007","et","","0","1","0","https://x.com/undefined/status/2048095460951461890","1176109033746358272",
"2046834398847205479","Sat Apr 25 17:43:03 +0000 2026","0","@MinPres Een hogere kilometervergoeding betaald door je werkgever? Hoezo bepaal jij dat even voor de werkgevers? Dus je draagt er zelf niet aan bij maar legt de oplossing bij de werkgevers neer? Wat is dit nu?","2048095458715644090","","MinPres","nl","","0","0","0","https://x.com/undefined/status/2048095458715644090","1969471630167379968",
"2048095443196969295","Sat Apr 25 17:43:00 +0000 2026","3","should i kill bunnu in the what s nu comics","2048095443196969295","","","en","","0","0","0","https://x.com/undefined/status/2048095443196969295","1008387718093475840",
"2048065969700892684","Sat Apr 25 17:42:59 +0000 2026","0","@richardtkiewiet Och wat een dotjes Ruilen tegen wat kauwen ‍⬛‍⬛‍⬛‍⬛‍⬛‍⬛‍⬛ Jaren 00 weinig Nu veuls teveul","2048095442068496517","","richardtkiewiet","nl","","0","0","0","https://x.com/undefined/status/2048095442068496517","171171633",
"2048095440927899703","Sat Apr 25 17:42:59 +0000 2026","7","D : entha Thevidiya paiyanu ennaku competitor kedaiyathu nu ippadi stage la Decent ah soliruparu ️ #Kara https://t.co/dgnmWyOhds","2048095440927899703","https://pbs.twimg.com/ext_tw_video_thumb/1660890316319195137/pu/img/inZV5ADc0aKfg_tM.jpg","","et","","0","0","6","https://x.com/undefined/status/2048095440927899703","1745717825476739072",
"2047962466466902364","Sat Apr 25 17:42:57 +0000 2026","0","@SkrymirX @HubertAiwanger Das nennt man Energiesicherheit ...es gibt sogar leute die heizen nur mit holz und nu? Die leben nachhaltiger als jeder andere ! lebst du schon inner höhle? Oder so ‍️","2048095433860297051","","SkrymirX","de","","0","0","0","https://x.com/undefined/status/2048095433860297051","1587520470785695745",
"2048095370761117984","Sat Apr 25 17:42:42 +0000 2026","0","Pete använde Ivermectin &amp; Mebendazol i ett protokoll av Ilyes Baghli kombinerat med fasta riktad näring avgiftning syrebehandling och tro. Och nu? Han är i full remission. https://t.co/Ig17EhxVzq","2048095370761117984","https://pbs.twimg.com/amplify_video_thumb/2047495742302846976/img/vxPuPiEeqZpE4qsV.jpg","","sv","","1","0","0","https://x.com/undefined/status/2048095370761117984","484133679",
"2047900725854830823","Sat Apr 25 17:42:42 +0000 2026","0","@R0n3d ik krijg nu zn zin om iemand zo gruwelijk hard op zijn bek te slaan echt je houdt het niet voor mogelijk","2048095369737666853","","R0n3d","nl","","0","0","0","https://x.com/undefined/status/2048095369737666853","43932302",
"2048053378886799800","Sat Apr 25 17:42:42 +0000 2026","1","@AnetteSjobe @BaraBodil Då borde du rösta SD de är de enda som konsekvent varnat för Putler medan dom andra naivt skrattade och sa att Ryssland är ju snälla nu. SD är också dom som konsekvent mest viljat skicka mycket stöd till Ukraina. Men fortsätt för all del att stoppa huvudet i sanden.","2048095368844386503","","AnetteSjobe","sv","","0","0","0","https://x.com/undefined/status/2048095368844386503","1752633401218146304",
"2048054993769390217","Sat Apr 25 17:42:42 +0000 2026","0","@a_xadiimloo Ahan d waw goor kon daa nu gise","2048095368374583583","","a_xadiimloo","nl","","0","0","0","https://x.com/undefined/status/2048095368374583583","797968794689929216",
"2047323554585137369","Sat Apr 25 17:42:40 +0000 2026","0","@ulundstr @susannasilfver Sossarna propagerar inte för att folk ska flytta till utsatta områden antingen ljuger du medvetet om det eller så är du oerhört korkad som för vidare andras lögner utan att ens förstå att det är lögn. Därför vill jag att du letar upp något som styrker ditt påstående gör det nu.","2048095361953063010","","ulundstr","sv","","0","0","0","https://x.com/undefined/status/2048095361953063010","883783117286322177",
"2048095358908084497","Sat Apr 25 17:42:39 +0000 2026","0","Trump ANULEAZĂ călătoria lui Witkoff și Kushner la Islamabad - Fox News „Am spus «nu nu vei face un zbor de 18 ore pentru a merge acolo. Avem toate atuurile». „Nu vei mai face zboruri de 18 ore pentru a sta degeaba și a vorbi despre nimic. @MTodayNews https://t.co/hM26I4xR2X","2048095358908084497","https://pbs.twimg.com/media/HGxL4DQbUAANBaI.jpg","","ro","","0","0","0","https://x.com/undefined/status/2048095358908084497","1842549762093944832",
"2047766466619924987","Sat Apr 25 17:42:39 +0000 2026","0","@yaarenler Goller nu yuzden mi kurumaya basliyor","2048095358069203317","","yaarenler","tr","","0","0","0","https://x.com/undefined/status/2048095358069203317","1669768960823181313",
"2047913424579920149","Sat Apr 25 17:42:37 +0000 2026","0","@spantani19 @LadyMihaelaTarg atunci chiar nu ai scuza sa nu intelegi ce spun aici. cand cineva te insulta cu termeni gen retardat sau handicapat nu e pt ca esti pe bune cu handicap si rade de tine. ci pt ca esti normal da te porti ca si cum n-ai fi. asta e gluma. e trist ca nu te prinzi","2048095346643906716","","spantani19","ro","","0","0","0","https://x.com/undefined/status/2048095346643906716","1453834922192474112",
"2048095345951769067","Sat Apr 25 17:42:36 +0000 2026","0","Om Ah Nu Ta Ra (Mantra for Dream Yoga) https://t.co/gKfEzEq9md via @YouTubeMusic","2048095345951769067","","","sv","","0","0","0","https://x.com/undefined/status/2048095345951769067","20850965",
"2048013779263422715","Sat Apr 25 17:42:36 +0000 2026","0","@kalgikumaru Bra la metal hook iruku nu kalatta vechanunga...atha oruthanum pesala inga","2048095345142608148","","kalgikumaru","in","","0","0","0","https://x.com/undefined/status/2048095345142608148","592451348",
"2048095341271003263","Sat Apr 25 17:42:35 +0000 2026","1","Først Havertz..... Nu Eze.... Hader skader..... We can't have nice things.... #arsnew #arsenaldk #pldk","2048095341271003263","","","da","","0","0","0","https://x.com/undefined/status/2048095341271003263","711313819646218240",
"2048061885560299590","Sat Apr 25 17:42:35 +0000 2026","0","@die_bolle Bodegom wilde 3e termijn in de RvC voor 4 jaar die weg was afgesneden en probeert nú interim algemeen directeur te worden die strijd is nu in gang gezet maar om van Bodegom kalt te stellen!","2048095339517706442","","die_bolle","nl","","0","0","0","https://x.com/undefined/status/2048095339517706442","760571353246334976",
"2048095302976929910","Sat Apr 25 17:42:26 +0000 2026","1","Man var ju positiv efter Citymatchen och trodde spelarna skulle gå all in nu. Så blev inte fallet.","2048095302976929910","","","sv","","0","0","0","https://x.com/undefined/status/2048095302976929910","417707688",
"2047982322109039013","Sat Apr 25 17:42:20 +0000 2026","0","@redKZMIR Prostene votant de dulapi si muci nu am fost niciodata dar nici de ciolaci cat despre tine faptul ca esti un tampit cu argumente zero asta se poate demonstra prin ce postezi si cata UE iti iei datorita rahatului pe care il postezi!","2048095275646882004","","redKZMIR","ro","","0","0","0","https://x.com/undefined/status/2048095275646882004","1830141198201180160",
"2047935379370545456","Sat Apr 25 17:42:16 +0000 2026","0","@BajenUlrika He he har inte hört den klassikern sen morfar dammade av den då jag var i tonåren. Jag är ändå 50+ nu ","2048095259633045794","","BajenUlrika","sv","","0","0","0","https://x.com/undefined/status/2048095259633045794","1963177670990012416",
"2048007027885064215","Sat Apr 25 17:42:11 +0000 2026","0","@ryk_sr @Strijder124 @Politie Fuck alle D666 achtigen binnen het bestuur van Nederland. Nu wordt er niet gemept. Hebben D666 bestuurder alle macht in Nederland? Dan wordt het hoog tijd om orde op zaken te stellen. Wat een rechtsongelijkheid.","2048095237717844217","","ryk_sr","nl","","0","0","0","https://x.com/undefined/status/2048095237717844217","521297254",
"2047281076649742408","Sat Apr 25 17:42:05 +0000 2026","0","@Solleveldj @manoeska61 Absoluut niet blij met D66 maar laten we niet vergeten dat zulke plannen in eerste instantie uit de koker van VVD komen. Die willen dit soort maatregelen al sinds jaar en dag doorvoeren en hebben nu hun loopjongen daarvoor gevonden.","2048095214623977948","","Solleveldj","nl","","0","0","0","https://x.com/undefined/status/2048095214623977948","1482045267738337287",
"2047988468320510453","Sat Apr 25 17:42:03 +0000 2026","0","@SamvanRooy1 @MartienPennings Vroeger zaten deze mensen in een psychiatrische inrichting nu krijgen ze een podium.","2048095207388749887","","SamvanRooy1","nl","","0","0","0","https://x.com/undefined/status/2048095207388749887","1498804134862106628",
"2048095195737035000","Sat Apr 25 17:42:01 +0000 2026","17","En nu gaat de hele loods weer tegen 1 a 2 personen keren alleen maar roddelen of iemand aanspreken voor de HELE groep . Niks 1 op 1 uitspreken wat een kleuters Ik heb niks met Roland maar ik waardeer de manier hoe hij iets uit wilt praten altijd wel #debondgenoten","2048095195737035000","","","nl","","0","0","0","https://x.com/undefined/status/2048095195737035000","1467525631655268362",
"2047421461481054631","Sat Apr 25 17:41:57 +0000 2026","0","@dabelstein @GIshayu @AndersJohn1973 @RasmusJarlov @KristofferMiles Dernæst eksisterer en linær isomorfi x |-&gt; 2x som hvis vi bruger den afbildning på det forhenværende så svarer 100% nu til 200%.","2048095179526086971","","by_niels","da","","0","0","0","https://x.com/undefined/status/2048095179526086971","987306976370679809",
"2047986229061296454","Sat Apr 25 17:41:56 +0000 2026","0","@CosminPanait6 Sunt oameni pentru care nimic nu e clar. Nici măcar forma pământului nu e clară ","2048095177475063977","","CosminPanait6","ro","","0","0","0","https://x.com/undefined/status/2048095177475063977","118829905",
"2048095173226250645","Sat Apr 25 17:41:55 +0000 2026","1","Champagne nu best bezochte Nederlandse film van het jaar https://t.co/TrVnCqO0ip","2048095173226250645","","","nl","","0","1","0","https://x.com/undefined/status/2048095173226250645","2902821",
"2048089890508644415","Sat Apr 25 17:41:47 +0000 2026","1","@b8023355579397 Kalsın battımı sana bu nu bulurken aklından ne geçiyodu acaba","2048095139713724592","","b8023355579397","tr","","0","1","0","https://x.com/undefined/status/2048095139713724592","1256579063248019459",
"2048095135557149098","Sat Apr 25 17:41:46 +0000 2026","1","Och nu i slutet av April så snöar det i södra Sverige frågor på det? https://t.co/xoA6CKEZ0a","2048095135557149098","https://pbs.twimg.com/media/HGxLrBdbYAAI9fm.jpg","","sv","","0","1","0","https://x.com/undefined/status/2048095135557149098","525839358",
"2048090585395859503","Sat Apr 25 17:41:45 +0000 2026","0","@meerdaneenspel Waarom kunnen ze gewoon niet Johan Cruijff z'n visie blijven volgen? Oké nu gaan ze het proberen met Jordi dus dat is goed maar Nederland doet echt veel te weinig met de kennis van cruijff. Spanje doet dat HEEL veel beter.","2048095130976931933","","meerdaneenspel","nl","","0","0","0","https://x.com/undefined/status/2048095130976931933","1562773165881053190",
"2048093821402259624","Sat Apr 25 17:41:44 +0000 2026","0","@wdtaa_007 Match thokka poranga nu kavalaila pesuringala","2048095127290396718","","wdtaa_007","in","","0","1","0","https://x.com/undefined/status/2048095127290396718","1712040659341983744",
"2047962583878316061","Sat Apr 25 17:41:42 +0000 2026","0","@AkasoIndustries @gdam429mk2 Yes after all Alyzeus MP Nu and MSV MP Nu is 2 different design to begin with and I'm not talking about backpack The one that is stickered was Alyzeus exclusive design","2048095118729814283","","AkasoIndustries","en","","0","1","0","https://x.com/undefined/status/2048095118729814283","3190937352",
"2048095097296982171","Sat Apr 25 17:41:37 +0000 2026","5","Kujili masthu nu நிறைய பேர் use பன்றாங்க..... Bad Word na சொல்லவேணா........","2048095097296982171","","","und","","0","5","1","https://x.com/undefined/status/2048095097296982171","865070176340934656",
"2047953825407840644","Sat Apr 25 17:41:36 +0000 2026","0","@RikNet1 Zaplog was zo vet omdat we al die intolerante activistische wakkeren van nu niet hadden. Nu gaan ze je cancellen en name callen als je niet met ze meepraat. Wakker staat voor mij synoniem aan intolerant.","2048095091906969934","","RikNet1","nl","","0","0","0","https://x.com/undefined/status/2048095091906969934","21567660",
"2048080812289986932","Sat Apr 25 17:41:35 +0000 2026","0","@Damanaisz Lasa-te de băutură. Nu e de tine pizdel. https://t.co/Pd8h5bAqaD","2048095087947624900","https://pbs.twimg.com/tweet_video_thumb/HGxLn0YbMAA_E1h.jpg","Damanaisz","ro","","0","0","0","https://x.com/undefined/status/2048095087947624900","1381379690829582342",
"2048000662005600409","Sat Apr 25 17:41:30 +0000 2026","0","@rajakumaari Unga kitta irunthu than careful ah irukkanum nu solrapla","2048095066040791546","","rajakumaari","in","","0","0","0","https://x.com/undefined/status/2048095066040791546","266334653",
"2048095061200773232","Sat Apr 25 17:41:29 +0000 2026","0","Eze down. Sial punya club Arsenal nu","2048095061200773232","","","in","","0","1","0","https://x.com/undefined/status/2048095061200773232","307394410",
"2048085662570848726","Sat Apr 25 17:41:24 +0000 2026","1","@dmuthuk Progress progress nu solrar. Aanan enna progress nu sollla maatar","2048095044188492198","","dmuthuk","sv","","0","0","0","https://x.com/undefined/status/2048095044188492198","1938681663384584192",
"2047979897948151886","Sat Apr 25 17:41:21 +0000 2026","1","@Onair58 @minka_w @Robbie_Robbie_G Parlementaire democratie? Nu maak je het wel heel moeilijk voor extreemrechts. Hun leiders is van een eenmanspartij dat is hun referentiekader. Referentiekader? Verrek nu doe ik het ook.","2048095031064502651","","Onair58","nl","","0","1","0","https://x.com/undefined/status/2048095031064502651","145195812",
"2047992322470596990","Sat Apr 25 17:41:13 +0000 2026","1","@PrmTrine Jeg leasede for 2 år siden (Renault Megane) og har et år tilbage. Tosset god løsning masser af erfaring med el-bil nu og det hele billige end vores daværende benzin bil løsning ","2048094996658618446","","PrmTrine","da","","0","0","0","https://x.com/undefined/status/2048094996658618446","86093798",
"2048063425880932550","Sat Apr 25 17:41:09 +0000 2026","0","@AshfaqVoice 15 lakhs nu nenachipanunga","2048094979986522322","","AshfaqVoice","ro","","0","1","0","https://x.com/undefined/status/2048094979986522322","2001346496839704576",
"2048085450049618190","Sat Apr 25 17:41:09 +0000 2026","0","@antuonelli wkwkwkwkwk anjir mantap udah inimah menuju NU yang semakin maju","2048094978057159115","","antuonelli","in","","0","0","0","https://x.com/undefined/status/2048094978057159115","1233188026995445760",
"2048094955714060483","Sat Apr 25 17:41:03 +0000 2026","0","@BhagwantMann @AamAadmiParty Ki ho gea Tuhadi Surplus Bijli nu?? Jhooth di pand ae tuhadi sari party","2048094955714060483","","BhagwantMann","in","","0","0","0","https://x.com/undefined/status/2048094955714060483","1460242682337366022",
"2048072784740229237","Sat Apr 25 17:41:03 +0000 2026","2","@BellaHsson Ni kvinnor måste gör något åt er själva ni förstör det här landet! Och ni vill bara ha mer! Ni är verkligen farliga för andra och inser ni inte det ens nu efter allt som hänt med Sverige totalt tapp i stort sett på allt och ökat våld och otrygghet tex pensionärer blivit","2048094952643838197","","BellaHsson","sv","","0","0","0","https://x.com/undefined/status/2048094952643838197","1999470431435100160",
"2047614586095054947","Sat Apr 25 17:40:58 +0000 2026","0","@Iam_HARI_AK @MydreamzR @OGprasanna Booth agent booth agent nu alatha bro .. booth agent Kum .. booth la vangura vote kum samanthame kidayathu .. ntk kooda tha booth agent iruku .. booth agent ethuku irukanga apdinu search pani parunga .. enga area la oru veetuku 1 2 nu vote potruku .. they are dmk congres voters","2048094932922245412","","Iam_HARI_AK","et","","0","0","0","https://x.com/undefined/status/2048094932922245412","2034896136604192768",
"2048036363501494337","Sat Apr 25 17:40:57 +0000 2026","0","@KareMHaret @andersjohansen Heiler hende der til venstre? Jeg er på telefonen nu til politiet de siger de har sendt 4 mandskabsvogne ud nu for at fange hende. Kvinde! Du kan ikke gemme dig for vores 5G tårne vi skal nok finde dig! Kom frit frem! ","2048094929772048410","","KareMHaret","da","","0","0","0","https://x.com/undefined/status/2048094929772048410","2004654801628565504",
"2048094161304211482","Sat Apr 25 17:40:50 +0000 2026","1","Inteleg din atitudinea tuturor din tara asta ca s-a dat unda verde ca noi galatenii sa fim bombardati nu e nicio problema cu asta absolut toata lumea trece pe maxima propaganda sa dea fals vina pe rusi si aia e noi putem fi macelariti la liber de armata.","2048094897853325544","","lalluqa","ro","","0","1","0","https://x.com/undefined/status/2048094897853325544","1625703937352384512",
"2048094896007831969","Sat Apr 25 17:40:49 +0000 2026","1","Quando Last Resort e Infest hanno lanciato il nu metal dei Papa Roach nel mainstream https://t.co/RTkHlq9TFJ","2048094896007831969","","","it","","0","0","0","https://x.com/undefined/status/2048094896007831969","791246354907553792",
"2048094889368535345","Sat Apr 25 17:40:48 +0000 2026","0","nu ratați? GaX عرض جديد مستنيك ⎐كُـود⎐كوبِون⎐خـِصم⎐ ⎐ايهرب⎐ايهيرب اهرب ⊵NCE7042⊴ ⎐تيمو⎐ ⊵TEM73⊴ ⎐نون⎐ ⊵NKW⊴ GaX https://t.co/78MtQrS5gR","2048094889368535345","https://pbs.twimg.com/media/HGxLcD6aAAEpP_y.png","","ar","","0","0","0","https://x.com/undefined/status/2048094889368535345","524793419",
"2048079847549731105","Sat Apr 25 17:40:47 +0000 2026","2","@JantinexTweets @ArchibaldIsBoos Dat is waar. Ik heb haar artikel even gelezen. En daar laat ik het nu even bij.","2048094888940449990","","JantinexTweets","nl","","0","0","0","https://x.com/undefined/status/2048094888940449990","1481540705705156610",
"2047990608753496298","Sat Apr 25 17:40:47 +0000 2026","0","@moeva18 Je weet nu wel waar dat kind straks van komt hij is bi . Dus jatten is het vrouwtje waarom verbaast mij dat niet.","2048094888550449388","","moeva18","nl","","0","0","0","https://x.com/undefined/status/2048094888550449388","1963660130416742400",
"2048082627698258399","Sat Apr 25 17:40:46 +0000 2026","0","@APunnaivalavan @APunnaivalavan - phenomenon Dana? En na namma Kamal Phenomenon nu solala Adan kekren","2048094881730670957","","APunnaivalavan","in","","0","0","0","https://x.com/undefined/status/2048094881730670957","1837776853308002307",
"2048094875183186137","Sat Apr 25 17:40:44 +0000 2026","2","Circul pă uliță ma Au trimis excavatorul sa adune drona lui Miruta ! Nici sa faca regie nu sunt capabili","2048094875183186137","","","ro","","1","1","0","https://x.com/undefined/status/2048094875183186137","1937529291530457088",
"2047915898170728707","Sat Apr 25 17:40:43 +0000 2026","0","@LarsNunne @Annette_Haagen Så hvad mener du nu?","2048094868388327712","","LarsNunne","da","","0","0","0","https://x.com/undefined/status/2048094868388327712","1649131838370115589",
"2048087181940699413","Sat Apr 25 17:40:38 +0000 2026","1","@Whistle_TVK Thotha team evm la kolaru nu solli thana kelvi patrukom first time jeicha kooda vijay ku bjp helped to get maximum vote and ithu TVK + BJP oda sathi 2029 la TVK BJP kooda sera porathuku tha atha pannirukanga nu ready pannirupanga oru narrative ah..","2048094848562139240","","Whistle_TVK","et","","0","0","0","https://x.com/undefined/status/2048094848562139240","446270805",
"2047688309355205004","Sat Apr 25 17:40:38 +0000 2026","0","@DonCeder De Judas Ceder er vindt nu genocide plaats! En wat doe je voor de Palestijnse christenen en Libanese christenen?","2048094847261650971","","DonCeder","nl","","0","0","0","https://x.com/undefined/status/2048094847261650971","131864757",
"2048094840395903271","Sat Apr 25 17:40:36 +0000 2026","0","nu ratați? jfC عرض جديد مستنيك ⎐كُـود⎐كوبِون⎐خـِصم⎐ ⎐كُود⎐⎐بوما⎐ ⊵P10⊴ ⎐نون⎐ ⊵NKW⊴ ⎐ايهرب⎐ايهيرب اهرب ⊵NCE7042⊴ https://t.co/JIm3AzpFgR","2048094840395903271","https://pbs.twimg.com/media/HGxLZdvbgAArd-U.png","","ar","","0","0","0","https://x.com/undefined/status/2048094840395903271","713527326",
"2048094813250089006","Sat Apr 25 17:40:29 +0000 2026","2","Cam atâta despre suveranismul maghiar. Cum a pierdut alegerile cum s-a cărat Orban în Statele Unite unde și-a pus deja averea la adăpost și unde e ferit de procurori. Măcar câtă vreme e stăpânul lui Trump la putere. Întrebarea mea e totuși de ce nu s-a dus în Rusia :)","2048094813250089006","","","ro","","0","0","0","https://x.com/undefined/status/2048094813250089006","1461005289994469378",
"2048094807302787523","Sat Apr 25 17:40:28 +0000 2026","1","@travishead34 nu thagu nanna cokeuuu https://t.co/ufepgNpqub","2048094807302787523","https://pbs.twimg.com/media/HGxLVlvbgAAJ14r.jpg","travishead34","in","","0","0","0","https://x.com/undefined/status/2048094807302787523","1562127558191198208",
"2048094804815265842","Sat Apr 25 17:40:27 +0000 2026","0","40 000 dödade av regimen på två dagar samma regim hyllas nu på våra gator. #svpol","2048094804815265842","","","sv","","0","0","0","https://x.com/undefined/status/2048094804815265842","19110628",
"2048022668759441697","Sat Apr 25 17:40:25 +0000 2026","0","@viewofthiyagu01 Sariyana silra paya nu sollu","2048094793176408507","","viewofthiyagu01","in","","0","0","0","https://x.com/undefined/status/2048094793176408507","1428934268621713412",
"2048094779376820518","Sat Apr 25 17:40:21 +0000 2026","0","#EU alle landen zijn coulant naar #burgers voor #accijnzen #verlaging en dat mag ook op #boodschappen dom die @2eKamertweets #politiek van #Jetten #verduurzamen mooi maar los eerst het #stroomtkort eens op #dagelijks nu!","2048094779376820518","","","nl","","0","1","0","https://x.com/undefined/status/2048094779376820518","791194628",
"2048093295042052513","Sat Apr 25 17:40:13 +0000 2026","0","@DieTukkerfries Misschien even ter verduidelijking: digid ging altijd al via een Amerikaans datacenter. Ze hebben altijd al controle gehad over de data die via DigiD verstuurd wordt. Dat Kyndryl nu het bedrijf overneemt dat al services via een Amerikaans datacenter laat lopen verandert daar","2048094745574920521","","DieTukkerfries","nl","","0","0","0","https://x.com/undefined/status/2048094745574920521","1423292173940760582",
"2048006968556572785","Sat Apr 25 17:40:13 +0000 2026","0","@DaknisMarts @VPPzinas Nu protams visa Latvija pranksteri. Ļoti smieklīgi.","2048094744371179820","","DaknisMarts","lv","","0","0","0","https://x.com/undefined/status/2048094744371179820","1418120685566758914",
"2048084280870350990","Sat Apr 25 17:40:09 +0000 2026","0","@TrumpsHurricane HE IS NU! THAT IS WAY I FOLLOW GO AND NOT HIM!","2048094728936366182","","TrumpsHurricane","en","","0","0","0","https://x.com/undefined/status/2048094728936366182","1659515326915309568",
"2048094712259559697","Sat Apr 25 17:40:05 +0000 2026","0","Ngn har det tufft men har 7 lotter i Postkodlotteriet. Så nu skulle sönerna få köpa sig nåt ","2048094712259559697","","","sv","","0","0","0","https://x.com/undefined/status/2048094712259559697","325715350",
"2047998009028325755","Sat Apr 25 17:40:05 +0000 2026","1","@NikolajBIF @SimonGregersen8 jeg er nu sikker på Simons ven fik sin billet ","2048094711689142561","","NikolajBIF","da","","0","1","0","https://x.com/undefined/status/2048094711689142561","3493528283",
"2048091445425578291","Sat Apr 25 17:40:03 +0000 2026","0","@itz_berlinn Mamsu idhalam cringe nu easy ah kandupudichuruvom ...","2048094702931718479","","itz_berlinn","und","","0","1","0","https://x.com/undefined/status/2048094702931718479","1001912976843001856",
"2048086544326816214","Sat Apr 25 17:40:02 +0000 2026","0","@ActorVijayTeam @jeevasagapthan1 Apdi paarththa Idukki munnadi ungalukku sadhagama idhe makkal thaana oota pottanga. Unga லட்சணம் therinjutha oru matram Venum nu vera katchikku potta ipdila pesivengala. Ungala Yellam enna solli thittarathu","2048094698888470742","","ActorVijayTeam","in","","0","0","0","https://x.com/undefined/status/2048094698888470742","1913834491317301248",
"2048070272386052152","Sat Apr 25 17:39:59 +0000 2026","0","@RJR_twtz Ida poi dude kuda compare pannaiga Orusilar Dude &gt;&gt;&gt; poove unakaga nu sonnaga ‍️‍","2048094685135327529","","RJR_twtz","et","","0","0","0","https://x.com/undefined/status/2048094685135327529","1638243703545294863",
"2048094675286810969","Sat Apr 25 17:39:57 +0000 2026","9","Miljarden naar Oekraïne. En nu weer miljoenen voor de energie. Je kunt ook zeggen na al die miljarden het is een keer genoeg geweest. Maar niet in dit land. Willen ze allemaal scoren over ons geld en straks een mooi baantje ergens. Daarnaast onze eigen energie is ook niet in orde https://t.co/4bLMacR0zd","2048094675286810969","https://pbs.twimg.com/media/HGxLQPZXQAESv7t.jpg","","nl","","0","0","2","https://x.com/undefined/status/2048094675286810969","1253272800409894913",
"2048094655430946979","Sat Apr 25 17:39:52 +0000 2026","0","▶️Bekijk nu de volledige video! https://t.co/JVWbrn4f0k aub niet onder 23 jaar #Roken #X","2048094655430946979","","","nl","","0","0","0","https://x.com/undefined/status/2048094655430946979","1377929249399713792",
"2048094635742863575","Sat Apr 25 17:39:47 +0000 2026","1","q/1q3 imaginația sare din cadru în cadru; dependența de adrenocrom e la modă; polisemia unui octagon roșu declanșează alarma. cireșe coapte : închisorile rusești nu pot cuprinde gloria lui Tolstoi. https://t.co/qcK5ff9PXL","2048094635742863575","https://pbs.twimg.com/media/HGxK6yYa4AE_Xm6.jpg","","ro","","0","0","0","https://x.com/undefined/status/2048094635742863575","231709187",
"2048094625597112591","Sat Apr 25 17:39:45 +0000 2026","296","Enna da chumma 260-240 nu adichu adha easy ya chase pannikittu Nalaiku adikra veyil la aaduvom paaru real cricket https://t.co/EWWpM2NAuc","2048094625597112591","https://pbs.twimg.com/media/HGxLM7bbIAAiiMW.jpg","","et","","1","4","22","https://x.com/undefined/status/2048094625597112591","729918807083470849",
"2048094625508847947","Sat Apr 25 17:39:45 +0000 2026","0","Den iranska utrikesministerns Abbas Araghchi plan är nu på väg tillbaka till Teheran.","2048094625508847947","","","sv","","0","0","0","https://x.com/undefined/status/2048094625508847947","947903167622152194",
"2047934602463899959","Sat Apr 25 17:39:35 +0000 2026","0","@BROKENBRITAIN0 Half your country sees your own flag as a hate symbol none of them are going to die for it. America is desperately trying to make the same mistakes you have made so I'm no better but you're The New Britain now and this Britain is just another Nu-state","2048094585910665240","","BROKENBRITAIN0","en","","0","0","0","https://x.com/undefined/status/2048094585910665240","1817391488084701184",
"2048082289104424991","Sat Apr 25 17:39:32 +0000 2026","1","@HybridWarfareX @helenapplehead Ja ....och svensken sover vidare och ruinerar sitt land både kulturellt och ekonomiskt...vi har skrikigt i många år nu men svensken vaknar inte utan kallar oss med lustiga namn som foliehatt..SVT och TV och övrig svensk media sprider lögner och förljugen propaganda...så är det!","2048094571318366364","","HybridWarfareX","sv","","0","1","0","https://x.com/undefined/status/2048094571318366364","1471078781247004673",
"2048094567744852127","Sat Apr 25 17:39:31 +0000 2026","0","Nu kan jag vara sopsist på bollen här men jag upptäckte nyss gruppen Relatedy och det är ju min typ av musik.","2048094567744852127","","","sv","","0","0","0","https://x.com/undefined/status/2048094567744852127","1282060872425320448",
"2048094565308284968","Sat Apr 25 17:39:30 +0000 2026","0","Wat een verschil weer met demonstreren tegen AZC s Honden lange lat en zg Romeo Nu met bedjes .. weg tillen https://t.co/z7xbi7VBRq","2048094565308284968","","","nl","","0","0","0","https://x.com/undefined/status/2048094565308284968","2828005320",
"2048094563584152064","Sat Apr 25 17:39:30 +0000 2026","0","Nu tagad viss salikās. Savām hujņām mēģina dot loģisku skaidrojumu. Sliedes uz paeašu arī laikam filtrs.","2048094563584152064","","","lv","","0","0","0","https://x.com/undefined/status/2048094563584152064","1446421436432793601",
"2048028915843932574","Sat Apr 25 17:39:29 +0000 2026","0","@RadenIlham40726 @RickyNSas dasar IQ Jongkok woy KDM jdi Gu hsl Kontestasi demokrasi usungan Partai&amp; duk 70 %lebih Suara Rakyat Jabar Bukan Di Usung Persib...Camkan ya Persib Milik Jabar Baik Warga Maupun Pemerintahannya...naha asa Gumede teuing Hirup Th tuh fikiran mah Nu nyieun kolam renang di imah 5 M","2048094559058690432","","RadenIlham40726","in","","0","0","0","https://x.com/undefined/status/2048094559058690432","1863916141472874496",
"2048031598105276832","Sat Apr 25 17:39:28 +0000 2026","1","@geertwilderspvv @POL_Rotterdam Wat goed van u Geert. Respect voor u dat u dat durft. Nu kan iedereen zien dat het de verkeerde kant opgaat met Nederland. Het is echt niet normaal. Zo snel mogelijk grenzen dicht en COA sluiten.","2048094557460435453","","geertwilderspvv","nl","","0","0","0","https://x.com/undefined/status/2048094557460435453","1825873798429597696",
"2048024095313264862","Sat Apr 25 17:39:25 +0000 2026","0","@vester71 @MiepieB €2 119 hier nu net over de grens. En dan 1 mei nog -0 17","2048094543841558872","","vester71","nl","","0","1","0","https://x.com/undefined/status/2048094543841558872","1654137913792143362",
"2048092208893722952","Sat Apr 25 17:39:25 +0000 2026","0","@boxofficesquare Chances high historic win ah nu therla bro but simple ana logic dhan DMK will start with 1-1.1crore women votes because of 1000rs scheme already 1.31 crs women beneficiary Idhula Vijay fans anti incumbency nu kalicha kuda solid ah 1.1 crore women votes confirm nu nenaikruan","2048094542814212208","","boxofficesquare","en","","0","1","0","https://x.com/undefined/status/2048094542814212208","1870714962701910016",
"2047694514995998814","Sat Apr 25 17:39:20 +0000 2026","0","@japarbiasaAja @RickyNSas https://t.co/yghKu7ylQK deleu we ku sia harurung? pret. sakola alus? pret. ayeuna naon urgensina proyek nutup jalan di hareup gedung sate terus digabung jeung gasibu? anu utama siga kieu wae ge rea nu kacrut. https://t.co/O3DNZBbxm8","2048094520211062826","https://pbs.twimg.com/media/HGxKGT4bAAAIXml.jpg","japarbiasaAja","in","","0","0","0","https://x.com/undefined/status/2048094520211062826","1535992711",
"2048074056168349848","Sat Apr 25 17:39:16 +0000 2026","1","@Vigilante_kjd @Ruutu1331 Illa advance ah irrukatum nu ","2048094507439468976","","Vigilante_kjd","it","","0","0","0","https://x.com/undefined/status/2048094507439468976","1685967302829969408",
"2048081816532259279","Sat Apr 25 17:39:16 +0000 2026","0","@JanetRamesar Wat vreselijk ongeluk gehad? Hoop dat hij nu snel geholpen wordt in Nederland! Wens jullie een goede reis en heel veel beterschap voor je vader! Dat hij spoedig pijnvrij mag zijn ","2048094505258164393","","JanetRamesar","nl","","0","0","0","https://x.com/undefined/status/2048094505258164393","1509109942338396164",
"2047986817690190327","Sat Apr 25 17:39:15 +0000 2026","0","@ThalaGanesh007 Arasiyal venam nu aluthutu ooduna oodukali thana ivan","2048094500992737350","","ThalaGanesh007","in","","0","0","0","https://x.com/undefined/status/2048094500992737350","1427611617890488320",
"2047716508160098440","Sat Apr 25 17:39:15 +0000 2026","0","@abreviat99 @compartuitX @Piticigratis Mie nu mi e frica prietene de rusi eu doar nu sunt cu rusii ca tine.","2048094500489150968","","abreviat99","ro","","0","0","0","https://x.com/undefined/status/2048094500489150968","1386215862688944134",
"2047707829100834848","Sat Apr 25 17:39:12 +0000 2026","0","@puchdakota77 @sptbwrkjgd För mig blir det lite oseriöst att bara testa för att veta. Jag tror de har rätt bra koll på vilken kvalité spelaren är på just nu. Men jag är absolut för att ha på bänken för att slänga in vid ledning t ex mot BP kunde man gjort det. En bra möjlighet att öka spelarens värde.","2048094489852379235","","puchdakota77","sv","","0","0","0","https://x.com/undefined/status/2048094489852379235","1878426665753137152",
"2048094165146223028","Sat Apr 25 17:39:11 +0000 2026","1","#execommunity #exe #nu #exetior","2048094484114632993","","Synergy32X","qht","","0","0","0","https://x.com/undefined/status/2048094484114632993","2038901805430472704",
"2048092835464032418","Sat Apr 25 17:39:09 +0000 2026","0","@_D_R_F Oru hint um illa... Nalaiku periya aal aaiten na intha account la Iruka pazhaya tweet laam kelari viduvangala nu yoschu pathen athaan ipdi oru option iruntha nalla irukum nu thonuchu ","2048094478012125238","","_D_R_F","in","","0","0","0","https://x.com/undefined/status/2048094478012125238","782591292777885696",
"2048094472211231154","Sat Apr 25 17:39:08 +0000 2026","0","Joc periculos: Trump oprește negocierile cu Iranul. „Dacă vor să discute nu trebuie decât să ne sune https://t.co/zP1473AE1r","2048094472211231154","","","ro","","0","0","0","https://x.com/undefined/status/2048094472211231154","722399484949479424",
"2048073711660490935","Sat Apr 25 17:39:07 +0000 2026","3","@DutchKafir Dat was in 1999 al zo toen ik op Charlois Rotterdam Zuid woonden. Een enkele Nederlander in mijn straat de rest was een mengeling van alles. Nu is het geen Nederland meer.","2048094466934718591","","DutchKafir","nl","","0","0","0","https://x.com/undefined/status/2048094466934718591","1938131458146643968",
"2048094464695017789","Sat Apr 25 17:39:06 +0000 2026","0","Wanneer luisteren topmanagers nu eens naar hun personeel? #Openai https://t.co/LyPUBXr6vP","2048094464695017789","https://pbs.twimg.com/media/HGxLDmtacAAoEZo.jpg","","nl","","0","0","0","https://x.com/undefined/status/2048094464695017789","1202198356065476615",
"2047913424579920149","Sat Apr 25 17:39:03 +0000 2026","0","@KintaKunteLiver @LadyMihaelaTarg scuze ca esti retardat in acte nu pe retardatii incercam sa ii insult","2048094449125691693","","KintaKunteLiver","ro","","0","0","0","https://x.com/undefined/status/2048094449125691693","1453834922192474112",
"2047899226743419308","Sat Apr 25 17:39:01 +0000 2026","0","@Mrs_Eleonora_ Geen sorry ik ben redelijk opgedroogd Het zou kunnen toen zo niet ervaren nu ik erover denk zou het kunnen ja ....","2048094441114648762","","Mrs_Eleonora_","nl","","0","0","0","https://x.com/undefined/status/2048094441114648762","365677125",
"2048020112817418473","Sat Apr 25 17:38:59 +0000 2026","0","@SpruytGert @de_NVA @valerievanpeel Is de toestand nu verbeterd of verslechterd?","2048094434890318205","","SpruytGert","nl","","0","1","0","https://x.com/undefined/status/2048094434890318205","1875814715651485696",
"2048094419958554959","Sat Apr 25 17:38:56 +0000 2026","1","Kraftigt stigande kostnader oro på världsmarknaden och låga grund vattennivåer har försatt svenskt lantbruk i ett akut läge. Nu kräver Lantbrukarnas Riksförbund LRF omedelbara krisåtgärder från regeringen https://t.co/ZIGrHu4wL9","2048094419958554959","","","sv","","0","3","1","https://x.com/undefined/status/2048094419958554959","1499365805632495619",
"2048088166066733373","Sat Apr 25 17:38:52 +0000 2026","1","@sprookjesrreal @AT_NL Jaaaa!!! Lekker! En nu heb ik weer trek","2048094403311415527","","sprookjesrreal","nl","","0","0","0","https://x.com/undefined/status/2048094403311415527","4104290487",
"2048092316171210834","Sat Apr 25 17:38:50 +0000 2026","0","@MrFarid Han spelar dock med U21-laget nu åtminstone startade både förra veckan och igår. https://t.co/FiTwAhmFkp","2048094395870609804","","MrFarid","sv","","0","1","0","https://x.com/undefined/status/2048094395870609804","29541144",
"2048024639767466218","Sat Apr 25 17:38:49 +0000 2026","0","@NPORadio1 @Gerbrandy @D66Europees @drKelderenCo Journalisten opgelet: die lening wordt een schenking. U kunt nu uw kritische vragen nog stellen. #BeterTenHalveGekeerd.","2048094394067144943","","NPORadio1","nl","","0","0","0","https://x.com/undefined/status/2048094394067144943","1445134596186812418",
"2048094393585094733","Sat Apr 25 17:38:49 +0000 2026","0","Messages ah like pantu vartaa mamey nu kelambiduven ","2048094393585094733","","","et","","0","0","0","https://x.com/undefined/status/2048094393585094733","1743598851536076800",
