"conversation_id_str","created_at","favorite_count","full_text","id_str","image_url","in_reply_to_screen_name","lang","location","quote_count","reply_count","retweet_count","tweet_url","user_id_str","username"
"2047939598148673707","Sat Apr 25 15:37:22 +0000 2026","0","@kompascom Pemerintah telah merusak harapan anak - anak untuk masa depan","2048063826789314909","","kompascom","in","","0","0","0","https://x.com/undefined/status/2048063826789314909","805142022642204672",
"2048063746351001630","Sat Apr 25 15:37:02 +0000 2026","0","emg yh pemerintah skrng gasuka rakyatnya jadi pinter kah","2048063746351001630","","","in","","0","0","0","https://x.com/undefined/status/2048063746351001630","1419582694715916291",
"2048063734627856447","Sat Apr 25 15:37:00 +0000 2026","0","Apa nggak sebaiknya yang diangkat menjadi duta adalah mereka yang bukan hanya terdaftar tapi juga pengguna BPJS? Semoga beliau bisa menjadi jembatan masyarakat kecil pengguna BPJS kepada pemerintah.","2048063734627856447","","","in","","0","0","0","https://x.com/undefined/status/2048063734627856447","1996251328486711296",
"2048063652604023226","Sat Apr 25 15:36:40 +0000 2026","0","Salut walaupun anda buzzer pemerintah emang sepatutnya jika Salah ya harus dikritik. Tinggal pembela pemerintah lainnya kira² pada bahas MBG si dadan ini tidak karena selama ini pada bela si dadan ","2048063652604023226","","","in","","0","0","0","https://x.com/undefined/status/2048063652604023226","1424573456029347840",
"2048020449700032902","Sat Apr 25 15:36:07 +0000 2026","0","@tempodotco Kalo udah banyak bukti kaya gini dan masih percaya sama pemerintah gila sih","2048063512854094169","","tempodotco","in","","0","0","0","https://x.com/undefined/status/2048063512854094169","1344687351038050311",
"2048063464300752917","Sat Apr 25 15:35:55 +0000 2026","0","Gimana kalo kita mulai ngestan pemerintah lalu kita bikin fandom namanya rawit alias retapan sawit","2048063464300752917","","","in","","0","2","0","https://x.com/undefined/status/2048063464300752917","1912635060077125632",
"2048063460328747510","Sat Apr 25 15:35:54 +0000 2026","0","ih cintanya aku sama pasangan melarat enih(blaming pemerintah for this)","2048063460328747510","","","in","","0","0","0","https://x.com/undefined/status/2048063460328747510","2032815080879042561",
"2048046934485774738","Sat Apr 25 15:35:44 +0000 2026","0","@shinesthue apa itu program pemerintah wkwk","2048063415940424094","","shinesthue","in","","0","0","0","https://x.com/undefined/status/2048063415940424094","1984819548080766976",
"2047578873047749080","Sat Apr 25 15:35:09 +0000 2026","0","@fatur_wae @bangherwin Aceh lagi - Aceh lagi. Piye to pemerintah daerahnya? ","2048063271115383203","","fatur_wae","in","","0","0","0","https://x.com/undefined/status/2048063271115383203","1259465618778013696",
"2048063247211966857","Sat Apr 25 15:35:03 +0000 2026","0","Pemerintah emang seharusnya menyeleksi para pemuka agama agar tidak muncul ustadz² begini. Lebih bagus soal agama tuh Indonesia harus tegas seperti Singapore. Negara juga harus independent tidak berpihak Salah satu","2048063247211966857","","","in","","0","0","0","https://x.com/undefined/status/2048063247211966857","1424573456029347840",
"2048062725360865502","Sat Apr 25 15:34:53 +0000 2026","0","kalau pemerintah ga mau buat demand swasta bisa banget. sebagai contoh yayasan2 konglo bisa buat sekolah dan employ sarjana pendidikan. menguntungkan bagi semua pihak involved","2048063202479812881","","retropersay","in","","0","0","0","https://x.com/undefined/status/2048063202479812881","1429584440154464262",
"2047871821513634019","Sat Apr 25 15:34:42 +0000 2026","0","@caterissparibus umkm ya ini at least min upahnya 50% up dari ump/umk dgn jam kerja 7 jam plus harus kasi mkn/uang mkn istirahat 1x seminggu.. sorry to say rata2 umkm kuliner bnyk sperti ini di kota2 seindonesia itulah hrsny fungsi n peran pemerintah hadir buat hal ini tp kenyataanny sulit","2048063155428073579","","caterissparibus","in","","0","0","0","https://x.com/undefined/status/2048063155428073579","1374525644277571589",
"2048023382550253644","Sat Apr 25 15:33:45 +0000 2026","0","@aniesbaswedan Tiap rencana pemerintah gue dah ga percaya pasti ada hitungan bisnisnya","2048062916826710092","","aniesbaswedan","in","","0","0","0","https://x.com/undefined/status/2048062916826710092","1705600401482088449",
"2048062821108457961","Sat Apr 25 15:33:22 +0000 2026","0","yang relevan dimata pemerintah cuma prodi nyuci ompreng","2048062821108457961","","","in","","0","0","0","https://x.com/undefined/status/2048062821108457961","3123971739",
"2048062725360865502","Sat Apr 25 15:32:59 +0000 2026","0","padahal demandnya bisa dibuat kapan saja sama pemerintah. mala buat program mitra MBG yang nyerap mala kredensial yang tidak jelas","2048062725360865502","","","in","","0","1","0","https://x.com/undefined/status/2048062725360865502","1429584440154464262",
"2048062406308589861","Sat Apr 25 15:31:43 +0000 2026","0","Yuk bijak bersosmed jangan gampang percaya isu bansos dihapus Sebelum share berita pastikan cek dulu ke sumber resmi pemerintah #Saringsebelumsharing #AntiHoaks https://t.co/qpaMbYtFFu","2048062406308589861","https://pbs.twimg.com/media/HGwtYENbkAAiN0D.jpg","","in","","0","0","0","https://x.com/undefined/status/2048062406308589861","2040307084776919040",
"2048062363283374191","Sat Apr 25 15:31:33 +0000 2026","0","BENCI BANGET ANJENG BANCI BANGET BANGSAT KNP LO PADA RAKYAT TIKTOK KLO DIKASIH TAU NGEYEL ANJENGGGGGG knp sampe detik ini yang dimana udah beribu ribu kebobrokan pemerintah masih aja yg bela anjengggggg lu knp goblok bgt mau bela pemerintah asuuuuuuu lu dapet apa celeng","2048062363283374191","","","in","","0","0","0","https://x.com/undefined/status/2048062363283374191","1720832786020626432",
"2048062165756813758","Sat Apr 25 15:30:46 +0000 2026","0","yaudah iya ini kan secara lingkungannya nah skrg jelasin regulasi pemerintah terkait tindak lanjut menjaga lingkungan lewat pajak karbon makasih cad","2048062165756813758","","","in","","0","0","0","https://x.com/undefined/status/2048062165756813758","2028331662359293952",
"2047989940265316848","Sat Apr 25 15:29:44 +0000 2026","0","@direktoridosen Jujur pendidikan relevan kalo ADA LAPANGAN KERJA DAN GAJINYA MANUSIAWI NJIR di negara enih kan guru gajinya amat tidak manusia kaya tenaga kesehatan. Tapi prodi nya buanyakkk apa lagi kedokteran buanyakkkk pengeluarannya alangkah baiknya ya pemerintah bisa evaluasi","2048061908671221900","","direktoridosen","in","","0","1","0","https://x.com/undefined/status/2048061908671221900","2742772104",
"2047140623975846169","Sat Apr 25 15:29:34 +0000 2026","0","@rationyan @arfianamaulinaa Saya pikir salah tukang rujak bang. Masa akuarium dipake nyimpen buah. Ternyata salah pemerintah yah. Wk wk wk","2048061864312295885","","rationyan","in","","0","0","0","https://x.com/undefined/status/2048061864312295885","1667981456990408704",
"2047984904743576056","Sat Apr 25 15:29:24 +0000 2026","0","@antaranirnama 1. Sudah aneh mengaitkan program studi dengan kebutuhan industri kecuali itu vokasi. 2. lulusan keguruan melebihi kebutuhan tetapi mengapa masih ada guru honorer? 3. masalah pada kesiapan pemerintah dalam pemerataan antardaerah sehingga baik industri maupun pekerja mau ke daerah","2048061823711318343","","antaranirnama","in","","0","0","0","https://x.com/undefined/status/2048061823711318343","1655558436288077825",
"2048050243292508230","Sat Apr 25 15:29:06 +0000 2026","0","@drccorubedo Allah bersama wni iblis bersama pejabat pemerintah","2048061748788523363","","drccorubedo","in","","0","0","0","https://x.com/undefined/status/2048061748788523363","1935534721246838786",
"2048061400673894737","Sat Apr 25 15:27:43 +0000 2026","0","Waduh Guru harus benar2 dipagari ini pemerintah. https://t.co/1pNXwcWhQa","2048061400673894737","","","in","","0","0","0","https://x.com/undefined/status/2048061400673894737","1561407859438624773",
"2048061392297853201","Sat Apr 25 15:27:41 +0000 2026","0","iya deh iyaaa krmn sempet live sama beomgyu tuh ga termasuk temen ya? kalau cuma dapet dari KATANYA tuh jangan langsung dipercayaa bisa stop gasih kalian ngetwit jelekin hs mulu deh mending energinya buat jelekin pemerintah lu","2048061392297853201","","","in","","0","1","0","https://x.com/undefined/status/2048061392297853201","1792087105025576960",
"2048061370382594216","Sat Apr 25 15:27:36 +0000 2026","0","apa ya yg membuat pemerintah khususnya presiden tuh kekeuh mempertahankan program ini?","2048061370382594216","","","in","","0","0","0","https://x.com/undefined/status/2048061370382594216","1313160396",
"2048061295749214394","Sat Apr 25 15:27:18 +0000 2026","1","agar semua orang bisa tau pemerintah hanya mengurusi perut mereka sendiri","2048061295749214394","","","in","","0","0","0","https://x.com/undefined/status/2048061295749214394","1680768919752314882",
"2048061244834545966","Sat Apr 25 15:27:06 +0000 2026","0","Dari pada nutup prodi mending lu semua aja yg tutup umur. Udah mah gk relevan ngerusak masa depan bangsa pula. Pemerintah goblok","2048061244834545966","","","in","","0","0","0","https://x.com/undefined/status/2048061244834545966","1555753385198239744",
"2048061195731845154","Sat Apr 25 15:26:54 +0000 2026","0","mau cerdas jangan baca fanfic anyinggg seburuk apa sih pemerintah kita sampe literasi warganya bergantung sama fanfic nsfw omegaverse etc?","2048061195731845154","","","in","","0","0","0","https://x.com/undefined/status/2048061195731845154","1442310576256942085",
"2048061185636106384","Sat Apr 25 15:26:52 +0000 2026","0","Kita harusnya punya pemerintah yg waras kaya gini ga sih guys ","2048061185636106384","","","in","","0","0","0","https://x.com/undefined/status/2048061185636106384","2223049466",
"2048061022813192492","Sat Apr 25 15:26:13 +0000 2026","0","kan emang gitu pak tujuan pemerintah indonesia ! menurunkan kemampuan sdm agar bisa dibodoh in jadi tidak kritis supaya mereka bebas ngapain aja udh kebaca kali pak dari mulai kurikulum dan kebijakan nyeleneh serta pendidikan bukan prioritas","2048061022813192492","","","in","","0","0","0","https://x.com/undefined/status/2048061022813192492","1520634774679089152",
"2048053749898502408","Sat Apr 25 15:26:07 +0000 2026","1","@theajasjus udh saatnya pemerintah buat program ini sih semua perempuan butuh jehi ","2048060996162670790","","theajasjus","in","","0","1","1","https://x.com/undefined/status/2048060996162670790","2043684888524861441",
"2048007407448826298","Sat Apr 25 15:25:29 +0000 2026","0","@WW3_Hotatos @NenkMonica Bisa jadi uang itu untuk membungkam agar tidak vocal mengkritik pemerintah.","2048060838330974661","","WW3_Hotatos","in","","0","0","0","https://x.com/undefined/status/2048060838330974661","1914677410727124993",
"2048054462384877753","Sat Apr 25 15:25:13 +0000 2026","1","@dhemit_is_back @damkarsemarang @Adebhakti Damkar kan salah satu instansi pemerintah berarti si dc ini sudah merugikan dan menipu pemerintah dong bener ga logikanya?? Biar makin kusut tuh si dc..","2048060772069302321","","dhemit_is_back","in","","0","0","0","https://x.com/undefined/status/2048060772069302321","1427421913987510293",
"2048032857491451968","Sat Apr 25 15:25:11 +0000 2026","0","@majaw3634 @darderdor_100x @mrcorleoneeeeee @mrtweepsID @Infernnnooo @Chosultan @bismillahyuk_ @xxxkillua145 @nanyaseadanya @jenniedebtfree @ojkindonesia Ga ada yang bisa diharapkan dari pemerintah kak jaga diri masing-masing!","2048060761721975094","","majaw3634","in","","0","0","0","https://x.com/undefined/status/2048060761721975094","493803552",
"2048059031257043379","Sat Apr 25 15:25:03 +0000 2026","0","@escMAXENCE Hari hari jokes nya pemerintah ","2048060729308406075","","escMAXENCE","in","","0","1","0","https://x.com/undefined/status/2048060729308406075","1103544140954918912",
"2048060704616595837","Sat Apr 25 15:24:57 +0000 2026","0","pemerintah orang gila","2048060704616595837","","","in","","0","0","0","https://x.com/undefined/status/2048060704616595837","1776523283309178880",
"2048060671561269536","Sat Apr 25 15:24:49 +0000 2026","0","pemerintah tolong masukin hari apes ke kalender dong biar kita ada persiapan aja gitu @prabowo izin bapaaakk ","2048060671561269536","","","in","","0","0","0","https://x.com/undefined/status/2048060671561269536","1398104573844197376",
"2048060297580294390","Sat Apr 25 15:23:20 +0000 2026","0","Apasi orang yg mempermasalahkan fanfic nih? Aneh bgt lu. Kalo mau ningkatin literasi masyarakat mah lu kritik pemerintah bukan author fanfic kocak.","2048060297580294390","","","in","","0","0","0","https://x.com/undefined/status/2048060297580294390","1555753385198239744",
"2047992574473023738","Sat Apr 25 15:22:56 +0000 2026","0","abis baca artikelnya dan kesimpulannya memang gini doang memang pendek akalnya pemerintah https://t.co/ZnDROYzTbE","2048060194622738844","https://pbs.twimg.com/media/HGwrtijbwAAUw1q.png","PseudoMonious","in","","0","0","0","https://x.com/undefined/status/2048060194622738844","1862418884",
"2048018168493621674","Sat Apr 25 15:22:23 +0000 2026","0","@rasjawa Kontribusi warga nya kritik dan pengawasan pemerintah na mun teu baleg Ai kudu ngabangun jalan jeung masang lampu mah eta tugas nu dipilih pas pemilu ‍️ Rada aneh buzzer teh https://t.co/OrHukbRA2A","2048060056453906623","https://pbs.twimg.com/tweet_video_thumb/HGwrww-bEAAX3xG.jpg","rasjawa","in","","0","0","0","https://x.com/undefined/status/2048060056453906623","546632795",
"2048058161085772055","Sat Apr 25 15:14:51 +0000 2026","0","Beberapa minggu jelang penyelenggaraan piala dunia 2026 pemerintah Amerika melalui Utusan khusus Presiden AS Donald Trump Paolo Zampolli mengusulkan kepada FIFA agar Iran dicoret dari keikutsertaan dari Piala Dunia 2026 dan digantikan dengan Italia yang kalah di fase playoff. https://t.co/unUKZlzLFR","2048058161085772055","https://pbs.twimg.com/media/HGwpuf7aYAAmAe-.jpg","","in","","0","0","0","https://x.com/undefined/status/2048058161085772055","121640063",
"2048057790137262419","Sat Apr 25 15:14:47 +0000 2026","0","org nganggur bukan krn jurusannta ga sesuai emg lokernya aja yg gaada padahal ya masih dibutuhin aja. heran sama pemerintah yg nalarnya selalu ga dipake solusinya ga menyelesaikan masalah kaya ga dipikir","2048058144178467011","","honeysoobs","in","","0","0","0","https://x.com/undefined/status/2048058144178467011","1117290446168834048",
"2048058035554439514","Sat Apr 25 15:14:21 +0000 2026","0","Ketika pendidikan bukan fokus utama bagi pemerintah ini dia efeknya.","2048058035554439514","","","in","","0","0","0","https://x.com/undefined/status/2048058035554439514","1658063918244446209",
"2047987759172948132","Sat Apr 25 15:13:06 +0000 2026","0","@articoustic Woyy PK PM PU tuh kayak gabungan subtest SAT GMAT dan GRE dan kontolnya pemerintah tuh kayak pengen kita bernalar kayak di luar negeri ngentotot udah tau pendidikan kita masih kurang","2048057722202103965","","articoustic","in","","0","2","0","https://x.com/undefined/status/2048057722202103965","499830853",
"2048057586956837199","Sat Apr 25 15:12:34 +0000 2026","0","Pemerintah yg gak becus ngasih lapangan pekerjaan kok jurusan/prodi2 yg ditutup. Goblok bgt jing","2048057586956837199","","","in","","0","0","0","https://x.com/undefined/status/2048057586956837199","1928531450435149824",
"2048057569919541638","Sat Apr 25 15:12:30 +0000 2026","0","saatnya mengalihfungsikan akun ini sesuai fungsi awal (maki maki pemerintah)","2048057569919541638","","","in","","0","0","0","https://x.com/undefined/status/2048057569919541638","1928418020709568512",
"2047977027811291585","Sat Apr 25 15:11:52 +0000 2026","0","@thunderthieff tetep ke MBG sih aku bukan buzzer pemerintah tapi ekonomi kecil tumbuh pesat akibat MBG","2048057409218949358","","thunderthieff","in","","0","0","0","https://x.com/undefined/status/2048057409218949358","1561674800",
"2048038102686454107","Sat Apr 25 15:11:32 +0000 2026","0","@drccorubedo @artistsbase Apanya yang ini ? Temanya mengkritik pemerintah soalnya. Terus yang kuambil tema ultahnya masa ultah gak senyum ","2048057325198713251","","drccorubedo","in","","0","1","0","https://x.com/undefined/status/2048057325198713251","1495281871315693571",
"2048057302897570008","Sat Apr 25 15:11:26 +0000 2026","0","Pemerintah dongok gak bisa bedain mana yang emang oversupply karena murni kebanyakan stok dan mana yang oversuppy karena kompetensinya tidak terserap dengan maksimal sesuai kebutuhan yang ada. ALIAS PEKOK SUUUU ASU TOLOL GOBLOK OTAK DIPAKE NJING.","2048057302897570008","","","in","","0","1","0","https://x.com/undefined/status/2048057302897570008","1210786724",
"2048057119736533307","Sat Apr 25 15:10:43 +0000 2026","0","buseettt dah serem bgt join go kaya gini perkara ga terima di kritik lgsg doxxing orang persis bgt kelakuan lu kaya pemerintah","2048057119736533307","","","in","","0","0","0","https://x.com/undefined/status/2048057119736533307","1614584491556888579",
"2048057063331532846","Sat Apr 25 15:10:29 +0000 2026","0","barusan diceritain instansi pemerintah ada yg order di pt tempat gua. biasanya ordernya banyak. tapi kali ini sedikit. ternyata anggarannya dipangkas buat embege","2048057063331532846","","","in","","0","0","0","https://x.com/undefined/status/2048057063331532846","1313008339538735110",
"2048056960298504199","Sat Apr 25 15:10:05 +0000 2026","0","Apa lagi pemerintah tai ini bikin kebijakan?","2048056960298504199","","","in","","0","0","0","https://x.com/undefined/status/2048056960298504199","819963980311511041",
"2048056783382675459","Sat Apr 25 15:09:25 +0000 2026","0","Pemerintah daerah pun seharusnya rutin melakukan inspeksi mendadak ke daycare-daycare yang beroperasi. Izin usaha saja tidak cukup. Harus ada standar nasional perlindungan anak yang benar-benar dijalankan bukan hanya di atas kertas.","2048056793675473368","","lasterun_","in","","0","1","0","https://x.com/undefined/status/2048056793675473368","1963297072079409152",
"2048056609155477983","Sat Apr 25 15:09:14 +0000 2026","0","Klo pemerintah licik bisa jadi bakal manipulasi harga sembako utama seperti ayam dan telur biar meredam amukan massa. Hal ini seperti yg dilakukan di turki sekarang","2048056749916303844","","willemjo85977","in","","0","0","0","https://x.com/undefined/status/2048056749916303844","2009957716253650945",
"2048056679141683531","Sat Apr 25 15:08:58 +0000 2026","0","Pemerintah jepang sama korea udh level ngasih tunjangan ke warga negara yg mau nikah. Itupun ga menjamin bisa menaikkan populasi negara. Lah ini malah ngasih kangkung","2048056679141683531","","","in","","0","0","0","https://x.com/undefined/status/2048056679141683531","949870325776265216",
"2047967601704517665","Sat Apr 25 15:08:53 +0000 2026","0","@tempodotco Pertama-tama dan yang paling utama adalah prodi Perencanaan Wilayah dan Kota. Puluhan tahun berdiri hasil kajiannya jarang didengar sama pemerintah untuk penataan kota dan wilayahnya.","2048056658211770699","","tempodotco","in","","0","0","0","https://x.com/undefined/status/2048056658211770699","1004393501696483330",
"2047974955623817621","Sat Apr 25 15:08:35 +0000 2026","0","@LexMarteg Ini kejadian bulan Januari 2026 BGN sudah mengambil tindakan tegas terhadap SPPG yang menyebabkan terjadinya keracunan tersebut. Berbagai langkah perbaikan terus dilakukan oleh pemerintah dan BGN untuk mewujudkan zero keracunan dalam pelaksanaan program MBG. #LanjutkanMBG","2048056585809997953","","LexMarteg","in","","0","0","0","https://x.com/undefined/status/2048056585809997953","921119965",
"2047807643910382021","Sat Apr 25 15:08:30 +0000 2026","0","@mediterariaa_ Klo pemerintah licik bisa jadi bakal manipulasi harga sembako utama seperti ayam dan telur biar meredam amukan massa. Hal ini seperti yg dilakukan di turki sekarang","2048056562003173742","","willemjo85977","in","","0","0","0","https://x.com/undefined/status/2048056562003173742","2009957716253650945",
"2048056535390343183","Sat Apr 25 15:08:23 +0000 2026","0","Tadi di event wonpil ada FGD dan ngebahas alasan gabisa jadi idol Gue : jejak digital sering viral karena ngeluh sistemik dan ngata ngatain pemerintah","2048056535390343183","","","in","","0","1","0","https://x.com/undefined/status/2048056535390343183","1044088117945221120",
"2048056393853489205","Sat Apr 25 15:07:49 +0000 2026","0","Sabtu 25 April 2026 bertempat di Masjid Agung Syahrun Nur Komplek Perkantoran Pemerintah Kabupaten Tapanuli Selatan telah dilaksanakan kegiatan pemberangkatan jamaah calon haji Kabupaten Tapanuli Selatan Tahun 2026. Kepala Kejaksaan Negeri Tapanuli Selatan (c) https://t.co/BdqwFba0UM","2048056393853489205","https://pbs.twimg.com/media/HGwobY8aEAAp_VY.jpg","","in","","0","1","0","https://x.com/undefined/status/2048056393853489205","1227819922350211073",
"2047888108641747129","Sat Apr 25 15:07:28 +0000 2026","0","@txtfromicha @tanyarlfes Emang gw sarkas wkwk gw aja suka kritik pemerintah kok ","2048056304716108095","","txtfromicha","in","","0","0","0","https://x.com/undefined/status/2048056304716108095","1622843803072872448",
"2048056266350895479","Sat Apr 25 15:07:20 +0000 2026","0","Sensus ini penting bagi para pelaku usaha untuk membantu pemerintah memahami kebutuhan dan potensi sektor-sektor usaha Indonesia. Yuk siapkan data usaha Anda dan dukung kelancaran sensus ini! Mari bersama #MencatatEkonomiIndonesia! #SadarStatistik #SE2026 #SensusEkonomi2026","2048056270796820522","","bps_deliserdang","in","","0","0","0","https://x.com/undefined/status/2048056270796820522","1042228474151362560",
"2048056078240448694","Sat Apr 25 15:06:34 +0000 2026","0","????another stupid statement came from pemerintah ih tolol","2048056078240448694","","","en","","0","0","0","https://x.com/undefined/status/2048056078240448694","1258269518171795456",
"2048056044501545249","Sat Apr 25 15:06:26 +0000 2026","0","mending lu ngomong gini ke pemerintah aja sob krn tugas pemerintah utk mencerdaskan bangsa bukan tugas author fanfic homo mpreg aboverse","2048056044501545249","","","in","","0","1","0","https://x.com/undefined/status/2048056044501545249","1245309669276438533",
"2048053906073407894","Sat Apr 25 15:06:15 +0000 2026","1","if u tried to blame authors for said minim literasi dan akses yang terbatas untuk membaca lu bisa arahin mata dan pikiran lu ke pemerintah. u are the one that needs more education reading comprehension is ZERO.","2048055998305480829","","ruinedhymn","in","","0","1","0","https://x.com/undefined/status/2048055998305480829","2266562250",
"2048055881183764739","Sat Apr 25 15:05:53 +0000 2026","0","Digitalisasi ini juga buka pintu bagi petani dan peternak lokal untuk jadi pemasok nasional. Dengan tata kelola modern pemerintah tak hanya penuhi gizi bangsa tapi juga gerakkan ekonomi akar rumput secara nyata dan berkelanjutan. 🇮🇩 #PetaniLokal https://t.co/nbyVFwdFYL","2048055906429239649","https://pbs.twimg.com/media/HGwn-ija8AABAA-.jpg","indonesiago_id","in","","0","0","0","https://x.com/undefined/status/2048055906429239649","1166311360898072577",
"2048055743555981729","Sat Apr 25 15:05:14 +0000 2026","0","haii new moots maaf ya akun ini kadang suka kayak orang gila yapping sunoo butuh asupan sunshine di tengah pemerintah yg bikin pusying ini ","2048055743555981729","","","in","","0","3","0","https://x.com/undefined/status/2048055743555981729","1170959518890545152",
"2048049361968636220","Sat Apr 25 15:05:14 +0000 2026","0","@nasiberkats Huhu bgsttt SEKALINYA VIRAL NGATAIN PEMERINTAH","2048055740267692104","","nasiberkats","in","","0","1","0","https://x.com/undefined/status/2048055740267692104","1869735376623226881",
"2048055710764900411","Sat Apr 25 15:05:07 +0000 2026","1","Please kalau emang terjadi Cukup pemerintah dan 2 org itu aja yg kena Masyarakat luas jgn ya Pemimpin dan wakil kan sepaket tolong turun bersama","2048055710764900411","","","in","","0","0","0","https://x.com/undefined/status/2048055710764900411","1954208236443467776",
"2047583008044318831","Sat Apr 25 15:05:00 +0000 2026","0","@susno2g Sangat setuju negara ini mau dibawa ke arah keinginan pemerintah diluar rel konstitusi contoh BoP satu blok dgn pelaku genosida dan mau didikte AS sang presidennya ala teroris","2048055684403720394","","susno2g","in","","0","0","0","https://x.com/undefined/status/2048055684403720394","1485686832306454529",
"2048055654418678081","Sat Apr 25 15:04:53 +0000 2026","0","Repost from @diskominfosantikkalteng Selamat &amp; sukses atas diraihnya penghargaan National Governance Award 2026 oleh Pemerintah Provinsi Kalimantan Tengah pada kategori Pendidikan https://t.co/kHQfZBu8S0","2048055654418678081","https://pbs.twimg.com/media/HGwnsE7bcAAZdQH.jpg","","in","","0","0","0","https://x.com/undefined/status/2048055654418678081","1824094975531081728",
"2048055584562528761","Sat Apr 25 15:04:37 +0000 2026","0","Personel Batalyon B Pelopor Satbrimob Polda Papua Barat melaksanakan giat perawatan kebun sebagai wujud dukungan terhadap Program Pemerintah di bidang ketahanan pangan guna mendorong kemandirian pangan dan kesejahteraan masyarakat. Sabtu 25 April 2026 https://t.co/eGDHeOdm63","2048055584562528761","https://pbs.twimg.com/media/HGwnrmtasAA9lpq.jpg","","in","","0","0","0","https://x.com/undefined/status/2048055584562528761","1890672909573836800",
"2048055569605611923","Sat Apr 25 15:04:34 +0000 2026","0","Aku ga peduli diserang lagi emang iya kok penulis fiksi gaada beban moral buat ke masyarakat. Kalo mau belajar moral mah dari kehidupan sendiri pencarian identitas atau kepercayaan. Penegakan moral itu urusannya PEMERINTAH dan NEGARA.","2048055573833474405","","newerblood","in","","0","1","0","https://x.com/undefined/status/2048055573833474405","1821464734572720128",
"2048055560218780079","Sat Apr 25 15:04:32 +0000 2026","0","readers punya power penuh buat stop atau skip baca kalo dirasa tulisannya ga sesuai moralitas pribadi atau sesimple ga masuk sm gaya tulisan penulis. kita punya tenaga pendidik untuk mendidik tp pemerintah menghardik tenaga pendidik ya gmn ya","2048055564769567101","","arzavie","in","","0","0","0","https://x.com/undefined/status/2048055564769567101","1383836999493165056",
"2048055560218780079","Sat Apr 25 15:04:31 +0000 2026","0","ada pilihan buat keritik kebijakan pemerintah tp dia milih ngekritik penulis fanfic okay klo yg dikritik soal hal2 yg menyangkut tulisannya tp sampe beban moral diberatkan ke penulis fanfic tuh rasanya ga etis.","2048055560218780079","","","in","","0","1","0","https://x.com/undefined/status/2048055560218780079","1383836999493165056",
"2048055550928392383","Sat Apr 25 15:04:29 +0000 2026","0","gw yg baca fanfik karena orang aslinya kena ban pemerintah ga bisa interaksi irl jadi cuma bisa mengandalkan fanfik","2048055550928392383","","","in","","0","0","0","https://x.com/undefined/status/2048055550928392383","1030496847163404288",
"2048055464064393721","Sat Apr 25 15:04:08 +0000 2026","0","@Montageify nyapu pemerintah yang suka korupsi mungkin:V","2048055464064393721","","Montageify","in","","0","0","0","https://x.com/undefined/status/2048055464064393721","2036490135400009728",
"2048055436960800970","Sat Apr 25 15:04:01 +0000 2026","0","ANJING WUAKAKAK fakultas penggerak massa demo dibubarin sm pemerintah biar gada yg protes lagi dan mrk bisa semakin leluasa berbuat semena ke rakyat dgn bikin kebijakan ngaco ","2048055436960800970","","","in","","0","0","0","https://x.com/undefined/status/2048055436960800970","1461145927180177416",
"2048055261831790667","Sat Apr 25 15:03:20 +0000 2026","0","inilah akibat pemerintah pikir pendek dan mau solusi instan pdhl akar masalahnya adalah negara belum mampu menciptakan lapangan kerja yang beragam kampus dipaksa jd balai latihan kerja bukan think-tank dan ekonomi stagnan jd org pintar gbs berkarya ","2048055261831790667","","","in","","0","1","0","https://x.com/undefined/status/2048055261831790667","1257565076296364034",
"2048055196937548286","Sat Apr 25 15:03:04 +0000 2026","0","kayanya para pemerintah itu harus mendalami buku ini beserta judul nya deh","2048055196937548286","","","in","","0","0","0","https://x.com/undefined/status/2048055196937548286","1831339366876344320",
"2047995503284195645","Sat Apr 25 14:55:16 +0000 2026","1","@DedynurPalakka @KerjaHasil_id @sociotalker @sociotalker itu emang udh ga waras Tp gak penting jg sik toh masy luas jg udh tahu kedengkian hatinya Di level elite jg dia GA di anggep jd bisanya cuma jd tkg hoax keliling Gw rasa udh di blacklist jg di brbagai Instansi Pemerintah &amp; Perush2 korporat karena adatnya dengki!","2048053232937935061","","DedynurPalakka","in","","0","0","0","https://x.com/undefined/status/2048053232937935061","1660654948244234249",
"2048053210775253386","Sat Apr 25 14:55:11 +0000 2026","0","mengonfirmasi kalo sebenernya pemerintah bisa kasih dana yg cukup atau bahkan lebih buat pendidikan dan kesehatan tapi kalo gamau ya ga akan jadi","2048053210775253386","","","in","","0","0","0","https://x.com/undefined/status/2048053210775253386","1593511563721572353",
"2048053150670794927","Sat Apr 25 14:54:56 +0000 2026","0","Sekecil apapun infonya saring dulu sebelum sharing Terutama yang soal bansos dari pemerintah #AntiHoaks https://t.co/zXwjSHRi3P","2048053150670794927","https://pbs.twimg.com/media/HGwlcSkbEAAAukM.jpg","","in","","0","0","0","https://x.com/undefined/status/2048053150670794927","2040309444169318400",
"2047817036198543482","Sat Apr 25 14:54:47 +0000 2026","0","@Sachiku17 @SumandoGaek Harus Pemerintah mengusahakan pengolahan sendiri tanpa tergantung luar Anak negri banyak ko yg pinter. Pemerintah nya yg gaK tanggap dari dulu yg untung ya broker² nya. Coba bikin Refinery sendiri mau dapet cuan dari mana tu broker² yg bercokol di dalam pemerintahan??","2048053111629971515","","Sachiku17","in","","0","0","0","https://x.com/undefined/status/2048053111629971515","2449475149",
"2048052700240368100","Sat Apr 25 14:53:09 +0000 2026","0","sebagai mahasiswa prodi pendidikan INI STATEMENT RAGEBAIT PEMERINTAH YG BENER2 BIKIN GW KESEL SIH NDER KEK RENDAH BNGT PENDIDIKAN DIMATA MEREKA ANJG https://t.co/c9M8viINMF","2048052700240368100","https://pbs.twimg.com/media/HGwlE0QawAE_lIV.jpg","","in","","0","0","0","https://x.com/undefined/status/2048052700240368100","2026248856359653377",
"2047997518731215195","Sat Apr 25 14:53:08 +0000 2026","1","@NenkMonica Masalahnya umat sudah tidak percaya pengelolaan oleh pemerintah akan amanah!!!","2048052698420003194","","NenkMonica","in","","0","0","2","https://x.com/undefined/status/2048052698420003194","1722427699791368192",
"2047856448730972450","Sat Apr 25 14:52:19 +0000 2026","0","@LambeSahamjja Itulah antek antek asing yang sebenarnya gak usah jauh nyasar ke lsm dengan narasi dibayar soros dll musuh lu itu kebanyakan ada di dalam instansi pemerintah itu sendiri wkwk","2048052492479742196","","LambeSahamjja","in","","0","0","0","https://x.com/undefined/status/2048052492479742196","2012459083039670272",
"2048052451635585458","Sat Apr 25 14:52:10 +0000 2026","0","Bisa ga sehari aja ga ada keputusan aneh dan bego dari pemerintah ","2048052451635585458","","","in","","0","0","0","https://x.com/undefined/status/2048052451635585458","1064583348478038017",
"2048052229882732746","Sat Apr 25 14:52:01 +0000 2026","0","Pemerintah terus memperkuat sistem mitigasi dan penanganan bencana. Melalui Kemenko PMK penguatan peran komunitas juga terus didorong karena lingkungan yang siaga lahir dari masyarakat yang saling peduli dan terhubung. https://t.co/Na67puIPwl","2048052414746685833","https://pbs.twimg.com/media/HGwkz-2aAAA8bMm.jpg","kemenkopmk","in","","0","1","0","https://x.com/undefined/status/2048052414746685833","2461082029",
"2047901339305570400","Sat Apr 25 14:51:50 +0000 2026","0","@RaidenKevin17 Tentunya kita semua mendukung agar pemerintah bisa membangun infrastruktur di seluruh Indonesia sedangkan MBG adalah investasi untuk menciptakan generasi penerus bangsa yang sehat kuat dan tangguh. #LanjutkanMBG","2048052369062248911","","RaidenKevin17","in","","0","0","0","https://x.com/undefined/status/2048052369062248911","921119965",
"2048051735814652226","Sat Apr 25 14:51:32 +0000 2026","0","Jangan biarkan keunikan produk daerahmu pudar. Kemenkum Jabar siap membantu Pemerintah Desa di Kabupaten Bandung dalam mendokumentasikan Kekayaan Intelektual Komunal agar diakui secara resmi oleh negara. Kemenkum Jabar - Asep Sutandar.","2048052292960850076","","kemenkumjabar","in","","0","0","0","https://x.com/undefined/status/2048052292960850076","1177725229",
"2048052276938576142","Sat Apr 25 14:51:28 +0000 2026","0","Soal skor literasi warga dan akses susah ke bacaan mah lu protesnya sama pemerintah woi. Penulis fanfic nulis juga ga dibayar yakali harus ketambahan beban moral macam ini. Manusia kenapa sih suka aneh-aneh.","2048052276938576142","","","in","","0","0","0","https://x.com/undefined/status/2048052276938576142","51642131",
"2048051816877920308","Sat Apr 25 14:51:16 +0000 2026","0","Mana bener kata orang yang dihighlight lagi-lagi sosial sama pendidikan ya karena lulusan mereka ini yang biasanya melahirkan musuh baru bagi pemerintah.","2048052225520619539","","uvojura","in","","0","0","0","https://x.com/undefined/status/2048052225520619539","1901997348525588480",
"2048052194856054957","Sat Apr 25 14:51:08 +0000 2026","0","gk SIAP pasti SUMUK banget nnti badan PLIKET mandi 10x pun tidak BERASA karena PANAS bngettt emng semua salah pemerintah","2048052194856054957","","","in","","0","0","0","https://x.com/undefined/status/2048052194856054957","1445170347687366661",
"2048052188463948061","Sat Apr 25 14:51:07 +0000 2026","0","kenapa ya gapernah gitu denger berita baik dari pemerintah lololololol","2048052188463948061","","","in","","0","0","0","https://x.com/undefined/status/2048052188463948061","1586869683373776897",
"2048052131777954235","Sat Apr 25 14:50:53 +0000 2026","0","Alrigjt jujur gw gangerti industri yang dimaksud pemerintah itu apa maaf i dont really understand what are they trynna say","2048052131777954235","","","in","","0","0","0","https://x.com/undefined/status/2048052131777954235","1741460503367647232",
"2048052105282494520","Sat Apr 25 14:50:47 +0000 2026","0","nah inilah salah satu contoh kegagalan pemerintah dalam meningkatkan skor literasi warganya teman-teman","2048052105282494520","","","in","","0","0","0","https://x.com/undefined/status/2048052105282494520","1657346053887385600",
"2047976106889007346","Sat Apr 25 14:50:34 +0000 2026","1","@kompascom Mencari Ilmu aja dibatasi sm pemerintah. Ini melanggar UUD 45 ngak? membatasi pendidikan? Tpi klu memang ini kejadian hukum sih yg harus dihapuskan aplgi hukum konsitusi &amp; tata negara. Soalnya ngak ada gunanya pemerinth udh makar konsitusi tpi kyk ngak ad maslh.","2048052052572754027","","kompascom","in","","0","0","0","https://x.com/undefined/status/2048052052572754027","1161981135972290561",
"2048051973044506789","Sat Apr 25 14:50:15 +0000 2026","0","Pemerintah bisa stop ga si dzolim dan jahat nya ya Allah udh ga sanggup bgt liat kelakuan lu semua sumpah. smg yg jahat dzolim dll beneran ga diampuni dosa-dosanya ya Allah ya rabb kalo bisa selamanya mereka di neraka mu aja ya Allah kami gada yg mau mengampuni dosa2 mereka","2048051973044506789","","","in","","0","0","0","https://x.com/undefined/status/2048051973044506789","1880588975905329152",
"2048051943717884059","Sat Apr 25 14:50:09 +0000 2026","0","saya kasar bukan karena saya baddie. saya kasar karena pemerintah kasar sama saya","2048051943717884059","","","in","","0","0","0","https://x.com/undefined/status/2048051943717884059","1472612986791489540",
"2048050529344143436","Sat Apr 25 14:44:31 +0000 2026","0","Pemerintah Berduka atas Kembali Gugurnya Personel RI di Lebanon Beri Penghormatan Setinggi-tingginya Jakarta Pemerintah Indonesia menyampaikan duka cita atas gugurnya Prajurit Kepala (Praka) Rico Pramudia anggota Pasukan Perdamaian PBB di Lebanon (United Nations Interim https://t.co/497e8ACDoD","2048050529344143436","https://pbs.twimg.com/amplify_video_thumb/2048050464177147904/img/_fe-XmHcDIh8R3jB.jpg","","in","","0","0","1","https://x.com/undefined/status/2048050529344143436","121640063",
"2048043891249852656","Sat Apr 25 14:44:27 +0000 2026","0","@renrennn_101 bener banget padahal seni indo kalo dimanfaatin dengan bener potensinya gede banget tapi yah pemerintah ga peduli","2048050512239682026","","renrennn_101","in","","0","0","0","https://x.com/undefined/status/2048050512239682026","1597952605690294272",
"2047687235416588744","Sat Apr 25 14:43:58 +0000 2026","0","@Arfannn1 @FDonghun Solihun mah memang Ndak expert bidang gituan istri nya doi Kan ASN jadi Ndak berani Kritisi pemerintah malah melintir terus","2048050391729000777","","Arfannn1","in","","0","0","0","https://x.com/undefined/status/2048050391729000777","118266819",
"2048050369784426637","Sat Apr 25 14:43:53 +0000 2026","0","Pemerintah matangkan skema KDMP dengan dukungan Rp40 triliun siapkan 35 ribu tenaga kerja untuk dorong ekonomi desa yang berkelanjutan. #koperasidesamerahputih #mbg #bgn #kdmp #prabowo https://t.co/cd3bLWMpf2","2048050369784426637","https://pbs.twimg.com/media/HGwi9GFbEAEe1aI.jpg","","in","","0","0","0","https://x.com/undefined/status/2048050369784426637","2039618725264101376",
"2048050332215984262","Sat Apr 25 14:43:45 +0000 2026","0","Nah kelebihan pemerintah untuk markup harga itu ya dari e-katalog disitu aplikasi beli2 barangnya Mau lu minta 1 laptop thinkpad 100jt juga tinggal request ","2048050337014276436","","lancashire1878_","in","","0","1","0","https://x.com/undefined/status/2048050337014276436","1629982821812166656",
"2048050332215984262","Sat Apr 25 14:43:44 +0000 2026","0","Pemerintah itu selalu pilih yang enterprise nah harganya ini tergantung vendor.. Kalo tender biasanya adu pelicin + koneksi + harga Kalo mau bongkar harus tau dulu vendornya siapa kalo dah tau vendornya siapa gampang nyarinya karena ruang lingkup IT itu kecil ","2048050332215984262","","","in","","0","1","0","https://x.com/undefined/status/2048050332215984262","1629982821812166656",
"2048050154738192664","Sat Apr 25 14:43:02 +0000 2026","11","Dengar-dengar Indonesia lagi bikin langkah gede buat ngamanin energi nasional. Lewat diplomasi Presiden Prabowo Subianto ke Moskow pemerintah kabarnya berhasil mengamankan 150 juta barel minyak mentah dari Rusia. https://t.co/jjKSrud5yT","2048050154738192664","https://pbs.twimg.com/media/HGwiuwla8AAKG6G.jpg","","in","","0","1","0","https://x.com/undefined/status/2048050154738192664","2036773237959589888",
"2047687235416588744","Sat Apr 25 14:42:46 +0000 2026","0","@ph4n_ @FDonghun Memang selama ini Pemerintah Kompeten ? Wong banyak pencitraan Dan ABS yang ada Video di atas ya kebutuhan Konten citra Visual nanti juga kembali ke Setelan Pabrik Numpuk di Gudang Sampai Belatung ditimbun","2048050089076433162","","ph4n_","in","","0","0","0","https://x.com/undefined/status/2048050089076433162","118266819",
"2047923958025261561","Sat Apr 25 14:42:40 +0000 2026","0","@taqibalqibul 4 6. bisa nabung di 2 jt pas itu (sekarang udh gabisa pemerintah anj) ongkos sehari 20rb jajan 10rb mentok frugal parah generally ga hepi tapi hepinya pas uangnya bener2 kepake di kondisi darurat. ini hanya berlaku buat yg gapunya backup klo w anak orkay mah ogah","2048050061872181397","","taqibalqibul","in","","0","0","0","https://x.com/undefined/status/2048050061872181397","1962475191201857536",
"2048050048416780660","Sat Apr 25 14:42:37 +0000 2026","0","pemerintah dzolim bangettttttttt","2048050048416780660","","","in","","0","0","0","https://x.com/undefined/status/2048050048416780660","1301505604368785408",
"2048049920754762174","Sat Apr 25 14:42:06 +0000 2026","0","Bener bener dah ini pemerintah rasanya dah gak ada tenaga buat misuhinnya","2048049920754762174","","","in","","0","0","0","https://x.com/undefined/status/2048049920754762174","1267606125429452800",
"2048049878610436184","Sat Apr 25 14:41:56 +0000 2026","3","Sekolah Rakyat Ringankan Beban Ibu di Pati yang Hidupi Anak Seorang Diri Pati - Sri Wahyuni ibu tunggal asal Desa Pelemgede di Kabupaten Pati merasa sangat bersyukur karena anaknya bisa bersekolah gratis di Sekolah Rakyat yang didirikan pemerintah. Sehari-hari Sri bekerja https://t.co/lRQUHjjPX3","2048049878610436184","https://pbs.twimg.com/amplify_video_thumb/2048049769306832896/img/zf5yPJ6VYGMjoGCP.jpg","","in","","0","0","0","https://x.com/undefined/status/2048049878610436184","121640063",
"2047948732805607512","Sat Apr 25 14:41:03 +0000 2026","0","@ARSIPAJA Rakyat minta Pemerintah serius menangani SPPG yang mengecewakan. Jangan akting di Media Mainstream.","2048049654332637640","","ARSIPAJA","in","","0","0","0","https://x.com/undefined/status/2048049654332637640","1245292566053978114",
"2048049519179526172","Sat Apr 25 14:40:30 +0000 2026","0","Klo pemerintah cina se anti itu sama tampilan cowok yang terlalu feminim di dunia entertaiment kenapa mereka ga coba ngembangin industri perfilman ala hongkong lagi....","2048049519179526172","","","in","","0","0","0","https://x.com/undefined/status/2048049519179526172","1106005995895939072",
"2048049389084750037","Sat Apr 25 14:39:59 +0000 2026","0","Kasih Paham Pak Anis. Di masa siapa dan kapan sih pemerintah memprioritaskan bidang pendidikan sebagai yang utama? Ini investasi jangka panjang lohhh rugi klo hal ini dipandang sebelah mata. Cobalah bercermin dari Negara Iran Singapura Jepang dll yang kuncinya di pendidikan.","2048049389084750037","","","in","","0","0","0","https://x.com/undefined/status/2048049389084750037","1259633965192937472",
"2048049358541935013","Sat Apr 25 14:39:52 +0000 2026","0","dosa apa ya punya pemerintah buang2 duit bukan buat prioritas","2048049358541935013","","","in","","0","0","0","https://x.com/undefined/status/2048049358541935013","2020168410026622977",
"2048049322198237277","Sat Apr 25 14:39:43 +0000 2026","0","spd banyak dikurangin karena katanya oversupplyya lu banyakin lapangan kerjanya kocakga pernah ga bodoh jadi pemerintah","2048049322198237277","","","in","","0","1","0","https://x.com/undefined/status/2048049322198237277","1169825147798208513",
"2048049287024857157","Sat Apr 25 14:39:35 +0000 2026","0","Desakkan Agar Pemerintah Dapat Menjaga Daya Beli Masyarakat https://t.co/iOcQXP6yY6","2048049287024857157","","","in","","0","0","0","https://x.com/undefined/status/2048049287024857157","788744100",
"2048049235254501558","Sat Apr 25 14:39:23 +0000 2026","0","eh sehari satu berita buruk aja udah lebih dari cukup ini kenapa banya bener sihhh berita buruknyaaaa @ pemerintah","2048049235254501558","","","in","","0","0","0","https://x.com/undefined/status/2048049235254501558","1157144532",
"2048015858690097213","Sat Apr 25 14:39:17 +0000 2026","0","@anfess_ bapaknya polisi tiap hari ngeliat kasus kriminal ga kelar2 kek anak muda idealis ngeliat pemerintah skrg la. Ada trigger ryuk ngasih tu death note","2048049211388912060","","anfess_","in","","0","0","0","https://x.com/undefined/status/2048049211388912060","235854777",
"2048025661063966785","Sat Apr 25 14:39:11 +0000 2026","0","@setyamickala Sempet kepikiran loh orang orang yg naikin harga produk mereka itu apa mereka mau aji mumpung ya kalau naikin harga nanti kan yg disalahin pemerintah ","2048049183970718158","","setyamickala","in","","0","0","0","https://x.com/undefined/status/2048049183970718158","1900959002512814082",
"2048049169106121201","Sat Apr 25 14:39:07 +0000 2026","0","Pemerintah Indonesia menyampaikan duka cita atas gugurnya Prajurit Kepala Rico Pramudia anggota Pasukan Perdamaian PBB di Lebanon setelah menjalani perawatan intensif akibat luka berat dari insiden ledakan artileri pada akhir Maret 2026. Pemerintah menegaskan penghormatan https://t.co/K2CIi9Te24","2048049169106121201","https://pbs.twimg.com/amplify_video_thumb/2048048993973010432/img/cJbC6JbZKEI8oCt8.jpg","","in","","0","0","1","https://x.com/undefined/status/2048049169106121201","18071520",
"2047563995553657130","Sat Apr 25 14:39:06 +0000 2026","0","@dinnah_ @kenhans03 Yang pasti bukan pemilik kantin dan tukang makanan gerobak disekolah. Semoga itu orang2 gak pilih Partai2 yang ada sebagai pendukung pemerintah termasuk pdip pks dan nasdem.. dan gak pilih presiden dan wapres dari partai2 itu.","2048049164098089468","","dinnah_","in","","0","0","0","https://x.com/undefined/status/2048049164098089468","2030667815355895808",
"2047812837549162561","Sat Apr 25 14:39:02 +0000 2026","0","@CrafterVib Kebanyakan sampah plastik sangat berdampak buruk pemerintah&amp; masyarakat jg tdk jeli mengurai sampah tersebut.","2048049148717650227","","CrafterVib","in","","0","0","0","https://x.com/undefined/status/2048049148717650227","1963641939712249858",
"2048049145706164633","Sat Apr 25 14:39:01 +0000 2026","0","Kenapa ya ada aja orang yg GENGSI BANGET MINTA MAAF DAN MENGAKUI KESALAHAN??? Sama kaya pemerintah mental cupu tukang gaslight. Eww..","2048049145706164633","","","in","","0","0","0","https://x.com/undefined/status/2048049145706164633","1480780715734142976",
"2048049072452583771","Sat Apr 25 14:38:44 +0000 2026","0","Program KDMP disiapkan dengan perencanaan matang pemerintah targetkan 35 ribu tenaga kerja jadi penggerak ekonomi desa berbasis sistem yang transparan dan berkelanjutan. #koperasidesamerahputih #mbg #bgn #kdmp #prabowo https://t.co/QNjDexsqYs","2048049072452583771","https://pbs.twimg.com/media/HGwhxjxbsAAebhU.jpg","","in","","0","0","0","https://x.com/undefined/status/2048049072452583771","2039618725264101376",
"2048049052206629287","Sat Apr 25 14:38:39 +0000 2026","0","Karena kalo rakyatnya pintar jadi masalah buat pemerintah","2048049052206629287","","","in","","0","0","0","https://x.com/undefined/status/2048049052206629287","331387476",
"2048044942023622983","Sat Apr 25 14:38:17 +0000 2026","0","@salttcha ada hacker kan beneran ada mau legal/ilegal tapi ya gak begitu juga anjg tolol bgt pemerintah lu","2048048959881719817","","salttcha","in","","0","0","0","https://x.com/undefined/status/2048048959881719817","1519760018769281024",
"2048048954919776272","Sat Apr 25 14:38:16 +0000 2026","0","BUKA TWT KEK PINGIN MARAHHHHH TAPI MARAH GAYA GIMANA LAGI YA ANJENGGGGG CAPEK BGT LIAT KETOLOLAN PARA BJINGAN ITUH ALIAS PEMERINTAH BLOON","2048048954919776272","","","in","","0","0","0","https://x.com/undefined/status/2048048954919776272","1333218077396275202",
"2048048877841113216","Sat Apr 25 14:37:58 +0000 2026","0","Iblis kalah ama kalian bgst!!!! Yg ky gini harusnya pemerintah cmpur tgn blacklist biar ga bs krja dimanapun!!!","2048048877841113216","","","in","","0","0","0","https://x.com/undefined/status/2048048877841113216","102607171",
"2048048501146452454","Sat Apr 25 14:36:28 +0000 2026","1","Soroti Potensi Pelanggaran Pemerintah Tegaskan Jangan Ada Pungutan Biaya Tambahan ke Jemaah Haji Jakarta - Demi meningkatkan kenyamanan jemaah haji dalam beribadah pemerintah menegaskan kepada Kelompok Bimbingan Haji dan Umrah (KBIHU) agar tidak memungut biaya tambahan kepada https://t.co/Yv0cLc42U4","2048048501146452454","https://pbs.twimg.com/media/HGwhQT2bEAA0BTO.jpg","","in","","0","0","1","https://x.com/undefined/status/2048048501146452454","121640063",
"2048048374927237228","Sat Apr 25 14:35:58 +0000 2026","0","Aku kegencet sama kemalasanku dan keputusan pemerintah","2048048374927237228","","","in","","0","0","0","https://x.com/undefined/status/2048048374927237228","110917809",
"2048048311962325473","Sat Apr 25 14:35:43 +0000 2026","0","contoh skor literasi warga tersebut adalah elu karena konteks awalnya adalah dldr untuk fiksi tema problematik. lu ada gila-gilanya naikkin skor literasi wni dibebanin ke author fiksi lu minta ke pemerintah lah anj fiksi dd:dne lagi yang lu dapetin secara cuma-cuma","2048048311962325473","","","in","","0","1","0","https://x.com/undefined/status/2048048311962325473","1101013865767157765",
"2046418579328049563","Sat Apr 25 14:34:44 +0000 2026","0","@imwidodo @jenoojenm @naay_killa @wiyokooo Di 1900-an sampe 1920an kota2 kayak Cirebon Semarang dan Surabaya memang dibangun pemerintah kolonial jadi sentra2 perekonomian.","2048048066247426068","","imwidodo","in","","0","0","0","https://x.com/undefined/status/2048048066247426068","1684412479974309889",
"2048047864082006191","Sat Apr 25 14:33:56 +0000 2026","0","banyak ya allah pendidikan area wilayah yg terpencil/dihutan gitu umr indo YA ALLAH MASIH BANYAK GASI?? cuman pemerintah aja malas gerak ke lapangan","2048047864082006191","","","in","","0","0","0","https://x.com/undefined/status/2048047864082006191","2031993475164749835",
"2047535943717109786","Sat Apr 25 14:33:43 +0000 2026","0","@iameditedsoul @Milantoon @rylverria Aku bukannya bela pemerintah tapi maksud dia itu pemerintah ingin bangun akses jalan tol contohnya untuk memudahkan akomodasi tapi malah banyak yg komen Kami gak makan jalan tol . Padahal secara gk lgsg makanan &amp; kebutuhan mereka bisa ada karena salah satunya lewat jln tol","2048047810004787252","","iameditedsoul","in","","0","1","0","https://x.com/undefined/status/2048047810004787252","1197684403595403264",
"2048047796469866707","Sat Apr 25 14:33:40 +0000 2026","1","Danantara Indonesia menjadi langkah konkret pemerintah dalam mengoptimalkan aset negara untuk mendorong pertumbuhan ekonomi yang berkelanjutan. #DanantaraIndonesia #InvestasiStrategis #IndonesiaMaju https://t.co/kYvfDSUjLX","2048047796469866707","https://pbs.twimg.com/media/HGwgnWWboAAr9A8.jpg","","in","","0","0","0","https://x.com/undefined/status/2048047796469866707","1318795611680899072",
"2048047739968352512","Sat Apr 25 14:33:26 +0000 2026","1","Melalui Danantara pemerintah memperkuat investasi nasional agar lebih produktif dan berdampak langsung bagi kesejahteraan masyarakat. #DanantaraIndonesia #InvestasiStrategis #IndonesiaMaju https://t.co/SlK6ZY1wec","2048047739968352512","https://pbs.twimg.com/media/HGwgkPTboAAoTgB.jpg","","in","","0","0","0","https://x.com/undefined/status/2048047739968352512","1318795611680899072",
"2048047674386219098","Sat Apr 25 14:33:11 +0000 2026","0","Sudah banyak jutaan penerima manfaat MBG yang menjadi program unggulan pemerintah","2048047674386219098","","","in","","0","0","0","https://x.com/undefined/status/2048047674386219098","1544350441592369152",
"2048047654333219206","Sat Apr 25 14:33:06 +0000 2026","0","ngeluh di sg kalo aku beli tahu walik 10 ribu tapi kurang 2 dan cuma dapet 8... ternyata skrg 10 ribu isinya emang cuma 8 pemerintah ajg https://t.co/tH5Y1hVYzS","2048047654333219206","https://pbs.twimg.com/media/HGwgfDIa4AAuold.jpg","","in","","0","0","0","https://x.com/undefined/status/2048047654333219206","1993265011419234308",
"2047936025708867907","Sat Apr 25 14:33:04 +0000 2026","0","@0xprettygirl_ OALAAH...SIAL AMAT HIDUP INI.. PAGI SIANG MALEM DI PRANK PEMERINTAH.. GILIRAN MAU SANTAI EH DI PRANK ANAK SEKOLAHAN.. ","2048047646695428289","","0xprettygirl_","in","","0","0","0","https://x.com/undefined/status/2048047646695428289","1729331733160767488",
"2047674793617772608","Sat Apr 25 14:33:01 +0000 2026","0","@manchildddd_ @KAI121 @KAI121 TINDAK DENGAN TEGAS DONG INSTANSI PEMERINTAH MENORMALISASI LIVING TOGETHER MAU JADI APA INDOENSIA INI","2048047633487495531","","manchildddd_","in","","0","0","0","https://x.com/undefined/status/2048047633487495531","1576122876339445760",
"2048047632388596207","Sat Apr 25 14:33:01 +0000 2026","0","Pemerintah finalisasi skema operasional KDMP secara hati-hati untuk memastikan pengelolaan Rp40 triliun tepat sasaran dan berkelanjutan. #mbg #bgn #kdmp #koperasidesamerahputih https://t.co/tk9CVSFdmQ","2048047632388596207","https://pbs.twimg.com/media/HGwgdxWbAAAZm4J.jpg","","in","","0","0","0","https://x.com/undefined/status/2048047632388596207","2039618725264101376",
"2048047611412983969","Sat Apr 25 14:32:56 +0000 2026","0","Sudah banyak jutaan penerima manfaat MBG yang menjadi program unggulan pemerintah","2048047611412983969","","","in","","0","0","0","https://x.com/undefined/status/2048047611412983969","1544350441592369152",
"2048047596518920483","Sat Apr 25 14:32:52 +0000 2026","0","Ya lu gatau arti sebenernya dari DLDR kan? Ini tu sama aja buat milah yang gak suka dibanding malah ngedrag karya fanfiksi. Oh kalo mau naikin literasi yang rendah harusnya salahin PEMERINTAH dong bukan si penulis fanfiksi itu sendiri. Mereka nulis karna suka bukan dibayar","2048047596518920483","","","in","","0","0","0","https://x.com/undefined/status/2048047596518920483","1172503660183478273",
"2048047547772711295","Sat Apr 25 14:32:40 +0000 2026","0","Sudah banyak jutaan penerima manfaat MBG yang menjadi program unggulan pemerintah","2048047547772711295","","","in","","0","0","0","https://x.com/undefined/status/2048047547772711295","1544350441592369152",
"2048047482916204746","Sat Apr 25 14:32:25 +0000 2026","0","Sudah banyak jutaan penerima manfaat MBG yang menjadi program unggulan pemerintah","2048047482916204746","","","in","","0","0","0","https://x.com/undefined/status/2048047482916204746","1544350441592369152",
"2047627503825785227","Sat Apr 25 14:32:17 +0000 2026","0","@ishkaratoji834 @lostranslation5 Mau enak ? 1. Repelita di tekankan lagi 2. APBN lebih ranah industrial 3. Gak perlu proteksi tapi lebih imvestasi terbuka 4. Premanisme dihajar 5. Sentralisasi pemerintah pusat","2048047449265062057","","ishkaratoji834","in","","0","1","0","https://x.com/undefined/status/2048047449265062057","1886581890498662400",
"2047986124665360604","Sat Apr 25 14:32:07 +0000 2026","0","@Dipdimhuhuhiha susahnya ya bukannya gw dukung pemerintah tapi gw dah liat lgsg gimana susahnya temen dari jurusan yg mon maap agak kurang buat dpaet kerja. Kalo dibuka asal an dan banyak orang gatau dan ketrap ama kuliah doang kasihan ortu bayar mahal tapi ga sesuai ekspetasj","2048047407502618968","","Dipdimhuhuhiha","in","","0","0","0","https://x.com/undefined/status/2048047407502618968","1908261655903166468",
"2048047379509817444","Sat Apr 25 14:32:00 +0000 2026","0","baca neehhh orang2 tone deaf gk napak tanah ituuuuuu yang biasa hidup ber privilegeeee. dikiranyeee harga apa apa naik bukan grgr pemerintah trs gara2 apee cong","2048047379509817444","","","in","","0","0","0","https://x.com/undefined/status/2048047379509817444","187424665",
"2048047351160619250","Sat Apr 25 14:31:54 +0000 2026","1","Sinergi dengan Pemerintah Desa Mekarmaju membuktikan bahwa Kemenkum Jabar peduli hingga ke pelosok. Kami ingin setiap pengrajin tradisional merasa dihargai dan dilindungi hak kekayaan intelektualnya oleh negara. Kemenkum Jabar - Asep Sutandar.","2048047351160619250","","","in","","0","9","0","https://x.com/undefined/status/2048047351160619250","1177725229",
"2048023146201301244","Sat Apr 25 14:31:36 +0000 2026","1","@NSRobina emang pemerintah indonesia ini kadang gak ada bedanya sama bencana alam","2048047277412081907","","NSRobina","in","","0","0","0","https://x.com/undefined/status/2048047277412081907","1862418884",
"2048047242922381470","Sat Apr 25 14:31:28 +0000 2026","0","Sebagai manusia yang liat uang nganggur sedikit sudah kegatelan dg lihat nominalnya aja gua udah bisa bayangin gua bakal taruh investasi mana+bisa prediksi perkiraan returnnya dalam beberapa detik mikir. Pemerintah lihat duit segede ini kenapa sll gatelnya foya2 sih Gapaham gue","2048047242922381470","","","in","","0","0","0","https://x.com/undefined/status/2048047242922381470","1075992539293876224",
"2047542812783383030","Sat Apr 25 14:31:27 +0000 2026","0","@asengryanAW Artinya pemerintah berhasil","2048047240170889271","","asengryanAW","in","","0","1","0","https://x.com/undefined/status/2048047240170889271","4754238736",
"2047843343712002124","Sat Apr 25 14:30:53 +0000 2026","1","@Bambangmulyonoo @prabowo Ya bs. Karena mungkin pemerintah menerapkan pengecilan uang dari 100000 jd 10 rb. ","2048047098642526265","","Bambangmulyonoo","in","","0","0","0","https://x.com/undefined/status/2048047098642526265","1726265270539603968",
"2048046867515404552","Sat Apr 25 14:29:58 +0000 2026","0","Gue beneran sedih banget liat berita ya Allah... sepanjang scrolling gak ada berita baik yang ada cuma kebobrokan pemerintah dari berbagai angle","2048046867515404552","","","in","","0","0","0","https://x.com/undefined/status/2048046867515404552","106669046",
"2047117000317743513","Sat Apr 25 14:29:09 +0000 2026","0","@wima69 G lah sama aja kayak lo yg perhatian ke pak jokowi dan pemerintah bang. Cuma saking perhatianya kalian smpe lupa ngaca prilaku kalian sendiri","2048046660086092087","","wima69","in","","0","0","0","https://x.com/undefined/status/2048046660086092087","1675977787520479234",
"2047976482895798334","Sat Apr 25 14:29:04 +0000 2026","0","@noboru42256 Pemerintah dan BGN terus melakukan evaluasi dan perbaikan secara menyeluruh agar terwujud pelaksanaan program MBG yang semakin baik dan berkualitas. #LanjutkanMBG","2048046641824022666","","noboru42256","in","","0","0","0","https://x.com/undefined/status/2048046641824022666","1437422527744135172",
"2048046578787823793","Sat Apr 25 14:28:49 +0000 2026","0","Instead of limiting it like this it would be better to expand the scope of the work. emang negara rusak anjing. it's NOT about the major is the PROBLEM. but YOU pemerintah kontol. bukannya bebenah diri malah buat bisa2 nya buat kebijakan kayak gini???? ga ada otak","2048046578787823793","","","in","","0","0","0","https://x.com/undefined/status/2048046578787823793","1371895797810307073",
"2048046521552453897","Sat Apr 25 14:28:36 +0000 2026","0","Kalo lu bisa naikin gaji dosen 200% pecatin semua dosen outdate datengin 10 pemenang nobel buat ngajar disini investasi besar di RnD skala industri + murahin biaya kuliah semua prodi pasti kena seleksi alam sendiri. Itu contoh pemerintah yg kerjanya bener ygy ","2048046521552453897","","","in","","0","0","0","https://x.com/undefined/status/2048046521552453897","1480573032410218496",
"2047878504025632996","Sat Apr 25 14:28:19 +0000 2026","1","@vicko_twitt Ah media itu awalnya gw suka ama media itu karena bahas parkir liar tapi lama lama malah bikin kampanye mendukung program pemerintah yg g jelas wkwkw sebenarnya mau bagus atau jelek harus di eval malah bikin film pendek buat stimulus otak penonton kalau mbg kayak program suci","2048046450827993506","","vicko_twitt","in","","0","0","0","https://x.com/undefined/status/2048046450827993506","1078858783567183872",
"2047967601704517665","Sat Apr 25 14:27:06 +0000 2026","0","@tempodotco emg pemerintah nih semangat bgt dah kerjanya kl buat urusan musnahin orang pinter","2048046143599472654","","tempodotco","in","","0","0","0","https://x.com/undefined/status/2048046143599472654","1371342470521364480",
"2048046134791393683","Sat Apr 25 14:27:04 +0000 2026","0","Redam Dampak Avtur Mahal Pemerintah Tanggung PPN Tiket Pesawat 60 Hari https://t.co/xi2v9kWyOd","2048046134791393683","","","in","","0","0","0","https://x.com/undefined/status/2048046134791393683","135795460",
"2048046096656810118","Sat Apr 25 14:26:54 +0000 2026","0","Sampai sekarang imo Jakarta punya kemampuan fiskal yg tumpah2 dibandingkan dgn luas wilayah makanya bisa buat Transum se-oke itu. Belum lagi pusat pemerintahan di sana juga jadi banyak support dari pemerintah pusat dan sumber pendanaan lain.","2048046096656810118","","","in","","0","1","0","https://x.com/undefined/status/2048046096656810118","65229426",
"2047976106889007346","Sat Apr 25 14:26:52 +0000 2026","0","@kompascom Begaya pemerintah ngomongin masa depan kyk punya masa depan aja ni negara.","2048046086946984431","","kompascom","in","","0","0","0","https://x.com/undefined/status/2048046086946984431","137244946",
"2048045932680519690","Sat Apr 25 14:26:15 +0000 2026","0","Saking pengennya baca artikel baik dari pemerintah habiskan aja gue kebacanya hasilkan.","2048045932680519690","","","in","","0","0","0","https://x.com/undefined/status/2048045932680519690","1746061422491230208",
"2048045925436936329","Sat Apr 25 14:26:14 +0000 2026","0","emang udah ga ada harapan lagi ama pemerintah indo","2048045925436936329","","","in","","0","0","0","https://x.com/undefined/status/2048045925436936329","1752235637028401152",
"2048045649933799901","Sat Apr 25 14:25:08 +0000 2026","0","Anggep aja Bambang Pamungkas. Dipanggilnya bang mie ayamnya 1 kaya biasa ya. Sehari-hari bukan dagang mie ayam bukan juga main bola melainkan memasak pemerintah. Sudah siap memasak pemerintah bersama saya? -rl https://t.co/K1bCd52EhG","2048045649933799901","https://pbs.twimg.com/media/HGweqmAXgAAXrtE.jpg","","in","","0","11","0","https://x.com/undefined/status/2048045649933799901","1245422978990362624",
"2048045646234747186","Sat Apr 25 14:25:07 +0000 2026","0","Ud kaya pemerintah minta minta duit tp rakya gatau tuh duit nanti jadi apa","2048045646234747186","","","in","","0","0","0","https://x.com/undefined/status/2048045646234747186","1292083360768995329",
"2048045271565922484","Sat Apr 25 14:24:54 +0000 2026","1","Baksos kerjasama WALUBI Pemerintah Kec Tembarak &amp; MWC NU Tembarak. meliputi: - Pemeriksaan Umum - Pemeriksaan Labs (kolesterol asam urat diabetes) - Pemeriksaan Gigi (cabut tambal pembersihan karang) - Pembagian Kacamata Baca - Pemberian Kursi Roda Sabtu 25 April 2026 https://t.co/lbtqjVzogm","2048045591457120423","https://pbs.twimg.com/media/HGwenCPbUAAd5R4.jpg","JatengWalubi","in","","0","0","0","https://x.com/undefined/status/2048045591457120423","1078014765367095296",
"2048045567721492899","Sat Apr 25 14:24:48 +0000 2026","0","Gw masih penasaran Ibu Mega di-DO itu apa bener tekanan pemerintah atau malas kuliah?","2048045567721492899","","","in","","0","0","0","https://x.com/undefined/status/2048045567721492899","3284232205",
"2048045271565922484","Sat Apr 25 14:24:27 +0000 2026","1","Baksos kerjasama WALUBI Pemerintah Kec Tembarak &amp; MWC NU Tembarak. meliputi: - Pemeriksaan Umum - Pemeriksaan Labs (kolesterol asam urat diabetes) - Pemeriksaan Gigi (cabut tambal pembersihan karang) - Pembagian Kacamata Baca - Pemberian Kursi Roda Sabtu 25 April 2026 https://t.co/yi8ACCdVgO","2048045479343300742","https://pbs.twimg.com/media/HGwefYybMAER4Hm.jpg","JatengWalubi","in","","0","1","0","https://x.com/undefined/status/2048045479343300742","1078014765367095296",
"2048045271565922484","Sat Apr 25 14:24:03 +0000 2026","0","Baksos kerjasama WALUBI Pemerintah Kec Tembarak &amp; MWC NU Tembarak. meliputi: - Pemeriksaan Umum - Pemeriksaan Labs (kolesterol asam urat diabetes) - Pemeriksaan Gigi (cabut tambal pembersihan karang) - Pembagian Kacamata Baca - Pemberian Kursi Roda Sabtu 25 April 2026 https://t.co/XynmgvJYd4","2048045378382217231","https://pbs.twimg.com/media/HGweaNkbsAA8VPk.jpg","JatengWalubi","in","","0","1","0","https://x.com/undefined/status/2048045378382217231","1078014765367095296",
"2048045361529590197","Sat Apr 25 14:23:59 +0000 2026","0","Wkwkwkwk knp lembaga pemerintah g bnr mulu dah","2048045361529590197","","","in","","0","0","0","https://x.com/undefined/status/2048045361529590197","124357023",
"2048045271565922484","Sat Apr 25 14:23:40 +0000 2026","0","Baksos kerjasama WALUBI Pemerintah Kec Tembarak &amp; MWC NU Tembarak. meliputi: - Pemeriksaan Umum - Pemeriksaan Labs (kolesterol asam urat diabetes) - Pemeriksaan Gigi (cabut tambal pembersihan karang) - Pembagian Kacamata Baca - Pemberian Kursi Roda Sabtu 25 April 2026 https://t.co/PEPaiCYCxR","2048045280801726575","https://pbs.twimg.com/media/HGweVBgbgAA-wLC.jpg","JatengWalubi","in","","0","1","0","https://x.com/undefined/status/2048045280801726575","1078014765367095296",
"2048045263030513818","Sat Apr 25 14:23:36 +0000 2026","0","Sehari aja gaada berita buruk dari pemerintah kayanya mukjizat deh","2048045263030513818","","","in","","0","0","0","https://x.com/undefined/status/2048045263030513818","2039011251221569536",
"2048031331712692361","Sat Apr 25 14:23:31 +0000 2026","0","186/ Kegiatan ini menjadi bukti nyata bahwa pemerintah hadir untuk Kanwil Kemenkum Babel #KementerianHukum #LayananHukumMakinMudah #KanwilKemenkumBabel Kanwil Babel Pasti Kredibel","2048045244269420954","","kemenkumbabel","in","","0","1","0","https://x.com/undefined/status/2048045244269420954","1787299092491866112",
"2048045215307763858","Sat Apr 25 14:23:24 +0000 2026","0","MALAS KALIIII AKUUU BACA BERITA PEMERINTAH INI","2048045215307763858","","","in","","0","1","0","https://x.com/undefined/status/2048045215307763858","3227648136",
"2048045205941858645","Sat Apr 25 14:23:22 +0000 2026","0","Pemerintah Jepang pangkas biaya paspor guna meningkatkan jumlah pemegang paspor dan mendorong anak muda untuk rajin ke luar negeri. https://t.co/GDsjscrUH6","2048045205941858645","","","in","","0","0","0","https://x.com/undefined/status/2048045205941858645","454647489",
"2047977593287389615","Sat Apr 25 14:23:17 +0000 2026","2","@SyukronAlh @dokterparu lalu kalau merugi dana yg menutup dari mana? dari pemerintah? pemerintah uang darimana? yups pajak rakyat.","2048045183435256274","","SyukronAlh","in","","0","0","0","https://x.com/undefined/status/2048045183435256274","1244890876544868352",
"2048045161205338339","Sat Apr 25 14:23:11 +0000 2026","1","mending pemerintah yang pada tutup usia lu semua ga guna dihari ini dan dimasa depan.","2048045161205338339","","","in","","0","0","0","https://x.com/undefined/status/2048045161205338339","1493479950443515904",
"2048044940631159213","Sat Apr 25 14:22:19 +0000 2026","0","nih negara memang gk butuh guru ya? saking gk sukanya sama guru tuh prodinya terancam ditutup. pemerintah anjing.","2048044940631159213","","","in","","0","0","0","https://x.com/undefined/status/2048044940631159213","1308574878853865480",
"2047849211639759066","Sat Apr 25 14:22:06 +0000 2026","0","@angga_fzn Keluar kata kata kasar ke pemerintah","2048044887153819736","","angga_fzn","in","","0","0","0","https://x.com/undefined/status/2048044887153819736","2009082685747249152",
"2048044692143825161","Sat Apr 25 14:21:31 +0000 2026","0","Pemerintah pls pemerintah anjggg","2048044740403499065","","mochiemei","in","","0","0","0","https://x.com/undefined/status/2048044740403499065","1908523000548515841",
"2048044665862234215","Sat Apr 25 14:21:15 +0000 2026","0","Bisa jadi bahasan akademik tapi tetep ya bukan ranah utamanya mencerdaskan bangsa. Fanfic ini for fun aja... Kalo warga susah mau ningkatin literasi ya salah pemerintah noh kurikulum diutak atik terus2an akses gk merata fasilitas gk lengkap pula hadeuh","2048044674775134248","","y_haandsome","in","","0","0","0","https://x.com/undefined/status/2048044674775134248","1164782054220845058",
"2048044522190536902","Sat Apr 25 14:20:39 +0000 2026","0","Gada berita baik ya akhir2 ini. Semarahnya sama pemerintah ini lebih lagi. Lgsg nangis abis liat kaki anak2nya diikat kain cuma dipakein pampers gak dipakein baju ditelantarin gt aja mana banyak lebam2nya yaa Allah kok bisa separah itu hati mereka pada dimana ya","2048044522190536902","","","in","","0","1","0","https://x.com/undefined/status/2048044522190536902","432535582",
"2048044185241125037","Sat Apr 25 14:20:21 +0000 2026","0","emg pemerintah gamau negara ini berpendidikan gw rasa","2048044445157949761","","O4O3O627","in","","0","0","0","https://x.com/undefined/status/2048044445157949761","1490858788949471232",
"2048043339639885849","Sat Apr 25 14:20:14 +0000 2026","0","@yappingfess di layanan kampus aja nder atau lembaga yg diakui pemerintah (selain toefl yg jutaan itu)","2048044415101607966","","yappingfess","in","","0","0","0","https://x.com/undefined/status/2048044415101607966","1284460807514779648",
"2047915926125989898","Sat Apr 25 14:19:45 +0000 2026","0","@KakekHalal Bisa/mau tidak @DPR_RI minta atau perintahkan Pemerintah (KPK/BPK) utk mengaudit BGN dan KDMP?","2048044293412323733","","KakekHalal","in","","0","0","0","https://x.com/undefined/status/2048044293412323733","716300942056894464",
"2047881345024864307","Sat Apr 25 14:19:32 +0000 2026","0","@Ari3Ghozi @KakekHalal Selama yg 16% dan 24% masih makan beras hasil Swasembada pangan pemerintah. Demo dan narasi apapun gak akan berhasil.","2048044241545510936","","Ari3Ghozi","in","","0","1","0","https://x.com/undefined/status/2048044241545510936","267593372",
"2048044226278265251","Sat Apr 25 14:19:29 +0000 2026","0","Gw nonton podcast horror papua bukannya takut malah marah krn bisa2nya papua belom dapet listrik sama internet. KEMANA AJA PEMERINTAH? UDAH 2026 ini blegug!","2048044226278265251","","","in","","0","0","0","https://x.com/undefined/status/2048044226278265251","1299684884294725632",
"2048044223799365650","Sat Apr 25 14:19:28 +0000 2026","0","Semua Program Studi Itu Bermanfaat Tinggal Manusianya Saja Bermanfaat Atau Tidak Manusia Tergantung Dari Kebijakan Pemerintah Yg Tidak Relevan &amp; Tidak Bermanfaat Sejatinya Adalah Pemerintah","2048044223799365650","","","in","","0","0","0","https://x.com/undefined/status/2048044223799365650","1867514840031592448",
"2047967601704517665","Sat Apr 25 14:19:22 +0000 2026","0","@natzudragn40357 @tempodotco Emang lebih cepet Ditunggu Kiamatnya keknya daripada ditunggu Beresinnya Sampe Dajjal Turun bagi bagi Embege jg Pemerintah masih sibuk Bagi bagi Jabatan","2048044199946375194","","natzudragn40357","in","","0","1","0","https://x.com/undefined/status/2048044199946375194","1729528402892480513",
"2048043893200146569","Sat Apr 25 14:18:09 +0000 2026","0","negara ini emang pengen warganya bodoh biar semua hal dikuasain sama sekeluarga sepertemanan pemerintah","2048043893200146569","","","in","","0","0","0","https://x.com/undefined/status/2048043893200146569","2284790479",
"2048043868596445314","Sat Apr 25 14:18:03 +0000 2026","0","Desentralisasi Otonomi Harus Nyata Pemerintah Bukan Malah Memperkuat Sentralisasi. https://t.co/LX1YbcYQi6 https://t.co/ulp3zf4OxS","2048043868596445314","https://pbs.twimg.com/media/HGwdC27aYAAv1ov.jpg","","in","","0","0","0","https://x.com/undefined/status/2048043868596445314","1443801854756880385",
"2048043825818673285","Sat Apr 25 14:17:53 +0000 2026","0","Kalau gini bakal bnyk prodi di uwin yg tutup monyeett jan gt laah monyeettt. Mending lu bukaa 19 jt lapangan pekerjaan yg dijadiin pemerintah dongo","2048043825818673285","","","in","","0","0","0","https://x.com/undefined/status/2048043825818673285","1561343728002170882",
"2048043822027092153","Sat Apr 25 14:17:52 +0000 2026","0","Semua Program Studi Itu Bermanfaat Tinggal Manusianya Saja Bermanfaat Atau Tidak Manusia Tergantung Dari Kebijakan Pemerintah Yg Tidak Relevan Sejatinya Adalah Pemerintah","2048043822027092153","","","in","","0","0","0","https://x.com/undefined/status/2048043822027092153","1867514840031592448",
"2047938669475144137","Sat Apr 25 14:17:52 +0000 2026","0","@Goo9le_Fiv3 Giliran sepi nanti malah nangis dan ngadu ke pemerintah. Lagu lama udah basi! ","2048043820491932064","","Goo9le_Fiv3","in","","0","0","0","https://x.com/undefined/status/2048043820491932064","1847644911631552515",
"2047881907225215160","Sat Apr 25 14:17:42 +0000 2026","0","@whitedodo @MurtadhaOne1 Selama Mahasiswa yg mau demo masih makan beras hasil Swasembada pangan Pemerintah ini yang demo akan di tertawakan oleh Semesta.","2048043778775404620","","whitedodo","in","","0","0","0","https://x.com/undefined/status/2048043778775404620","267593372",
"2048043711385510029","Sat Apr 25 14:17:26 +0000 2026","0","Iya pls. Asli gue ke kantor pemerintah pusat kaga ada yang punya duit selain instansi 3 huruf. Pemerintah udah semiskin itu. Gue aja takut anjir","2048043711385510029","","","in","","0","0","0","https://x.com/undefined/status/2048043711385510029","1884174636411412484",
"2048043643379069233","Sat Apr 25 14:17:10 +0000 2026","1","pemerintah dengan skill issuenya","2048043643379069233","","","in","","0","0","0","https://x.com/undefined/status/2048043643379069233","1762640199463661568",
"2047881907225215160","Sat Apr 25 14:17:01 +0000 2026","0","@ruhulanakgaul @MurtadhaOne1 @Duren___ Selama Mahasiswa yg mau demo masih makan beras hasil Swasembada pangan Pemerintah ini yang demo akan di tertawakan oleh Semesta.","2048043606045573523","","ruhulanakgaul","in","","0","0","0","https://x.com/undefined/status/2048043606045573523","267593372",
"2047338318019657987","Sat Apr 25 14:16:52 +0000 2026","1","@cloeverquin @hamabemnm @HSmanmore Tindakan Pemerintah: Kasus ini memicu respons nasional. Menteri Pendidikan saat itu menekankan bahwa sekolah negeri tidak boleh mewajibkan atribut keagamaan tertentu bagi siswa yang berbeda agama. Hal ini dianggap sebagai bentuk intoleransi dan pelanggaran terhadap kebhinekaan","2048043568548487279","","cloeverquin","in","","0","2","0","https://x.com/undefined/status/2048043568548487279","1611067064722284545",
"2048043535212195966","Sat Apr 25 14:16:44 +0000 2026","0","yg katanya penguasa bumi GEMES BGT ANJR EMG BOLEH SM PEMERINTAH","2048043535212195966","","","in","","0","0","0","https://x.com/undefined/status/2048043535212195966","1186954173419421697",
"2048033479632564723","Sat Apr 25 14:16:41 +0000 2026","0","@semakinisasi mirip pemerintah yg nempelin telapak pdhl itu yutub","2048043523937800221","","semakinisasi","in","","0","0","0","https://x.com/undefined/status/2048043523937800221","1496846381436534786",
"2047881907225215160","Sat Apr 25 14:16:27 +0000 2026","0","@Duren___ @MurtadhaOne1 @komangharsa78 Selama Mahasiswa yg mau demo masih makan beras hasil Swasembada pangan Pemerintah ini yang demo akan di tertawakan oleh Semesta.","2048043464173220005","","Duren___","in","","0","0","0","https://x.com/undefined/status/2048043464173220005","267593372",
"2048043434624377151","Sat Apr 25 14:16:20 +0000 2026","0","gw sebagai calon guru merasa sakit bgt KONTOLLLL PEMERINTAH ANJINGGGGGGG ARGHH adek... nakk nanti kalo ibu udh jadi guru ibu mau di lancarkan di mudahkan di beri jalan untuk mendidik kalian","2048043434624377151","","","in","","0","0","0","https://x.com/undefined/status/2048043434624377151","2006632908535246856",
"2048043325480116453","Sat Apr 25 14:15:54 +0000 2026","1","Koalisi Masyarakat Sipil untuk Reformasi Sektor Keamanan menolak Rancangan Peraturan Pemerintah (RPP) Tugas TNI (tertanggal 9 April 2026) sebagai turunan dari ketentuan Pasal 7 ayat (4) UU No. 34 Tahun 2004 jo. UU No. 3 Tahun 2025 tentang TNI https://t.co/m0e17Rl5JG","2048043325480116453","https://pbs.twimg.com/media/HGwcinnacAAyQC6.jpg","","in","","0","0","0","https://x.com/undefined/status/2048043325480116453","2025275682344108032",
"2048034457178005892","Sat Apr 25 14:15:27 +0000 2026","0","@LokoJoyo81 Percuma ditayangin pemerintah tutup mata apalagi curut BGN??","2048043214272405536","","LokoJoyo81","in","","0","0","0","https://x.com/undefined/status/2048043214272405536","1701647494655139841",
"2048043197386162494","Sat Apr 25 14:15:23 +0000 2026","1","Ini mah upaya untuk mempergoblok bangsa. disuruh belajar buat nyari duit dan memperkaya pemodal doang. Intelektualitas dibunuh biar nggak ada yg ngeh lagi jahatnya pemerintah kayak apa","2048043197386162494","","","in","","0","0","0","https://x.com/undefined/status/2048043197386162494","1910331000972103680",
"2047881907225215160","Sat Apr 25 14:15:05 +0000 2026","0","@anto_ws @MurtadhaOne1 Selama Mahasiswa yg mau demo masih makan beras hasil Swasembada pangan Pemerintah ini yang demo akan di tertawakan oleh Semesta.","2048043121729212813","","anto_ws","in","","0","0","0","https://x.com/undefined/status/2048043121729212813","267593372",
"2048043003139498380","Sat Apr 25 14:14:38 +0000 2026","0","makanya kl jd pemerintah yg bener ajg minimal punya solusi buat keresahan warga krn hidup di sini hampir 100% bakal selalu kena masalah","2048043007417733355","","jenaislefou","in","","0","0","0","https://x.com/undefined/status/2048043007417733355","1697242806564372480",
"2048043003139498380","Sat Apr 25 14:14:37 +0000 2026","0","hrsnya pemerintah buka lebih banyak lapangan kerja biar sesuai sm prodi-prodi yg dibilang 'gak relevan'. trs gaji guru dinaikin dulu kalo emg cm butuh 20k calon guru pikirin jg lulusan keguruan lainnya bisa disalurkan ke mana (selain sekolah).","2048043003139498380","","","in","","0","1","0","https://x.com/undefined/status/2048043003139498380","1697242806564372480",
"2047304515897250111","Sat Apr 25 14:14:30 +0000 2026","0","btw aku paling ga suka tipikal antagonis seperti fulwish yang mainnya media dan opini publik mirip pemerintah aja. ","2048042972873400430","","su7day","in","","0","1","0","https://x.com/undefined/status/2048042972873400430","1850826386807951360",
"2048042964589658394","Sat Apr 25 14:14:28 +0000 2026","0","Penguatan Kesiapsiagaan Hadapi Musim Kemarau dan El Nino Pemerintah Gelar Apel Siaga Karhutla https://t.co/f8OX153UUP","2048042964589658394","","","in","","0","0","0","https://x.com/undefined/status/2048042964589658394","1632918924",
"2048042947430715496","Sat Apr 25 14:14:24 +0000 2026","0","tiap hari ada aja gebrakan gobloknya dr pemerintah","2048042947430715496","","","in","","0","0","0","https://x.com/undefined/status/2048042947430715496","1990585444669816832",
"2048032204274782644","Sat Apr 25 14:13:56 +0000 2026","0","@ryujimint_xx intinya pemerintah kita gamau susah padahal bisa memperluas jangkauan lapangan kerja jadi semua sarjana bisa kebagian porsi masing2. bahkan yang ga sesuai jurusan pun ga akan mengganggu memang kalo dipikir2 susah tapi masa negara gapunya solusi untuk hal begitu","2048042833576353908","","ryujimint_xx","in","","0","1","0","https://x.com/undefined/status/2048042833576353908","1272729757189201920",
"2048042784796655672","Sat Apr 25 14:13:45 +0000 2026","0","TOKEN Temukan Obati dan Kendalikan Kasus Malaria. Simak Video berikut ini untuk mengetahui cara menurunkan kasus Malaria. Follow @dinkesprovkalteng untuk dapat informasi tentang kesehatan &amp; edukasi program Pemerintah Provinsi Kalteng lainnya #kaltengberkah #kaltengmaju https://t.co/9ukjKat4vi","2048042784796655672","https://pbs.twimg.com/amplify_video_thumb/2048040714211389440/img/6zZCsY02Op9amNv-.jpg","","in","","0","0","0","https://x.com/undefined/status/2048042784796655672","722024040102174720",
"2048042672045347004","Sat Apr 25 14:13:18 +0000 2026","1","dari beberapa Koperasi dampingan dan Dinkopnya. Katanya Pemerintah Pusat gak percaya sama Dinkop dan jajarannya goblok kan","2048042672045347004","","","in","","0","0","0","https://x.com/undefined/status/2048042672045347004","1115211027992309760",
"2048042658409664792","Sat Apr 25 14:13:15 +0000 2026","0","Saatnya pemerintah berhenti memaksakan anggaran MBG fokus menata keuangan negara dan mengutamakan program yang benar benar berkelanjutan bagi rakyat https://t.co/Po0GPxxbYF","2048042658409664792","https://pbs.twimg.com/ext_tw_video_thumb/2048042617066430464/pu/img/WlyjGCosH2hoUo8P.jpg","","in","","0","0","0","https://x.com/undefined/status/2048042658409664792","40486186",
"2048042539228532773","Sat Apr 25 14:12:46 +0000 2026","0","emang jagoan bgt pemerintah ini kompakan semua mau bu//nuh masyarakat dalam kecepatan full speed ini mah","2048042539228532773","","","in","","0","0","0","https://x.com/undefined/status/2048042539228532773","1449614901828153344",
"2048042412183085190","Sat Apr 25 14:12:16 +0000 2026","0","Pemerintah = maling pajak","2048042412183085190","","","in","","0","0","0","https://x.com/undefined/status/2048042412183085190","1268696265086234624",
"2047651926272344229","Sat Apr 25 14:12:14 +0000 2026","0","@awikuchuz Berasnya ternyata d timbun ya Pak @prabowo ? Yg akibatnya harga beras naik terus. Ini Pemerintah sengaja cari uang gt ya Pak dr jualan beras? Msh bnyk yg kelaparan Pak jgn d timbun beras itu rusak lapuk dn tak berguna. Gmn Mas @PurbayaYudhi ?! Knp beras d timbun? Ra bener blas","2048042403966415282","","awikuchuz","in","","0","0","0","https://x.com/undefined/status/2048042403966415282","1655848158457638912",
"2048020449700032902","Sat Apr 25 14:12:13 +0000 2026","0","@tempodotco Emang ya si palkon bener2 Ahhh ngentot punya pemerintah gini amat","2048042399780556951","","tempodotco","in","","0","0","0","https://x.com/undefined/status/2048042399780556951","500785767",
"2048041456619909266","Sat Apr 25 14:11:43 +0000 2026","1","Sinergi Kemenkum Jabar dan Pemerintah Desa Mekarmaju merupakan langkah strategis. Kami ingin memastikan setiap pengrajin lokal mendapatkan manfaat ekonomi dari pelindungan Kekayaan Intelektual yang diberikan. Kemenkum Jabar - Asep Sutandar.","2048042272420426225","","kemenkumjabar","in","","0","0","0","https://x.com/undefined/status/2048042272420426225","1177725229",
"2048042246046617965","Sat Apr 25 14:11:36 +0000 2026","0","yey jadi tolol aja kita kalau yang di tutup prodi pendidikan jadi tolol bareng bareng biar pemerintah makin gragas ngambil duit soalnya rakyatnya tolol","2048042246046617965","","","in","","0","1","0","https://x.com/undefined/status/2048042246046617965","1668603998205779968",
"2048039455836274806","Sat Apr 25 14:11:32 +0000 2026","0","tbh aku juga selalu bilang indonesia belum pantas punya pemimpin bagus sudah kelihatan dari orang-orangnya. a lot of us are Stupid karena terus-terusan dijajah pemerintah sendiri that's just the truth. so i guess pak anies never stood a chance.","2048042226874531926","","svgakoo","in","","0","0","0","https://x.com/undefined/status/2048042226874531926","1185890021355601921",
"2048042220817891824","Sat Apr 25 14:11:30 +0000 2026","0","Budeh gw masuk RSUD Kota Bekasi karena serangan jantung dan pemasangan ring. Dia pake jamkesds yang bpjs kelas 3 dibayar pemerintah. Gw pikir perawat RSUD bakal judes apa gimana. Tapi disitu pelanannya jos gandos. Bahkan nebus obat sampai dianter.","2048042220817891824","","","in","","0","0","0","https://x.com/undefined/status/2048042220817891824","89579004",
"2048042217080799629","Sat Apr 25 14:11:29 +0000 2026","0","nanti sm pemerintah bisa diisi sm ijo &amp; coklat.","2048042217080799629","","","in","","0","0","0","https://x.com/undefined/status/2048042217080799629","1778978068163706880",
"2048041884149600551","Sat Apr 25 14:10:10 +0000 2026","1","Dengan menyasar jutaan penerima MBG pemerintah tidak hanya memenuhi kebutuhan nutrisi mendasar tetapi sedang membangun fondasi intelektual dan fisik generasi mendatang. https://t.co/e8taPMMHLR","2048041884149600551","https://pbs.twimg.com/media/HGwbPU0bAAAhqbe.jpg","","in","","1","0","0","https://x.com/undefined/status/2048041884149600551","1563194059757236225",
"2048041869662212385","Sat Apr 25 14:10:07 +0000 2026","5","/wp/ jujur penasaran kalian yg suka baca political romance apa ga terbayang pemerintah indo?? ","2048041869662212385","","","in","","0","10","0","https://x.com/undefined/status/2048041869662212385","1308443040449585152",
"2048041841438638156","Sat Apr 25 14:10:00 +0000 2026","1","Warga Jepang berkumpul di Tokyo untuk memprotes kebijakan baru pemerintah Jepang yang merevisi aturan ekspor peralatan dan teknologi pertahanan. Selengkapnya di video berikut ini! #ForYourInformation #CariBeritaditvOne #Jepang #Tokyo #Demonstrasi #FYI02 #AW03 https://t.co/b3fIKeCJqz","2048041841438638156","https://pbs.twimg.com/media/HGwSU26bcAA55-a.jpg","","in","","0","0","1","https://x.com/undefined/status/2048041841438638156","55507370",
"2047882079153598699","Sat Apr 25 14:09:46 +0000 2026","0","@tanyakanrl S.Hum gua kayak gada harganya di mata pemerintah wkwk","2048041781640782158","","tanyakanrl","in","","0","0","0","https://x.com/undefined/status/2048041781640782158","1884216645176156160",
"2048041754314862785","Sat Apr 25 14:09:39 +0000 2026","1","Pemerintah udah gak relevan juga sih apa harus di... ","2048041754314862785","","","in","","0","0","0","https://x.com/undefined/status/2048041754314862785","2251549686",
"2048034643321258096","Sat Apr 25 14:08:44 +0000 2026","0","@dyyphiless gunakan sosmed sesuai fungsinya aja sihh. contoh X buat sambat misuh cerita dan ghibahin pemerintah","2048041521103208954","","dyyphiless","in","","0","0","0","https://x.com/undefined/status/2048041521103208954","1584748331737440257",
"2048041456619909266","Sat Apr 25 14:08:28 +0000 2026","1","Kemenkum Jabar mendorong pemerintah daerah untuk aktif mengusulkan potensi wilayahnya. Kami siap membantu proses pendaftaran Kekayaan Intelektual Komunal agar kekayaan budaya kita tetap terjaga dan lestari. Kemenkum Jabar - Asep Sutandar.","2048041456619909266","","","in","","0","9","0","https://x.com/undefined/status/2048041456619909266","1177725229",
"2048028640928293051","Sat Apr 25 14:07:49 +0000 2026","0","@regar_op0sisi @Kemdikdasmen Dn pemerintah gak peduli dngn yg seperti ini Anak jadi tmbh ngelunjak","2048041293058834837","","regar_op0sisi","in","","0","0","0","https://x.com/undefined/status/2048041293058834837","1591402821098049537",
"2048018989495033893","Sat Apr 25 14:07:15 +0000 2026","138","@karirfess Sama bang Gw gaji 1 triliun Istri 26 quadriliun Sebulan cuman kepale 1 5jt doang Sisanya buat bantu pemerintah bayar bung utang","2048041149760499834","","karirfess","in","","2","2","6","https://x.com/undefined/status/2048041149760499834","712535832",
"2048023382550253644","Sat Apr 25 14:07:14 +0000 2026","0","@leorpawd @aniesbaswedan kapan ya ada statement begini dari pemerintah.. yang waras..","2048041145255768344","","leorpawd","in","","0","0","0","https://x.com/undefined/status/2048041145255768344","842387573670461440",
"2047868007935033815","Sat Apr 25 14:07:03 +0000 2026","0","@LambeSahamjja ni orang akhir2 ini statementnya sering pro pemerintah mulu curiga punya 1000 dapur mbg","2048041097390408078","","LambeSahamjja","in","","0","0","0","https://x.com/undefined/status/2048041097390408078","1794167440047554561",
"2048041078314750094","Sat Apr 25 14:06:58 +0000 2026","0","Makin aneh saja pemikiran Pemerintah ini. Apa sih bidang-bidang ilmu pengetahuan yang tak relevan dengan kebutuhan masa depan Pak @prabowo @Kemdiktisaintek??? ‍️ Cc: @puanmaharani_ri @DPR_RI @kemenkopmk @science_BRIN @univ_indonesia @unpad #IndonesiaGelap #IndonesiaCemas2045","2048041078314750094","","","in","","0","0","0","https://x.com/undefined/status/2048041078314750094","131439573",
"2048041062091071761","Sat Apr 25 14:06:54 +0000 2026","1","coba marah marahnya sama pemerintah","2048041062091071761","","","in","","0","0","1","https://x.com/undefined/status/2048041062091071761","1564845014827814913",
"2047736919518523405","Sat Apr 25 14:06:40 +0000 2026","0","@PNS_Ababil Pemerintah mental jukir liar.","2048041002351616437","","PNS_Ababil","in","","0","0","0","https://x.com/undefined/status/2048041002351616437","189042799",
"2047666516435566927","Sat Apr 25 14:06:39 +0000 2026","0","@KasanBaret @ZeroDev21 Memang kinerja pemerintah bagus dan mampu ya mengelola perekonomian negara?","2048040996789973319","","KasanBaret","in","","0","0","0","https://x.com/undefined/status/2048040996789973319","1241868618",
"2047977027811291585","Sat Apr 25 14:06:28 +0000 2026","0","@thunderthieff aduh banyak mah kalo berandai andai bisa dari yg fundamental kayak kesehatan dan pendidikan tapi kalo gada political will jg bisa apa. Pemerintah skrg kayaknya ngejar program populis untuk ngumpulin suara di 2029","2048040951403454512","","thunderthieff","in","","0","0","0","https://x.com/undefined/status/2048040951403454512","1509493540698882054",
"2048040936048140509","Sat Apr 25 14:06:24 +0000 2026","0","Sjafrie Sjamsoeddin mengundang para mantan panglima kepala staf dan pejabat TNI untuk membahas berbagai program pemerintah di bidang pertahanan. Diskusi difokuskan pada evaluasi dan penguatan program pertahanan negara #PRI #PartaiRakyatIndonesia #TumbuhBersamaRakyat https://t.co/SW0FecxNzp","2048040936048140509","https://pbs.twimg.com/ext_tw_video_thumb/2048040823993044992/pu/img/CHytll9yVfOOl--R.jpg","","in","","0","0","0","https://x.com/undefined/status/2048040936048140509","2039622917877534720",
"2048040801679352002","Sat Apr 25 14:05:52 +0000 2026","2","Akar persoalan justru berasal dari kebijakan awal yang menetapkan target produksi besar secara serentak. Program MBG yang ditujukan untuk puluhan juta siswa membuat pemerintah menetapkan angka produksi sekitar 3.000 porsi per SPPG per hari. https://t.co/OSI3Qs7uKR","2048040801679352002","https://pbs.twimg.com/ext_tw_video_thumb/2048040759639826432/pu/img/g83Cwo6dWG_nC6EX.jpg","","in","","0","0","1","https://x.com/undefined/status/2048040801679352002","1395077465261764612",
"2047151731700887792","Sat Apr 25 14:05:47 +0000 2026","0","@bung_madin Dan gini pemerintah mentingin MBG","2048040781257261061","","bung_madin","in","","0","0","0","https://x.com/undefined/status/2048040781257261061","2417147486",
"2047996568314212681","Sat Apr 25 14:05:39 +0000 2026","0","@tanyarlfes Kenapa malu bjir dagang cangcut kah Tapi itu jg ga perlu malu sih pemerintah aja makan duit kita ga malu","2048040748923453510","","tanyarlfes","in","","0","0","0","https://x.com/undefined/status/2048040748923453510","1692498386082304001",
"2047856448730972450","Sat Apr 25 14:05:19 +0000 2026","0","@LambeSahamjja Kalo bocorannya bener kita harus salahin whistleblowernya kalo pemerintah kita ga bisa ngelola uang yang dipercayakan rakyat dengan bener? Kalau bocor tp fakta kenapa?","2048040662281679186","","LambeSahamjja","in","","0","0","0","https://x.com/undefined/status/2048040662281679186","189042799",
"2048040648847344054","Sat Apr 25 14:05:16 +0000 2026","1","Kelebihan pemerintah kita cuma kreatif cari jabatan baru","2048040648847344054","","","in","","0","0","0","https://x.com/undefined/status/2048040648847344054","479830114",
"2047838168402313524","Sat Apr 25 14:05:14 +0000 2026","0","@snaim247 @bckupacc99 Takde HOAX indo memang impor bbm from mlydesh tp krn pemerintah indo bijak harga bbm indo bisa lbh murah dr mlydesh Ron95 nonsubsidized mly RM3 87 Ron95 nonsubsidized indo RM2 96 Indo takde pengurangan kuota Mly kuota dikurangi jd 200ltr/bln Ron97 mly RM4 85 Ron98 indo RM4 45 https://t.co/oxVTVZe3EI","2048040641972891943","https://pbs.twimg.com/media/HGwaGaYboAEtJVR.jpg","snaim247","in","","0","0","0","https://x.com/undefined/status/2048040641972891943","1754128523877658624",
"2048040605637587280","Sat Apr 25 14:05:05 +0000 2026","3","Skar persoalan justru berasal dari kebijakan awal yang menetapkan target produksi besar secara serentak. Program MBG yang ditujukan untuk puluhan juta siswa membuat pemerintah menetapkan angka produksi sekitar 3.000 porsi per SPPG per hari. https://t.co/Z9OrPagUke","2048040605637587280","https://pbs.twimg.com/ext_tw_video_thumb/2048040560376807424/pu/img/Kpn4pbIuXBh5kk5W.jpg","","in","","0","0","2","https://x.com/undefined/status/2048040605637587280","1218153107051315200",
"2048040582942175618","Sat Apr 25 14:05:00 +0000 2026","0","Menteri Keuangan (Menkeu) Purbaya Yudhi Sadewa memberikan kepastian bahwa pemerintah membatalkan rencana penerapan Pajak Pertambahan Nilai (PPN) pada sektor jalan tol sekaligus membatalkan kebijakan pajak tambahan yang sebelumnya menyasar masyarakat berpenghasilan tinggi.","2048040582942175618","","","in","","0","0","0","https://x.com/undefined/status/2048040582942175618","4755284968",
"2048040575186919424","Sat Apr 25 14:04:58 +0000 2026","0","temen gw jadi akpol nanti takut di aduin pernah memaki2 pemerintah dh","2048040575186919424","","","in","","0","0","0","https://x.com/undefined/status/2048040575186919424","1646759797478526977",
"2048038606833615355","Sat Apr 25 14:04:07 +0000 2026","0","@andihiyat Pemerintah adil","2048040362846138413","","andihiyat","in","","0","0","0","https://x.com/undefined/status/2048040362846138413","1331025576",
"2048040321729319267","Sat Apr 25 14:03:58 +0000 2026","0","BRENGSEKKKK JURUSAN KU MAU DIHAPUS???? gue emg gasuka jurusan gue skrng TAPI YAUDAH SIH???? GA MINTA UANG PEMERINTAH JUGA ANJINGGGGG","2048040321729319267","","","in","","0","0","0","https://x.com/undefined/status/2048040321729319267","1976966452700950529",
"2048040268906352951","Sat Apr 25 14:03:45 +0000 2026","4","mbg disangkut pautin ke lapangan pekerjaan jatohnya janggal yee jatohnya pemerintah ini emang mau nyiptain pekerjaan yang semacem itu aja bukan pekerjaan buat ngebangun sumber daya manusia jirrr️️️","2048040268906352951","","","in","","0","0","0","https://x.com/undefined/status/2048040268906352951","1077404065212977152",
"2048040101503193105","Sat Apr 25 14:03:05 +0000 2026","1","Di Malaysia chip dalam eKTP mereka sudah terintegrasi ke database pemerintah sehingga setiap warganya bisa mendapatkan subsidi BBM. Hidup mereka jadi mudah. Di Indonesia Chip eKTP nya membusuk gak berguna. Urusan apapun masih butuh FOTOCOPY eKTP! eKTP kok masih difotocopy itu https://t.co/hjzWE6ElYX","2048040101503193105","https://pbs.twimg.com/ext_tw_video_thumb/2048039163656916992/pu/img/yk7Z3iznQm3-Sd-b.jpg","","in","","0","0","0","https://x.com/undefined/status/2048040101503193105","1680058301269282816",
"2048037616067748295","Sat Apr 25 14:02:54 +0000 2026","0","@Pyroncalanyala Bukannya centang emas khusus buat company pemerintah atau project tertentu ya?","2048040052912271830","","Pyroncalanyala","in","","0","0","0","https://x.com/undefined/status/2048040052912271830","270786580",
"2048040033526129096","Sat Apr 25 14:02:49 +0000 2026","0","Ya karena gaada yg protes turun ke jalan ramenya di sosmed yg mana pemerintah pasti kek meremehkan gitu loh nanti akan ada saatnya masyarakat turun trus huru hara baru mereka pada kocar kacir","2048040033526129096","","","in","","0","0","0","https://x.com/undefined/status/2048040033526129096","980387338546069504",
"2048039905427927285","Sat Apr 25 14:02:18 +0000 2026","0","setolol-tololnya pemerintah adalah pemerintah indonesia.","2048039905427927285","","","in","","0","0","0","https://x.com/undefined/status/2048039905427927285","1665211856137637889",
"2048039879528087878","Sat Apr 25 14:02:12 +0000 2026","26","ngeri euyyyy komen soal 10 hari menjelang ujian kelulusan ambil kelas online langsung dibungkam udah kayak buzzer pemerintah kalau ada yg mengkritik buzzer auto turun lapangan gas nyerbu yauda iya selain donatur dilarang ngatur kan wkwk oke #salampendidikan","2048039879528087878","","","in","","0","0","0","https://x.com/undefined/status/2048039879528087878","1950243321185775616",
"2048039836926501297","Sat Apr 25 14:02:02 +0000 2026","0","Dahlah tinggal di indo nerakanya dobel udahlah panas pemerintah nya juga tolol","2048039836926501297","","","in","","0","0","0","https://x.com/undefined/status/2048039836926501297","1276977364006653952",
"2048029866696835214","Sat Apr 25 14:02:01 +0000 2026","0","@__yourfutureee bantu jawab kalo realistisnya ngga ada penambahan kak. soalnya Sri Tanjung itu termasuk kereta subsidi yg terikat kontrak Public Service Obligation (PSO) dari pemerintah yg mencakup kapasitas/jumlah gerbong. jadi ngga bisa leluasa nambahin gerbong meskipun lagi peak season","2048039831461400686","","__yourfutureee","in","","0","1","0","https://x.com/undefined/status/2048039831461400686","1266458593089294336",
"2048039074188218754","Sat Apr 25 14:01:27 +0000 2026","0","Kyk ngapain tiba-tiba ngefollow akun yg isinya cuma misuh-misuh krn tugas kuliah renjun bts marahin pemerintah dan kucing ","2048039689542934766","","fibluevy","in","","0","0","0","https://x.com/undefined/status/2048039689542934766","1912635060077125632",
"2048039491068416366","Sat Apr 25 14:00:40 +0000 2026","0","Semuanya aja naik pemerintah ngapain sih","2048039491068416366","","","in","","0","1","0","https://x.com/undefined/status/2048039491068416366","1917237635984347136",
"2047982036607254791","Sat Apr 25 14:00:28 +0000 2026","20","@antaranirnama MK rekomendasi anime tentang kudeta dan rivalitas dalam pemerintah.... https://t.co/5sHEj1TCj5","2048039441693123012","https://pbs.twimg.com/tweet_video_thumb/HGwZBCObIAAJVBe.jpg","antaranirnama","in","","0","0","2","https://x.com/undefined/status/2048039441693123012","1731344234354212864",
"2048039374324170786","Sat Apr 25 14:00:12 +0000 2026","0","Bisa ga si minimal satu hari satu kabar baik dari pemerintah negara ini?? https://t.co/CqLVHkzQHS","2048039374324170786","https://pbs.twimg.com/media/HGwY9USbIAAi7uB.jpg","","in","","0","0","0","https://x.com/undefined/status/2048039374324170786","3194918749",
"2048039288076747021","Sat Apr 25 13:59:51 +0000 2026","0","info portal isekai aku malas tinggal di indo kalo didzolimi pemerintah","2048039288076747021","","","in","","0","0","0","https://x.com/undefined/status/2048039288076747021","1221768947034292225",
"2048039252894875909","Sat Apr 25 13:59:48 +0000 2026","0","Kerjasama ini menunjukkan bahwa pemulihan Aceh bukan hanya tugas pemerintah pusat tetapi juga hasil sinergi antar daerah. Dengan bantuan ini Aceh diharapkan bisa bangkit lebih cepat dan lebih kuat. #satgasprr #sumaterabangkit #banjirsumatera #acehviral https://t.co/wcARuW070P","2048039274772345039","https://pbs.twimg.com/media/HGwY2rha4AIeLBE.jpg","satgasprr","in","","0","0","0","https://x.com/undefined/status/2048039274772345039","2011649931388542976",
"2047951436928131577","Sat Apr 25 13:59:46 +0000 2026","0","@mas_soem Ikut program transmigrasi pemerintah","2048039266090135648","","mas_soem","in","","0","0","0","https://x.com/undefined/status/2048039266090135648","2006557499999268867",
"2048039263552647466","Sat Apr 25 13:59:45 +0000 2026","0","gak bisa mikir jangka panjang emang pemerintah","2048039263552647466","","","in","","0","0","0","https://x.com/undefined/status/2048039263552647466","226122752",
"2048032857491451968","Sat Apr 25 13:59:38 +0000 2026","3","@darderdor_100x @mrcorleoneeeeee @mrtweepsID @Infernnnooo @Chosultan @bismillahyuk_ @xxxkillua145 @nanyaseadanya @jenniedebtfree Yg jadi pertanyaan peran pemerintah dimana? Udh tau byk warganya miskin dikasih pinjol gini ya makin miskin kan Blum lagi DC yg penagihannya bar2 bukannya selesein masalah malah bikin masalah baru Ada yg dipecat ada yg keluarganya hancur ada yg bunuh diri @ojkindonesia ?","2048039232154014146","","darderdor_100x","in","","0","1","0","https://x.com/undefined/status/2048039232154014146","79326043",
"2048019228351963601","Sat Apr 25 13:59:24 +0000 2026","2","@tanyarlfes Aku pernah resign kerja gara² gak bisa sholat jum'at. Gak pikir lama langsung off kerja cuma seminggu. Lucunya setelah dapat kerjaan baru bisa sholat jum'at gak lama dari itu malah covid muncul larangan jum'atan dari pemerintah ","2048039176084611434","","tanyarlfes","in","","0","0","0","https://x.com/undefined/status/2048039176084611434","2006383648334082048",
"2048039000800403741","Sat Apr 25 13:58:43 +0000 2026","0","pemerintah kita segila itu ternyata masa prodi ga relevan industri di tutup tapi pejabat pemerintah gabisa kerja ga disuruh mundur?","2048039000800403741","","","in","","0","0","0","https://x.com/undefined/status/2048039000800403741","1918388068769513474",
"2048038976414703937","Sat Apr 25 13:58:37 +0000 2026","4","Pemerintah Provinsi DKI Jakarta melakukan pemadaman listrik secara serentak di lima wilayah kota administrasi dalam rangka peringatan Hari Bumi. Sejumlah gedung di kawasan Bundaran HI Jakarta Pusat turut mematikan lampu sebagai bentuk partisipasi dalam upaya pencegahan dan https://t.co/IzZN3yi0w3","2048038976414703937","https://pbs.twimg.com/amplify_video_thumb/2048037420848033792/img/TDmbEd5vksnXRsnC.jpg","","in","","0","1","0","https://x.com/undefined/status/2048038976414703937","121640063",
"2048037457028161648","Sat Apr 25 13:57:55 +0000 2026","0","Si @X mirip sama pemerintah konoha klo kerja LELET SEKALI","2048038801092870429","","Britta_ny06","in","","0","0","0","https://x.com/undefined/status/2048038801092870429","1837359253964869640",
"2048003176008503596","Sat Apr 25 13:57:32 +0000 2026","16","@icblues benerbener dah. bukan kelebihan pasokan. tapi emang tempat untuk mengamalkan nya gaada. seharusnya satu kelas 15 siswa tuh utkk 1 guru. tapi di negeri bisa 36-40 an utk 1 guru yang idealnya tuh 2-3 guru. artinya kita tuh kekurangan guru dan gaji guru yang layak. nih pemerintah","2048038704506458399","","icblues","in","","0","1","0","https://x.com/undefined/status/2048038704506458399","1099225818683699201",
"2047694175643308253","Sat Apr 25 13:57:22 +0000 2026","0","@Kemhan_RI Nyebut pelaku ngak berani ya min.apa memang segolongan saat ini pemerintah","2048038662873743705","","Kemhan_RI","in","","0","0","0","https://x.com/undefined/status/2048038662873743705","1504120298379288579",
"2048020449700032902","Sat Apr 25 13:57:11 +0000 2026","0","@tempodotco Gila makin hari makin gila aja berita bgn hambur²in uang &amp; dibiarin begitu aja sama pemerintah. Korupsinya makin ugal²an aja ! ","2048038614341394451","","tempodotco","in","","0","0","0","https://x.com/undefined/status/2048038614341394451","280894459",
"2048038585975361649","Sat Apr 25 13:57:04 +0000 2026","0","Keselamatan dan gizi anak bangsa adalah harga mati! Pemerintah tindak tegas 1.700 dapur MBG yang curangi porsi makanan dan langsung menutup SPPG pelanggar standar sanitasi. Mari bersama kawal kualitas program ini demi generasi sehat! #MakanBergiziGratis #KawalMBG https://t.co/HDd0tv2X3M","2048038585975361649","https://pbs.twimg.com/media/HGwYPJaaYAAHevq.jpg","","in","","0","0","0","https://x.com/undefined/status/2048038585975361649","1718927709001461760",
"2047898138355376449","Sat Apr 25 13:56:53 +0000 2026","0","@BiLLRaY2019 Tentunya kita semua berharap agar pemerintah membuat kebijakan untuk peningkatan infrastruktur dan kualitas pendidikan di seluruh Indonesia tetapi membenturkan dengan MBG bukan langkah bijak karena Program MBG adalah investasi untuk masa depan anak Indonesia #LanjutkanMBG","2048038542392406201","","BiLLRaY2019","in","","0","0","0","https://x.com/undefined/status/2048038542392406201","1437422527744135172",
"2048030787262394490","Sat Apr 25 13:56:49 +0000 2026","0","@muncorner request pemerintah saus tiram","2048038524113629465","","muncorner","in","","0","0","0","https://x.com/undefined/status/2048038524113629465","1452122424086990852",
"2048038437769634029","Sat Apr 25 13:56:28 +0000 2026","0","Meningkatkan skor literasi bangsa bukan tugas author au . Tapi tugas pemerintah ","2048038437769634029","","","in","","0","1","0","https://x.com/undefined/status/2048038437769634029","1860485391293501440",
"2047973073484455993","Sat Apr 25 13:56:00 +0000 2026","2","@indepenSumatera @BungkusMul67022 @jawir69 @TMCPoldaMetro @NTMCLantasPolri @DKIJakarta @DivHumas_Polri Walah begini kawan. Anda bilang Dinas itu berarti bagian Pemprov DKI. Setelah dicek ternyata bukan milik dinas di DKI. Ini milik salah satu instansi pemerintah domisili Jakarta namun bukan DKI. Kenapa saya membatasi karena saya bagian Pemprov DKI. Semoga paham ya","2048038320253685895","","indepenSumatera","in","","0","1","0","https://x.com/undefined/status/2048038320253685895","88581196",
"2048038249109856692","Sat Apr 25 13:55:43 +0000 2026","0","Knp gk dibikin rumah susun ya? Apa karena rusin itu identik dengan proyeknya beliau ya jd gk dipake² sama pemerintah? YTTA","2048038249109856692","","","in","","0","0","0","https://x.com/undefined/status/2048038249109856692","1377156287029338113",
"2047927180085362866","Sat Apr 25 13:55:42 +0000 2026","0","@zakariamlk Menjilat pemerintah nyoblos 02 dan jadi buzzer presiden.","2048038241404911889","","zakariamlk","in","","0","0","0","https://x.com/undefined/status/2048038241404911889","1701488132",
"2048038232005411021","Sat Apr 25 13:55:39 +0000 2026","0","ah elah kesel bgt apalah pemerintah ini","2048038232005411021","","","in","","0","0","0","https://x.com/undefined/status/2048038232005411021","905796010714120193",
"2048038206927724721","Sat Apr 25 13:55:33 +0000 2026","0","Belom bisa kritik pemerintah dulu di ig karena gabisa login jir","2048038206927724721","","","in","","0","0","0","https://x.com/undefined/status/2048038206927724721","179016302",
"2048036720705483144","Sat Apr 25 13:55:20 +0000 2026","0","Jgn lupakan harga buku yg mahalnya bikin istighfar sistem pendidikan yg belom merata dan segala bentuk ekosistem pemerintah yang bikin orang orang literasinya mines bukan author fanfic yg share tulisan geratisan jir","2048038151596474876","","eduduliwuzi","in","","0","0","0","https://x.com/undefined/status/2048038151596474876","1928377054820777984",
"2047882622622421312","Sat Apr 25 13:54:53 +0000 2026","0","@Streptomycess Kalau ikut program pemerintah akan ke record di bpjs ga?","2048038036626411873","","Streptomycess","in","","0","0","0","https://x.com/undefined/status/2048038036626411873","1891518478479413248",
"2048037675807223904","Sat Apr 25 13:53:27 +0000 2026","0","Tiap waktu ada aja bahan baru buat nambah benci sama pemerintah.","2048037675807223904","","","in","","0","0","0","https://x.com/undefined/status/2048037675807223904","1839583209342062592",
"2047964438020633062","Sat Apr 25 13:53:08 +0000 2026","0","@ariel_heryanto Fear mongering yg dikakukan pemerintah bisa dalam bentuk : 1. politics of fear 2. FUD (Fear Uncertainty and Doubt) 3. Sekuritisasi (Securitization) 4. State Terrorism (Terorisme Negara) 5. Populisme Ketakutan (Populism of Fear) Macam-macam bentuknya.","2048037595272429644","","ariel_heryanto","in","","0","0","0","https://x.com/undefined/status/2048037595272429644","1778980201659260928",
"2047602628839030932","Sat Apr 25 13:53:05 +0000 2026","0","@xD34DBE3F @yaniarsim Jelasin ding di bagian mana pemerintah memusuhi rakyat. Kalaupun ada kebijakan yg gak memuaskan sebagian rakyat spt nya itu hal yg biasa","2048037584157499606","","xD34DBE3F","in","","0","0","0","https://x.com/undefined/status/2048037584157499606","1642465328453292033",
"2048025661063966785","Sat Apr 25 13:53:04 +0000 2026","1","@setyamickala rakyat di press suruh efiensi giliran pemerintah enteng banget kucurin anggaran buat APBD APBN? denger orang pinter di siram air kerass aja udah aneh ini negara rasa kompeni..","2048037578704908381","","setyamickala","in","","0","0","0","https://x.com/undefined/status/2048037578704908381","2000286100972335104",
"2048037435632980454","Sat Apr 25 13:52:30 +0000 2026","0","Pemerintah iki gebrakane onok waeee https://t.co/aZldELEPnC","2048037435632980454","https://pbs.twimg.com/media/HGwXMcua0AI5mn6.jpg","","in","","0","0","0","https://x.com/undefined/status/2048037435632980454","1390056327968223236",
"2048037425759580556","Sat Apr 25 13:52:27 +0000 2026","2","Fyi tentang pengguna akun ini ini 1. Penikmat Sun rata kanan #allxsun 2. Riwoo rata kanan 3. Junhan rata kanan 4. Wonwoo rata kanan 5. Suka goblok goblokin pemerintah.","2048037425759580556","","","in","","0","3","0","https://x.com/undefined/status/2048037425759580556","1698933662786686976",
"2048002935792316554","Sat Apr 25 13:52:18 +0000 2026","0","@LambeSahamjja Apakah ini artinya pemerintah sekarang sudah berada dijalan yg tepat? Makanya banyak yg serang dari segala penjuru karena banyak yg tidak suka Indonesia lebih baik","2048037389332087071","","LambeSahamjja","in","","0","0","0","https://x.com/undefined/status/2048037389332087071","565984838",
"2048028160630161550","Sat Apr 25 13:52:04 +0000 2026","0","@voltui iya gajelas kyk pemerintah indo...","2048037328443314255","","voltui","in","","0","1","0","https://x.com/undefined/status/2048037328443314255","1404059538559365126",
"2047961684799595007","Sat Apr 25 13:51:55 +0000 2026","0","@unicefess di era sekarang? dengan pemerintah seperti ini?","2048037288895205676","","unicefess","in","","0","0","0","https://x.com/undefined/status/2048037288895205676","1530451512974974976",
"2048024235797541266","Sat Apr 25 13:51:47 +0000 2026","3","@zhil_arf mau belajar ke china ntar dituduh komunis dulu pulang dari china di tuduh masukin paham komunis tapi setelah 2 minggu disana lihat industri UKM nya ternyata lebih maju workshop saya tapi mereka lebih terintegrated terpola dan pemerintah dekat dengan program industri","2048037255722463430","","zhil_arf","in","","0","2","0","https://x.com/undefined/status/2048037255722463430","1863248580104089600",
"2048037193160200483","Sat Apr 25 13:51:32 +0000 2026","0","Pemerintah Kabupaten Asahan melalui Camat Simpang Empat bersama Camat Sei Kepayang Camat Pulau Rakyat Camat Teluk Dalam Camat Aek Kuasan Pengurus WAMAS (Wahana Masyarakat Aliran Sungai Asahan) Pimpinan PT. IPS beserta staf kebun meninjau langsung Sungai Asahan https://t.co/d4hhihNoNR","2048037193160200483","https://pbs.twimg.com/media/HGwW9xPaEAApDSP.jpg","","in","","0","0","0","https://x.com/undefined/status/2048037193160200483","1963177138947035137",
"2048032204274782644","Sat Apr 25 13:51:26 +0000 2026","0","@ryujimint_xx emang gapaham lagi sm pola pikir pemerintah indo udah ada masalah bukannya diselesaikan malah ditutupin jadi masalah baru yg lebih masif","2048037168552308862","","ryujimint_xx","in","","0","1","0","https://x.com/undefined/status/2048037168552308862","1272729757189201920",
"2047979920639590432","Sat Apr 25 13:51:25 +0000 2026","0","@kenhans03 Sebenarnya di lapangan banyak siswa yang bosan mengeluh lauknya sama setiap minggunya cuman karena mereka terlanjur sudah dikasih pemerintah secara gratis maka tetap makan. Jadi kesalahannya di variasi lauk yang kurang beragam dan inovatif","2048037163238072507","","kenhans03","in","","0","0","0","https://x.com/undefined/status/2048037163238072507","1566673221805428737",
"2048037049245274316","Sat Apr 25 13:50:57 +0000 2026","0","#Repost @pemkabbulukumba Dari tangan pemerintah untuk masyarakat. Penyerahan bibit oleh Sekretaris Daerah Kabupaten Bulukumba menjadi awal tumbuhnya harapan usaha dan kesejahteraan bersama #PemkabBulukumba #BibitUnggul #Pertanian https://t.co/xRFnLiYOq3","2048037049245274316","https://pbs.twimg.com/ext_tw_video_thumb/2048036284682371072/pu/img/66nhW_py-U9wvMls.jpg","","in","","0","0","0","https://x.com/undefined/status/2048037049245274316","820668130414366720",
"2048036894689341851","Sat Apr 25 13:50:21 +0000 2026","0","indonesia kalo gaada pemerintah kyknya aman aja dah real warga bantu warga","2048036894689341851","","","in","","0","0","0","https://x.com/undefined/status/2048036894689341851","968853794116190208",
"2048023382550253644","Sat Apr 25 13:49:51 +0000 2026","15","@aniesbaswedan Mereka meneliti bukan berbasis permintaan pasar tetapi karena keingintahuan memahami bagaimana dunia bekerja. mikirnya tuh gini loh bos @ pemerintah","2048036771112628677","","aniesbaswedan","in","","0","1","0","https://x.com/undefined/status/2048036771112628677","1572221509992861696",
"2047901335870402761","Sat Apr 25 13:49:42 +0000 2026","0","@__AnakKolong @pahrulrozzi narasi gini udh dari tahun 2022 anjirrr kaga percaya gw. wowo akan sampai selesai sampe 2029. semua lingkaran pemerintah dbkin happy gada yg niat buruk. kcuali wowo tiba-tiba bikin pergerakan balik badan bikin unhappy lingkarannya sendri","2048036733510619559","","__AnakKolong","in","","0","0","0","https://x.com/undefined/status/2048036733510619559","1098779282501885952",
"2048036720705483144","Sat Apr 25 13:49:39 +0000 2026","0","Eh kl sebutuh itu bacaan geratis mah salahin pemerintah yang perpus bagusnya cuma di kota dan ipusnasnya error mulu jink??? Bukan nyalahin author FANFIC yg nulis suka suka dia jir??????? Nyimeng lu?","2048036720705483144","","","in","","0","1","0","https://x.com/undefined/status/2048036720705483144","1928377054820777984",
"2048036719086461404","Sat Apr 25 13:49:39 +0000 2026","0","Purbaya Yudhi Sadewa menyebut pelemahan rupiah dipengaruhi faktor global. Namun dampaknya tetap terasa bagi masyarakat sehingga pemerintah perlu menjaga daya beli dan stabilitas ekonomi. Sumber: CNBC Indonesia #rupiah #ekonomi̇ #purbaya #dprri #fraksipdiperjuangan https://t.co/7eI5oS50qx","2048036719086461404","https://pbs.twimg.com/amplify_video_thumb/2048036610948927488/img/NCc8pBpYJ-9mi2W5.jpg","","in","","0","0","0","https://x.com/undefined/status/2048036719086461404","1940329324886044672",
"2048036648139763865","Sat Apr 25 13:49:22 +0000 2026","6","Aneh banget gak ngerti lagi sama jalan pikiran pemerintah ini. Pendidikan udah gak ada harga dirinya lagi kah di negri ini? miris banget.","2048036648139763865","","","in","","0","0","0","https://x.com/undefined/status/2048036648139763865","1605938140195082247",
"2047996965775192387","Sat Apr 25 13:49:17 +0000 2026","3","@growtobima @menterimedan @idextratime anj wkwkwkwk Sipaling mau merdeka padahal kemampuan fiskalnya aja 90% ngarepin pemerintah pusat. Trs sok ngandelin sawit padahal sawit yang punya 95% dari masyarakat dan swasta pemerintah pusat lewat bumn aja cuman punya 4% an.","2048036627025707464","","growtobima","in","","0","0","0","https://x.com/undefined/status/2048036627025707464","2025130294509273088",
"2047947260722577893","Sat Apr 25 13:49:03 +0000 2026","0","@Uki23 Soras soros soras soros utk nutupin bejatnya pemerintah sejak era Jokowi @jokowi Si Pembohong Biadab itu pakai cara melemparkan issue ke hal yg lain ","2048036567743352936","","Uki23","in","","0","0","0","https://x.com/undefined/status/2048036567743352936","1603536827725811712",
"2048036529600426166","Sat Apr 25 13:48:53 +0000 2026","0","PSN DI ACEH Melalui Proyek Strategis Nasional (PSN) pemerintah membuka jalan baru bagi kemajuan Aceh: infrastruktur modern lapangan kerja akses ekonomi dan konektivitas antar wilayah. #pembangunanekonomi #ekonomiindonesia #indonesia #pembangunanindonesia #pembangunanaceh https://t.co/kHOmwes5UE","2048036529600426166","https://pbs.twimg.com/media/HGwWV9eaQAA4pvJ.jpg","","in","","0","0","0","https://x.com/undefined/status/2048036529600426166","1899721577266380800",
"2048036521186562337","Sat Apr 25 13:48:51 +0000 2026","0","Pemerintah goblok banget anjinggggg","2048036521186562337","","","in","","0","0","0","https://x.com/undefined/status/2048036521186562337","1979025997178769409",
"2047931684226805796","Sat Apr 25 13:48:25 +0000 2026","0","@TaliUdeng Apakah ini ga berlawanan dgn prinsip efisiensi pemerintah..? kenapa tdk mengoptimalkan instansi damkar yg sudah ada mereka sudah tentu lebih kompeten di bidangnya.","2048036410335334459","","TaliUdeng","in","","0","0","0","https://x.com/undefined/status/2048036410335334459","1457548687068958723",
"2048032246469427567","Sat Apr 25 13:47:55 +0000 2026","0","@LambeSahamjja Betul min kami2 ini yang kena dampaknya. Kami ini serba susah dinaikkan harga nya pembeli menurun gak di naikkan kami yang rugi. Kami mohon pemerintah segera menstabilkan harga plastik ini.","2048036285726789976","","LambeSahamjja","in","","0","0","0","https://x.com/undefined/status/2048036285726789976","394752402",
"2047856448730972450","Sat Apr 25 13:47:49 +0000 2026","0","@LambeSahamjja @UjKomar Adaaa tapi bener bakalah kalah sama org2 nggak jelas di kelas pemerintah desa aja sama broh ","2048036260200296745","","LambeSahamjja","in","","0","0","0","https://x.com/undefined/status/2048036260200296745","163462045",
"2048027182216380833","Sat Apr 25 13:46:45 +0000 2026","0","Rupiah ditutup menguat ke Rp17.229/USD (+0 33%) didorong faktor internal terutama keyakinan pemerintah bahwa APBN SAL (Rp423 triliun) tetap kuat menghadapi gejolak global. https://t.co/ljspLZMSst","2048035988975517751","","adi_sujarw84026","in","","0","0","0","https://x.com/undefined/status/2048035988975517751","2027066283397914624",
"2048035843777180028","Sat Apr 25 13:46:10 +0000 2026","0","Kadang masalah di bank swasta bikin berpikir ulang memang lebih nyaman dengan bank pemerintah.","2048035843777180028","","","in","","0","0","0","https://x.com/undefined/status/2048035843777180028","1967574777788600320",
"2048035233694654761","Sat Apr 25 13:45:59 +0000 2026","0","Membangun pondasi hukum ekonomi kreatif di Jawa Barat. Kemenkum Jabar giat melakukan audiensi untuk menyatukan visi dengan pemerintah daerah Kabupaten Bandung dalam hal pelindungan Kekayaan Intelektual. Kemenkum Jabar - Asep Sutandar.","2048035799510470911","","kemenkumjabar","in","","0","0","0","https://x.com/undefined/status/2048035799510470911","1177725229",
"2048035674029437270","Sat Apr 25 13:45:30 +0000 2026","0","Memang kadang lebih aman pilih bank yang sudah jadi andalan banyak orang seperti bank pemerintah.","2048035674029437270","","","in","","0","0","0","https://x.com/undefined/status/2048035674029437270","2015139815478456320",
"2047651926272344229","Sat Apr 25 13:45:11 +0000 2026","0","@el_bendoyo @awikuchuz Kalau pakai prinsip ekonomi iya. Tp tdk selalu bnr. Krn utk tetap menjaga kesejahteraan petani pemerintah menaikan HPP gabah maupun beras dr petani sejak 2026. Makanya bs swasembada beras org senang bertani kembali pupuk dipermudah pemerintah beli tinggi. Cukong impor nangis","2048035596380381603","","el_bendoyo","in","","0","0","0","https://x.com/undefined/status/2048035596380381603","69667455",
"2047893663288832335","Sat Apr 25 13:44:59 +0000 2026","0","@kitamulainol kinerja pemerintah -1","2048035545700524500","","kitamulainol","in","","0","0","0","https://x.com/undefined/status/2048035545700524500","3114295140",
"2048035501496840477","Sat Apr 25 13:44:48 +0000 2026","0","Sering banget dengar masalah kayak gini jadi makin yakin pilih bank pemerintah buat transaksi yang lebih aman.","2048035501496840477","","","in","","0","0","0","https://x.com/undefined/status/2048035501496840477","2008913126348197888",
"2048035312581107968","Sat Apr 25 13:44:48 +0000 2026","0","Menteri Desa dan Pembangunan Daerah Tertinggal Yandri Susanto Kepala KSP M. Qodari dan tokoh lainnya. Selain untuk memperkuat silaturahmi acara ini juga untuk memperkokoh hubungan para tokoh dan pemerintah daerah Sumbagsel serta masyarakat. https://t.co/cjAJpo4j2n","2048035497990393878","https://pbs.twimg.com/media/HGwVbaOaAAAsMdo.jpg","aburizalbakrie","in","","0","2","0","https://x.com/undefined/status/2048035497990393878","219528751",
"2047876470081757659","Sat Apr 25 13:44:39 +0000 2026","0","@lovelubii Kalo aku diposisi gurunya tak tempeleng bocahnya bodoamat kalo ada yg bilang guru nggak boleh gitu terus bakal tak bilang emang nggak boleh kaya gitu tp kalo muridnya kaya setan gini mah tak hajar aja gilaaa bgt udh pemerintah kaya anzing ditambah bocah ada yg nggak punya adab","2048035463316066812","","lovelubii","in","","0","1","0","https://x.com/undefined/status/2048035463316066812","1405164039894827014",
"2048035444202631352","Sat Apr 25 13:44:35 +0000 2026","0","Sebenarnya yg dipikirin pemerintah ni apa sih","2048035444202631352","","","in","","0","0","0","https://x.com/undefined/status/2048035444202631352","1182030153699868672",
"2048035429296079039","Sat Apr 25 13:44:31 +0000 2026","0","pemerintah syalan cepet bubar ajalah","2048035429296079039","","","in","","0","0","0","https://x.com/undefined/status/2048035429296079039","1744065048656678912",
"2048035392251961668","Sat Apr 25 13:44:22 +0000 2026","0","Ya Allah pemerintah ini kenapa sih ","2048035392251961668","","","in","","0","0","0","https://x.com/undefined/status/2048035392251961668","169010127",
"2048035323343753371","Sat Apr 25 13:44:06 +0000 2026","0","Ternyata sering kejadian juga ya nggak salah pilih tetap setia sama bank pemerintah.","2048035323343753371","","","in","","0","0","0","https://x.com/undefined/status/2048035323343753371","1966562121614753792",
"2048035153164001486","Sat Apr 25 13:43:25 +0000 2026","0","Error begini makin sering muncul ya. Kalau aku lebih tenang transaksi di bank pemerintah.","2048035153164001486","","","in","","0","0","0","https://x.com/undefined/status/2048035153164001486","2010687603641569280",
"2047487030360490398","Sat Apr 25 13:42:47 +0000 2026","0","@regar_op0sisi @prabowo Keracunan yang masih terjadi dalam pelaksanaan program MBG membuat kita semua prihatin sudah saatnya kita mendukung langkah perbaikan dan pengawasan secara menyeluruh yang gencar dilakukan oleh pemerintah dan BGN untuk mewujudkan zero keracunan. #LanjutkanMBG","2048034991062544484","","regar_op0sisi","in","","0","0","0","https://x.com/undefined/status/2048034991062544484","1437422527744135172",
"2048034983315730523","Sat Apr 25 13:42:45 +0000 2026","0","Kalau ada masalah seperti ini makin yakin deh buat pakai layanan dari bank pemerintah yang stabil.","2048034983315730523","","","in","","0","0","0","https://x.com/undefined/status/2048034983315730523","1907751365763543046",
"2048034841103655223","Sat Apr 25 13:42:11 +0000 2026","0","ANJING LU SEMUA YA!!!!!!! @ID_MyRepublic ERROR MULU MINGGU LIBUR. LU PIKIR PEMERINTAH? LU BIDANG PELAYANAN CS PUSAT DITELFON AJA GA NGANGKAT. PELAYANAN LU SEMUANYA BURUK ANJING","2048034841103655223","","","in","","0","0","0","https://x.com/undefined/status/2048034841103655223","1498918646285930497",
"2048034811072418044","Sat Apr 25 13:42:04 +0000 2026","0","Pakai bank yang sudah terpercaya banyak orang emang lebih aman kayak bank pemerintah.","2048034811072418044","","","in","","0","0","0","https://x.com/undefined/status/2048034811072418044","2013736624866136064",
"2048034741409219030","Sat Apr 25 13:41:47 +0000 2026","1","tutup aja semuanya kita bikin negara mbg jadi semuanya sarjana mbg rakyatnya pada mati isinya pemerintah bajingan semua terus duit siapa ya yg mereka makan kalo yg dipalakin dah pada mati","2048034741409219030","","","in","","0","0","0","https://x.com/undefined/status/2048034741409219030","1956025134957125634",
"2048034697675231596","Sat Apr 25 13:41:37 +0000 2026","0","baru juga seneng dah muncul kebijakan goblok lagi aje dari pemerintah sial","2048034697675231596","","","in","","0","0","0","https://x.com/undefined/status/2048034697675231596","1366338266656509955",
"2048034666360492198","Sat Apr 25 13:41:29 +0000 2026","0","Game love ada campur tangan pemerintah","2048034666360492198","","","in","","0","0","0","https://x.com/undefined/status/2048034666360492198","1674462002364973056",
"2048030028278157329","Sat Apr 25 13:41:29 +0000 2026","4","@lutfithe13th Balik lagi ke sini baik pemerintah dan masyarakat sama2 pelit utk spending kesehatan nakes dan named yg nanggung https://t.co/uCshLxLecT","2048034664775131400","https://pbs.twimg.com/media/HGwUqzYaoAA43KO.jpg","lutfithe13th","in","","0","0","0","https://x.com/undefined/status/2048034664775131400","994647914",
"2047651926272344229","Sat Apr 25 13:41:28 +0000 2026","0","@LauLau88 @awikuchuz Krn Pemerintah menaikan HPP dari petani biar petani juga menikmati jerih payahnya","2048034660996010001","","LauLau88","in","","0","0","0","https://x.com/undefined/status/2048034660996010001","69667455",
"2048034640221614313","Sat Apr 25 13:41:23 +0000 2026","0","Seringnya kasus kayak gini bikin makin yakin buat tetap setia sama bank pemerintah.","2048034640221614313","","","in","","0","0","0","https://x.com/undefined/status/2048034640221614313","1992400115924111360",
"2047875868614344842","Sat Apr 25 13:40:45 +0000 2026","0","@Pak_Ndull @Mundiwangi4 Klu ditelusuri secara jujur mungkin masih banyak rumah ibadah berdiri tanpa ijin namun pemerintah Tidak Pernah Hentikan org yg sedang Beribadah. Lantas jika ada org yg larang melakukan ibadah karena alasan surat izin apkh itu karena keWenangannya atau karena keSewenang²annya?","2048034481391710646","","Pak_Ndull","in","","0","0","0","https://x.com/undefined/status/2048034481391710646","1952924096171483136",
"2047678697873068094","Sat Apr 25 13:40:44 +0000 2026","0","@RefublikAteis Begitulah pemerintah +62 kita dana nya dipake MBG dah turun dikit dikorupsi pula. Prioritas anak sebagai masa depan tapi kalo anak sakit dihitung sebagai angka dlm toleransi. Sedih logika berpikir yg kacau ini.","2048034478589915238","","RefublikAteis","in","","0","0","0","https://x.com/undefined/status/2048034478589915238","1115968279",
"2048034475402301469","Sat Apr 25 13:40:44 +0000 2026","0","Memang lebih aman kalau pilih bank yang sudah terbukti stabil contohnya bank pemerintah.","2048034475402301469","","","in","","0","0","0","https://x.com/undefined/status/2048034475402301469","1974927207190720512",
"2048034461561049546","Sat Apr 25 13:40:40 +0000 2026","0","beweep kayak pemerintah. bukannya berbenah malah buat kebijakan seenaknya","2048034461561049546","","","in","","0","0","0","https://x.com/undefined/status/2048034461561049546","1630133166106382338",
"2048034395504914942","Sat Apr 25 13:40:25 +0000 2026","0","Iki seriuz akun instansi pemerintah ngene iki modele??? Gak tau ndue bojo/anak wedok/ngeterno nak dokter obsgyn a kok pekok ngenee???","2048034395504914942","","","in","","0","1","0","https://x.com/undefined/status/2048034395504914942","1803733536211718144",
"2048034305490964550","Sat Apr 25 13:40:03 +0000 2026","0","Pengalaman-pengalaman seperti ini bikin tambah percaya pilih aman pakai bank pemerintah.","2048034305490964550","","","in","","0","0","0","https://x.com/undefined/status/2048034305490964550","1964111626283413504",
"2048034239892050403","Sat Apr 25 13:39:48 +0000 2026","0","PEMERINTAH BAJINGAAANNNNNNN","2048034239892050403","","","in","","0","0","0","https://x.com/undefined/status/2048034239892050403","1257397032810983426",
"2048034149991383381","Sat Apr 25 13:39:26 +0000 2026","0","Ngapain nanya gizimu kalo taruhannya bnyk anak di luar sana yg ga bisa akses pendidikan? Ya salahkan pemerintah lah yg ga bisa meratakan ekonomi ke seluruh lapisan masyarakat","2048034149991383381","","","in","","0","0","0","https://x.com/undefined/status/2048034149991383381","1054674249644826625",
"2048034134313111687","Sat Apr 25 13:39:22 +0000 2026","0","Memang lebih tenang kalau pakai bank pemerintah. Mereka biasanya lebih stabil dan jarang ada masalah teknis.","2048034134313111687","","","in","","0","0","0","https://x.com/undefined/status/2048034134313111687","1998220783018225665",
"2048013134720639235","Sat Apr 25 13:39:21 +0000 2026","5","@iPoopBased Kalo emang pendidikan dibuat untuk mendukung program pemerintah ya fokuskan aja semua siswa buat ambil jurusan tata boga ","2048034127841263873","","iPoopBased","in","","0","0","0","https://x.com/undefined/status/2048034127841263873","1763771465214943232",
"2048034099261247732","Sat Apr 25 13:39:14 +0000 2026","1","PEMERINTAH ANJENG PAKDE BEDJO NAIK 3k https://t.co/w1xZrsdbac","2048034099261247732","https://pbs.twimg.com/media/HGwUJ9DbEAA-ZQm.jpg","","in","","0","0","0","https://x.com/undefined/status/2048034099261247732","1240663280021987328",
"2048034054151561285","Sat Apr 25 13:39:03 +0000 2026","0","Pemerintah Kota Singkawang melalui Dinas Pendidikan dan Kebudayaan mengadakan Gebyar Hardiknas. Acara ini diselenggarakan dalam Rangka menyambut Hari Pendidikan Nasional (Hardiknas) 2026. https://t.co/4Qcm1XsIWj","2048034054151561285","","","in","","0","0","0","https://x.com/undefined/status/2048034054151561285","6190312",
"2048034018508337661","Sat Apr 25 13:38:55 +0000 2026","0","sebenernya pemadaman listrik dalam rangka hari bumi tu dilakukan dari pemerintah apa lebih ke ngajak?","2048034018508337661","","","in","","1","0","0","https://x.com/undefined/status/2048034018508337661","2357503160",
"2048033992818278407","Sat Apr 25 13:38:49 +0000 2026","0","Mari kita normalisasi gak udah salam2an sambil nyengir2 ceria klo ketemu pejabat pemerintah.","2048033992818278407","","","in","","0","0","0","https://x.com/undefined/status/2048033992818278407","41365780",
"2048033960891162843","Sat Apr 25 13:38:41 +0000 2026","0","Kalau sering gini makin mantap aja pilih bank pemerintah yang lebih stabil.","2048033960891162843","","","in","","0","0","0","https://x.com/undefined/status/2048033960891162843","1949243707401687040",
"2048033945946898927","Sat Apr 25 13:38:38 +0000 2026","0","The worst part is kita udah tau kelakuan bejad mereka (pemerintah) contoh ky di tweet ini Tapi kita cuma bisa liat karna ya gabisa apa apa Demo pun berasa percuma DPR juga performatif doang We know something is wrong we know what cause the problem but we cant do anything bcs-","2048033945946898927","","","in","","0","1","1","https://x.com/undefined/status/2048033945946898927","1277777935953309698",
"2047957562038026295","Sat Apr 25 13:38:29 +0000 2026","0","@fitridefi ini bukan akun pemerintah kak.. tapi jabatan pendaftaran negara. di sini kami bikin kad pengenalan urusan mendaftar sebagai warganegara untuk semua warga malaysia","2048033908546265271","","fitridefi","in","","0","0","0","https://x.com/undefined/status/2048033908546265271","1553191551102513152",
"2047967601704517665","Sat Apr 25 13:38:12 +0000 2026","3","@PEACEMINU5ONE @1020_pm @tempodotco Ya justru pemerintah bisa intervensi di situ target akar masalahnya bukan malah nutup jurusan","2048033840510488637","","PEACEMINU5ONE","in","","0","0","1","https://x.com/undefined/status/2048033840510488637","1901825306383851520",
"2048033794847043808","Sat Apr 25 13:38:01 +0000 2026","0","Wah kalo sering error gini jadi makin yakin deh sama stabilitas bank pemerintah.","2048033794847043808","","","in","","0","0","0","https://x.com/undefined/status/2048033794847043808","1969621015555661824",
"2047903688136749484","Sat Apr 25 13:37:46 +0000 2026","1","@BenOver12345 @ShiSeptiana Kasihan badan segede gaban dipajakin pemerintah","2048033728510013681","","BenOver12345","in","","0","0","0","https://x.com/undefined/status/2048033728510013681","747794923697635328",
"2047961058141450399","Sat Apr 25 13:37:24 +0000 2026","0","@KemensosRI TEDI LAGIH TEDI LAGIH. GAK ADA ORANG LAEN DI SELURUH JAJARAN PEMERINTAH ENDONESA APA?????!!!! MULTITALENTA BANGET SI TEDI INI???!!!","2048033637107704049","","KemensosRI","in","","0","0","0","https://x.com/undefined/status/2048033637107704049","41365780",
"2048033626798129588","Sat Apr 25 13:37:21 +0000 2026","0","Kalau sering ngalamin masalah kayak gitu gue jadi makin bersyukur bisa andelin bank pemerintah yang lebih stabil.","2048033626798129588","","","in","","0","0","0","https://x.com/undefined/status/2048033626798129588","2018066824261181440",
"2048031331712692361","Sat Apr 25 13:37:04 +0000 2026","0","75/ Pemerintah hadir untuk memberikan perlindungan hukum yang adil Kanwil Kemenkum Babel #KementerianHukum #LayananHukumMakinMudah #KanwilKemenkumBabel Kanwil Babel Pasti Kredibel","2048033553179681173","","kemenkumbabel","in","","0","1","0","https://x.com/undefined/status/2048033553179681173","1787299092491866112",
"2047986213936828566","Sat Apr 25 13:37:01 +0000 2026","0","@HEUr5jwLwT2752 Tidak sudi Itu bukan tanggung jawab saya; itu adalah tanggung jawab mereka sendiri yang pergi ke Jepang serta pemerintah dan politisi korup Jepang yang membawa mereka. Saya tidak tertarik tinggal di Jepang. Terima kasih.","2048033542593192002","","HEUr5jwLwT2752","in","","1","1","0","https://x.com/undefined/status/2048033542593192002","1827192472604438532",
"2048033522410246459","Sat Apr 25 13:36:57 +0000 2026","0","Disuruh berpikir gimana itu kapal2 bisa nyinggah ke sumatera malas banget ini pemerintah dari dulu. Paling bisa ngasih ide buat palakin yg lewat. Jadi beda sama ormas berkedok karang taruna itu apa ini negara?!","2048033522410246459","","","in","","0","0","0","https://x.com/undefined/status/2048033522410246459","225253602",
"2048026154477756807","Sat Apr 25 13:36:41 +0000 2026","0","@standbythee_ takut bgt spaceny dimasukin buzzer pemerintah","2048033456765243545","","standbythee_","in","","0","0","0","https://x.com/undefined/status/2048033456765243545","1920772520007135232",
"2048033449571963347","Sat Apr 25 13:36:39 +0000 2026","0","Kalau sering error gini jadi makin yakin pilih layanan yang lebih stabil seperti di bank pemerintah.","2048033449571963347","","","in","","0","0","0","https://x.com/undefined/status/2048033449571963347","1897039808930643968",
"2047251012327784825","Sat Apr 25 13:36:19 +0000 2026","0","@moh_boesh @hrdbacot Klo setiap pihak yg mengkritik pemerintah lo sebut buzzer oposisi boleh g klo ane curiga klo lo itu sebenarnya buzzer dari pihak pemerintah yg dibayar ️","2048033363622232255","","moh_boesh","in","","0","0","0","https://x.com/undefined/status/2048033363622232255","1924996236035375104",
"2048033274866602253","Sat Apr 25 13:35:58 +0000 2026","0","Kalau sering ada error mungkin bisa pertimbangkan pakai bank pemerintah yang lebih terpercaya.","2048033274866602253","","","in","","0","0","0","https://x.com/undefined/status/2048033274866602253","2003612459442323457",
"2047963833025847468","Sat Apr 25 13:35:36 +0000 2026","6","@ARSIPAJA bank negara jadi ATM pemerintah. Kalau programnya jalan mulus puji-puji. Kalau mulai goyang rakyat disuruh sabar dan jaga stabilitas . Padahal akar masalahnya bukan ajakan viral tapi kepercayaan yang sudah retak. MBG yang katanya prioritas nasional vendornya bermasalah duit","2048033185322205423","","ARSIPAJA","in","","0","0","0","https://x.com/undefined/status/2048033185322205423","1722142763079311360",
"2048033101293756806","Sat Apr 25 13:35:16 +0000 2026","0","Masalah kayak gini bikin tambah nyaman tabungan di bank pemerintah yang lebih stabil.","2048033101293756806","","","in","","0","0","0","https://x.com/undefined/status/2048033101293756806","1989997891637628928",
"2047957279593668965","Sat Apr 25 13:35:11 +0000 2026","0","@ProfeFest Please jangan viral please jangan sampe pemerintah tau apa itu A03 dan omega verse. Bisa2 nambah program blokir akses A03 dan terpaksa pake VPN ","2048033081597333706","","ProfeFest","in","","0","0","0","https://x.com/undefined/status/2048033081597333706","1406624320978251781",
"2048032995446313150","Sat Apr 25 13:34:51 +0000 2026","15","Harusnya pemerintah yang pusing mikirin nasib rakyat nya ini kok kebalik ya malah rakyat yang pusing mikirin pemerintah yang hanya habiskan anggaran yang tak tentu rudu.. https://t.co/91LIgCCtLz","2048032995446313150","https://pbs.twimg.com/media/HGwTJs1awAAY3qD.jpg","","in","","0","1","8","https://x.com/undefined/status/2048032995446313150","1478245047841660930",
"2048032927020417236","Sat Apr 25 13:34:35 +0000 2026","0","Kadang error bikin frustrasi. Yakin lebih tenang pilih yang stabil contohnya bank pemerintah.","2048032927020417236","","","in","","0","0","0","https://x.com/undefined/status/2048032927020417236","1987710291338022912",
"2047651926272344229","Sat Apr 25 13:34:31 +0000 2026","0","@DonFlamingo_ @awikuchuz Kamu tanam sendiri aja nyet padinya trus jual dibawah HPP Rp 6.500 yang ditetapkan pemerintah sejak 2026 Kamu pikir petani itu budak gabah nya bisa dibeli sesukanya aja","2048032913812594984","","DonFlamingo_","in","","0","0","0","https://x.com/undefined/status/2048032913812594984","69667455",
"2048032876734927043","Sat Apr 25 13:34:23 +0000 2026","0","tiap melihat org opini aneh bin asbun ah inilah produk berhasil dan dicintai pemerintah . alias menolak ilmu dan menolak edukasi stay oon dah lu","2048032876734927043","","","in","","1","0","0","https://x.com/undefined/status/2048032876734927043","1628958751180095489",
"2048032756085780481","Sat Apr 25 13:33:54 +0000 2026","0","Masalah kayak gini bikin kita mikir ulang buat pilih yang lebih terpercaya contohnya bank pemerintah.","2048032756085780481","","","in","","0","0","0","https://x.com/undefined/status/2048032756085780481","1906926439426912256",
"2048032729225396364","Sat Apr 25 13:33:47 +0000 2026","0","Emang kocak geming kelakuan pemerintah negara satu ini lawak lawan","2048032729225396364","","","in","","0","0","0","https://x.com/undefined/status/2048032729225396364","1375383194770448385",
"2048032621087936641","Sat Apr 25 13:33:22 +0000 2026","0","Mas Bagus Muljadi nanya kenapa ga ada yang mau? Jawaban dari pak Anhar simpel saja kira-kira begini karena pemerintah/siapa pun ga menganggap karya ini begitu relevan di jaman sekarang. ","2048032624262926474","","hafiizh_aa","in","","0","0","0","https://x.com/undefined/status/2048032624262926474","3040079575",
"2048032582194069910","Sat Apr 25 13:33:12 +0000 2026","0","Pas baca ini jadi makin bersyukur pakai yang lebih stabil kayak bank pemerintah.","2048032582194069910","","","in","","0","0","0","https://x.com/undefined/status/2048032582194069910","1966164629970911232",
"2048032562740879772","Sat Apr 25 13:33:08 +0000 2026","0","UDARA PANAS &amp; BERITA DARI PEMERINTAH SELALU BIKIN MAKIN EMOSI","2048032562740879772","","","in","","0","0","0","https://x.com/undefined/status/2048032562740879772","1440903198785507335",
"2048032190618042698","Sat Apr 25 13:33:00 +0000 2026","1","Kemenkum Jabar mendorong pemerintah daerah membuat kebijakan pro-KI. Dengan banyaknya produk daerah yang terdaftar Kekayaan Intelektualnya maka ekonomi daerah Kabupaten Bandung akan semakin stabil dan kuat. Kemenkum Jabar - Asep Sutandar.","2048032531216539888","","kemenkumjabar","in","","0","0","0","https://x.com/undefined/status/2048032531216539888","1177725229",
"2048032462824157614","Sat Apr 25 13:32:44 +0000 2026","0","Phuspa film india ttng pembalakan hutan penebangan pohon yg dibekingin aparat kayaknya kalau diremake di indonesia bakal rame dicekal pemerintah","2048032462824157614","","","in","","0","0","0","https://x.com/undefined/status/2048032462824157614","1268923442536910848",
"2047967601704517665","Sat Apr 25 13:32:36 +0000 2026","7","@tempodotco kocak emg pemerintah. lulusan s1 kesulitan cari kerja bkn krn background mereka ga sesuai tp emg pemerintah kurang memfasilitasi lapangan pekerjaan buat lulusan s1 terutama guru. gmn ga banyak pengangguran terdidik klo lulus fkip masih harus ppg buat bisa ngelamar ke sekolah https://t.co/6MCvzamIag","2048032430683312191","https://pbs.twimg.com/media/HGwSoWWaUAIj5E9.jpg","tempodotco","in","","1","0","5","https://x.com/undefined/status/2048032430683312191","1428204613170208769",
"2048032248700752099","Sat Apr 25 13:31:53 +0000 2026","0","emng pemerintah ajg udah tol nya mahal banget jalanan kaga bener bikin rusak mobil doang tai","2048032248700752099","","","in","","0","0","0","https://x.com/undefined/status/2048032248700752099","1815194314487771136",
"2048032242048663563","Sat Apr 25 13:31:52 +0000 2026","0","capek2 kerja buat bayarin gaji pemerintah ujung-ujungnya penulis fanfic gratis yang harus membantu literasi warga supaya berkembang","2048032245303357938","","bucin_loona","in","","0","0","0","https://x.com/undefined/status/2048032245303357938","966634298596999170",
"2047878504025632996","Sat Apr 25 13:31:52 +0000 2026","1","@vicko_twitt Pinter an pemerintah dong drpd rakyatnya.... Rakyat gwoblog mah diapain jg pasrah wkwkwk..","2048032244309385312","","vicko_twitt","in","","0","0","0","https://x.com/undefined/status/2048032244309385312","1639315365489709056",
"2048032204274782644","Sat Apr 25 13:31:42 +0000 2026","3","Tw // pemerintah Kok gitu solusinyaa??!! Kan harusnya ya kalian mikir GIMANAAA CARANYA BUAT BUKA LAPANGAN PEKERJAANN UTK PARA SARJANA... BUKANNYA NUTUP PINTU PERKULIAHAN BIAR KERJAAN MASYARAKATNYA JADI MONOTON/ITU² AJAAA BAPAK² DAN IBU² SKALIANNN https://t.co/JaXBhGlqog","2048032204274782644","https://pbs.twimg.com/media/HGwSbk7b0AALD29.jpg","","in","","0","4","0","https://x.com/undefined/status/2048032204274782644","1415882191398072320",
"2047989980669370681","Sat Apr 25 13:31:29 +0000 2026","0","@zorokelekan Pemerintah emng ga ke hal2 akademis condongnya tapi klo bisa dikritik ya emng dari kualitas pendidikan banyak prodi kebanyakan belum bisa ngehasilin SDM yng mumpuni yg setidaknya bisa bersainglah ke pasar kerja global klo di negara kita belum ada banyak lapangan...","2048032149253840929","","zorokelekan","in","","0","1","0","https://x.com/undefined/status/2048032149253840929","1875143017914630145",
"2048031806587572718","Sat Apr 25 13:30:07 +0000 2026","0","Industrinya aja juga gak sebanyak itu plis lahh sehari aja ga ada gebrakan gabisa ya ini pemerintah????","2048031806587572718","","","in","","0","0","0","https://x.com/undefined/status/2048031806587572718","1290471828243116033",
"2047999661534007551","Sat Apr 25 13:30:01 +0000 2026","1","@coinvestasi Jangan jangan dikerjain pemerintah sendiri nih ","2048031779370754313","","coinvestasi","in","","0","0","0","https://x.com/undefined/status/2048031779370754313","1754877745505370112",
"2048031690984247720","Sat Apr 25 13:29:40 +0000 2026","0","Pemerintah buruk will pass eventually","2048031690984247720","","","in","","0","0","0","https://x.com/undefined/status/2048031690984247720","1131161535722676226",
"2048031538319872399","Sat Apr 25 13:29:03 +0000 2026","11","Untuk ngurus impor BBM 150 juta barel dari Rusia pemerintah malah mau bikin BLU baru. Padahal sudah ada Pertamina. Kalau lembaga yang ada dianggap nggak mampu harusnya yang dibenahi kinerjanya. Bukan malah bikin pemain baru seolah masalahnya kurang institusi. Ini solusi https://t.co/zGkHToL7b8","2048031538319872399","https://pbs.twimg.com/media/HGwR07EaEAAYSG9.jpg","","in","","0","9","4","https://x.com/undefined/status/2048031538319872399","1267940786991099905",
"2048030602834874786","Sat Apr 25 13:29:02 +0000 2026","0","kalo pemerintah niat kan u bakal putar otak buat memanfaatkan banyak peminat model-model jurusan pendidikan soalnya ya gak bakal ada ruginya bukannya oon begitu malah ngecut kuota/jurusannya aelahhhh tolol banget udah capek banget liatnya","2048031533467132385","","olickya","in","","0","1","0","https://x.com/undefined/status/2048031533467132385","1674440769879543808",
"2048031518652796943","Sat Apr 25 13:28:59 +0000 2026","5","Kalau masalahnya kelebihan lulusan harusnya pemerintah mikirin gimana cara ngatasinya ya gimana mau nggak kelebihan kalau lulusan nonpendidikan bisa jadi guru sedangkan yang lulusan pendidikan harus ikut ppg dulu lah biar bisa sertifikasi terus ijazah S.Pd itu buat apa?","2048031518652796943","","","in","","0","0","1","https://x.com/undefined/status/2048031518652796943","1290471828243116033",
"2047861482889859218","Sat Apr 25 13:28:44 +0000 2026","1","@Duren___ Rakyat jg gwoblog. Pemerintah udah kek gini akut nye jg nyatai2 aje cok apalagi mahasiswa dan aktivis. MATI SEMUA! KENA TERNAAAKKK! JANCOK KELUARGA SOLO!","2048031454857428993","","Duren___","in","","0","0","0","https://x.com/undefined/status/2048031454857428993","1639315365489709056",
"2047899488271114263","Sat Apr 25 13:28:38 +0000 2026","0","@MsPiazon harusnya ada standard day care nih dari pemerintah kalo gak memenuhi standard paksa tutup izinnya. syaratnya harus ada CCTV yang dibuka publik dan orang tua bisa akses CCTV tersebut seharian.","2048031432187298297","","MsPiazon","in","","0","0","0","https://x.com/undefined/status/2048031432187298297","53198825",
"2048031411681337765","Sat Apr 25 13:28:33 +0000 2026","1","Pemerintah mengimbau masyarakat agar tidak mudah tergiur dengan tawaran haji tanpa antre yang dipastikan ilegal. Juru Bicara Kementerian Haji dan Umrah Maria Assegaf menegaskan bahwa ibadah haji hanya bisa dilakukan menggunakan visa haji resmi dari Pemerintah Arab Saudi karena https://t.co/0l8ONpU03h","2048031411681337765","https://pbs.twimg.com/amplify_video_thumb/2048031282953916416/img/yJl1EPOYk2m9TKxD.jpg","","in","","0","0","0","https://x.com/undefined/status/2048031411681337765","18071520",
"2048025771323818342","Sat Apr 25 13:28:23 +0000 2026","6","@AbidinSfl @TimnasXtra Emang lagi BU banget udah ga di kasih dana ama pemerintah lagi sejak gagal kualifikasi pildun di lepas suruh cari duit sendiri dari sponsor aja kurang ","2048031367024594957","","AbidinSfl","in","","0","0","0","https://x.com/undefined/status/2048031367024594957","1473532082575925249",
"2048030787262394490","Sat Apr 25 13:27:57 +0000 2026","0","@muncorner mau temenan dan menggoreng pemerintah","2048031259763610094","","muncorner","in","","0","0","0","https://x.com/undefined/status/2048031259763610094","995889706293379072",
"2047935146268176548","Sat Apr 25 13:27:41 +0000 2026","0","@rofmeov Sex: setiap hari diperkosa kebijakan pemerintah. Alkohol: mabok gak perlu minum dikasih tugas seabrek juga cukup.","2048031192856088758","","rofmeov","in","","0","0","0","https://x.com/undefined/status/2048031192856088758","3314383160",
"2048031158093652264","Sat Apr 25 13:27:33 +0000 2026","0","Halo #SobATRBPNKantahKotaTanjungpinang Kepala Kantor Pertanahan Kota Tanjungpinang mendampingi Wali Kota beserta Sekda Kota Tanjungpinang dalam rangka koordinasi dengan Pemerintah Pusat terkait pemanfaatan lahan di daerah Jakarta Kamis (23/04/2026). https://t.co/Pjc3uYomGb","2048031158093652264","https://pbs.twimg.com/media/HGwRbDRbYAAKYQW.jpg","","in","","0","0","0","https://x.com/undefined/status/2048031158093652264","1176031557305262081",
"2047984904743576056","Sat Apr 25 13:27:08 +0000 2026","1","@antaranirnama Negara ngerasa lulusan pendidikan kebanyakan dan pemerintah gk bisa nyelesain masalah kesempatan kerja yg gk ada","2048031055622656466","","antaranirnama","in","","0","0","1","https://x.com/undefined/status/2048031055622656466","1363800709611757571",
"2048030860704715161","Sat Apr 25 13:26:22 +0000 2026","0","[KLARIFIKASI] Hoaks Isu Pemerintah Ambil Alih Dana Kas Masjid https://t.co/cYp3yxPkOR #CekFakta #KemenagRI #InfoMasjid #LawanHoax #BeritaMasjid #LiterasiDigital #Tabayyun #KementerianAgama #DanaUmat #EdukasiPublik #KabarTerbaru #IndonesiaCerdas #AntiHoax #PengelolaanMasjid https://t.co/vHoEYUn3sd","2048030860704715161","https://pbs.twimg.com/media/HGwRNnEXUAA2uim.jpg","","in","","0","0","0","https://x.com/undefined/status/2048030860704715161","1991381882110636032",
"2046811789611221450","Sat Apr 25 13:26:20 +0000 2026","1","@kumparan @DirjenPajak Nyusahin rakyat aja luh..? Purbaya juga menekankan pemerintah belum berencana menambah jenis pajak atau menaikkan tarif dalam waktu dekat.","2048030852026962202","","kumparan","in","","0","0","0","https://x.com/undefined/status/2048030852026962202","1398526891322007556",
"2048030787262394490","Sat Apr 25 13:26:04 +0000 2026","0"," Anggep aja Bambang Pamungkas. Dipanggilnya bang mie ayamnya 1 kaya biasa ya. Sehari-hari bukan dagang mie ayam bukan juga main bola melainkan memasak pemerintah. Sudah siap memasak pemerintah bersama saya? https://t.co/2GxpQhC7uC","2048030787262394490","https://pbs.twimg.com/media/HGwRJedXoAAhzPe.jpg","","in","","0","18","0","https://x.com/undefined/status/2048030787262394490","1284050960013115393",
"2048030768744780016","Sat Apr 25 13:26:00 +0000 2026","0","Another day another liat oknum pemerintah yang logikanya ngawur gini","2048030768744780016","","","in","","0","0","0","https://x.com/undefined/status/2048030768744780016","1433738263559225349",
"2047995503284195645","Sat Apr 25 13:25:58 +0000 2026","0","@DedynurPalakka @KerjaHasil_id Kritis bukan berarti tidak mendukung pemerintah dan mendukung bukan brrti semua kebijakannya dibenrkan Kalo anda mendukung pemerintah karena sosok idola itu salah kaprah ","2048030760121286681","","DedynurPalakka","in","","0","0","0","https://x.com/undefined/status/2048030760121286681","1182159541972025349",
"2047930129343726053","Sat Apr 25 13:25:55 +0000 2026","0","@FebNew483 @menuembegejelek Tapi jangan tutup mata juga dengan orang tua murid dan masyarakat yang semakin berat hidup &amp; ekonominya karena pemerintah memangkas anggaran/subsidi sektor strategis yang seharusnya untuk masyarakat luas dan di alihkan ke MBG ini. Niat baik belum tentu membawa hal baik loh.","2048030748368871755","","FebNew483","in","","0","0","0","https://x.com/undefined/status/2048030748368871755","1107614983968284674",
"2048030722167099748","Sat Apr 25 13:25:49 +0000 2026","0","Hal yang baik biasanya adalah sebaliknya dri omongan pemerintah Kan?","2048030722167099748","","","in","","0","0","0","https://x.com/undefined/status/2048030722167099748","86287725",
"2048028242180006077","Sat Apr 25 13:25:43 +0000 2026","0","@faeragraphs udahlah ngeributin posisi top bot ditambah writer harus menuhin ekspektasi reader belum lagi harus mendidik. lama lama lebih gede pressure author au daripada pemerintah kalau ngeributin hal ginian. sumpah ga jelas bu orangnya aneh jir ngelem tuh kayaknya pas lagi ngetik","2048030695793344549","","faeragraphs","in","","0","1","0","https://x.com/undefined/status/2048030695793344549","2003244728511528964",
"2048030690441326945","Sat Apr 25 13:25:41 +0000 2026","0","oomf born hater pemerintah ril. gw gayut parkir lu deh las.","2048030690441326945","","","in","","0","0","0","https://x.com/undefined/status/2048030690441326945","1811971753788473344",
"2048027336931520771","Sat Apr 25 13:25:13 +0000 2026","1","@gxgpriluv ayo bacotin pemerintah","2048030571897766288","","gxgpriluv","in","","0","0","0","https://x.com/undefined/status/2048030571897766288","1459925095158140938",
"2047989470717460882","Sat Apr 25 13:24:53 +0000 2026","0","@VikirBaskervl Klo smpe pemerintah meghilangkan jurusan2 ini (mtk murni ilmu ekonomi kimia murni sejarah filsafat politik) wah bisa ancur indonesia di masa depan wkwkk. Biasalah gen x dan boomer ga bisa berpikir ke depan","2048030489605509344","","willemjo85977","in","","0","2","0","https://x.com/undefined/status/2048030489605509344","2009957716253650945",
"2048030362379661382","Sat Apr 25 13:24:23 +0000 2026","0","Apasih anjing pemerintah yang gak bisa kasih lapangan pekerjaan malah prodi nya di hilangkan GOBLOK","2048030362379661382","","","in","","0","0","0","https://x.com/undefined/status/2048030362379661382","1363713389093023748",
"2048030254443426091","Sat Apr 25 13:23:57 +0000 2026","0","Tiap hari ada aja berita dari pemerintah yg bikin mental gw down ajg","2048030254443426091","","","in","","0","0","0","https://x.com/undefined/status/2048030254443426091","2203785344",
"2048030238077247504","Sat Apr 25 13:23:53 +0000 2026","0","MPR Desak Pemerintah Bangun Kesadaran Pentingnya Vaksinasi Anak pada Masyarakat https://t.co/gbUYb9dzNE","2048030238077247504","","","in","","0","0","0","https://x.com/undefined/status/2048030238077247504","848614550",
"2048028336883118305","Sat Apr 25 13:16:20 +0000 2026","0","Gw kayaknya harus career switch dah. Soalnya kalo misal gw mau ngelamar posisi import lagi susah. Bkn krn lowongannya tp krn import mulai dipersulit + kurs usd naik terus. Jd perkiraan gw import bakal turun dan ga rame fak pemerintah","2048028336883118305","","","in","","0","0","0","https://x.com/undefined/status/2048028336883118305","2203785344",
"2047966510371795390","Sat Apr 25 13:16:03 +0000 2026","0","@txttransportasi Emng pemerintah anj antusias banyak busnya headwanya lama bftttt","2048028265277984813","","txttransportasi","in","","0","0","0","https://x.com/undefined/status/2048028265277984813","1176827441727229952",
"2048028244885250255","Sat Apr 25 13:15:59 +0000 2026","0","Cuih banget nyalahin penulis fanfic drpd pemerintah yang lebih bertanggung jawab pada hal literasi rendah itu","2048028247305429108","","imfallenfor","in","","0","1","0","https://x.com/undefined/status/2048028247305429108","1165976090134736897",
"2047982871856795750","Sat Apr 25 13:15:51 +0000 2026","0","@penduduk_lokal_ Terkutuklah Pemerintah zalim dengan kaki-tangannya yang mengkhianati konstitusi sumpah jabatan dan akal sehat.","2048028215604830413","","penduduk_lokal_","in","","0","0","0","https://x.com/undefined/status/2048028215604830413","1017066291218116609",
"2047937516687503433","Sat Apr 25 13:15:50 +0000 2026","0","@elisa_jkt @KemenkeuRI Berharap idemu di dengar dan di..ajak kolab pemerintah","2048028209636417926","","elisa_jkt","in","","0","0","0","https://x.com/undefined/status/2048028209636417926","710394355115286528",
"2048006843939856723","Sat Apr 25 13:15:08 +0000 2026","0","@Asasurasaaaa Ganti pemerintah kak","2048028034528420269","","Asasurasaaaa","in","","0","0","0","https://x.com/undefined/status/2048028034528420269","1419263989452656646",
"2047654913627357621","Sat Apr 25 13:15:02 +0000 2026","0","@Renews_update @neodajunior @sahouraxo Wong gitu faktanya lebih najis penjilat pemerintah kayak sampean","2048028007819076002","","Renews_update","in","","0","0","0","https://x.com/undefined/status/2048028007819076002","1831084940773257216",
"2048027852571066810","Sat Apr 25 13:14:25 +0000 2026","1","Kalau pemerintah bilang A maka lalukan (A-) pasti mereka ada rencana yang kalian ga tau ud kek episode Marinir dan Pemerintah Dunia di One Piece pokoknya.","2048027852571066810","","","in","","0","0","1","https://x.com/undefined/status/2048027852571066810","210842691",
"2048027667614597378","Sat Apr 25 13:13:41 +0000 2026","0","Komisi I DPR meminta pemerintah untuk melakukan evaluasi menyeluruh terkait aspek keamanan dan pola penugasan prajurit di Lebanon. #Polhuk #AdadiKompas https://t.co/8xpYV5PtDW","2048027667614597378","","","in","","0","0","0","https://x.com/undefined/status/2048027667614597378","771030588",
"2048027653337485520","Sat Apr 25 13:13:37 +0000 2026","0","Desentralisasi Otonomi Harus Nyata Pemerintah Bukan Malah Memperkuat Sentralisasi. Otonomi tidak cukup diperingati tetapi harus dijalankan dengan kewenangan nyata di daerah. https://t.co/4vr5fL75ca https://t.co/4KZBqDdwPn","2048027653337485520","https://pbs.twimg.com/media/HGwOS3XaoAASdrf.jpg","","in","","0","0","0","https://x.com/undefined/status/2048027653337485520","1866478058582257664",
"2048027563780612125","Sat Apr 25 13:13:16 +0000 2026","0","Apasii negara ini ya Allah. Emg bener curiga masuk surga jalur didzolimi pemerintah","2048027563780612125","","","in","","0","0","0","https://x.com/undefined/status/2048027563780612125","1386389144620867585",
"2047849192127967740","Sat Apr 25 13:13:08 +0000 2026","0","@bangherwin Ibaratnya kalo di dunia hewan ikan sapu-sapu jadi duta terbang. Kenapa ga pilih burung aja? Ya gitu lah pemerintah Indonesia ga punya logika.","2048027532151394315","","bangherwin","in","","0","2","0","https://x.com/undefined/status/2048027532151394315","1213399571037995008",
"2048026221410496741","Sat Apr 25 13:12:52 +0000 2026","1","5. Pemerintah untuk memastikan implementasi cepat dan tegas UU PPRT termasuk mekanisme pengawasan di ruang domestik.","2048027465671717060","","pekerjakampus","in","","0","1","1","https://x.com/undefined/status/2048027465671717060","1664206566780809223",
"2048027307823296834","Sat Apr 25 13:12:15 +0000 2026","0","Tennessee menjadi negara bagian kedua di Amerika Serikat yang melarang Bitcoin ATM setelah pemerintah setempat mengesahkan undang-undang baru yang membuat kepemilikan atau pengoperasian mesin tersebut menjadi tindakan ilegal. https://t.co/LkbSgGFxI4 @AidilAKBAR","2048027307823296834","","","in","","0","0","0","https://x.com/undefined/status/2048027307823296834","1723149986979033088",
"2048027226868969868","Sat Apr 25 13:11:56 +0000 2026","0","Normies nih kalo ikut campur nyebelin banget masa author fanfik disuruh tanggung jawab sama kemajuan bangsa? Itu tugas pemerintah ya kocak yg mereka aja ga peduli kalo aku mati ngapain aku harus bantu kerja mereka??","2048027226868969868","","","in","","0","1","0","https://x.com/undefined/status/2048027226868969868","1879380755681628160",
"2048008496462156110","Sat Apr 25 13:11:33 +0000 2026","0","@miraesdailyy padahal inti kuliah kan emang diciptain buat ngebuka ranah wawasan mahasiswanya karena pemerintah nya goblok aja jadinya kuliah dijadiin ajang sekalian nyari prospek kerja mahasiswa nya ga salah yang kuliah ga salah yang salah pemerenta titik","2048027133700940245","","miraesdailyy","in","","0","0","0","https://x.com/undefined/status/2048027133700940245","1917897289177399296",
"2048027024409625037","Sat Apr 25 13:11:07 +0000 2026","1","Komisi I DPR meminta pemerintah untuk melakukan evaluasi menyeluruh terkait aspek keamanan dan pola penugasan prajurit di Lebanon. #Polhuk #AdadiKompas https://t.co/IkaTdX7Lp0","2048027024409625037","","","in","","1","0","0","https://x.com/undefined/status/2048027024409625037","255866913",
"2047981633190691074","Sat Apr 25 13:09:19 +0000 2026","0","@direktoridosen @prabowo Kalau hidup di Negara dan pemerintah yang Gila gimana Mindos?","2048026571068620897","","direktoridosen","in","","0","0","0","https://x.com/undefined/status/2048026571068620897","518520528",
"2048026476969402635","Sat Apr 25 13:09:15 +0000 2026","0","Kemenkum Jabar melihat pentingnya keterlibatan aktif Pemerintah Desa. Koordinasi dengan Desa Mekarmaju adalah contoh bagus bagaimana pendaftaran Kekayaan Intelektual bisa dimulai dari tingkat akar rumput. Kemenkum Jabar - Asep Sutandar.","2048026555398664585","","kemenkumjabar","in","","0","0","0","https://x.com/undefined/status/2048026555398664585","1177725229",
"2048001595078791168","Sat Apr 25 13:09:11 +0000 2026","0","@mulanbilqis sebanyak itu anak yang tidak punya kesempatan mengenyam pendidikan tapi katanya pemerintah wajib mencerdaskan anak bangsa apa mungkin karena biar nggak sekolah nggak papa yang oenting tidak protes dan kritis kalau pinter susah diatur","2048026537161879895","","mulanbilqis","in","","0","0","0","https://x.com/undefined/status/2048026537161879895","1254929201334894592",
"2048026185993719912","Sat Apr 25 13:08:59 +0000 2026","0","Aneh banget manusia menyalahkan fanfic writer karna skor literasi indo yg rendah . Itu tanggungjawab pemerintah bukan writer apalagi writer gratisan","2048026488113652054","","bleupai","in","","0","0","0","https://x.com/undefined/status/2048026488113652054","1183776519132340224",
"2048026235817934985","Sat Apr 25 13:07:59 +0000 2026","0","Video: Pemerintah Siapkan Skema Jika Belanja Pegawai di Daerah Belum 30% https://t.co/UPse8PNwLs","2048026235817934985","","","in","","0","0","0","https://x.com/undefined/status/2048026235817934985","598959076",
"2048026157778624576","Sat Apr 25 13:07:41 +0000 2026","0","ni pemerintah pada ga becus anjir","2048026157778624576","","","in","","0","0","0","https://x.com/undefined/status/2048026157778624576","1265125404613816320",
"2048026117119082881","Sat Apr 25 13:07:31 +0000 2026","0","Penulis fanfic tidak punya beban moral untuk mencerdaskan bangsa. Penulis ini nulis buat kesenangan mereka sendiri dibagikan ke fandom mereka. Kalau mau cerdas salahkan pemerintah dong. Buku mahal perpus jam bukanya ngawur kurikulum pendidikan yang ganti2. Ngawuur ngawuur","2048026117119082881","","","in","","0","0","0","https://x.com/undefined/status/2048026117119082881","1880942934612492288",
"2048021612751102243","Sat Apr 25 13:07:19 +0000 2026","0","- hubungan bi dengan pemerintah pusat dan pemerintah daerah - apa itu bank sentral - fungsi bank sentral dan BI - apa bedanya banksentral dan bi","2048026066070184172","","kebulli_","in","","0","1","0","https://x.com/undefined/status/2048026066070184172","1324276536753623048",
"2048025892144984161","Sat Apr 25 13:06:37 +0000 2026","0","ANEH. Mending jabatan sing gajelas &amp; tunjangan pemerintah e dikurangi. MBG iku lo entek² ii anggaran tp ga mutu blas &amp; nambah beban guru sing gaji e yoo mek sak bijimu wok Jare negoro gede tp pemerintah e diisi wong kyk kontol suwe² ajur negoro iki. Rupiah ii lo tmbh anjlok AJG","2048025892144984161","","","in","","0","0","0","https://x.com/undefined/status/2048025892144984161","1349557011411685381",
"2048025658761281586","Sat Apr 25 13:05:42 +0000 2026","0","Soal dia nolak kerjaan lbh baik yg diomongin sana-sini? Itu kn bumbu2 skandal aja bang. Ibam nih kn lagi dikriminalisasi terus ada fakta muncul dia nolak Meta krn lbh milih kerja dg pemerintah. Ada cerita gitu kamu berharap publik bereaksi kayak mana?","2048025661873508777","","HitamSmt","in","","0","1","0","https://x.com/undefined/status/2048025661873508777","1794548123827904512",
"2047989940265316848","Sat Apr 25 13:05:33 +0000 2026","3","@direktoridosen wkwk emg pemerintah aneh yg prodi murni pendidikan dipersulit untuk apapunnya sedangkan non pendidikan bisa gampang banget tuh nyemplung ke dunia pendidikan","2048025624439341403","","direktoridosen","in","","0","0","0","https://x.com/undefined/status/2048025624439341403","1132060044751585281",
"2047893912338252102","Sat Apr 25 13:04:32 +0000 2026","0","@ad_dajjal_ @txtdranakmama @myhaddadihero @ainunnajib @prabowo @kumparan @tribunnews @CNNIndonesia situ yg tdk tertib nalarnya kalo nalarnya tertib dapat gaji ratusan juta dari pemerintah tentu sdh paham dg resiko yg akan dihadapi jika suatu saat ternyata bermasalah dg hukum.","2048025366950793521","","ad_dajjal_","in","","0","1","0","https://x.com/undefined/status/2048025366950793521","1438095698432385024",
"2048025311334576563","Sat Apr 25 13:04:19 +0000 2026","4","Buat teman-teman queers di indo hati-hati dan saling jaga ya takut kalian dikambing hitamkan gara-gara pemerintah yang nggak becus dan kompeten nanti bawa-bawa agama buat eksekusi kalian. Masih inget kan tahun 98 chindo yang jadi kambing hitamnya?","2048025311334576563","","","in","","0","0","0","https://x.com/undefined/status/2048025311334576563","1728618037555933184",
"2048007784025956429","Sat Apr 25 13:04:17 +0000 2026","0","@MikeSuganda Galau in pemerintah aja kak","2048025304418091339","","MikeSuganda","in","","0","1","0","https://x.com/undefined/status/2048025304418091339","1755571449547628544",
"2048025245207154974","Sat Apr 25 13:04:03 +0000 2026","0","@ pemerintah kalo lu gak ngerti pembicaraan ginian mending sekolah lagi gausah ngurus negara. Kalo cuma punya solusi level cetek atau yg dijawab pas ditanya wartawan level asbun mending dagang cilok aja gausah ngurus negara. Gak kompeten!","2048025245207154974","","","in","","0","0","0","https://x.com/undefined/status/2048025245207154974","1299684884294725632",
"2047986831460126918","Sat Apr 25 13:03:54 +0000 2026","1","@hrdbacot Masih ga ngerti kenapa ada orang yg hobinya ngebentuk konflik horizontal gini. Suruhan pemerintah kah? Just wondering","2048025208762908942","","hrdbacot","in","","0","0","0","https://x.com/undefined/status/2048025208762908942","1907794191889084421",
"2047887105422958634","Sat Apr 25 13:03:23 +0000 2026","0","@tanyakanrl Dari dulu coy pemerintah kalian itu bangsat. Tapi kenape rakyat membiarkan. Yg gwoblog siapa. Semua gwoblog..","2048025076944273754","","tanyakanrl","in","","0","0","0","https://x.com/undefined/status/2048025076944273754","1639315365489709056",
"2048025071261037049","Sat Apr 25 13:03:22 +0000 2026","23","SISTEM TIDAK JELAS Pemerintah malah berencana salurkan bansos lewat Kopdes. Saya mengutip berita dari kantor berita antara Peneliti dari CORE Yusuf Rendy Manilet memberikan peringatan terkait rencana pemerintah menggunakan Koperasi Desa (Kopdes) Merah Putih sebagai penyalur https://t.co/BYhYWBhM9Z","2048025071261037049","https://pbs.twimg.com/media/HGwL8tfacAAIXw1.jpg","","in","","2","13","10","https://x.com/undefined/status/2048025071261037049","1901591046",
"2047762055579758666","Sat Apr 25 13:03:13 +0000 2026","0","@TukangKomporin Meuni tutup mata pisan maneh Jelas dina video ge atuh milu mijah. Aing supporter mayar pajak belegug wajar aing protes ka pemerintah fokus we urus jabar nu bener aing geus mayar pajak gunakeun duit aing keur nu hal baleg. Maneh bodo na kacida anying ","2048025036360237532","","TukangKomporin","in","","0","1","0","https://x.com/undefined/status/2048025036360237532","855799278727438339",
"2048024973944734199","Sat Apr 25 13:02:58 +0000 2026","0","EH SICMONYET PEMERINTAH INI PENDIDIKAN BAHASA INGGRIS KOK DITUTUP MONYETTT","2048024973944734199","","","in","","0","0","0","https://x.com/undefined/status/2048024973944734199","1211217554246471680",
"2047579832452854240","Sat Apr 25 13:02:56 +0000 2026","0","@L4mon1 @mindplater @txtdarionlshop Kalo rakyat yg membuat nilai rupiah melemah dikarenakan takut nilai hartanya kegerus inflasi Indo dibilang pengkhianat bangsa.. Tapi kalau pemerintah yg membuat nilai rupiah melemah dibilang apa dong? Toh kalo pemerintah becus dan ekonomi negara ini bagus g bakal beli usd","2048024963580592558","","L4mon1","in","","0","0","0","https://x.com/undefined/status/2048024963580592558","1566014423424446464",
"2048024955405939030","Sat Apr 25 13:02:55 +0000 2026","0","Bantuan pembangunan rumah apung tersebut hasil kolaborasi antara Pemerintah Provinsi Jawa Tengah Pemerintah Kabupaten Demak dan Bank Jateng. ---------- Baca Berita Terpercaya lainnya di https://t.co/gWEjMt5krv","2048024960921383308","","suaramerdeka","in","","0","0","0","https://x.com/undefined/status/2048024960921383308","219527452",
"2048024809792278671","Sat Apr 25 13:02:20 +0000 2026","0","Kapan sih ga kaget sama asbun pemerintah...","2048024812405370936","","salsarchives","in","","0","0","0","https://x.com/undefined/status/2048024812405370936","1443727026",
"2048024522667012522","Sat Apr 25 13:01:59 +0000 2026","1","Pelindungan Kekayaan Intelektual adalah bentuk investasi jangka panjang. Kemenkum Jabar mendorong pemerintah daerah Kabupaten Bandung untuk terus berkolaborasi demi mengamankan seluruh aset intelektualnya. Kemenkum Jabar - Asep Sutandar.","2048024724014592156","","kemenkumjabar","in","","0","0","0","https://x.com/undefined/status/2048024724014592156","1177725229",
"2048024525309354239","Sat Apr 25 13:01:11 +0000 2026","0"," ... Pemerintahlah yg sesungguhnya antek asing. Tidak mencintai bangsanya sendiri. Rakyat sibuk cari kerja begitu ada lowongan orang asing didahulukan dengan gaji di atas warga nkri. Warga sendiri diupah umr. Sebenarnya yg menghina bangsanya sendiri adalah pemerintah.","2048024525309354239","","","in","","0","0","0","https://x.com/undefined/status/2048024525309354239","3032152165",
"2048024009594519811","Sat Apr 25 13:00:46 +0000 2026","0","Enak kalo pemerintah mau biayain vaksin HPV biar mencegah penyakitnya. Ini aja ga dibiayain pdhl menurut gue ini crucial.","2048024417964540237","","gabielova","in","","0","1","0","https://x.com/undefined/status/2048024417964540237","1380520760322576387",
"2048024406988099995","Sat Apr 25 13:00:43 +0000 2026","0","ini twt isinya bnr bnr gado gado dah alias banyak bgt topiknye. ada anime lah ada 5sos lah ada jg pemerintah taik itu jirlah wokaowkaowk","2048024406988099995","","","in","","0","0","0","https://x.com/undefined/status/2048024406988099995","1167825186223054848",
"2047521253939192247","Sat Apr 25 13:00:22 +0000 2026","0","@Viridianish @biaserubia @wehabagde @gastronusa Kesel sm kelakuan pemerintah tp banyak masyarakat kita yg dukung juga kaya gn contohnya ","2048024316609167848","","Viridianish","in","","0","0","0","https://x.com/undefined/status/2048024316609167848","1179728997518733312",
"2048024242105540876","Sat Apr 25 13:00:04 +0000 2026","0","Saldo Anggaran Lebih atau SAL yang tersimpan di Bank Indonesia semakin menipis. Sejak tahun lalu hingga saat ini pemerintah menarik SAL hingga tersisa kurang dari separuhnya sebagian besar digerojokkan pada bank. Apa risiko dari kian menipisnya SAL? https://t.co/ttwvVjQPhW","2048024242105540876","https://pbs.twimg.com/media/HGt2VdhaAAAp-E5.jpg","","in","","0","1","0","https://x.com/undefined/status/2048024242105540876","3179542928",
"2048024229246030022","Sat Apr 25 13:00:01 +0000 2026","73","Gawat Bantalan Anggaran Semakin Tipis Saldo Anggaran Lebih atau SAL yang tersimpan di Bank Indonesia semakin menipis. Sejak tahun lalu hingga saat ini pemerintah menarik SAL hingga tersisa kurang dari separuhnya sebagian besar digerojokkan pada bank. Apa risiko dari kian https://t.co/XEfEgeDnL7","2048024229246030022","https://pbs.twimg.com/media/HGuA24vbQAA1ESI.jpg","","in","","2","13","31","https://x.com/undefined/status/2048024229246030022","18129942",
"2048023097006313809","Sat Apr 25 12:59:52 +0000 2026","1","Sinergi Kemenkum Jabar dan Pemerintah Desa Mekarmaju membuka jalan bagi pengrajin lokal untuk mendapatkan haknya. Mari kita dorong pertumbuhan ekonomi desa berbasis pelindungan Kekayaan Intelektual. Kemenkum Jabar - Asep Sutandar.","2048024192923336767","","kemenkumjabar","in","","0","0","0","https://x.com/undefined/status/2048024192923336767","1177725229",
"2048024123994218997","Sat Apr 25 12:59:36 +0000 2026","0","Sebenarnya saya pengen bikin akun perlawanan terhadap pemerintah. Tapi ya saya mikir2. Udah paling enak itu nyerang Jokowi-Gibran-Bahlil aja aman. Jangan nekat nyebut nama Mr P","2048024123994218997","","","in","","0","0","0","https://x.com/undefined/status/2048024123994218997","1974133393077198848",
"2048024120953283061","Sat Apr 25 12:59:35 +0000 2026","0","https://t.co/QyM0nYFRhg JurnalPatroliNews Yogyakarta Pemerintah Kota (Pemkot) Yogyakarta melalui Dinas Pemberdayaan Perempuan Perlindungan Anak dan Pengendalian #PENGADILAN #pemerintah #kota","2048024120953283061","","","in","","0","0","0","https://x.com/undefined/status/2048024120953283061","1507307226058223618",
"2048024073331159270","Sat Apr 25 12:59:24 +0000 2026","0","Makin hari makin ada aja bahan buat benci sama pemerintah","2048024073331159270","","","in","","0","0","0","https://x.com/undefined/status/2048024073331159270","1230883787589832704",
"2048023915398906123","Sat Apr 25 12:58:46 +0000 2026","12","semua hal dikerjakan pemerintah kecuali 'bekerja'.","2048023915398906123","","","in","","0","1","1","https://x.com/undefined/status/2048023915398906123","2766103766",
"2047905636772663751","Sat Apr 25 12:58:31 +0000 2026","1","@bangherwin Saya lebih terkejut kalo DPR terkejut karna hampir semua orang parpol di DPR adalah pendukung pemerintah....","2048023854166188463","","bangherwin","in","","0","0","0","https://x.com/undefined/status/2048023854166188463","983377490788859904",
"2048023527614533818","Sat Apr 25 12:57:15 +0000 2026","0","Peraturan Pemerintah (PP) No. 16 Tahun 2021. Pembahasan yang mengatur tentang Garis Sempadan Bangunan (GSB) dan Jarak Bebas Bangunan.","2048023533750731245","","thissika","in","","0","0","0","https://x.com/undefined/status/2048023533750731245","1908493467581550592",
"2048022828071752008","Sat Apr 25 12:57:14 +0000 2026","0","Betul posisi di market itu penting tapi yg kita harapkan sebagai ritel unyu ini adalah kejelasan regulasi dr pemerintah. Jangan tiap hari ada aja darderdor mbg kopdes udh mah tau sentimen lg negatif investor unyu makin kemari makin emosi","2048023527945855091","","berduurii","in","","0","0","0","https://x.com/undefined/status/2048023527945855091","1901573054616260608",
"2048023480797737431","Sat Apr 25 12:57:02 +0000 2026","0","80 tahun Indonesia merdeka apakah belum pernah Pemerintah dalam hal ini menteri @fadlizon mencoba minta dikembalikan ke Indonesia sebagai kekayaan budaya Indonesia?","2048023480797737431","","","in","","0","1","0","https://x.com/undefined/status/2048023480797737431","1500524883348193282",
"2048023421456724239","Sat Apr 25 12:56:48 +0000 2026","1","Nungguin kuis di IG Pertamina Enduro voucher beli bensin atau LPG Bright gas kan Pertamina udah menang. Tolonglah rakyat jelata yang di dzolimi pemerintah ini.","2048023421456724239","","","in","","0","0","0","https://x.com/undefined/status/2048023421456724239","85293785",
"2047693066199527884","Sat Apr 25 12:56:40 +0000 2026","0","@fatwahatiku konsep gratis aja ga ngerti pemerintah ","2048023387415699636","","fatwahatiku","in","","0","0","0","https://x.com/undefined/status/2048023387415699636","1478639074038607872",
"2048007280537571335","Sat Apr 25 12:56:36 +0000 2026","0","@AchmadFahar Harusnya pemerintah yang pusing bukan kita.. Ini kok tebalik ya","2048023369313042902","","AchmadFahar","in","","0","1","0","https://x.com/undefined/status/2048023369313042902","1478245047841660930",
"2047986032369627622","Sat Apr 25 12:55:25 +0000 2026","1","@BANGSAygSUJUD @Chicagofur @Masdjodi1 @AswinbaharD @Kimberley_PS08 @SBaigin @KiEdySularno @Ndons_Back @jatmiko99604253 @darbento88 @IrawanRommi @Tommy99Martomo Selama hal-hal sperti ini trs dibiarkan terjadi maka selama itu MBG akan ttp jadi bahan &amp; sumber masalah yg akan trs diteriakkan oleh para pembenci pemerintah. Jangan heran klu MBG yg trs jdi sasaran. PEMERINTAH HRS SADAR &amp; SEGERA BENAHI https://t.co/YufnE9zaf2","2048023072649977959","https://pbs.twimg.com/media/HGwKICTa4AE1waS.jpg","BANGSAygSUJUD","in","","0","2","2","https://x.com/undefined/status/2048023072649977959","74720566",
"2047997949687509115","Sat Apr 25 12:54:11 +0000 2026","1","@BuatAlayAja @hjr_______ @fffffungi @bluesaiurs Betul ekonomi melemah karena kebijakan pemerintah yg kacau dan juga perang usa-iran yg belum selesai orang-orang lebih memilih nabung dari buang duit nonton konser beda cerita kalau lu orkay.","2048022763382939684","","BuatAlayAja","in","","0","1","0","https://x.com/undefined/status/2048022763382939684","1257783165562654720",
"2048022678339281336","Sat Apr 25 12:53:51 +0000 2026","1","Mantan sekretaris Partai Komunis Hohhot Li Jianping telah dieksekusi m*ti oleh Pemerintah Tiongkok pada Desember 2024. Ia terkena kasus korupsi sekitar 3 miliar yuan atau Rp 6 7 triliun. Ini menjadikannya sebagai kasus korupsi individu terbesar di Tiongkok. #korupsi #tiongkok https://t.co/mLbEJKJKvu","2048022678339281336","https://pbs.twimg.com/amplify_video_thumb/2048022614040535040/img/5GGH8hnhxPhND3Ri.jpg","","in","","0","0","0","https://x.com/undefined/status/2048022678339281336","1942189981298208768",
"2047967601704517665","Sat Apr 25 12:53:32 +0000 2026","0","@tempodotco Ini ga bisa bayangin alumninya jd omongan para hrd sampai ke tetangga² ohh prodi yg udah di tutup pemerintah itu ya idiiihh nyesek ","2048022598186041588","","tempodotco","in","","0","0","0","https://x.com/undefined/status/2048022598186041588","439672634",
"2048022550693982434","Sat Apr 25 12:53:21 +0000 2026","0","...masyarakat imbau pemerintah tak baperan karena itu hak rakyat...","2048022550693982434","","","in","","0","0","0","https://x.com/undefined/status/2048022550693982434","388798201",
"2047835968892543301","Sat Apr 25 12:51:50 +0000 2026","0","@bachrum_achmadi Sejak jaman kalianlah Amerika bebas disini Demi narik hutang negara pun kalian buat tak bermartabat Sebutan Apa cocoknya buat kalian ini wahai pemerintah?","2048022169167532454","","bachrum_achmadi","in","","0","0","0","https://x.com/undefined/status/2048022169167532454","823447630252490752",
"2047967601704517665","Sat Apr 25 12:51:24 +0000 2026","17","@tempodotco Lulusan beberapa prodi oversupply. Pemerintah be like https://t.co/wv99rje77S","2048022061763989861","https://pbs.twimg.com/media/HGwJNdDbgAEdrwa.jpg","tempodotco","in","","0","1","2","https://x.com/undefined/status/2048022061763989861","446174007",
"2047666278639575496","Sat Apr 25 12:51:18 +0000 2026","1","@mx00711 @agama_nusantara @mistroad_1 @DJIVVO_ @daunsirih5 @balaputra_deva @silarakhito @BuddhisGL @sakkusaitna @spektrumku @Valhallaah @PaijoKentirr @penyebaracun Repot amat sih menanggulangi masalah dagang makanan apakah Pemerintah sudah tidak punya kedaulatan Demokrasi bagi warga yg berjualan. Yg protes bukan warga setempat tp sebagian kaum intoleran HTI Taliban dari warga yg ga jelas.","2048022036027703764","","mx00711","in","","0","0","0","https://x.com/undefined/status/2048022036027703764","1799433830002245632",
"2047849192127967740","Sat Apr 25 12:51:08 +0000 2026","0","@bangherwin perasaan di negara negara lain artisnya nggak ada yang jadi pemerintah","2048021995338826173","","bangherwin","in","","0","0","0","https://x.com/undefined/status/2048021995338826173","1766073024435109888",
"2047986831460126918","Sat Apr 25 12:50:25 +0000 2026","2","@hrdbacot kasus gaji guru 50-100 ribu perbulan itu selalu jadi concern masyarakat. gaji nakes yg ketahan karna tunggakan bpjs pemerintah/mismanajemen rs jg masyarakat yg nyuarain. yg dikritik sistemnya praktik buang2 anggaran ga penting yg sbnrnya bs dialokasikan ke hal yg lebih urgent-","2048021812324581503","","kys6ft","in","","0","1","0","https://x.com/undefined/status/2048021812324581503","1937488932939386880",
"2047984904743576056","Sat Apr 25 12:49:57 +0000 2026","32","@antaranirnama Hadeh....Tiap hari ada aja buat ulah. Daripada ngebatasin. Mending pemerintah pada lengser semua aja dah. Pada gak jelas.","2048021695584469368","","antaranirnama","in","","0","0","2","https://x.com/undefined/status/2048021695584469368","1636992081393754112",
"2048021686143050238","Sat Apr 25 12:49:55 +0000 2026","0","punya lead yg toxic hari ini ke kantor cuma memaki pemerintah kali ini i stand with u","2048021686143050238","","","in","","0","0","0","https://x.com/undefined/status/2048021686143050238","1452037542950277120",
"2047973073484455993","Sat Apr 25 12:49:53 +0000 2026","1","@indepenSumatera @BungkusMul67022 @jawir69 @TMCPoldaMetro @NTMCLantasPolri @DKIJakarta Maka saya bilang Plat B itu utk semua kendaraan terdaftar di DKI. Bukan otomatis milik Pemprov. Kode P itu berarti terdaftar di Jakarta Pusat. Instansi pemerintah di Jakarta Pusat itu banyak ada kementerian/lembag maka saya bilang akan dicek dulu. Salahnya di mana?","2048021679004340529","","indepenSumatera","in","","0","2","0","https://x.com/undefined/status/2048021679004340529","88581196",
"2048021647245168671","Sat Apr 25 12:49:45 +0000 2026","0","https://t.co/RfIZYvF1tJ Upaya pemerintah dalam memulangkan para WNI ini mendapat apresiasi dari mahasiswa Magister Hubungan #indonesia #pemerintah #wni","2048021647245168671","","","in","","0","1","0","https://x.com/undefined/status/2048021647245168671","1507307226058223618",
"2047976106889007346","Sat Apr 25 12:46:42 +0000 2026","0","@diaumond @kompascom giliran ga dapat kerja yang relevan sesuai jurusan nyalain pemerintah sudah seharusnya sekolah dan kuliah harus searah dan relevan dengan lapangan pekerjaan","2048020879049892307","","diaumond","in","","0","1","0","https://x.com/undefined/status/2048020879049892307","1431126438502039555",
"2048020878093668471","Sat Apr 25 12:46:42 +0000 2026","4","Ngomong tinggi-tinggi fafifu wasweswos lu sendiri aja kaga paham fungsi fanfic tuh bukan buat mencerdaskan bangsa bzirrr kenapa author fanfic dibebanin moral begini padahal kalau soal rendahnya literasi anak bangsa salahin aja pemerintah babiii","2048020878093668471","","","in","","0","0","0","https://x.com/undefined/status/2048020878093668471","1500357388377149440",
"2047856448730972450","Sat Apr 25 12:46:42 +0000 2026","0","@LambeSahamjja gatau kenapa sejak perang iran amrik meletus aku udah punya fealing jelek bahwa pemerintah kita kyaknya bakal sulit buat menghandel masalah kali ini. sjak saat itu langsung kutarik semua saham yng ikut ihsg beralih ke deposito biasa. skrng tabungan cman tersisa deposito dan emas","2048020877921677462","","LambeSahamjja","in","","0","0","0","https://x.com/undefined/status/2048020877921677462","1032933878497914882",
"2048020328383988157","Sat Apr 25 12:46:15 +0000 2026","0"," ...Karena itu pemerintah berencana mengendalikan kesenjangan tersebut dengan menutup sejumlah prodi yang tidak relevan... Salah satunya Badri menyebut program ilmu sosial dan kependidikan... ","2048020765828948202","","d_inibudi","in","","0","1","0","https://x.com/undefined/status/2048020765828948202","1305097672563412995",
"2047878504025632996","Sat Apr 25 12:46:15 +0000 2026","4","@zuhdirobbani @vicko_twitt Dlu aku mikirnya gini tau2 bengkak lembaga pemerintah (mbg dan kopdes slh stu perpanjangan pembengkakan lmbga pmrintah) imbas slh stunya efisiensi dmna2 dan bnyk gaji g dibyrkan","2048020765136793988","","zuhdirobbani","in","","0","0","1","https://x.com/undefined/status/2048020765136793988","1911376923562803202",
"2048004952698814495","Sat Apr 25 12:45:38 +0000 2026","0","Buku ini menganalisis upaya pemerintah Orde Baru beserta agen-agen kebudayaannya dalam memanfaatkan produk-produk budaya untuk melegitimasi pembantaian 1965-1966. Sinopsis lengkap: https://t.co/wNAD8CnEJH https://t.co/vaNUw5KisH","2048020608374685747","https://pbs.twimg.com/media/HGwH4eBagAA8DnI.jpg","warungsastra","in","","0","1","0","https://x.com/undefined/status/2048020608374685747","961772229699674112",
"2047796737029615795","Sat Apr 25 12:45:33 +0000 2026","1","@neVerAl0nely___ INI salah.1 AKIBAT PROGRAM PENDIDIKAN tak JADI PRIORITAS no.1 DINEGERI🇮🇩NKRI yg KAYA BERLIMPAH dari HASIL BUMI &amp; SDA Apalagi PELAJARAN BUDI PEKERTI sdh HILANG mulai TINGKAT SD SMP &amp; SMK PEMERINTAH SENANG BAHAGIA bila CUCU2 ANAK2 GENERASI🇮🇩PENERUS dibiarkan BERSOSMEDRIA","2048020590200869047","","neVerAl0nely___","in","","0","0","0","https://x.com/undefined/status/2048020590200869047","1833388220022984707",
