"conversation_id_str","created_at","favorite_count","full_text","id_str","image_url","in_reply_to_screen_name","lang","location","quote_count","reply_count","retweet_count","tweet_url","user_id_str","username"
"2048027192924492222","Sat Apr 25 13:11:47 +0000 2026","0","Menjelang Idul Fitri dan dalam bulan baik ini bulan Ramadhan. Saya mengumpulkan tim relawan untuk bersilaturahmi mendengarkan masukan-masukkan dari mereka karena mereka juga warga Jakarta Utara yang tau masalah di lingkungannya. Semoga kebersamaan... https://t.co/WfIa4k7l0p","2048027192924492222","https://pbs.twimg.com/amplify_video_thumb/2048027065530900480/img/ZKmXmMpLXRu8U83w.jpg","","in","","0","0","0","https://x.com/undefined/status/2048027192924492222","2026225948211961856",
"2048021224694129008","Sat Apr 25 13:09:17 +0000 2026","0","@sunwoor wkwkwkwk yaa gimana pacarku ternyata nama aslinya sunwoo ramadhan baru tauu eh . . ( ̯́ ₃ ̯̀)","2048026562524766250","","sunwoor","in","","0","0","0","https://x.com/undefined/status/2048026562524766250","1235230723",
"2048026303748882773","Sat Apr 25 13:08:17 +0000 2026","0","waktu puasa aku beneran cuman puasa teraweh ke masjid baca alquran sampai selesai (pertama kali selesai 30 juz bln ramadhan) terus aku berdoa supaya bisa kerja habis lebaran dan pas mendekati lebaran aku mulai lamar lamar kerja lagi","2048026310396793276","","moonville5","in","","0","1","0","https://x.com/undefined/status/2048026310396793276","1396674940452048896",
"2048021224694129008","Sat Apr 25 13:05:08 +0000 2026","0","@Cunwook KENAPA RAMADHAN ","2048025519074205746","","Cunwook","in","","0","1","0","https://x.com/undefined/status/2048025519074205746","1408369346586415113",
"2048021224694129008","Sat Apr 25 12:59:22 +0000 2026","0","@sunwoor inisial nya S belakangnya ramadhan ajaa . . (≖⩊≖) muehehehehe ! !","2048024067060715758","","sunwoor","in","","0","1","0","https://x.com/undefined/status/2048024067060715758","1235230723",
"2047938188061143135","Sat Apr 25 12:58:29 +0000 2026","0","@moviemnfs jangan lupa muzakki ramadhan juga.","2048023845253382167","","moviemnfs","in","","0","0","0","https://x.com/undefined/status/2048023845253382167","2008451822072328195",
"2048022881548841172","Sat Apr 25 12:54:40 +0000 2026","0","Toutes les du'as qu'j'ai faites pendant Ramadhan j'ai l'impression qu'elles sont allées nulle part alors que j'sais qu'c'est faux. L'épreuve de patience que j'vis tous les jours c'est atroce...","2048022881548841172","","","fr","","0","0","0","https://x.com/undefined/status/2048022881548841172","1609324317837238273",
"2048021976628052195","Sat Apr 25 12:51:04 +0000 2026","0","ty indosat meskipun paketmu mahal tp dapet google drive 200gb sama gemini+ tiap beli merasa tidak rugi dan semoga collabonation ada lagi di ramadhan tahun depan‍↔️","2048021976628052195","","","in","","0","1","0","https://x.com/undefined/status/2048021976628052195","911939800717864960",
"2048020923857711216","Sat Apr 25 12:46:53 +0000 2026","0","???????kok ikutan naik???? lebih parah di gueh ada yg jualan esteh 15k karna bulan ramadhan","2048020923857711216","","","in","","0","5","0","https://x.com/undefined/status/2048020923857711216","2007465417904914433",
"2048013448894689735","Sat Apr 25 12:44:44 +0000 2026","0","@meowqxng OH LMFAO she has me blocked long ago bc she thinks me saying im trying not to read any lgbt and remotely spicy books during ramadhan constitute to me being homophobic and a tool of misogynists ","2048020385111933271","","meowqxng","en","","0","0","0","https://x.com/undefined/status/2048020385111933271","1416790910436663298",
"2048015425599050158","Sat Apr 25 12:25:02 +0000 2026","0","paket kuota im3 indosat satspam ramadhan frēedom harian mingguan 5g khusus kota yang udah support jaringan 5g ooredoo ya #zonauang malming","2048015425599050158","","","in","","0","0","0","https://x.com/undefined/status/2048015425599050158","1803885509745479685",
"2048011163502547129","Sat Apr 25 12:08:06 +0000 2026","0","Itu masjid 1 bisa ga sih klo adzan jgn telat sendiri gue pengen dengerin lagu jir lucunya klo ramadhan ga pernah telat... Telatnya tu bener2 yg lain udh kelar dia baru sampe syahadat jir","2048011163502547129","","","in","","0","0","0","https://x.com/undefined/status/2048011163502547129","1669184161243107329",
"2048007580442894636","Sat Apr 25 11:53:51 +0000 2026","0","klo diinget2 aku udh lama gak nonton hockey terakhir keknya pas ramadhan kemarin","2048007580442894636","","","in","","0","0","0","https://x.com/undefined/status/2048007580442894636","2022293936874881024",
"2048004063204463102","Sat Apr 25 11:39:53 +0000 2026","0","marhaban ya ramadhan om","2048004063204463102","","","in","","0","0","0","https://x.com/undefined/status/2048004063204463102","1306563981486694400",
"2045500821107089525","Sat Apr 25 11:34:26 +0000 2026","3","Jadi keinget salah satu show di event Ramadhan 2021 kalo ga salah The Quiz. Pokoknya yang Freya marahin Zee sambil teriakin yang ini Azizi Asadel yang ini ","2048002693734826406","","cineveria","in","","0","1","0","https://x.com/undefined/status/2048002693734826406","1681871440331825152",
"2047304504941646018","Sat Apr 25 11:20:47 +0000 2026","0","@sundayforus @khremnos Kok nggak ada ramadhan","2047999255672185315","","sundayforus","in","","0","1","0","https://x.com/undefined/status/2047999255672185315","2031943825464442880",
"2047987685894345192","Sat Apr 25 11:13:38 +0000 2026","0","@enjoy4sho setelah ohyul ramadhan terbitlah lou ramadhan","2047997458429743295","","enjoy4sho","in","","0","1","0","https://x.com/undefined/status/2047997458429743295","2017925569355415553",
"2047992985938473284","Sat Apr 25 10:55:52 +0000 2026","0","Beneran ramadhan ver. Pake kerudung","2047992985938473284","","","in","","0","0","0","https://x.com/undefined/status/2047992985938473284","1874420664964431872",
"2047991832198701280","Sat Apr 25 10:51:17 +0000 2026","0","haiii kaaka² team love selamat dan semangat untuk sonichi hari ini selamat juga untuk oshi ku satu satunya nya @Michie_JKT48 Uda dari event ramadhan gasabar liat sonichi kalian yang baca pose team love nya dong hehehe #ItadakiLoveJKT48 https://t.co/EhnsHalQRs","2047991832198701280","https://pbs.twimg.com/media/HGvtt9jaAAAS3mI.jpg","","in","","0","0","0","https://x.com/undefined/status/2047991832198701280","2038122053488824320",
"2047991814481985901","Sat Apr 25 10:51:13 +0000 2026","0","Exol bener ye luuu ini jadi vibes ramadhan ya","2047991814481985901","","","in","","0","0","0","https://x.com/undefined/status/2047991814481985901","1669575855130165248",
"2047940793256816813","Sat Apr 25 07:28:28 +0000 2026","0","Marhaban ya Ramadhan bulan penuh ampunan telah tiba. Semoga kita semua mendapatkan keberkahan dan ampunan dari Allah SWT Selamat Menunaikan Ibadah Puasa 1447 H. @YandriSusanto @SekretarisKabinetRI #KemendesPDT #BpsdmKemendesaPDT #BangunDesaBangunIndonesia #TPPKemendesaDamping","2047940793256816813","","","in","","0","0","0","https://x.com/undefined/status/2047940793256816813","1948580880982966275",
"2047728380100088318","Sat Apr 25 07:28:07 +0000 2026","0","@restuwijaya23 @elenarenoa Velevt junioar kak? Kmrin abis ramadhan aku co itu buat kado.","2047940703968522609","","restuwijaya23","in","","0","0","0","https://x.com/undefined/status/2047940703968522609","1679181995149250560",
"2047938671232659878","Sat Apr 25 07:20:02 +0000 2026","0","Aku pun nganggep haid sebagai waktu istirahatnya dibanyakin. Tidur bisa lanjut meski udah masuk waktu sholat bikin kue pas ramadhan kalo lagi haid","2047938671232659878","","","in","","0","0","0","https://x.com/undefined/status/2047938671232659878","1429339074939133952",
"2047575029127237809","Sat Apr 25 07:09:59 +0000 2026","0","@basebuku Ada novelnya Ramadhan KH","2047936139076780418","","basebuku","in","","0","0","0","https://x.com/undefined/status/2047936139076780418","1615287809061048321",
"2047927769598988305","Sat Apr 25 06:36:43 +0000 2026","0","Alhamdulillah Telah menyelesaikan Khataman membaca 30 Juz Al-Qur an di bulan ramadhan Semoga bisa terus dijaga dan diamalkan #Khataman #Quran #Alhamdulillah https://t.co/oZLnp6CJHN","2047927769598988305","https://pbs.twimg.com/media/HGuzV8nbYAA4IHH.jpg","","in","","0","0","0","https://x.com/undefined/status/2047927769598988305","1604469098754109440",
"2047629567670780315","Sat Apr 25 06:22:39 +0000 2026","0","@prophetofzorck AHAHHA KELAKUAN GW SAMPE SEKARANG di desa mamah masih percaya begituan setiap malem ke 27 ramadhan pasti bnyk sesajen dan itu sampe h+3 lebaran. jd tiap gw nemu sajen yg ada uangmya gw ambil hehe kdang ada rokoknya gw ambil buat pak ogah di jalan maap ya mbah demit","2047924228801130653","","prophetofzorck","in","","0","0","0","https://x.com/undefined/status/2047924228801130653","1992771142348869632",
"2047923309669736792","Sat Apr 25 06:19:00 +0000 2026","0","Eh udah lama gak nongol disini. Btw aku udah ada pekerjaan walaupun kontrak 3 bulan aja. Waktu Ramadhan kemarin dianya buat minta kerja dikabulin.","2047923309669736792","","","in","","0","0","0","https://x.com/undefined/status/2047923309669736792","2004347983534661632",
"2047919949163929791","Sat Apr 25 06:05:39 +0000 2026","0","Marhaban ya Ramadhan bulan penuh ampunan telah tiba. Semoga kita semua mendapatkan keberkahan dan ampunan dari Allah SWT Selamat Menunaikan Ibadah Puasa 1447 H. @YandriSusanto @setkabgoid #KemendesPDT #BpsdmKemendesaPDT #BangunDesaBangunIndonesia #TPPKemendesaDampingiDesa","2047919949163929791","","","in","","0","0","0","https://x.com/undefined/status/2047919949163929791","1910171520695246848",
"2047824178271645853","Sat Apr 25 05:58:18 +0000 2026","0","@tanyarlfes ga peduli sih soal hartanya mau dia baik kek ganteng kek sikapnya dll.. kalau sholat masi bolong puasa ramadhan masi bolong aku langsung ilfil dan pergi","2047918101673767091","","coldstie","in","","0","0","0","https://x.com/undefined/status/2047918101673767091","1854854021728944130",
"2047917663767454025","Sat Apr 25 05:56:34 +0000 2026","0","Kantor pertama gue kayak gini setiap Jumat ada kajian untuk karyawan cewe ketika yg cowo Jumatan kalau Ramadhan lebih mantap setiap jam istirahat pada ke mesjid semua pada ngaji denger ceramah sorenya dikasih free tajil di mesjid juga ada tarawih terus dikasih nasi kotak jg","2047917663767454025","","","in","","0","0","0","https://x.com/undefined/status/2047917663767454025","1015221598628896769",
"2047844492036714754","Sat Apr 25 05:49:33 +0000 2026","1","@MissHope_1 @Birahim_Amar @lilyally98 Not only ramadhan every single day a man is excused for providing the bare minimum but let a woman not cook food for two days and hell will break loose.","2047915900095824359","","MissHope_1","en","","0","0","0","https://x.com/undefined/status/2047915900095824359","3047581170",
"2047913150671130803","Sat Apr 25 05:38:38 +0000 2026","0","REALLL?? smp aku state biasa beli 76 kok abis ramadhan jadi 95 gilaaaa yg waras deh wni https://t.co/AOKFT0uoQD","2047913150671130803","https://pbs.twimg.com/media/HGumJpvaIAA2bkK.jpg","","in","","0","0","0","https://x.com/undefined/status/2047913150671130803","1154667095612780544",
"2047908848090943503","Sat Apr 25 05:25:18 +0000 2026","1","𝐋 𝐞𝐱𝐢𝐠𝐞𝐧𝐜𝐞 𝐝 𝐮𝐧 𝐥𝐞𝐚𝐝𝐞𝐫𝐬𝐡𝐢𝐩 𝐞𝐱𝐞𝐦𝐩𝐥𝐚𝐢𝐫𝐞 De leur côté les prédicateurs Sheikh Ramadhan Ndikumana et Hilgien Ngendakumana ont centré leurs enseignements sur les fondements d un leadership responsable. Ils ont insisté sur le fait qu un dirigeant doit https://t.co/wv3gOfo1Tw","2047909795378737316","https://pbs.twimg.com/media/HGui3yAXoAAVRsf.jpg","RTNBurundi","fr","","0","0","1","https://x.com/undefined/status/2047909795378737316","1131108866",
"2047566615471149331","Sat Apr 25 05:24:29 +0000 2026","0","@RuangSenja_id Nolongin bocah yg tenggelam jujur gue pun gak bisa renang. Karena gue pikir aman yaudah coba buat tolong. Ini posisi nya lagi pada mandi di sungai buat nyambut bulan ramadhan kalo kalian orang padang pasti tau namanya apa.","2047909589723775356","","RuangSenja_id","in","","0","1","0","https://x.com/undefined/status/2047909589723775356","1670824272397471744",
"2047904406268793105","Sat Apr 25 05:03:53 +0000 2026","0","。 intinya waktu itu aku lagi haus ber agency karena selama ramadhan aku gabisa agencyan. Terus lihat aetherwish mungcul aku kek WOAH. Lalu akhirnya aku caper dengan melakukan sesuatu yang sempet bikin pro dan kontra sampai aku takut di blacklist.","2047904406268793105","","","in","","0","1","0","https://x.com/undefined/status/2047904406268793105","232689465",
"2047783840672858299","Sat Apr 25 04:53:19 +0000 2026","0","@Taylor_nonsense Evil triple t be like: come and break your fast early in ramadhan","2047901748799607042","","Taylor_nonsense","en","","0","0","0","https://x.com/undefined/status/2047901748799607042","1646986219",
"2047883206985453635","Sat Apr 25 04:48:52 +0000 2026","0","@twitnyapimma Iyakan hawa hawa ramadhan samalebarannya dapet bgt","2047900628446523740","","twitnyapimma","in","","0","0","0","https://x.com/undefined/status/2047900628446523740","4711251133",
"2047894300898611493","Sat Apr 25 04:42:54 +0000 2026","1","@angger_sy Kalo garuda ternyata ada di appnya kak atau dapet emailnya. Kalau saudia waktu itu liat konten dimas ramadhan di ig ka","2047899125832994932","","angger_sy","in","","0","0","0","https://x.com/undefined/status/2047899125832994932","1017267502731091968",
"2047897240921112804","Sat Apr 25 04:35:24 +0000 2026","0","Marhaban ya Ramadhan bulan penuh ampunan telah tiba. Semoga kita semua men. keberkahan dan ampunan dari Allah SWT Selamat Menunaikan Ibadah Puasa 1447 H @YandriSusanto @SekretarisKabinetRI #KemendesPDT #BpsdmKemendesaPDT #BangunDesaBangunIndonesia #TPPKemendesaDampingiDesa","2047897240921112804","","","in","","0","0","0","https://x.com/undefined/status/2047897240921112804","775550516",
"2047895587870351458","Sat Apr 25 04:28:50 +0000 2026","5","Prajuritnya udah banyak yg meninggal di libanon ~ masih kah berdiam diri? Berdiam diri tuh pas ramadhan akhir di masjid. Mengecam yang salah aja masih takutan di mana letak akan disegani mau menunggu berapa banyak lagi?","2047895587870351458","","","in","","0","1","0","https://x.com/undefined/status/2047895587870351458","1452144460964397058",
"2047893419692015880","Sat Apr 25 04:20:13 +0000 2026","0","ada yg tau au edisi ramadhan yg awalnya isinya cuman anak anak eos sama pandavva gaa? terus di season 2 nya masuk anak dexter yg pas baru join dikasi masakan serba ijo pls pla pka itu aunya siapaa ilaang kocaak aunya","2047893419692015880","","","in","","0","0","0","https://x.com/undefined/status/2047893419692015880","1784226256583888896",
"2047893125428130098","Sat Apr 25 04:19:04 +0000 2026","0","Satgas ketahanan pangan Polda Jatim Kapolres Gresik AKBP. Ramadhan Nasution S.I.K. M.H. https://t.co/o44d19mFB9. memerintahkan *(Kapolsek Duduksampeyan AKP BAKRI S.H)* beserta anggotanya untuk melaksanakan pengecekan pemeliharaan tanaman padi di Ds. Sumengko Kec. Duduksampeyan","2047893128372420631","","SekPangkahGrs","in","","0","1","0","https://x.com/undefined/status/2047893128372420631","1647826394557329408",
"2047891687549333985","Sat Apr 25 04:13:20 +0000 2026","0","3 Paket Ramadhan untuk janda wali yatim #salimah #salimahpati https://t.co/SI7gr4lyca","2047891687549333985","https://pbs.twimg.com/ext_tw_video_thumb/2047890713103507456/pu/img/4YJFH8vt21qIm4sb.jpg","","in","","0","0","0","https://x.com/undefined/status/2047891687549333985","1306586144",
"2047889812762624165","Sat Apr 25 04:05:53 +0000 2026","0","H. Priyantna Abdurrasyid - Dari Cilampeni Ke New York. Mengikuti Hati Nurani Oleh: Ramadhan K. H. Tahun 2001. 312 Halaman Harga 60.000. Minat? https://t.co/DzGJOmhp0z","2047889812762624165","https://pbs.twimg.com/media/HGuQ2w-bsAABbr0.jpg","","in","","0","0","0","https://x.com/undefined/status/2047889812762624165","2362274258",
"2047889080625893745","Sat Apr 25 04:02:59 +0000 2026","0","H. Priyantna Abdurrasyid - Dari Cilampeni Ke New York. Mengikuti Hati Nurani Oleh: Ramadhan K. H. Tahun 2001. 312 Halaman Harga 60.000. Minat? Cara Order silakan DM or Klik link WA https://t.co/tw77mxCDLN https://t.co/OemVVb0FoU","2047889080625893745","https://pbs.twimg.com/media/HGuQKiYacAAjISx.jpg","","in","","0","0","0","https://x.com/undefined/status/2047889080625893745","2362274258",
"2047584305212498312","Sat Apr 25 03:55:21 +0000 2026","0","@agleraff Udah kelar ramadhan emang harusnya muncul agensi semut","2047887161815613532","","agleraff","in","","0","1","0","https://x.com/undefined/status/2047887161815613532","911113239441793024",
"2047887028529004827","Sat Apr 25 03:54:50 +0000 2026","1","Hafal tanggal Masehi tapi lupa tanggal Hijriyah? Padahal hari Arafah awal Ramadhan dan puasa-puasa sunnah semuanya mengikuti kalender Hijriyah. Yuk order sekarang juga! Informasi 0821-1176-8585 (MPD Store) https://t.co/ndHtXEZNMp","2047887028529004827","https://pbs.twimg.com/media/HGuOZmabcAARVmp.jpg","","in","","0","0","1","https://x.com/undefined/status/2047887028529004827","2283149131",
"2047783350027637244","Sat Apr 25 03:43:52 +0000 2026","1","@idextratime Di Indonesia udah Zulkaidah di Madrid masih Ramadhan kah?","2047884270367359019","","idextratime","in","","0","0","0","https://x.com/undefined/status/2047884270367359019","986231895548571648",
"2047674231568408912","Sat Apr 25 03:14:56 +0000 2026","0","@aldebaran_79367 @okinachia @Nala_JKT48 Ingat event ramadhan kemarin ","2047876990070665567","","aldebaran_79367","in","","0","0","0","https://x.com/undefined/status/2047876990070665567","1906185725865005056",
"2047864900232663473","Sat Apr 25 02:54:21 +0000 2026","0","@66allisseu TIBA TIBA RAMADHAN","2047871807097885099","","66allisseu","tl","","0","0","0","https://x.com/undefined/status/2047871807097885099","1459061647356489732",
"2047864900232663473","Sat Apr 25 02:49:58 +0000 2026","0","@Mosbiusss MARHABAN YA RAMADHAN","2047870705086476729","","Mosbiusss","hi","","0","1","0","https://x.com/undefined/status/2047870705086476729","1293494372319629314",
"2047616402815930403","Sat Apr 25 02:19:31 +0000 2026","0","@nnaluvair gw ga pernah lupa besty ramadhan gw","2047863043967861062","","nnaluvair","in","","0","1","0","https://x.com/undefined/status/2047863043967861062","1670775706022973441",
"2047862480807047640","Sat Apr 25 02:17:17 +0000 2026","0","Gowes santuy kek di pantuy. . . . Akhirnya setelah sekian abad pasca puasa ramadhan. https://t.co/xihFQdq0sO","2047862480807047640","https://pbs.twimg.com/media/HGt4EjLbcAAUtdN.jpg","","in","","0","0","0","https://x.com/undefined/status/2047862480807047640","1194231946286530560",
"2047830755422908440","Sat Apr 25 02:12:08 +0000 2026","0","@KucengTerbanggg karang ramadhan","2047861186411241914","","KucengTerbanggg","in","","0","0","0","https://x.com/undefined/status/2047861186411241914","2634628440",
"2047852963272814667","Sat Apr 25 01:39:28 +0000 2026","0","Gua heran marapthon dihujat habis habisan padahal arap bukan 02 voters. Tp desta tiap ramadhan bikin acara dan youtubenya rame terus malah kaga pernah dibahas. Klo lo bilang YB wife abuser emang iya. But pendukung pelanggar HAM lebih parah sih harusnya","2047852963272814667","","","in","","0","2","0","https://x.com/undefined/status/2047852963272814667","1051453371415126016",
"2047851133411221889","Sat Apr 25 01:32:12 +0000 2026","0","Kuliah Shubuh after praying shubuh in Ramadhan 1447 https://t.co/mHoefZf4RV","2047851133411221889","https://pbs.twimg.com/media/HGttv5ebEAA3xoY.jpg","","in","","0","0","0","https://x.com/undefined/status/2047851133411221889","1002760364113608704",
"2047557768882893128","Sat Apr 25 01:27:42 +0000 2026","0","@xpeacessea Kelebihannya bapakku meninggal di 10 hr trakhir bulan Ramadhan. Itu yg orang² bilang ke aku untuk menguatkan aku supaya bisa ikhlas melepas beliau. Sayangnya trakhir kami bertemu dlm komunikasi yg buruk. Semoga Allah mengampuniku dan mengampuni beliau. Aamiin","2047850001167213054","","xpeacessea","in","","0","0","0","https://x.com/undefined/status/2047850001167213054","1671851861698281472",
"2047704461611855888","Sat Apr 25 01:18:44 +0000 2026","0","@snowyglubglub Wkwkw kekny es buah ini ada banyak klo pas ramadhan ini aku berencana ke bingxue aja soalnya ada varian es buah nya ","2047847745256579479","","snowyglubglub","in","","0","0","0","https://x.com/undefined/status/2047847745256579479","1462639767162478593",
"2047720230403633443","Sat Apr 25 01:07:48 +0000 2026","8","@ZteAdp23380 @Americanocaf__ Kalau mekkah crowded orang saudi harus ngambil izin umrah lewat nusuk. Contoh nya kayak ramadhan. Biasa orang sini hanya boleh umrah sekali di bulan ramadhan. Agar bisa memberi kesempatan bagi diluar saudi untuk umrah.","2047844994782765072","","ZteAdp23380","in","","0","0","0","https://x.com/undefined/status/2047844994782765072","1238714899758346240",
"2047835481388302487","Sat Apr 25 00:36:31 +0000 2026","0","@MarioNawfal Food price jumped nearly 20% since 2022...?? All the country feels it . You don't even know how Indo feel when the price spike 100℅ everytime we have Ramadhan fasting month. Are we struggling? Yes it's inflation about. But it's how the govt handle to keep it under control.","2047837123743821852","","MarioNawfal","en","","0","0","0","https://x.com/undefined/status/2047837123743821852","86245243",
"2047836790191690178","Sat Apr 25 00:35:12 +0000 2026","0","Sebenernya dulu beberapa kali ganti di 2021 tapi akhirnya aku balik ke ava ini lagi kyungsiti tetap di hati Sehunita si paling ramadhan era tiap ramadhan ganti ini sampe 2022 klo ga salah https://t.co/F4Dlf48VQC","2047836790191690178","https://pbs.twimg.com/media/HGtgtU9aEAADRw-.jpg","","in","","0","0","0","https://x.com/undefined/status/2047836790191690178","1311735832328331264",
"2047832376261365919","Sat Apr 25 00:17:40 +0000 2026","0","Jangankan guru honorer waktu lebaran guru dan tendik PPPK paruh waktu daerah gue pada ketar-ketir lebaran pakek uang apa soalnya belum digaji dari bulan Januari. Gajinya turun pun kayaknya pas minggu terakhir bulan ramadhan.","2047832376261365919","","","in","","0","0","0","https://x.com/undefined/status/2047832376261365919","1912507562676928512",
"2047628308540698987","Fri Apr 24 23:41:17 +0000 2026","3","@ayamgota Harga beras dan telur terasa naik semenjak mbg beroperasi. Bulan Ramadhan tidak naik dianggap pemerintah berhasil tekan harga pangan pdhl udah naik jauh hari sebelumnya. Minyak goreng naik alasan kemasan plastik naik. BBM naik alasan selat Hormuz pdhl krn gagal diplomasi.","2047823222901821737","","ayamgota","in","","0","1","0","https://x.com/undefined/status/2047823222901821737","155209732",
"2047818996918190522","Fri Apr 24 23:37:39 +0000 2026","0","Yaa begitulah.. kita sdg berada di pasar kaget harga barang kaga nentu stok dan harganya. Sesuatu yg jarang bahkan kaga pernah tertemui harga barang melonjak jauh bukan di bulan Ramadhan.","2047822308757365172","","Arifprasetyo05","in","","0","0","0","https://x.com/undefined/status/2047822308757365172","1189897107424960514",
"2047617168880398340","Fri Apr 24 23:31:56 +0000 2026","1","@YummyAlpukat @bopo_jodhipati Sama apalagi kalo pas ramadhan walau kudu ganti tapi ya ngegantinya bisa nyicil","2047820868974489838","","YummyAlpukat","in","","0","0","0","https://x.com/undefined/status/2047820868974489838","1317484317518426112",
"2047818864939991507","Fri Apr 24 23:23:58 +0000 2026","0","omg une de mes fav meilleure trouvaille de ramadhan","2047818864939991507","","","fr","","0","0","0","https://x.com/undefined/status/2047818864939991507","1989040038982922240",
"2047814048969011444","Fri Apr 24 23:06:10 +0000 2026","0","@cream_tanpopo Maaf oot LONG TIME NO SEE KAKK OMOO tahun ini ga ada postingan menu saat ramadhan yang lucu itu yaa Sehat selalu yaa kakkk ","2047814384936993017","","cream_tanpopo","in","","0","1","0","https://x.com/undefined/status/2047814384936993017","866413209632120832",
"2047801721314054533","Fri Apr 24 22:15:51 +0000 2026","0","selama bbrp taun setelah pandemi kenaikan barang emang gila-gilaan bgt sih ga cuma pas ramadhan doang. tiap taun makin naik kalo inget harga sesuatu pas taun 2023 aja bikin nangis krn sejauh itu bedanya pdhl kek baru kmrn??","2047801721314054533","","","in","","0","0","0","https://x.com/undefined/status/2047801721314054533","226017965",
"2047792076713337140","Fri Apr 24 21:37:32 +0000 2026","0","- padahal Ramadhan taun depan msh lama. ak dah jalani metode bulan syaban buat bayar qadha dan ga kusuka (sll merasa umurku ga sampe). Lebih suka bayar d bulan syawal krn vibes puasanya masih kerasa juga","2047792080119009342","","ann_aisyah","in","","0","0","0","https://x.com/undefined/status/2047792080119009342","57600563",
"2047777238679159175","Fri Apr 24 20:38:34 +0000 2026","0","Setuju gua beli kipas angin pas kemaren puasa issue dapet ojol susah karna mereka dibayar murah dan gua pake instant niat gua emg mau ngasih tip tp dia minta parkir yauda sekalian aja. Iseng lah gue nanya seller. Lg bulan ramadhan aja masih ngeboong tu gila jg kt w https://t.co/zfRualA7F0","2047777238679159175","https://pbs.twimg.com/media/HGsqiwfacAAQJST.jpg","","in","","0","0","0","https://x.com/undefined/status/2047777238679159175","1436068020",
"2047771916564373670","Fri Apr 24 20:17:25 +0000 2026","3","Dans sa prédication Sheikh Ramadhan NDIKUMANA est revenu sur le thème du jour tiré de la Bible. Il a insisté sur les caractéristiques d un bon dirigeant : avoir une vision claire servir d exemple à ses subalternes respecter la loi et promouvoir l intégrité. #Burundi https://t.co/5xkFlmMPrQ","2047771916564373670","https://pbs.twimg.com/media/HGslq1HXwAEX3zF.jpg","","fr","","0","0","3","https://x.com/undefined/status/2047771916564373670","852508007812530176",
"2047769367849680940","Fri Apr 24 20:07:17 +0000 2026","0","klo kulkas kost ada ini tandanya lago ramadhan akwosmidke","2047769367849680940","","","in","","0","0","0","https://x.com/undefined/status/2047769367849680940","1511313612157366273",
"2047753629562761562","Fri Apr 24 19:04:45 +0000 2026","0","jumat yg sangat-sangat berat. jam tidur pasca ramadhan masih belum balik normal jatuhnya insomnia lagi. tidur sejam kebangun deg-degan udah gabisa tidur. plus tbtb diare &amp; bolak balik KM. badan dehidrasi di kerjaan dibilang pucet. semaleman gak tidur. baru siuman jam 01.30.","2047753629562761562","","","in","","0","0","0","https://x.com/undefined/status/2047753629562761562","1962142093469736960",
"2047738637173784933","Fri Apr 24 18:59:23 +0000 2026","1","@ChalkToRhine @BiSubaru unfortunately at like ramadhan bazaars here they premake them in the dat then just sell them at night but my friend's husband's stall makes them fresh and i just start buying from him instead now","2047752278153781336","","ChalkToRhine","en","","0","1","0","https://x.com/undefined/status/2047752278153781336","1435686150912372738",
"2047620376000188710","Fri Apr 24 18:34:31 +0000 2026","0","@yappingfess der aku gak bisa jawab semua karena semua (ini bener bener semua apalagi kalau kamu nonton yt escape ramadhan tahun ini) terjawab ust Felix Siauw n Koy dan biasanya ditanyain sama (a girlie aku lupa namanya) yang nonis bisa kamu pahamin karena bahasanya Gen Z banget ","2047746020571001208","","yappingfess","in","","0","0","0","https://x.com/undefined/status/2047746020571001208","2025890504173613056",
"2047737786414076192","Fri Apr 24 18:01:48 +0000 2026","0","INI BNERAN GAINGET CUG gue ingetnya nama dia tuh islami gitu kan ya. gue coba inget² tp yg muter di kepala nama-namanya cuma rijal... ramadhan.. faisal.. anjing padahal jauh bgt oon apa kayanya he doesn't caught my attention that much ya?? jadi namanya kurang","2047737789769454079","","wowowidodo","in","","0","1","0","https://x.com/undefined/status/2047737789769454079","1520428975985917954",
"2047357990941184447","Fri Apr 24 17:08:42 +0000 2026","1","@moussiese Banyak kak dulu tuh yg berita hailey dan jb ngehina ramadhan sampe masuk berita di tvone itu juga hoax bikinan fans selena.","2047724425156645245","","moussiese","in","","0","0","0","https://x.com/undefined/status/2047724425156645245","2044603309919739904",
"2047720430681952665","Fri Apr 24 16:52:50 +0000 2026","0","ziarah ke makam kakek &amp; nenek (ortu bapak saya) bulan ramadhan 2026. semoga Almarhum &amp; Amarhumah diterima di sisi-Nya. Amen..... https://t.co/AQAuPkvA26","2047720430681952665","https://pbs.twimg.com/media/HGr23xjbgAAMGs0.jpg","","in","","0","0","0","https://x.com/undefined/status/2047720430681952665","1593975604109463555",
"2047717044309942713","Fri Apr 24 16:39:22 +0000 2026","1","#NewProfilePic : Dieditin zizi @oreobulbery Lampion belakangnya ga keikut semua gpp biar ga dikira bibi la tema ramadhan. https://t.co/mjeW3dKLXt","2047717044309942713","https://pbs.twimg.com/media/HGrzzAjbYAYhBAe.jpg","","in","","1","1","1","https://x.com/undefined/status/2047717044309942713","2964474948",
"2047671452774846710","Fri Apr 24 16:19:29 +0000 2026","0","@chanotteriyaki HIFKSS IYAA KAN mauk Ramadhan LagiEk","2047712038110261588","","chanotteriyaki","in","","0","0","0","https://x.com/undefined/status/2047712038110261588","1293542339500052485",
"2047556995797184944","Fri Apr 24 16:15:36 +0000 2026","0","@hmdaagirl_ tidaak onty hijabnya edisi ramadhan ajaa ","2047711061781156057","","hmdaagirl_","in","","0","0","0","https://x.com/undefined/status/2047711061781156057","1505218679407284224",
"2047710280638251127","Fri Apr 24 16:12:30 +0000 2026","16","oomf told me keeho knows about fasting and ramadhan keeho muslim era. ive been calling it https://t.co/fAe7tQWFEu","2047710280638251127","https://pbs.twimg.com/tweet_video_thumb/HGrtpKCa8AAv9cB.jpg","","en","","2","2","0","https://x.com/undefined/status/2047710280638251127","924923250647244800",
"2047710011346780400","Fri Apr 24 16:11:25 +0000 2026","2","GRAND GREY takes the Champions Sprint Cup! The Domestic G1 @BahrainTurfClub goes to Jaber Ramadhan and @Albe_Sanna! Grand Grey (Havana Grey) was a #GoffsNovember purchase by Mirage Partnership consigned by Tullogher House Stud. #Goffsgrad https://t.co/J6Rb9SKNdD","2047710011346780400","https://pbs.twimg.com/amplify_video_thumb/2047708674143981568/img/e283qPU15SBzl53h.jpg","","en","","0","0","1","https://x.com/undefined/status/2047710011346780400","1782719605594628096",
"2047708887248167322","Fri Apr 24 16:06:57 +0000 2026","4","Grand Grey in spectacular fashion! The 5yo grey son of Havana Grey strikes in the Class 1 Domestic Grade 1 Champions Sprint Cup for Al Afoo Racing Jaber Ramadhan and Alberto Sanna! https://t.co/iXJmRzZPRS","2047708887248167322","https://pbs.twimg.com/amplify_video_thumb/2047708674143981568/img/e283qPU15SBzl53h.jpg","","en","","0","0","0","https://x.com/undefined/status/2047708887248167322","2558477516",
"2047707614616904133","Fri Apr 24 16:01:55 +0000 2026","0","Mulai masuk bulan februari itu rata rata buah memang sulit jadi harganya biasanya akan mulai naik apalagi tahun ini bulan februari juga memasuki moment ramadhan kemarin buah impor dan lokal semunaya rebutan dengan mbg di lahan yang berani harga tinggi itu yang dapat","2047707617997553908","","17shinori","in","","0","1","0","https://x.com/undefined/status/2047707617997553908","1829930337323073537",
"2047685772346851489","Fri Apr 24 15:47:32 +0000 2026","0","@hyunnebunnie Untung si boston setan nyh masih ke iket pas bulan ramadhan kemaren #OnlyFriendsDreamOnEP9","2047704000351658454","","hyunnebunnie","in","","0","0","0","https://x.com/undefined/status/2047704000351658454","1791480591931834368",
"2047702442650063100","Fri Apr 24 15:46:45 +0000 2026","0","Waktu itu pas gue deactive IG sebulan pas ramadhan itu ampuh bgt ngurangin looking up to other people lama-lama gue gamau punya instagram deh tp knp pikiran takut ketinggalan tuh sllu ada kenapaaaa knp gue harus liat kehidupan orang lain di sosmed seh","2047703802095206896","","intjbabies","in","","0","1","0","https://x.com/undefined/status/2047703802095206896","1738515144916037632",
"2047700627762085915","Fri Apr 24 15:41:50 +0000 2026","0","gimanaa kalo kakek kandung yaa gakebayang happynyaa akuuskrg aki uda mau 40 hari ninggalin aku dia yang qs always Adzan imamin bangunin sahur dan ingetin buka puasa ramadhan dimesjidMasyaAllah","2047702566251933902","","widyasriwulan","in","","0","0","0","https://x.com/undefined/status/2047702566251933902","1282452752757448705",
"2047700630786216226","Fri Apr 24 15:34:09 +0000 2026","0","Sudah kangen ramadhan lagi","2047700630786216226","","","in","","0","0","0","https://x.com/undefined/status/2047700630786216226","286137228",
"2047700484610490762","Fri Apr 24 15:33:34 +0000 2026","3","mau cerita dikit aku pernah kaya gini ovt aku bisa ga ya orang² udah pada sibuk kerja sedangkan aku masih rebahan bisa ga ya sukses tapi ga kuliah setiap hr bertanya² kapan kerja sampe hopeless. tapi aku selalu berdoa di bulan suci ramadhan kmren.","2047700484610490762","","","in","","0","1","0","https://x.com/undefined/status/2047700484610490762","1674360320788434944",
"2047699526606328093","Fri Apr 24 15:29:46 +0000 2026","0"," Salam persaudaraan! Selamat atas terpilihnya saudara Muhammad Syahrul Ramadhan sebagai Ketua Umum TBM Cutaneus FK UNG Periode 2026/2027 . Dengan persaudaraan Demi kemanusiaan Jayalah PTBMMKI https://t.co/4mQUzqu2X1","2047699526606328093","https://pbs.twimg.com/media/HGrj3MkaYAAirCE.jpg","","in","","0","0","0","https://x.com/undefined/status/2047699526606328093","500771078",
"2047342107418042623","Fri Apr 24 15:24:48 +0000 2026","0","@abulmuzaffar10 Kalo kemunculan Dajjal itu sebagai tanda proses dimulainya dunia menuju hari akhir maka itu adalah pintu tobat sudah tertutup ibarat bedug subuh disaat bulan ramadhan dimana makan minum membatalkan puasa. Maka bertobatlah sebelum tanda akhir jaman itu datang.","2047698276858888506","","abulmuzaffar10","in","","0","0","0","https://x.com/undefined/status/2047698276858888506","2596341078",
"2046194477967003991","Fri Apr 24 15:22:42 +0000 2026","0","@inkedmoire Yess! Ehm mungkin kurang umum di Pulau Jawa betul. Aku juga baru tahu ada pempek ini waktu family gathering pas ramadhan kemarin. Bentuknya mirip banget kayak pastel. ","2047697751501385988","","inkedmoire","in","","0","0","0","https://x.com/undefined/status/2047697751501385988","2032756058402562048",
"2047697288269865392","Fri Apr 24 15:20:52 +0000 2026","0","Pelatihan Pra-Bakti Sosial 1 Pemateri: dr. Ramadhan Maulana Hikmat M.Kes NIA. TBM-Cs/R/XV/08 Rabu 8 April 2026 16.00 WITA - Selesai RKB 3 Lt. 4 FKIK ULM Banjarmasin TBM-Cs Only. https://t.co/JWQOlrBd65","2047697288269865392","https://pbs.twimg.com/media/HGrh02KaQAEpSIz.jpg","","in","","0","0","0","https://x.com/undefined/status/2047697288269865392","500771078",
"2047656260083056690","Fri Apr 24 15:01:46 +0000 2026","33"," M https://t.co/xBecd3PTw1 pantas ni jeans viral amat di toktok sampe masuk top 1 jeans pas akhir ramadhan kemarin. TERNYATA EMANG SECAKEP ITU ada les garisnya yg bikin unik warna retronya jg ga norak + gampang mix match cardi https://t.co/fScJYCICpy https://t.co/HTIUjqYpJU","2047692480691486912","https://pbs.twimg.com/media/HGrdc9ba4AAoQO1.jpg","amaliyakusumaa","in","","0","1","5","https://x.com/undefined/status/2047692480691486912","1794090933803192320",
"2047686790845518112","Fri Apr 24 14:40:15 +0000 2026","0","Kalo kiminiji bosen ah dah sering di ramadhan event tahun brp ya lupa","2047687067405353045","","naveruorenji","in","","0","0","0","https://x.com/undefined/status/2047687067405353045","1909286098872025089",
"2047628020962496517","Fri Apr 24 14:37:57 +0000 2026","0","yang penting Mbah yaaaai yooo ngaji Al-Qur'an semalam suntuk sembahyang sholat 5 waktu di usahakan walaupun malas ga puasa Ramadhan.. yooo posooo Qodo' bersama itu budaya orang jawa","2047686487362437135","","abdulla71088263","in","","0","1","0","https://x.com/undefined/status/2047686487362437135","1541832736955981824",
"2047683165142069335","Fri Apr 24 14:24:45 +0000 2026","1","ESRAR under Alberto Sanna adds another win for Al Afoo Racing in the Rehc Prestige Cup! Al Afoo Racing &amp; Jaber Ramadhan with an impressive form this season! https://t.co/W92iXy0911","2047683165142069335","https://pbs.twimg.com/amplify_video_thumb/2047682857598963712/img/Ec9XGkHw338-0Vje.jpg","","en","","0","0","0","https://x.com/undefined/status/2047683165142069335","2558477516",
"2047671952077152420","Fri Apr 24 14:03:43 +0000 2026","0","@tanyakanrl bolak-balik rs selama 2 bln dan wafat di bulan ramadhan. mama pulang dr rs maghrib aku ngeliat mama aku kurus bgt tangannya lebam2 ungu bekas disuntik gabisa berdiri bahkan duduk aja gabisa. nada bicaranya pun udh kyk anak kecil..","2047677872962494520","","ambivert_24","in","","0","1","0","https://x.com/undefined/status/2047677872962494520","743939174089138176",
"2047676728290758936","Fri Apr 24 13:59:10 +0000 2026","0","Tahun 2027 aku papa mama dam keluargaku pergi umroh full selama bulan Ramadhan aamiin.","2047676728290758936","","","in","","0","0","0","https://x.com/undefined/status/2047676728290758936","2029840147920080896",
"2047675518896521394","Fri Apr 24 13:54:22 +0000 2026","2","#jumuahmubarak #IniMuslim #CALEM institute Prières collectives pour Ramadhan 2026 - 1447 Dr. &amp; Imame @fatima_khemilat English subtitles available online All vidéos youtube. com/@calemuslim https://t.co/E93gpalZUa https://t.co/Pz8Kv5oB0e","2047675518896521394","https://pbs.twimg.com/media/HGrOB8DXEAA-aXV.jpg","","fr","","0","0","0","https://x.com/undefined/status/2047675518896521394","1007135700",
"2047675445995319412","Fri Apr 24 13:54:04 +0000 2026","1","#jumuahmubarak #IniMuslim #CALEM institute Prières collectives pour Ramadhan 2026 - 1447 Dr. &amp; Imame @fatima_khemilat English subtitles available online All vidéos youtube. com/@calemuslim https://t.co/E93gpalZUa","2047675445995319412","","","fr","","0","0","0","https://x.com/undefined/status/2047675445995319412","1007135700",
"2047209982374871084","Fri Apr 24 13:52:22 +0000 2026","0","@Kataaksarasa @adarwis Dibulan RAMADHAN","2047675015433540014","","Kataaksarasa","in","","0","1","0","https://x.com/undefined/status/2047675015433540014","84497831",
"2047671452774846710","Fri Apr 24 13:51:34 +0000 2026","0","@bearlouv mingyu ustadz memorable karna pas puasa hikd jd kangen bln ramadhan","2047674813360259190","","bearlouv","in","","0","1","0","https://x.com/undefined/status/2047674813360259190","1934490448145580032",
"2047671452774846710","Fri Apr 24 13:48:21 +0000 2026","0","@jeongcheolie95 jadi kangen:(((( mau ramadhan lagi :((((((","2047674005193474109","","jeongcheolie95","in","","0","0","0","https://x.com/undefined/status/2047674005193474109","1293542339500052485",
"2047661800829915338","Fri Apr 24 13:46:20 +0000 2026","0","@thejurgenholic penting amat sebelum ramadhan kayaknya gen","2047673497468723524","","thejurgenholic","in","","0","0","0","https://x.com/undefined/status/2047673497468723524","2027263316868145153",
"2047669142082494912","Fri Apr 24 13:42:46 +0000 2026","0","@IndosFC Kangen edisi ramadhan ndos :(","2047672601640878170","","IndosFC","in","","0","0","0","https://x.com/undefined/status/2047672601640878170","974929721879220224",
"2047617168880398340","Fri Apr 24 13:16:12 +0000 2026","326","@bopo_jodhipati Puasa ramadhan wajib diganti di hari lain baca quran &amp; berdzikir boleh kok sambil lihat hp. yg namanya darah itu najis/kotor pun di dunia medis darah itu media kotor. wanita haid harus dlm keadaan sehat nutrisi hrs terpenuhi jd hrs makan yg baik sesayang itu Allah pd hambaNYA","2047665916381720895","","bopo_jodhipati","in","","0","4","6","https://x.com/undefined/status/2047665916381720895","1802175770376454144",
"2047665703747260497","Fri Apr 24 13:15:22 +0000 2026","0","Ramadhan tiba.. ramadhan tiba..","2047665703747260497","","","in","","0","1","0","https://x.com/undefined/status/2047665703747260497","1901465255852851200",
"2047512259619155996","Fri Apr 24 12:58:53 +0000 2026","0","@TheCurut007 Kapan lagi syukur2 ramadhan tahun depan masi dpt","2047661557308653859","","TheCurut007","in","","0","0","0","https://x.com/undefined/status/2047661557308653859","1725910826358640640",
"2047660296588890147","Fri Apr 24 12:53:53 +0000 2026","0","ni anime nambah mulu sementara gw blm lanjut nonton lg sejak ramadhan bjir","2047660296588890147","","","in","","0","0","0","https://x.com/undefined/status/2047660296588890147","1708337311627497472",
"2047522214728147435","Fri Apr 24 12:50:00 +0000 2026","0","@tanyakanrl Di kalimantan ramadhan udah 90","2047659320612200538","","tanyakanrl","in","","0","0","0","https://x.com/undefined/status/2047659320612200538","1149914443469344768",
"2047641844537082161","Fri Apr 24 12:37:22 +0000 2026","0","@LemayianLeiyan Nlikua nimefunga Ramadhan hadn't eaten anything aside from a glass of water for 2 days. By the third day mambo ilikuwa imechemka ","2047656142814196112","","LemayianLeiyan","en","","0","0","0","https://x.com/undefined/status/2047656142814196112","1492160060046385156",
"2047412118199374193","Fri Apr 24 12:11:07 +0000 2026","0","@StatsRawon Striker musim depan cukup Paraiba + Dasilva + Ramadhan Sananta . Wes","2047649533920985425","","StatsRawon","in","","0","1","0","https://x.com/undefined/status/2047649533920985425","837614006198136832",
"2046776595847999632","Fri Apr 24 12:07:25 +0000 2026","0","@sdwidana @heartbeat127bpm Anggur biasanya kalo murah di harga 65 mentok 80k sejak bulan Ramadhan sampe sekarang masih di harga 98k-100 lebih hiksss","2047648602718441637","","sdwidana","in","","0","0","0","https://x.com/undefined/status/2047648602718441637","1198187073116635136",
"2047425946781634873","Fri Apr 24 12:05:41 +0000 2026","2","@SecRubio Reminder: 160 school children at school your Country killed in Iran during the Holy month of Ramadhan","2047648167659774229","","SecRubio","en","","0","1","0","https://x.com/undefined/status/2047648167659774229","25984483",
"2047644617760440385","Fri Apr 24 11:51:34 +0000 2026","0","GUA KIRAIN WILLEST EDISI RAMADHAAN ITU LAMPIONNYA RAMADHAN BGT","2047644617760440385","","","in","","0","1","0","https://x.com/undefined/status/2047644617760440385","1270183358803243008",
"2047643525928603975","Fri Apr 24 11:47:14 +0000 2026","0","Tau ga apa yang paling sakit.. Orang yg selalu ada di doa 10 terakhir ramadhan.. Orang yg selalu ada di doa sepertiga malam.. Justru orang yang paling nyakitin kita....","2047643525928603975","","","in","","0","0","0","https://x.com/undefined/status/2047643525928603975","70101157",
"2047588780773933353","Fri Apr 24 11:45:27 +0000 2026","0","@kaykaicc ramadhan?","2047643077477839171","","kaykaicc","hi","","0","1","0","https://x.com/undefined/status/2047643077477839171","1278301263357042690",
"2047624781172785338","Fri Apr 24 11:25:49 +0000 2026","15","@5Pillarsuk Iran ask for 2 thing -Close US airbase and Embassy -Close airspace for military used by USA and Israel. But your goverment do not listen when Iran retaliate you act like the victim. Where were you when 200 Iranian children die on the hands of USA and Israel during Ramadhan?","2047638133911458238","","5Pillarsuk","en","","0","1","0","https://x.com/undefined/status/2047638133911458238","1547531025147842560",
"2047580047662276825","Fri Apr 24 07:35:00 +0000 2026","0","Berbagi keberkahan di bulan suci Nikmati Paket Rice Bowl Ramadhan cuma 10K! JL. Raya Kebonsari No.8 Surabaya 081 231 6666 05 #RamadhanBerkah #PaketRamadhan #RiceBowlMurah https://t.co/h4vYEYZlqW","2047580047662276825","https://pbs.twimg.com/media/HFCypOra8AAwmMC.jpg","","in","","0","0","0","https://x.com/undefined/status/2047580047662276825","1676869910318944256",
"2047577620137824697","Fri Apr 24 07:25:21 +0000 2026","0","Jujur aku nek puasa diluar puasa ramadhan niat ku selalu wakehhhh seng niat karna Allah pengen sehat pengen irit pengen diet apapun iku tak sebut pas lagi niat","2047577620137824697","","","in","","0","0","0","https://x.com/undefined/status/2047577620137824697","1555503060864344069",
"2047575457839841741","Fri Apr 24 07:16:45 +0000 2026","0","Melokal sekali Sunwoo Ramadhan ","2047575457839841741","","","in","","0","0","0","https://x.com/undefined/status/2047575457839841741","2039012825767485440",
"2047552201372106895","Fri Apr 24 06:35:09 +0000 2026","1","@vvotanet Ada tuh dulu Dey cedera parah dibagian lutut dia bertahan hampir 2 tahunan tapi g ikut perform teater yg setlist cuman ikut yg event ramadhan sama acara goplay","2047564985631711331","","vvotanet","in","","0","0","0","https://x.com/undefined/status/2047564985631711331","1060342842738958336",
"2047547402811572474","Fri Apr 24 06:31:56 +0000 2026","0","@redtroverse @rollthemercies Allen Valindra Ramadhan","2047564178983112842","","redtroverse","hu","","0","1","0","https://x.com/undefined/status/2047564178983112842","1720318267557036032",
"2047559263351144454","Fri Apr 24 06:12:24 +0000 2026","0","goals tahun depan umroh ramadhan ya Allah mau banget Aamiin","2047559263351144454","","","in","","0","0","0","https://x.com/undefined/status/2047559263351144454","799016859471220736",
"2047556296858333337","Fri Apr 24 06:08:18 +0000 2026","0","@i_m_mortal_ Kok susah yahh. Perasaan waktu ramadhan kemarin easyy","2047558230310871369","","i_m_mortal_","in","","0","1","0","https://x.com/undefined/status/2047558230310871369","1010506058316406784",
"2047549661632983304","Fri Apr 24 06:03:23 +0000 2026","0","@atm0stphere Iyaa lagi mana season nya banyak bahkan ada season Ramadhan ","2047556992286560702","","atm0stphere","in","","0","0","0","https://x.com/undefined/status/2047556992286560702","860048638906515456",
"2047550288303640766","Fri Apr 24 05:58:10 +0000 2026","2","@iamarnoldworld @thegO0dkisser Ne mu Ramadhan Aisha yali atutta","2047555678206632377","","iamarnoldworld","hi","","0","1","0","https://x.com/undefined/status/2047555678206632377","1406324273699033096",
"2047287982114435467","Fri Apr 24 05:05:02 +0000 2026","0","@sibambaang Poin 5 Betul Betul banget Bumi bisa ditanami jagung padi juga aspal dengan Jutaan knalpotnya. Menutup ugal-ugalan industri rokok macam preman berjubah bawa pentungan dipasar pas ramadhan _PASTI AKAN MENIMBULKAN GUNCANGAN UGAL-UGALAN PULA- * Perokok (saya) memang ndablek.","2047542308539977919","","sibambaang","in","","0","0","0","https://x.com/undefined/status/2047542308539977919","486998039",
"2047541974018969816","Fri Apr 24 05:03:42 +0000 2026","0","Menikah punya anak membangun keluarga kecil sederhana yang hangat dan penuh cinta dan merasakan ramadhan dua kali dalam satu tahun dalam keadaan udah jadi ibu AAMIIN YAA RABBAL 'ALAMIN","2047541974018969816","","","in","","0","1","0","https://x.com/undefined/status/2047541974018969816","2937961015",
"2047111187473785035","Fri Apr 24 04:51:46 +0000 2026","0","@saturbron @_moonjinju pepaya sebelum ramadhan 10k pas ramadhan naik 15k kemarin beli di pasar 17k aarghhhh momarah","2047538971220308290","","saturbron","in","","0","0","0","https://x.com/undefined/status/2047538971220308290","487285973",
"2047536390506991666","Fri Apr 24 04:41:31 +0000 2026","0","Sudah Jumat menjelang akhir bulan tapi tetap aja kayaknya bulan ini berjalan lambat dibandingkan ramadhan lalu","2047536390506991666","","","in","","0","0","0","https://x.com/undefined/status/2047536390506991666","1277122885094567941",
"2047531810293530956","Fri Apr 24 04:23:20 +0000 2026","0","Satgas ketahanan pangan Polda Jatim Kapolres Gresik AKBP. Ramadhan Nasution S.I.K. M.H. https://t.co/o44d19mFB9. memerintahkan KapolseK Bungah AKP Suhari S.H beserta anggotanya untuk melaksanakan pengecekan tanaman Cabe di Ds Melirang Kec Bungah Kab. Gresik untuk mendukung","2047531814651367792","","SekPangkahGrs","in","","0","1","0","https://x.com/undefined/status/2047531814651367792","1647826394557329408",
"2047528747541393417","Fri Apr 24 04:11:09 +0000 2026","0","Perang efik fury di bln ramadhanmembawa berkah persatuan islam bukan syiah Semoga muslimin semua kembalinpd ajaran islam yg benar yg dibawa oleh nabi Muhammad ﷺ آمين يارب العالمين","2047528747541393417","","","ca","","0","0","0","https://x.com/undefined/status/2047528747541393417","1139341967995752448",
"2047522166208709107","Fri Apr 24 04:02:54 +0000 2026","0","@xkode06 skrg susah bgt kemarin pas ramadhan perasaan gampang","2047526672560443727","","xkode06","in","","0","0","0","https://x.com/undefined/status/2047526672560443727","1382828496070746116",
"2047522214728147435","Fri Apr 24 03:45:11 +0000 2026","2333","So... Gue beli beras bareng suami. And you know what? HARGANYA 91.000 5KG. semahal itu bro... Perasaan ramadhan 75K dengan merk yang sama. https://t.co/xkqqo80aSi","2047522214728147435","https://pbs.twimg.com/media/HGpCmpGWIAAy3nH.jpg","","in","","83","120","110","https://x.com/undefined/status/2047522214728147435","1331650559518990336",
"2047520409613176867","Fri Apr 24 03:38:01 +0000 2026","0","بسم الله الرحمن الرحيم Remember that Ramadhan is not a scorecard and you're not racing with anyone on anything. The only thing you need to care about is how to get yourself closer to Allah QS. Al-Baqarah ayat 165 وَمِنَ النَّاسِ مَنْ يَّتَّخِذُ ... https://t.co/9dusX7IVux","2047520409613176867","https://pbs.twimg.com/amplify_video_thumb/2047520331624296448/img/eiGGRDjEa-Dq4KKe.jpg","","ca","","0","0","0","https://x.com/undefined/status/2047520409613176867","2028406947733815296",
"2047519140207030418","Fri Apr 24 03:32:58 +0000 2026","0","Memasuki penghujung bulan suci Ramadhan Bupati Langkat H. Syah Afandin SH memberikan santunan kepada 65 santri Pondok Pesantren Ulumul Quran dalam sebuah kegiatan yang berlangsung di Rumah Dinas Bupati Langkat Jumat (13/3/2026). https://t.co/4LTJ2T6Uui","2047519140207030418","https://pbs.twimg.com/media/HGo_zOjagAAOvXN.jpg","","in","","0","0","0","https://x.com/undefined/status/2047519140207030418","963272144015667200",
"2047517984009425133","Fri Apr 24 03:28:23 +0000 2026","0","Bupati Langkat H. Syah Afandin SH yang diwakili Wakil Bupati Langkat Tiorita Br Surbakti SH menghadiri kegiatan Ramadhan Berbagi bersama anak yatim dan kaum dhuafa yang digelar di Masjid Nurul Ihsan Desa Baru Pasar VIII Kecamatan Hinai Jumat (13/3/2026). https://t.co/OgNdHW2rZ9","2047517984009425133","https://pbs.twimg.com/media/HGo-r4gawAALja5.jpg","","in","","0","0","0","https://x.com/undefined/status/2047517984009425133","963272144015667200",
"2047332847216918801","Thu Apr 23 15:12:43 +0000 2026","0","pengen nikmatin lagi baca AU kaya dulu:(( jaman sma gapernah absen baca AU apalagi universenya papadan zidane khail Justin NAUFAL RAMADHAN ㅠㅠ huhu aku sampe beli novel papadan Ama si jidann jidann ituㅠ skrg bac AU blm ada yg cocok di hati","2047332847216918801","","","in","","0","0","0","https://x.com/undefined/status/2047332847216918801","1897226466036998147",
"2047331865313615933","Thu Apr 23 15:08:48 +0000 2026","1","(program) mereka jadi kiblat artis tv yg udh masuk ke yutub. podkes2an udh ga rame soalnya kebukti pas ramadhan kemaren.","2047331865313615933","","","in","","0","0","0","https://x.com/undefined/status/2047331865313615933","1422553514",
"2047267844858003862","Thu Apr 23 15:01:47 +0000 2026","3952","@insiderlauren Ramadhan is the equivalent of Easter or Christmas not St Georges day you complete idiot. Supermarkets have christmas from October to December. Seriously you utter ignorant cretins are so jarring","2047330098752196749","","insiderlauren","en","","1","19","16","https://x.com/undefined/status/2047330098752196749","1879936733392908288",
"2047329029490168272","Thu Apr 23 14:57:32 +0000 2026","0","Hiks naufal ramadhan pal bangun pal solat isya dulu gue blom beres baca housemate 2 lgi ","2047329029490168272","","","in","","0","0","0","https://x.com/undefined/status/2047329029490168272","1745267411656622080",
"2047319266618401247","Thu Apr 23 14:18:45 +0000 2026","23","tiktok sudah up!!! tercemar ramadhan kalo ga sabtu minggu yaah wargaa hehehe timakaci sudah menunggu","2047319266618401247","","","in","","0","3","0","https://x.com/undefined/status/2047319266618401247","1504006047450603520",
"2047318008348155999","Thu Apr 23 14:13:45 +0000 2026","0","Aku baru pindah kost ke sewaan bedakan gitu tetangganya pasutri baru. Baru nikah 2/3 bulan yg lalu intinya sebelum ramadhan tergolong muda bgt kan? Tp aku seneng tetanggaan sm mereka walau aku belum tegur sapa atau kasih makanan say hai krn masih bingung bgasih apa ","2047318008348155999","","","in","","0","1","0","https://x.com/undefined/status/2047318008348155999","1296266939367452672",
"2047300694764658769","Thu Apr 23 13:59:55 +0000 2026","0","@fleshless_hands Halo kak saya sebagai korban mau ngasih tau kalau sebenarnya bukti chat itu udah ada dari sebelum ramadhan dan gw baru berani reveal sekarang dan juga waktu itu saya pikir ah yaudahlah ternyata saya ga nyangka dampaknya dan pas saya speak up itu ternyata udah ada korban lain ka","2047314530381041691","","fleshless_hands","in","","0","0","0","https://x.com/undefined/status/2047314530381041691","1563463473807630337",
"2047309396146016319","Thu Apr 23 13:39:31 +0000 2026","0","Mens hari pertama setelah ramadhan skip mens alias ga mens 2 bulan pdhal tadinya besok mau ke dokter ","2047309396146016319","","","in","","0","1","0","https://x.com/undefined/status/2047309396146016319","2022117833396957186",
"2047309224204718285","Thu Apr 23 13:38:50 +0000 2026","0","kirain live Ramadhan Sale shopee anjir maafff gen","2047309224204718285","","","hi","","0","0","0","https://x.com/undefined/status/2047309224204718285","1306450306981531649",
"2047308409918435667","Thu Apr 23 13:37:11 +0000 2026","0","@khoyyaraw maka dari itu mari kt dukung ramadhan utk memikat pujaan hati yg kemaren confessannya dikira bercandaan tsb","2047308809404850372","","khoyyaraw","in","","0","1","0","https://x.com/undefined/status/2047308809404850372","1640115880880398336",
"2047306929677201742","Thu Apr 23 13:29:43 +0000 2026","0","Aku ingin kembali kan waktu ke bulan ramadhan","2047306929677201742","","","in","","0","0","0","https://x.com/undefined/status/2047306929677201742","1750069717598109696",
"2047294685081649194","Thu Apr 23 13:21:20 +0000 2026","2","@WaboyaE @moore_lil7 @john322226 bro doesnt know that for us we are still in Ramadhan","2047304816901206419","","WaboyaE","en","","0","2","0","https://x.com/undefined/status/2047304816901206419","1696805785198596096",
"2047303905302937726","Thu Apr 23 13:17:42 +0000 2026","0","YAALLAH BENERAN 2/5 HAJATKU HASIL 1/3 MALAM HAMPIR SEBULAN PENUH SELAMA RAMADHAN DALAM WAKTU KURANG DR 2BLN TERKABUL MAKASIH YAALLAHH","2047303905302937726","","","in","","0","0","0","https://x.com/undefined/status/2047303905302937726","1054544413639098368",
"2047298058229080175","Thu Apr 23 13:00:35 +0000 2026","0","@Hssankirevu Sebo Wansubiza mu Ramadhan ","2047299596871741769","","Hssankirevu","in","","0","0","0","https://x.com/undefined/status/2047299596871741769","1515758235424378882",
"2047298759835705802","Thu Apr 23 12:57:20 +0000 2026","0","These small simple moments are honestly what made the night so memorable. To all people who attend your presence truly made the night feel complete. May the month of Ramadhan continue to bring us closer strengthen our bonds and fill our hearts with peace.","2047298778307445208","","GoodSocietyIIUM","en","","0","1","0","https://x.com/undefined/status/2047298778307445208","1317070446722912257",
"2047296934889627879","Thu Apr 23 12:50:00 +0000 2026","14","The Mufti of Uganda Sheikh Shaban Ramadhan Mubaje has cautioned Muslim leaders in West Nile against registering mosques for personal gain including using them to own SACCOs #NTVNews https://t.co/L0mTqqnfkc","2047296934889627879","","","en","","0","0","1","https://x.com/undefined/status/2047296934889627879","109220563",
"2047283414638748127","Thu Apr 23 12:43:02 +0000 2026","13","@WHLeavitt A He spent the end of Ramadhan celebrating and hosting the Muslim Nigerian president and his family in his palace meanwhile Christians in Nigeria were slaughtered. It was the week before Easter !!!","2047295178482831597","","WHLeavitt","en","","0","1","8","https://x.com/undefined/status/2047295178482831597","1702335643706392576",
"2047241402661114183","Thu Apr 23 12:21:00 +0000 2026","1","@chupanne Should've done research Ramadhan nights at Makadara grounds are good though","2047289636049842314","","chupanne","en","","0","1","0","https://x.com/undefined/status/2047289636049842314","1243516359079796736",
"2047284601304048022","Thu Apr 23 12:01:00 +0000 2026","3","Weekend Vlog : Nyubuh Di Bandara Lalu Makan Mie Dan Nyore Ke Pantai Sebelum Ramadhan. https://t.co/6gvwKvLpWo https://t.co/6cALhLZs1F","2047284601304048022","https://pbs.twimg.com/media/HC7-dOlbAAAmiw2.jpg","","in","","0","0","0","https://x.com/undefined/status/2047284601304048022","82554148",
"2047282963793285247","Thu Apr 23 11:54:34 +0000 2026","0","These small simple moments are honestly what made the night so memorable. To all people who attend your presence truly made the night feel complete. May the month of Ramadhan continue to bring us closer strengthen our bonds and fill our hearts with peace.","2047282981270941854","","GoodSocietyIIUM","en","","0","1","0","https://x.com/undefined/status/2047282981270941854","1317070446722912257",
"2047200664607211635","Thu Apr 23 11:52:22 +0000 2026","0","@xpeacessea abis sunat gapernah bolong sholat sm puasa ramadhan bare minimum sih tp ga pada jaga","2047282431242461649","","xpeacessea","in","","0","0","0","https://x.com/undefined/status/2047282431242461649","1315804031835463681",
"2047270284450041991","Thu Apr 23 11:49:21 +0000 2026","0","@G764254432 gantiin yang bocor ramadhan kmrin","2047281672174043409","","G764254432","in","","0","0","0","https://x.com/undefined/status/2047281672174043409","1319519921626230785",
"2047280297268646376","Thu Apr 23 11:43:54 +0000 2026","2","sekarang kalau waktu sholat apapun itu mepet suka resah banget dan ngga mau ketinggalan sholat. alhamdulillah ternyata after ramadhan ibadah igel masih terjaga dan konsisten","2047280297268646376","","","in","","0","1","0","https://x.com/undefined/status/2047280297268646376","1968889286629130240",
"2047277709345329156","Thu Apr 23 11:33:37 +0000 2026","0","i think ive been talking abt it since bfr ramadhan but uh ","2047277709345329156","","","en","","0","0","0","https://x.com/undefined/status/2047277709345329156","1391306658056261634",
"2047264490354622833","Thu Apr 23 11:33:19 +0000 2026","2","@unmagnetism pas bulan ramadhan sering banget nonton marapthon karena jujur aja kayak lagi di temenin apalagi pas ga bisa tidur","2047277634380615706","","unmagnetism","in","","0","0","0","https://x.com/undefined/status/2047277634380615706","1402204565609484302",
"2047277231026896904","Thu Apr 23 11:31:43 +0000 2026","0","Alhamdulillah selesai utang puasa ramadhan Sudah siap ketemu bulan ramadhan lagi https://t.co/xMXRMvUNca","2047277231026896904","https://pbs.twimg.com/media/HGljyGlboAAiOGH.jpg","","in","","0","0","0","https://x.com/undefined/status/2047277231026896904","1524600693452988422",
"2047270130321899605","Thu Apr 23 11:03:30 +0000 2026","3","paling iri emang cuman sama ortu sendiri yang tiap taun bisa umroh sebulan full di bulan ramadhan dan kurban sapi 1 ekor utuh.. huhu i wish mau banget ya Allah : ))","2047270130321899605","","","in","","0","1","0","https://x.com/undefined/status/2047270130321899605","1126682580705632257",
"2047267050993975543","Thu Apr 23 10:51:15 +0000 2026","0","Bulan ramadhan kemarin nggak ada tu laper mata beli takjil giliran hari biasa kek gini pengen banget beli cilok dkk buat buka","2047267050993975543","","","in","","1","0","0","https://x.com/undefined/status/2047267050993975543","1912507562676928512",
"2047261947331330349","Thu Apr 23 10:30:59 +0000 2026","0","MBG Bubar saya jg nazar 1 bulan penuh kek puasa Ramadhan (selama ga mens ya) GASSS NGENG","2047261947331330349","","","in","","0","0","0","https://x.com/undefined/status/2047261947331330349","29271722",
"2047261128573485235","Thu Apr 23 10:27:43 +0000 2026","8","The Mufti of Uganda Sheikh Shaban Ramadhan Mubaje is in Moyo District to officially open the Halaal Farmers Centre in Moyo Town Council. @OkudiMartin #NBSLiveAt1 #NBSUpdates https://t.co/bXhD0jy505","2047261128573485235","https://pbs.twimg.com/media/HGlVAsYWoAAtpG2.png","","en","","0","1","2","https://x.com/undefined/status/2047261128573485235","344718893",
"2046075317966590089","Thu Apr 23 10:09:42 +0000 2026","0","@Cammrie_024 @rinniekisses 151cm before ramadhan my weight 52kg now 49.90kg. fasting non skip 2 weeks after eid. help lose water and fat in body","2047256594271072760","","Cammrie_024","en","","0","0","0","https://x.com/undefined/status/2047256594271072760","186326067",
"1742990596883780084","Thu Apr 23 10:04:13 +0000 2026","0","again from kukiko cookies. kemaren beli ramadhan edition buat adek sekalian buat aku sendiri dan dpt free doodle hihihi https://t.co/naWrYwPD9s","2047255214663909420","https://pbs.twimg.com/media/HGlPwGQbUAACIuU.jpg","mengkeszal","in","","0","0","0","https://x.com/undefined/status/2047255214663909420","1115369336636444672",
"2047254779538420140","Thu Apr 23 10:02:30 +0000 2026","21","5/6 puasa qadha ramadhan https://t.co/Jv7xYDXt53","2047254779538420140","https://pbs.twimg.com/media/HGlPW-0aMAIq69f.jpg","","in","","0","3","0","https://x.com/undefined/status/2047254779538420140","1527532274329133056",
"2047249902842130780","Thu Apr 23 09:43:07 +0000 2026","0","Kalo di flashback lagi ramadhan kemaren tuh berkah banget sih","2047249902842130780","","","in","","0","0","0","https://x.com/undefined/status/2047249902842130780","1933326934408376320",
"2047249623644049808","Thu Apr 23 09:42:00 +0000 2026","0","kata gw ini lagu vibesnya bulan ramadhan bgt","2047249623644049808","","","in","","0","0","0","https://x.com/undefined/status/2047249623644049808","2017971739947585538",
"2047249456618483759","Thu Apr 23 09:41:23 +0000 2026","0","dan Ketua PD HIMA PERSIS Tanjungpinang-Bintan Muhammad Zhein Noor Ramadhan yang hadir didampingi oleh jajaran pengurusnya menyampaikan apresiasi atas keterbukaan Kejaksaan Negeri Bintan. Pihak Aliansi Cipayung Plus menyampaikan aspirasi terkait peran aktif mahasiswa dalam","2047249465028079805","","kejari_bintan","in","","0","1","0","https://x.com/undefined/status/2047249465028079805","1225630177612288000",
"2046657096377086111","Thu Apr 23 09:36:13 +0000 2026","0","@isaacrrr7 FFS get over it stop recycling BS btw ramadhan is over if you want to spread BS at least make it relevant to the current time","2047248167712985490","","isaacrrr7","en","","0","0","0","https://x.com/undefined/status/2047248167712985490","424831864",
"2047246398580830719","Thu Apr 23 09:35:57 +0000 2026","0","@konoistt @cortisundip yang islam tadi itu ukm dd mungkin dia butuh data kalau mau bikin kegiatan tau gitu siapa aja yang bakal di ajak (gak bakal sesering itu kok dd kegiatannya) bener kata teman kamu bisa jadi pas bulan ramadhan aja","2047248097152229615","","konoistt","in","","0","0","0","https://x.com/undefined/status/2047248097152229615","4465383626",
"2047243270204666213","Thu Apr 23 09:29:18 +0000 2026","0","Yuk meskipun Ramadhan sudah berlalu kita perkuat interaksi dengan Al-Qur an dengan membacanya mentadabburinya beriman kepadanya dan beramal sesuai dengannya semampu kita.","2047246423947898896","","InWahyudi581","in","","0","1","0","https://x.com/undefined/status/2047246423947898896","1501048516361162752",
"2047245308829274146","Thu Apr 23 09:24:52 +0000 2026","1","Berkah Ramadhan! &lt;3","2047245308829274146","","","in","","0","0","0","https://x.com/undefined/status/2047245308829274146","1933532281760854019",
"2047186872041095490","Thu Apr 23 05:32:39 +0000 2026","0","Pantau dan monitoring SPBU oleh personil polsek binjai selatan selama bulan Ramadhan 2026 (1447 H) merupakan bagian dari kegiatan pengamanan obyek vital dan patroli rutin untuk menjaga situasi keamanan dan ketertiban masyarakat (kamtibmas) tetap kondusif.","2047186872041095490","","","in","","0","0","0","https://x.com/undefined/status/2047186872041095490","1521675436740452353",
"2047183503662661721","Thu Apr 23 05:19:18 +0000 2026","0","And Naufal Ramadhan","2047183508892979461","","Dirweih","hi","","0","0","0","https://x.com/undefined/status/2047183508892979461","1994461614528208897",
"2047181022463438877","Thu Apr 23 05:09:25 +0000 2026","0","doa pas ramadhan biar internet yang mati malah lampu yang mati","2047181022463438877","","","in","","0","0","0","https://x.com/undefined/status/2047181022463438877","496154169",
"2047157874087055756","Thu Apr 23 05:07:07 +0000 2026","1","@nunudanaa @ohhohochuu TICKETINGNYA PAS RAMADHAN KAK SOALNYA AWOKWWKWKWK","2047180443099996207","","nunudanaa","in","","0","1","1","https://x.com/undefined/status/2047180443099996207","1403342967587315715",
"2047173070075617718","Thu Apr 23 04:37:49 +0000 2026","0","Nessie ga dapet mega hbd ga dapet paus ramadhan ga dapet hiu komet ga dapet jaat betul","2047173070075617718","","","in","","0","0","0","https://x.com/undefined/status/2047173070075617718","1958214815970897920",
"2047172917163925959","Thu Apr 23 04:37:12 +0000 2026","0","SELAMAT ATAS KENAIKAN PANGKAT SOLIDAR17AS NUSANTARA Yohanes Lako Azi - Marianus Baltasar Buu - Chergio G. Paulo Jeramu - Hilarius Yomailinus - Yohanes Don Bosco Ruba Nale Freddy Lani - Eduardus Ricardo Rato - Arifin Ramadhan Koli Randy Rizaldi Uly https://t.co/os9M4irMWC","2047172917163925959","https://pbs.twimg.com/media/HGkE5uAa0AAlAse.jpg","","in","","0","0","0","https://x.com/undefined/status/2047172917163925959","1786631019799719936",
"2047056742521934089","Thu Apr 23 04:29:24 +0000 2026","1","@gloiredz la cuisine française est copié collé de la cuisine Algerienne le croissant en est un bon exemple ce pain confectionné durant le ramadhan que les français ont appelé croissant au lendemain de la prise d'Alger.pour connaitre leur vrai cuisine regardez le film asterix","2047170954103550164","","gloiredz","fr","","2","4","0","https://x.com/undefined/status/2047170954103550164","1442455680",
"2047065199308353654","Thu Apr 23 04:17:05 +0000 2026","0","@Mariyerh__ @muktharmk1 Tahjod and fasting not only in Ramadhan these two we can do at any time one moslim man said IAM fasting Monday and Thursday plus 3days every month when Ramadhan will come I feel fasting in Ramadhan very easy even IAM at work why because these work IAM doing make to me easy","2047167852093005899","","Mariyerh__","en","","0","0","0","https://x.com/undefined/status/2047167852093005899","2036453220957270016",
"2047167152525136130","Thu Apr 23 04:14:18 +0000 2026","3","Tahniah Ramadhan Saifullah mendapat undian tertinggi (48%) untuk MFL Top Goals LS22 Liga Super 2025-26! https://t.co/tmqcDMtF8I #MFLTopGoals #LigaSuper2025-26 #DemiLigaKita #LigaMalaysia","2047167152525136130","","","in","","0","0","1","https://x.com/undefined/status/2047167152525136130","3247390147",
"2046887826437075230","Thu Apr 23 03:40:12 +0000 2026","0","@MStealyomoney @antigravity itu keknya yg pas promo ramadhan gua tanya grok cuman berlaku sampe 31 maret","2047158572639985766","","MStealyomoney","in","","0","1","0","https://x.com/undefined/status/2047158572639985766","1514600089737588752",
"2047157489410416702","Thu Apr 23 03:35:54 +0000 2026","10","!Upi Yuk isi survey kilat berhadiah mengenai Food Waste di Bandung! cuma 2 menit dan bisa dapetin saldo GRATIS. Kriteria responden: Gen Z Kota Bandung yang pernah memesan delivery makanan online selama bulan Ramadhan kemarin! https://t.co/KbcHIsBJdv","2047157489410416702","https://pbs.twimg.com/media/HGj244eXwAAlNXz.jpg","","in","","0","4","0","https://x.com/undefined/status/2047157489410416702","1245981587423911937",
"2047157296539590764","Thu Apr 23 03:35:08 +0000 2026","0","Campus! Yuk isi survey kilat berhadiah mengenai Food Waste di Bandung! cuma 2 menit dan bisa dapetin saldo GRATIS. Kriteria responden: Gen Z Kota Bandung yang pernah memesan delivery makanan online selama bulan Ramadhan kemarin! https://t.co/M6voSXOhuk","2047157296539590764","https://pbs.twimg.com/media/HGj2tbCWcAAJmgn.jpg","","in","","0","0","0","https://x.com/undefined/status/2047157296539590764","1358351898105942017",
"2047157276587216911","Thu Apr 23 03:35:03 +0000 2026","0","Yap! Yuk isi survey kilat berhadiah mengenai Food Waste di Bandung! cuma 2 menit dan bisa dapetin saldo GRATIS. Kriteria responden: Gen Z Kota Bandung yang pernah memesan delivery makanan online selama bulan Ramadhan kemarin! https://t.co/pMvrLUoFZ6","2047157276587216911","https://pbs.twimg.com/media/HGj2scaXIAAffyw.jpg","","in","","0","0","1","https://x.com/undefined/status/2047157276587216911","1894088638180573184",
"2046851385086623914","Thu Apr 23 03:20:57 +0000 2026","0","@boxxtoc ketika bulan Ramadhan yang katanya setan-setan diikat itu ternyata sedang ngomongin si pribadi manusia sendiri ya....","2047153728957153647","","boxxtoc","in","","0","0","0","https://x.com/undefined/status/2047153728957153647","1865336065072173056",
"2046887826437075230","Thu Apr 23 03:07:48 +0000 2026","0","@kenziaajaa @antigravity katanya itu pas ramadhan doang ya ?","2047150419823169919","","kenziaajaa","in","","0","1","0","https://x.com/undefined/status/2047150419823169919","1514600089737588752",
"2047145643211428229","Thu Apr 23 02:48:50 +0000 2026","0","Sy setuju musik haram dan ada hadistnya tp dalam agama tdk ada hukuman untuk org yg mendengarkan atau menjadi musisi gini deh di Islam aj ga ada hukuman untuk org yg ga sholat atau ga puasa di bulan ramadhan masa musik aj jd masalah? Menurut sy Allah memberi kita kehendak bebas..","2047145643211428229","","","in","","0","1","0","https://x.com/undefined/status/2047145643211428229","753804120352587776",
"2046868761161109662","Thu Apr 23 02:48:34 +0000 2026","0","@urexxcrush sebelum ramadhan","2047145577650200791","","urexxcrush","in","","0","0","0","https://x.com/undefined/status/2047145577650200791","1935368740499308544",
"2047135893602082952","Thu Apr 23 02:10:06 +0000 2026","0","Satgas ketahanan pangan Polda Jatim Kapolres Gresik AKBP. Ramadhan Nasution S.I.K. M.H. https://t.co/o44d19mFB9. memerintahkan Kapolsek Benjeng AKP HENDRAWAN . beserta anggotanya untuk melaksanakan pengecekan tanaman sawi di Ds. Bulurejo Kec. Benjeng Kab. Gresik untuk mendukung","2047135895921517035","","SekPangkahGrs","in","","0","1","0","https://x.com/undefined/status/2047135895921517035","1647826394557329408",
"2047122895340724521","Thu Apr 23 01:47:56 +0000 2026","0","@masxbam Agenda ramadhan kah","2047130319208472688","","masxbam","in","","0","1","0","https://x.com/undefined/status/2047130319208472688","1404648758076268544",
"2047125508555767822","Thu Apr 23 01:28:49 +0000 2026","0","Genuinely not trying to make smoking as my whole personality tapi mau rokok tapi pun kalau aku bilang gini aku gak merokok terakhir kali aku merokok pas ramadhan itu pun cuman dikit ","2047125508555767822","","","in","","0","0","0","https://x.com/undefined/status/2047125508555767822","1977364679937937408",
"2047124720353677633","Thu Apr 23 01:25:41 +0000 2026","0","paket kuota im3 indosat satpam ramadhan frēedom harian mingguan 5g khusus kota yang udah support jaringan 5g ooredoo ya #zonauang kamis","2047124720353677633","","","in","","0","0","0","https://x.com/undefined/status/2047124720353677633","1803885509745479685",
"2047121986342772872","Thu Apr 23 01:14:49 +0000 2026","0","Lagu dia yg femes diari ramadhan rafique je. Over nau la kosmo","2047121986342772872","","","in","","0","0","0","https://x.com/undefined/status/2047121986342772872","429019527",
"2047113449189380317","Thu Apr 23 00:40:54 +0000 2026","0","bOYYYYYY RAMADHAN X RAYA SPENDINGS STATEMENT CAME OUT AND THERE GOES 60% OF MY SALARY DAWGGG","2047113449189380317","","","en","","0","0","0","https://x.com/undefined/status/2047113449189380317","1068331977994956800",
"2046610096067948696","Thu Apr 23 00:34:34 +0000 2026","0","@doieszz udh kaya jokes ramadhan tiap tahun jokes ini bakal keluar lg","2047111856633135435","","doieszz","in","","0","1","0","https://x.com/undefined/status/2047111856633135435","1471501172125011974",
"2046995935809393009","Thu Apr 23 00:21:31 +0000 2026","0","@EliAfriatISR When Palestinian celebrating ramadhan ive never heard trump ask for ceasefire? If there we all ready saw how many times idf breach the ceasefire. Israel is the curse","2047108571645849604","","EliAfriatISR","en","","0","0","0","https://x.com/undefined/status/2047108571645849604","340980961",
"2047106832616042516","Thu Apr 23 00:14:36 +0000 2026","1","高寺薫、Donny Ramadhan、渡邉 怜子、水口賢司による論文がACS Omegaに掲載されました。 https://t.co/FBsRaagMuU","2047106832616042516","","","ja","","0","0","0","https://x.com/undefined/status/2047106832616042516","1208937129297924097",
"2046587590208553428","Thu Apr 23 00:13:34 +0000 2026","0","@_fxxxkboy Ramadhan tiba ramadhan tiba ramadhan tiba tiba-tiba ramadhan tiba-tiba ramadhan ","2047106572510429589","","_fxxxkboy","tl","","0","0","0","https://x.com/undefined/status/2047106572510429589","988157187145908225",
"2047100652170461650","Thu Apr 23 00:12:39 +0000 2026","1","@tanyarlfes Hari biasa makan sendiri-sendiri. Makan bareng kalo pas ramadhan aja. Pas buka sama sahur gitu. Rasanya ya seneng bisa makan bareng walau momennya cuma sebulan dalam setahun ","2047106339714044164","","tanyarlfes","in","","0","0","0","https://x.com/undefined/status/2047106339714044164","1193448646726959104",
"2046855829064749177","Thu Apr 23 00:00:02 +0000 2026","0","@Wazak01 @ZuhdApprentice They have a trauma bond with Islam they are attached to it because of the memories of those bubbly nostalgic moments they had on Eid or Ramadhan with their family but at the same time believing the religion suppresses them cause they have an inferiority complex to non Muslims","2047103166647316570","","Wazak01","en","","0","0","0","https://x.com/undefined/status/2047103166647316570","2033934665552375808",
"2047102667319894026","Wed Apr 22 23:58:03 +0000 2026","0","A paper by Kaoru Takadera Donny Ramadhan Reiko Watanabe and Kenji Mizuguchi has been published in ACS Omega. https://t.co/axw5WGnau3","2047102667319894026","","","en","","0","0","0","https://x.com/undefined/status/2047102667319894026","1230010950889037824",
"2047101249255010628","Wed Apr 22 23:52:25 +0000 2026","0","stop kelas pagi please kelas jam 8 waktu ramadhan udah pas banget itu waktunya","2047101249255010628","","","in","","0","0","0","https://x.com/undefined/status/2047101249255010628","1783816813085921280",
"2046932572803104933","Wed Apr 22 23:39:25 +0000 2026","0","@rizkidwika Waktu Kiky ikutan di acara bukber ramadhan liat dia pake celana pendek keq gimana gitu. Yg biasa aja nambahin kerudung ini malahan buka aurat","2047097977110757603","","rizkidwika","in","","0","0","0","https://x.com/undefined/status/2047097977110757603","83621864",
"2046916903667482833","Wed Apr 22 23:37:14 +0000 2026","0","@GoonBobby7 @gnocchidrive di projek solo nya Ahmad Dhani ama Andra Ramadhan (Andra pengisi gitar tapi sekalian di Include aja)","2047097426750877774","","GoonBobby7","in","","0","0","0","https://x.com/undefined/status/2047097426750877774","1528537405946761216",
"2047093481512812663","Wed Apr 22 23:21:33 +0000 2026","2","last time Chelsea scored a PL goal was ramadhan day 15 iftar ","2047093481512812663","","","en","","0","0","1","https://x.com/undefined/status/2047093481512812663","1353812992232726529",
"2047085862039830536","Wed Apr 22 22:51:17 +0000 2026","0"," itu iqbaal ramadhan bukan iqbal paskah ","2047085862039830536","","","in","","0","0","0","https://x.com/undefined/status/2047085862039830536","1611684242127486978",
"2047076724924350641","Wed Apr 22 22:14:58 +0000 2026","0","Let's do it after fajr with the fam wear your best thobe and give the Friday khutba. Gotta have the walima after Friday prayer in our Masjid with the orphans tullabul ilm &amp; scholars. And finally spend the last 10 days of Ramadhan 1448H. I'll show you around my hometown ","2047076724924350641","","","en","","0","0","0","https://x.com/undefined/status/2047076724924350641","2385176460",
"2046701583396684104","Wed Apr 22 19:34:48 +0000 2026","1","@QuTravelling @ArchVisionW What Arab literature then? If you search first Arabic literature every site states the 6th century. Arabs were pagans guess from where? This is why even the word Ramadhan is Hindu it means meditate on Rama. Dhyana in Sanskrit means meditate. Asura is Hindu Vedic.","2047036416090308621","","QuTravelling","en","","0","0","0","https://x.com/undefined/status/2047036416090308621","1489398546696658945",
"2047020354925908130","Wed Apr 22 19:06:14 +0000 2026","0","16. Serupa Rumah edisi Ramadhan https://t.co/o7buSAG9IA","2047029227153949047","","Arrayani39047","in","","0","1","0","https://x.com/undefined/status/2047029227153949047","1642507878518128643",
"2047018049887457663","Wed Apr 22 18:24:14 +0000 2026","0","Zidane Hamizan Khail Adnan Naufal Ramadhan ya itu top 3 karakter au Jeongwoo yang paling memorable!!! Kayak.. meskipun udah lama gak ada yang bahas tapi sekalinya muncul tiba-tiba kek gini pasti orang-orang langsung inget kembali sama kisahnya huhuuuu","2047018659437220093","","rndmzi","in","","0","0","0","https://x.com/undefined/status/2047018659437220093","1326903758148800519",
"2045725416384581996","Wed Apr 22 17:07:49 +0000 2026","0","@LizaRosen0000 King Charles 3 hosted the president of islamist Nigeria and his family in the palace during Ramadhan!!!! While Nigerian Christians were slaughtered!","2046999425097101434","","LizaRosen0000","en","","0","0","0","https://x.com/undefined/status/2046999425097101434","1702335643706392576",
"2046995971780014272","Wed Apr 22 16:54:05 +0000 2026","0","Read Roadmap Pembelajaran Algoritma dan Pemrograman by Rizal Ristiawan Ramadhan on Medium: https://t.co/nqZ5ZmVRvd","2046995971780014272","","","in","","0","0","0","https://x.com/undefined/status/2046995971780014272","362480967",
"2046611621150122348","Wed Apr 22 16:27:47 +0000 2026","0","@Islam435 / Ramadhan 4th pillar of iSLam is a fabrication of Mybrophet almohamad mahmood alhamdan (PBUH) / 1st he invented Ashura (10th Muharram) from Yom Kippur (10th Tishrei) with compulsory fasting / After he reformed Ashura &amp; put Ramadhan fasting as it is known today al allah akpar https://t.co/BkawCilhOJ","2046989353688473881","https://pbs.twimg.com/media/HGhd-AGboAA193K.jpg","Islam435","en","","0","0","0","https://x.com/undefined/status/2046989353688473881","1527558275943714816",
"2046986831011750370","Wed Apr 22 16:17:46 +0000 2026","0","Algojo andalan Romo Primbon Kang Macan asal Pangandaran Menguasai pencak silat lihai Membunuh sambil makan tempe diperani Rama Ramadhan dari stuntman n fighting koreo jadi jagoan antagonis paling kejam dalam film laga #IkatanDarah https://t.co/saYAPHibJs","2046986831011750370","https://pbs.twimg.com/ext_tw_video_thumb/2046986738921558016/pu/img/dLCClvsGFqvb8Oso.jpg","","in","","0","0","0","https://x.com/undefined/status/2046986831011750370","1575338724",
"2046979865316917520","Wed Apr 22 16:11:12 +0000 2026","0","@tanyarlfes adha buyung aku jeje roni ramadhan","2046985180611743959","","tanyarlfes","in","","0","0","0","https://x.com/undefined/status/2046985180611743959","1086277736727859212",
"2046235316294762903","Wed Apr 22 15:46:38 +0000 2026","0","@Shiqyu @TWSCUB WKWKW JADI GIMANA RASA KOLAK PISANG? apakah rasanya kayak ramadhan? pernah belum nyobain ramadhan?","2046978995548496049","","Shiqyu","in","","0","0","0","https://x.com/undefined/status/2046978995548496049","712534808",
"2046973766761345494","Wed Apr 22 15:25:51 +0000 2026","0","BULAN SUCI RAMADHAN segera berlalu Segenap Pimpinan BPSDM Kemendesa PDT Mengucapkan Selamat Hari Raya Idul Fitri Mohon Maaf Lahir dan Batin. @YandriSusanto @KemensesnegRI @BpsdmKemendesa #KementerianDesaPDT #BPSDMKementerianDesaPDT #BerkahSuciRamadhan #IntegritasTPPKemendesa https://t.co/Qvad9ZHtb2","2046973766761345494","https://pbs.twimg.com/ext_tw_video_thumb/2046973236991430656/pu/img/oIM9vBnbS8aaRz0r.jpg","","in","","0","0","0","https://x.com/undefined/status/2046973766761345494","1616616350373539843",
"2046972330812019088","Wed Apr 22 15:20:10 +0000 2026","0","lapor makku lah nah pas kejadian itu lagi bulan Ramadhan pulang tarwih makku sung tegur bilang janko bilangi A(inisial nama rumahku) monyet na kalo mubilangi mirip monyet berarti kau juga karna sepupuan ko (cont)","2046972335849357484","","pjh00L","in","","0","1","0","https://x.com/undefined/status/2046972335849357484","1394046601",
"2046971284085751856","Wed Apr 22 15:15:59 +0000 2026","0","MALU GASIH ANJIRRRRR GUA SIH MALU BGT YAA DIGINIIN MA MANTAN KARYAWAN AZAB BENTAR LAGI DTNG YA CHA GAWON SIAP2 SOALNYA UDH BUKAN RAMADHAN NICCHHH 100 HUNDRED GO BANKRUPT","2046971284085751856","","","in","","0","0","0","https://x.com/undefined/status/2046971284085751856","1326549005002706948",
"2046971072613130308","Wed Apr 22 15:15:09 +0000 2026","1","Spent a few hours after work tonight to watch Taka and One OK Rock rocking it up Totally can't miss this because I already missed One OK Rock's concert in March since it was in Ramadhan https://t.co/ommPf0hrBA","2046971072613130308","https://pbs.twimg.com/media/HGhNVjNbYAACDy6.jpg","","en","","0","0","0","https://x.com/undefined/status/2046971072613130308","1843395009749626880",
"2046967306404983185","Wed Apr 22 15:00:11 +0000 2026","0","Pas ramadhan aku pengen cumi beli lah di payakumbuah gulai cumi beli jam 4an lah. jd cuminya di plastikin sendiri dan nasi tok sendiri. Tp pas magrib mau di makan eh basi udah asam Kemaren diajakin lg buat cobain payakumbuah ogah krn pengalaman pertama yg basi tsb ","2046967306404983185","","","in","","0","0","0","https://x.com/undefined/status/2046967306404983185","1216016309831360514",
"2046964465669898399","Wed Apr 22 14:48:54 +0000 2026","0","Doa saat bulan ramadhan emang the best banget","2046964465669898399","","","in","","0","0","0","https://x.com/undefined/status/2046964465669898399","1442392192065044483",
"2046961214623015413","Wed Apr 22 14:36:02 +0000 2026","0","sarana untuk mempererat kebersamaan dan meningkatkan soliditas antarpetugas pemasyarakatan. Lapas Curup mengirimkan dua perwakilan yakni Tabri dan Rizki Ramadhan yang tampil cukup meyakinkan sepanjang pertandingan. Keduanya mampu menunjukkan kerja sama yang baik serta","2046961227877007714","","CurupHumas","in","","0","1","0","https://x.com/undefined/status/2046961227877007714","1281862614616698880",
"2046959268562440430","Wed Apr 22 14:28:14 +0000 2026","0","Udah berapa hari dia nikah? Mau di genepin sebulan kah biar kyk ramadhan?","2046959268562440430","","","in","","0","0","0","https://x.com/undefined/status/2046959268562440430","1218581385566228480",
"2046958793192546573","Wed Apr 22 14:26:21 +0000 2026","0","Hallo @pln_123 mau tanya kenapa token listrik rumah saya cepat habis ya? Padahal baru di isi. Yg biasanya habis dalam 7 hari dari ramadhan jd habis dlm 5 hari. Sekarang habis dlm 3 hari.","2046958793192546573","","","in","","0","1","0","https://x.com/undefined/status/2046958793192546573","1807490973741834240",
"2046957437664874831","Wed Apr 22 14:20:58 +0000 2026","0","Umroh bulan Syawal momen istimewa untuk meningkatkan iman setelah Ramadhan melambangkan peningkatan spiritual serta membersihkan dosa dgn ketenangan ibadah yg lebih privat. Ini waktu terbaik napak tilas prjalanan suci dgn suasana penuh kberkahan Info Pendaftaran 082113430058 https://t.co/Gaif4hp7qL","2046957437664874831","https://pbs.twimg.com/ext_tw_video_thumb/2046957398863265793/pu/img/O15LH7e63dqyUXGX.jpg","","in","","0","0","0","https://x.com/undefined/status/2046957437664874831","1597968822073368576",
"2046950895087386809","Wed Apr 22 14:12:20 +0000 2026","0","@makominato pahlawan masyarakat klo ga nntn konten2 dia pas lg bulan ramadhan bisa stress️","2046955265405448590","","makominato","in","","0","0","0","https://x.com/undefined/status/2046955265405448590","1803443420113027072",
"2046952122516709545","Wed Apr 22 13:59:51 +0000 2026","0","aku sekarang lagi naksir aja sih. inget yaa NAKSIR ajaa sama temen kecilkuuu temen main bentengku di ramadhan tahun 2016 pas aku kelas 5 MI wkwk","2046952122516709545","","","in","","0","0","0","https://x.com/undefined/status/2046952122516709545","1703396796654055424",
"2046928484648284520","Wed Apr 22 13:59:17 +0000 2026","0","@yunesafess aman nderr. ak maren pas ramadhan pernah skali sahur gacoan aman ajaa","2046951982435541242","","yunesafess","in","","0","0","0","https://x.com/undefined/status/2046951982435541242","1082660787762663424",
"2046947576365318237","Wed Apr 22 13:41:47 +0000 2026","0","Sejak ramadhan baru sekali main badminton badan rasanya cepat lelah kalau kurang olahraga mudah2 besok tidak cancel lagi","2046947576365318237","","","in","","0","0","0","https://x.com/undefined/status/2046947576365318237","1990753671764901888",
"2046772026279710795","Wed Apr 22 13:34:43 +0000 2026","13","@kosmo_online Dia nynyi lagu apa je sadiq oii sampai gaji mahal tuu.. lagu Diari ramadhan rafique keee??","2046945800744505742","","kosmo_online","in","","0","0","1","https://x.com/undefined/status/2046945800744505742","879629994",
"2046940761900655098","Wed Apr 22 13:14:45 +0000 2026","0","Btw aku co waktu ada event diskon 33% shopee di toko bertanda promo xtra bulan ramadhan lalu. Jadi harganya murce-murce Kalau buat sekarang aku saranin kalian co lewat shopee videoo kalau mau murah! Bisa masukin barang yang dimau ke keranjang dulu biar entar lewat -c-","2046940774525497578","","ngeditt","in","","0","1","0","https://x.com/undefined/status/2046940774525497578","1283252279206797312",
"2046939398185644404","Wed Apr 22 13:09:17 +0000 2026","0","alhamdulillah akhirnya doa ku di ijabah sepanjang ramadhan kemarin berdoa biar setelah ramadhan bisa masuk kerja https://t.co/emBzvcL6DA","2046939398185644404","https://pbs.twimg.com/media/HGgwiBXbMAAXHtY.jpg","","in","","0","3","0","https://x.com/undefined/status/2046939398185644404","1036097792",
"2046936299610001567","Wed Apr 22 12:56:58 +0000 2026","0","minum air dr tempat kerja soalnya ak kerja di pabrik air minum. gada tumbler adanya mug buat bikin energen pas sahur ramadhan kemaren krn kebetulan shift malam","2046936299610001567","","","in","","0","0","0","https://x.com/undefined/status/2046936299610001567","1142321203639549952",
"2046933714383622170","Wed Apr 22 12:46:42 +0000 2026","0","Marhaban ya Ramadhan bulan penuh ampunan telah tiba. Semoga kita semua mendapatkan keberkahan dan ampunan dari Allah SWT Selamat Menunaikan Ibadah Puasa 1447 H. @YandriSusanto @SekretarisKabinetRI #KemendesPDT #BpsdmKemendesaPDT #BangunDesaBangunIndonesia #TPPKemendesaDamping","2046933714383622170","","","in","","0","0","0","https://x.com/undefined/status/2046933714383622170","1906247392778969088",
"2046930925485998378","Wed Apr 22 12:37:02 +0000 2026","0","ini sangat memprihatinkan karena kebebasan berpendapat menjadi hak bagi seluruh rakyat Indonesia . Setelah pembukaan kegiatan dilanjutkan dengan pemateri yaitu kanda Muhammad Rafi dengan moderator yaitu Haditya Ramadhan.","2046931280806436965","","himaska_unri","in","","0","1","0","https://x.com/undefined/status/2046931280806436965","793118827",
"2046657837691007402","Wed Apr 22 12:26:18 +0000 2026","0","@Broadbasedgal 8. Ramadhan Abdul PEOPLE RENAISSANCE MOVEMENT.. https://t.co/e7DgxnJffG","2046928582388195487","https://pbs.twimg.com/media/HGgmsrjWgAACbBr.jpg","Broadbasedgal","en","","0","0","0","https://x.com/undefined/status/2046928582388195487","937360865510047744",
"2046927839770067241","Wed Apr 22 12:23:21 +0000 2026","0","Ramadhan kareem","2046927839770067241","","","hi","","0","0","0","https://x.com/undefined/status/2046927839770067241","1326925883467210752",
"2046805986103767460","Wed Apr 22 12:22:33 +0000 2026","4","@AnakLolina2 @islah_bahrawi Pantesan ucapan Ramadhan telat orang2nya gitu","2046927636505735504","","AnakLolina2","in","","0","1","2","https://x.com/undefined/status/2046927636505735504","1659461824495104001",
"2046927171843666295","Wed Apr 22 12:20:42 +0000 2026","0","ada satu au yang aku baca di 2021 bulan ramadhan aunya itu lucu banget dan berbekas banget di hati aku cuman authornya sepertinya udah deact tiap ramadhan aku cuman inget momen momen di au ituu dan entah kapan bisa balik karena grup yang jadi castnya pun sudah disband","2046927171843666295","","","in","","0","0","0","https://x.com/undefined/status/2046927171843666295","1913159458177568768",
"2046905163303293206","Wed Apr 22 11:54:55 +0000 2026","0","@camattcaa @sadiesapphire_ Di youtube ada yg post dulu pas masih ramadhan","2046920684912431384","","camattcaa","in","","0","0","0","https://x.com/undefined/status/2046920684912431384","1321345449383526401",
"2046441269862478069","Wed Apr 22 11:44:19 +0000 2026","0","@LastD19765 Player muda phang tu bru jaa masuk bang. Masak pun blm lagi. Ramadhan? Safawi? AA xyah ckp lah. Nazmi? JDT ad lbh bnyk good local player compare tu klab lain. Pnyrang kucing city Nistelroy dtg dri mana? Haziq nazli? Izham? Kau layan bola selangor je ka?","2046918017314148575","","LastD19765","in","","0","0","0","https://x.com/undefined/status/2046918017314148575","3272063598",
"2046912924879659231","Wed Apr 22 11:32:49 +0000 2026","0","@uerenity Asli kalau masih ramadhan udah itu mah bukber aja sekalian pulang abis traweh","2046915120526487967","","uerenity","in","","0","1","0","https://x.com/undefined/status/2046915120526487967","1907469060004364288",
"2046860154491359481","Wed Apr 22 11:31:55 +0000 2026","28","@hndrtry7 @dreamerballs Bener. Manajemen ada jg loh ngepush dia karena dia potensial. Masuk Spv go &amp; fight padahal ada yg dpt ug gak masuk masuk iklan Ramadhan waktu masih trainee padahal ada yg muslim lainnya. Jarang² ada idol bule itu yg bikin beda &amp; jadi pegangan jot tapi fans &amp; wota kurang nerima.","2046914895405560282","","hndrtry7","in","","0","1","0","https://x.com/undefined/status/2046914895405560282","1890283687692103681",
"2046912020180832422","Wed Apr 22 11:20:30 +0000 2026","71","#ramadhan #eidmubark #TVKVijay‌ #TVKwithTN #TVKVijay‌HQ @KrishnagiriTVK @Vijaybalaj5004 @TVKITWingUpdate @TVK_NewsTrichy @actorvijay Chandran Arts : 9514706681 https://t.co/431JUTzW72","2046912020180832422","https://pbs.twimg.com/media/HGgXoLeacAAilWi.jpg","","en","","0","1","6","https://x.com/undefined/status/2046912020180832422","1113780030142685186",
"2046910904516940105","Wed Apr 22 11:16:04 +0000 2026","9","guys temenku udah dari sebelum puasa ramadhan minjem buku Ronggeng Dukuh Paruk... sampe sekarang belum di balikin aku udh ingetin setiap hari buat dibawa ke kantor krn aku mau baca secepatnya. Tapi dia selalu bilang hehe lupa. besok ya. dan selalu ngehindar gitu aja","2046910904516940105","","","in","","0","20","0","https://x.com/undefined/status/2046910904516940105","1718540648109019136",
"2046776196051165198","Wed Apr 22 11:08:57 +0000 2026","1","@rangga_ga555 Jelas e melu Muhammadiyah om Ren aq Ramadhan e disik kok nk urusan sng Siji iki aq lom prnah manut pemerintah om ","2046909116527067219","","rangga_ga555","in","","0","0","0","https://x.com/undefined/status/2046909116527067219","1236229061552140288",
"2046576469359419686","Wed Apr 22 10:54:05 +0000 2026","2","@JMNewsNetwork_ This 100% true I had the same feeling when I was there this Ramadhan and I still have that feeling today and I miss Mecca and Madinah. I pray to Allah (SW) to give me another chance to perform Haj or Ummra InshaAllah","2046905376126198071","","JMNewsNetwork_","en","","0","1","0","https://x.com/undefined/status/2046905376126198071","896744910",
"2046903477084062183","Wed Apr 22 10:46:33 +0000 2026","0","Aku kangen nonton tv sambil rebahan aku juga kangen sama suasana sore ramadhan dirumah aku kangen sama iklan Bimoli dan Marjan aku juga kangen berbincang dengan kakek di teras rumah aku juga kangen melihat ibuku masak sambil menggerutu kapan kamu bantuin ibu i Miss all","2046903477084062183","","","in","","0","0","0","https://x.com/undefined/status/2046903477084062183","1334763424794828801",
"2046899347414245821","Wed Apr 22 10:30:08 +0000 2026","0","suddenly missing Ramadhan.... masih tahun depan lagi yah.....","2046899347414245821","","","in","","0","0","0","https://x.com/undefined/status/2046899347414245821","1078133243629645825",
"2046894905620922819","Wed Apr 22 10:12:29 +0000 2026","23","Arusha ▪️RC MAKALLA AMPA ZAWADI RAMADHAN CHOBWEDO NYOTA WA TRA UNITED ▪️Aridhishwa na kiwango chake cha kusakata soka akisema Chobwedo ni mali ▪️Amtaka kutoyumbishwa na wanaomsema vibaya Mtandaoni Mkuu wa Mkoa wa Arusha Mhe. CPA Amos Gabriel Makalla Jumanne Aprili 21 https://t.co/BDIbY98VkX","2046894905620922819","https://pbs.twimg.com/media/HGgHm5TWoAAWgyE.jpg","","tl","","0","1","2","https://x.com/undefined/status/2046894905620922819","47989062",
"2046894534991495214","Wed Apr 22 10:11:01 +0000 2026","0","gw sm sotel (sobat kentel) gw pas bulan ramadhan kita beli cimol niatnya buat buka. Tapi karena setan dlm diri kita lebih mendominasi tiba tiba tuh bungkus cimol dibuka dan dimakan cimolnya jadinya kita mokel trs abis mam cimol ini kita lanjutin lagi puasanya ","2046894534991495214","","","in","","0","0","0","https://x.com/undefined/status/2046894534991495214","1462360847481589761",
"2046893842704540059","Wed Apr 22 10:08:16 +0000 2026","6","Update: Mufti Arrives in the West Nile Muslim Region His Eminence Dr. Sheikh Shaban Ramadhan Mubaje the Mufti has arrived in Arua City in the West Nile Muslim Region. The Mufti is accompanied by Hon. Hadji Abbas Muluubya Ssekyanzi the UMSC Secretary General and Ms Fiona https://t.co/HEhB8sES3b","2046893842704540059","https://pbs.twimg.com/media/HGgHEg1XgAAB7WA.jpg","","en","","0","1","3","https://x.com/undefined/status/2046893842704540059","1978841236040511489",
"2046891266034835693","Wed Apr 22 09:58:01 +0000 2026","2150","I think Malaysians should normalise going to a Dr if you have ANY UNSURE SYMPTOMS FOR 1 - 2 WEEKS. Cerita pesakit ni perut membusung dari 2 minggu sebelum Ramadhan and makin besar. Dia dan anak² ingat gemuk air . Datang semula semalam ke kami https://t.co/KKR4sXkQzd","2046891266034835693","https://pbs.twimg.com/media/HGgEwhRaIAAYmYo.jpg","","in","","32","16","563","https://x.com/undefined/status/2046891266034835693","893152012182765568",
"2046891021087412482","Wed Apr 22 09:57:03 +0000 2026","17","4/6 puasa qadha ramadhan https://t.co/sUT2fNMTqr","2046891021087412482","https://pbs.twimg.com/media/HGgEhUmaoAA1kk5.jpg","","in","","1","2","0","https://x.com/undefined/status/2046891021087412482","1527532274329133056",
"2046890504198250973","Wed Apr 22 09:55:00 +0000 2026","0","Komdigi Perluas Kampung Internet Dalam 2025 kemarin kita berhasil membuat 1.282 titik akses (internet) di 22 desa 10 kabupaten 15 kecamatan dan 6 provinsi. ucap Alfreno Kautsar Ramadhan stafsus Komdigi pada Rabu (22/04) #KampungInternet #EkonomiDesa https://t.co/6TRJfvCBlo","2046890504198250973","","","in","","0","0","0","https://x.com/undefined/status/2046890504198250973","1889530835742892037",
"2046888887591829584","Wed Apr 22 09:48:34 +0000 2026","1","Kalo puasa di ramadhan kan jelas ya gue buka pasti pake lontong gorengan sama es kelapa. Lah kalo puasa diluar ramadhan tu pgn jajannya macem2 soale gk da yg jual lontong sama gorengan kyk ramadhan Ini dari kmrn pgnnya udh random bgt. Roti bakarlah martabaklah ","2046888887591829584","","","in","","0","0","0","https://x.com/undefined/status/2046888887591829584","602770086",
"2046883726370754634","Wed Apr 22 09:28:04 +0000 2026","0","after ramadhan ini ngegym jadi ga konsisten bgt","2046883726370754634","","","in","","0","1","0","https://x.com/undefined/status/2046883726370754634","1902791217446035456",
"2046883643302314378","Wed Apr 22 09:27:44 +0000 2026","9","Update: The Mufti of Uganda Sheikh Shaban Ramadhan Mubaje has arrived in Arua ahead of his full-day program. He is set to launch the Halal Farmers Centre in Arua Koboko and Yumbe districts. The initiative in partnership with Matugga Industries and the Logistics Hub aims https://t.co/8KdgUUIg9J","2046883643302314378","https://pbs.twimg.com/media/HGf6k8nXEAE8eyR.jpg","","en","","0","0","1","https://x.com/undefined/status/2046883643302314378","109220563",
"2046879872853663868","Wed Apr 22 09:12:45 +0000 2026","94","Mara ya mwisho Chelsea kufunga goli epl Arsenal walikua wana uhakika wa quadruple Liverpool walikua wanawaza double waislamu walikua bado wanafunga Ramadhan Wakatoliki walikua wapo kwenye Kwaresma","2046879872853663868","","","in","","3","6","19","https://x.com/undefined/status/2046879872853663868","1468616542548291587",
"2046824562453819694","Wed Apr 22 09:11:43 +0000 2026","0","@lilaccountz Yg di cikarang baru keluar dr oven udh diborong pas lebaran ramadhan kmrn wkwk","2046879612450590749","","lilaccountz","in","","0","1","0","https://x.com/undefined/status/2046879612450590749","1738773155278430208",
"2046878183820062838","Wed Apr 22 09:06:02 +0000 2026","161","UPDATE: Mufti of Uganda Sheikh Shaban Ramadhan Mubajje has arrived in Arua ahead of the launch of the Halal Farmers Centre in Arua Koboko and Yumbe districts. The initiative in partnership with Matugga Industries and Logistics Hub aims to boost agricultural production https://t.co/ZFawL0qT1H","2046878183820062838","https://pbs.twimg.com/media/HGfttkRXQAArsgQ.jpg","","en","","0","4","14","https://x.com/undefined/status/2046878183820062838","35697740",
"2046874049117290761","Wed Apr 22 08:49:37 +0000 2026","0","iqbaal ramadhan kah ini???","2046874049117290761","","","in","","0","0","0","https://x.com/undefined/status/2046874049117290761","1356627667211014144",
"2046873085694079117","Wed Apr 22 08:45:47 +0000 2026","0","Marhaban ya Ramadhan bulan penuh ampunan telah tiba. Semoga kita semua mendapatkan keberkahan dan ampunan dari Allah SWT Selamat Menunaikan Ibadah Puasa 1447 H. @YandriSusanto @SekretarisKabinetRI #KemendesPDT #BpsdmKemendesaPDT #BangunDesaBangunIndonesia","2046873085694079117","","","in","","0","0","0","https://x.com/undefined/status/2046873085694079117","1646780006876737536",
"2046872636286976476","Wed Apr 22 08:44:00 +0000 2026","1","Peneliti Pusat Riset Politik-BRIN @politikbrin yang terdiri dari Rosita Dewi Putri Ariza Kristimanta Sarah Nuraini Siregar dan Mario Surya Ramadhan baru saja memublikasikan artikel terbaru mereka di jurnal Asian Politics and Policy. https://t.co/eiDFqlZCBV","2046872636286976476","https://pbs.twimg.com/media/HGfz0M-boAA24ln.jpg","","in","","0","1","0","https://x.com/undefined/status/2046872636286976476","280895955",
"2046870999493386626","Wed Apr 22 08:37:29 +0000 2026","0","nonton hrtz.wav showchamp tbtb disambut iklan ramadhan #keren","2046870999493386626","","","in","","0","0","0","https://x.com/undefined/status/2046870999493386626","2028463534548627457",
"2046861988048015473","Wed Apr 22 08:01:41 +0000 2026","1","Dokumentasi Pernikahan Barakat 2026 PonPes Al Ashriyyah Nurul Iman islamic Boarding School yang telah dilaksanakan pada : Jum at 17 April 2026 M / 29 Ramadhan 1447 H Semoga Sakinah dalam ketenangan Mawaddah dalam cinta karunia-Nya Warahmah dalam keberkahan hidupnya https://t.co/9pm3myBi8A","2046861988048015473","https://pbs.twimg.com/media/HGfm2RVaUAAGgr6.jpg","","in","","0","0","1","https://x.com/undefined/status/2046861988048015473","2263289599",
"2046861972042555631","Wed Apr 22 08:01:37 +0000 2026","0","Kemaren dinas luar sm org kantor kelahiran awal 70 dr keluarga yg cukup berada pada masa itu. Blio cerita dulu pas SD pernah sakit dipteri opname 2 bulanan di RS. Waktu itu ramadhan dan lebaran di RS. Ceritanya pas malem lebaran blio ngajakin pasien anak di bangsalnya untuk","2046861972042555631","","","in","","0","1","0","https://x.com/undefined/status/2046861972042555631","80460694",
"2046861176399905254","Wed Apr 22 07:58:27 +0000 2026","0","Ngerjain AQ sumeru berasa syuting info ramadhan","2046861176399905254","","","in","","0","1","0","https://x.com/undefined/status/2046861176399905254","900702275655540737",
"2046706194694492367","Wed Apr 22 07:57:44 +0000 2026","1","@rdmakbar iya do disitulah indahnya islam pasti ada solusi terkait ibadah terutama ibadah wajib seperti sholat puasa (ramadhan) zakat kadang kita yang terlalu kaku dan membatasi bahwa tata caranya harus sempurna jadi kesulitan sendiri jika dihadapkan kondisi tidak ideal","2046860992634818832","","rdmakbar","in","","0","0","0","https://x.com/undefined/status/2046860992634818832","242893475",
"2046856540041163128","Wed Apr 22 07:40:02 +0000 2026","109","Mkuu wa Mkoa wa Arusha Mhe. CPA Amos Gabriel Makalla Jumanne Aprili 21 2026 amekutana kuzungumza na kumpatia zawadi ya Viatu na vitu mbalimbali mchezaji Nyota na Winga wa TRA United Ramadhan Salum Chobwedo akimsifu kwa kiwango chake bora na kikubwa alichokionesha katika https://t.co/aaXtjR7cwl","2046856540041163128","https://pbs.twimg.com/ext_tw_video_thumb/2046855815353499648/pu/img/aD5YP_p3h3BeUOo8.jpg","","in","","0","2","2","https://x.com/undefined/status/2046856540041163128","3309230189",
"2046856469967245380","Wed Apr 22 07:39:45 +0000 2026","0","Pemandangan langit di masjid Nur Salma sambil nunggu buka puasa kemarin Ramadhan https://t.co/qrFGVPttK7","2046856469967245380","https://pbs.twimg.com/media/HGflHKobUAAOcvn.jpg","","in","","0","0","0","https://x.com/undefined/status/2046856469967245380","1297675940953128960",
"2046855861109178450","Wed Apr 22 07:37:20 +0000 2026","0","Mkuu wa Mkoa wa Arusha Mhe. Amos Gabriel Makalla Jana Aprili 21 2026 amekutana kuzungumza na kumpatia zawadi ya Viatu na vitu mbalimbali mchezaji wa TRA United Ramadhan Salum Chobwedo akimsifu kwa kiwango chake bora alichokionesha katika Michezo ya ligi kuu Tanzania bara. https://t.co/6ser95yvPl","2046855861109178450","https://pbs.twimg.com/media/HGfkjqpWoAAc_xE.jpg","","in","","0","0","0","https://x.com/undefined/status/2046855861109178450","2037036692972998656",
"2046853811697004678","Wed Apr 22 07:29:12 +0000 2026","0","Gw gasuka jokes lu mau pondok ramadhan? Padahal gw hidup di negara mayoritas muslim tp yg gituin juga muslim","2046853811697004678","","","in","","0","1","0","https://x.com/undefined/status/2046853811697004678","1211583396461207552",
"2046853153002570112","Wed Apr 22 07:26:35 +0000 2026","0","Marhaban ya Ramadhan bulan penuh ampunan telah tiba. Smg kita semua mendapatkn keberkahan dan ampunan dari Allah SWT Selamat Menunaikan Ibadah Puasa 1447 H @YandriSusanto @SekretarisKabinetRI #KemendesPDT #BpsdmKemendesaPDT #BangunDesaBangunIndonesia #TPPKemendesaDampingiDesa","2046853153002570112","","","in","","0","0","0","https://x.com/undefined/status/2046853153002570112","1823705384827375616",
"2046221042167992480","Wed Apr 22 07:22:42 +0000 2026","0","@msaid_didu Itu mah bukan prediksi.. Kalajengking sengaja mau bikin rusuh.. Udh lagu lama.... Pas ramadhan khatam quran berkali sampai di post di medsos abis lebaran balik lagi ke setelan pabrik.. Umbar benci pribadi atas nama rakyat Didu.. Didu... Kemana perginya khataman Quranmu kmren?","2046852177420079225","","msaid_didu","in","","0","0","0","https://x.com/undefined/status/2046852177420079225","1772537054506991616",
"2046850053428613285","Wed Apr 22 07:17:03 +0000 2026","0","Ramadhan = peak season agribisnis pangan. ","2046850754271744105","","Agribisnisumm","in","","0","0","0","https://x.com/undefined/status/2046850754271744105","1675725273625681922",
"2046850053428613285","Wed Apr 22 07:14:37 +0000 2026","0","Ramadhan identik dengan konsumsi tinggi. Ironis? Nggak juga.","2046850142511501770","","Agribisnisumm","in","","0","1","0","https://x.com/undefined/status/2046850142511501770","1675725273625681922",
"2046850053428613285","Wed Apr 22 07:14:16 +0000 2026","0","Kenapa Permintaan Pangan Naik di Ramadhan?","2046850053428613285","","","in","","0","1","0","https://x.com/undefined/status/2046850053428613285","1675725273625681922",
"2046844854794379632","Wed Apr 22 06:55:47 +0000 2026","0","salahnya di w sendiri sie gak riset dan pede aja mikir bisa pake kartu:') krn terakhir pake sistem tiket gini tuh udh lama bgtbgt tahun ini sebelum ramadhan naik msh bisa antri biasa pake kartu lho:')","2046845402021011763","","itsisnaa","in","","0","1","0","https://x.com/undefined/status/2046845402021011763","1040236181890330624",
"2046844450912288964","Wed Apr 22 06:52:00 +0000 2026","0","Marhaban ya Ramadhan bln penuh ampunan telah tiba. Semoga kita semua mendapatkan keberkahan &amp; ampunan dri Allah SWT Selamat Menunaikan Ibadah Puasa 1447 H. @YandriSusanto @SekretarisKabinetRI #KemendesPDT #BpsdmKemendesaPDT #BangunDesaBangunIndonesia #TPPKemendesaDampingiDesa","2046844450912288964","","","in","","0","0","0","https://x.com/undefined/status/2046844450912288964","733713464317743104",
"2046843763532693931","Wed Apr 22 06:49:16 +0000 2026","33","RC MAKALLA AMPA ZAWADI RAMADHAN CHOBWEDO NYOTA WA TRA UNITED Aridhishwa na kiwango chake cha kusakata soka akisema Chobwedo ni mali Amtaka kutoyumbishwa na wanaomsema vibaya Mtandaoni Mkuu wa Mkoa wa Arusha Mhe. CPA Amos Gabriel Makalla leo Jumanne Aprili 21 2026 https://t.co/PJ8TFhkf5M","2046843763532693931","https://pbs.twimg.com/media/HGfZiZ1XEAA6Eu2.jpg","","tl","","0","2","2","https://x.com/undefined/status/2046843763532693931","1585335242608590903",
"2046843494287958226","Wed Apr 22 06:48:12 +0000 2026","2","Selalu kesal kalo ada kegiatan pondok ramadhan yg sampai nginep 2 hari. Jadi korban bully alas tidurku buat keset ga bisa tidur pada berisik semua. Dari sini aku gak suka sekolah di sekolah favorit!!","2046843494287958226","","","in","","0","0","0","https://x.com/undefined/status/2046843494287958226","853152252520824832",
"2046837244737307070","Wed Apr 22 06:32:26 +0000 2026","0","@Greesel_JKT48 asliiii di kota aku jga susah banget cari cimolll masa ketemunya pas bulan ramadhan doang celll kayanya udah pada pensiun","2046839525708861491","","Greesel_JKT48","in","","0","0","0","https://x.com/undefined/status/2046839525708861491","2034215878255128578",
"2046838977362313697","Wed Apr 22 06:30:15 +0000 2026","0","Marhaban ya Ramadhan bulan penuh ampunan telah tiba. Semoga kita semua mendapatkan keberkahan dan ampunan dari Allah SWT Selamat Menunaikan Puasa 1447 H. @YandriSusanto @SekretarisKabinetRI #KemendesPDT #BpsdmKemendesaPDT #BangunDesaBangunIndonesia #TPPKemendesaDampingiDesa","2046838977362313697","","","in","","0","0","0","https://x.com/undefined/status/2046838977362313697","1887768995753037824",
"2046829769845793149","Wed Apr 22 05:53:40 +0000 2026","0","Marhaban ya Ramadhan bulan penuh ampunan telah tiba. Semoga kita semua mendapatkan keberkahan dan ampunan dari Allah SWT Selamat Menunaikan Ibadah Puasa 1447 H. @YandriSusanto @SekretarisKabinetRI #KemendesPDT #BpsdmKemendesaPDT #BangunDesaBangunIndonesia #TPPKemendesa","2046829769845793149","","","in","","0","0","0","https://x.com/undefined/status/2046829769845793149","1738205763762532352",
"2046824158785356070","Wed Apr 22 05:31:22 +0000 2026","2","Brian Nyongesa cooling down after having a marathon against Sharrif Ramadhan Musa Sirengo . https://t.co/Vapj8pB7uv","2046824158785356070","https://pbs.twimg.com/media/HGfHuF6WIAENrTc.jpg","","en","","1","0","0","https://x.com/undefined/status/2046824158785356070","1753718080365113344",
"2046523131766968604","Wed Apr 22 05:18:34 +0000 2026","0","@tanyakanrl islami apa islami... kemarin bulan ramadhan aja diaa bikin akal akalan biar ga teraweh","2046820938898182337","","tanyakanrl","in","","0","0","0","https://x.com/undefined/status/2046820938898182337","1384931471685685249",
"2046459812498833542","Wed Apr 22 05:09:19 +0000 2026","0","@soundofdeer hijabannya edisi ramadhan aja onty mamanya sumi ","2046818608991629588","","soundofdeer","in","","0","0","0","https://x.com/undefined/status/2046818608991629588","1505218679407284224",
"2046797479946179010","Wed Apr 22 04:57:21 +0000 2026","3","@enjiyourbae skin edisi ramadhan","2046815598387327016","","enjiyourbae","fi","","0","0","0","https://x.com/undefined/status/2046815598387327016","1381274462377570307",
"2046813849240944742","Wed Apr 22 04:50:24 +0000 2026","121","Jika kebencian telah mengakar dalam hati seseorang maka bersiaplah kehilangan akal sehat. Syeh Said Ramadhan Al Buthi","2046813849240944742","","","in","","0","2","24","https://x.com/undefined/status/2046813849240944742","2331892825",
"2046725117892612527","Tue Apr 21 22:57:49 +0000 2026","431","Pernah ke PERGOK ibuku pas mau ehem ehem di bulan ramadhan malem hari ya pastinya woy yakali siang hari. Jangan ngeres dulu Aku udah tahan tahan buat nggak cerita tapi gatal bgt tanganku mau nulis wkwkkw. Karena se MALUUU ITUUUU ","2046725117892612527","","","in","","0","343","315","https://x.com/undefined/status/2046725117892612527","1939024815110922240",
"2046469576276516885","Tue Apr 21 22:43:06 +0000 2026","0","@kapten__monyet Langsung daftar umroh sebulan full ramadhan Bismillah","2046721416666706322","","kapten__monyet","in","","0","0","0","https://x.com/undefined/status/2046721416666706322","1899614154971103232",
"2046685025727566008","Tue Apr 21 20:18:30 +0000 2026","0","Minimal sebagai muslim itu khatam baca dan terjemahan Al-Quran di luar ramadhan satu kali selama sebulan meskipun di luar banyak berbagai kesibukan https://t.co/n8cXqs2N6G","2046685025727566008","https://pbs.twimg.com/media/HGdJL1vaUAAK7uT.png","","in","","0","0","0","https://x.com/undefined/status/2046685025727566008","2033799047514099712",
"2046493249960018117","Tue Apr 21 20:15:53 +0000 2026","11","@bima_ynwa_92 @inilahdotcom 11 Rakaat solat Qiyamullail atau Solat Tahajud di 1/3 malam yang akhir bisa juga solat Tarawih di bulan Ramadhan","2046684368647921999","","bima_ynwa_92","in","","0","0","1","https://x.com/undefined/status/2046684368647921999","617077528",
"2046523131766968604","Tue Apr 21 19:10:53 +0000 2026","0","@tanyakanrl Poin 1 salah ya. Islami? Ramadhan aja kaga diucapin skskskskska. Islami?? Skskskskakakk https://t.co/yycOwDLTGZ","2046668011067810035","https://pbs.twimg.com/tweet_video_thumb/HGc5tBfaUAADpg9.jpg","tanyakanrl","in","","0","0","0","https://x.com/undefined/status/2046668011067810035","3244295964",
"2046652693360587236","Tue Apr 21 18:10:01 +0000 2026","0","1) aktif jadi anak masjid khusus ramadhan 2) kubu-kubuan pemain game terraria vs clash royale (i found this is stupid but also cute ngl) 3) pernah balapan sepeda sama temen kelas sampe ga sengaja nyenggol temen selainnya dan berujung jatuh ke selokan","2046652693360587236","","","in","","0","1","0","https://x.com/undefined/status/2046652693360587236","1900921450007326720",
"2046538075573215384","Tue Apr 21 17:26:26 +0000 2026","1","@B3doel___ Di daerahku dr awal ramadhan sampe malam takbir orang meninggal dan kabarnya yg meninggal orang² baik ustad ustadzah kyai imam guru ngaji berturut² semoga mreka husnul khotimah","2046641724672606546","","B3doel___","in","","0","0","0","https://x.com/undefined/status/2046641724672606546","1737184804054142976",
"2046188115669499954","Tue Apr 21 17:23:01 +0000 2026","0","@SistersInDanger sumpa dulu temenku smp baca ini pas ramadhan mana masi bocil ","2046640864781590658","","SistersInDanger","in","","0","0","0","https://x.com/undefined/status/2046640864781590658","1217576373759311873",
"2046530168626573464","Tue Apr 21 17:04:22 +0000 2026","0","jaman dulu ada 1000 Sabuk pengaman X naik hewan tradisi bulan suci Ramadhan sering di cipok'i di cium sama Siradj Syamsuddin amooy woria pattayya hahaha hahaha","2046636169975451683","","abdulla71088263","in","","0","2","0","https://x.com/undefined/status/2046636169975451683","1541832736955981824",
"2046634949940588585","Tue Apr 21 17:01:36 +0000 2026","0","@orchideeous IYA INI LEBIH SUSAH DARI NAHAN NYOBAIN TAKJIL JAM 17.45 BULAN RAMADHAN","2046635475264545102","","orchideeous","in","","0","1","0","https://x.com/undefined/status/2046635475264545102","2023718633671962624",
"2046616833256784331","Tue Apr 21 16:33:02 +0000 2026","0","@AeriLeft Edisi ramadhan berepisode","2046628283807408611","","AeriLeft","in","","0","1","0","https://x.com/undefined/status/2046628283807408611","1994186220864458753",
"2046627403221643348","Tue Apr 21 16:29:39 +0000 2026","2","Aku hanya mengangguk pelan. Bapakku memang bekerja sebagai penjaga toko pakaian di kota. Selama bulan Ramadhan ia sering kali harus berjaga hingga pagi. Aku sendiri baru saja kembali ke rumah kemarin sore setelah tujuh belas hari mengikuti pesantren kilat di madrasah.","2046627435886813481","","elmietaka","in","","0","1","0","https://x.com/undefined/status/2046627435886813481","1581307464556810240",
"2046467587060723930","Tue Apr 21 16:24:43 +0000 2026","1","@dittolongdit Jelang Ramadhan lalu nyoba lari pagi dari sekitaran MPM Kepuh Bandungrejosari sampe Alun-Alun Kota Malang. Baliknya jalan kaki. Emang beda dibanding 1980an dulu ketika jalan raya belum selebar sekarang dan Lalin masih sepi. Sekarang mesti lebih hati-hati https://t.co/ecm3a2aSRQ","2046626193508900956","","dittolongdit","in","","0","0","0","https://x.com/undefined/status/2046626193508900956","2421661842",
"2045099761804714341","Tue Apr 21 16:14:29 +0000 2026","0","@luminagalazy kembali kasih Zee! kebetulan aku tahu karena sempet disinggung sama Habib waktu di podcast Ramadhan kemarin","2046623618109673544","","luminagalazy","in","","0","0","0","https://x.com/undefined/status/2046623618109673544","2025777179544678400",
"2046620041307939000","Tue Apr 21 16:00:16 +0000 2026","1","Pas bulan ramadhan ada pondok ramadan dan disuruh nginep di salah satu pondok pesantren. Semuanya pada ngeluh dan ga mau buat mandi di kmnya terus satu angkatan mendobrak km kiyai dan alhasil itu jadi kerja sama terakhir smp dan ponpes tersebut","2046620041307939000","","","in","","0","3","0","https://x.com/undefined/status/2046620041307939000","1329432168574185476",
"2046619381409702226","Tue Apr 21 15:57:57 +0000 2026","0","next ramadhan imma tung tung tung sahur","2046619456672321582","","dearwunderschon","tl","","0","0","0","https://x.com/undefined/status/2046619456672321582","1610275499217149954",
"2046450538729144342","Tue Apr 21 15:55:22 +0000 2026","0","@badbishfiles rindu sendiri - iqbal ramadhan","2046618804579692956","","badbishfiles","in","","0","0","0","https://x.com/undefined/status/2046618804579692956","1670775706022973441",
"2046609108707783037","Tue Apr 21 15:38:45 +0000 2026","0","@Forsown Kenapa gak bagi-bagi lupa temen yah panggil gua Iqbaal Ramadhan","2046614626272788601","","Forsown","in","","0","1","0","https://x.com/undefined/status/2046614626272788601","1933003484393320451",
"2046518347563712849","Tue Apr 21 15:25:49 +0000 2026","0","@itsamarl Kaya ramadhan","2046611371002069061","","itsamarl","in","","0","1","0","https://x.com/undefined/status/2046611371002069061","4711251133",
"2046150038666235948","Tue Apr 21 15:01:27 +0000 2026","0","@faazaliaaa @stelanau sejauh ini masih adem aja ka gaada tindak-lanjut apa apa.. iya kaa..takut di tegur sama kebetulan pas bulan Ramadhan katanya","2046605236496896204","","faazaliaaa","in","","0","0","0","https://x.com/undefined/status/2046605236496896204","1994754814241308672",
"2046576814706098550","Tue Apr 21 14:54:55 +0000 2026","1","@unmagnetism iqbal siapa? kalo iqbaal ramadhan A nya 2 un","2046603595710390461","","unmagnetism","in","","0","1","0","https://x.com/undefined/status/2046603595710390461","1966362264493281280",
"2046597144208146720","Tue Apr 21 14:29:17 +0000 2026","0","Bulan Ramadhan dan Idul Fitri 2018 ","2046597144208146720","","","in","","0","0","0","https://x.com/undefined/status/2046597144208146720","1283666529884581888",
"2046582055157600584","Tue Apr 21 13:57:20 +0000 2026","2","@aku_cherries @talesofour4ever hasil tahajud 10 hari di bulan ramadhan","2046589102196396087","","aku_cherries","in","","0","0","0","https://x.com/undefined/status/2046589102196396087","1087114553450627073",
"2046521829100265654","Tue Apr 21 13:50:06 +0000 2026","0","@martabakismissu pengen dimsum terakhir makan pas ramadhan @martabakismissu","2046587284049604774","","martabakismissu","in","","0","0","0","https://x.com/undefined/status/2046587284049604774","1805591484487680002",
"2046570534427926956","Tue Apr 21 13:47:29 +0000 2026","0","@BlissOfSeeds ahlan wa sahlan ya ramadhan","2046586625405464676","","BlissOfSeeds","in","","0","1","0","https://x.com/undefined/status/2046586625405464676","2033946919459057665",
"2046584366244266326","Tue Apr 21 13:38:31 +0000 2026","614"," Jangan berprasangka buruk pada Tuhanmu. Tetaplah yakin kesulitan yang kamu rasakan ini sesungguhnya adalah obat. Syekh Ramadhan al-Buthi","2046584366244266326","","","in","","1","1","159","https://x.com/undefined/status/2046584366244266326","1284377016687460354",
"2046583787937796234","Tue Apr 21 13:36:16 +0000 2026","0","Digital marketing bikin makin viral. Efeknya nyata. Ayam jadi default protein Ramadhan. Ini peluang besar industri. Dan tantangan: jaga supply tetap aman. ","2046583799866384742","","agriunggasumm","in","","0","0","0","https://x.com/undefined/status/2046583799866384742","2019742096887017472",
"2046583787937796234","Tue Apr 21 13:36:13 +0000 2026","0","Ramadhan selalu identik dengan ayam. Kenapa ya?","2046583787937796234","","","in","","0","1","0","https://x.com/undefined/status/2046583787937796234","2019742096887017472",
"2046574620669776276","Tue Apr 21 13:20:29 +0000 2026","0","@cansorsan Plotnya adalah changhyeon tuh pulkam beneran sebulan krn ortunya di kampung klp ramadhan sibuk bener pny usaha. Semua org mikir Changhyeon beneran dikerangkeng smp kata Juhyeon (clzr) akaknya bukan demit!! ","2046579826900021728","","cansorsan","in","","0","1","0","https://x.com/undefined/status/2046579826900021728","1992717708182568960",
"2046574620669776276","Tue Apr 21 13:18:26 +0000 2026","0","@lckrnivale changyeon dikerangkeng selama bulan ramadhan harusnya","2046579311109664929","","lckrnivale","in","","0","1","0","https://x.com/undefined/status/2046579311109664929","1922361153885503489",
"2046573036430840182","Tue Apr 21 12:56:37 +0000 2026","0","Awalnya tau gara-gara liat Iqbaal Ramadhan jadi BA-nya terus mikir Masa iya sekelas Iqbaal bohong? wkwk Pas coba beli ternyata ini adalah keputusan terbaik buat kestabilan emosiku dan kesehatan iPhone-ku. Bagi yang mau gue taro link nya di bawah ya https://t.co/DkxaLb3NOb","2046573822753808497","","MuziaAmsal","in","","0","1","0","https://x.com/undefined/status/2046573822753808497","2013366608442564608",
"2046573343797543119","Tue Apr 21 12:54:43 +0000 2026","0","Namuona credo mwaipopo tuisila kisinda Ramadhan singano na mwaikimba","2046573343797543119","","","tl","","0","1","0","https://x.com/undefined/status/2046573343797543119","1226840031647715328",
"2046573101543215334","Tue Apr 21 12:53:45 +0000 2026","0","teteh skin ramadhan &lt; skin kartini","2046573101543215334","","","in","","0","0","0","https://x.com/undefined/status/2046573101543215334","806033192",
"2046570101869261041","Tue Apr 21 12:41:50 +0000 2026","0","Marhaban ya Ramadhan bulan penuh ampunan telah tiba. Semoga kita semua mendapatkan keberkahan dan ampunan dari Allah SWT Selamat Menunaikan Ibadah Puasa 1447 H. @YandriSusanto @KemensetnegRI #KemendesPDT #BpsdmKemendesaPDT #bangundesabangunindonesia #TPPKemendesaDampingiDesa","2046570101869261041","","","in","","0","0","0","https://x.com/undefined/status/2046570101869261041","1896874568008294400",
"2046568693384057201","Tue Apr 21 12:36:14 +0000 2026","3","Pas qu en Thaïlande d ailleurs tu vois ça un peu partout mtn Le seul moment où t arrives à nous distinguer c est pendant Ramadhan mdrrr","2046568693384057201","","","fr","","0","1","1","https://x.com/undefined/status/2046568693384057201","961271978521972738",
"2046567173162971323","Tue Apr 21 12:30:12 +0000 2026","0","kangen ramadhan","2046567173162971323","","","in","","0","0","0","https://x.com/undefined/status/2046567173162971323","1314128530062548992",
"2046503716937949231","Tue Apr 21 12:29:00 +0000 2026","1","@126hadiIbrahim Yeah sorry arab ramadhan series are just........","2046566872846565489","","126hadiIbrahim","en","","0","1","0","https://x.com/undefined/status/2046566872846565489","1839538210533515264",
"2046565213861024001","Tue Apr 21 12:22:24 +0000 2026","0","Momen Manis Bernadya dan Iqbaal Ramadhan di MV Rabun Jauh Bikin Baper https://t.co/x4WbevxZgg","2046565213861024001","","","in","","0","0","0","https://x.com/undefined/status/2046565213861024001","1499977907074383874",
"2046563570662465955","Tue Apr 21 12:15:53 +0000 2026","39","KIU congratulates Dr. Ramadhan Malinga on winning the Erasmus+ Mobility Grant 2026. The entire #KIUCommunity proudly celebrates Dr. Malinga Head of the Department of Computer Science at Main Campus for earning a prestigious spot in the Erasmus+ Learning Mobility Programme. He https://t.co/u9iaHHElLE","2046563570662465955","https://pbs.twimg.com/media/HGbYgQsXcAAJVVn.jpg","","en","","0","1","1","https://x.com/undefined/status/2046563570662465955","2617159459",
"2046458537996595321","Tue Apr 21 12:09:33 +0000 2026","13","@insidefolkative Meninggalnya istimewa 17 ramadhan subhanallah","2046561977217290319","","insidefolkative","in","","0","0","0","https://x.com/undefined/status/2046561977217290319","357974385",
"2046524256713142375","Tue Apr 21 09:39:40 +0000 2026","0","Situ yg bulan ramadhan berkeinginan jumatan di Vatikan Kok sekarang lemah lesu males malesan? https://t.co/d3ZgeD3Qry","2046524256713142375","https://pbs.twimg.com/media/HGa2919b0AAgSYW.png","","in","","0","0","0","https://x.com/undefined/status/2046524256713142375","2033799047514099712",
"2046522915580211409","Tue Apr 21 09:34:20 +0000 2026","0","Nah gimana nih Rekan Buana‼️ Setelah mendengarkan berita tentang Iqbal Ramadhan dan Bernadya yang sedang kena rumor kita doa kan saja yang terbaik untuk mereka berduaa yaa #SanteriaE-news ","2046522915580211409","","","in","","0","0","0","https://x.com/undefined/status/2046522915580211409","122141146",
"2046514031729737888","Tue Apr 21 08:59:02 +0000 2026","0","Bagi yang penasaran ini no rek dan nomor beberapa pelakunya yang gw temu ketika udh sadar lagi 1. Agil Alaydrus - Bank Muamalat - 1230013575 2. Dhila/Hamisah - 085650834559 3. Putri Raiya Ramadhan - Bank BRI - 091101014287500","2046514031729737888","","","in","","0","0","1","https://x.com/undefined/status/2046514031729737888","1429732266851278850",
"2046512140576752022","Tue Apr 21 08:51:31 +0000 2026","0","Marhaban ya Ramadhan bulan penuh ampunan telah tiba. Semoga kita semua mendapatkan keberkahan dan ampunan dari Allah SWT Selmt Menunaikan Ibadah Puasa 1447 H @YandriSusanto @SekretarisKabinetRI #KemendesPDT #BpsdmKemendesaPDT #BangunDesaBangunIndonesia #TPPKemendesaDampingiDesa","2046512140576752022","","","in","","0","0","0","https://x.com/undefined/status/2046512140576752022","1947060930040532992",
"2046512063942721564","Tue Apr 21 08:51:13 +0000 2026","1","Ni pas ramadhan dia kerudungan syari masyaallah tabarakallah skrg udh hari biasa pakaiannya terbuka bgt‍↔️ Pah anaknya ni pah‍↔️","2046512063942721564","","","in","","0","1","2","https://x.com/undefined/status/2046512063942721564","1548998358949191680",
"2046511117070164395","Tue Apr 21 08:47:27 +0000 2026","0","Baru nyampe era medium voltage aja sekarang udah ngos²an pas Ramadhan main 24/7 wkwkw kebayang namatin sampe era terakhir bikin Stargate https://t.co/UzqJmSwNKy","2046511117070164395","https://pbs.twimg.com/media/HGarA_9a0AAacTB.jpg","","in","","0","0","0","https://x.com/undefined/status/2046511117070164395","1092242193173991424",
"2046297185571287207","Tue Apr 21 08:39:05 +0000 2026","0","@kitkatmilkuat Jadi kangen disana spt ramadhan kemarin.... kaya ada yg tertinggal disana... rindu tebal.","2046509010569003046","","kitkatmilkuat","in","","0","0","0","https://x.com/undefined/status/2046509010569003046","1238375121598836736",
"2046507340170744125","Tue Apr 21 08:32:26 +0000 2026","0","Marhaban ya Ramadhan bulan penuh ampunan telah tiba.Semoga kita semua mendapatkan keberkahan dan ampunan dari Allah SWT Selamat Menunaikan Ibadah Puasa 1447H. @YandriSusanto @SekretarisKabinetRI #KemendesPDT #BpsdmKemendesaPDT #BangunDesaBangunIndonesia #TPPKemendesaDampingiDesa","2046507340170744125","","","in","","0","0","0","https://x.com/undefined/status/2046507340170744125","1734208670270169088",
"2046507309543899483","Tue Apr 21 08:32:19 +0000 2026","0","Marhaban ya Ramadhan bulan penuh ampunan telah tiba.Semoga kita semua mendapatkan keberkahan dan ampunan dari Allah SWT Selamat Menunaikan Ibadah Puasa 1447H. @YandriSusanto @SekretarisKabinetRI #KemendesPDT #BpsdmKemendesaPDT #BangunDesaBangunIndonesia #TPPKemendesaDampingiDesa","2046507309543899483","","","in","","0","0","0","https://x.com/undefined/status/2046507309543899483","1734208670270169088",
"2046505779763556507","Tue Apr 21 08:26:14 +0000 2026","22","Sharrif Musa Ramadhan Sirengo will kill whoever will be marking him on Sunday. Fullbacks wa Isukuti are in for a run down on Sunday .. https://t.co/UTmoXgBfmp","2046505779763556507","https://pbs.twimg.com/media/HGamJ-HXYAEvCTM.jpg","","en","","4","1","2","https://x.com/undefined/status/2046505779763556507","1753718080365113344",
"2046503716937949231","Tue Apr 21 08:18:03 +0000 2026","1","I don't want to be an arab ramadhan serial protag..... To holy for me ","2046503718670184639","","PeroroHifumi16","en","","0","1","0","https://x.com/undefined/status/2046503718670184639","1839538210533515264",
"2028350568213975416","Tue Apr 21 08:16:58 +0000 2026","0","@zyahbill Ga ada adanya au ot7 yg ramadhan","2046503446816379060","","zyahbill","in","","0","1","0","https://x.com/undefined/status/2046503446816379060","1804753997162774528",
"2046131571204444166","Tue Apr 21 07:39:33 +0000 2026","0","@rsngprad 2 bulan karena cuma event selama ramadhan","2046494030532587644","","rsngprad","in","","0","0","0","https://x.com/undefined/status/2046494030532587644","2758761529",
"2046410436426526940","Tue Apr 21 07:36:26 +0000 2026","0","Lailatul Qadar Latif Kodok ... asal usulnya kata kata Lailatul Qadar di bulan suci Ramadhan hahaha hahaha","2046493247225373052","","abdulla71088263","in","","0","1","0","https://x.com/undefined/status/2046493247225373052","1541832736955981824",
"2046492061604647191","Tue Apr 21 07:31:44 +0000 2026","0","Satgas ketahanan pangan Polda Jatim Kapolres Gresik AKBP. Ramadhan Nasution S.I.K. M.H. https://t.co/o44d19mFB9. memerintahkan Kapolsek Wringinanom Iptu Ahmad Fahri S.Ik.beserta anggotanya untuk melaksanakan pengecekan tanaman jagung di Ds. Sumengko Kec. Wringinanom Kab.","2046492064813400215","","SekPangkahGrs","in","","0","1","0","https://x.com/undefined/status/2046492064813400215","1647826394557329408",
"2046491864443068695","Tue Apr 21 07:30:57 +0000 2026","0","rifqi ramadhan is so benedict bridgerton coded ","2046491864443068695","","","en","","0","1","0","https://x.com/undefined/status/2046491864443068695","568242755",
"2046481594190610469","Tue Apr 21 07:21:16 +0000 2026","1","@kompascom ya nggak mungkin pada percaya paakkk... apalagi bulan ramadhan sdh berlalu. syaiton sdh bebas bergentayangan lagi.. @mohmahfudmd","2046489430207463849","","kompascom","in","","0","0","0","https://x.com/undefined/status/2046489430207463849","131116381",
"2046488262114677006","Tue Apr 21 07:16:38 +0000 2026","0","#BeritaUSK Staf Humas Universitas Syiah Kuala Ibnu Syahri Ramadhan berhasil meloloskan dua naskahnya pada kompetisi menulis Cerita Anak Dwibahasa yang diselenggarakan oleh Balai Bahasa Provinsi Aceh. https://t.co/ZtHdShwuuu #USK https://t.co/n7T3RwHgQP","2046488262114677006","https://pbs.twimg.com/media/HGaWN_8awAAPTyU.jpg","","in","","0","0","0","https://x.com/undefined/status/2046488262114677006","1323933379",
"2046485493496607091","Tue Apr 21 07:05:38 +0000 2026","0","Begini rasanya di polkaki pas jam2 war takjil selama ramadhan","2046485493496607091","","","in","","0","0","0","https://x.com/undefined/status/2046485493496607091","1655600335623421952",
"2046484886832517211","Tue Apr 21 07:03:13 +0000 2026","1","Selamat dan Sukses! Lembaga Pemasyarakatan Kelas IIA Tanjungpinang beserta jajaran mengucapkan...... Selamat dan Sukses atas pelantikan Bapak Rizki Ramadhan S.H. sebagai Kepala Kepala Subseksi Registrasi Lembaga Pemasyarakatan Kelas IIA Tanjungpinang https://t.co/55vg83TNzs","2046484886832517211","https://pbs.twimg.com/media/HGaTJ0VboAAm9FN.jpg","","in","","0","0","0","https://x.com/undefined/status/2046484886832517211","769797251052900352",
"2046483229566456301","Tue Apr 21 06:56:38 +0000 2026","0","Teman expat gw bilang jumbotron yg nampilin masjid al-aqsa ketika the strokes di coachella kayak pawai ramadhan ekwkwk","2046483229566456301","","","in","","0","0","0","https://x.com/undefined/status/2046483229566456301","1912036182009225216",
"2046479885661806735","Tue Apr 21 06:43:21 +0000 2026","1","Bukan perasaan lagi ini emang dari pagi udah marah-marah. Mosok perwira jaga kirim email diawali Happy Ramadhan. Berkali ingatan copy paste ya boleh tapi edit dulu tanggal dan ucapan.","2046479885661806735","","","in","","0","0","0","https://x.com/undefined/status/2046479885661806735","1762666820757225473",
"2046478592880885943","Tue Apr 21 06:38:12 +0000 2026","3","ada yg bilang ini phuwin pas masih di coboy junior gantiin iqbaal ramadhan https://t.co/tIBLb2oUjg","2046478592880885943","https://pbs.twimg.com/amplify_video_thumb/2046478456255565824/img/NL-OCp4MNQoRqFd5.jpg","","in","","0","1","0","https://x.com/undefined/status/2046478592880885943","1657071312697978881",
"2046476977578946583","Tue Apr 21 06:31:47 +0000 2026","0","Corruptor Foto: Jamal Ramadhan/kumparan https://t.co/JliEcCZQJb","2046476977578946583","https://pbs.twimg.com/media/HGaLsliaYAAPCc1.jpg","","in","","0","0","0","https://x.com/undefined/status/2046476977578946583","263535077",
"2046476528075051109","Tue Apr 21 06:30:00 +0000 2026","0","Ariel NOAH akan menunjukkan aktingnya lewat film Dilan ITB 1997. Film ini merupakan lanjutan dari Dilan 1990 dan Dilan 1991 yang sebelumnya diperankan oleh Iqbaal Ramadhan. https://t.co/7OsmIVYYt0","2046476528075051109","","","in","","0","0","0","https://x.com/undefined/status/2046476528075051109","48890883",
"2046475288478089583","Tue Apr 21 06:26:14 +0000 2026","0","Kemudian ketika sharing session dilakukan Arfin Ramadhan Pemateri dari BroSisPKU banyak menyampaikan hal-hal yang bermanfaat seputar media kreatif ","2046475579424493632","","himaska_unri","in","","0","1","0","https://x.com/undefined/status/2046475579424493632","793118827",
"2046472184730632282","Tue Apr 21 06:12:45 +0000 2026","12","#NgengaZaWananchi | Tunajadili kwa pamoja ni kitu gani kinapelekea ongezeko la Talaka? Ramadhan Omange a.k.a Tiger Mkazi wa Boko Magengeni Anasema kosea vyote lakini usikosee kuoa. #SupaBreakfast | #EastAfricaRadio | #NgengaZaWananchi https://t.co/lqPPXXux2b","2046472184730632282","https://pbs.twimg.com/amplify_video_thumb/2046469914610089985/img/CR6SMyMYFbMnA1Aq.jpg","","in","","0","0","1","https://x.com/undefined/status/2046472184730632282","386954529",
"2046120260110356971","Tue Apr 21 05:57:33 +0000 2026","0","@_user24052002 @MyawM48828 @rockstarzszz lah mereka dibunuh karena sesuai undang undang disana. sama kayak di negara barat orang islam gaboleh pake hijab cadar untuk kerja di depan umum gaboleh takbiran keliling gaboleh bangunin sahur keliling gaboleh libur pas bulan ramadhan dan hari raya idul Fitri","2046468360427421953","","_user24052002","in","","0","0","0","https://x.com/undefined/status/2046468360427421953","1514394381976936450",
"2046468258833072239","Tue Apr 21 05:57:09 +0000 2026","0","kenapa ramadhannya hadir cuma pas ramadhan? ","2046468258833072239","","","in","","0","0","0","https://x.com/undefined/status/2046468258833072239","1090146902648090625",
"2046466964013629804","Tue Apr 21 05:52:00 +0000 2026","1","Banyak. Yang membekas: - Temen tiba-tiba dipenjara - Jatuh ke got waktu lagi nyapa temen cewek di seberang jalan - Ramadhan touring keliling kabupaten Indramayu tiap hari di rumah 1 temen yang touring itu - Ngurus taman tanaman obat punya sekolah tiap pagi bareng istri","2046466964013629804","","","in","","0","0","0","https://x.com/undefined/status/2046466964013629804","278087108",
"2046463017316192438","Tue Apr 21 05:36:19 +0000 2026","0","pas pesantren ramadhan mw shalat Dhuha berjamaah. krna wc murid full jd ak sm temenku ke wc guru. trus kepsek lewat beliau ga tau ad kami. jd pintu besi wc nya dikunci anjir. dan kocaknya sbnernya temenku udah keluar pas bapak blum ngunciin tp dia masup lagi","2046463017316192438","","","in","","0","0","0","https://x.com/undefined/status/2046463017316192438","1601768497138520065",
"2046457791578263670","Tue Apr 21 05:15:33 +0000 2026","1","Marhaban ya Ramadhan bulan penuh ampunan telah tiba. Semoga kita semua mendpt berkah Selamat Menunaikan Ibadah Puasa 1447 H. @YandriSusanto @SekretarisKabinetRI #KemendesPDT #BpsdmKemendesaPDT #BangunDesaBangunIndonesia #TPPKemendesaDampingiDesa","2046457791578263670","","","in","","0","0","0","https://x.com/undefined/status/2046457791578263670","1663369987531341824",
"2046446312833568859","Tue Apr 21 04:29:56 +0000 2026","1","- Aku pernah disuruh jadi imam rawatib waktu pondok ramadhan - Bertengkar dikelas tp aku kalah karna lawanku pake penggaris besi dan akhirnya di OP kecil di dahi ku","2046446312833568859","","","in","","0","0","0","https://x.com/undefined/status/2046446312833568859","1846201949466906625",
"2046443471507251495","Tue Apr 21 04:28:46 +0000 2026","0","@_AmandaBrownies dari awal ramadhan ituuu","2046446016434782254","","_AmandaBrownies","in","","0","1","0","https://x.com/undefined/status/2046446016434782254","128588962",
"2046293338773766440","Tue Apr 21 04:19:56 +0000 2026","0","@ProfessorHuss @AkhiPotter__ Pakistanis are hanafis mostly. Btw pakistan existence is merely based on islam only nation to be came into being on most precious nights of 27th ramadhan+jummah-Tul wida. Which is similar to 1st state of Islam. So many other things i cant tell","2046443795349139572","","ProfessorHuss","en","","0","1","0","https://x.com/undefined/status/2046443795349139572","1147750703240228864",
"2046438264584941792","Tue Apr 21 04:14:42 +0000 2026","0","@hyunw00kwild tumben lu biasanya ramadhan aja mokel trus.","2046442478451204605","","hyunw00kwild","in","","0","0","0","https://x.com/undefined/status/2046442478451204605","2017720414164946944",
"2046442359198798250","Tue Apr 21 04:14:14 +0000 2026","0","Ramadhan Mubarak to all! credits to https://t.co/iNKys5Q4Ed","2046442359198798250","https://pbs.twimg.com/media/HGZscUOa0AA4EQ7.jpg","","en","","0","0","0","https://x.com/undefined/status/2046442359198798250","2022437305928355840",
"2046158843869327516","Tue Apr 21 04:03:44 +0000 2026","0","@urmymeds @kangseultan @DwikiRayyana @rrustedbot Iyo kui nek ora ramadhan ngene dodol isuk terakhir rono sih aku ngertine gerobake wes gonta ganti wkwk","2046439716376179050","","urmymeds","in","","0","1","0","https://x.com/undefined/status/2046439716376179050","2754637452",
"2046230352134275453","Tue Apr 21 04:01:27 +0000 2026","0","@Un4azed @AkhiPotter__ Pakistan is only country created in name of Islam after madina munawara on 27th ramadhan night+jummah-Tul wida. No other nation islam+arab nations has as many divine support as Pak. Watch us in next 10-20 years.","2046439143472083084","","Un4azed","en","","0","2","0","https://x.com/undefined/status/2046439143472083084","1147750703240228864",
"2046082622066192494","Tue Apr 21 03:41:49 +0000 2026","0","@empty__core Refal hady klo ga iqbal ramadhan wkwk","2046434203265548469","","empty__core","in","","0","0","0","https://x.com/undefined/status/2046434203265548469","1443063905501081604",
"2046302655975428589","Tue Apr 21 03:08:48 +0000 2026","0","@clairogfrr during ramadhan is fine but after is lowkey weird","2046425893112099143","","clairogfrr","en","","0","0","0","https://x.com/undefined/status/2046425893112099143","1517908856080195584",
"2046425632452858110","Tue Apr 21 03:07:46 +0000 2026","0","Setega itu hilangkan iman selama ramadhan Padahal sudah tak peringatkan","2046425632452858110","","","in","","0","0","0","https://x.com/undefined/status/2046425632452858110","2033799047514099712",
"2045847451454800106","Tue Apr 21 02:58:48 +0000 2026","0","@fionyhuang Case MC yg sama Gendis di show Ramadhan 2025 ya ?","2046423376181567664","","fionyhuang","in","","0","0","0","https://x.com/undefined/status/2046423376181567664","1099665739324186625",
"2046423159503802409","Tue Apr 21 02:57:57 +0000 2026","0","Untuk tahu strategi cerdas obligasi yuk join #LiveChat di Instagram @cgsi_id &amp; @IDX_BEI bersama Habibie Ramadhan Relationship Officer Fixed Income dan Isa Andria Rahman Unit Pengembangan Bisnis Surat Utang Divisi Pengembangan Bisnis 1 Indonesia Stock Exchange.","2046423163077369906","","cgsi_id","in","","0","1","0","https://x.com/undefined/status/2046423163077369906","1016655635293749249",
"2046073807589482750","Tue Apr 21 02:56:45 +0000 2026","0","@indepenSumatera risiko jumat berkah dan takjil ramadhan berkurang dana umat dipake mbg ","2046422861494325581","","indepenSumatera","in","","0","0","0","https://x.com/undefined/status/2046422861494325581","1492942521491591168",
"2046407806836994118","Tue Apr 21 02:52:33 +0000 2026","0","@_chisani samaa ak turun 4 kg setelah ramadhan ga suka huehuehue","2046421805263618525","","_chisani","in","","0","1","0","https://x.com/undefined/status/2046421805263618525","79057433",
"2046417773749051639","Tue Apr 21 02:36:32 +0000 2026","5"," Mengalirkan Ilmu di Setiap Ibadah Tersalurkan 1.450 Buku &amp; Kitab Ramadhan Alhamdulillāhilladzī bini matihi tatimmuṣ ṣāliḥāt Ramadhan bukan hanya tentang memperbanyak ibadah tetapi juga tentang menyebarkan ilmu yang menjadi cahaya dalam kehidupan. https://t.co/RFBzZ8m1xC","2046417773749051639","https://pbs.twimg.com/media/HGZWHsSaAAANEPB.jpg","","in","","0","0","1","https://x.com/undefined/status/2046417773749051639","2283149131",
"2046159502467272997","Tue Apr 21 02:34:41 +0000 2026","0","@fleeuryn Kmren event ramadhan ada seng beli token pake battle point","2046417309695406573","","fleeuryn","in","","0","0","0","https://x.com/undefined/status/2046417309695406573","1893106011894095875",
"2046414973077950929","Tue Apr 21 02:25:24 +0000 2026","0","Pojan (pojok jajan) sudah lengkap kembali after Bulan Ramadhan ges https://t.co/Wja3olieJb","2046414973077950929","https://pbs.twimg.com/media/HGZTkq3awAA3GBA.jpg","","in","","0","0","0","https://x.com/undefined/status/2046414973077950929","244381165",
"2046413914871922872","Tue Apr 21 02:21:12 +0000 2026","16","Bro mungkin merasa dirinya bak Iqbal Ramadhan atau Angga Yunanda https://t.co/LFm170c74D","2046413914871922872","https://pbs.twimg.com/ext_tw_video_thumb/2046413851290472448/pu/img/j4VGthClMmd6RffF.jpg","","in","","0","5","2","https://x.com/undefined/status/2046413914871922872","1612447931768131585",
"2045687613634293819","Tue Apr 21 02:14:58 +0000 2026","1","@worksfess aku sabtu minggu libur tapiiiiiiiiiiiiiiiiiiiiiii kalo lagi ramadhan sama qurban dan beberapa agenda besar sabtu-minggu itu jadi hari kerja nggak ada libur sama sekali","2046412347364036665","","worksfess","in","","0","0","0","https://x.com/undefined/status/2046412347364036665","2027361386859474944",
"2046335352625823929","Tue Apr 21 02:06:34 +0000 2026","0","@Taylor_nonsense Please big Tung come back next ramadhan","2046410230637240344","","Taylor_nonsense","en","","0","0","0","https://x.com/undefined/status/2046410230637240344","1371011843334963205",
"2046407594345209889","Tue Apr 21 01:56:05 +0000 2026","0","Btw kaaa @apalagijuni ijin mention yaa kaaa biar bisa sold out 2 lagi stok kue kering yg akhir ramadhan kemaren yang minat bisa DM yaa hatur nuhun https://t.co/lr75kNO3uA","2046407594345209889","https://pbs.twimg.com/media/HGZM3NlbgAANesj.jpg","","in","","0","0","2","https://x.com/undefined/status/2046407594345209889","1540750742536933376",
"2046128614631178560","Tue Apr 21 01:46:52 +0000 2026","1","@yaniarsim @Kemenag_RI Masjid dekat rumah danax luar biasa. Masjid gak besar dikampung tp setiap bln ramadhan danax mencapai ratusa juta dr sumbangan masy. Menag pasti bahagia lihat angkanya ","2046405275020878105","","yaniarsim","in","","0","0","0","https://x.com/undefined/status/2046405275020878105","1360444028",
"2046390879334936700","Tue Apr 21 00:49:40 +0000 2026","1","Betul. Sayangnya lagi malas nih. Abis Ramadhan belum normal aktivitas olahraganya.","2046390879334936700","","","in","","0","0","0","https://x.com/undefined/status/2046390879334936700","76399826",
"2046381939679179077","Tue Apr 21 00:16:09 +0000 2026","0","The belief has been lowkey shoved down the throats of people that their religion is the best and all and now here we are I learned a religion with Abrahamic God but I m lowkey sick of it because of the people and ended up not praying and shit (Ramadhan limited).","2046382442999906362","","retrocher","en","","0","1","0","https://x.com/undefined/status/2046382442999906362","1532366738826076161",
"2046374362668990510","Mon Apr 20 23:50:14 +0000 2026","0","I feel so bad for adib and ramadhan you guys did wellllll bukan rezeki korang je tu. Been seeing adib kinda struggled with cramps even before the extra time so maybe that had smth to do with him missing the shot. Sokay lah weh dah biasa carry team sekali ni je jadi punca ","2046375923201822818","","furyfurryfarry","en","","1","1","0","https://x.com/undefined/status/2046375923201822818","1208743653465673730",
"2046257640096088340","Mon Apr 20 22:49:59 +0000 2026","2","@TimnasXtra Teridentifikasi 2 pelaku : 1. Alberto yang melakukan kungfu 2.Hanif ramadhan melakukan injak kaki pemain. Kedua pemain yang tidak mencerminkan seorang atlet fairplay ini harus mendapatkan sangsi tegas dari Pssi dan masyarakat sepakbola.","2046360760511791110","","TimnasXtra","in","","0","0","0","https://x.com/undefined/status/2046360760511791110","50633077",
"2046229561298293113","Mon Apr 20 22:24:36 +0000 2026","0","@StrenjaDenja post Ramadhan tingz nini nini","2046354373291212940","","StrenjaDenja","in","","0","1","0","https://x.com/undefined/status/2046354373291212940","1110298525668200450",
"2046337758642213036","Mon Apr 20 21:18:35 +0000 2026","4","Kaimu Waziri wa Utalii na Mambo ya Kale Zanzibar Mhe. Mudrik Ramadhan Soraga @MudrickSoraga aliukaribisha ujumbe wa viongozi wa ubalozi wa Italia nchini @ItalyinTanzania hapo ofisini kwake Kikwajuni. Balozi Giuseppe Sean Coppola alimuhakikishia Mhe Soraga dhamira ya Serikali ya https://t.co/l054adRVnW","2046337758642213036","https://pbs.twimg.com/media/HGYNUoYbwAElX-7.jpg","","in","","0","0","2","https://x.com/undefined/status/2046337758642213036","1775085160968396800",
"2046337083669963108","Mon Apr 20 21:15:54 +0000 2026","9","Umuhanzikazi Marina Deborah uzwi cyane nka Marina yatangaje ko yitandukanyije burundu na Mupenda Ramadhan [Bad Rama] ashimangira ko nta mubano w akazi cyangwa umwanya wihariye bakigirana ndetse amwihanangiriza kutazongera kumuvugaho no kumushyira muri gahunda ze. Bad Rama https://t.co/dsrBgpctfu","2046337083669963108","https://pbs.twimg.com/media/HGYMDAkaEAAnFZ1.jpg","","tl","","0","1","0","https://x.com/undefined/status/2046337083669963108","208430380",
"2046128923638108369","Mon Apr 20 21:10:00 +0000 2026","0","@queanaphrodite Dri ramadhan pingin ini belum ketemu penjualnya lagi pada jual dan keliling dmn siii","2046335597053345895","","queanaphrodite","in","","0","0","0","https://x.com/undefined/status/2046335597053345895","804861456772571136",
"2046304854688378974","Mon Apr 20 19:07:50 +0000 2026","7","بارزانی نەمر: مەزارگەت هەمیشە ھەر بۆن و مەڵبەندی کوردایەتی و بوژانەوەی نیشتمانپەروەری و وڵاتپارێزی لێوە سەرچاوەی گرتووە و لێدێت. Ramadhan Garza @masoud_barzani @masrourbarzani https://t.co/7RRhASfwO8","2046304854688378974","https://pbs.twimg.com/media/HGXvaWTaYAA7bs1.jpg","","ckb","","0","0","0","https://x.com/undefined/status/2046304854688378974","876205636152897536",
"2046301623887024166","Mon Apr 20 18:55:00 +0000 2026","3"," Umuryango ni wo nibanzeho ngo nerekane ibibazo biwurimo n'uko bishobora gukemurwa. Umukinnyi wa Filime Benimana Ramadhan wamenyekanye nka Bamenya yakomoje ku butumwa buri muri Filime yise 'Bamenya' yakunzwe n'abatari bake. #RBAShowbiz #SamediDetente ▶️ https://t.co/Zrhii7CHW4","2046301623887024166","https://pbs.twimg.com/amplify_video_thumb/2046273216130236416/img/i_qO7lGvlMvN-H_v.jpg","","in","","0","1","0","https://x.com/undefined/status/2046301623887024166","2210933215",
"2046297619727831205","Mon Apr 20 18:39:06 +0000 2026","1","i mean... i recall someone have said Save the best for the last yang disangkutpautkan dgn tanggal 18 april di salah satu segmen show LDP ramadhan event kemarin. Member ga mungkin said that out loud kalau ga tau bocoran tgl shonichi sblmnya. Dan kalo asumsi ini bener...","2046297623888564429","","motarrou","in","","1","1","0","https://x.com/undefined/status/2046297623888564429","1897508530581848064",
"2046294199616823561","Mon Apr 20 18:25:30 +0000 2026","0","« Le boycott . https://t.co/o2PNyHpt1j. Hymayatic et la coquille vide de l'ugca se sont réveillés après coup ...Avant pendant et après le Ramadhan qui a connu une envolee des prix des légumes et frais et de la viande ces deux associations étaient dans un coma profond !","2046294199616823561","","","fr","","0","0","0","https://x.com/undefined/status/2046294199616823561","1468181975739555843",
"2046236903071162469","Mon Apr 20 18:11:42 +0000 2026","3","@mitzychizie Oh ini yg diomongin pas podcast ramadhan ternyata","2046290730214469687","","mitzychizie","in","","0","1","0","https://x.com/undefined/status/2046290730214469687","1263752951530582018",
"2046289026479776136","Mon Apr 20 18:04:57 +0000 2026","0","Itu kesimpulannya kalau menurut pengetahuan agama yang saya fahami. Berdasar dalil hadist juga ada yang mengisyaratkan seperti itu. Contoh di jaman nabi s.a.w ada orang miskin yang menggauli istrinya di bulan ramadhan berakhir mendapat keringanan tidak di suruh bayar kafarat","2046289030963511729","","Abdullahkukuh1","in","","0","1","0","https://x.com/undefined/status/2046289030963511729","1402624480757706757",
"2046280032952455461","Mon Apr 20 17:32:33 +0000 2026","0","dari dulu amaze sama temen-temen yang rantau. hebat bisa laluin hari-hari dari awal semester 1 sampe sekarang semester 8. selalu salut sama mereka. bulan ramadhan sendiri di kos sendiri banyak hal dilaluin sendiri. hebat sekali semangat teman-teman we ll get through this","2046280877362258115","","rururuyaa","in","","0","0","0","https://x.com/undefined/status/2046280877362258115","1523625924524081159",
"2045790268264231266","Mon Apr 20 17:11:34 +0000 2026","0","@HaramainInfo It could be of much value to update us on every new month as you normally do for Ramadhan. I checked all social media sites jamani you didn't update the Ummah. It's unfortunate.","2046275593613045952","","HaramainInfo","en","","0","0","0","https://x.com/undefined/status/2046275593613045952","1455462713317015554",
"2046272861355335834","Mon Apr 20 17:00:42 +0000 2026","5"," Ntangiye gukira [depression] vuba mbere nayirwaraga buri cyumweru. Umukinnyi wa Filime Benimana Ramadhan wamenyekanye nka Bamenya yavuze uko yinjiye mu gukora Filime ye yumva ari ibintu byoroheje akabikuramo agahinda gakabije. #RBAShowbiz #SamediDetente ▶️ https://t.co/iEVAgsfdBV","2046272861355335834","https://pbs.twimg.com/amplify_video_thumb/2046268850937769984/img/GzMsUf6TimGTtwr5.jpg","","in","","0","0","0","https://x.com/undefined/status/2046272861355335834","2210933215",
"2046161889445511242","Mon Apr 20 16:58:52 +0000 2026","0","@NewtonAllan6 Ramadhan did that for me","2046272399230845181","","NewtonAllan6","en","","0","0","0","https://x.com/undefined/status/2046272399230845181","1815771235738959872",
"2046268728648839674","Mon Apr 20 16:44:17 +0000 2026","0","siapa sangka bb gweh setelah ramadhan turun 3kg.","2046268728648839674","","","in","","0","0","0","https://x.com/undefined/status/2046268728648839674","745598127957106689",
"2046267495087210531","Mon Apr 20 16:39:23 +0000 2026","1","1) cepirit pas pondok ramadhan 2) bentukanku waktu SMP cupu bgt makanya suka dibully difoto2in pas tidur di bis waktu rekreasi kelulusan 3) diintipin kakel pas 1st time pup di sekolah emg anj tuh kakel 4) nama fb alay bgt sampe dijadiin bahan candaan","2046267495087210531","","","in","","0","1","0","https://x.com/undefined/status/2046267495087210531","1256046904883863553",
"2046261498968969700","Mon Apr 20 16:35:50 +0000 2026","0","@fikra1401 @arcventic @JTrisha_JKT48 fitnah lu event ramadhan kn berdua wkwkwk","2046266604586139956","","fikra1401","in","","0","1","0","https://x.com/undefined/status/2046266604586139956","1728928804301910016",
"2046120182012387457","Mon Apr 20 16:23:28 +0000 2026","0","@dipanggilarman Acara pondok ramadhan pihak sekolah udh ngasi ruang kelas buat tidur siswa laki laki malah milih tidur diluar","2046263488956465182","","dipanggilarman","in","","0","0","0","https://x.com/undefined/status/2046263488956465182","1691458226666283009",
"2046253408324379028","Mon Apr 20 16:18:18 +0000 2026","0","@hadimaster65555 eval sejak awal penerapan pasca ramadhan dan sblm ramadhan itu 8.7/10 (general case)","2046262190462861774","","hadimaster65555","in","","0","1","0","https://x.com/undefined/status/2046262190462861774","1124303339326337026",
"2046171417709019543","Mon Apr 20 16:16:59 +0000 2026","0","@profesor_saham dulu sering beli waktu ramadhan buat main bola api","2046261857535897831","","profesor_saham","in","","0","0","0","https://x.com/undefined/status/2046261857535897831","4023205993",
"2046157003639410817","Mon Apr 20 16:07:36 +0000 2026","1","@your_sweetberry NYON MENGAKU MARHABAN YA RAMADHAN","2046259498076213706","","your_sweetberry","in","","0","0","0","https://x.com/undefined/status/2046259498076213706","1303250263260631040",
"2045768532420632661","Mon Apr 20 16:05:35 +0000 2026","0","@kapten__monyet Doain ya bang: Lg kencenging doa bs bangun rumah baru yg nyaman sesuai keinginan dan sesuai kebutuhan lengkap dg perabotannya bs jumpa ramadhan taun depan bs punya anak kembar yg sehat cantik cerdas ganteng Bisnis lancar jaya Aamin","2046258988552278059","","kapten__monyet","in","","0","0","0","https://x.com/undefined/status/2046258988552278059","1364596671087214597",
"2046253341697843390","Mon Apr 20 15:43:08 +0000 2026","0","- Pernah digrebek karena mandi ber 2 - kenaikan kelas bertepatan dengan bulan ramadhan aku berdoa biar 1 kelas sama cogan2 angkatan (menurutku) ehh terkabul - tidur sekamar sama crush dan sholat subuh berjamaah sama dia","2046253341697843390","","","in","","0","0","0","https://x.com/undefined/status/2046253341697843390","1257994548615114754",
"2046252783364636807","Mon Apr 20 15:40:55 +0000 2026","0","Jelang ramadhan ada acara tausiyah akbar gitu. Penceramah yang datang ternyata.... Akri Patrio.","2046252783364636807","","","in","","0","0","0","https://x.com/undefined/status/2046252783364636807","29362949",
"2045757578152689692","Mon Apr 20 15:21:43 +0000 2026","1","@kapten__monyet Pas ramadhan kemarin rasa ingin umroh gede bgt Trs minggu2 ini rasa itu mampir lagi dan baru buka x ketemu pencapaian ini. Alhamdulillah","2046247951681679505","","kapten__monyet","in","","0","0","1","https://x.com/undefined/status/2046247951681679505","1515377290409963521",
"2046077577476088115","Mon Apr 20 15:19:44 +0000 2026","0","@pelti_nih @msaid_didu Tenang &amp; penuh keyakinan Kebiasaan sejak kecil jd sdh biasa.. Model bgini kalo ramadhan ngakunya puasa dah sepi langsung k warteg Naudzubillah","2046247452316201293","","pelti_nih","in","","0","1","0","https://x.com/undefined/status/2046247452316201293","1181140548154871808",
"2046165922990395632","Mon Apr 20 14:51:16 +0000 2026","0","@txtdrjkt Ktp Islam tapi kaga solat jir. Mana ngajakin mokel pas ramadhan terus. Astagfirullah","2046240286159011876","","txtdrjkt","in","","0","0","0","https://x.com/undefined/status/2046240286159011876","1617696971137126400",
"2046236462052692129","Mon Apr 20 14:36:04 +0000 2026","0","2 minggu~ Masuk pas lg bulan ramadhan. Manager gue saat itu mager bgt kemana2 katanya Nanti aja ya abis lebaran haus tau keluar-luar Gue ga enak sm yg lain krn mrk kerja bgt. Tiap pulang kerja nangis krn bingung gabut bgt suer. Akhirnya resign sebelum lebaran ","2046236462052692129","","","in","","0","1","0","https://x.com/undefined/status/2046236462052692129","486245854",
"2046200050175643749","Mon Apr 20 14:35:09 +0000 2026","0","@mhmmdhsm Tgk. Arwah PENIAGA Bazaar Ramadhan Islam/Melayu kita &amp; keluarga amat malangnya - yg. disyaki diSASAR dgn. teliti masa berniaga di Bazaar! Termsk. Mungkin diikut balik rumah oleh Perompak2/Perogol2/Pembunuh2! https://t.co/Xskj9ahlcs","2046236231596392950","","mhmmdhsm","in","","0","0","0","https://x.com/undefined/status/2046236231596392950","2022675047744442368",
"2045878565649154300","Mon Apr 20 14:33:54 +0000 2026","0","@zenosisus edisi ramadhan","2046235916981981642","","zenosisus","hi","","0","0","0","https://x.com/undefined/status/2046235916981981642","1953453484369690624",
"2046124869595910211","Mon Apr 20 14:09:30 +0000 2026","0","@hope_emak Baru Ramadhan kemaren pas mau buka kejadian persis kayak gini tapi karena bulan Ramadhan orang mau buka jadi pada nahan emosi orang parkir di jalan sempit kayak gini yng mau buka susah cari takjil udh di klakson2 orangnya gak keluar. Sekalinya kluar modelan akamsi","2046229775212245373","","hope_emak","in","","0","0","0","https://x.com/undefined/status/2046229775212245373","275796876",
"2046229372617806252","Mon Apr 20 14:07:54 +0000 2026","0","Setelah nonton WU barulah gua tersadar kalo beberapa bulan sejak ramadhan gua gak ada gangguan ya...ehehehehehe Alhamdulillah","2046229372617806252","","","in","","0","0","0","https://x.com/undefined/status/2046229372617806252","1560971916558888966",
"2046226079883604176","Mon Apr 20 13:54:49 +0000 2026","0","Beneran loh dari sebelum ramadhan sampe sekarang air PAM @pamjaya_dki cuma nyala subuh doang 1-2 jam abis tu mati seharian nyala lagi subuh berikutnya udah 2 bulan loh capek bgt gak punya air!","2046226079883604176","","","in","","0","2","0","https://x.com/undefined/status/2046226079883604176","313737859",
"2046225282991038743","Mon Apr 20 13:52:40 +0000 2026","5","@unmagnetism muhammad gilang ramadhan ya Allah sakittt atiii bgtt guaaaaaa","2046225540873593036","","unmagnetism","in","","0","1","0","https://x.com/undefined/status/2046225540873593036","1811180939286056960",
"2046225002799018039","Mon Apr 20 13:50:32 +0000 2026","2","dat is why im not surprised when a gamble site wished raya n ramadhan. they know who is their customer","2046225002799018039","","","en","","0","0","0","https://x.com/undefined/status/2046225002799018039","632999879",
"2045592522580475947","Mon Apr 20 13:42:19 +0000 2026","0","@haecban @naonirei @kwakhausm @totuno Yang rame pas bulan ramadhan ntu yah kak? Masih adaa kah?","2046222936860995646","","haecban","in","","0","0","0","https://x.com/undefined/status/2046222936860995646","1443229203344723970",
"2046218950602850335","Mon Apr 20 13:26:29 +0000 2026","0","alhamdulillah hutang puasa ramadhan udah beres meskipun targetnya pengen sambil puasa syawal tapi syawalnya udah beres","2046218950602850335","","","in","","0","0","0","https://x.com/undefined/status/2046218950602850335","566031252",
"2046211351706800443","Mon Apr 20 13:06:27 +0000 2026","0","@xwannadiie Jajanan di depan rizki belum ditamatin semua pas ramadhan kemarin ","2046213908076401120","","xwannadiie","in","","0","1","0","https://x.com/undefined/status/2046213908076401120","3527778928",
"2046080321846985079","Mon Apr 20 13:05:13 +0000 2026","0","@StatsRawon @ipankvand07 Wes aku ae aku kan yo onok ramadhan e min won ","2046213597446238667","","StatsRawon","in","","0","0","0","https://x.com/undefined/status/2046213597446238667","2007465939839877120",
"2046212328644067450","Mon Apr 20 13:00:10 +0000 2026","0","KONSUMSI LPG MENINGKAT 6 5 PERSEN SELAMA RAMADHAN DAN IDUL FITRI 2026 https://t.co/8o7qnamij0","2046212328644067450","","","in","","0","0","0","https://x.com/undefined/status/2046212328644067450","159014326",
"2046181123164979326","Mon Apr 20 12:53:09 +0000 2026","0","@leleoscahh gw pernah pas ramadhan work out sebelum buka work benerr turun 7 kiloan","2046210563521630521","","leleoscahh","in","","0","1","0","https://x.com/undefined/status/2046210563521630521","1951817022423318528",
"2046137236794839252","Mon Apr 20 12:32:01 +0000 2026","0","@noirthorne ini kemarin di bulan Ramadhan gak ngotak emang.","2046205243122426070","","noirthorne","in","","0","0","0","https://x.com/undefined/status/2046205243122426070","1557750274361819136",
"2046179536853721240","Mon Apr 20 11:55:37 +0000 2026","0","@RmSalih I agree..he should cry about Ramadhan promotion at Tescos.","2046196083945017376","","RmSalih","en","","0","0","0","https://x.com/undefined/status/2046196083945017376","1624176004452298752",
"2046195807553286561","Mon Apr 20 11:54:31 +0000 2026","133","Sebelum Ayatulloh Khamenei Syahid sudah berbicara bahwa 'kami tidak memulai perang tapi jika perang dipaksakan kepada kami.... Tanggal 10 bulan Ramadhan beliau syahid &amp; yg MEMULAI PERANG adalah gerombolan hegemoni amrik &amp; israhell... Ini yg harus dicatat oleh dunia. https://t.co/yxjtpSKZTh","2046195807553286561","https://pbs.twimg.com/media/HGWMPMDaUAErJ3B.jpg","","in","","1","3","42","https://x.com/undefined/status/2046195807553286561","838413792677507072",
"2046192565721125063","Mon Apr 20 11:41:38 +0000 2026","0","Pernah pas ramadhan kemarin cash gw tinggal 100k dana ada tapi kepecah di gopay sama mbangking akhirnya 100k itu gw pecahin buat beli buah gw pengen buah naga sama pir akhirnya ngambil buah naga 2 sama pir yg udh di paketin gitu total 50k kembaliannya 50k utuh ","2046192565721125063","","","in","","0","2","0","https://x.com/undefined/status/2046192565721125063","818347821950607360",
"2046191814215102885","Mon Apr 20 11:39:31 +0000 2026","0","#kipkuliah #formadiksiunri #lestarajuang #kesra #formasic2026 ________________________ Ketua Umum : M. Faddillah Arrahman Wakil Ketua Umum : Gilang Ramadhan ________________________ _Follow us on:_ ▪Email: formadiksi.unri@gmail.com ▪FB: Formadiksi Universitas Riau","2046192032209875289","","urcendekia","in","","0","0","0","https://x.com/undefined/status/2046192032209875289","1065126007059795968",
"2046184241441226896","Mon Apr 20 11:08:34 +0000 2026","0","Gua masih inget banget pas ramadhan pertama tanpa nyokap gua masak kentang balado terus pake garem 2 sendok makan padahal kentangnya cuma setengah kilo. Asinnya bukan main ","2046184241441226896","","","in","","0","0","0","https://x.com/undefined/status/2046184241441226896","820194981411319808",
"2046146128870297768","Mon Apr 20 10:49:15 +0000 2026","0","@noonasides @precioustarhan Sudah ga bulan ramadhan lagi ini ","2046179382126051684","","noonasides","in","","0","0","0","https://x.com/undefined/status/2046179382126051684","1422386993871286275",
"2046173024320475235","Mon Apr 20 10:45:31 +0000 2026","0","@yoongiieeya kak pas ramadhan kek gini bener² no cabe sekarang kumat lagi pake cabe tapi ga banyak","2046178440693596342","","yoongiieeya","in","","0","1","0","https://x.com/undefined/status/2046178440693596342","1682576550615748608",
"2046168727344070841","Mon Apr 20 10:24:41 +0000 2026","0","@whiskypiee aku jg nurun bgtt.. biasa ramadhan dar der dor tahun ini syukurin ajaa trs km skrng ngonten dimanaaa","2046173200615371168","","whiskypiee","in","","0","1","0","https://x.com/undefined/status/2046173200615371168","1304846795713908737",
"2046168727344070841","Mon Apr 20 10:21:06 +0000 2026","0","@panggilnayyyy aku udah dari ramadhan kmren jadi males wkwk","2046172296415781000","","panggilnayyyy","in","","0","1","0","https://x.com/undefined/status/2046172296415781000","1490260503343792129",
"2046168351404347763","Mon Apr 20 10:05:25 +0000 2026","13","3/6 puasa qadha ramadhan https://t.co/ojk0nPiZfB","2046168351404347763","https://pbs.twimg.com/media/HGVzQcbbkAAMS2V.jpg","","in","","1","2","0","https://x.com/undefined/status/2046168351404347763","1527532274329133056",
"2046166825663426586","Mon Apr 20 09:59:21 +0000 2026","0","Kebiasaan Unik Iqbaal Ramadhan di Lokasi Syuting Monster Pabrik Rambut https://t.co/CWcQRzPUt0 https://t.co/MKmOdVRDrM","2046166825663426586","https://pbs.twimg.com/media/HGVx4aYbAAA0fH0.jpg","","in","","0","0","0","https://x.com/undefined/status/2046166825663426586","171833463",
"2046162467756359733","Mon Apr 20 09:42:02 +0000 2026","0","kangen Ramadhan","2046162467756359733","","","in","","0","0","0","https://x.com/undefined/status/2046162467756359733","1793776720392380416",
"2046162253733572889","Mon Apr 20 09:41:11 +0000 2026","0","Berani tapi pernah malah gua ngajakin temen nobar mana waktu itu lagi ramadhan ","2046162253733572889","","","in","","0","0","0","https://x.com/undefined/status/2046162253733572889","1794235372601479168",
"2046162099685204068","Mon Apr 20 09:40:35 +0000 2026","0","Cek GAMIS LEBARAN CERUTI BABYDOLL DRESS BRUKAT RAMADHAN IDUL FITRI SET DENGAN HIJAB SET KERUDUNG MURAH KODE GM GROSIR TANAH ABANG MEWAH ACARA SAMAAN BAJU LEBARAN dengan harga Rp180.000. Dapatkan di Shopee sekarang! #Shopee #gamis https://t.co/OTFeb8yesF","2046162099685204068","","","in","","0","0","0","https://x.com/undefined/status/2046162099685204068","4648682174",
"2046057058789917083","Mon Apr 20 09:37:39 +0000 2026","0","@akukayaarayaaa Anak aq autism kmrn ikut puasa n tamat..dia semangat krn makanan pas puasa tuh enak2.. Aq sempet takut bgt gbs provide krn kerja suami lg sepi order..tp Alhamdulillah lancar n bs masak enak..sering jajan d bazar ramadhan jg Pas mau lebaran hampers2 dtg dr sahabat2 aq ","2046161362783711241","","akukayaarayaaa","in","","0","0","0","https://x.com/undefined/status/2046161362783711241","1613959133308542977",
"2046151140170232223","Mon Apr 20 08:57:02 +0000 2026","0","selalu seneng kalo bulan ramadhan karena bisa pulang cepet terus kayaknya hawanya adem aja setan2 pada dikurung","2046151140170232223","","","in","","0","0","0","https://x.com/undefined/status/2046151140170232223","4731559800",
"2046148170909188113","Mon Apr 20 08:45:14 +0000 2026","0","IQBAL RAMADHAN! Fix sombong bukan main wkwk","2046148170909188113","","","in","","0","0","0","https://x.com/undefined/status/2046148170909188113","1215641193167507456",
"2046146090265616523","Mon Apr 20 08:36:58 +0000 2026","1","دكتور Abdullah Ramadhan وين ؟! ليش اكاونته اختفى يا جماعة","2046146090265616523","","","ar","","0","0","0","https://x.com/undefined/status/2046146090265616523","2542486238",
"2045811739481276736","Mon Apr 20 08:22:31 +0000 2026","0","@yourfavmommaa bener banget lagi ini enak banget sambelnya. setiap bulan ramadhan pasti order sambel rudy buat nambah nafsu makan pas sahur https://t.co/geHQFgXld8 https://t.co/twNdvMCnHt","2046142455838560302","https://pbs.twimg.com/media/HGVbt8yaoAA96Qt.jpg","yourfavmommaa","in","","0","0","0","https://x.com/undefined/status/2046142455838560302","596520747",
"2046141063140933774","Mon Apr 20 08:16:59 +0000 2026","0","merindukan chuei liyu melebihi rinduku pada somay langganan yang tiba tiba hilang di bulan ramadhan","2046141063140933774","","","in","","0","0","0","https://x.com/undefined/status/2046141063140933774","1987895141060014080",
"2046125140090704073","Mon Apr 20 08:08:08 +0000 2026","2","@meikakuko SEIYA franz lathenio mawa haruma alois venusina tarra renata yusami bangun vina bulan suci ramadhan (aku suka namanya ) ghani nadya fahmi uli keiyukira kikyo jira sakari vlad wazahira bapax enolch kemala meidina iyo adam dewangga nilakandi","2046138834405237218","","meikakuko","in","","0","1","0","https://x.com/undefined/status/2046138834405237218","1534948489448132611",
"2046091140571791361","Mon Apr 20 07:57:45 +0000 2026","0","@tirta_cipeng coba potong rambut bareng janus ramadhan oetomo putrada / cmiiw","2046136224595988519","","tirta_cipeng","in","","0","0","0","https://x.com/undefined/status/2046136224595988519","48191679",
"2045949169513181442","Mon Apr 20 07:47:48 +0000 2026","10","@Sehrishjihadii @5hur1k3n @MythoYookay Mondays and Thursdays every 13th 14th and 15th of every Hijri month 6days after Ramadhan in Shawwal 9th 10th and 11th of Muharram (first month of Hijri calendar) first 9 of the last month Dhul-hijjah... bottom line we fast a lot","2046133718029385888","","Sehrishjihadii","en","","0","0","0","https://x.com/undefined/status/2046133718029385888","3216046940",
"2046123531432530171","Mon Apr 20 07:11:28 +0000 2026","0","waktu lagi pesta makan Buka Puasa Ramadhan bersama tiba tiba ada beldekkkk hulu ledak rudal balistik USA vs IRAN ada yang ga masuk akal di teliti sekarang","2046124574384017710","","abdulla71088263","in","","0","0","0","https://x.com/undefined/status/2046124574384017710","1541832736955981824",
"2046123171728990657","Mon Apr 20 07:05:53 +0000 2026","51","Lucu bgt wkwk dulu gue kan ikut ekskul pramuka dan kebetulan waktu bulan ramadhan ada acara bukber Singkat cerita pas kami lagi siap2in makanan buat bukber ada siswa-siswi yg kegrebek security lagi make out di kelas *mereka berdua bukan anggota ekskul kami","2046123171728990657","","","in","","1","5","2","https://x.com/undefined/status/2046123171728990657","2032024157471588354",
"2046080321846985079","Mon Apr 20 06:49:46 +0000 2026","1","@StatsRawon @ipankvand07 Ramadhan arek simo ae","2046119112313823639","","StatsRawon","hi","","0","0","0","https://x.com/undefined/status/2046119112313823639","1170042421704454146",
"2045854904741499304","Mon Apr 20 06:46:14 +0000 2026","0","@sebongie4lifee Coba mampir ke au ku kak edisi ramadhan kemarin","2046118225197559892","","sebongie4lifee","in","","0","0","0","https://x.com/undefined/status/2046118225197559892","1924042765828333568",
"2045803759260028946","Mon Apr 20 06:41:54 +0000 2026","1","@txtdrbolaindo Lawan Brazil? Duhh jangan deh...nggak tega ngelihat Alisson kelabakan ngadepin tendangan maut Ramadhan Santana","2046117135769047125","","txtdrbolaindo","in","","0","1","0","https://x.com/undefined/status/2046117135769047125","135417719",
"2046080321846985079","Mon Apr 20 05:51:42 +0000 2026","0","@StatsRawon Asing yg bertahan 1.bruno 2. Gali 3.rivera 4.jeferson Cari lokal grade A dan asing yg lbh bagus kl seandainya risto ga diperpanjang utk bek Berharap in Marcelino ramadhan sananta Sidibe Sandy walsh Ricky Kambuaya Dethan","2046104499966951531","","StatsRawon","in","","0","0","0","https://x.com/undefined/status/2046104499966951531","1850769262895661056",
"2046080321846985079","Mon Apr 20 05:46:59 +0000 2026","0","@StatsRawon Rivera Bruno Risto n Gali cari pemain naturalisasi Sandy wals Shain phatinama jordy wedermen(klau udh naturalisasi/kabarnya dlm proses) lokal duet Sayuri n Ramadhan Sananta","2046103313792614491","","StatsRawon","in","","0","1","0","https://x.com/undefined/status/2046103313792614491","2207942408",
"2046102601284952509","Mon Apr 20 05:44:09 +0000 2026","1","Iqbaal Ramadhan Kepergok Nonton Bernadya Manggung Langsung Komentar Netizen Soal Beda Agama Viral https://t.co/vrUWk6DuFi","2046102601284952509","","","in","","0","0","0","https://x.com/undefined/status/2046102601284952509","239873274",
"2046101889239134251","Mon Apr 20 05:41:19 +0000 2026","1","Senin (20/4) Lapas Perempuan Kelas III Ternate bekerja sama dengan Kementerian Agama Kota Ternate menyelenggarakan syukuran khatam Alquran setelah Warga Binaan menyelesaikan bacaan 30 Juz Alquran yang dilakukan selama bulan Ramadhan 1447 Hijriah; https://t.co/STR86VdQcZ","2046101889239134251","https://pbs.twimg.com/media/HGU20W8bIAAIHl-.jpg","","in","","0","0","0","https://x.com/undefined/status/2046101889239134251","1276306472373063680",
"2046061858352935371","Mon Apr 20 05:31:56 +0000 2026","12","@raa_naid pas ramadhan emang semua naik mind","2046099527715971320","","raa_naid","in","","0","0","0","https://x.com/undefined/status/2046099527715971320","1268409772333662208",
"2046099082016423973","Mon Apr 20 05:30:10 +0000 2026","0","The power of Iranian girls #Iran #IAmShia #Karbala #Salute72 #FatimaZehra #ImamHussain #HazratAbbas #HazratZainab #ImamSajjad #HazratSakina #AliAkbar #AliAsghar #HazratQasim #Aun #Muhammad #ImamAli #Najaf #Kufa #Shaam #Ramadhan https://t.co/F42SLLi4N5","2046099082016423973","https://pbs.twimg.com/ext_tw_video_thumb/2046099055495839744/pu/img/I2s0-mdjR-5iRvso.jpg","","en","","0","0","0","https://x.com/undefined/status/2046099082016423973","280457448",
"2042592352402059633","Mon Apr 20 05:27:28 +0000 2026","0","@LoveSpireJKT @AR_LanaJKT48 @Lanautica_OFC 10 hari setelah lana lahir pas hari pertama puasa Ramadhan 1427 H","2046098401952223349","","LoveSpireJKT","in","","0","0","0","https://x.com/undefined/status/2046098401952223349","873961669138956288",
"2046080321846985079","Mon Apr 20 05:19:49 +0000 2026","0","@StatsRawon @ipankvand07 Ramadhan Bekasi City? Wildan Ramdhani come back wkwk?","2046096477811093795","","StatsRawon","in","","0","1","0","https://x.com/undefined/status/2046096477811093795","1960163980879843328",
"2046095100196053006","Mon Apr 20 05:14:21 +0000 2026","1","Di balik gemerlap panggung ada proses panjang yang penuh dedikasi. Di Balik Layar Budaya mengajak kamu melihat perjalanan kreatif Ki Husen H Ramadhan sebagai seorang dalang mulai dari.. Selengkapnya https://t.co/mIHVxpt88k https://t.co/bD4KjG0oec","2046095100196053006","https://pbs.twimg.com/amplify_video_thumb/2046095027735285760/img/fj9TZf82l8o9M787.jpg","","in","","0","0","0","https://x.com/undefined/status/2046095100196053006","1219822242260893696",
"2046090574680441205","Mon Apr 20 04:58:14 +0000 2026","0","@budhenyawilliam healthy cafe gitu beb boleh search lagi buat lengkapnya. nah kenapa ada rendang itu karna selama ramadhan kemaren si pras ngide buat menu seasonal rendang sandwich dan olahan olahan lainnya","2046091046669750290","","budhenyawilliam","in","","0","1","0","https://x.com/undefined/status/2046091046669750290","2006718955805880321",
"2046080321846985079","Mon Apr 20 04:54:04 +0000 2026","0","@StatsRawon @ipankvand07 Ramadhan Kareeem otw merapat GBT","2046089996260770229","","StatsRawon","in","","0","0","0","https://x.com/undefined/status/2046089996260770229","480321602",
"2045853023147290975","Mon Apr 20 04:51:14 +0000 2026","3","@_riverheaven Sebelum ramadhan kemarin aku kesini sama ortu. Sampai sana dini hari sekitar jam 02.30-an. Alhamdulillah ketika sampai disambut hangat ibuku di suruh istirahat di tempat khusus perempuan. Jd ada kayak ruangan untuk tidur dll. Nyaman dan adem tempatnya. ","2046089283128447085","","_riverheaven","in","","0","0","0","https://x.com/undefined/status/2046089283128447085","1252057350673817600",
"2045724808621760530","Mon Apr 20 04:47:28 +0000 2026","0","@Kaisergrems @Hilmi28 Udah dari juli 2025 harga ayam sama telur susah turun. Ramadhan udah selesai tetep aja harga keduanya susah turun karena supply diborong mbg dari dulu.","2046088334511133147","","Kaisergrems","in","","0","0","0","https://x.com/undefined/status/2046088334511133147","269635396",
"2046080321846985079","Mon Apr 20 04:44:16 +0000 2026","4","@ipankvand07 Ramadhan sip. Apa mau Ramadhan lain merapat?","2046087530987376815","","ipankvand07","in","","0","6","0","https://x.com/undefined/status/2046087530987376815","1210404106675712000",
"2046082984835768325","Mon Apr 20 04:26:12 +0000 2026","0","Pemuda Pancasila Rohul Tebar Kepedulian Santuni Anak Yatim di Bulan Ramadhan https://t.co/LERLUbxJrW","2046082984835768325","","","in","","0","0","0","https://x.com/undefined/status/2046082984835768325","1316114035",
"2045842019680141810","Mon Apr 20 04:21:04 +0000 2026","1","@msaid_didu @prabowo Du Didu elou dulu kan ASN pejabat lagi kok sekarang bernarasi penuh kebencian ma Jokowi demi membela Jk. . nikmati masa pangsiun dengan hati yang bersih tidak dengki hasut dsb.. . emang kamu yakin masih bisa ketemu ramadhan tahun depan","2046081691287203974","","msaid_didu","in","","0","1","0","https://x.com/undefined/status/2046081691287203974","1453561761588600832",
"2046080719362183582","Mon Apr 20 04:17:15 +0000 2026","0","3. *Ass. Prof.* Dr. *Herlambang* *Wiratraman* (Lecturer at the Faculty of Law Universitas Gadjah Mada) Moderator: *Mario* *Surya* *Ramadhan* (Researcher at the Research Center for Politics BRIN) RSVP: Mario Ramadhan (+6282120507617) Save the date and join us!","2046080733593456916","","PolitikBRIN","en","","0","0","1","https://x.com/undefined/status/2046080733593456916","280895955",
"2046074314945180066","Mon Apr 20 03:51:46 +0000 2026","0","Satgas ketahanan pangan Polda Jatim Kapolres Gresik AKBP. Ramadhan Nasution S.I.K. M.H. https://t.co/o44d19mFB9. memerintahkan Kapolsek Benjeng AKP HENDRAWAN . beserta anggotanya untuk melaksanakan pengecekan tanaman jagung di Ds. Munggugianti Kec. Benjeng Kab. Gresik untuk","2046074317679804503","","SekPangkahGrs","in","","0","1","0","https://x.com/undefined/status/2046074317679804503","1647826394557329408",
"2045826058751181024","Mon Apr 20 03:27:22 +0000 2026","0","@Malzz1Zero @apnpneng katanya gara-gara mc dia yang ga sopan sama senior pas event ramadhan tahun lalu cmiiw","2046068180205101500","","Malzz1Zero","in","","0","0","0","https://x.com/undefined/status/2046068180205101500","2023657112619151361",
"2046066189827498070","Mon Apr 20 03:19:38 +0000 2026","0","Penghargaan diberikan atas kontribusi HIPPINDO dalam program Jakarta Festive Wonders Ramadhan serta berbagai aktivasi kota yang mendorong pergerakan ekonomi dan daya tarik Jakarta.","2046066232114446673","","DppHippindo","in","","0","1","0","https://x.com/undefined/status/2046066232114446673","741820490864418816",
"2046053362983211292","Mon Apr 20 02:28:30 +0000 2026","0","Kok abangnya sky pas kecil kyk iqbal ramadhan ","2046053362983211292","","","in","","0","0","0","https://x.com/undefined/status/2046053362983211292","1734890597113298944",
"2045388800269115795","Mon Apr 20 02:26:38 +0000 2026","0","@euntjji KOCAG NGAPE UPIN IPIN SIH bagusan pas episode ramadhan nun","2046052895980921207","","euntjji","in","","0","1","0","https://x.com/undefined/status/2046052895980921207","2348815189",
"2045797581264138372","Mon Apr 20 01:59:37 +0000 2026","1","@seebells @KucengTerbanggg Kebalik euy.. mana ada ibadah yang sulit? Naik Haji aja buat yang mampu doang.. yang gak mampu jadi gak wajib.. puasa Ramadhan yang wajib kalau lagi safar aja boleh berbuka.. sholat kalau gak bisa berdiri bisa duduk.. mana ada ibadah yang susah..","2046046096989016365","","seebells","in","","0","1","0","https://x.com/undefined/status/2046046096989016365","1746890522189582336",
"2046042508241809490","Mon Apr 20 01:45:22 +0000 2026","0","MANTEP BGT GARING KRIUKK KRES JUSET SEGER KAYA ES BUAH TIAP RAMADHAN YA ALLAH MASYAALLAH TABARAKALLAH","2046042508241809490","","","in","","0","0","0","https://x.com/undefined/status/2046042508241809490","1524794401352216576",
"2046038327711973411","Mon Apr 20 01:28:45 +0000 2026","0","Dalam Rangka menguatkan nilai spiritual dan kebersamaan setelah bulan Suci Ramadhan telah laksanakan kegiatan Power Up Friday - Siraman Rohani Yang diikuti oleh jajaran Managemen Pegawai PIKK Tenaga Alih Daya Serta Siswa Magang. https://t.co/z1HzW84eHu","2046038327711973411","https://pbs.twimg.com/ext_tw_video_thumb/2046038256438181888/pu/img/kn5QULRZrpeV_qtf.jpg","","in","","0","0","0","https://x.com/undefined/status/2046038327711973411","1209618779686072320",
"2045816247171121405","Mon Apr 20 00:41:35 +0000 2026","0","@MafiaWasit Sabil ramadhan","2046026458196505044","","MafiaWasit","hi","","0","0","0","https://x.com/undefined/status/2046026458196505044","1068709682338918400",
"2045702718019252353","Mon Apr 20 00:40:05 +0000 2026","0","@tanyakanrl Aku spg brand baju ini jujur aja ini baju bes seller banget kemarin pas ramadhan dan aku tau juga harga baju ini lumayan mahal","2046026078867828814","","tanyakanrl","in","","0","0","0","https://x.com/undefined/status/2046026078867828814","1608288626764402689",
"2045870527630410112","Mon Apr 20 00:29:35 +0000 2026","0","@saikyoulogy it's so comforting to hear that kak coz akun kakak ini yang bikin aku grow with us sama temen temen sai lain pas ramadhan ","2046023437467218270","","saikyoulogy","in","","0","1","0","https://x.com/undefined/status/2046023437467218270","1544701576669167616",
"2046022014918697047","Mon Apr 20 00:23:56 +0000 2026","0","Giliran hari biasa mens telat tiga hari. Pas ramadhan kmrn kok tepat waktu bgt. Kan jadi ga ikut solat eid ","2046022014918697047","","","in","","0","0","0","https://x.com/undefined/status/2046022014918697047","38661543",
"2045442463456961016","Mon Apr 20 00:01:24 +0000 2026","0","@adskals @satyaXBT @rizalxharun Di gang rumahku ada kelompok 'pemuda' yg suka buat acara2 gang gitu kyk pas ramadhan dll tapi isinya semua bapak2 (termasuk bapakku). Malah yang muda2 pada gak mau join. Tapi selama usia produktif masih pemuda gak sih..","2046016345675108806","","adskals","in","","0","1","0","https://x.com/undefined/status/2046016345675108806","999054420410220545",
"2045683791868690847","Sun Apr 19 23:31:38 +0000 2026","0","@mukaikhlas Ramadhan taun depan ntar gua kasih buku untuk ttd ustad dah","2046008856137134242","","mukaikhlas","in","","0","0","0","https://x.com/undefined/status/2046008856137134242","792059852369473536",
"2046005926638026996","Sun Apr 19 23:20:00 +0000 2026","0","Haven t so much as TOUCHED my switch in so long because of school ramadhan then travelling and now sch again but I would touch it for tomodachi life and putting random ass characters and people on it together to see how it goes","2046005926638026996","","","en","","0","0","0","https://x.com/undefined/status/2046005926638026996","1318686251101253632",
