"conversation_id_str","created_at","favorite_count","full_text","id_str","image_url","in_reply_to_screen_name","lang","location","quote_count","reply_count","retweet_count","tweet_url","user_id_str","username"
"2048070595812970610","Sat Apr 25 16:04:16 +0000 2026","0","gue setuju bgt sama statement uang bisa beli kebahagiaan krn kita bisa beli brg yg kita mau dll. Tapi gue berterimakasih krn uang gabisa beli attitude percuma pny bnyk uang kl gapunya attitude. So be a good &amp; wise person everyone we don't know what will happen in the future.","2048070595812970610","","","in","","0","0","0","https://x.com/undefined/status/2048070595812970610","1983902884900302848",
"2048069836757189052","Sat Apr 25 16:03:53 +0000 2026","0","@ebednoorjaman Bayi denger ya: Uang langganan X (17T) itu buat bayar listrik server &amp; bikin Grok jago. Uang buat creator (3 45T) datang dari iklan orang lain bukan dari dompet langganan. Dua kantong duit beda. Bukan akal-akalan namanya bisnis biasa aja. Paham kan sayang? ","2048070500232925392","","ebednoorjaman","in","","0","0","0","https://x.com/undefined/status/2048070500232925392","1720665183188922368",
"2048069202217714084","Sat Apr 25 16:03:38 +0000 2026","0","Ni bendahara juga kebanyakan ngoceh harusnya kerja aja sesuai tupoksinya dan jelasin aja apa2 yg jadi tanggung jawabnya ketika stakeholdernya bertanya soal uang yang dikelolanya. Ga usah banyak janji kerjain aja yang ada. Makin banyak omong makin kelihatan ga nguasai kerjaan","2048070439151522048","","TrukBatubara","in","","0","0","0","https://x.com/undefined/status/2048070439151522048","1064195723061690369",
"2048070427667558419","Sat Apr 25 16:03:36 +0000 2026","0","Gabisa? Minta tolong sama orang. Gak mau ? Gausah pelit untuk kasih fee ke orang itu. Uang jajan atau uang rokok kek. Gak apa2. Gausah pelit. Masa iya Sudah pelit malas mikir pula. Gunakan otak buat cari cara gimana nih barang harus dikirim hari ini .","2048070430330896385","","DHano__D6","in","","0","0","0","https://x.com/undefined/status/2048070430330896385","1903822297309569024",
"2048063163531514235","Sat Apr 25 16:03:22 +0000 2026","0","@beelszebul Wkwkkwkwwk trus refund uang kulyahnya","2048070372134940865","","beelszebul","in","","0","0","0","https://x.com/undefined/status/2048070372134940865","1957268568145567744",
"2048070371468046786","Sat Apr 25 16:03:22 +0000 2026","0","Cuma Modal Sampul Film Bisa Jadi Uang?! https://t.co/jhekWyWVEL lewat @YouTube","2048070371468046786","","","in","","0","0","0","https://x.com/undefined/status/2048070371468046786","1473491050387836930",
"2047990276807868420","Sat Apr 25 16:03:21 +0000 2026","0","@artistsbase simpen dlu uang nya trus coba bikin pengumuman atau gmn siapa tau ada yg kenal oh iya kalau dia baru aja tutup akun nya mungkin bisa tunggu bentar karena biasanya kalau inget pernah commis bakal pake akun lain buat reach out","2048070367940604183","","artistsbase","in","","0","0","0","https://x.com/undefined/status/2048070367940604183","1699313092939948032",
"2047901599285285274","Sat Apr 25 16:02:57 +0000 2026","0","@secr3thm4nz56 JOKOWI TIDAK ADA BERKAS ADMINISTRASI JIKA TIDAK LENGKAP TAHAN FASILITAS NEGARA ATAS JOKOWI...RUMAH UANG PESANGON UANG PENSIUN PENGAWAL TARIK SEMUA TERBUKTI SUDAH IJAZAH PALSU DIA HARUS BAYAR DENDA PADA NEGARA BAYAR UTANG YANG DIA BUAT. JIKA HUKUM MEMBOLEHKAN DOOR DIA.","2048070264462925978","","secr3thm4nz56","in","","0","0","0","https://x.com/undefined/status/2048070264462925978","1750516522056101888",
"2048069017030848683","Sat Apr 25 16:02:45 +0000 2026","0","Klo pasarnya ada kan berarti sbnrnya masy. Indo itu (sdikit) percaya bahwa jurusan tsb berguna dan berprofit. Tpi pejabat indo nih udh punya mandat malah kenyang makan uang jdi lalai dan males kerja","2048070217532932129","","dszaiosamv","in","","0","0","0","https://x.com/undefined/status/2048070217532932129","1023891836937494528",
"2048069946794770523","Sat Apr 25 16:01:41 +0000 2026","0","Ohh kurang uang yak bang balik lagi ️","2048069946794770523","","","in","","0","0","0","https://x.com/undefined/status/2048069946794770523","1531472136988155904",
"2048007407448826298","Sat Apr 25 16:01:32 +0000 2026","0","@NenkMonica Saya kasih tau ya ustad itu uang HRAM biar ga susah jawabnya ngadat² gitu..","2048069909855535528","","NenkMonica","in","","0","0","0","https://x.com/undefined/status/2048069909855535528","1912064473164300288",
"2048053773034295581","Sat Apr 25 16:01:29 +0000 2026","0","@mainicimainici 7% paling dari saham entah berantah. Itu uang 400rb walaupun untung 100% kalau negaranya ekonominya anjlok juga itu uang gak ada nilainya","2048069895720673293","","mainicimainici","in","","0","0","0","https://x.com/undefined/status/2048069895720673293","1178528257",
"2047925883550445667","Sat Apr 25 16:01:10 +0000 2026","0","@SosmedAnu @RecehinAjaid bener2 laki2 serba kekurangan. Kurang uang kurang juga otaknya","2048069815714336847","","SosmedAnu","in","","0","0","0","https://x.com/undefined/status/2048069815714336847","1286342693526728704",
"2048069807803978237","Sat Apr 25 16:01:08 +0000 2026","0","gaada tuh yg namanya stress kalo punya uang","2048069807803978237","","","in","","0","0","0","https://x.com/undefined/status/2048069807803978237","1086157555775107072",
"2047868425108963798","Sat Apr 25 16:00:44 +0000 2026","0","@LambeSahamjja bro saran gw asli lu istirahat otak dlu soalnya skrg lu posisi kaget pny uang segede itu trs selang bbrp bulan baru deh lu boleh ngambil investasi segala macam its okey","2048069708784828663","","LambeSahamjja","in","","0","0","0","https://x.com/undefined/status/2048069708784828663","1930221150552109061",
"2048069615146946913","Sat Apr 25 16:00:22 +0000 2026","0","Buset ini uang langka banget apa gimana ya","2048069615146946913","","","in","","0","0","0","https://x.com/undefined/status/2048069615146946913","1859761446",
"2047602628839030932","Sat Apr 25 16:00:04 +0000 2026","0","@reeeed0i @gedh4nggodhog @yaniarsim Mata uang anjlok kita bener bener bagus buat pariwisata sama ekspor kalau mata uang kita kuat pariwisata mahal buat bule sama ekspor mahal loe digoblok goblokin rupiah harus kuat bahkan Amerika juga pengen usd melemah buat ekspor made in america lebih murah dan jadi memonopoli","2048069542937858243","","reeeed0i","in","","0","0","0","https://x.com/undefined/status/2048069542937858243","1698436034823094272",
"2048013879721238755","Sat Apr 25 15:59:49 +0000 2026","0","@notmezy_ Bersakit sakit dahulu punya uang dikit dihina mulu","2048069477015990278","","notmezy_","in","","0","0","0","https://x.com/undefined/status/2048069477015990278","1943581735876460544",
"2048069309931683872","Sat Apr 25 15:59:09 +0000 2026","0","ya allah hujan uang when","2048069309931683872","","","in","","0","1","0","https://x.com/undefined/status/2048069309931683872","1213729120003059712",
"2048069302168023379","Sat Apr 25 15:59:07 +0000 2026","0","Hasilkan uang yang cukup itu akan menyelesaikan banyak masalah. Yang dibutuhkan itu uang bukan pacar bukan pernikahan. Pacar pergi pernikahan berantakan itu karena miskin. Sudah tau miskin bebal gak tau diri ngasih enggak seberapa tapi ego udah seperti ngasih seisi dunia.","2048069302168023379","","","in","","0","0","0","https://x.com/undefined/status/2048069302168023379","1805581345395294213",
"2048066512536363408","Sat Apr 25 15:52:59 +0000 2026","0","@ke21____ pengen kotak misteri atau tirai tpi uang kertas yg biru aja gapapa ","2048067760153108664","","ke21____","in","","0","0","0","https://x.com/undefined/status/2048067760153108664","1267524605209690114",
"2048021235930640858","Sat Apr 25 15:52:50 +0000 2026","0","@perscuma Beli lagi gapapa uang bisa dicari cepet @itwasdecember","2048067721284428038","","perscuma","in","","0","0","0","https://x.com/undefined/status/2048067721284428038","1975150848042029056",
"2047975386630483995","Sat Apr 25 15:52:37 +0000 2026","0","@xbiruxyz Pengen jadi selembar uang","2048067664363569558","","xbiruxyz","in","","0","0","0","https://x.com/undefined/status/2048067664363569558","1801655450573975552",
"2048027130336833953","Sat Apr 25 15:52:36 +0000 2026","0","@yappingfess Pengen liat reaksi orang tua nya mereka ngeluarin uang buat bantu urus anaknya malah anaknya di gituin.","2048067663289880845","","yappingfess","in","","0","0","0","https://x.com/undefined/status/2048067663289880845","1619682095030505474",
"2047813121428070701","Sat Apr 25 15:52:27 +0000 2026","0","@yusuf_dumdum Tidak ada habis nya berita ttg org ini. Dan yg sllu di pikiran nya hanya uang dan uang saja. Tidak mau tau klu rakyat sdh sangat sengasara","2048067623821439404","","yusuf_dumdum","in","","0","0","0","https://x.com/undefined/status/2048067623821439404","1707694067818401792",
"2048067549578047560","Sat Apr 25 15:52:09 +0000 2026","0","Menkeu Beberkan Kondisi APBN: Uang Kita Masih Banyak https://t.co/UEIlqMXlDM","2048067549578047560","","","in","","0","0","0","https://x.com/undefined/status/2048067549578047560","2018336714025226240",
"2048067481345073568","Sat Apr 25 15:51:53 +0000 2026","0","ㅤ uang bisa dicari order martabak malem malem kapan lagi untung gak pada di rumah jadi bebas beraksi ㅤ","2048067481345073568","","","in","","0","0","0","https://x.com/undefined/status/2048067481345073568","1377146070090743811",
"2048067406288023683","Sat Apr 25 15:51:35 +0000 2026","0","Even gw kelaparan di rumah gak ada bahan buat di masak gw gak akan pernah nyolong duit ortu gw sepeser pun cuman buat laper gw sih. Mending gw nahan laper terus minta uang tambahan buat jajan juga biar gw kenyang dan nunggu ortu pulang wkwk. Maaf ya kecil gw terdidik","2048067406288023683","","","in","","0","0","0","https://x.com/undefined/status/2048067406288023683","1908047706511347712",
"2047878504025632996","Sat Apr 25 15:51:30 +0000 2026","1","@vicko_twitt gizi ku terpenuhi gak yah alah nyocot kalo pinter ngelola uang dan gak males mah masih bisa bikin makanan gizi lengkap sendiri","2048067383492059160","","vicko_twitt","in","","0","0","0","https://x.com/undefined/status/2048067383492059160","1512182227144114176",
"2048055318207471930","Sat Apr 25 15:51:12 +0000 2026","0","@Sarcetis MASUK... so yg zona uang ga dipakai lagi ya?","2048067311014469943","","Sarcetis","in","","0","0","0","https://x.com/undefined/status/2048067311014469943","302528792",
"2048000307914068474","Sat Apr 25 15:50:23 +0000 2026","0","@vcherrydrip Niat hemat dari awal tapi ujung-ujungnya tetap aja keluar uang buat hal yang nggak direncanakan. 12 #LoveYouTeacherSeriesEP7","2048067105023754460","","ttehpanas0751","in","","0","0","0","https://x.com/undefined/status/2048067105023754460","1457185263914926081",
"2048067020579893543","Sat Apr 25 15:50:20 +0000 2026","0","Knp semuanya harus pake uang pdhl ini semua milik Allah","2048067092784857144","","hellowpii","in","","0","0","0","https://x.com/undefined/status/2048067092784857144","1243478721685667845",
"2048044694081274269","Sat Apr 25 15:49:39 +0000 2026","0","@genrejaz Waktunya kamu minta uang jajan.","2048066920302465343","","genrejaz","in","","0","1","0","https://x.com/undefined/status/2048066920302465343","790934531045896192",
"2048066909309149209","Sat Apr 25 15:49:37 +0000 2026","0","egiluuuyyyy gue beli merch harga up 300k aja deg degan bgt anjir walaupun duitnya ada bgt di rek gue ini udah ga punya uang malah take merch sampe jutaan lagi sakit anjir","2048066909309149209","","","in","","0","0","0","https://x.com/undefined/status/2048066909309149209","1257262923757412352",
"2048066888010531239","Sat Apr 25 15:49:32 +0000 2026","0","pro manage uang misalnya","2048066888010531239","","","in","","0","0","0","https://x.com/undefined/status/2048066888010531239","1986667598176788480",
"2048062987588825533","Sat Apr 25 15:49:25 +0000 2026","1","@Th1nkY0u semangat kadang uang harus dikejar dulu hingga nanti uang balik mengejarmu ","2048066859317207530","","Th1nkY0u","in","","0","1","0","https://x.com/undefined/status/2048066859317207530","1251824880967774208",
"2048023382550253644","Sat Apr 25 15:49:22 +0000 2026","0","@aniesbaswedan Buat aja 1 prodi KKN...habis itu kita sebar ke semua negara....uang yg dikorupsi masuk ke Kas Negara...cukup itu","2048066849389375878","","aniesbaswedan","in","","0","0","0","https://x.com/undefined/status/2048066849389375878","62769845",
"2046229895429390529","Sat Apr 25 15:49:16 +0000 2026","0","@echoijiwoo @1 ah aku mah bukan yang ah nanti kayaknya butuh ini tapi aku yang emang dasar gelap mata semuanya dipengenin makanya kalau kemana-mana harus bawa uang lebih karena aku suka tiba-tiba kepengen ini itu yang diluar list/tujuan awal...... #maaf","2048066823158219098","","echoijiwoo","in","","0","0","0","https://x.com/undefined/status/2048066823158219098","1799314526191702017",
"2048066731059655075","Sat Apr 25 15:48:54 +0000 2026","0","Lee emang yang ini gak laku ya di warung warung daerah ku gada yang mau nerima hadeuhh masa iya cuman jadi koleksi doang Gda yang mau terima Kalo daerahmu laku gak lee uang pecahan 75rb itu https://t.co/ruv3vUnIMD","2048066731059655075","https://pbs.twimg.com/media/HGwx1qubwAA_jKa.jpg","","in","","0","0","0","https://x.com/undefined/status/2048066731059655075","2019471217305296896",
"2048065808988070365","Sat Apr 25 15:48:49 +0000 2026","0","udah giru pas pagelaran diwajibin nyediain konsumsi buat juri pake uang siswa juga?? gila kali sekolah apaan anjir kaya gitu","2048066710813724783","","natsuki_3n","in","","0","0","0","https://x.com/undefined/status/2048066710813724783","1422537509339164676",
"2048066702928425206","Sat Apr 25 15:48:47 +0000 2026","0","Tolol lu MBG tolol. Semua yang punya SPPG atau yang kerja ngurus MBG gw anggep tolol. Bodoamat kali ini gw main generalisasi. Mau alasan lu karena butuh uang lu butuh makan bodoamat. Ga ada main sisi kanan","2048066702928425206","","","in","","0","0","0","https://x.com/undefined/status/2048066702928425206","1931989005987655680",
"2048066637946048971","Sat Apr 25 15:48:38 +0000 2026","0","Buat mahasiswa di Makassar saya harap bisa lebih bijak baca situasi lapangan. Dan buat temen-temen Ojol saya paham banget susahnya cari uang tapi jangan sampe kekerasan jadi solusi. Kita ini satu barisan jngan mau diadu domba sama keadaan.","2048066662927401316","","AnandaOnTwitt","in","","0","1","0","https://x.com/undefined/status/2048066662927401316","1283487258742419458",
"2048066530043445362","Sat Apr 25 15:48:06 +0000 2026","0","I'm deadass about to kill this mf if I can. Gua yg belum bisa ngasih uang ke ortu aja tau diri dengan gak ngekost gak minta duit lagi dan bayar kebutuhan gua sendiri lewat freelance. Si monyet ini bisa² nya pake data ibunya buat pinjol","2048066530043445362","","","in","","0","0","0","https://x.com/undefined/status/2048066530043445362","1543789664087478272",
"2048066291307815113","Sat Apr 25 15:47:09 +0000 2026","2","Ngapa bnyk yg pinjem uang yak. Dikira duit gua banyak kali","2048066291307815113","","","in","","0","1","0","https://x.com/undefined/status/2048066291307815113","1551182706607656960",
"2048066258726498564","Sat Apr 25 15:47:01 +0000 2026","2","Meskipun aku belum bisa beli rumah dan jalan-jalan sampai luar negeri tetapi dengan uang tabungan hasil kerja keras... akhirnya aku bisa merenovasi kamarku sendiri. Bersyukur kamarku sudah lebih glow up daripada sebelumnya https://t.co/Y0VuWc3yvj","2048066258726498564","https://pbs.twimg.com/media/HGwxZx6bEAAFFFa.jpg","","in","","0","1","0","https://x.com/undefined/status/2048066258726498564","1622927442360016896",
"2047282279807074809","Sat Apr 25 15:47:00 +0000 2026","0","@MySerenadee saku kanan atau kiri yang ada uangnya? aku mau menyatu ama uang aja soale me siap jadi tuyul 3cm itu. AKU MAU AJE bang aku siap membantu menjadi jin yang merasuki jempol kamu bang.","2048066253273858177","","MySerenadee","in","","0","0","0","https://x.com/undefined/status/2048066253273858177","1236905090",
"2047883324052361693","Sat Apr 25 15:46:30 +0000 2026","0","@worksfess aku dulu mikir orang ke kantor bawa kendaraan cuman keluar uang buat bensin (enak ya) eh ternyata bayar parkir juga... mana mahal lagi... wkwkwk","2048066127008596422","","worksfess","in","","0","0","0","https://x.com/undefined/status/2048066127008596422","1266632075047612416",
"2047901870816125177","Sat Apr 25 15:46:08 +0000 2026","0","@adityapramoudya Tapi kalau mau jujur nasabah disini juga ada salahnya. Terlalu percaya sama si bangsat itu. Jangan pernah 100% mempercayakan uang kita entah ke orang bank ke pendeta ke Kiai atau ke siapapun.","2048066034645790955","","adityapramoudya","in","","0","0","0","https://x.com/undefined/status/2048066034645790955","1848982109966495744",
"2048066030757670923","Sat Apr 25 15:46:07 +0000 2026","0","Hal yg paling menegangkan ialah mencatat pengeluaran setelah mengeluarkan uang tanpa mikir 2 kali https://t.co/6SYESjrWHr","2048066030757670923","https://pbs.twimg.com/media/HGwxMmeaAAAbZTP.jpg","","in","","0","0","0","https://x.com/undefined/status/2048066030757670923","1226078693522468864",
"2048032335975838189","Sat Apr 25 15:46:03 +0000 2026","0","@DMarginale @Arbiarso_W Speda di parkiran gak diawasi kang perkir tp pas mau pergi ditagih uang ya kesel. Dan iki kasus e bukan motor tp anak !","2048066012290121776","","lunatycxx","in","","0","0","0","https://x.com/undefined/status/2048066012290121776","1958735865431433217",
"2048065808988070365","Sat Apr 25 15:45:14 +0000 2026","0","duhhh masih ga ngerti fungsi pagelaran nari di sma apa cape banget gua hampur ga punya hari libur cuman buat latihan nari uang gua juga abis buat transportasi+nyewa kostum+nyewa pelatih","2048065808988070365","","","in","","0","1","0","https://x.com/undefined/status/2048065808988070365","1422537509339164676",
"2048065778881319413","Sat Apr 25 15:45:07 +0000 2026","1","MEMBELI sekaligus BERAMAL Cincin yaman wulung warna hitam pekat di senter warna merah. Uang hasil jual 100% akan saya sumbangkan buat renovasi masjid. https://t.co/RhWopWoKf7 https://t.co/arGGl4zbwu","2048065778881319413","https://pbs.twimg.com/ext_tw_video_thumb/2048065605006401537/pu/img/QvKpv9AUR9lgEYAM.jpg","","in","","0","0","0","https://x.com/undefined/status/2048065778881319413","2331892825",
"2048065706571583982","Sat Apr 25 15:44:50 +0000 2026","0","pengen banyak uang tp malas kerja itulah aku..","2048065706571583982","","","in","","0","0","0","https://x.com/undefined/status/2048065706571583982","1403368013202530305",
"2048065704264671434","Sat Apr 25 15:44:49 +0000 2026","0","kenangan buruk gueh dengan dompet strawberry shortcake yang dimana uang lebaran recehan disimpen disitu semua emg ga ada yg 50/100an tapi recehan klo dijumlahin ada 400an yg pas jaman gue kecil itu duitt banyak mnrt kuu dan yapp dicopett di bus pas pulkam anjritt ","2048065704264671434","","","in","","0","0","0","https://x.com/undefined/status/2048065704264671434","1268435460847595520",
"2047741981733052574","Sat Apr 25 15:44:49 +0000 2026","0","@cupchake Gak ada minta maafnya langsung tanya no rek dikira semua bisa selesai dengan uang kali yaa. Kalo aku tiap nyari kost pasti nanya dulu sih ke pemilik kostnya peralatan di dapur itu disediain dari kost atau punya masing-masing gak enak kalo pake barang orang sembarangan","2048065703824265598","","cupchake","in","","0","0","0","https://x.com/undefined/status/2048065703824265598","809701929592836096",
"2048065669888119198","Sat Apr 25 15:44:41 +0000 2026","0","Ya Allah lancarkan lah rezeki ku sbg hambamu yg beli apa apa hrs pake uang sendiri itu ","2048065669888119198","","","in","","0","0","0","https://x.com/undefined/status/2048065669888119198","1701582639885643776",
"2048065643325567452","Sat Apr 25 15:44:35 +0000 2026","0","badminton sih dri kecil gue hobi maen badminton cm duitnya minim jd sekedar maen aja. dlu pas sd jg ada keinginan msk klub gt tp apa daya money eopsoo knp si di dunia ini bertransaksi pk uang? knp ga make daun aja","2048065643325567452","","","in","","0","0","0","https://x.com/undefined/status/2048065643325567452","1491308257658695681",
"2048032335975838189","Sat Apr 25 15:44:19 +0000 2026","0","@DMarginale @Arbiarso_W Disitu ortu ya bayar berharap bisa jadi tempat singgah main dsaat ortunya cari uang. Lah kalo ortu tau ujung anak e disiksa ya gak ada yg mau.","2048065577135349774","","DMarginale","in","","0","1","0","https://x.com/undefined/status/2048065577135349774","1958735865431433217",
"2048065525151146036","Sat Apr 25 15:44:07 +0000 2026","0","kenapa muka danil kaya bocil bgt yak kaya bocil ga dikasi uang jajan sama abang dante buat beli mainan wkwk https://t.co/niHzOoTeHo","2048065525151146036","https://pbs.twimg.com/media/HGwwvesaUAAavd9.jpg","","in","","0","0","0","https://x.com/undefined/status/2048065525151146036","1611379914275704834",
"2048065523007771037","Sat Apr 25 15:44:06 +0000 2026","0","TIDAK ADA SEX KONDISI SADAR AKAL SEHAT kalian hanya bisa bius &amp; Tagihan Bius Hutangnya besar. Saya Korban Bius Kalian &amp; teror Sperma. Terencana Terorganisir. Teror segala Ancaman dan Merasa Aman. Tidak Ada Uang untuk bayar tagihan Bius yang sangat besar.","2048065523007771037","","","in","","0","0","0","https://x.com/undefined/status/2048065523007771037","2036023347340054528",
"2048064079747744203","Sat Apr 25 15:38:22 +0000 2026","0","Tebak duluan uang gue ke kumpul buat beli ini atau kiamat? ","2048064079747744203","","","in","","0","0","0","https://x.com/undefined/status/2048064079747744203","1161091367226843136",
"2047550387834818907","Sat Apr 25 15:38:20 +0000 2026","0","@66lhcs Kangen bgt bgt dan aku tim manggo float banget. rela nyisain uang jajan buat minum ini pas jaman SMP ️️️","2048064070683935108","","66lhcs","in","","0","0","0","https://x.com/undefined/status/2048064070683935108","1585899297786462208",
"2048022235332608458","Sat Apr 25 15:37:57 +0000 2026","0","@remmer_99 kata papi papa kerja cari uang buat aku beli pulau ","2048063976425341011","","remmer_99","in","","0","0","0","https://x.com/undefined/status/2048063976425341011","2401304330",
"2048063959845232980","Sat Apr 25 15:37:53 +0000 2026","0","paling suka cowo yg wangi uang sii","2048063959845232980","","","in","","0","0","0","https://x.com/undefined/status/2048063959845232980","2028397136271036416",
"2047858280597528676","Sat Apr 25 15:37:51 +0000 2026","0","@k_klhs @angga_fzn Ada yang namanya Para pejuang dua karena lama ga hamil2 Uang banyak ga ada artinya mereka berharap hamil dan punya anak Mari perbanyak istighfar dan bersyukur","2048063950571618618","","k_klhs","in","","0","1","0","https://x.com/undefined/status/2048063950571618618","53555872",
"2047967922707153118","Sat Apr 25 15:37:46 +0000 2026","0","@stressedgurl1 I know gak semuanya berniat. Tapi kalo kamu lihat berita anak anak suka mencuri itu karena kebiasaan dari kecil dari dia curi uang ortu. Iyaa bagus didikan ibu kamu dan kamu juga harus tau. Perilaku mencuri itu lama lama bisa jadi tabiat. Jadi stop normalisasi ya terimakasih","2048063927955890420","","stressedgurl1","in","","0","1","0","https://x.com/undefined/status/2048063927955890420","1908047706511347712",
"2048053603940884555","Sat Apr 25 15:37:45 +0000 2026","1","@akuntwiter968 @sumpanto Apalagi pencucian uang lewat artis modus perusahaan fiktif","2048063924403327163","","akuntwiter968","in","","0","0","1","https://x.com/undefined/status/2048063924403327163","1777553162267963392",
"2045338381505482763","Sat Apr 25 15:37:41 +0000 2026","0","@2DRP_AU ㅤ Jika begitu uang. jawab jejaka bersurai cokelat penuh keseriusan walakin sebuah senyuman kini menghiasi iras seolah berguyon. Sejatinya dapat dikata bahwa ia lebih dari sekadar berkecukupan. Namun bilamana ditawarkan hanya itu yang akan dipinta. ㅤ","2048063909526180246","","2DRP_AU","in","","0","0","0","https://x.com/undefined/status/2048063909526180246","835004192",
"2048063853456687384","Sat Apr 25 15:37:28 +0000 2026","0","Kepala w sakit banget dah sembuhnya dapet uang satu milyar dan diusap usap jongseong ini","2048063853456687384","","","in","","0","0","0","https://x.com/undefined/status/2048063853456687384","1709078370951335936",
"2048063801589952526","Sat Apr 25 15:37:16 +0000 2026","0","dasar npd kntl udh mah hidup dengan mencuri uang orang lain nyiksa org yg dicuri uangnya krn udh tua kasih pengaruh jahat ke adek gue.. semoga lo membusuk di neraka ya bgst.","2048063801589952526","","","in","","0","1","0","https://x.com/undefined/status/2048063801589952526","1648293019907690497",
"2048063761496588703","Sat Apr 25 15:37:06 +0000 2026","0","Komplotan Gengs Bius &amp; Pemeras Uang Bos Besar Cs. Setiap hari setiap malam bangunkan orang tidur berkali-kali. TEROR minta Sex Kondisi Akal Sehat &amp; ingin Manipulasi jumlah Pelaku Bius sesuai Angka Jarum Jam. INI KRIMINAL PIDANA tambah besar Kejahatannya. Tambah Penjara ️ https://t.co/xMSgdqUAd4","2048063761496588703","https://pbs.twimg.com/media/HGwvIq4aIAAm_IU.jpg","","in","","1","0","0","https://x.com/undefined/status/2048063761496588703","2036023347340054528",
"2048012915970597033","Sat Apr 25 15:36:43 +0000 2026","0","@baseconvo Next klo minjem lagi tanyain buat beli apa terus km aja yg beliin. Pokoknya jangan dikasih uang mentahnya.","2048063664784364005","","baseconvo","in","","0","0","0","https://x.com/undefined/status/2048063664784364005","1843779302594367488",
"2048063089418142179","Sat Apr 25 15:36:36 +0000 2026","1","@iiammares yakan kak makan uang haram kasihan kalo sama Cust apalagi budget pas2an misalnya","2048063635382296641","","iiammares","in","","0","0","0","https://x.com/undefined/status/2048063635382296641","1431938387875819521",
"2047857680216457722","Sat Apr 25 15:36:26 +0000 2026","0","@carlymenulis joss jangan lupa uang jajan i jugaaa ","2048063591652508131","","carlymenulis","in","","0","0","0","https://x.com/undefined/status/2048063591652508131","916657083457536000",
"2048063579350557180","Sat Apr 25 15:36:23 +0000 2026","0","aduh kenapa ya bulan ini tuh money flow gue tuh kaya ngebut banget alias tbtb punya uang tbtb abis tbtb punya uang lagi tbtb abis lagi","2048063579350557180","","","in","","0","1","0","https://x.com/undefined/status/2048063579350557180","1432382053874475013",
"2048042731206037674","Sat Apr 25 15:35:35 +0000 2026","97","@unmagnetism aku klo jd ricis bakalan mikir kira yg aku lakuin ini bklan melibatkan org lain ga ya. contohnya kakanya sendiri pasti kakanya dibawa secara kakanya ustadzah. sebenernya takut bgt berpendapat ttg ini pasti banyak yg bilang yauda si terserah dia uang dia juga itu haram tau","2048063379143803240","","unmagnetism","in","","0","1","0","https://x.com/undefined/status/2048063379143803240","1429263878194536452",
"2047528773176975582","Sat Apr 25 15:35:21 +0000 2026","0","@DivHumas_Polri Lebih baik polisi di bubarkan karena institusinya sdh terlalu rusak dan tidak bs di selamatkan terlalu banyak makan uang haram sampai kiamat pun nama polisi tidak akan pernah baik dan selalu buruk. https://t.co/TDIjXUtZBN","2048063322055184478","https://pbs.twimg.com/amplify_video_thumb/2048062708915015680/img/2QZgKPGvGmT4vBSE.jpg","DivHumas_Polri","in","","0","0","0","https://x.com/undefined/status/2048063322055184478","4174975647",
"2048063235027603946","Sat Apr 25 15:35:01 +0000 2026","0","Gausah engage ya mentemen ku. Cuma cenblu yang berusaha cari uang haram aja. Surga-neraka itu hak prerogatif Tuhan. https://t.co/KyVr6Q4hng","2048063235027603946","https://pbs.twimg.com/media/HGwup8raUAAHmFO.jpg","","in","","0","0","0","https://x.com/undefined/status/2048063235027603946","1276207574694498304",
"2048063223581298794","Sat Apr 25 15:34:58 +0000 2026","0","Hari ini nganterin adekku beli make up. Aku juga ikut masuk tokonya kan tapi entah kenapa rasanya malu sama takut gitu. Emang gak bawa uang buat beli sih tapi emang mau nyobain aja make up kayak orang .","2048063223581298794","","","in","","0","1","0","https://x.com/undefined/status/2048063223581298794","1063972818386219009",
"2047871821513634019","Sat Apr 25 15:34:42 +0000 2026","0","@caterissparibus umkm ya ini at least min upahnya 50% up dari ump/umk dgn jam kerja 7 jam plus harus kasi mkn/uang mkn istirahat 1x seminggu.. sorry to say rata2 umkm kuliner bnyk sperti ini di kota2 seindonesia itulah hrsny fungsi n peran pemerintah hadir buat hal ini tp kenyataanny sulit","2048063155428073579","","caterissparibus","in","","0","0","0","https://x.com/undefined/status/2048063155428073579","1374525644277571589",
"2047868425108963798","Sat Apr 25 15:34:04 +0000 2026","0","@LambeSahamjja Belajar investasi tapi jangan investasi di saham atau crypto yg uang nya bisa ilang dalam sekejap. Jangan tergiur sama omongan orang untuk lipat gandakan uang dengan cepat apapun caranya pokoknya jgn pernah tergiur. Paling aman menurut saya pribadi mending beli logam mulia aja.","2048062998212915409","","LambeSahamjja","in","","0","0","0","https://x.com/undefined/status/2048062998212915409","917796097682161664",
"2048027067137368516","Sat Apr 25 15:33:40 +0000 2026","0","@jiyulie personally mikir gitu juga karena uang lebihan admin bisa dipakein untuk freebies dll... tp mikir apakah pada lbh nyaman di oren aja","2048062897344114939","","jiyulie","in","","0","0","0","https://x.com/undefined/status/2048062897344114939","72462028",
"2048038606833615355","Sat Apr 25 15:33:34 +0000 2026","0","@andihiyat pengen uang semilyar sih amin","2048062873700855831","","andihiyat","in","","0","0","0","https://x.com/undefined/status/2048062873700855831","1860313523739590656",
"2048007407448826298","Sat Apr 25 15:33:29 +0000 2026","0","@NenkMonica Uang gak jelas asal-usulnya koq main terima gitu aja knp gak ditolak? Seandainya kasus ini gak diusut sama KPK selamet lah itu uang 8 4M di rekening gak perlu ada pengembalian² segala macem.","2048062852867784878","","NenkMonica","in","","0","0","0","https://x.com/undefined/status/2048062852867784878","813654149678047232",
"2047901870816125177","Sat Apr 25 15:33:18 +0000 2026","0","@adityapramoudya Uang jemaat yg di sebut kafir dipaksi nsik haji halal ya hajinya?","2048062805337837584","","adityapramoudya","in","","0","0","0","https://x.com/undefined/status/2048062805337837584","1836929096699498497",
"2047724865441185995","Sat Apr 25 15:32:42 +0000 2026","0","@Bambangmulyonoo Menunjukan ijazah jokowi itu penting karena beliau pensiun dan diberi fasilitas dengan uang rakyat jadi legal standing sebagai pejabat publik harus ditunjukan terutama yang dipermasalahkan ya itu ijazah yang dipakai untuk berkas mencanlonkan kemarin pahamkan pentingnya sekarang","2048062653533446315","","Bambangmulyonoo","in","","0","0","0","https://x.com/undefined/status/2048062653533446315","464385208",
"2048062341288542488","Sat Apr 25 15:32:41 +0000 2026","0","@wantgyibo Uang gege mah lebih banyak kali Hasil dari balapan liar itu","2048062650572226776","","wantgyibo","in","","0","1","0","https://x.com/undefined/status/2048062650572226776","2499927151",
"2048054804862374110","Sat Apr 25 15:32:34 +0000 2026","0","@keuonhou SAMA PLS butuh uang","2048062620083921059","","keuonhou","in","","0","0","0","https://x.com/undefined/status/2048062620083921059","2046970448496496640",
"2047947126316179767","Sat Apr 25 15:31:56 +0000 2026","1","@tertamvan_ coba kalian datengin akun si cowo ini deh. entah beneran dia sm pasangannya gitu atau emng setingan biar rame(?) karena emng semua tulisan dia ttg pasangannya yg kaya gitu dan emng chatan sm mamanya tuh mamanya cm minta uang uang dan uang doang","2048062459513291018","","tertamvan_","in","","0","1","0","https://x.com/undefined/status/2048062459513291018","1276121021502722048",
"2048049014097186836","Sat Apr 25 15:31:32 +0000 2026","0","@spitfireaileen @spitfireaileen Hi Kak kami memahami rasa khawatir yg Kakak alami mengenai kendala transfer uang ke rekening bank yg masih diproses. Mohon kesediannya menunggu 1x24 jam sejak tanggal &amp; jam kamu melakukan transfer namun tidak menutup kemungkinan bisa lebih cepat ya Kak. (1)","2048062361421119612","","spitfireaileen","in","","0","0","0","https://x.com/undefined/status/2048062361421119612","965871936545816577",
"2047905636772663751","Sat Apr 25 15:31:21 +0000 2026","0","@bangherwin Intinya pajak rayat sdh dipermainkan..kl tak ada bayar apa negara punya uang?apa mungkin patungan kabinet prororo saweran unt APBN?ga mau bayar ya ancam..","2048062313203466700","","bangherwin","in","","0","0","0","https://x.com/undefined/status/2048062313203466700","212110387",
"2047886354995200074","Sat Apr 25 15:31:15 +0000 2026","0","@ilomillow Malah lebih bangga sihh berusaha sendiri dan gak mengandalkan uang orang tuaa malah makin sayang ","2048062286968017125","","ilomillow","in","","0","0","0","https://x.com/undefined/status/2048062286968017125","2029314135079759872",
"2047813812351586494","Sat Apr 25 15:30:55 +0000 2026","0","@MutiaaraSenja 8 juta juga uang syantik dikit dikit aja penting rajin. Semangattt","2048062205627899950","","MutiaaraSenja","in","","0","0","0","https://x.com/undefined/status/2048062205627899950","1615368745735847936",
"2047952458518081970","Sat Apr 25 15:30:43 +0000 2026","0","@FKP_Indonesia apa saja dilakukan biar dapat jatah uang rezim","2048062154423914582","","FKP_Indonesia","in","","0","0","0","https://x.com/undefined/status/2048062154423914582","173367997",
"2048053683322225002","Sat Apr 25 15:30:30 +0000 2026","0","@zeiazii uang 1 M atau xavier jadi nyata","2048062101206532177","","zeiazii","in","","0","0","0","https://x.com/undefined/status/2048062101206532177","1356606341863809025",
"2047507075773911378","Sat Apr 25 15:30:27 +0000 2026","0","@thunderthieff untuk mengobati rasa marah saya saya resign habis lebaran disaat saya satu shift dengan cook tsb dan disaat teman teman kitchen mudik semua yg berakibat dia handle kitchen berdua doang karena masih suasana lebaran dan sya relakan uang overtime saya sebulan full tdk sy ambl","2048062087403090134","","budidam_","in","","0","1","0","https://x.com/undefined/status/2048062087403090134","1174208701",
"2048052839575073142","Sat Apr 25 15:30:26 +0000 2026","0","@arieseIIa @sembwarangan Minta uang jajan sama papa","2048062084567724088","","arieseIIa","in","","0","0","0","https://x.com/undefined/status/2048062084567724088","790934531045896192",
"2048062069132669305","Sat Apr 25 15:30:23 +0000 2026","0","tahun ini xh jd co-headliner di pjf ternyata jalan aku bener bener dipermudah sama Allah kali ini. mulai dari restu ortu yg langsung acc temen-temen barengan yang baik banget dan masalah nabung yg ternyata aku bisa loh... meski pake uang sendiri ternyata aku bisa ya..","2048062072093913461","","jjunnapolitan","in","","0","1","0","https://x.com/undefined/status/2048062072093913461","1422159065107468288",
"2048062069132669305","Sat Apr 25 15:30:23 +0000 2026","0","aduh jd mau yapping dsini tahun lalu aku sempet nangis terus menerus sampe pusing krn found out aku gabisa nonton byuma indo padahal deket bgt dri rumah dan masalah uang mah alhamdulillah waktu itu banyak bgt ketimbang skrng. setelahnya aku selalu doa supaya bs ktmu xh. ternyata","2048062069132669305","","","in","","0","1","0","https://x.com/undefined/status/2048062069132669305","1422159065107468288",
"2048062010282369152","Sat Apr 25 15:30:09 +0000 2026","1","semua uang milik allah @jansxverse https://t.co/tINjDzJhhm","2048062010282369152","https://pbs.twimg.com/amplify_video_thumb/2048061949087465472/img/CkNmoHRGK4zQEx53.jpg","","in","","0","3","1","https://x.com/undefined/status/2048062010282369152","1902028568026292225",
"2048059369317859525","Sat Apr 25 15:19:39 +0000 2026","0","aku besok katanya mau di ajak mantai sm sepupu.... semoga beneran heung.... mau mantai.... mau muncak juga remed merbabu kmrn ya Allah jatuh kan lah uang","2048059369317859525","","","in","","0","0","0","https://x.com/undefined/status/2048059369317859525","1824798533884784640",
"2047732317687353638","Sat Apr 25 15:19:33 +0000 2026","0","@tanyakanrl aku mah waktu itu pengen sesuai taggal lahir soalnya biar cantik pas ditulis di mahar yang akrilik itu loh. Jadi logam mulia kian emas perhiasan sekian terus tahun lahirnya pake uang. Tapi sih ya kan yang mau nikah kamuu tiap orang pasti beda beda","2048059342897987642","","tanyakanrl","in","","0","0","0","https://x.com/undefined/status/2048059342897987642","1140493985183518720",
"2048059141894344746","Sat Apr 25 15:18:45 +0000 2026","0","tdak ada yang mnyangka klo hari ini ak bakal kluar uang ckup bsar krna hp ak kecebur gayung wktu pup","2048059141894344746","","","in","","0","0","0","https://x.com/undefined/status/2048059141894344746","1190035611027030016",
"2048010437846044937","Sat Apr 25 15:18:43 +0000 2026","0","@exhorizonjkt keluarin pls ini projectnya apa ini uang kita mau diapain aja??","2048059136626364617","","exhorizonjkt","in","","0","0","0","https://x.com/undefined/status/2048059136626364617","1288820876742242305",
"2047901802440659269","Sat Apr 25 15:18:29 +0000 2026","0","@gnabnhahc macama bubb menurutku sih gitu ya mending keluarin uang agak banyak dikit drpd menyesal gk dapet yang diinginkan apalagi kalo wtt kadang susahh","2048059074798145595","","gnabnhahc","in","","0","0","0","https://x.com/undefined/status/2048059074798145595","1508775952339284018",
"2048034689928352148","Sat Apr 25 15:18:24 +0000 2026","0","@VikirBaskervl Telat banget..!!! Uang dah digondol rampok","2048059054862590045","","VikirBaskervl","in","","0","0","0","https://x.com/undefined/status/2048059054862590045","754652093672067072",
"2047683590511862063","Sat Apr 25 15:17:57 +0000 2026","1","@B4r4_Akb4r Menteri agama bayarannya jg amal jariyah dong doa selamat dn Al fatihah cukup kn ..gk prlu uang ckup doa sarapan paginya mkn siangnya dn mlmnya yeekan...","2048058941847056822","","B4r4_Akb4r","in","","0","0","0","https://x.com/undefined/status/2048058941847056822","1945569872676884480",
"2048058908351361129","Sat Apr 25 15:17:49 +0000 2026","0","...rumornya 99% itu mau dibayar yang kirim uang senior.","2048058908351361129","","","in","","0","0","0","https://x.com/undefined/status/2048058908351361129","2012699245196005376",
"2048058879473484132","Sat Apr 25 15:17:42 +0000 2026","0","Anak itb unpad ini masuk jalur pake uang haram kah? Ga ada adab sama sekali.","2048058879473484132","","","in","","0","0","0","https://x.com/undefined/status/2048058879473484132","725277642912489472",
"2047892518306750859","Sat Apr 25 15:17:29 +0000 2026","0","@DokterTifa Tipikal orang penjilat Budi Ari ini jgn di gubris semua statemenya pasti belain Jokowi asal dapet proyek jabatan dan uang .. pantat ayam pasti dijilat sama orang ini","2048058824544948473","","DokterTifa","in","","0","0","0","https://x.com/undefined/status/2048058824544948473","2869998002",
"2048054878057206192","Sat Apr 25 15:17:23 +0000 2026","0","buat tambah uang jajan + ditabung. saat itu aku jualan cuma 1 taunan. habis itu vaccum. setelah lulus kuliah baru aku merajut kembali. dan lagi-lagi rajutanlah penolongku sumber pemasukanku. baru nyadar merajut telah menyelamatkanku berulang kali wkakak. this mine in 2014 https://t.co/og1HEm3Plu","2048058800008229194","https://pbs.twimg.com/media/HGwqn8SbUAADQaX.jpg","cindwerrella","in","","0","1","0","https://x.com/undefined/status/2048058800008229194","1217324362853838848",
"2048019463413641524","Sat Apr 25 15:17:02 +0000 2026","1","@LambeSahamjja Kan bisa di ajukan pengembalian dana ke shopee lagian uang yang udah di keluarkan tu gak langsung masuk ke seller anjir","2048058711432966366","","LambeSahamjja","in","","0","0","0","https://x.com/undefined/status/2048058711432966366","2038292882235285504",
"2048058690180395469","Sat Apr 25 15:16:57 +0000 2026","0","barang siapa yang sabar maka itu bukan gw uang bisa dicari liat aespa kapan lagi?? https://t.co/7gPyf5G7wN","2048058690180395469","https://pbs.twimg.com/media/HGwqhb3asAAyDPe.jpg","","in","","0","0","0","https://x.com/undefined/status/2048058690180395469","1864686149505306625",
"2048017550236344503","Sat Apr 25 15:16:39 +0000 2026","0","@luxwuries beliin gua dulu ntar gua ganti uang nya","2048058615060468031","","luxwuries","in","","0","1","0","https://x.com/undefined/status/2048058615060468031","2040142061131726848",
"2048058587877187665","Sat Apr 25 15:16:33 +0000 2026","0","Uang","2048058587877187665","","","in","","0","0","0","https://x.com/undefined/status/2048058587877187665","2525195528",
"2047977027811291585","Sat Apr 25 15:16:10 +0000 2026","0","@thunderthieff Ngelunasin utang negara?? Atau ngelunasin utang negara tu bukan pake uang?","2048058495078211830","","thunderthieff","in","","0","0","0","https://x.com/undefined/status/2048058495078211830","1412979121248825345",
"2048058482310668719","Sat Apr 25 15:16:07 +0000 2026","0","Aku mati-matian nahan diri buat gak jajanin uangku karna tau ekonomi keluarga lagi gak bagus tapi mereka dengan entengnya minta uang cuma buat beli hal yang gak ada manfaatnya.","2048058482310668719","","","in","","0","0","0","https://x.com/undefined/status/2048058482310668719","1489018106076811264",
"2048047485177020628","Sat Apr 25 15:15:57 +0000 2026","0","@taqibalqibul emg siapa yg ga suka uang","2048058438044070220","","taqibalqibul","in","","0","0","0","https://x.com/undefined/status/2048058438044070220","558289418",
"2048052823091482907","Sat Apr 25 15:15:43 +0000 2026","0","@gesoy owalaa. soalnya ini cek ht zona uang masih rame yang pake ???","2048058380636627382","","gesoy","in","","0","1","0","https://x.com/undefined/status/2048058380636627382","1397453898827198466",
"2048057655575584993","Sat Apr 25 15:15:39 +0000 2026","0","padahal dulu ada cita2 kalo punya uang banyak mau buat daycare penitipan anak biar ibu2 yg kerja tenang dijagain anaknya selama kerja kyk di komik hai miiko. Tapi ternyata tetep aja yah ada daycare yg ga amanah","2048058363733537100","","micin0408","in","","0","0","0","https://x.com/undefined/status/2048058363733537100","1179771200781709312",
"2048033709648175585","Sat Apr 25 15:15:35 +0000 2026","0","@phuwinmtang kalo bisa ku apply tu sunscreen 1000lapis aku lakuin deh sebadan badan kita bisa tetep dapet uang kan ya meski nggak keliling? apa sambil live dan challenge kicau mania 24jam nonstop?","2048058347707080749","","phuwinmtang","in","","0","1","0","https://x.com/undefined/status/2048058347707080749","1774316857484578816",
"2048047485177020628","Sat Apr 25 15:14:50 +0000 2026","0","@linxxxc_ bener lebih suka uang dan tenang","2048058158313242954","","linxxxc_","in","","0","1","0","https://x.com/undefined/status/2048058158313242954","1928423835424215040",
"2047990061485129737","Sat Apr 25 15:14:49 +0000 2026","0","@seruanhl Kapan ada tragedi demo besar-besaran lagi? Para pemimpin di negeri konoha bikin kita naik darah aja gak mikir apa rakyatnya masih banyak yg miskin masih banyak yg kelaparan cari uang demi bisa makan sesuap nasi gak punya tempat tinggal mikir gak kesitu??","2048058155318600009","","seruanhl","in","","0","0","0","https://x.com/undefined/status/2048058155318600009","2023793390056554496",
"2048058113107054786","Sat Apr 25 15:14:39 +0000 2026","0","???? Segala uang buat zoom meeting aja di korupsi.","2048058113107054786","","","in","","0","0","0","https://x.com/undefined/status/2048058113107054786","2240191664",
"2048058018689069307","Sat Apr 25 15:14:18 +0000 2026","2","Pemakan fee dr setiap uang yg masuk dan keluar dari dan ke kas negara itu bangsatnya ada di dalam kemenkeku mestinya Purbaya cari lagi bajingannya aku yakin banyak pemain.","2048058021537038577","","mas_veel","in","","0","0","0","https://x.com/undefined/status/2048058021537038577","1709123175450288128",
"2048058018689069307","Sat Apr 25 15:14:17 +0000 2026","2","Udah dibilang ada oknum di Kemenkeu yg sedari dulu maunya uang itu gak transparan dapat berapa keluar berapa itu seenak mereka aja angkanya. Inget ayah si anak setan? Penjara brp th aku lupa dan gayus2 lainya? Kenapa B2B jd APBN di KCIC dan lainnya? siapa yg bermain? Fee!!","2048058018689069307","","","in","","0","1","0","https://x.com/undefined/status/2048058018689069307","1709123175450288128",
"2046967815408964043","Sat Apr 25 15:14:15 +0000 2026","0","@Lgeeisa Aamiin!! Termasuk dapet kado dr dd yaa? Makasih banyak yaa dd kadonya bentuk uang jg bleh dd mau norek?","2048058012733202929","","Lgeeisa","in","","0","0","0","https://x.com/undefined/status/2048058012733202929","1484209016066953218",
"2048057724056023504","Sat Apr 25 15:13:07 +0000 2026","0","udah di tahap PGN BGT NONTON KONSER THE BOYZ YA ALLAH BERI AKU UANG DAN WAKTU AGAR BISA NONTON KONSER THE BOYZ MAU LIAT JUYEON DI LAYAR GEDE KONSER KEMAREN AKU GAK BISA DATENGGG KALIAN KONSER ABIS PULANG WAMIL SEMUA PUN GPP GW TUNGGUINhttps://t.co/O8kJ3ePZVA","2048057724056023504","https://pbs.twimg.com/amplify_video_thumb/2047967456841646080/img/TzlEesf-Pc-GioQ9.jpg","","in","","0","0","0","https://x.com/undefined/status/2048057724056023504","1878810720714043392",
"2048020449700032902","Sat Apr 25 15:13:04 +0000 2026","0","@tempodotco Ckckck ada2 aja alasan untuk menghambur-hamburkan uang","2048057714862154162","","tempodotco","in","","0","0","0","https://x.com/undefined/status/2048057714862154162","45111438",
"2048055513360015592","Sat Apr 25 15:13:01 +0000 2026","0","Buat apa buang-buang uang anggaran untuk merancang UU kedepan kalau setiap sengketa hukum bisa diselesaiin dengan restorative justice. Lebih baik bubarin aja lembaga hukum kalau setiap sengketa hukum selalu berakhir dengan uang damai uang duka uang pengobatan dll","2048057699397734718","","speculoove","in","","0","1","0","https://x.com/undefined/status/2048057699397734718","1941870157875544064",
"2048057668070518875","Sat Apr 25 15:12:53 +0000 2026","0","Kalian kangen woozi ya aku juga. Kayanya kalo rindu woozi bisa di tuker uang aku dah jadi milyader","2048057668070518875","","","in","","0","0","1","https://x.com/undefined/status/2048057668070518875","1439428974891864064",
"2048057663951663405","Sat Apr 25 15:12:52 +0000 2026","1","Gak cuma Rupiah mata uang negara lain juga lagi kena mental sama Dolar AS. ​Yang paling penting jeroan ekonomi Indonesia sebenarnya masih sehat banget. Inflasi aman dan BI selalu siap sedia di garda terdepan buat jaga stabilitas. ​#jagaindonesia https://t.co/us7vcDNDAP","2048057663951663405","https://pbs.twimg.com/media/HGwpl0RboAIGGUB.jpg","","in","","0","0","1","https://x.com/undefined/status/2048057663951663405","1525598016807178240",
"2047894659423150175","Sat Apr 25 15:12:18 +0000 2026","0","@tanyarlfes gak usah malu kan beli pake uang sendiri nder","2048057521387278345","","tanyarlfes","in","","0","0","0","https://x.com/undefined/status/2048057521387278345","1409896176",
"2048054836944568553","Sat Apr 25 15:11:51 +0000 2026","0","@zaaaprivt Bhkan mamaku aja dukung kalau aku punya uang sendiri mau nonton konser yang ku suka silahkan lah ini outsider bjir ya kan. ","2048057406291329363","","zaaaprivt","in","","0","1","0","https://x.com/undefined/status/2048057406291329363","939565150692040704",
"2048042946944258458","Sat Apr 25 15:11:03 +0000 2026","0","@owieqyuttt kamu cocoknya bercinta sama uang byy","2048057206411813089","","owieqyuttt","in","","0","1","0","https://x.com/undefined/status/2048057206411813089","1084119301907308544",
"2047975591744516495","Sat Apr 25 15:10:56 +0000 2026","1","@BiLLRaY2019 makin menggila menghabiskan uang pajak rakyat Indonesia","2048057176670064907","","BiLLRaY2019","in","","0","0","0","https://x.com/undefined/status/2048057176670064907","1409914176",
"2048057104444067941","Sat Apr 25 15:10:39 +0000 2026","0","Uang papa","2048057104444067941","","","in","","0","0","0","https://x.com/undefined/status/2048057104444067941","1343434907712778240",
"2047646144956915943","Sat Apr 25 15:10:16 +0000 2026","0","@angga_fzn Dulu uang kuliah dijatah seminggu 50k posisi tinggal di Asrama. Jadi 50k buat makan + sabun shampo dll. Temen lain pada dikasih jatah sama ortu mereka minimal 200k/minggu.","2048057008998510871","","angga_fzn","in","","0","0","0","https://x.com/undefined/status/2048057008998510871","1481526504412516354",
"2048056999997546682","Sat Apr 25 15:10:14 +0000 2026","0","Jadi inget disuruh ngambil uang di atm. Karena ayah sama ibu pake bank yang sama kartunya juga sama. Salah ambil kartu trus ke blokir anjirrr","2048056999997546682","","","in","","0","0","0","https://x.com/undefined/status/2048056999997546682","1546434351054721025",
"2048043201970442504","Sat Apr 25 15:10:02 +0000 2026","0","@winhaeri iyaaaa bgtttt semoga uang kaka dibalikin yaa","2048056947849765008","","winhaeri","in","","0","0","0","https://x.com/undefined/status/2048056947849765008","1569990807939346433",
"2048055502039552172","Sat Apr 25 15:09:58 +0000 2026","0","@cearries Uang kamu terlalu mungil","2048056930950885800","","cearries","in","","0","1","0","https://x.com/undefined/status/2048056930950885800","925403604743110657",
"2048025220494352841","Sat Apr 25 15:09:28 +0000 2026","0","@alpraezolam Lebih ke ga ada uang sama hpnya Krn miskin banget ","2048056806963138718","","alpraezolam","in","","0","1","0","https://x.com/undefined/status/2048056806963138718","1518293169258909696",
"2048055519596994851","Sat Apr 25 15:09:19 +0000 2026","0","@eltheram mungkin uang gedungnya kurang banyak? berapa digit ngasihnya?","2048056770430701932","","eltheram","in","","0","1","0","https://x.com/undefined/status/2048056770430701932","1430391233755549697",
"2048048543336693966","Sat Apr 25 15:08:58 +0000 2026","0","@Yushxi udah dibayar belum hyung uang sewanya?","2048056680429330535","","Yushxi","in","","0","1","0","https://x.com/undefined/status/2048056680429330535","870685641490653186",
"2048056618735337556","Sat Apr 25 15:08:43 +0000 2026","0","Ini uang beneran HANYA untuk zoom kah","2048056618735337556","","","in","","0","0","0","https://x.com/undefined/status/2048056618735337556","1101850058893348865",
"2048056609155477983","Sat Apr 25 15:08:41 +0000 2026","0","Masyarakat indonesia itu ga akan gerak sebelum lapar. Tahun 65 massa gampang di mobilisasi ya karena pada laper hyperinflasi 600%. Tahun 98 juga massa gampang di mobilisasi ya karena laper juga deapresiasi mata uang signifikan tapa diikuti kenaikan gaji dri brp taun.","2048056609155477983","","","in","","0","1","0","https://x.com/undefined/status/2048056609155477983","2009957716253650945",
"2048050086777860525","Sat Apr 25 15:08:23 +0000 2026","0","@wonyurang boleh tapi lu kudu kasih uang bulanan ke gue","2048056535914562032","","wonyurang","in","","0","1","0","https://x.com/undefined/status/2048056535914562032","2001201680281743360",
"2048047485177020628","Sat Apr 25 15:08:03 +0000 2026","0","@linxxxc_ Aku juga suka uang","2048056451814621585","","linxxxc_","in","","0","1","0","https://x.com/undefined/status/2048056451814621585","1084942119607783424",
"2048049008065790185","Sat Apr 25 15:07:48 +0000 2026","1","@httpzii uang aku sisa 25rb zi km berapa","2048056385670451474","","httpzii","in","","0","1","0","https://x.com/undefined/status/2048056385670451474","1115429031975849984",
"2048056373049717207","Sat Apr 25 15:07:45 +0000 2026","0","Rejeki ga selalu tentang uang dapet tawaran kerjaan disaat kemarinnya pusing mikirin gimana bulan depan bayar utang itu termasuk rejekii ","2048056373049717207","","","in","","0","0","0","https://x.com/undefined/status/2048056373049717207","289334046",
"2047807643910382021","Sat Apr 25 15:07:07 +0000 2026","0","@mediterariaa_ Masyarakat indonesia itu ga akan gerak sebelum lapar. Tahun 65 massa gampang di mobilisasi ya karena pada laper hyperinflasi 600%. Tahun 98 juga massa gampang di mobilisasi ya karena laper juga deapresiasi mata uang signifikan tapa diikuti kenaikan gaji dri brp taun.","2048056214244982845","","mediterariaa_","in","","0","1","0","https://x.com/undefined/status/2048056214244982845","2009957716253650945",
"2048009059937435686","Sat Apr 25 15:06:30 +0000 2026","0","@_xyztzy_ yang penting ada uang","2048056058338574547","","_xyztzy_","in","","0","0","0","https://x.com/undefined/status/2048056058338574547","1952915383",
"2048056002797588494","Sat Apr 25 15:06:16 +0000 2026","0","Duh jaman di bhwr banget inimah tapi klo uang lebih milihnya krushers","2048056002797588494","","","in","","0","0","0","https://x.com/undefined/status/2048056002797588494","1139188680063504384",
"2048055765798396009","Sat Apr 25 15:05:20 +0000 2026","0","uang 10 milyar","2048055765798396009","","","in","","0","0","0","https://x.com/undefined/status/2048055765798396009","2047888406479503360",
"2048055666821214615","Sat Apr 25 15:04:56 +0000 2026","0","Masih ga nyangka bentar lagi jaehyun pulang dar uang awal nya nangisin dia seharian sekarang ga berhenti senyum ","2048055666821214615","","","in","","0","0","0","https://x.com/undefined/status/2048055666821214615","1951562867251224579",
"2048023382550253644","Sat Apr 25 15:04:56 +0000 2026","2","@sardo_afred @aniesbaswedan Tebakan gue karna program MBG yg sangat memakan uang banyak terus sektor lain kena efisiensi sehingga di sektor pendidikan tercetus ide pembatasan kuota PTN tapi mungkin setelah beberapa pertimbangan akhirnya malah milih buat ngilangin prodi yg ga relevan","2048055666653483247","","sardo_afred","in","","0","0","0","https://x.com/undefined/status/2048055666653483247","2024144239735779328",
"2048051082413453555","Sat Apr 25 15:04:54 +0000 2026","0","Yoshio membayar tiket masuk dengan ekspresi seperti menyerahkan bagian jiwa. Penjaga gerbang tersenyum ramah sedangkan ia menahan diri agar tidak menoleh ke arah uang yang pergi.","2048055658948563131","","Guratsastra","in","","0","1","0","https://x.com/undefined/status/2048055658948563131","2307834121",
"2048055625423433926","Sat Apr 25 15:04:46 +0000 2026","0","Wkwkwk dia itu lagi menyapa uang-uangnya ","2048055625423433926","","","in","","0","0","0","https://x.com/undefined/status/2048055625423433926","1339939540568403968",
"2048051082413453555","Sat Apr 25 15:04:44 +0000 2026","0","Ia turun sambil menghitung sisa uang receh di saku. Hasilnya menyedihkan. Seandainya koin bisa berkembang biak hidup akan jauh lebih damai gumamnya sendiri.","2048055614052688381","","Guratsastra","in","","0","1","0","https://x.com/undefined/status/2048055614052688381","2307834121",
"2048055607740244071","Sat Apr 25 15:04:42 +0000 2026","0","kl ches openg neekhi openg dan cf mati aja aku uang ku sisa brp anjeng :Vvv","2048055607740244071","","","in","","0","1","0","https://x.com/undefined/status/2048055607740244071","1148846922",
"2047894659423150175","Sat Apr 25 15:03:49 +0000 2026","0","@tanyarlfes ngga der knp malu kan beli sendiri pk uang sendiri toh bkn maling wkwk","2048055385542808039","","tanyarlfes","in","","0","0","0","https://x.com/undefined/status/2048055385542808039","1699343094574108672",
"2047778230195880022","Sat Apr 25 15:03:36 +0000 2026","0","@brokenbitchisme *first salary * kan katanya anting2 dipasang nya pas mereka pertama kali sex di hotel kira2 siapa yang beliin. Apa jangan2 tj yang diem2 beli dari uang pertandingan mma mau dikasih ke ian pas selesai rehab atau malah ian yang pas rehab malah kepikiran buat ngasih anting ke tj","2048055330500981144","","brokenbitchisme","in","","0","0","0","https://x.com/undefined/status/2048055330500981144","1043364664241881089",
"2048054037657051307","Sat Apr 25 15:03:23 +0000 2026","0","@cearries Ngapain? Simpen aja uang mungil kamu itu","2048055278000800196","","cearries","in","","3","0","0","https://x.com/undefined/status/2048055278000800196","925403604743110657",
"2047885930611270126","Sat Apr 25 15:03:04 +0000 2026","0","@oren2000x @LambeSahamjja Semua mata uang pasti kena inflasi tp seengaknya dibanding mata uang kita nilai tukarnya lbh kuat.","2048055196199387463","","oren2000x","in","","0","0","0","https://x.com/undefined/status/2048055196199387463","1214351016876900352",
"2048055130973692045","Sat Apr 25 15:02:48 +0000 2026","0","Mana utang ga di bayar bayar kan guwehh minta uang guweh sndri","2048055130973692045","","","in","","0","0","0","https://x.com/undefined/status/2048055130973692045","1915223222515376128",
"2048055094059667722","Sat Apr 25 15:02:40 +0000 2026","0","uang 10jt+ effort waktu yg terbuang sia-sia banyak lah tolol nya sampe muak //","2048055094059667722","","","in","","0","0","0","https://x.com/undefined/status/2048055094059667722","970263232899203072",
"2048049417241207096","Sat Apr 25 15:02:08 +0000 2026","0","@VeilOfChamber T6. 25/25 Baubillious! 25/20 (-11HP) aku ga terlalu banyak berharap buat hubungan kita aku cuman mau kalo suatu saat kita udah saling sukses kita ga saling ninggalin. aku cuma takut saat kamu udah sukses kamu banyak uang kamu lupa aku hehe..","2048054961486049723","","VeilOfChamber","in","","1","1","0","https://x.com/undefined/status/2048054961486049723","2031711927894945792",
"2048054887620198882","Sat Apr 25 15:01:50 +0000 2026","0","loker fulltime tp gajinya lebih kecil dari gaji intern. istigfar elu kalo belum ada uang buat gaji karyawan diem dah kerjain aja sendiri 1jt itu dapet capek doang","2048054887620198882","","","in","","0","0","0","https://x.com/undefined/status/2048054887620198882","1628958751180095489",
"2047989168392053075","Sat Apr 25 15:01:45 +0000 2026","0","@RecehinAjaid uang sisa 20k beras ga ada makan ga ada kuota sekarat. 20k beli bensin ngojek seharian pulang bawa 150k Alhamdulillah .. intinya jalan aja dulu jangan takut ga bisa makan selagi ada allah","2048054863792422996","","RecehinAjaid","in","","0","0","0","https://x.com/undefined/status/2048054863792422996","1965032134231642112",
"2048054840190972387","Sat Apr 25 15:01:39 +0000 2026","0","iya kali perang ( invasi ) kenegara lain lewat laut bawa mata uang gulden dan emas kepingan Perang macam apa itu? CC @POTUS","2048054840190972387","","","in","","0","0","0","https://x.com/undefined/status/2048054840190972387","153293682",
"2047315053519720542","Sat Apr 25 15:01:33 +0000 2026","0","@subngho biar ngga bayar uang pangkal kocak alias lulus utbk.","2048054814337351848","","subngho","in","","0","0","0","https://x.com/undefined/status/2048054814337351848","1584970328534487040",
"2048054765184340254","Sat Apr 25 15:01:21 +0000 2026","0"," OPEN PO MERCH WORLD TOUR BLOOD SAGA ENHYPEN ‼️ Close sold out web *Note* _Untuk barang textile akan di bawa Handcarry di bulan Mei_ EMS TAX DP Berat &amp; Rate naik harga naik sebaliknya Cansel uang hangus hnr blacklist Admin Packing Jakbar https://t.co/2X4ru0jz8A","2048054765184340254","https://pbs.twimg.com/media/HGwm82xbEAA-z7D.jpg","","in","","2","0","0","https://x.com/undefined/status/2048054765184340254","1433047397869838336",
"2048054751439556999","Sat Apr 25 15:01:18 +0000 2026","0","semua dilakukan tapi bikin mata uang rupiah jadi stabil gk bisa","2048054751439556999","","","in","","0","0","0","https://x.com/undefined/status/2048054751439556999","1148846922",
"2047885930611270126","Sat Apr 25 15:00:16 +0000 2026","0","@renzennie @LambeSahamjja Semuanya pasti akan ATH krn patokan itungan dasarnya ttp ada komponen USD nya jd kalo USD naik trhadap IDR pasti mata uang lain akan ketarik naik jg. Tp pqlibg ga ttp masu lbh murah dibanding USD lgsung si cari mara uang yg prospek negaranya bajal maju trs kek CNY/SGD.","2048054492969730252","","renzennie","in","","0","0","0","https://x.com/undefined/status/2048054492969730252","1214351016876900352",
"2048054037657051307","Sat Apr 25 15:00:09 +0000 2026","0","@bixllion 4010 . Siapp menerima uang papihh","2048054460669480983","","bixllion","in","","0","1","0","https://x.com/undefined/status/2048054460669480983","1990600203356041216",
"2048054452771602587","Sat Apr 25 15:00:07 +0000 2026","0","aduh dokter nita banyak ya yang single parent juga harus kerja cari uang dan disamping itu harus menghidupi anaknya ga sempat punya waktu buat asuh anak. jadi dokter itu harus ada empati dong dok yang gaboleh mah simpati","2048054452771602587","","","in","","0","0","0","https://x.com/undefined/status/2048054452771602587","2035353063243042816",
"2048054452406624321","Sat Apr 25 15:00:07 +0000 2026","0","yaAllah plis uang 100 M dan bisa refill","2048054452406624321","","","in","","0","0","0","https://x.com/undefined/status/2048054452406624321","1465688989273190411",
"2047307794853003349","Sat Apr 25 15:00:00 +0000 2026","0","@carmennitaa Balikin lagi uang imut kamu dd.. Minta uangnya ke mama papa..","2048054424988532757","","carmennitaa","in","","0","1","0","https://x.com/undefined/status/2048054424988532757","573284404",
"2047878504025632996","Sat Apr 25 14:59:48 +0000 2026","1","@vicko_twitt 4.ibu2 harus memberikan uang jajan -&gt; terus kalau lu nerima mbg semua orang bahagia gitu lu kira mbg dari langit persembahan dari tuhan buat yesus yg ada orang2 yg sekarat dibawah itu yg kena dampaknya lu jadi manusia berada bersyukur deh","2048054375327916189","","UNDERGUARDHAL","in","","0","0","0","https://x.com/undefined/status/2048054375327916189","1815180038503100416",
"2048054340376740024","Sat Apr 25 14:59:40 +0000 2026","1","malam semuaa! info bagi yang butuh uang receh tapi ngerjainnya relatif santai ini ada slot freelance. jobnya cuma review tempat di gmaps fee nya 1 5k/ akun kalau berminat bisa dm yaa!! #zonauang","2048054340376740024","","","in","","0","2","0","https://x.com/undefined/status/2048054340376740024","1253566773334433792",
"2047627157007135172","Sat Apr 25 14:59:33 +0000 2026","0","@reveriegarcon ‍‍semoga aku bisa nyusulll mw beli iphone pake hasil uang sendiri...","2048054313176690911","","reveriegarcon","in","","0","1","0","https://x.com/undefined/status/2048054313176690911","1915951728874426369",
"2048054141533212779","Sat Apr 25 14:58:53 +0000 2026","0","Ngeles berat. Dalil saja diomongin dan diingat. Giliran uang berlagak lupa. ","2048054141533212779","","","in","","0","0","0","https://x.com/undefined/status/2048054141533212779","97472686",
"2048054117927669918","Sat Apr 25 14:58:47 +0000 2026","0","punya cash kagak bisa dipake anjirdah kemana mana cuman nerima uang pas/qris apadeh","2048054117927669918","","","in","","0","0","0","https://x.com/undefined/status/2048054117927669918","1477833994494365696",
"2048054066618703908","Sat Apr 25 14:58:35 +0000 2026","0","Uang sudah mulai ku tabung main sudah ku kurangi in syaa allah bulan depan bulan mei","2048054066618703908","","","in","","0","0","0","https://x.com/undefined/status/2048054066618703908","2048045070037954560",
"2048054037657051307","Sat Apr 25 14:58:28 +0000 2026","0","Lagi pengen hambur-hamburin uang","2048054037657051307","","","in","","0","5","0","https://x.com/undefined/status/2048054037657051307","925403604743110657",
"2048054012474507757","Sat Apr 25 14:58:22 +0000 2026","0","Gw benci klo ditanya mau apa giliran udh beli tbtb ngeluh uang ke gw?? maksud nya tuh apah njim","2048054012474507757","","","in","","0","0","0","https://x.com/undefined/status/2048054012474507757","1961693403684671489",
"2048053959676567697","Sat Apr 25 14:58:09 +0000 2026","0","Gubernur Kalimantan Timur (Kaltim) Rudy Masud merasa dirinya kasihan menyetir mobil sendirian sehingga membuat anggaran kursi pijat pakai uang negara sebesar RP 125 juta. Ikuti https://t.co/3Mc1B25h39 untuk informasi menarik lainnya https://t.co/kPFSwZa6lS","2048053959676567697","https://pbs.twimg.com/media/HGwmHJNa8AAkwh5.jpg","","in","","0","0","0","https://x.com/undefined/status/2048053959676567697","1886311304702681088",
"2048053813324726460","Sat Apr 25 14:57:34 +0000 2026","0","pgn ktmu cwo ku tpii cwo ku gamau ktmu krna tgl tua gajian dia blm turun paling turun tgl 30an or 29 tpi ku twrin pke uang ku malah dia gamau:((","2048053813324726460","","","in","","0","0","0","https://x.com/undefined/status/2048053813324726460","1593551638027202561",
"2048053603940884555","Sat Apr 25 14:56:44 +0000 2026","8","Kalo mental maling ya maling ajah namanya maling kerjaannya emang cari celah gmn caranya nggarong uang rakyat. Dan Jangan ngangkat isu koruptor ama ani2 itu kan modus pencucian uang bkn sekedar urusan selangkangan !! https://t.co/aug0PWXHCH","2048053603940884555","https://pbs.twimg.com/media/HGwl5k4bIAAzzjl.jpg","","in","","0","5","4","https://x.com/undefined/status/2048053603940884555","1577486519773765632",
"2047741981733052574","Sat Apr 25 14:56:26 +0000 2026","0","@cupchake Mending you minta ganti uang buat pan nya trus pindah kos vibes nya jelek bgt","2048053528430870647","","cupchake","in","","0","0","0","https://x.com/undefined/status/2048053528430870647","1415546303342288896",
"2048053472927617121","Sat Apr 25 14:56:13 +0000 2026","1","Kalo adek mau jadi punya kakak uang rokok kakak buat beli skincare adek. https://t.co/SmFseZaZHB","2048053472927617121","https://pbs.twimg.com/media/HGwlx7KbkAAND5F.jpg","","in","","0","2","0","https://x.com/undefined/status/2048053472927617121","2008174136045244417",
"2047901953284612321","Sat Apr 25 14:56:00 +0000 2026","0","@damnanddumb @LambeSahamjja Apapun demi uang receh dari elon musk","2048053417697014172","","damnanddumb","in","","0","0","0","https://x.com/undefined/status/2048053417697014172","2036819086446133249",
"2048007407448826298","Sat Apr 25 14:55:40 +0000 2026","0","@NenkMonica Ustadz juga manusia biasa berbohong juga kalo uang 10 ribu itu percaya uang dari mana dari bunga bank misal? La ini 8 4 milyar loh berarti uangmu puluhan triliun tad?","2048053335534829855","","NenkMonica","in","","0","0","0","https://x.com/undefined/status/2048053335534829855","1575395106802216960",
"2048053184753488204","Sat Apr 25 14:55:04 +0000 2026","6"," aku di blokir cewekku tanpa alasan jelas. terakhir chat tuh malam Jumat dia bilang Sabtu Minggu ada proker. terus aku kasih sejumlah uang buat dia jajan terus aku nanya ke ibu nya kenapa aku di blokir kata ibu nya mungkin anaknya lagi jenuh lagi ga mau di ganggu","2048053184753488204","","","in","","0","18","0","https://x.com/undefined/status/2048053184753488204","1371650588",
"2047284376338379123","Sat Apr 25 14:54:59 +0000 2026","0","@sofvyn Karena maljum lagi cari uang malming buat habisin uang","2048053163526418741","","sofvyn","in","","0","0","0","https://x.com/undefined/status/2048053163526418741","2748903608",
"2047716833088696631","Sat Apr 25 14:54:50 +0000 2026","1","@yappingfess Run bro..... Hidup itu pilihan. Dia saja bisa memilih untuk menanamkan benih mantannya. Sedangkan you?? Akan rusak mental dan jiwa seumur hidup....dan yang pasti menghancurkan karir dll... Focus perbanyak uang dan upgrade.. Ingat pria mapan lebih disukai wanita. https://t.co/CXNuCPvVIk","2048053124703957475","https://pbs.twimg.com/media/HGwldrEbQAEV1vg.jpg","yappingfess","in","","0","0","0","https://x.com/undefined/status/2048053124703957475","1561042522033438721",
"2047912669643149544","Sat Apr 25 14:54:32 +0000 2026","0","@fafiandr @Rino_elfoxx yaampun uang makanku 2 minggu inimah ","2048053047872598100","","fafiandr","in","","0","0","0","https://x.com/undefined/status/2048053047872598100","725508172031512577",
"2048053030336246022","Sat Apr 25 14:54:28 +0000 2026","0","kopi 2d homo uang game ","2048053030336246022","","","in","","0","0","0","https://x.com/undefined/status/2048053030336246022","1244983212079599620",
"2048053002133766276","Sat Apr 25 14:54:21 +0000 2026","0","Kok pacarnnya tahan ya Memang kekuatan uang maha dahsyat","2048053002133766276","","","in","","0","0","0","https://x.com/undefined/status/2048053002133766276","1327796060656340994",
"2048052949512061283","Sat Apr 25 14:54:08 +0000 2026","0","Kak maaf bgt lihat dirimu sendiri deh banyak kekurangannya coba kalau di call out harshly sama orang lain gaenak kan? Makanya walau aku tahu km lagi cari uang kata2nya dijaga kalau caranya baik uang yg datang juga pasti baik kok.","2048052949512061283","","","in","","0","0","0","https://x.com/undefined/status/2048052949512061283","936861885365829632",
"2047862627666444514","Sat Apr 25 14:49:44 +0000 2026","0","@AldhitamaR Kalo didaerah pedesaan masih banyak yg bakar sampah begitu karna masih banyak lahan kosong cuma kalo udah tinggal dikomplek apalagi rumahnya terbilang mewah memang goblok aja yg punya rumah apa gunanya uang iuran sampah bulanan. https://t.co/c8iYCzq092","2048051842912043393","https://pbs.twimg.com/tweet_video_thumb/HGwkSicbsAAl_z2.jpg","AldhitamaR","in","","0","0","0","https://x.com/undefined/status/2048051842912043393","2855776392",
"2048051834775122260","Sat Apr 25 14:49:43 +0000 2026","1"," JUST IN: Odds Trump bakal buka blokir aset Iran jeblok ke 14%. Artinya apa? Pasar udah mulai sadar janji politik itu sering cuma umpan busuk buat nenangin massa. Di depan kamera ngomong damai di belakang layar ngerem semua jalur uang. Itulah wajah asli kekuasaan: senyum di https://t.co/Ejrrjpsa1w","2048051834775122260","https://pbs.twimg.com/media/HGwkRy4bsAEWZfn.jpg","","in","","0","0","0","https://x.com/undefined/status/2048051834775122260","1392509361549811712",
"2048051775350161789","Sat Apr 25 14:49:28 +0000 2026","2","Izin flexing tapi bukan uang atau harta https://t.co/fc7Cf77LgL","2048051775350161789","https://pbs.twimg.com/media/HGwkO0HbgAAXOu4.jpg","","in","","0","1","0","https://x.com/undefined/status/2048051775350161789","1088810501797163008",
"2048050135419310176","Sat Apr 25 14:49:26 +0000 2026","0","@StickWithJohan Kalau kangen dapat uang ga?","2048051764390436876","","StickWithJohan","in","","0","0","0","https://x.com/undefined/status/2048051764390436876","2017006999947661312",
"2047843051700187490","Sat Apr 25 14:49:15 +0000 2026","1","@tanyarlfes Apapun momennya aku lebih suka kasih hadiah berupa uang. Mau disimpan dibelikan makanan kesukaan atau barang yang dibutuhkan biar penerima yang memutuskan.","2048051718924243269","","tanyarlfes","in","","0","0","0","https://x.com/undefined/status/2048051718924243269","1234752074526547968",
"2047871821513634019","Sat Apr 25 14:49:14 +0000 2026","0","@caterissparibus Eh taunya gaji sebulan 1jt gada mess dan gdpt makan/uang transportasi. Belum lagi potongan","2048051716021751996","","caterissparibus","in","","0","0","0","https://x.com/undefined/status/2048051716021751996","1903735538341068801",
"2048051638821335085","Sat Apr 25 14:48:56 +0000 2026","0"," Himbara digoyang isu MBG sampai OJK turun tangan? Kalau dana nasabah aman kenapa sampai ada ajakan tarik massal yang viral begini? Bau-baunya ada yang nggak beres. Masih berani simpan uang di sana atau mending amankan sekarang? #Himbara #OJK #Ekonomi ((Malming Dirumah)) https://t.co/0Qu0V8iilH","2048051638821335085","https://pbs.twimg.com/media/HGwkG6taAAAdg2J.jpg","","in","","0","0","0","https://x.com/undefined/status/2048051638821335085","1244292531090624512",
"2048051512728064344","Sat Apr 25 14:48:26 +0000 2026","0","Sekarang ini kalian milih nyimpen uang di e-wallet atau uang cash ?","2048051512728064344","","","in","","0","0","0","https://x.com/undefined/status/2048051512728064344","1614827939601985542",
"2048051509854945329","Sat Apr 25 14:48:25 +0000 2026","0","kerasa april lama bgt uang gue udah habis tak bersisa","2048051509854945329","","","in","","0","2","0","https://x.com/undefined/status/2048051509854945329","1934490448145580032",
"2047963833025847468","Sat Apr 25 14:47:40 +0000 2026","2","@ARSIPAJA Inget wajah bos BGN aja udah ga sudi apalagi nanti uang hasil meres keringat diambil buat beli kaos kaki","2048051321505534313","","ARSIPAJA","in","","0","0","0","https://x.com/undefined/status/2048051321505534313","1603733107982897152",
"2047612292788039930","Sat Apr 25 14:47:37 +0000 2026","0","@_daisydayana @Lzxxd23 @PJM_ID Lu bawa balik ni warga malaydesh yg ramai datang ke indo curi uang atm selundup dadah curi kayu rampok perhiasan dll https://t.co/R0Rv34J3uf","2048051306628325465","https://pbs.twimg.com/media/HGwjzTGbkAAOSnh.jpg","_daisydayana","in","","1","4","0","https://x.com/undefined/status/2048051306628325465","1754128523877658624",
"2048018989495033893","Sat Apr 25 14:47:33 +0000 2026","0","@dondascoz kalo udah kaya banget biasanya ada tekanan untuk nambah uang terus kalo uangnya berkurang atau anak cucunya jadi lebih miskin bikin gelisah itu yang terjadi sama petinggi2 negara ini kebanyakan duit dan aset juga bikin gak tenang karena orang usil pasti ada aja.","2048051293152035137","","dondascoz","in","","0","0","0","https://x.com/undefined/status/2048051293152035137","1060401853052084225",
"2048051205692412132","Sat Apr 25 14:47:13 +0000 2026","0","GUYSS yang mau join freelance atau butuh uang tambahan buat jajan? bisa dm atau hubungi nomor dibawah yhh ️‼️ #zonauang #infoloker #zonajajan #freelance https://t.co/mZuOZevWeW","2048051205692412132","https://pbs.twimg.com/media/HGwjtYCbEAA5m7p.jpg","","in","","0","0","0","https://x.com/undefined/status/2048051205692412132","1964159634065018880",
"2047310156460159199","Sat Apr 25 14:46:42 +0000 2026","0","@_aurellieee @linebankid Iyalah?? Kalo lebih dari 120 hari gabisa di usut lagi kah kak?? jujur sayang bgt uang kita","2048051077300547633","","_aurellieee","in","","0","0","0","https://x.com/undefined/status/2048051077300547633","535047763",
"2048051062565961905","Sat Apr 25 14:46:38 +0000 2026","1"," JUST IN: Odds Trump bakal buka blokir aset Iran jeblok ke 14%. Artinya apa? Pasar udah mulai sadar janji politik itu sering cuma umpan busuk buat nenangin massa. Di depan kamera ngomong damai di belakang layar ngerem semua jalur uang. Itulah wajah asli kekuasaan: senyum di https://t.co/N0UaRhwW95","2048051062565961905","https://pbs.twimg.com/media/HGwjljBaUAA4Kn7.jpg","","in","","0","0","0","https://x.com/undefined/status/2048051062565961905","1392509361549811712",
"2047913685788836145","Sat Apr 25 14:46:32 +0000 2026","0","@WidiaIndri15303 klo uang kana sudah banyak seperti daun kana gas membeli 10","2048051034044747778","","WidiaIndri15303","in","","0","1","0","https://x.com/undefined/status/2048051034044747778","2026207182505816064",
"2047897436518051980","Sat Apr 25 14:46:07 +0000 2026","0","@naive_stupid Apakah Dean tidak punya uang satu sen pun untuk cari penginapan murah satu atau dua malam sampai harus menangis di halte...","2048050930176967008","","naive_stupid","in","","0","1","0","https://x.com/undefined/status/2048050930176967008","2396040210",
"2048020449700032902","Sat Apr 25 14:45:49 +0000 2026","1","@tempodotco org-org ini bisa dicepetin nggak sih kena azabnya? ya Allah capek bgt lihat uang dihambur-hamburin buat hal yg gk berguna","2048050857120547035","","tempodotco","in","","0","0","0","https://x.com/undefined/status/2048050857120547035","1775840472898166784",
"2047898832990855660","Sat Apr 25 14:45:33 +0000 2026","0","@empty__core Makan uang rakyat","2048050788715642912","","empty__core","in","","0","0","0","https://x.com/undefined/status/2048050788715642912","1575821812231196672",
"2046463592036491464","Sat Apr 25 14:45:31 +0000 2026","0","@keohho @hi uyyy dd keohho! kita ketemu lagi di sini ternyata &gt;__&lt; taoi untuk bayarin belanjaanku ga dulu yah kota bayar masing masing aja ^__^ next kalo udah dapet uang jajan dihemat hemat yaah. jangan langsung dibeliin ip 17 promek 2 tb cash aracci?","2048050778070503662","","keohho","in","","0","0","0","https://x.com/undefined/status/2048050778070503662","1428401884717412354",
"2048031208626442634","Sat Apr 25 14:45:22 +0000 2026","0","@yappingfess Ayahku kesehatan air listrik uang","2048050743077421199","","yappingfess","in","","0","0","0","https://x.com/undefined/status/2048050743077421199","1971631912654610432",
"2048050741735252163","Sat Apr 25 14:45:22 +0000 2026","0","lagi pusing ga punya uang tiba2 ini lewat gak mungkin kebetulan kan? Apakah ini petunjuk ? https://t.co/0ZUX2Bqtnf","2048050741735252163","https://pbs.twimg.com/ext_tw_video_thumb/2048050257356054528/pu/img/zE6W6kAd-1sKGmwV.jpg","","in","","0","0","0","https://x.com/undefined/status/2048050741735252163","1505401327282946053",
"2048007407448826298","Sat Apr 25 14:45:13 +0000 2026","0","@NenkMonica Terus kalau tdk dihubungi kpk uang ga jelas jd uang halal gitu?","2048050705332924648","","NenkMonica","in","","0","0","0","https://x.com/undefined/status/2048050705332924648","1284668803012419584",
"2048050630305140904","Sat Apr 25 14:44:55 +0000 2026","14","/cs Guys jajan merch semampunya aja yaa jangan sampai nyuri uang orang tua cuma buat beli merch. Be aware juga buat own go skz karena anaknya masih aktif coret/beli merch https://t.co/gMvR5OKprp","2048050630305140904","","","in","","0","0","0","https://x.com/undefined/status/2048050630305140904","3262577976",
"2048022719825063965","Sat Apr 25 14:44:51 +0000 2026","0","@flnive_ Kangen uang w yg udh kepake","2048050611384680551","","flnive_","in","","0","0","0","https://x.com/undefined/status/2048050611384680551","1084942119607783424",
"2048050569592606961","Sat Apr 25 14:44:41 +0000 2026","0","Pengen punya hobi baru ngapain yaa? Makin tua baru nyadar ternyata hobi tuh mahal banget. Butuh waktu &amp; uang. Bersyukurlah kalian yang ortunya membiayai semua hobi mahal itu pas kecil ","2048050569592606961","","","in","","0","1","0","https://x.com/undefined/status/2048050569592606961","1784939006889009153",
"2046567185628487715","Sat Apr 25 14:44:40 +0000 2026","0","@Wonbsn jangan lupa bayar uang keamanan","2048050566811808096","","Wonbsn","in","","0","0","0","https://x.com/undefined/status/2048050566811808096","1310884477241942018",
"2047963873458762116","Sat Apr 25 14:44:12 +0000 2026","2","@tanyakanrl aku ga pake obligasi nder soalnya kadang merah jd pake pasar uang inii ijo terus selama 4 tahunan https://t.co/yHKwqexxgP","2048050446934425925","https://pbs.twimg.com/media/HGwjBsybsAE5EZ4.jpg","tanyakanrl","in","","0","0","0","https://x.com/undefined/status/2048050446934425925","1809223804025294848",
"2047671340363301011","Sat Apr 25 14:43:48 +0000 2026","0","@Anak__Ogi @msaid_didu Menyala uang pajak rakyat","2048050348687016136","","Anak__Ogi","in","","0","0","0","https://x.com/undefined/status/2048050348687016136","795070437042442240",
"2047994053963268139","Sat Apr 25 14:43:36 +0000 2026","0","@tanyakanrl lebih insecure gak punya uang sih jujurly","2048050299382968690","","tanyakanrl","in","","0","0","0","https://x.com/undefined/status/2048050299382968690","1021055355231408130",
"2047926571466690681","Sat Apr 25 14:43:21 +0000 2026","0","@thedufresne Kmren sempet diurut sama bude langganan kerumah dia cerita suaminya tukang bangunan di salah satu daerah ku dikabupatennya Pulang pulang tangan kosong padahal harpan lebaran bakal dapet uang Ternyta malah g dibayar sama sekali yg mpunya proyek kaburrr","2048050234270576725","","thedufresne","in","","0","0","0","https://x.com/undefined/status/2048050234270576725","113846797",
"2048050211877200307","Sat Apr 25 14:43:16 +0000 2026","0","[OPEN PO] ARIRANG X SELLKOR Avail: Rooted In Music Rooted In Korea 195k dp 80k EMS TAX DP Berat &amp; Rate naik harga naik sebaliknya Cansel uang hangus hnr blacklist Admin Packing Jakbar","2048050211877200307","","","in","","2","0","0","https://x.com/undefined/status/2048050211877200307","1433047397869838336",
"2047180688286502975","Sat Apr 25 14:43:03 +0000 2026","0","@rahapraga @Tryannosauruss ga kok waktu itu aku ga bawa duit. cuma dia yg buka conversation soal identitas aku. dia penasaran cara aku kalo main gimana rasanya gimana aku pancing mas nya mau nyoba? dia langsung pasrah. malah dia yg ngasih kontak + uang jajan.","2048050157485465910","","rahapraga","in","","0","0","0","https://x.com/undefined/status/2048050157485465910","1617856924829257728",
"2048001337649160698","Sat Apr 25 14:42:50 +0000 2026","0","@kforkinsley kalo buat mamah boleh ikutan gak yaa? tgl 2 april lalu mamah sama ayahku anniv tp aku blm punya uang buat beli gift hshs. oiya outletnya 2.4km dari rumaah","2048050103815111101","","kforkinsley","in","","0","0","0","https://x.com/undefined/status/2048050103815111101","1924801652143620099",
"2048050050182599041","Sat Apr 25 14:42:44 +0000 2026","0","Apa aja yg mesti dipelajarin era sekarang cara trading bahkan hal2 kayak cara check in di lounge hotel 5* ngajarin cara pake kamera hp biar lebih bagus pas take video ngajarin aku pake laptop. Wkwk Kan aku emg gaptek yaa. Punya laptop aja karna ada uang dari open++ di sini.","2048050078062088702","","1theianyx","in","","0","1","0","https://x.com/undefined/status/2048050078062088702","1980593427302739970",
"2048050050182599041","Sat Apr 25 14:42:37 +0000 2026","20","Unpopular opinion about alter ego.. Punteeenn newbie di sini. Gak kerasa udah beberapa tahun main alter yg awalnya dulu cuma buat nonton video++ malah 2 tahun terakhir jadi tempat aku nyari uang. Tapi aku gak akan bahas gimana aku nyari uang di sini karna bukan itu pointnya. https://t.co/SueKbjgZha","2048050050182599041","https://pbs.twimg.com/media/HGwiqqKa8AArbsL.jpg","","in","","0","3","12","https://x.com/undefined/status/2048050050182599041","1980593427302739970",
"2048049902211702805","Sat Apr 25 14:42:02 +0000 2026","0","Rupiah sempat tembus Rp17.300/USD Beberapa bulan lalu masih Rp16.000an Artinya? Kalau lu cuma simpan uang doang Lu semua lagi kehilangan value dari rupiah lu tiap hari. Inflasi didepan mata. Masih mau pegang cash terus?","2048049902211702805","","","in","","0","0","0","https://x.com/undefined/status/2048049902211702805","1847317215793893376",
"2047930895953518618","Sat Apr 25 14:42:01 +0000 2026","0","@salam4jari Dikira uang bapak moyang nya...","2048049897476411648","","salam4jari","in","","0","0","0","https://x.com/undefined/status/2048049897476411648","1832368502331863042",
"2047514795310768592","Sat Apr 25 14:41:57 +0000 2026","0","@ArdieSuhardi321 ya itu tadi uang mengatur negara termul juga gitu ada uang dia bergerak maju tak gentar membela yang bayar...","2048049883001872703","","ArdieSuhardi321","in","","0","0","0","https://x.com/undefined/status/2048049883001872703","2820168703",
"2048049881785483299","Sat Apr 25 14:41:57 +0000 2026","0","OKE KITA REKAP GEBRAKAN 2 hari ini sebelum pulang ke indon 1. Sepeda ketuker di sevel 2. di malam yang sama drama kunci apato dan kotak surat‍↕️ 3. Bayar uang jaminan 4 Man semoga balik ya allah 4. Tab ketinggalan 5. Macet saat ke bandara Fukuoka 6. Hp ketinggalan untung ktm","2048049881785483299","","","in","","0","1","0","https://x.com/undefined/status/2048049881785483299","1461464816283885570",
"2047860146899177571","Sat Apr 25 14:41:42 +0000 2026","0","@withfel gatau ya gmn tiap ngeluarin uang selalu bunyi kicaw ","2048049818598289529","","withfel","in","","0","1","0","https://x.com/undefined/status/2048049818598289529","1824798533884784640",
"2048048968433848519","Sat Apr 25 14:41:40 +0000 2026","0","selalu banyak masalah ga punya temen deket cuma kenal banyak orang ga pinter publik speaking belibet suara ga bisa keras gendut item selalu disalahin di keluarga ga punya uang bahkan mau beli baju ky org² aja mikir berkali kali ga pernah jsdi fav org","2048049809022693386","","jeonwnna","in","","0","1","0","https://x.com/undefined/status/2048049809022693386","1764438092340211712",
"2048014204011962846","Sat Apr 25 14:41:33 +0000 2026","0","@heyhyerissi 1. Gibahin si A 2. Gibahin si C 3. Gibahin si B 4. Inflasi uang 5. Pamer BA 6. Adu outfit terkece 7. Nostalgia OA 8. Menu makan hari ini 9. Review konsep OA 10. Kirim menfess 11. Asmara artis 12. Pocong di Depok 13. El Nino Godzilla 14. Cara tidak insomnia 15. Adu lagu debut Dst.","2048049782053368035","","heyhyerissi","in","","0","0","0","https://x.com/undefined/status/2048049782053368035","2676141295",
"2048049699555348681","Sat Apr 25 14:41:13 +0000 2026","0","REAL BANGET DAHHHHHHH rasanya jadi banyak takutnya mau spend uang sendiri pun takut padahal untuk kebutuhan juga KAYAK ya Allah sedih banget rasanya","2048049699555348681","","","in","","0","0","0","https://x.com/undefined/status/2048049699555348681","1619653917322665989",
"2047671340363301011","Sat Apr 25 14:40:36 +0000 2026","0","@Anak__Ogi Sayang Duta Kalah Keok Pilpres gak diatur di Inpres terima nasib aja cari uang sendiri ","2048049542596374965","","Anak__Ogi","in","","0","0","0","https://x.com/undefined/status/2048049542596374965","1976258490965667840",
"2047579885322006991","Sat Apr 25 14:40:26 +0000 2026","0","@featdinoc okeee nanti gue kinta uang ke pacarnya dd mueheheheh","2048049500766560641","","featdinoc","in","","0","0","0","https://x.com/undefined/status/2048049500766560641","1489093589988642817",
"2047849192127967740","Sat Apr 25 14:40:21 +0000 2026","0","@bangherwin Astaga uang iuran npjs serius utk gaji orang2 gak guna begini?","2048049480466055498","","bangherwin","in","","0","0","0","https://x.com/undefined/status/2048049480466055498","795070437042442240",
"2047972052435689875","Sat Apr 25 14:40:16 +0000 2026","0","@evermuoire Iya tuh. Yang itu suka pencitraan. Ya udah lah kalau gitu aku pake uang monopoli aja!","2048049459045781849","","evermuoire","in","","0","0","0","https://x.com/undefined/status/2048049459045781849","1824810095278223360",
"2047887173773652233","Sat Apr 25 14:40:11 +0000 2026","0","@stressedgurl1 Kak lain kali atuh ngomong dlu ke ibunya . Kalo mau minta uang nya ngomong aja bu minta uang dong sekian2 ","2048049437096996964","","stressedgurl1","in","","0","0","0","https://x.com/undefined/status/2048049437096996964","789887790662115328",
"2048048029744419301","Sat Apr 25 14:40:10 +0000 2026","0","Aku : Hadi ngen--- : Kubakar gerobaknya kalo jadi Tika kamu? Aku : Kupake jualan sih : Aku : Kan udah terlanjur dibuat biarlah jadi uang : Bener sih tapi *Perbedaan T dengan F* https://t.co/16Q52ysWH5","2048049431757697284","https://pbs.twimg.com/media/HGwiGcLbQAA-y6L.jpg","stowikisme","in","","0","0","0","https://x.com/undefined/status/2048049431757697284","1662705066409885697",
"2047964709673214250","Sat Apr 25 14:40:09 +0000 2026","0","@datuyulianto @yoona__info Background idol gen 2 rata miskin yg sampe miskin bgt kayak IU terus taemin dulu sampe pura pake headset krn gak punya uang beli music player. Eunhyuk tiap mau ke toilet harus numpang toilet stasiun. Cerita hidupnya sedih sedih","2048049430830682442","","datuyulianto","in","","0","0","0","https://x.com/undefined/status/2048049430830682442","571750303",
"2048030075963240537","Sat Apr 25 14:40:01 +0000 2026","0","@marsddeonghwa98 Pas muncul cuma mau minjem uang ","2048049396806512998","","marsddeonghwa98","in","","0","0","0","https://x.com/undefined/status/2048049396806512998","1322035916429430784",
"2048049375256174842","Sat Apr 25 14:39:56 +0000 2026","0","Hmmm akal akal biar uang negara raib kan","2048049375256174842","","","in","","0","0","0","https://x.com/undefined/status/2048049375256174842","958485181106569216",
"2048049320545685831","Sat Apr 25 14:39:43 +0000 2026","0","@BNICustomerCare Selamat Malam min Hari ini Sabtu 25 April 2026 jam 20.28 saya tarik tunai sejumlah Rp. 200.000 - tetapi uang tidak keluar dari mesin dan saldo terpotong itu gimana ya min?","2048049320545685831","","BNICustomerCare","in","","0","6","0","https://x.com/undefined/status/2048049320545685831","471109504",
"2048034774414238100","Sat Apr 25 14:39:33 +0000 2026","0","@Hanyuo0 iya lagi boros bgt kalo megang uang byk","2048049276580921712","","Hanyuo0","in","","0","1","0","https://x.com/undefined/status/2048049276580921712","1489587985603788800",
"2048049237808881664","Sat Apr 25 14:39:23 +0000 2026","0","Info freelance la wee buat bayar uang kos #gaymedan","2048049237808881664","","","in","","0","5","0","https://x.com/undefined/status/2048049237808881664","1490720932419170306",
"2048043299358093466","Sat Apr 25 14:39:00 +0000 2026","0","@keonhoize perbanyak uang aja ga sih in this economy ","2048049141792858120","","keonhoize","in","","0","0","0","https://x.com/undefined/status/2048049141792858120","1714121894",
"2048049141276885282","Sat Apr 25 14:39:00 +0000 2026","0","HALOO!! lagi pusingin tugas?? gue open joki buat ALL tugas sd smp sma #butuhuang #butuhduit joki kartul benerin kartul translator edit vidio. lagi BUTUH UANG &amp; lagi nganggur jadi fast respon. murah aja bayarnya sesama pelajarr. #jokitugas #zonauang #jokitugasmurah","2048049141276885282","","","in","","0","0","0","https://x.com/undefined/status/2048049141276885282","2048046799827693568",
"2047813812351586494","Sat Apr 25 14:38:33 +0000 2026","0","@MutiaaraSenja Gpp. Saling muts yg gk pinya uang","2048049024763318403","","MutiaaraSenja","in","","0","0","0","https://x.com/undefined/status/2048049024763318403","1714668601473699840",
"2048049008468521307","Sat Apr 25 14:38:29 +0000 2026","29","Minjemin uang ke teman itu ujian persahabatan paling realistis. Tutorial menolak minjemin uang dengan tetap tidak memutuskan tali silaturahmi https://t.co/966sc3xvu7","2048049008468521307","https://pbs.twimg.com/ext_tw_video_thumb/2048048934325805057/pu/img/ZDKrFWzfbzozvI_G.jpg","","in","","3","6","8","https://x.com/undefined/status/2048049008468521307","1251824880967774208",
"2048048988105122024","Sat Apr 25 14:38:24 +0000 2026","0","Haji dan Umroh pakai uang haram bisa alami peristiwa aneh-aneh disana loh? https://t.co/oGMVQrmkHz","2048048988105122024","","","in","","1","0","0","https://x.com/undefined/status/2048048988105122024","1902383775725838336",
"2048045517993885952","Sat Apr 25 14:38:21 +0000 2026","0","@_syahrulkai when yh bisa punya uang sebanyak dana mbg","2048048975039827977","","_syahrulkai","in","","0","1","0","https://x.com/undefined/status/2048048975039827977","361991295",
"2047803567625675064","Sat Apr 25 14:38:13 +0000 2026","0","@doelpaten Nyebar ketakutan trs buzzer Soros??... Hati hati guys LSM LSM yg di kasih uang sama Soros lagi tebar ketakutan di Indonesia.","2048048941317693637","","doelpaten","in","","0","0","0","https://x.com/undefined/status/2048048941317693637","1846075837927641089",
"2047627157007135172","Sat Apr 25 14:38:05 +0000 2026","0","@reveriegarcon manifesting mau ganti hp juga taun ini pake uang tabungan yg aku kumpulin dr hasil kerja kerasku sendiri","2048048908585320661","","reveriegarcon","in","","0","1","0","https://x.com/undefined/status/2048048908585320661","1079159226407108608",
"2048048504069824866","Sat Apr 25 14:37:56 +0000 2026","0","@akuciaaaaa jujur cari uang karena sambil jualan","2048048870324871659","","akuciaaaaa","in","","0","1","0","https://x.com/undefined/status/2048048870324871659","1086277736727859212",
"2048048779992182909","Sat Apr 25 14:37:34 +0000 2026","0","NGAPAIN MALU ANJJ YG PENTING BAWA AIR kdg ga rela fak ngeluarin uang buat sesuatu yang sebenarnya bisa di bawa dari rumah ya kaya air ini ","2048048779992182909","","","in","","0","0","0","https://x.com/undefined/status/2048048779992182909","1149589713038131200",
"2048048773503574400","Sat Apr 25 14:37:33 +0000 2026","0","Badan lemes terus padahal uang banyak. Pas di cek ke dokter katanya harus banyak makan sayur dan muah-muahan ;(","2048048773503574400","","","in","","0","0","0","https://x.com/undefined/status/2048048773503574400","1796041344370331648",
"2048048697272148091","Sat Apr 25 14:37:14 +0000 2026","0","Scam dimana Anjirr lah nyari uang tuh yang halal Aja napa ‍️ Yang jualan jdi susah dipercaya kita yg beli juga jadi parno Masuk ke jahanam ajj dah lu para penipu smoga lu pda berak paku payung","2048048697272148091","","","in","","0","0","0","https://x.com/undefined/status/2048048697272148091","1648965976074129409",
"2048048672282394639","Sat Apr 25 14:37:09 +0000 2026","0","#zona uang need netflix satu hari 3k bisa qris","2048048672282394639","","","in","","0","1","0","https://x.com/undefined/status/2048048672282394639","997775139210018817",
"2048048670331842743","Sat Apr 25 14:37:08 +0000 2026","0","rasanya masuk record store abis tuh duit gue (kl gue punya penghasilan) mungkin ini alasan Tuhan blm ngasih gue pekerjaan tp janji Tuhan gue akan bijak bgt dlm menggunakan uang","2048048670331842743","","","in","","0","0","0","https://x.com/undefined/status/2048048670331842743","1428524155071172610",
"2047905636772663751","Sat Apr 25 14:37:01 +0000 2026","0","@bangherwin Semua cuma proyek menghambur2kan uang yg sejatinya milik rakyat.","2048048639088714051","","bangherwin","in","","0","0","0","https://x.com/undefined/status/2048048639088714051","1603892013124177921",
"2044750069673693554","Sat Apr 25 14:36:59 +0000 2026","0","@Nikshimura uang hyung kan banyak.. beli satu dorm buat aku gak akan buat hyung bangkrut kok..","2048048631048274317","","Nikshimura","in","","0","0","0","https://x.com/undefined/status/2048048631048274317","2479190246",
"2048048574303457696","Sat Apr 25 14:36:45 +0000 2026","0","Jilka hajinya mabrur dan haji pakai uang halal hasil kerja keras itu rasanya beda kalau sekarang ada yang haji dan umroh pakai uang tidak halal loh? https://t.co/p6oq8Na4UG","2048048574303457696","","","in","","1","0","0","https://x.com/undefined/status/2048048574303457696","1902383775725838336",
"2047868425108963798","Sat Apr 25 14:36:42 +0000 2026","1","@LambeSahamjja Download stockbit/ipot/ajaib/bibit dll untuk investasi saham dan jadikan uang berkembang lebih banyak. Kalau memang belum bisa ilmunya belikan tanah lagi aja. Minimal uangmu tetap ada. Kalau berupa cash seperti itu uang 100 juta sebentar aja juga tergerus dan tidak ada rupa.. ","2048048560969781587","","LambeSahamjja","in","","0","0","0","https://x.com/undefined/status/2048048560969781587","1137796220603076608",
"2047975788507742515","Sat Apr 25 14:36:36 +0000 2026","1","@nurmannurakhmad dana haji uang rakyat di korupsi. yang korupsi ustads. haha... Yang satu koruptor yanh satu lagi hobo isap kontol sehingga dinakaman SPK. Syeikh Penikmat Kontol. Menjijikkan","2048048534776336439","","nurmannurakhmad","in","","0","0","0","https://x.com/undefined/status/2048048534776336439","1757481821133320192",
"2048046366472225204","Sat Apr 25 14:36:28 +0000 2026","0","@apalagijuni Ada sih uang mah tapi agak sayang ","2048048504212533349","","apalagijuni","in","","0","1","0","https://x.com/undefined/status/2048048504212533349","969608557",
"2048048480766304511","Sat Apr 25 14:36:24 +0000 2026","0","Yang kerja dari pagi sampai jam 10 malam. Tidak ada libur. Libur nasional pun tetap buka. Melihat kelakuan bosku setiap hari ambil uang di laci meja kasir buat jajan dirinya anaknya dan pacar mokondonya wkwkwk","2048048484058865944","","asriyara8","in","","0","0","0","https://x.com/undefined/status/2048048484058865944","1993350519109402624",
"2048048414357925981","Sat Apr 25 14:36:07 +0000 2026","0","YA Lord buruan bulan Juni biar gue bayar tuh uang pangkal kuliah. Biar gue ga berlagak gila mulu. Kudu diniatin kuliah lagi ","2048048414357925981","","","in","","0","0","0","https://x.com/undefined/status/2048048414357925981","1672246300165935105",
"2048040921942626396","Sat Apr 25 14:35:41 +0000 2026","0","@nyejuniee eh sumpah ini fanmerch mxtx keluar keluaran semua semoga capek kita di ganti dengan uang 10M","2048048304219660683","","nyejuniee","in","","0","1","0","https://x.com/undefined/status/2048048304219660683","1921734009035591680",
"2048048291150221758","Sat Apr 25 14:35:38 +0000 2026","0","juara satu dah ngabisin uang rakyat","2048048291150221758","","","in","","0","0","0","https://x.com/undefined/status/2048048291150221758","1387022583980126214",
"2047871821513634019","Sat Apr 25 14:35:27 +0000 2026","1","@horcruxsh @caterissparibus Ngarang bilang lumayan dapat info darimana? Sodara ky kerja di golden geisha utk lulusan SMA tanpa pengalaman probation aja udah d gaji 3jt tiap masuk dapat tambahan uang makan siang. Laundry langganan ku pegawainya d gaji 4jt loh dekat ISI.","2048048244513792461","","horcruxsh","in","","0","1","2","https://x.com/undefined/status/2048048244513792461","1844325358444871681",
"2048048230261498085","Sat Apr 25 14:35:23 +0000 2026","0","halo min @BNI pembayaran qris saya di @LazadaID via wondr gagal dan tertulis dana sudah dikembalikan tapi nyatanya uang belum masuk. tolong solusinya.","2048048230261498085","","","in","","0","7","0","https://x.com/undefined/status/2048048230261498085","1446323365946576898",
"2048048182769373630","Sat Apr 25 14:35:12 +0000 2026","0","Terimakasih kak @auliawonie189 uang jajan udah masuk Semoga rejekinya tambah banyak dan sehat selalu ya kak https://t.co/68b0zRfszn","2048048182769373630","https://pbs.twimg.com/media/HGwg9vpbMAAWMl3.jpg","","in","","0","0","0","https://x.com/undefined/status/2048048182769373630","1836195148931420160",
"2048043207918035173","Sat Apr 25 14:35:05 +0000 2026","0","@capemaububuaja bawa badan dan uang","2048048153791017412","","capemaububuaja","in","","0","0","0","https://x.com/undefined/status/2048048153791017412","1516613679730786304",
"2048048068227109103","Sat Apr 25 14:34:45 +0000 2026","0","kmren lg kepepet uang blm cair. cairin spaylater... bunganya doang 700rb agak nangis tp emng lg kepepet bgt tp alhamdulillah dh ketutup semua️ plis egk lg. semoga egk ada kepepet2 lg","2048048068227109103","","","in","","0","0","0","https://x.com/undefined/status/2048048068227109103","886192947493871616",
"2048048030960812482","Sat Apr 25 14:34:36 +0000 2026","0","bahkan kalah sama mamah muda yang baru belajar bikin mpasi :)))) kalah sama ibu ibu yang cuma belajar dari internet buat bikin mealprep beberapa minggu sekali. emang murni bodoh nggak ada otaknya mereka tuh. keburu kena parasit dari uang haram","2048048030960812482","","","in","","0","0","0","https://x.com/undefined/status/2048048030960812482","2029566753278443520",
"2047983233011491204","Sat Apr 25 14:34:34 +0000 2026","0","@MlleCamilleB_ Uang ya?","2048048024514166795","","MlleCamilleB_","in","","0","0","0","https://x.com/undefined/status/2048048024514166795","723966981913907200",
"2047992404985184452","Sat Apr 25 14:34:25 +0000 2026","0","@Oneonone1111 lucu banget bilang city tanpa uang ga bisa apa2. In modern football era ga punya duid ya emg susah buat bertahan. Bro look at ur club punya owner pelit ga mau keluar duid old trafford punya curug mau rutin tiap tahun ucl aja susah. Lo harus jujur that money matters in this era","2048047986211774707","","Oneonone1111","in","","0","1","0","https://x.com/undefined/status/2048047986211774707","321324894",
"2048004213616287960","Sat Apr 25 14:33:16 +0000 2026","0","@unrealvist Ga bawa uang cash haha","2048047696846659887","","unrealvist","tl","","0","0","0","https://x.com/undefined/status/2048047696846659887","831114098",
"2048024540379553883","Sat Apr 25 14:32:53 +0000 2026","7","@radenrauf F26 karena single jadi hobinya cari uang #LoveStory https://t.co/JBay5I1Fht","2048047602286162245","https://pbs.twimg.com/media/HGwgb9LaAAAX5Ct.jpg","radenrauf","in","","0","1","0","https://x.com/undefined/status/2048047602286162245","1207237874472472576",
"2048047519104688336","Sat Apr 25 14:32:34 +0000 2026","0","Menteri agama itu bayarannya amal jariyyah Pahala.. kalau ingin cari bayaran uang Ya berdagang jangan jadi Menteri agama. Mau kaga luh.? Kelakuan Ulama Akhir Zaman omongannya seenak jidatnya saja. https://t.co/K01kfRXBKt","2048047519104688336","https://pbs.twimg.com/media/HGwgXVfbkAAyIXH.jpg","","in","","0","0","0","https://x.com/undefined/status/2048047519104688336","1842704952206225408",
"2048047485177020628","Sat Apr 25 14:32:26 +0000 2026","41","aku tidak akan membuang waktuku untuk cemburu overthinking bersaing or membandingkan soalnya aku lebih suka ketenangan &amp; uang","2048047485177020628","","","in","","0","15","4","https://x.com/undefined/status/2048047485177020628","558289418",
"2048047463442133367","Sat Apr 25 14:32:20 +0000 2026","0","uang jajan gwee....","2048047463442133367","","","in","","0","0","0","https://x.com/undefined/status/2048047463442133367","1932114879852453888",
"2048047459126091838","Sat Apr 25 14:32:19 +0000 2026","0","hari ini menghabiskan uang bagaikan istri bos sawit","2048047459126091838","","","in","","0","0","0","https://x.com/undefined/status/2048047459126091838","2494200084",
"2048047316574323001","Sat Apr 25 14:31:45 +0000 2026","0","Smakin ku scroll tu shopee thai smakin ingin ak mnghabiskan uang untuk anabul","2048047316574323001","","","in","","0","0","0","https://x.com/undefined/status/2048047316574323001","1166162533817798656",
"2048047299880988965","Sat Apr 25 14:31:41 +0000 2026","0","Bahkan lembaran uang warna merah pun kalah cantik sama kamu. Merah menyala banget ini koko cindo mana ini.","2048047299880988965","","","in","","0","0","0","https://x.com/undefined/status/2048047299880988965","1622565938330734593",
"2048032154597355950","Sat Apr 25 14:31:28 +0000 2026","0","@i3sunrise nantideeeh kalo ada uang lg sekarang lg daring","2048047243551551962","","i3sunrise","in","","0","0","0","https://x.com/undefined/status/2048047243551551962","1629720809622368256",
"2048047242922381470","Sat Apr 25 14:31:28 +0000 2026","0","Sebagai manusia yang liat uang nganggur sedikit sudah kegatelan dg lihat nominalnya aja gua udah bisa bayangin gua bakal taruh investasi mana+bisa prediksi perkiraan returnnya dalam beberapa detik mikir. Pemerintah lihat duit segede ini kenapa sll gatelnya foya2 sih Gapaham gue","2048047242922381470","","","in","","0","0","0","https://x.com/undefined/status/2048047242922381470","1075992539293876224",
"2048042868036784565","Sat Apr 25 14:31:25 +0000 2026","5","@LambeSahamjja KDM bersama dengan salah satu menteri sok sok an ngasih uang sama Persib Padahal dari awal pun culture Persib itu jauh dari cawe2 pejabat Bobotoh murka jangan cari nama dan muka di Persib Kejadian di akhir musim lalu harusnya jdi pelajaran","2048047230482071732","","LambeSahamjja","in","","0","0","1","https://x.com/undefined/status/2048047230482071732","1390568423768215553",
"2047837865778757979","Sat Apr 25 14:31:18 +0000 2026","0","@PurpleLotusGCV Yang Jelas karena kita pejuang Mata Uang Global sedang di sisi Dunia banyak kejolak peperangan yang tak mau tahu perdamaian . Team Warriors GCV Jawa Barat 🇮🇩 Jenderal Lien ","2048047201566560327","","PurpleLotusGCV","in","","0","0","0","https://x.com/undefined/status/2048047201566560327","1734390897918480384",
"2047843343712002124","Sat Apr 25 14:30:53 +0000 2026","1","@Bambangmulyonoo @prabowo Ya bs. Karena mungkin pemerintah menerapkan pengecilan uang dari 100000 jd 10 rb. ","2048047098642526265","","Bambangmulyonoo","in","","0","0","0","https://x.com/undefined/status/2048047098642526265","1726265270539603968",
"2048019498264117287","Sat Apr 25 14:30:28 +0000 2026","0","@karirfess Betul dia kaya waktu dan ada uang juga","2048046992010719657","","karirfess","in","","0","0","0","https://x.com/undefined/status/2048046992010719657","101975177",
"2046274748230029430","Sat Apr 25 14:30:27 +0000 2026","0","@subseasora harganya bukan berupa uang tapi suatu pengorbanan alias lu mesti cari sendiri. https://t.co/sfDQcgYLTJ","2048046986289692964","https://pbs.twimg.com/media/HGwf333aQAI28t9.jpg","subseasora","in","","0","0","0","https://x.com/undefined/status/2048046986289692964","1782292475773861888",
"2048046979356426643","Sat Apr 25 14:30:25 +0000 2026","0","Motor listrik kaos kaki zoom. Ada aja akal-akalan mereka buat ngeruk uang negara","2048046979356426643","","","in","","0","1","0","https://x.com/undefined/status/2048046979356426643","493848662",
"2048046934737436755","Sat Apr 25 14:30:14 +0000 2026","0","padahal kata ibuku piring ini dlu harganya lumayan. malah kalau di desa-desa ini bisa digadein jirr /pax hajatan gt gadainya (dlu umumnya dipake hajatan). soalnya ibuku jg pernah minjemin uang tetangganya dikasih jaminan ni piringg 2 rantang ","2048046934737436755","","","in","","0","0","0","https://x.com/undefined/status/2048046934737436755","2880735774",
"2048046861983072400","Sat Apr 25 14:29:57 +0000 2026","0","oh berarti teman2ku yang punya dapur mbg sudah punya modal uang lebih dari 2M lah ya under 30 risssszzz","2048046861983072400","","","in","","0","1","0","https://x.com/undefined/status/2048046861983072400","107905429",
"2048033375706091755","Sat Apr 25 14:29:56 +0000 2026","0","@ScriptofGawon @ScriptofMinju @AwalnyaRangga Nanti Adiknya diomelin loh Kak?kalau uang jajanku berkurang gimana..","2048046859281998034","","ScriptofGawon","in","","0","0","0","https://x.com/undefined/status/2048046859281998034","3167517872",
"2048046701131538578","Sat Apr 25 14:29:30 +0000 2026","0","13/13 Ibn Khaldun di abad ke-21 bukan soal membaca ulang Muqaddimah. Ini soal satu pertanyaan keras untuk kita semua. Kita punya uang ratusan universitas ribuan lulusan luar negeri. Apa kita ini sedang membangun ekosistem atau apa yg sedang kita lakukan ini?","2048046750863343623","","Rafaniaff","in","","0","0","0","https://x.com/undefined/status/2048046750863343623","1739424526679904256",
"2047896169930694919","Sat Apr 25 14:29:26 +0000 2026","0","@LambeSahamjja Dan sampai saat ini program MBG mash berjalan dan orang pemilik SPPG itu tetap hidup enak dengan uang haram yg mereka terima. Miris","2048046731125047631","","LambeSahamjja","in","","0","0","0","https://x.com/undefined/status/2048046731125047631","1778980201659260928",
"2048046712519061714","Sat Apr 25 14:29:21 +0000 2026","0","hi world doain gua semoga beasiswa gua di acc in this economy beasiswa jadi last hope gua krn uang spp kalo di total bisa bikin ortu bangkrut jadi harus kejar beasiswa dari segala penjuru ","2048046712519061714","","","in","","0","0","0","https://x.com/undefined/status/2048046712519061714","1988257956773957632",
"2047946160690933853","Sat Apr 25 14:28:23 +0000 2026","0","@alisyarief @msaid_didu Orang Batak yg penting uang ga masalah belain yg salah tapi tidak semua","2048046467471057120","","alisyarief","in","","0","0","0","https://x.com/undefined/status/2048046467471057120","2036025704597585920",
"2048030561575350587","Sat Apr 25 14:28:04 +0000 2026","0","@tanyakanrl Buat makan ajaa. Album bisa beli kapan2 pas ada uang lebih","2048046387053654323","","tanyakanrl","in","","0","0","0","https://x.com/undefined/status/2048046387053654323","1363134102929432583",
"2048046281088700913","Sat Apr 25 14:27:38 +0000 2026","0","Perempuan yg dicintai dg serius terus dia bilang gini JELEK AMBIL UANGNYA AJA INGAT INI CARI UANG SUSAH SEKALI BAHKAN NYAWA TARUHANNYA. DAN INGAT INI engkau punya bapak laki2 mungkin adik/kakak laki2 mungkin akan punya anak laki2.","2048046281088700913","","","in","","0","0","0","https://x.com/undefined/status/2048046281088700913","2028862628446240768",
"2048046255386075643","Sat Apr 25 14:27:32 +0000 2026","0","sbnrnya punggungku pegal bgtt tp blm ada uang untuk ke panti pijit pulihkan punggungku Tuhan","2048046255386075643","","","in","","0","0","0","https://x.com/undefined/status/2048046255386075643","1820068044473077760",
"2048046210708381971","Sat Apr 25 14:27:22 +0000 2026","0","Pepek pake aja zoom premium murah beli di zona uang kenapa sih anjing 5 7 miliar buat hasil yang jauh dari bagus","2048046210708381971","","","in","","0","0","0","https://x.com/undefined/status/2048046210708381971","1979070027098918914",
"2048046206178185659","Sat Apr 25 14:27:21 +0000 2026","5","Yap! Coba flexing sesuatu tapi bukan uang atau harta","2048046206178185659","","","in","","5","32","1","https://x.com/undefined/status/2048046206178185659","1894088638180573184",
"2048046177892069518","Sat Apr 25 14:27:14 +0000 2026","0","Tbtb jadi sekretaris kkn dgn 0 kemampuan ( alias gue gak pernah ikut organisasi dari duluu belum lagii megang uang listrik kos an ahhh shiballl + semester 6","2048046177892069518","","","in","","0","0","0","https://x.com/undefined/status/2048046177892069518","1969624128945864710",
"2047736009316860334","Sat Apr 25 14:27:09 +0000 2026","0","@pappricaa supirin ak ntar aku kasih uang makan siang","2048046156828357118","","pappricaa","in","","0","0","0","https://x.com/undefined/status/2048046156828357118","1656187097630539777",
"2047144360991674763","Sat Apr 25 14:26:59 +0000 2026","0","@markeeyblues halo kak sekarang uang kamu udah balik blm kak? aku jg ada gagal payment qris","2048046113698288015","","markeeyblues","in","","0","2","0","https://x.com/undefined/status/2048046113698288015","1446323365946576898",
"2047975194787303598","Sat Apr 25 14:26:46 +0000 2026","2","@__AnakKolong Uang negara sudah dihamburkan secara membabibuta. Sebelum segala sesuatunya hancur ayo para mantan panglima bicaralah kalian bahas apa hayo. Jgn seperti bunted ditanya uangnya dari mana jawabnya: pokoknya ada","2048046060216660009","","__AnakKolong","in","","0","0","0","https://x.com/undefined/status/2048046060216660009","913674488994131969",
"2047923255487746429","Sat Apr 25 14:21:44 +0000 2026","0","@varaneee_ Selama ada uang semuanya bisa.","2048044795462082774","","varaneee_","in","","0","0","0","https://x.com/undefined/status/2048044795462082774","1858392957248061440",
"2048024584872755456","Sat Apr 25 14:21:34 +0000 2026","0","@e100ss kabur ?? mereka ikut naik haji kan sudah dan harus bayar?? apa yang perlu dijaga ?? untuk menghambur hambur kan uang ??","2048044752264933459","","e100ss","in","","0","0","0","https://x.com/undefined/status/2048044752264933459","1410466956134608899",
"2048044682429739111","Sat Apr 25 14:21:17 +0000 2026","0","Disangka beliau mungkin itu uang org Infak / sedekah ke beliau kali..jd beliau ambil aja..namanya juga org sedekah/infak.. ","2048044682429739111","","","in","","0","0","0","https://x.com/undefined/status/2048044682429739111","452317761",
"2048007664572170630","Sat Apr 25 14:21:08 +0000 2026","0","@Zeefire02 Untung ada tulisan coba kalau dimanipulasi uang nya seakan akan asli bisa bahaya itu","2048044644983079237","","Zeefire02","in","","0","0","0","https://x.com/undefined/status/2048044644983079237","1096804184874053635",
"2047871821513634019","Sat Apr 25 14:21:06 +0000 2026","1","@caterissparibus aku jaga toko juga gaji 1 2. 11 jam kerja tanpa uang makan siang job gausah ditanya namanya toko wkwk. dari buka smpe tutup dilakukan sendiri sebulan dapet libur 2x. cape pol pengen berhenti blom ada back up","2048044633364787699","","caterissparibus","in","","0","0","0","https://x.com/undefined/status/2048044633364787699","1862784578529665025",
"2047504426236281065","Sat Apr 25 14:20:44 +0000 2026","0","@bagindo_kopi @LidahTeratur KPK mentalnya hanya di kabupaten dan desa mau cari uang tambahan makanya cari di provinsi kabupaten mana tau ada uang dirumah dinasnya untuk dikutip lumayan jga kan.. kalau di pusat mana berani","2048044540888838354","","bagindo_kopi","in","","0","0","0","https://x.com/undefined/status/2048044540888838354","4804887649",
"2048042938677260338","Sat Apr 25 14:20:16 +0000 2026","0","Alias dikira kasih uang 100k pas bayar... Dan dengan sifat busuknya malah ditilep dan malah buat makan makanan lain.. pas aku jawab gaboleh ga jujur haram ngeles buat tukang parkir jga dilebihin parkirnya aku jawab nambah dosa dong ngasih uang haram dia cmn diem aga jutek ","2048044425100795973","","SenseBreaknow","in","","0","0","0","https://x.com/undefined/status/2048044425100795973","1298848883456409602",
"2047504426236281065","Sat Apr 25 14:20:14 +0000 2026","0","@bagindo_kopi @ethadisaputra Ternyata serangga suka merampok uang rakyat juga ya.","2048044417689567281","","bagindo_kopi","in","","0","0","0","https://x.com/undefined/status/2048044417689567281","1605961896485867522",
"2048034342308643326","Sat Apr 25 14:19:48 +0000 2026","0","@TomketLovers Wajar atau tidaknya gak ada parameter nya sih. Yg penting punya tagihan/cicilan dibayarkan. Inget itu bukan uang pemberian itu uang yg dipinjamkan ke kamu.","2048044306850787639","","TomketLovers","in","","0","0","0","https://x.com/undefined/status/2048044306850787639","1300053758",
"2048044276865696191","Sat Apr 25 14:19:41 +0000 2026","0","semoga the weeknd konser nnt uang gue byk dan waktu gue ada","2048044276865696191","","","in","","0","0","0","https://x.com/undefined/status/2048044276865696191","1811807648037371907",
"2048020356276109390","Sat Apr 25 14:18:56 +0000 2026","0","@sweeftu @apriicoat Uang gw 75 ribu","2048044091741741438","","sweeftu","in","","0","1","0","https://x.com/undefined/status/2048044091741741438","2037929612190081024",
"2048031386981040316","Sat Apr 25 14:18:45 +0000 2026","0","@pengencamping hal hal seperti uang 5 miliar","2048044041942753350","","pengencamping","in","","0","0","0","https://x.com/undefined/status/2048044041942753350","1414512922265481224",
"2048033661560480239","Sat Apr 25 14:18:12 +0000 2026","0","@onederfullight Hahaha rakyat lu bahkan rela mati dan dipenjara demi dapatkan jutaan rupiah dengan cara mencuri/membobol uang ATM dan selundup dadah/narkoba di indo https://t.co/6jROUxAGRP","2048043905858564322","https://pbs.twimg.com/media/HGwdEPMbMAABi6L.jpg","onederfullight","in","","0","0","0","https://x.com/undefined/status/2048043905858564322","1754128523877658624",
"2048043777580056972","Sat Apr 25 14:17:42 +0000 2026","0","wkwkwkkw pusing uang sekolah","2048043777580056972","","","in","","0","0","0","https://x.com/undefined/status/2048043777580056972","978918183569473536",
"2048043774639845551","Sat Apr 25 14:17:41 +0000 2026","7","Q; kalau kamu jadi benda mau jadi apa? ; aku mau jadi uang krn uang diinginkan dan diperebutkan(?) semua orang. KAU ATUR DEK https://t.co/YgUeTMc3Lx","2048043774639845551","https://pbs.twimg.com/media/HGwc9amasAA5J0G.jpg","","in","","0","1","1","https://x.com/undefined/status/2048043774639845551","1544328663985836032",
"2047897462476767267","Sat Apr 25 14:17:39 +0000 2026","3","@Katakatahatiind Dan masih mempertahankan program yang gak tau arahnya dan gak ada SOP Jelas kek MBG yang bikin negara rugi di uang dan kesehatan (banyak yg keracunan) emosi banget sampe sekarang gak ada kemajuan di pemerintahannya","2048043767157186606","","Katakatahatiind","in","","0","0","0","https://x.com/undefined/status/2048043767157186606","1250576406557253637",
"2048043760383340852","Sat Apr 25 14:17:37 +0000 2026","0","Selamat datang di zaman pendidikan tak lagi penting jika tidak menghasilkan uang Assalamualaikum capitalism","2048043760383340852","","","in","","0","0","0","https://x.com/undefined/status/2048043760383340852","1826440607767953409",
"2048043659321610516","Sat Apr 25 14:17:13 +0000 2026","0","Bae tdk habis uang iyo ‍ eh ranga","2048043659321610516","","","in","","0","0","0","https://x.com/undefined/status/2048043659321610516","1689451855531687937",
"2048043223319515212","Sat Apr 25 14:17:07 +0000 2026","0","Ralat 3-5 uang","2048043631895069129","","soulifetude","in","","0","0","0","https://x.com/undefined/status/2048043631895069129","1544027802948608000",
"2048034025831592437","Sat Apr 25 14:16:54 +0000 2026","0","@fiynairly_ pukpuk utk kita smg dibalas dengan kejatuhan uang 2 miliar usd (jgn rupiah krn anjlok) https://t.co/Jwhi8UhhfF","2048043577301975089","https://pbs.twimg.com/media/HGwcx7iaEAAJxXN.jpg","fiynairly_","in","","0","0","0","https://x.com/undefined/status/2048043577301975089","1494645141944287232",
"2047899488271114263","Sat Apr 25 14:16:24 +0000 2026","0","@MsPiazon @pelti_nih Huhuuuu nangis banget pasti ade2nya pd trauma. Ibunya pasti magis bngt mereka cape2 kerja nyari uang trs ngerasa bersalah karena ninggalin anak eh anak mereka malah pd diginiin ","2048043451447672893","","MsPiazon","in","","0","0","0","https://x.com/undefined/status/2048043451447672893","382486272",
"2048043423165567290","Sat Apr 25 14:16:17 +0000 2026","0","untuk jangka panjang mending cicil saham atau reksadana pasar uang ya?","2048043423165567290","","","in","","0","0","0","https://x.com/undefined/status/2048043423165567290","1101874748923887616",
"2048040598209220768","Sat Apr 25 14:16:17 +0000 2026","0","@bulanrpw kalau ada uang 100 milyar di rekeningmu sekarang mau diapain?","2048043422490226882","","bulanrpw","in","","30","0","0","https://x.com/undefined/status/2048043422490226882","2046048066214723584",
"2047871821513634019","Sat Apr 25 14:16:02 +0000 2026","0","@nananasmuda2 @caterissparibus Jahat banget sodara ku dagang mochi ngegaji karyawan 1 5/bulan + uang bensin 120 itu kerja cuma 7 jam doang kadang klo udah abis cepet diperbolehkan pulang","2048043360045478132","","nananasmuda2","in","","0","0","0","https://x.com/undefined/status/2048043360045478132","1592635948407267329",
"2048043337232597430","Sat Apr 25 14:15:57 +0000 2026","0","Ada kerjaan wfh gak sih? Aku butuh banget uang tambahan","2048043337232597430","","","in","","0","0","0","https://x.com/undefined/status/2048043337232597430","2502915499",
"2048043285567123610","Sat Apr 25 14:15:44 +0000 2026","0","ada aja godaan mau konser bjir uang uangggggg","2048043285567123610","","","in","","0","0","0","https://x.com/undefined/status/2048043285567123610","1352954951966679041",
"2047686777608261757","Sat Apr 25 14:15:39 +0000 2026","0","@xendless_s Industri pencucian uang gan....","2048043265476395158","","xendless_s","in","","0","0","0","https://x.com/undefined/status/2048043265476395158","394612567",
"2047975323854364796","Sat Apr 25 14:15:11 +0000 2026","1","@B4r4_Akb4r Tangkap jokowi Uda jls kok dia antek dari semua korupsi besar dlm negara ini. Lihat saja uang nya nga habis habis","2048043147058720892","","B4r4_Akb4r","in","","0","0","0","https://x.com/undefined/status/2048043147058720892","1975580936969605120",
"2047940184164225475","Sat Apr 25 14:15:02 +0000 2026","0","@kapten__monyet setuju bgt selama si cowo masih mau usaha kerja jgn dikatain mokondo at least mereka ngajak kita ngedate pake uang hasil kerja mereka bukan pake uang ortu cmiiw","2048043109762928676","","kapten__monyet","in","","0","0","0","https://x.com/undefined/status/2048043109762928676","1205260982974418944",
"2047627157007135172","Sat Apr 25 14:14:59 +0000 2026","0","@reveriegarcon lewat tl selamat ya kak ikut seneng deh semoga nular juga bisa beli iphone pake uang hasil kerja sendiri","2048043095833604097","","reveriegarcon","in","","0","1","0","https://x.com/undefined/status/2048043095833604097","1576508281954381824",
"2048043093602288064","Sat Apr 25 14:14:58 +0000 2026","0","Kalau gk ada uang ngapain jajan merch bjir merch cuman buat yang punya punya duit aja. Yang miskin tingkat atas minggir","2048043093602288064","","","in","","0","0","0","https://x.com/undefined/status/2048043093602288064","1906074786037747712",
"2047253915679502589","Sat Apr 25 14:14:58 +0000 2026","0","@Telo8877 @atmawiratna @JigJag444 Anjir gila harusnya dapet uang lembur tuh setau ku ada uu nya pdhl","2048043090414596124","","Telo8877","in","","0","0","0","https://x.com/undefined/status/2048043090414596124","1375812934903848963",
"2047996568314212681","Sat Apr 25 14:14:53 +0000 2026","0","@tanyarlfes Jangan malu karena anak pedagang selama punya adap yang baik. Mereka masih hidup dari uang halal coba liat yang hidup dari uang korupsi mereka aja gak malu","2048043069443072092","","tanyarlfes","in","","0","0","0","https://x.com/undefined/status/2048043069443072092","1237750824333279234",
"2047941253065822389","Sat Apr 25 14:14:42 +0000 2026","5","@xpeacessea Suami gua dengan bercanda dia bilang jadi selama ini beli buku sebanyak itu dengan uang aku kamu tambah pinter aja amunisi untuk mendebat aku juga?. Dan akhirnya kami ketawa bareng ... Not gonna lie.. tapi nikah dengan pria yang maskulinitas nya sehat tuh nikmat.","2048043022831821269","","xpeacessea","in","","0","0","0","https://x.com/undefined/status/2048043022831821269","1449593788511313927",
"2047992211741315525","Sat Apr 25 14:14:41 +0000 2026","1","@LexMarteg Rakyat gk dikasi terpancing padahal pejabat kaya pengusaha &amp; orang kaya sdh switch tabungan mrk ke LN &amp; cash mrk sdh di converted ke US &amp; mata uang luar lain. Di bank tersisa tabungan warga yg gak seberapa itupun sdh diputar buat supporting proyek Presiden. Warga bisa apa??","2048043020101263439","","LexMarteg","in","","0","0","0","https://x.com/undefined/status/2048043020101263439","2338404451",
"2048042938677260338","Sat Apr 25 14:14:22 +0000 2026","1","Ada kating cerita ke aku dengan bangganya menceritakan perbuatan jeleknya seolah oleh abis Nemu duit jadi dia dari coffe shop bareng temennya dan pesan sesuatu nih berdua menggunakan uang 50an dan waktu kasih kembalian itu kasir kasih kembalian lebih dari 50..","2048042938677260338","","","in","","0","2","0","https://x.com/undefined/status/2048042938677260338","1298848883456409602",
"2047831813184520581","Sat Apr 25 14:14:10 +0000 2026","0","@kangkuli92 Aduh pak uang ku g ada buat bayar kost :( ","2048042890899996832","","kangkuli92","in","","0","0","0","https://x.com/undefined/status/2048042890899996832","1926817226360762369",
"2048031208626442634","Sat Apr 25 14:14:08 +0000 2026","0","@yappingfess Mamah Uang Makan Ketentraman Kesehatan","2048042883106898225","","yappingfess","in","","0","0","0","https://x.com/undefined/status/2048042883106898225","1478728956245278722",
"2047900627175629017","Sat Apr 25 14:13:53 +0000 2026","1","@PngAdilnR4kyt Saya malas mengomentari manusia perintang waktu dan sy sudahnyatakan dlm diri saya bahwa jokowibitu tidak punya ijazah yg asli. Di sisa umurnya di habiskan uang untuk bayar pengikutnya pengacara y pelaku pendukungnya ada dilingjaran kabinet Prabowo saat ini.","2048042817990349286","","PngAdilnR4kyt","in","","0","0","0","https://x.com/undefined/status/2048042817990349286","2036025704597585920",
"2048042815016653109","Sat Apr 25 14:13:52 +0000 2026","0","ya Allah mau uang ","2048042815016653109","","","in","","0","0","0","https://x.com/undefined/status/2048042815016653109","1304667093351059456",
"2045186810024988980","Sat Apr 25 14:09:33 +0000 2026","0","@aqeeelaz @_ pinter ya dek masalah'a uang jajan seratus itu susah didapetin gak sie","2048041730268971288","","aqeeelaz","in","","0","0","0","https://x.com/undefined/status/2048041730268971288","636599675",
"2048038606833615355","Sat Apr 25 14:09:27 +0000 2026","0","@andihiyat Pengen istirahat pengen banyak uang.","2048041704130015356","","andihiyat","in","","0","0","0","https://x.com/undefined/status/2048041704130015356","974551807958503424",
"2048030048205369384","Sat Apr 25 14:09:07 +0000 2026","0","@esiteem @_ bagi uang boleh?","2048041620822794527","","esiteem","in","","0","0","0","https://x.com/undefined/status/2048041620822794527","310238690",
"2048041213325086886","Sat Apr 25 14:09:07 +0000 2026","0","Bukannya pelit apa gimana ya masalahnya blio kaya gaada niat mau balikin juga bjir wkwkwk. Udah kuikhlasin si cuma masih keinget aja betapa bodohnya aku meminjamkan uang segampang itu. Kalo mamaku tau pasti dimarahin","2048041617991586028","","crackychancy","in","","0","0","0","https://x.com/undefined/status/2048041617991586028","1170681205684985856",
"2047858445098049846","Sat Apr 25 14:08:52 +0000 2026","0","@VikirBaskervl Bobrok banget indonesia punya progrma bgn &amp; mbg bukannya bener malah hambur²in uang mulu ","2048041555924275274","","VikirBaskervl","in","","0","0","0","https://x.com/undefined/status/2048041555924275274","280894459",
"2048041530074828979","Sat Apr 25 14:08:46 +0000 2026","0","Polresta Yogyakarta yang dipimpin oleh Aiptu Gatot Hertanto laksanakan patroli dialogis dengan pelaku UMKM (Usaha Mikro Kecil dan Menengah) Agar lebih berhati hati dengan aksi prlaku peredaraan uang paksu yang memanfaatkan kelengahan pemilik UMKM dan jika mengetahui adanya","2048041532884926738","","Humaspolse71553","in","","0","1","0","https://x.com/undefined/status/2048041532884926738","1820008493270929408",
"2048041530074828979","Sat Apr 25 14:08:46 +0000 2026","0","@Humaspolse71553 Antisipasi maraknya aksi peredaraan uang palsu Polsek Ngampilan giatkan patroli dialogis dengan pelaku UMKM.Sabtu 25/04/2026. Dalam rangka mengantisipasi maraknya aksi pelaku peredaraan uang palsu personel unit patroli Samapta Polsek Ngampilan https://t.co/nTD6RkcAeH","2048041530074828979","https://pbs.twimg.com/media/HGwa6LfbIAEcbe3.jpg","Humaspolse71553","in","","0","1","0","https://x.com/undefined/status/2048041530074828979","1820008493270929408",
"2048022031669907661","Sat Apr 25 14:08:45 +0000 2026","0","@wonwoongiec @wortelnyawonwoo @mieayamiya Minco boyen = bocah sepulu yen Lupa pas dari korea ga dapet uang won","2048041527956635833","","wonwoongiec","in","","0","2","0","https://x.com/undefined/status/2048041527956635833","1069022039334313984",
"2048041403897507871","Sat Apr 25 14:08:16 +0000 2026","2","Premier League: hak siar = mesin uang La Liga: Push activation kayak Retro Weekend &amp; 🆙 engagement Serie A: masih beresin masalah klasik SKANDAL WASIT ￼ https://t.co/hYikGdo1Ha","2048041403897507871","https://pbs.twimg.com/tweet_video_thumb/HGwayiDa8AASLSG.jpg","","in","","0","0","0","https://x.com/undefined/status/2048041403897507871","2000219091475554304",
"2048022031669907661","Sat Apr 25 14:07:38 +0000 2026","0","@wortelnyawonwoo @mieayamiya @wonwoongiec Lupa kemaren pas pulang ga dikasih uang saku krw","2048041247366164711","","wortelnyawonwoo","in","","0","1","0","https://x.com/undefined/status/2048041247366164711","1069022039334313984",
"2048041213325086886","Sat Apr 25 14:07:30 +0000 2026","0","Aku inget banget dulu awal awal ngekos ada temen yg minjem uang ke aku 100k padahal kenalnya cuma karena ada 1 matkul yg sama doang. Tapi tetep aku pinjemin walopun uang jajanku waktu itu posisinya lagi lumayan pas pasan juga. Eh sampe skrg blm dibalikin","2048041213325086886","","","in","","0","1","0","https://x.com/undefined/status/2048041213325086886","1170681205684985856",
"2047990276807868420","Sat Apr 25 14:07:28 +0000 2026","1","@artistsbase Uang dihold coba dicari. Kalo udah nunggu bbrp bulan (sesuaikan sendiri) dan masi gaada kabar boleh diambil. Jangan lupa update ToS biar kalo kejadian lagi udah ada acuan","2048041205599182983","","artistsbase","in","","0","0","0","https://x.com/undefined/status/2048041205599182983","1602541187952672768",
"2048041129992765647","Sat Apr 25 14:07:10 +0000 2026","0","Pejabat yg kerjanya ga efektif dan efisien program yg ga relevan ke masyarakat malah hambur2 uang ga ditutup sekalian? Pilih kasih","2048041129992765647","","","in","","0","0","0","https://x.com/undefined/status/2048041129992765647","1383707794042277888",
"2047994931273465896","Sat Apr 25 14:07:09 +0000 2026","12","@kempinsky30 Kalo ga punya uang ya ga ush main jauh2 emg di bogor ga ada mall?","2048041124191961447","","kempinsky30","in","","0","1","0","https://x.com/undefined/status/2048041124191961447","962539088",
"2048039235769573452","Sat Apr 25 14:07:02 +0000 2026","0","@direktoridosen kalau ada uang ya kenapa engga di Indo mah lama kan:(","2048041094034915474","","direktoridosen","in","","0","0","0","https://x.com/undefined/status/2048041094034915474","1086277736727859212",
"2048041077756825957","Sat Apr 25 14:06:58 +0000 2026","0","APA-APAAN ANJING TIBA-TIBA BAPAK GW NYELETUK SAMBIL LIRIK KE GW BILANG Gas pol ndangak ndangak ndangak. NGENTOT NGAPA LIRIK KE GW JUGA ANJING. DI UANG-ULANG LAGI ANJIR","2048041077756825957","","","in","","0","0","0","https://x.com/undefined/status/2048041077756825957","1968066896085012480",
"2047563995553657130","Sat Apr 25 14:06:55 +0000 2026","0","@joyyyyyd @kenhans03 Kepala sekolahnya harus tegas dong. Jangan mengorbankan jam mengajar hanya untuk MBG. Mereka udah digaji pake uang rakyat utk ngantar sampe sekolah kok pake alasan jauh.","2048041066113241235","","joyyyyyd","in","","0","0","0","https://x.com/undefined/status/2048041066113241235","2024320870567858176",
"2047948733631840617","Sat Apr 25 14:06:36 +0000 2026","0","@albinousie @tempodotco Kalo untuk editorial gini memang biasanya penulisan nominal mata uang ribuan triliun atau lebih ditulis Rp1.000 triliun atau Rp1 juta triliun. Jarang banget pake kata kuadriliun.","2048040987864490201","","albinousie","in","","0","0","0","https://x.com/undefined/status/2048040987864490201","949999842444566528",
"2048025771323818342","Sat Apr 25 14:06:32 +0000 2026","0","@TimnasXtra Ingat kalo away ga bs dapet uang buat bayarin tiket pesawat bisnis klas pemain yg main di luar","2048040970667884847","","TimnasXtra","in","","0","0","0","https://x.com/undefined/status/2048040970667884847","1911664118",
"2048022031669907661","Sat Apr 25 14:06:32 +0000 2026","0","@gyucheoli @mieayamiya @wonwoongiec ga ah males mengeluarkan uang buat dia","2048040969438953767","","gyucheoli","in","","0","2","0","https://x.com/undefined/status/2048040969438953767","109788281",
"2048039876038414411","Sat Apr 25 14:02:11 +0000 2026","0","langkah gw pendek bgt berniat untuk membuka eyemakeup tiap konser koreya laki gw blg gausah kerjalah nanti kamu item emg uang dari aku kurang? LAH BUKAN SOAL DUIT TP GW SUKA","2048039876038414411","","","in","","0","1","0","https://x.com/undefined/status/2048039876038414411","2952366950",
"2048039856878842188","Sat Apr 25 14:02:07 +0000 2026","0","e ngga deng buruh uang aja ternyata","2048039856878842188","","","in","","0","0","0","https://x.com/undefined/status/2048039856878842188","2005092094164295680",
"2047841789479096405","Sat Apr 25 14:01:39 +0000 2026","0","@latifaskaa temen gw ga boleh kerja dulu langsung disuruh s2 dikasih mobil iphone baru uang saku banyak bgt. ","2048039740772110802","","latifaskaa","in","","0","1","0","https://x.com/undefined/status/2048039740772110802","1862784578529665025",
"2048039712695423422","Sat Apr 25 14:01:32 +0000 2026","0","Pelatihan Membuat Buket Uang &amp; Snack di Cirebon Persyaratan dan Cara Melamar klik link dibawah ini: https://t.co/rAZTwufkSg","2048039712695423422","","","in","","0","0","0","https://x.com/undefined/status/2048039712695423422","375425873",
"2048039580545466702","Sat Apr 25 14:01:01 +0000 2026","0","real. 'kan kerja cari uang buat makan'","2048039580545466702","","","in","","0","0","0","https://x.com/undefined/status/2048039580545466702","1560227295285374977",
"2047868425108963798","Sat Apr 25 14:00:28 +0000 2026","0","@LambeSahamjja Aku sih realistis aja ya kalau ada yang nyaranin ikut kursus aja itu orang bodoh atau penipu jangan ditanggapi untuk umum uang segitu paling bisa cuma ikut kursus jelek ilmunya dikit + sertifikatnya gak berguna","2048039442921988181","","LambeSahamjja","in","","0","0","0","https://x.com/undefined/status/2048039442921988181","1963192149140496385",
"2048030561575350587","Sat Apr 25 14:00:05 +0000 2026","0","@tanyakanrl Jujur aja sampai detik ini belum pernah keluarin uang sama sekali untuk K-Pop selain streaming kata temen dan kakak gue sekalinya nyemplung bakalan susah keluar alias jajan mulu. Tapi disisi lain dari gen 2 sampai gak punya perintilan apapun ","2048039347509948851","","tanyakanrl","in","","0","1","1","https://x.com/undefined/status/2048039347509948851","1320310147449716736",
"2048039339926704502","Sat Apr 25 14:00:04 +0000 2026","0","OG crypto gak cuma pegang uang mereka muterin lagi. Dari fiat jadi aset dari aset jadi peluang baru dinikmati hasilnya. Sementara yang lain? Uang datang langsung habis tanpa sempat berkembang Blocktroopers tipe yang muterin uang atau langsung habisin buat pacar nih? https://t.co/KKTT52IDPj","2048039339926704502","https://pbs.twimg.com/media/HGwY7AaaEAAh7oD.jpg","","in","","0","0","0","https://x.com/undefined/status/2048039339926704502","1965344066021064704",
"2048039329260552262","Sat Apr 25 14:00:01 +0000 2026","0","pentingnya kuliah yang benar ya kak dan punya uang sendiri","2048039329260552262","","","in","","0","0","0","https://x.com/undefined/status/2048039329260552262","1754886470412754944",
"2047969417229934635","Sat Apr 25 13:59:55 +0000 2026","1","@bagindo_kopi EFEK DOMINO JOKOWI 10 TAHUN UANG NEGARA DI GARONG2. TIDAK ADA LAIN. HANYA JOKOWI. 11 RIBU TRILYUN.","2048039304489033766","","bagindo_kopi","in","","0","0","0","https://x.com/undefined/status/2048039304489033766","1705475303571861504",
"2048039236151243068","Sat Apr 25 13:59:39 +0000 2026","0","ketika aku &amp; kaka iparku berkata gapunya uang disitulah kita malah belanja","2048039236151243068","","","in","","0","0","0","https://x.com/undefined/status/2048039236151243068","594543948",
"2047945865915191805","Sat Apr 25 13:59:31 +0000 2026","0","@nexzhyui ditraktir tapi pake uang masing masing :)","2048039202508685479","","nexzhyui","in","","0","0","0","https://x.com/undefined/status/2048039202508685479","1464716061836816390",
"2048010415431389575","Sat Apr 25 13:59:19 +0000 2026","0","@tanyarlfes ga ada orag suka kerja adanya orang yg suka uang utk sebagian besar orang kerja adl cara mendapatkan uang","2048039153150108138","","tanyarlfes","in","","0","0","0","https://x.com/undefined/status/2048039153150108138","1505513058239610880",
"2048032135693639997","Sat Apr 25 13:59:17 +0000 2026","0","@abysjnne yakan kak aduhh uang 500rb kita itu","2048039146506354695","","abysjnne","in","","0","0","0","https://x.com/undefined/status/2048039146506354695","1495632532158967808",
"2048017027638727081","Sat Apr 25 13:58:57 +0000 2026","0","@Crypotcoinpi Pi adalah mata uang digital baru yang dikembangkan oleh Stanford PhD dengan lebih dari 55 juta anggota di seluruh dunia. Untuk mengklaim Pi Anda ikuti tautan ini https://t.co/AQzhJzSBS0 dan gunakan nama pengguna saya (Yemryevendy) sebagai kode undangan Anda.","2048039060737015849","","Crypotcoinpi","in","","0","0","0","https://x.com/undefined/status/2048039060737015849","1979362336436875264",
"2048031587900788740","Sat Apr 25 13:58:53 +0000 2026","0","Percaya uang akan datang gw co...hehehehehehheh","2048039045293539834","","shayyine","in","","0","0","0","https://x.com/undefined/status/2048039045293539834","1357521803850047488",
"2047946861546541299","Sat Apr 25 13:58:31 +0000 2026","0","@jungjunghannil ka balikin uang ku","2048038953627111737","","jungjunghannil","in","","0","0","0","https://x.com/undefined/status/2048038953627111737","1426800732598988807",
"2048038951592849828","Sat Apr 25 13:58:31 +0000 2026","0","Sefruit nasehat ke sepupu-sepupuku yg masih gadis juga NPD juga salah satunya tapi yodah mungkin sebagian orang butuh cinta aja bukan uang https://t.co/6gk9Sgi23q","2048038951592849828","https://pbs.twimg.com/media/HGwYkrvawAAI2ld.jpg","","in","","0","0","0","https://x.com/undefined/status/2048038951592849828","1610894972",
"2048024589591289953","Sat Apr 25 13:58:20 +0000 2026","0","@dinogalurus @kimmyexp Aku error ka mana mau ambil uang:(","2048038907720442027","","dinogalurus","in","","0","0","0","https://x.com/undefined/status/2048038907720442027","1558494155008970753",
"2048038872261784022","Sat Apr 25 13:58:12 +0000 2026","1","punya pikiran apa sblmnya sampe berani mencuri uang ibu mu kak??? pdhl kl minta baik2 ke beliau &amp; kasih alesannya buat apa jg dikasih ga sih km?? anjir jahat bgt","2048038872261784022","","","in","","0","0","0","https://x.com/undefined/status/2048038872261784022","1404813890777759746",
"2047633791217447079","Sat Apr 25 13:54:40 +0000 2026","0","@dinopattidjalal Cari jalan tengahnya aj. Buat negara yg belum meratifikasi UNCLOS maka RI berhak untuk memungut uang keamanan dari kapal-kapal mereka yang melintas...","2048037983392248173","","dinopattidjalal","in","","0","0","0","https://x.com/undefined/status/2048037983392248173","1927656211308240896",
"2048037970750689318","Sat Apr 25 13:54:37 +0000 2026","1","Mau curhat aplikasi booking kebanyakan ga akan refund uang tamu yg cancel kalo ownernya ga accept cancel request. Berapa kali aku dapet cancel request dadakan gitu dan kalo aku jahat sebenernya bisa aja aku reject biar aku yg dapet duit. Tp ga tau kenapa aku selalu ga tega.","2048037970750689318","","","in","","0","1","0","https://x.com/undefined/status/2048037970750689318","1497714786666123265",
"2048037962030727671","Sat Apr 25 13:54:35 +0000 2026","0","malesin bgt kalo udh berurusan sama uang","2048037962030727671","","","in","","0","0","0","https://x.com/undefined/status/2048037962030727671","1908626320571211777",
"2048037935992455422","Sat Apr 25 13:54:29 +0000 2026","1","Daripada keluar uang jutaan buat ganti spul set mending pasang Soket Anti Kode 12 ini sejak dini. Pemasangan PnP (Plug &amp; Play) nggak ribet dan yang pasti jauh lebih awet dari standar pabrik. ️ ​Mumpung lagi diskon di Shopee: https://t.co/IiYVp5X3fR https://t.co/K1rqRqLlhH","2048037935992455422","https://pbs.twimg.com/ext_tw_video_thumb/2048037869483339776/pu/img/iBuPlD9NSKwaFX4n.jpg","","in","","0","0","0","https://x.com/undefined/status/2048037935992455422","100938010",
"2047972706881319117","Sat Apr 25 13:54:20 +0000 2026","0","@Noirated HAHAHAH bukan mas. Santunan anak yatim dari anak yatim. (Uang jajan dari kakakku)","2048037899946639802","","Noirated","in","","0","0","0","https://x.com/undefined/status/2048037899946639802","1317867921482280961",
"2048037869525320174","Sat Apr 25 13:54:13 +0000 2026","0","Idk but gw udh ditahap ditawarin rumah sama temen seumuran.... Dimata kalian aq sebanyak uang itu kah?","2048037869525320174","","","in","","0","0","0","https://x.com/undefined/status/2048037869525320174","1378315249292517381",
"2048008514866704797","Sat Apr 25 13:54:07 +0000 2026","0","@killingmaster27 10 tahun Jokowi... RAMPOK2 UANG NEGARA.","2048037844925681972","","killingmaster27","in","","0","0","0","https://x.com/undefined/status/2048037844925681972","1705475303571861504",
"2047695667364266356","Sat Apr 25 13:53:58 +0000 2026","0","@AldhitamaR Katanya laki2 kalau ga diambil Tuhan ya diambil cewek lain. Kalaupun tu laki setia gimana kalau tiba2 meninggal dipecat dll. Kita ga pernah tau. Punya uang sendiri juga membuat kita punya power to leave anytime the marriage doesnt serve us.","2048037806476533784","","AldhitamaR","in","","0","0","0","https://x.com/undefined/status/2048037806476533784","389449058",
"2047886812878950653","Sat Apr 25 13:53:57 +0000 2026","0","@safexoneratexo Hahaha ya begitulah kak. Walaupun uang balik lagi ya tapi kan ga dpt tiket","2048037801091006965","","safexoneratexo","in","","0","1","0","https://x.com/undefined/status/2048037801091006965","1595696946382897152",
"2048037730639315292","Sat Apr 25 13:53:40 +0000 2026","1","bismillah Ya Allah taun depan ya apapun merk nya pokoknya hp baru uang sendiri cash buat DIRI SENDIRI aamiinn","2048037730639315292","","","in","","0","0","0","https://x.com/undefined/status/2048037730639315292","3062746753",
"2047239059089842371","Sat Apr 25 13:53:39 +0000 2026","0","@tempodotco Gimana bisa makan kalo negara ga bener? Mikir benerin negara dulu Uang naik bahan naik eh ntar anggaran juga naik wkwkwk ancur","2048037727527141521","","tempodotco","in","","0","0","0","https://x.com/undefined/status/2048037727527141521","1451362700697636868",
"2048037691238072698","Sat Apr 25 13:53:30 +0000 2026","0"," Duhh gimana ini guru pada mengeluh kehidupan ga sejahtera berarti kita tutup sekalian aja prodinya biar pada gak mau jadi guru. Murid nya dikasih MBG suruh belajar pakai AI begitu lah kalau Tuhannya uang dan kekuasaan.","2048037691238072698","","","in","","0","0","0","https://x.com/undefined/status/2048037691238072698","2758808139",
"2048037529560273306","Sat Apr 25 13:52:52 +0000 2026","979","Kalo belum mampu beli merch tolong banget jangan sampai nyuri uang orang tua apalagi orang tuanya sampe chat ke own go buat bantu jualin jajanan yang kalian take. Dan tolong banget jangan seenak jidat cancel padahal barang udah sampe ina. Merch gaakan dibawa mati guys beli https://t.co/Es00YyD9AZ","2048037529560273306","https://pbs.twimg.com/media/HGwXRodaAAA1M5A.jpg","","in","","107","19","299","https://x.com/undefined/status/2048037529560273306","1150942457799954433",
"2047887242476351684","Sat Apr 25 13:52:44 +0000 2026","10","@KucengTerbanggg baru kejadian tmn gw ada project dapet budget 15jt sm sononya di tf 150jt wkwk. mn dia checknya pas bangun tidur langsung melek semelek2nya untuk gak di introgasi org bank krn tbtb ada uang gede wkwk","2048037494986543397","","KucengTerbanggg","in","","0","0","0","https://x.com/undefined/status/2048037494986543397","1783691267605688320",
"2048037482034545079","Sat Apr 25 13:52:41 +0000 2026","0","it's so mee kaget bgt kemarin ditanyain tabungan sama bibi aku in this economy + aku udah ga di kasih uang sepeserpun sama ortu bahkan aku ikut bantu beli kebutuhan keluarga + masih harus bayar ukt 3 8jt kos sehari hari dan tetek bengek nya...","2048037482034545079","","","in","","0","1","0","https://x.com/undefined/status/2048037482034545079","2038235329094713344",
"2048024540379553883","Sat Apr 25 13:52:35 +0000 2026","0","@jalusatria_ @radenrauf Udah ku spill aku tukang abisin uang yang penying gak abisin uang rakyat yaaa","2048037456969371663","","jalusatria_","in","","0","0","0","https://x.com/undefined/status/2048037456969371663","1921716195474186240",
"2048027602217226604","Sat Apr 25 13:52:34 +0000 2026","0","@okselia Anakku: Bunda kerja mulu Aku: ya kan biar dapet uang Anakku: oh biar aku bisa bergaya ya? BERGAYA.","2048037456025649435","","okselia","in","","0","0","0","https://x.com/undefined/status/2048037456025649435","1534798613343182848",
"2048009205265912217","Sat Apr 25 13:52:27 +0000 2026","0","@jurjanggal yg cewe ga setuju sih itu mereka cari uang sambil nunggu jodohnya dateng wkwk","2048037426413928723","","jurjanggal","in","","0","0","0","https://x.com/undefined/status/2048037426413928723","1767958484807725059",
"2048037415907189099","Sat Apr 25 13:52:25 +0000 2026","0","@_ gue diem bukan berarti gue gak tersinggung ya gue liatin lo ngejokes kaya gitu mulu ke gue kaya gini sekali dua kali gapapa tapi kalo sampe tiga kali empat sama dengan dua belas ditambah sepuluh jadi dua puluh dua uang nya dua puluh lima puluh salam kenal? https://t.co/FZTq3k634G","2048037415907189099","https://pbs.twimg.com/media/HGwXDtkbEAACJJQ.jpg","_","in","","1","6","0","https://x.com/undefined/status/2048037415907189099","1527886385780142080",
"2047912809191936087","Sat Apr 25 13:52:24 +0000 2026","0","@RINPORIUM_GO Biasanya tanya admin kasih bukti tf dulu atau langsung ngelist ya min . Terus kalau bisa gamau dp dulu maunya langsung lunas takut lupa terus pas pelunasan gaada uangnya. Dannn beli sesuai dg budget yang di punya kalau gaada uang gausah beli dulu.","2048037412488757512","","RINPORIUM_GO","in","","0","0","0","https://x.com/undefined/status/2048037412488757512","1169234445418631170",
"2048007140334526903","Sat Apr 25 13:45:04 +0000 2026","1","@bardanslm Aku kalau lihat gini jd bersyukur jadi full IRT anak2 selalu dalam pantauan. Walau kadang ngenes kalau uang belanja bulanan gak ada kembalian. Gagal checkout sepatu batminton. ","2048035564973437146","","bardanslm","in","","0","1","0","https://x.com/undefined/status/2048035564973437146","1964095361452306432",
"2048024540379553883","Sat Apr 25 13:45:00 +0000 2026","0","@Tupaislamet @radenrauf Kalau sama sama ngabisin uang kapan kaya nya dong ","2048035550582780321","","Tupaislamet","in","","0","1","0","https://x.com/undefined/status/2048035550582780321","1921716195474186240",
"2048035519465226708","Sat Apr 25 13:44:53 +0000 2026","0","Rekor terbanyak aku nemu uang itu 5000 yen di salah satu gang kecil di kota Tokyo yg masih basah karena abis hujan pada malam hari.","2048035519465226708","","","in","","0","0","0","https://x.com/undefined/status/2048035519465226708","1370559957750345731",
"2048035472526704708","Sat Apr 25 13:44:41 +0000 2026","0","knp y punya hobi mhl bgt (mnurutku) kek ..mnumpuk buku meronce mnontn konser.. aaaaaaa UANG MANA UANG","2048035472526704708","","","in","","0","0","0","https://x.com/undefined/status/2048035472526704708","1112704968262209539",
"2047864729092395043","Sat Apr 25 13:44:39 +0000 2026","0","@darielcrispy @Dadfcker1079 @steroid_druid abis ngehasilin uang terus penyakitan ya? bool gue dirawat kok dan emang dipake peruntukannya","2048035462607245532","","darielcrispy","in","","0","1","0","https://x.com/undefined/status/2048035462607245532","1997348327042777088",
"2048035338942357687","Sat Apr 25 13:44:10 +0000 2026","0","bagaimana bisa sakses jika uang habis utk isi form po","2048035338942357687","","","in","","0","0","0","https://x.com/undefined/status/2048035338942357687","1786972602843721728",
"2048035291051811119","Sat Apr 25 13:43:58 +0000 2026","0","Di sudut ruangan yang temaram Miyano duduk bersila di atas tatami. Ia sedang berkunjung ke rumah nenek dan ini hal pertama uang ia lakukan. Matanya tertuju pada selembar kertas lusuh berisi syair kuno karya Matsuo Bashō. &gt;","2048035291051811119","","","in","","0","1","0","https://x.com/undefined/status/2048035291051811119","2759104774",
"2047290293993812392","Sat Apr 25 13:43:57 +0000 2026","0","@euncseok @ruodnan Pinjam uang masnya dulu bisa nanti saya gantiin kalau ingat mas.","2048035285871858112","","euncseok","in","","0","0","0","https://x.com/undefined/status/2048035285871858112","1200273020",
"2048020562942070822","Sat Apr 25 13:43:39 +0000 2026","0","@pxvvar Ak goj*k dulu deh nyari uang untuk nafkahin kamu ","2048035210265325586","","pxvvar","in","","0","1","0","https://x.com/undefined/status/2048035210265325586","1433462196399312902",
"2048028017700769910","Sat Apr 25 13:43:33 +0000 2026","0","@Boediantar4 Guru itu pengajar tp cuma sedikit yg jd pendidik Maaf jg anak2 skrg krisis keteladanan krn hampir gak ada di negri ini yg bisa dijadikn teladan ortu nya sibuk nyari duit buat bertahan hidup pejabat negara ny sibuk memperkaya diri dgn uang haram anak2nya jg makan dr uang haram","2048035183560196097","","Boediantar4","in","","0","0","0","https://x.com/undefined/status/2048035183560196097","1191282969635217408",
"2048024710613733414","Sat Apr 25 13:43:24 +0000 2026","0","@Jio__han Iya aku ngerasain kok apalagi beda pulau gitu . Tim nunggu oren tapi gak punya uang akunya ","2048035146528641227","","Jio__han","in","","0","1","0","https://x.com/undefined/status/2048035146528641227","1788826158190190592",
"2047868425108963798","Sat Apr 25 13:43:21 +0000 2026","0","@LambeSahamjja Karna itu uang udah masuk di bank seabank saranku mending 80% masukin di deposito seabank sekalin ambil jangka waktu 1 tahun lumayan bunganya yang 20% untuk pegangan aja","2048035135002718343","","LambeSahamjja","in","","0","0","0","https://x.com/undefined/status/2048035135002718343","1795254256360099841",
"2048035125750022360","Sat Apr 25 13:43:19 +0000 2026","0","Makasih temen kuu doain aku sukses yg baca juga sukses aamiin biar aku balas jasa² mu yg mau minjemin aku uang buat byr UKT di pinjemin laptop antar jemput bahkan buat makan siang aku di kasih kadang aku kalau malem suka nangis kapan ini berhenti","2048035125750022360","","","in","","0","0","0","https://x.com/undefined/status/2048035125750022360","1908504287959015425",
"2048035083706405086","Sat Apr 25 13:43:09 +0000 2026","0","Bahu sylus dan uang....","2048035083706405086","","","in","","0","0","0","https://x.com/undefined/status/2048035083706405086","1299309285504028672",
"2048035045890539599","Sat Apr 25 13:43:00 +0000 2026","0","ㅤ uang sisa dikit di atm dan habis melakukan adegan berbahaya sebelum tanggalnya ditf donatur siap siap mulai besok makan di rumah mulu ㅤ","2048035045890539599","","","in","","0","0","0","https://x.com/undefined/status/2048035045890539599","1377146070090743811",
"2048034966429372688","Sat Apr 25 13:42:41 +0000 2026","0","dgn sisa uang 49rb harus bertahan sampe akhir bulan APRIL LAMA BGT WOYYYY https://t.co/xz3uFXLXZE","2048034966429372688","https://pbs.twimg.com/media/HGwU8bLbsAAxF5F.jpg","","in","","0","0","0","https://x.com/undefined/status/2048034966429372688","1272415530272518144",
"2046786408413896998","Sat Apr 25 13:42:05 +0000 2026","0","@ryulnih Demi uang segepok why not bes","2048034817493864577","","ryulnih","in","","0","0","0","https://x.com/undefined/status/2048034817493864577","782444689286832128",
"2047864729092395043","Sat Apr 25 13:41:42 +0000 2026","0","@wonheeeee_ @Dadfcker1079 @steroid_druid Ya itu bool lu aja yang useless bool temen gw selain bisa di pake orang ngehasilin uang juga makannya punya bool dirawat biar berguna","2048034720035049732","","wonheeeee_","in","","0","1","0","https://x.com/undefined/status/2048034720035049732","2029340512835256320",
"2047868425108963798","Sat Apr 25 13:41:34 +0000 2026","0","@LambeSahamjja Alokasikan uangnya untuk : 1. Kursus atau kelas pokoknya ningkatin soft &amp; hardskill 2. Modal untuk kerja keluar negeri 3. Simpan x6 bulan sesuai gaya hidup yang sekarang (jangan dihambur hamburkan karena pegang uang)","2048034684186308727","","LambeSahamjja","in","","0","0","0","https://x.com/undefined/status/2048034684186308727","1389877451275206656",
"2047979920639590432","Sat Apr 25 13:41:14 +0000 2026","0","@kenhans03 Tuh kan bener jadi mubadzir dech uang 14 triliyun itu bisa beliin mobil untuk seluruh rakyat Indonesia ","2048034600744800544","","kenhans03","in","","0","0","0","https://x.com/undefined/status/2048034600744800544","1917713948125851648",
"2047732317687353638","Sat Apr 25 13:40:53 +0000 2026","2","@tanyakanrl mas kawin ku tuh senilai tanggal nikahan ku nder 3-3-24 cincin emas 3gram dan uang 324 ribu rupiah. ini juga salah satu dream wedding aku pas kecil kalau nikah mau mas kawin nya sesuai tanggal nikah dan alhamdulilah suami sanggupin ","2048034514971308180","","tanyakanrl","in","","0","0","0","https://x.com/undefined/status/2048034514971308180","1612841289422376970",
"2048034500907827345","Sat Apr 25 13:40:50 +0000 2026","1","UANG RAKYAT DIBUANG BUANG TANPA ADA GUNA. KECUALI MASUK SAMPAH.","2048034500907827345","","","in","","0","0","0","https://x.com/undefined/status/2048034500907827345","240207283",
"2047930895953518618","Sat Apr 25 13:40:31 +0000 2026","0","@salam4jari Anggaran ga mungkin turun jika tdk di tandatanganin DPRD dan verifikasi kemendagri Gub bukan seorang Raja yg bisa seenaknya gunakan uang negara.","2048034423434821639","","salam4jari","in","","0","0","0","https://x.com/undefined/status/2048034423434821639","1826162869123346432",
"2047610551979946241","Sat Apr 25 13:39:53 +0000 2026","1","@Opposite6888 Mrk menghambur2kan dan berpesta dgn uang hasil keringat dr pajak rakyat tunggu saatnya azab datang PD mrk..rakyat seluruh Indonesia TDK akan memaafkan mrk kecuali para TERMUL2 Wowo dan jkw","2048034263375999067","","Opposite6888","in","","0","0","0","https://x.com/undefined/status/2048034263375999067","2009139086716788736",
"2048034221445505341","Sat Apr 25 13:39:43 +0000 2026","0","Semenjak pembayaran bisa cashless udah gak pernah mungut uang up to 300rb di jalan. *hestek STOP QRIS*","2048034221445505341","","","in","","1","0","0","https://x.com/undefined/status/2048034221445505341","1370559957750345731",
"2048034205054193703","Sat Apr 25 13:39:39 +0000 2026","7","Oke lah pak siap tapi lebih enak di medsos lah biar dunia tau pengelolaan uang negera harus benar dan transparan. Gitu aja kok repot sih pak.. https://t.co/Ph23c0SEAG","2048034205054193703","https://pbs.twimg.com/media/HGwUQNPbcAAmg42.jpg","","in","","0","0","1","https://x.com/undefined/status/2048034205054193703","1478245047841660930",
"2047951062389428689","Sat Apr 25 13:39:37 +0000 2026","0","@nzakakita iya nih lagi nyari uang buat nikah (?)","2048034195449245850","","nzakakita","in","","0","0","0","https://x.com/undefined/status/2048034195449245850","880618301558210560",
"2047973527798837599","Sat Apr 25 13:38:51 +0000 2026","1","@Capitalisborju @pemburudibsayy @detikcom Kalo aku punya uang dan waktu gabut gpp kuladeni sekalian","2048034004432302195","","Capitalisborju","in","","0","0","0","https://x.com/undefined/status/2048034004432302195","195276200",
"2048024229246030022","Sat Apr 25 13:38:48 +0000 2026","3","@tempodotco Aman.. Aamaaan.. Kita punya banyak uang.. Rinciannya gimana? Pokoknya ada!","2048033988988809446","","tempodotco","in","","0","0","0","https://x.com/undefined/status/2048033988988809446","1849799976618164226",
"2048030561575350587","Sat Apr 25 13:38:45 +0000 2026","0","@tanyakanrl aku dlu collect pc sama album juga tpi udh pensiun krn ngerasa terlalu buang uang bgt jadi support bentuk lain aja dgn keadaan sekarang mendingan buat kenyangin perut aja nder tpi klo mau beli buat reward juga bisa kok asal jngn sering","2048033975630020672","","tanyakanrl","in","","0","0","0","https://x.com/undefined/status/2048033975630020672","2008467204506013696",
"2048033924757287136","Sat Apr 25 13:38:32 +0000 2026","0","uang pangkalnya 40 jeti. mending ke SVP aja udah.","2048033924757287136","","","in","","0","0","0","https://x.com/undefined/status/2048033924757287136","105396605",
"2048020155536638092","Sat Apr 25 13:38:05 +0000 2026","0","@leanongyuu setara uang jajanku 3 hari","2048033810076651713","","leanongyuu","in","","0","0","0","https://x.com/undefined/status/2048033810076651713","1923149963904811008",
"2048033626894581844","Sat Apr 25 13:37:21 +0000 2026","0","knapa si dunia perlu ini itu klo ga pasti uang gue udah banyak","2048033626894581844","","","in","","0","0","0","https://x.com/undefined/status/2048033626894581844","1526410998910881792",
"2047892447720841444","Sat Apr 25 13:37:20 +0000 2026","0","@Franken_blues Pada dasar nya siswa dr keluarga mampu itu tidak butuh MBG. Sebaik nya MBG diberikan kpd siswa tidak mampu di setiap sekolah dalam bentuk uang tunai kepada orang tua siswa tidak mampu dng demikian tidak ada pemborosan anggaran.","2048033619097313387","","Franken_blues","in","","0","0","0","https://x.com/undefined/status/2048033619097313387","1262553510932967425",
"2048033540361818389","Sat Apr 25 13:37:01 +0000 2026","0","semenjak beli barang di orang itu ga pernah komunikasi lagi even dulu nya segrup skrng mencar cukup tau aja uang gua habis di dia hampir 1jt awalnya barang gabisa di gunain samsek dan gua diemin bbrp hari itu barang karna merasa muak akhirnya gua akalin pake lem tembak","2048033540361818389","","","in","","0","1","0","https://x.com/undefined/status/2048033540361818389","2040473685228990464",
"2048014371864051738","Sat Apr 25 13:36:56 +0000 2026","1","@caramellKid Aplikasi uang uang","2048033520451490015","","caramellKid","in","","0","0","0","https://x.com/undefined/status/2048033520451490015","3225053803",
"2047968988412669984","Sat Apr 25 13:36:36 +0000 2026","0","@OneLove4Human Cepet akurnya ya uang memang segalanya walau salib sudah dirusak terus digantiin yg baru langsung akur bro","2048033436829679962","","OneLove4Human","in","","0","0","0","https://x.com/undefined/status/2048033436829679962","1805246572768423937",
"2048033397541577206","Sat Apr 25 13:36:27 +0000 2026","0","@SeaBankID @seabankcare ini kenapa error dah gue lg mau bayarrr uang gue cuman disitu njir. Bangke lah","2048033397541577206","","SeaBankID","in","","0","0","0","https://x.com/undefined/status/2048033397541577206","1347166195804295168",
"2048033361218937093","Sat Apr 25 13:36:18 +0000 2026","0","Ihh abang ku nii pengen aku pukul masa anaknya minta jajan malah disuruh minta uang sama aku","2048033361218937093","","","in","","0","0","0","https://x.com/undefined/status/2048033361218937093","1761351835561107456",
"2048019347118203022","Sat Apr 25 13:36:17 +0000 2026","0","@strawberryn1703 Dih kenapa deh? Sheikh Mansour my lord my savior gak ngasih uang dan dukunnya? ","2048033354575167633","","strawberryn1703","in","","0","1","0","https://x.com/undefined/status/2048033354575167633","1576420819219386368",
"2048033272106803222","Sat Apr 25 13:35:57 +0000 2026","0","TANDAIN MUKA MALING GAMAU BAYAR SMP HR INI! Kl dia daftar kerjaan lgsg tolak aja drpd uang kantornya d maling","2048033272106803222","","","in","","0","0","0","https://x.com/undefined/status/2048033272106803222","1337239443996987393",
"2048033224732078091","Sat Apr 25 13:35:46 +0000 2026","0","Should i do part-time? Uang jajan tipis banget bruh. Info part-time deket ui/kukusan fleksibel","2048033224732078091","","","in","","0","0","0","https://x.com/undefined/status/2048033224732078091","1266002472876662784",
"2048018799040012619","Sat Apr 25 13:35:40 +0000 2026","0","@SeaBankID eror kok jam segini min? yang bener aja dong uang saya gimana?","2048033201344610684","","SeaBankID","in","","0","0","0","https://x.com/undefined/status/2048033201344610684","1537855941571661826",
"2048015086779015328","Sat Apr 25 13:35:38 +0000 2026","0","@legendhwa saya minta uang buat saya istri dari yunho","2048033194608648643","","legendhwa","in","","0","1","0","https://x.com/undefined/status/2048033194608648643","1927331080643719169",
"2048031208626442634","Sat Apr 25 13:35:34 +0000 2026","0","@yappingfess Uang Kesehatan Tidur Workout Game","2048033177638404570","","yappingfess","in","","0","0","0","https://x.com/undefined/status/2048033177638404570","1774299896625209344",
"2046940023191400776","Sat Apr 25 13:35:32 +0000 2026","0","@terimuts uang cibu aja bil","2048033169237282880","","terimuts","in","","0","0","0","https://x.com/undefined/status/2048033169237282880","1310884477241942018",
"2048033149377200552","Sat Apr 25 13:35:28 +0000 2026","1","Udah ditahap menolak ajakan nikah muda dan aku ngerasa bakal nikah mungkin umur 30an bodo amat kata tetangga gimana juga soalnya banyak yang harus aku kejar apalagi mimpi aku tuh pengen punya usaha sendiri biar berhenti kerja tuh uang tetep berputar gitu","2048033149377200552","","","in","","0","0","0","https://x.com/undefined/status/2048033149377200552","1218377758016823296",
"2047967601704517665","Sat Apr 25 13:35:23 +0000 2026","2","@tempodotco Koplak! Ni gegara kehabisan uang....pusing 7 keliling. Efisiensi sdh dilakukan tp pengeluaran fantastis utk MBG KMP jalan terus. Hasil dr eksport dan pajak ga bisa nutupi defisit anggaran. Tabrak sana sini...","2048033129190019241","","tempodotco","in","","0","0","0","https://x.com/undefined/status/2048033129190019241","894085686470483968",
"2047995704887353656","Sat Apr 25 13:35:18 +0000 2026","0","@MrMatok Pi adalah mata uang digital baru yang dikembangkan oleh Stanford PhD dengan lebih dari 55 juta anggota di seluruh dunia. Untuk mengklaim Pi Anda ikuti tautan ini https://t.co/AQzhJzSBS0 dan gunakan nama pengguna saya (Yemryevendy) sebagai kode undangan Anda.","2048033110047236101","","MrMatok","in","","0","0","0","https://x.com/undefined/status/2048033110047236101","1979362336436875264",
"2048032993311379821","Sat Apr 25 13:34:50 +0000 2026","0","Gatau aja uang warga indo bisa buat embege bertahun-tahun ","2048032993311379821","","","in","","1","0","0","https://x.com/undefined/status/2048032993311379821","984975160460566528",
"2047737861781561728","Sat Apr 25 13:34:50 +0000 2026","1","@PaltiHutabarat Mode survival.. Tetapi uang rakyat dihambur2kan pada program yg tdk prioritas dan tidak akuntable..","2048032990601814057","","PaltiHutabarat","in","","0","0","0","https://x.com/undefined/status/2048032990601814057","2536575349",
"2048026529712726448","Sat Apr 25 13:34:34 +0000 2026","0","@soenhoa Banyakan uang kakak tuh tapi","2048032925850223014","","soenhoa","in","","0","0","0","https://x.com/undefined/status/2048032925850223014","2023319139545481216",
"2048032922264039461","Sat Apr 25 13:34:33 +0000 2026","3","Lebih butuh uang sih sejujurnya https://t.co/aT3igkkxEk","2048032922264039461","https://pbs.twimg.com/media/HGwTFumaEAA80Mp.jpg","","in","","0","0","0","https://x.com/undefined/status/2048032922264039461","1436399806230917120",
"2047843343712002124","Sat Apr 25 13:34:28 +0000 2026","0","@Bambangmulyonoo @prabowo Jgn pcy si penghianat. 11-12 dgn jokowi setali tiga uang.","2048032900189499639","","Bambangmulyonoo","in","","0","0","0","https://x.com/undefined/status/2048032900189499639","1471224947095732224",
"2048032861689925699","Sat Apr 25 13:34:20 +0000 2026","0","ceritanya spending uang buat jalan2 keluar kota. Beli2 barang tersier. Branded stuff. Device pemuas sosmed dan gengsi. Eh ya Allah kurang bersyukur ni bocah Dipikir2 keren juga ortuku ga ngasih kepuasan tersier ke aku. Tapi tetep ngeprovide sekolahku","2048032864219156865","","llintangutara","in","","0","0","0","https://x.com/undefined/status/2048032864219156865","1335951190077493248",
"2048032861689925699","Sat Apr 25 13:34:19 +0000 2026","0","Kadang ngerasa apa aku kurang bersyukur ya. Bisa S2 tanpa beasiswa. Tapi tetep ngerasa kalau gamau dan gaakan mau balik ke masa2 S2 dulu. Dimana ya bener ortu bayarin sekolah tapi hidupku kaya harus serba ngempet. Karena uang bulanan pas-pasan buat makan. Jadi gaada tuh","2048032861689925699","","","in","","0","1","0","https://x.com/undefined/status/2048032861689925699","1335951190077493248",
"2048024540379553883","Sat Apr 25 13:34:12 +0000 2026","0","@Wongeirenggg @radenrauf Mohon maaf ini konsepnya aku bukan ngabisin uang ku buat mokondo yaaa :(","2048032831453179979","","Wongeirenggg","in","","0","1","0","https://x.com/undefined/status/2048032831453179979","1921716195474186240",
"2048032821651046854","Sat Apr 25 13:34:09 +0000 2026","0","Kita Mikir Nih Jadi Cowo Harus Ada Pematangan Uang Ada Yang Namanya Bangun Rumah Buat Masa Depan Istri Sama Anak Kita Belum Mikirin Gimana Strategi Buat Persiapan Diri Usahakan Diri Kalau Belum Punya Apa Apa Cari Uang Terlebih Dahulu Kita Harus Mikirin Biaya Rumah Biaya Angsuran","2048032821651046854","","","in","","0","0","0","https://x.com/undefined/status/2048032821651046854","1395677354714828802",
"2047320071790616813","Sat Apr 25 13:34:07 +0000 2026","0","@rahmaniarbaftim Mohon dicatat dan dikalkulasi. Rata-rata sisa kuota saya sekitar 15-30 GB setiap bulan yang hilang entah kemana ? Kalau saya pakai nomor yang sekarang sejak 1998 berapa ya uang saya yg hilang sampai hari ini ? Ada yang bantu iseng menghitungnya ? Terima kasih.","2048032813224788042","","rahmaniarbaftim","in","","0","0","0","https://x.com/undefined/status/2048032813224788042","1875089625049595904",
"2048025519573086221","Sat Apr 25 13:33:48 +0000 2026","0","@tanyakanrl jadi orang kaya raya banyak uang kak","2048032733440671788","","tanyakanrl","in","","0","0","0","https://x.com/undefined/status/2048032733440671788","1641341825318543360",
"2048018796636778898","Sat Apr 25 13:33:42 +0000 2026","0","@cosmonouts apapun demi uang gue gas sih sebenernya","2048032707436028256","","cosmonouts","in","","0","0","0","https://x.com/undefined/status/2048032707436028256","1668527589559009280",
"2047883922168782874","Sat Apr 25 13:33:41 +0000 2026","0","@zakariamlk agama dan uang","2048032700418920565","","zakariamlk","in","","0","0","0","https://x.com/undefined/status/2048032700418920565","1944965473382359041",
"2048032699823403325","Sat Apr 25 13:33:40 +0000 2026","0","Hahaha pembahasan ini curhat ke tmn cwo bilang mau lanjut s2. Di bilang ngapain buang2 uang:)","2048032699823403325","","","in","","0","0","0","https://x.com/undefined/status/2048032699823403325","1930482021744422919",
"2047936025708867907","Sat Apr 25 13:33:34 +0000 2026","0","@0xprettygirl_ Lucunya masih ada aja yang kemakan narasi bodong gua sih malu. Cenblue gitu amat nyari uang. Wkwkwk Asli masih ngakak kalo ini cuma drama eh bikin narasi panjang².","2048032673290223636","","0xprettygirl_","in","","0","0","0","https://x.com/undefined/status/2048032673290223636","1951259613598457856",
"2048032630466367526","Sat Apr 25 13:33:24 +0000 2026","0"," Kalau uang habis harus cepetan ngomong ya -mama","2048032630466367526","","","in","","0","0","0","https://x.com/undefined/status/2048032630466367526","1092202961902530560",
"2047992404985184452","Sat Apr 25 13:32:57 +0000 2026","0","@Oneonone1111 City? Proyek sukses iya. Tapi tanpa uang mereka bukan apa-apa. narasi ini ga berlaku buat mu ya? mu dr taun jebot smp skrg emg ga keluar uang buat bangun skuat? semua klub tanpa uang bs apa? ini bbrp rekor transfer pd jamannya yg dilakukan mu. https://t.co/OoMTXfXbu3","2048032518037962940","https://pbs.twimg.com/media/HGwSuDLbEAMwljZ.jpg","Oneonone1111","in","","0","0","0","https://x.com/undefined/status/2048032518037962940","3482888234",
"2048031636697333875","Sat Apr 25 13:32:10 +0000 2026","0","Bulan Agustus 2024 pertama kalinya kerja. Awal kerja niatnya masih ngumpulin uang buat biaya kuliah tahun depan. Tapi tiba-tiba kepikiran pengen lancar bahasa Inggris dulu lalu cari-cari tempat belajar bahasa Inggris yang bagus dan murah","2048032322621145351","","lactifloora","in","","0","1","0","https://x.com/undefined/status/2048032322621145351","1369102427354361858",
"2048032265876414865","Sat Apr 25 13:31:57 +0000 2026","0","mau ngeluh merasakan apa-apa naik kebutuhan pokok naik pokoknya uang 100rb jujur kyk gampang bgt habis. tapi disela-sela itu masih dicukupkan sama Allah alhamdulillah. harus banyak bersyukur buar hati lebih ringan. tetep terus berdoa semoga Allah jaga semuanya","2048032265876414865","","","in","","0","0","0","https://x.com/undefined/status/2048032265876414865","1108264201200373760",
"2048032201909174543","Sat Apr 25 13:31:42 +0000 2026","0","ada yg tau uang gw kmn","2048032201909174543","","","in","","0","9","0","https://x.com/undefined/status/2048032201909174543","2046866874185719808",
"2048032138516418974","Sat Apr 25 13:31:27 +0000 2026","1","Nyoba ke threads utk nyari info kasus daycare jogja...... Klo gw yg jadi bapaknya si anak korban daycare gw bakalan mode john wick dgn penyesuaian. Ni ortu ortu anak korban harusnya bisa dapat uang denda skala miliar https://t.co/XbgeZcUpSj","2048032138516418974","https://pbs.twimg.com/media/HGwSYHsagAALYnj.jpg","","in","","0","0","2","https://x.com/undefined/status/2048032138516418974","871951765",
"2047941212514951484","Sat Apr 25 13:31:24 +0000 2026","0","@selfolssi Hi Yuha. Adekmu @iannjeogn mau pinjam uang seratus. Boleh?","2048032128685015098","","selfolssi","in","","0","0","0","https://x.com/undefined/status/2048032128685015098","2025692416419020800",
"2048032091603185846","Sat Apr 25 13:31:15 +0000 2026","0","Aku juga bisa pake uang monopoli:)) Tinggal nyari partner aja","2048032091603185846","","","in","","0","0","0","https://x.com/undefined/status/2048032091603185846","1945781949165088769",
"2048032073932541974","Sat Apr 25 13:31:11 +0000 2026","0","Kadang ngerasa udh boros tp uang ga abis2","2048032073932541974","","","in","","0","0","0","https://x.com/undefined/status/2048032073932541974","3080291910",
"2048031995905872196","Sat Apr 25 13:30:53 +0000 2026","0","aku ngumpulin dr sisa uang saku skull n eskul buat mng eh mala gahoki lagi ajg pdhl tabungan udh lebih gocap lohya ","2048031995905872196","","","in","","0","0","0","https://x.com/undefined/status/2048031995905872196","1827789047361921024",
"2048031977534894571","Sat Apr 25 13:30:48 +0000 2026","0","Jaga Diri Itu Bukan Soal Matang Atau Siap Gak Nya Mapan Tapi Kalau Lu Kagak Ada Uang Atau Kalah Ekonomi It's Okey Gua Gak Masalah Bakal Cari Yang Pas Buat Diri Gua Juga Bukan Sekedar Soal Uang Karena Bagi Gua Lebih Baik Jaga Diri Dari Pada Nahan Rasa Sakit Terus Terusan Gak Guna","2048031977534894571","","","in","","0","0","0","https://x.com/undefined/status/2048031977534894571","1395677354714828802",
"2048031885549600780","Sat Apr 25 13:30:26 +0000 2026","0","Pengalaman dari keluarga miskin yaitu setiap anak tidak ajarkan cara mencari uang logika masuk keluarnya uang tetapi langsung disuruh mencari uang tanpa dasar pondasi mencari uang itu seperti apa.","2048031885549600780","","","in","","0","0","0","https://x.com/undefined/status/2048031885549600780","1114954717438795776",
"2048031716246421914","Sat Apr 25 13:29:46 +0000 2026","0","dulu smp tiap dikasih uang 150k buat uang jajan bulanan di asrama kebanyakan mesti sisa sampe jatah bulan depan. sekarang sekalinya keluar rumah dan mata lapar 150k habis gitu aja... mana parkir tiap berhenti kadang beda²‍️ada yg seribu dua ribu bahkan empat ribu..","2048031716246421914","","","in","","0","0","0","https://x.com/undefined/status/2048031716246421914","1534470673422094336",
"2048024540379553883","Sat Apr 25 13:29:29 +0000 2026","0","@Gaktaugimana @radenrauf Aku bantu ngabisin uang bole","2048031645077545258","","Gaktaugimana","in","","0","1","0","https://x.com/undefined/status/2048031645077545258","1714668601473699840",
"2048031597258289165","Sat Apr 25 13:29:18 +0000 2026","0","Gua Sedang Growth Up Upgrade Diri Buat Jadi Orang Karyawan Atau Setidaknya Punya Uang Buat Diri Gw Sendiri Pegangan Karena Kalau Gak Punya Yauda Jalanin Aja Nikmatin Sendiri Kalau Di Beri Kepastian Atau Harapan Buat Jalanin Lebih Serius Lebih Matang Gua Harus Berpikir Diri Gua","2048031597258289165","","","in","","0","0","0","https://x.com/undefined/status/2048031597258289165","1395677354714828802",
"2047901979893227668","Sat Apr 25 13:29:17 +0000 2026","0","@jac00bwild Cari uang buat kamu","2048031595437920759","","jac00bwild","in","","0","1","0","https://x.com/undefined/status/2048031595437920759","2002390253592879104",
