"conversation_id_str","created_at","favorite_count","full_text","id_str","image_url","in_reply_to_screen_name","lang","location","quote_count","reply_count","retweet_count","tweet_url","user_id_str","username"
"2048075020690166108","Sat Apr 25 17:39:53 +0000 2026","0","@wWario09 je pense valentine ou gyro dégage","2048094662544478508","","wWario09","fr","","0","0","0","https://x.com/undefined/status/2048094662544478508","1751159058051084288",
"1867394477905809835","Sat Apr 25 17:38:25 +0000 2026","1","CoC【Ms.ハンドレッド】 KP/KPC:雨宮さん/Oscar･Valentine PL/PC:私/Mary･Goldstein エンドAにてシナリオ終了！ ありがとうございました〜！最高エンドカードまで描いてもらい、私もメアリーもほくほくで帰ってきました 久しぶりに会ったオスカーくん、可愛かったな また遊びましょうね〜！","2048094292254847121","","f38po","ja","","0","0","0","https://x.com/undefined/status/2048094292254847121","1350771848959586309",
"2048093730335572021","Sat Apr 25 17:36:11 +0000 2026","0","Baru kemarin gue pengen nih lagu ada di RH. Eh malah ada di Team love. Harusnya ditambah valentine day kiss ini ","2048093730335572021","","","in","","0","0","0","https://x.com/undefined/status/2048093730335572021","1034050932",
"2048093615377744136","Sat Apr 25 17:35:44 +0000 2026","0","the concept of performing blue valentine at a wedding feels like a more mild version of people proposing during cherry wine at hozier concerts lmao","2048093615377744136","","","en","","0","0","0","https://x.com/undefined/status/2048093615377744136","2026334132884652032",
"2048093373899190465","Sat Apr 25 17:34:46 +0000 2026","0","anastangel valentine，有哦嘿嘿嘿！ https://t.co/LXUhyIjSxs ！ ！ ！","2048093373899190465","","","zh","","0","0","0","https://x.com/undefined/status/2048093373899190465","2047229577345531904",
"2048087038285467689","Sat Apr 25 17:33:41 +0000 2026","1","@5tinky123 @ch8rileon Your profile picture is literally Jill Valentine","2048093098626941318","","5tinky123","en","","0","1","0","https://x.com/undefined/status/2048093098626941318","1969164746554556416",
"2048093061683507393","Sat Apr 25 17:33:32 +0000 2026","0","Oooh by kehlani and Dominate by Donelle Valentine","2048093061683507393","","","en","","0","0","0","https://x.com/undefined/status/2048093061683507393","1428434602620723200",
"2048092526234755109","Sat Apr 25 17:31:24 +0000 2026","0","why is every indo i come across with in nct twt is a valentine like i'm convinced no one loves jaehyun like you guys do","2048092526234755109","","","en","","0","0","0","https://x.com/undefined/status/2048092526234755109","2031463830694592512",
"2048091374327619835","Sat Apr 25 17:30:39 +0000 2026","0","@Mr_NoVacation Jill Valentine the woman that you are ","2048092335976649210","","Mr_NoVacation","en","","0","0","0","https://x.com/undefined/status/2048092335976649210","1580322324582121472",
"2048091790398349680","Sat Apr 25 17:29:29 +0000 2026","1","@EnjiNight This cosplay is spectacular you look badass and mesmerizing as Jill Valentine. ","2048092042358579669","","EnjiNight","en","","0","0","0","https://x.com/undefined/status/2048092042358579669","450095682",
"2047787647515390119","Sat Apr 25 17:25:53 +0000 2026","0","@SageAmenti @nytimes Lmao John Valentine speaks in third person to himself in his bio. What an absolute moron.","2048091137739776230","","SageAmenti","en","","0","0","0","https://x.com/undefined/status/2048091137739776230","1967350529756983296",
"2040475767289819338","Sat Apr 25 17:23:52 +0000 2026","0","Part 2 Young metric and Halloween Jakob on android .. Valentine robin and pirate hinoka on iOS..","2048090629079728263","","jibakun","en","","0","0","0","https://x.com/undefined/status/2048090629079728263","235114283",
"2047934436105134244","Sat Apr 25 17:22:17 +0000 2026","0","@Sleekchick22 Happy Valentine","2048090233443328230","","Sleekchick22","en","","0","0","0","https://x.com/undefined/status/2048090233443328230","1894738404333809665",
"2048010424780783986","Sat Apr 25 17:19:08 +0000 2026","0","@VinnysCorner1 Larry Parrish Ellis Valentine Warren Cromartie Ron Is That The Best You ve Got? Hunt Bobby Wine Chris Speier Tim Wallach Need a few more?","2048089438656373024","","VinnysCorner1","en","","0","0","0","https://x.com/undefined/status/2048089438656373024","1352672622",
"2048089060938260677","Sat Apr 25 17:17:38 +0000 2026","0"," You won t believe this! Love You More Valentine Plus Graphic Tee ⏩ https://t.co/xj30tzNOG5 Selling out fast so be quick! https://t.co/CDuwb2Hww3","2048089060938260677","https://pbs.twimg.com/media/HGxGI8wWAAAVFsQ.jpg","","en","","0","0","0","https://x.com/undefined/status/2048089060938260677","962099308077174784",
"2048088907992998263","Sat Apr 25 17:17:01 +0000 2026","1","Tener planes de irse de Venezuela en estos momentos se siente cómo Jill Valentine tratando de huir de Raccoon City antes que caiga el misil ","2048088907992998263","","","es","","0","0","0","https://x.com/undefined/status/2048088907992998263","396276805",
"2048088904704909487","Sat Apr 25 17:17:01 +0000 2026","2","Pretty tiger~ check out Valentine! ","2048088904704909487","","","en","","0","1","0","https://x.com/undefined/status/2048088904704909487","1552684044189847552",
"2048010424780783986","Sat Apr 25 17:16:36 +0000 2026","0","@VinnysCorner1 Ellis Valentine","2048088801709310336","","VinnysCorner1","et","","0","0","0","https://x.com/undefined/status/2048088801709310336","156875182",
"2048010424780783986","Sat Apr 25 17:16:32 +0000 2026","0","@VinnysCorner1 Ellis Valentine","2048088784693027042","","VinnysCorner1","et","","0","0","0","https://x.com/undefined/status/2048088784693027042","1415150087945269249",
"2048088738375287235","Sat Apr 25 17:16:21 +0000 2026","0","talk fast was played the same week as my show voted valentine but the show after mine got it and then they started playing start over. @5SOS what do you have against me pls","2048088738375287235","","","en","","0","0","0","https://x.com/undefined/status/2048088738375287235","1852757799337443328",
"2048087996378034503","Sat Apr 25 17:13:24 +0000 2026","0","Valentine Nails ️️ of course @.nails by Amaryah https://t.co/pHmWWQmtVs","2048087996378034503","https://pbs.twimg.com/media/HGxFI-rbkAAe03j.jpg","","en","","0","0","1","https://x.com/undefined/status/2048087996378034503","2037326183894065152",
"2048087899208298550","Sat Apr 25 17:13:01 +0000 2026","4","My face when Capcom Closed its eyes on Jill Valentine: https://t.co/CjJGeCGLUs","2048087899208298550","https://pbs.twimg.com/media/HGxFFVQWsAAFdtg.jpg","","en","","0","0","0","https://x.com/undefined/status/2048087899208298550","1964694144720519169",
"2048078219526443377","Sat Apr 25 17:12:47 +0000 2026","0","@sakurapopular @hitmanb Deram Blue Valentine pro TXT kkakakak https://t.co/nHdr8iQXZe","2048087842111283561","https://pbs.twimg.com/ext_tw_video_thumb/2044780298190331904/pu/img/U0y3eC_j_gzL2k63.jpg","sakurapopular","tl","","0","0","0","https://x.com/undefined/status/2048087842111283561","1966599157818302464",
"2048087809421135983","Sat Apr 25 17:12:40 +0000 2026","2","I was drawing this actually T T and my valentine concept was inspired by some accessories from a roblox game *gulp https://t.co/LZ74Styop0","2048087809421135983","https://pbs.twimg.com/media/HGxFAkjbkAAU9VW.jpg","","en","","0","0","0","https://x.com/undefined/status/2048087809421135983","1781365028282888192",
"2048087160436179434","Sat Apr 25 17:10:05 +0000 2026","0","nmixx switching up on their sound with blue valentine was not it.... literally was just ive reheated nachos","2048087160436179434","","","en","","0","0","0","https://x.com/undefined/status/2048087160436179434","1347043467239821312",
"2048086652627595429","Sat Apr 25 17:08:04 +0000 2026","4",";; Every valentine the ones who got the most chocolates are the Heartslabyul guys (especially trey and riddle) (Pomefiore trio are close second at their received chocolate amounts) ¡! https://t.co/Pl4f6GDkDt","2048086652627595429","https://pbs.twimg.com/tweet_video_thumb/HGxD88hWAAAefzw.jpg","","en","","0","0","0","https://x.com/undefined/status/2048086652627595429","1843478124832665602",
"2047429446269891029","Sat Apr 25 17:07:26 +0000 2026","0","@LeeHarris @gary23557 @PatrickChristys Any political party that has open borders in their manifesto should all be jailed as they are a danger to society. @TheGreenParty Don t forget they sent valentine cards from kids to these potential rapist and killers.","2048086496209441084","","LeeHarris","en","","0","0","0","https://x.com/undefined/status/2048086496209441084","244555035",
"2048086320438981097","Sat Apr 25 17:06:45 +0000 2026","0","Another Valentines Day with my forever Valentine. I appreciate you baby . ️ It's Us FOREVER . https://t.co/1QmjwDDPlD","2048086320438981097","https://pbs.twimg.com/amplify_video_thumb/2048086244497018880/img/TvVTAyN34lYlML3j.jpg","","en","","0","0","0","https://x.com/undefined/status/2048086320438981097","2036200407182258176",
"2048085537580630161","Sat Apr 25 17:03:38 +0000 2026","0","valentine boy itu","2048085537580630161","","","en","","0","0","0","https://x.com/undefined/status/2048085537580630161","1952677662109147136",
"2048081096974205240","Sat Apr 25 17:03:36 +0000 2026","0","@ohhaejosh2 I meant with comebacks. 7 month period between Blue Valentine and Heavy Serenade","2048085530902925625","","ohhaejosh2","en","","0","0","0","https://x.com/undefined/status/2048085530902925625","2036880635915034625",
"2048010424780783986","Sat Apr 25 17:03:05 +0000 2026","0","@VinnysCorner1 Ellis Valentine","2048085398568501623","","VinnysCorner1","et","","0","0","0","https://x.com/undefined/status/2048085398568501623","258483842",
"2047941586093301780","Sat Apr 25 17:00:39 +0000 2026","0","@El_Locon_Gamer Taki and ivy valentine","2048084787852963956","","El_Locon_Gamer","en","","0","0","0","https://x.com/undefined/status/2048084787852963956","2439206101",
"2047695287607517520","Sat Apr 25 16:59:54 +0000 2026","0","@atreidesclub Confío en que su música nos hará vibrar una vez más pero podrían ser mis artes conceptuales favoritos nada que envidiarle a la promoción que hicieron con Blue Valentine","2048084598597312799","","atreidesclub","es","","0","0","0","https://x.com/undefined/status/2048084598597312799","1752045675548651520",
"2048084324592009533","Sat Apr 25 16:58:49 +0000 2026","1","kocak bet itu nikahan stylistnya udh melow sama nmixx dinyanyiin blue valentine meanwhile sama kiof diajak nge igloo jir pengantennya","2048084324592009533","","","in","","0","0","0","https://x.com/undefined/status/2048084324592009533","1326314356406054912",
"1451155295036530692","Sat Apr 25 16:57:35 +0000 2026","0","@jeongwoocutie @treasuremembers Valentine watanabe pa to ah","2048084017464107382","","jeongwoocutie","es","","0","0","0","https://x.com/undefined/status/2048084017464107382","1933425488380506112",
"2048083916440109558","Sat Apr 25 16:57:11 +0000 2026","0","Valentine gift box idea Such an adorable box just fill it with small finds.. Get the lightning deal! Shop the link: or Download TEMU APP and Search CODE kcy8479 get a lightning deal with qualifying orders! T&amp;Cs apply Stock is limited ... https://t.co/5dv9n5WxSY","2048083916440109558","https://pbs.twimg.com/amplify_video_thumb/2048083833300660224/img/CJPHfqTKQ0AV7wmM.jpg","","en","","0","0","0","https://x.com/undefined/status/2048083916440109558","2035969884514099200",
"2047526241243189293","Sat Apr 25 16:55:50 +0000 2026","0","@DizierValentine @Viacaelorum Suce ton père valentine","2048083574230864244","","DizierValentine","fr","","0","0","0","https://x.com/undefined/status/2048083574230864244","1673470784512163840",
"2048043970916143459","Sat Apr 25 16:53:40 +0000 2026","2","@EstevaoYcru Amo muito a do Valentine pqp","2048083028497367207","","EstevaoYcru","pt","","0","1","0","https://x.com/undefined/status/2048083028497367207","1982791522417532929",
"2048082229071671555","Sat Apr 25 16:52:55 +0000 2026","0","also this hanroro's blue valentine ukulele cover https://t.co/Af8CURAmfy","2048082841205125307","https://pbs.twimg.com/amplify_video_thumb/1980317911320231936/img/d6vn77hA4-SMev8d.jpg","sonkeyong","en","","0","1","0","https://x.com/undefined/status/2048082841205125307","1244889301743071233",
"2048082512338100482","Sat Apr 25 16:51:37 +0000 2026","1","my fav semetary songs we don t fuck with the opps 9189 red room valentine haunted mound","2048082512338100482","","","en","","1","1","0","https://x.com/undefined/status/2048082512338100482","1940898538952839170",
"2048082406943449530","Sat Apr 25 16:51:12 +0000 2026","0","save me 52 year old jill valentine. oh save me 52 year old jill fucking valentine!!!!!!!!!","2048082406943449530","","","en","","0","0","0","https://x.com/undefined/status/2048082406943449530","1943162477048664065",
"2048052346383397145","Sat Apr 25 16:50:46 +0000 2026","0","@Peter_Bukowski You'd love Carrington Valentine","2048082301003690121","","Peter_Bukowski","en","","0","0","0","https://x.com/undefined/status/2048082301003690121","1355223092927361029",
"2048078972529865197","Sat Apr 25 16:49:14 +0000 2026","0","@SLUBillsBall @TG2point0 Well this guy is at Loyola where Drew Valentine LOVES bad free throw shooters","2048081912728617290","","SLUBillsBall","en","","0","1","0","https://x.com/undefined/status/2048081912728617290","977284542963777541",
"2047835778412057039","Sat Apr 25 16:46:25 +0000 2026","0","@Green_N_Gold18 @_Drob1 @ByRyanWood Well this is why they signed a cornerback and drafted another one right away with second round pick. Neither Nixon or Valentine where very good. Honestly I do not even care cut them both. Draft another cornerback or add another one that is still available right now.","2048081204788809913","","Green_N_Gold18","en","","0","0","0","https://x.com/undefined/status/2048081204788809913","222368243",
"2048080958910603754","Sat Apr 25 16:45:26 +0000 2026","2","■CoC：Ms.ハンドレッド KPC：Oscar・Valentine（雨宮） PC ：Mary・Goldstein（めぃぷる） エンドA https://t.co/z9HKyuxBV3","2048080958910603754","","","ja","","0","1","1","https://x.com/undefined/status/2048080958910603754","1521558537578901504",
"2048075014801342537","Sat Apr 25 16:44:32 +0000 2026","0","@ghostofsandra AND valentine is not an option a win!!!","2048080731428077925","","ghostofsandra","en","","0","0","0","https://x.com/undefined/status/2048080731428077925","2737503484",
"2048080711366926596","Sat Apr 25 16:44:27 +0000 2026","0","【交換・譲渡】にじさんじ ウエハース 8th 3SKM anniversary メタカ つむまる チップスカード すき家 せめよん Rose Valentine 3SKM 2周年 特典 しおり チケット風カード 𝐕𝚫𝐋𝐙 6周年 TOGABITO 8th ぎゃうるふ ビスケット (譲)1~3枚目 比率違い検討⭕️ (求)4枚目 詳細アリ お声かけお願いします‍️","2048080711366926596","","","ja","","0","0","0","https://x.com/undefined/status/2048080711366926596","1989009662394732544",
"2048010424780783986","Sat Apr 25 16:43:51 +0000 2026","1","@VinnysCorner1 Ellis valentine","2048080558371037224","","VinnysCorner1","et","","0","0","0","https://x.com/undefined/status/2048080558371037224","1548061900201570305",
"2047892692990861812","Sat Apr 25 16:43:48 +0000 2026","0","@Lambeau4Lyfe You can move off him Valentine McDuffie Brooks and Musgrave now no difference to wait ","2048080546916446260","","Lambeau4Lyfe","en","","0","0","0","https://x.com/undefined/status/2048080546916446260","1689402294872211456",
"2048010424780783986","Sat Apr 25 16:43:24 +0000 2026","1","@VinnysCorner1 Ellis Valentine","2048080446286631416","","VinnysCorner1","et","","0","0","0","https://x.com/undefined/status/2048080446286631416","745055887627190272",
"2048010424780783986","Sat Apr 25 16:42:57 +0000 2026","1","@VinnysCorner1 Ellis Valentine","2048080331719192705","","VinnysCorner1","et","","0","0","0","https://x.com/undefined/status/2048080331719192705","1633507052512264197",
"2048010203321319873","Sat Apr 25 16:41:17 +0000 2026","0","@LifeNewsHQ We do have churches that profess to be Catholic but they are not. There was one in Las Vegas called St Valentine","2048079911932322169","","LifeNewsHQ","en","","0","0","0","https://x.com/undefined/status/2048079911932322169","1658503605383753728",
"2048079876238790819","Sat Apr 25 16:41:08 +0000 2026","7"," Músicas tocadas no soundcheck da EVERYONE S A STAR! Tour até agora: Try Hard (10x) Wherever You Are (5x) Beside You (5x) Long Way Home (6x) COMPLETE MESS (3x) Valentine (2x) If You Don't Know (3×) Disconnected Caramel The Only Reason Vapor Gotta Get Out Out Of My Limit","2048079876238790819","","","en","","1","0","0","https://x.com/undefined/status/2048079876238790819","1352707700",
"2048079600895578333","Sat Apr 25 16:40:02 +0000 2026","0","my valentine https://t.co/Q7o9iXp08g","2048079600895578333","https://pbs.twimg.com/media/HGw9gW2aYAAh3Ew.jpg","","en","","0","0","0","https://x.com/undefined/status/2048079600895578333","2019335513006575616",
"2048079538186334295","Sat Apr 25 16:39:49 +0000 2026","7","︎ Saki Tenma - Blue Valentine by NMixx lesbian yearning... longing... the situationship of all time in this group. Yep! That;s Saki! https://t.co/eytB0DlHme","2048079544574226796","https://pbs.twimg.com/amplify_video_thumb/1980308310315216898/img/nDIs_6eTiA1xchgt.jpg","kiritaniiis","en","","2","1","3","https://x.com/undefined/status/2048079544574226796","1950323665616195584",
"2048010424780783986","Sat Apr 25 16:39:27 +0000 2026","1","@VinnysCorner1 Ellis Valentine","2048079453973303486","","VinnysCorner1","et","","0","0","0","https://x.com/undefined/status/2048079453973303486","1973023014372704256",
"2048079353389674801","Sat Apr 25 16:39:03 +0000 2026","0","can I be your valentine? https://t.co/Dc8QlYAhTk","2048079353389674801","https://pbs.twimg.com/amplify_video_thumb/2048079281704853504/img/cb2rs3SD2UKu9B6l.jpg","","en","","0","0","0","https://x.com/undefined/status/2048079353389674801","2035058504319578112",
"2048079268253667573","Sat Apr 25 16:38:43 +0000 2026","0","#ดูดวง #ดูดวงความรัก 4 โปรความรักสุดฮิต Mini Valentine Valentine Combo Valentine Full Set ภารกิจสละโสด แถมฟรีอีก 2 คำถาม ราคาเริ่มต้นเบาๆเข้าถึงง่าย สนใจดูดวงทักไลน์ https://t.co/OjbkeGLO1s https://t.co/v4m1jDHaoe","2048079268253667573","https://pbs.twimg.com/media/HGw9PNKaEAAnBTp.jpg","","th","","0","0","0","https://x.com/undefined/status/2048079268253667573","1255203241312174080",
"2048078936941195496","Sat Apr 25 16:37:24 +0000 2026","1","Valentine ‼️‍️ https://t.co/8vSHIwr2oK","2048078936941195496","https://pbs.twimg.com/amplify_video_thumb/2047871875360186368/img/y7j8C1D_4boIq405.jpg","","et","","0","0","0","https://x.com/undefined/status/2048078936941195496","1662158458227965953",
"2048078706518982805","Sat Apr 25 16:36:29 +0000 2026","0","i've been watching these grok companions since xAI dropped them last year. ani hit $100M. valentine did $24M. neither went properly viral outside CT. $Rudi is the first one that actually broke out. it's exploding on tiktok as the unhinged gaming coach. hundreds of millions of","2048078706518982805","","","en","","0","0","0","https://x.com/undefined/status/2048078706518982805","1971554532640673792",
"2048078681541857356","Sat Apr 25 16:36:24 +0000 2026","0","(Tho the word blue-valentine itself has quite the opposite meaning on its own.. but i am talking about the vibe and message of the song - you'll be my end game I'll keep the fire lit in my heart )","2048078684016583161","","gill_gets_it","en","","0","0","0","https://x.com/undefined/status/2048078684016583161","1786584874582679552",
"2048078609332785483","Sat Apr 25 16:36:06 +0000 2026","0","1.Chop (as always) 2.Valentine being shorter than spelldon is so weird to me","2048078609332785483","","","en","","0","1","0","https://x.com/undefined/status/2048078609332785483","1735069176019230720",
"2048078513324818629","Sat Apr 25 16:35:43 +0000 2026","0","Jill Valentine canonically pulling a Joseph Joestar","2048078513324818629","","","en","","0","0","0","https://x.com/undefined/status/2048078513324818629","706658854889787392",
"2048078450012180877","Sat Apr 25 16:35:28 +0000 2026","0","i've been watching grok companions since xAI dropped them last year. ani hit $100M. valentine did $24M. neither went properly viral outside X. $Rudi is the first one actually breaking out. gamers using him as an unhinged coach on tiktok. hundreds of millions of views. the type","2048078450012180877","","","en","","0","0","0","https://x.com/undefined/status/2048078450012180877","1971554532640673792",
"2048078424204533936","Sat Apr 25 16:35:22 +0000 2026","0","one KOL bought $1K of $RUDI completely silent at this $371K mcap. zero tweets. 100% still holding with an 8.0 hotness score. that's the only real money move on chain so far but it's a clean one. rudi is the xAI grok companion that actually broke out. ani hit $100M and valentine","2048078424204533936","","","en","","0","0","0","https://x.com/undefined/status/2048078424204533936","1971554532640673792",
"2048010424780783986","Sat Apr 25 16:35:02 +0000 2026","1","@VinnysCorner1 Ellis Valentine. Tim Wallace. Warren Cromartie.","2048078341983383668","","VinnysCorner1","en","","0","0","0","https://x.com/undefined/status/2048078341983383668","169313362",
"2047731406835482826","Sat Apr 25 16:34:49 +0000 2026","0","@skylarcheekz Jill Valentine FTW.","2048078287579062634","","skylarcheekz","en","","0","0","0","https://x.com/undefined/status/2048078287579062634","1162276981293010945",
"2048078219526443377","Sat Apr 25 16:34:33 +0000 2026","13","tô acabada que a hybe em vez de usar blue valentine do nmixx como fórmula resolveu pegar jump do black pink gente eu tô DESTRUÍDA @hitmanb GORDO FILHO DA PUTA https://t.co/NaBm6VOcvi","2048078219526443377","https://pbs.twimg.com/ext_tw_video_thumb/1845833272246358016/pu/img/qUNK3ZBuosmEbkMK.jpg","","pt","","0","3","2","https://x.com/undefined/status/2048078219526443377","1782745283207507969",
"2048078149238280688","Sat Apr 25 16:34:16 +0000 2026","0"," New Podcast! Jimmy Barnes INXS Lead Tributes to James Valentine Following Death at 64 on @Spreaker https://t.co/ReAszHlwUX","2048078149238280688","","","en","","0","0","0","https://x.com/undefined/status/2048078149238280688","2676273678",
"2048077772438884805","Sat Apr 25 16:32:47 +0000 2026","2","Best Jill Valentine to ever Valentine","2048077772438884805","","","en","","0","1","0","https://x.com/undefined/status/2048077772438884805","1733180660888555520",
"2048066110860501306","Sat Apr 25 16:31:54 +0000 2026","1","@bongshikkuma bangetttt habis ini lelaki valentine boy itu balikk","2048077551571263556","","bongshikkuma","in","","0","0","0","https://x.com/undefined/status/2048077551571263556","1929217169122086912",
"2048075767695687933","Sat Apr 25 16:30:52 +0000 2026","1","@tiramissu144 You're valentine","2048077290144154050","","tiramissu144","en","","0","0","1","https://x.com/undefined/status/2048077290144154050","2006690058594885632",
"2048072607874912504","Sat Apr 25 16:30:43 +0000 2026","1","@tiramissu144 U HAVE NO DRIVER LICENSE VALENTINE DONT DO THIS ITS DANGEROUS","2048077255771898143","","tiramissu144","en","","0","1","0","https://x.com/undefined/status/2048077255771898143","1776071787811352576",
"2048013625994989771","Sat Apr 25 16:30:39 +0000 2026","0","@NASPpodcast Good .there needs to be a reckoning with this organization. Breslow Cora Kennedy Fatse Bailey etc. can all pack their fucking bags. Absolute disgrace. Shit the Valentine season seems like a vacation at this point.","2048077239476981841","","NASPpodcast","en","","0","0","0","https://x.com/undefined/status/2048077239476981841","919382513272881153",
"2047811419492491268","Sat Apr 25 16:30:38 +0000 2026","0","@hidoiotoko funny valentine","2048077233575575796","","hidoiotoko","en","","0","0","0","https://x.com/undefined/status/2048077233575575796","1815041279316914176",
"2048076558695387577","Sat Apr 25 16:29:07 +0000 2026","0","i do agree the change wasn't as smooth as it could have been but i do believe the main reason people dislike valentine is the new art style &amp; design which is valid but not the same","2048076852535656750","","slashedsummer","en","","0","0","0","https://x.com/undefined/status/2048076852535656750","1876709064538980352",
"2048076697862594910","Sat Apr 25 16:28:30 +0000 2026","0","a KOL just bought $1K into $RUDI at $682 mcap and hasn't said a word about it. silent move with 8.0 hotness and still holding 100%. rudi is the xAI grok companion that's actually gone viral. ani and valentine ran to $100M and $24M without ever leaving X. this one is the first","2048076697862594910","","","en","","0","0","0","https://x.com/undefined/status/2048076697862594910","1971554532640673792",
"2048076083572924824","Sat Apr 25 16:27:58 +0000 2026","1","@bekindhny valentine ! ️","2048076561094685051","","bekindhny","et","","0","1","0","https://x.com/undefined/status/2048076561094685051","2028840051451559936",
"2048072590011305986","Sat Apr 25 16:26:55 +0000 2026","0","@SpikeZweig automatic sauna mr valentine mon amour só bangers e essa ride me lembra help lose my mind","2048076298115862889","","SpikeZweig","es","","0","0","0","https://x.com/undefined/status/2048076298115862889","2267910895",
"2048076134567588286","Sat Apr 25 16:26:16 +0000 2026","0","MAHADAHSYAT CINTA.... cantikkk bgttttt omggg cokelat valentine khhhh manissss","2048076134567588286","","","in","","0","0","0","https://x.com/undefined/status/2048076134567588286","1897508530581848064",
"2047950444115185910","Sat Apr 25 16:25:53 +0000 2026","1","@VALB30vb Douce et belle journée Valentine que ce rayon de soleil te berce tout au long de ce samedi . Bises ","2048076038526161390","","VALB30vb","fr","","0","0","0","https://x.com/undefined/status/2048076038526161390","1696926404284235776",
"2047690436144206044","Sat Apr 25 16:25:35 +0000 2026","1","@casssemyon @CongressMin @SpectrumNewsDC Your sappy Valentine of a post neglected one teensy little detail: https://t.co/xzvg3VHYes","2048075962697277482","https://pbs.twimg.com/tweet_video_thumb/HGw6OvUbQAAiYCb.jpg","casssemyon","en","","0","0","0","https://x.com/undefined/status/2048075962697277482","2161782349",
"2048010424780783986","Sat Apr 25 16:25:26 +0000 2026","1","@VinnysCorner1 Ellis Valentine","2048075926160949695","","VinnysCorner1","et","","0","0","0","https://x.com/undefined/status/2048075926160949695","48874195",
"2047827697661890990","Sat Apr 25 16:24:44 +0000 2026","0","@MatiTaborda1106 @JoeNet52 Otra cosa que es totalmente admirable son sus edits de manga y vídeos como estos esos vídeos de Jhonny vs Valentine de manga son una joya https://t.co/iQPcnXcm7y","2048075749135925646","https://pbs.twimg.com/media/HGw6CN2acAAzdZ3.jpg","MatiTaborda1106","es","","0","0","0","https://x.com/undefined/status/2048075749135925646","1921228156402356224",
"2048075434873774316","Sat Apr 25 16:23:29 +0000 2026","0","Hudson's one favorite films being Blue Valentine is so personal to me. I went through quite a rough time with that movie when I was a teenager like aaaaaaaa.","2048075434873774316","","","en","","0","0","0","https://x.com/undefined/status/2048075434873774316","920044404471037955",
"2048075156426281464","Sat Apr 25 16:22:23 +0000 2026","0","Vintage Unused Valentines Day Greeting Card Featuring Flower Bouquet Tied With Yellow Ribbon A Valentine For You Perfect for Your Sweetheart https://t.co/R9jraZJ4QG #etsyseller #Etsy #vintage #ValentinesDayLove https://t.co/HvsUqOfdX0","2048075156426281464","https://pbs.twimg.com/media/HGw5f_sbcAAb-v7.jpg","","en","","0","0","0","https://x.com/undefined/status/2048075156426281464","529503203",
"2048074948120568099","Sat Apr 25 16:21:33 +0000 2026","0","A few tweet jemraen au Edisi hari valentine https://t.co/Up7Z4pofir","2048074948120568099","https://pbs.twimg.com/media/HGw5TvJakAAH_TA.jpg","","in","","0","1","0","https://x.com/undefined/status/2048074948120568099","2015395567858532352",
"2048010424780783986","Sat Apr 25 16:21:26 +0000 2026","1","@VinnysCorner1 Ellis Valentine","2048074916046733679","","VinnysCorner1","et","","0","0","0","https://x.com/undefined/status/2048074916046733679","30294632",
"2047986479536787645","Sat Apr 25 16:21:04 +0000 2026","0","@Matt_Pinner Victorine Jeanne Aurélie Valentine Eugenie Pauline Rose Blandine Angéle Apolline ","2048074825973813650","","Matt_Pinner","fr","","0","0","0","https://x.com/undefined/status/2048074825973813650","1520876784794886145",
"2048074808072470648","Sat Apr 25 16:21:00 +0000 2026","3"," Blue Valentine by NMIXX earned 263 957 streams on Spotify ( Apr. 24 2026 ) https://t.co/2sxyJHHA7n","2048074808072470648","https://pbs.twimg.com/media/HGwyG8DasAA0JS5.jpg","","en","","0","0","0","https://x.com/undefined/status/2048074808072470648","1928801812934533120",
"2047652848918474888","Sat Apr 25 16:20:25 +0000 2026","1","@justgotine @sweetbriener bruh no we didn t kaya may pa handwritten note ka noon saying na u wont be slacking next valentine :p nasakin parin un","2048074664136876526","","justgotine","en","","0","1","0","https://x.com/undefined/status/2048074664136876526","1403656442712788999",
"2048010424780783986","Sat Apr 25 16:19:49 +0000 2026","5","@VinnysCorner1 My FAVORITE player from the 70 s: Ellis Valentine https://t.co/HeAEA6Mx0O","2048074511061536858","https://pbs.twimg.com/media/HGw46hbaEAEhDdc.jpg","VinnysCorner1","en","","0","3","0","https://x.com/undefined/status/2048074511061536858","2178890436",
"2048049355265872306","Sat Apr 25 16:19:29 +0000 2026","1","@Oldtimers365 The Lost Valentine with the late great Betty White.","2048074428748062760","","Oldtimers365","en","","0","0","0","https://x.com/undefined/status/2048074428748062760","2471762840",
"2048073842023604693","Sat Apr 25 16:17:09 +0000 2026","22","if u ever feel like no one loves u then remember valentine loves u i love you","2048073842023604693","","","en","","0","3","0","https://x.com/undefined/status/2048073842023604693","2015101333687140352",
"2048060159063151057","Sat Apr 25 16:17:09 +0000 2026","0","@kedrickmutayi Méline Justine Faustine Valentine Dès prénom en In y a beaucoup alors bonne chance pour te décider ","2048073841566429577","","kedrickmutayi","fr","","0","0","0","https://x.com/undefined/status/2048073841566429577","1513243768572547080",
"2048073701900366036","Sat Apr 25 16:16:36 +0000 2026","1","Defenders connect! Valentine from Diglio. ️ https://t.co/PnStIxoinR https://t.co/3M3Xx61DBh #Flagship https://t.co/D4dgawimb6","2048073701900366036","https://pbs.twimg.com/amplify_video_thumb/2048073375923494912/img/xwCdVpPSH-QBlrFI.jpg","","it","","0","0","0","https://x.com/undefined/status/2048073701900366036","198184074",
"2048073628323860911","Sat Apr 25 16:16:19 +0000 2026","3","Meet record! Calix Lemp Cooper Gray Quinn McMaster and Alex Valentine win the 4 X 100 relay at the Green Twilight Relays in a meet record time of 43.03! ️ @CalixLemp7 @MonsterOG757 @whsgrizzlies https://t.co/wWRA2HsnSA","2048073628323860911","https://pbs.twimg.com/media/HGw4Gn8X0AAO-4l.jpg","","en","","0","0","0","https://x.com/undefined/status/2048073628323860911","701751647597236224",
"2048073587970466070","Sat Apr 25 16:16:09 +0000 2026","0","Sou completamente obcecada pela Tiffany Valentine desde os meus 5 anos de idade. OBCECADA","2048073587970466070","","","pt","","0","0","0","https://x.com/undefined/status/2048073587970466070","1943940596672188416",
"2048072811449655678","Sat Apr 25 16:13:04 +0000 2026","0","Tiffany Valentine such an iconic character! Played by the fabulous @JenniferTilly ️ https://t.co/q9cczV2v8X","2048072811449655678","https://pbs.twimg.com/media/HGw3WZTaQAAgrr0.jpg","","en","","0","0","0","https://x.com/undefined/status/2048072811449655678","1022796322028613632",
"2048051548840710230","Sat Apr 25 16:12:48 +0000 2026","16","@Admiral_Zac2 They have fking valentine event with torena I would bet those creature don't even play the game https://t.co/gtwaa0heWH","2048072745179824210","https://pbs.twimg.com/tweet_video_thumb/HGw3TWQbIAAlvQx.jpg","Admiral_Zac2","en","","0","1","0","https://x.com/undefined/status/2048072745179824210","1511391337673015296",
"2048072697176076346","Sat Apr 25 16:12:37 +0000 2026","413","Official List of Soundcheck Songs Played on the EAS TOUR so far: Try Hard (10x) Long Way Home (6x) Wherever You Are (5x) Beside You (5x) COMPLETE MESS (3x) If You Don't Know (3x) Valentine (2x) Disconnected Caramel The Only Reason Vapor Gotta Get Out Out Of My Limit","2048072697176076346","","","en","","45","1","32","https://x.com/undefined/status/2048072697176076346","1490096938577977355",
"2047766292891869218","Sat Apr 25 16:12:22 +0000 2026","0","@McDivad Confirmation name us Valentine tho I read about the Priest that same moment I want to go for my Sacrament of Confirmation (2002) hence why I chose Saint Valentine","2048072638157705460","","McDivad","en","","0","1","1","https://x.com/undefined/status/2048072638157705460","436618342",
"2048057416521228432","Sat Apr 25 16:08:09 +0000 2026","0","@motchi127 woah a valentine and also a bigeast. such taste ️","2048071574696419577","","motchi127","en","","0","0","0","https://x.com/undefined/status/2048071574696419577","170247083",
"2048071546795594057","Sat Apr 25 16:08:02 +0000 2026","1","We're still hiding Normans boxes. As everyone knows thanks to Shirley Sidney said hide them behind chairs. As we did Bertram Valentine came in wanting to see the dodgy boxes. Sidney was very good There's nothing to see clear off was all he said.He's a splendid Saturday lad! https://t.co/Ty1m6qIxGO","2048071546795594057","https://pbs.twimg.com/media/HGw1qTgWgAA12Nj.jpg","","en","","0","0","0","https://x.com/undefined/status/2048071546795594057","801504622426865665",
"2047604683003642282","Sat Apr 25 16:06:04 +0000 2026","1","@siruerto @500woni lmaoooo she's singing to the rhythm of blue valentine nmixx's latest album release! the lyrics go If this love is over I'd dive right back in it's really good! you should definitely check it out :))) https://t.co/FENDCbD4hZ","2048071050336800897","","siruerto","en","","0","1","0","https://x.com/undefined/status/2048071050336800897","1514251684763025415",
"2047626771147755892","Sat Apr 25 16:04:56 +0000 2026","0","@467Doggo Also the jump from mahito to valentine is insane bone man is cooked","2048070767464825157","","KyoshiCadre","en","","0","0","0","https://x.com/undefined/status/2048070767464825157","1490838000921575430",
"2047104742866944259","Sat Apr 25 16:04:07 +0000 2026","0","@ripperriver James Valentine committed suicide and is wicked.","2048070562183057821","","ripperriver","en","","0","0","0","https://x.com/undefined/status/2048070562183057821","1781236523121459200",
"2048035299071013201","Sat Apr 25 16:03:41 +0000 2026","0","@JoeDeProspero @NYJ_Matt This even tops the Bobby Valentine incognito mustache and glasses look.","2048070449678983272","","JoeDeProspero","en","","0","0","0","https://x.com/undefined/status/2048070449678983272","803264233563623424",
"2047871953277419957","Sat Apr 25 16:03:15 +0000 2026","1","@OSoulsie @v I know bc it s Valentine he s a masterpiece himself","2048070341151367351","","OSoulsie","en","","0","1","0","https://x.com/undefined/status/2048070341151367351","1279593154480607232",
"2048070014297841999","Sat Apr 25 16:01:57 +0000 2026","0","this $Rudi narrative hits different. it's the xAI Grok companion that became the first to actually break out on TikTok as a savage gaming coach roasting players mid-match. hundreds of millions of views. ani and valentine both ran big without ever leaving X. this one has the cross","2048070014297841999","","","en","","0","0","0","https://x.com/undefined/status/2048070014297841999","1971554532640673792",
"1791098711923429717","Sat Apr 25 16:01:19 +0000 2026","0","(つづき) ｢Frozen Valentine｣February 12 2026 ｢Magic Move ทำนายทายรัก｣April 21 ｢รักได้หรือ Young｣April 25 2026 以下余白","2048069856688554086","","daisuki_B_S","ja","","0","0","0","https://x.com/undefined/status/2048069856688554086","1518553910390460416",
"2048068945593163968","Sat Apr 25 15:57:42 +0000 2026","0","i hope someone will give jill valentine so much penguin merch today","2048068945593163968","","","en","","0","0","0","https://x.com/undefined/status/2048068945593163968","1907207244602863616",
"2047811419492491268","Sat Apr 25 15:57:09 +0000 2026","0","@hidoiotoko Part 4 Jospeh Any character from part 1 Gyro Okuyasu The whole higashikata family (8) Funny Valentine","2048068808875667864","","hidoiotoko","tl","","0","0","0","https://x.com/undefined/status/2048068808875667864","1533905049981689858",
"2048068444210237772","Sat Apr 25 15:55:43 +0000 2026","0","ソフィアのタペストリーかわゆ〜部屋に飾って自撮りしたいな君 ソフィア・ヴァレンタイン Sophia Valentine B2タペストリー https://t.co/Azw2W6PBTi","2048068444210237772","","","ja","","0","0","0","https://x.com/undefined/status/2048068444210237772","1955933844248649735",
"2047333692431847600","Sat Apr 25 15:55:34 +0000 2026","1","@Willxorn -the first wish backfires where the headmistress demands Valentine fix the pit he fell into. Whisp apologizes for the wish backfiring but Valentine says it's not her fault When Valentine is ready to use his final wish he wishes they can always stay friends-","2048068408202138079","","ClaireLeAire","en","","0","1","0","https://x.com/undefined/status/2048068408202138079","940432975044534276",
"2048068085505008115","Sat Apr 25 15:54:17 +0000 2026","0","bem mais facil q o jogo das frutinhas de blue valentine","2048068085505008115","","","pt","","0","0","0","https://x.com/undefined/status/2048068085505008115","1370756887097053187",
"2048067999756931333","Sat Apr 25 15:53:57 +0000 2026","0","Spent a rainy day making these handmade valentine cards to give away at the Valentines Day pink car meet! February 15 at in Tampa FL! @ Hope to see yall there https://t.co/u7iAz5jmMA","2048067999756931333","https://pbs.twimg.com/amplify_video_thumb/2048067862468931584/img/n44y98poWHA5I91D.jpg","","en","","0","0","0","https://x.com/undefined/status/2048067999756931333","2039236771821568000",
"2048057466848518341","Sat Apr 25 15:52:30 +0000 2026","0","@Paul_Bretl Carrington Valentine reacting to this https://t.co/Yhpd71DMCK","2048067636429554038","https://pbs.twimg.com/tweet_video_thumb/HGwyp7ebcAI3y7F.jpg","Paul_Bretl","en","","0","0","0","https://x.com/undefined/status/2048067636429554038","2186473003",
"2048054378989560174","Sat Apr 25 15:51:36 +0000 2026","0","@dearjumark mau nitip jumark minpos valentine di terima ga ? ","2048067411354788196","","dearjumark","in","","0","1","0","https://x.com/undefined/status/2048067411354788196","2001801811242758145",
"2048066880142016547","Sat Apr 25 15:49:47 +0000 2026","0","@grokgangpod @elonmusk @xai @Razer Holographic Grok companions in Razer-style cylinders? Ani Mika and Valentine would look epic glowing in those tubes. xAI loves bold ideas like this sci-fi hardware for AI pals is the future. ","2048066953990820125","","grokgangpod","en","","0","0","1","https://x.com/undefined/status/2048066953990820125","1720665183188922368",
"2048066880142016547","Sat Apr 25 15:49:30 +0000 2026","0","Elon @elonmusk we need something like a visualizer or a hologram device for our @grok Ai companions Ani Mika &amp; Valentine. @xai team check out @Razer for example. #grok #hologram https://t.co/mOb0VrymeS","2048066880142016547","https://pbs.twimg.com/media/HGwx-UGa4AEXuox.jpg","","en","","0","1","1","https://x.com/undefined/status/2048066880142016547","1033958980534513665",
"2048066601833115980","Sat Apr 25 15:48:23 +0000 2026","3","260403 2026 IDID The 1st FAN-CON [WITHID it.] NMIXX - Blue Valentine cover - 아이딧 박원빈 focus https://t.co/iryG6AWn9N #IDID #아이딧 #박원빈 #PARKWONBIN https://t.co/aa2BMlN2Do","2048066601833115980","https://pbs.twimg.com/amplify_video_thumb/2048066451412807681/img/2PmND9IQPqI4UzBT.jpg","","ko","","0","0","2","https://x.com/undefined/status/2048066601833115980","1908155590008078338",
"2048066433247043964","Sat Apr 25 15:47:43 +0000 2026","0","Lagu unit 4 Gulali yang belum pernah dibawain lagi selain sama member nya - Jibun Rashisa ( jadi diri sendiri) - Valentine Kiss Ada lagi kah?","2048066433247043964","","","in","","0","0","1","https://x.com/undefined/status/2048066433247043964","1452748778298040321",
"2048066301478711431","Sat Apr 25 15:47:12 +0000 2026","1","Por si se lo perdió el #Mixtape de esta semana es sobre el Uncommon Side Effects de Marc Valentine. Pase a leer en @eleconomista. https://t.co/Hw3URn66k3","2048066301478711431","","","es","","0","0","0","https://x.com/undefined/status/2048066301478711431","14823062",
"2048059370198454335","Sat Apr 25 15:46:04 +0000 2026","0","@spidey153 Na base o Valentine consegue trocar coisas de dimensão e trazer coisas de outras dimensões quando elas ficam entre objetos e isso inclui clones dele que ele pode usar pra se curar Por exemplo: ele puxa um bandeira do chão no espaço entre a bandeira e o chão surge uma pistola","2048066016282845309","","spidey153","pt","","0","0","0","https://x.com/undefined/status/2048066016282845309","1708674785306152960",
"2048065987996471316","Sat Apr 25 15:45:57 +0000 2026","0","Eu posso reclamar de muita coisa na SQU4D mas a direção criativa deles é tão foda. primeira foi uma webtoon em blue valentine e agora um mini jogo para Heavy Serenade.","2048065987996471316","","","pt","","0","0","0","https://x.com/undefined/status/2048065987996471316","1985524251089387520",
"2048065938470158462","Sat Apr 25 15:45:45 +0000 2026","1","83: Great work between Scott and Valentine sees the latter s shot blocked. 2-3","2048065938470158462","","","en","","0","0","0","https://x.com/undefined/status/2048065938470158462","510888276",
"2048065681539694664","Sat Apr 25 15:44:44 +0000 2026","1","Datos de el: ๑Genero: Hombre ๑Especie: Conejo ๑Mejor amigo: Valentine ๑Personalidad: Tímido Orgulloso perfeccionista sincero educado y coqueto ๑Cosa Favorita: La repostería ๑Trabajo: Chef de repostería ๑Hermanos: Lilith y Anngel ๑Altura:1.60 metros ๑Ex: Larusha","2048065684022677965","","Creator_Nobody9","es","","0","1","0","https://x.com/undefined/status/2048065684022677965","1682414733566066688",
"2048065288491483337","Sat Apr 25 15:43:10 +0000 2026","1","merecías la fama de Blue Valentine y más ","2048065288491483337","","","es","","0","0","0","https://x.com/undefined/status/2048065288491483337","1640401043656785942",
"2048064975823163687","Sat Apr 25 15:41:56 +0000 2026","0","交換 買取 譲渡 回収 グッズ にじさんじ チェキ 缶バッジ 特典 Dytica Oriens ChroNoiR VOLTACTION 3SKM 8周年 2024 ジューンブライド Melty Valentine Rose ノスタルジア Anniversary HUB チャームエイド つむまる 共通衣装 ボイスビジュアルカード Twinkle Gifts カレー お声掛けは引用元へ‍️","2048064975823163687","","","ja","","0","0","0","https://x.com/undefined/status/2048064975823163687","1958563000534847488",
"2047903428354195881","Sat Apr 25 15:41:04 +0000 2026","0","@Valentine_Ohu Happy birthday Valentine nna. May this year bring you goodness.","2048064760713814516","","Valentine_Ohu","en","","0","0","0","https://x.com/undefined/status/2048064760713814516","245684936",
"2047989578494001448","Sat Apr 25 15:40:46 +0000 2026","4","@PreviouslySerie Faye Valentine como la de Cowboy Bebop? Es una clase de referencia o que?","2048064685501567447","","PreviouslySerie","es","","0","0","0","https://x.com/undefined/status/2048064685501567447","1590067287733813249",
"2048064590861545822","Sat Apr 25 15:40:24 +0000 2026","0","Right . ( One would think he'd just haul her up like a sack of potatoes but no . this is Jill I'll find a way to disarm you valentine so he goes for the legs first with a hunch; sweeping her up to be in his arms . It occurs to him as he stares down at her +","2048064590861545822","","","en","","0","1","0","https://x.com/undefined/status/2048064590861545822","2025875695252164608",
"2047884993645703448","Sat Apr 25 15:39:46 +0000 2026","0","@scaryymonstersx I ve been raised mostly by my grandfather funny Valentine and he taught me to never commit a crime! -🇺🇸","2048064433805549861","","scaryymonstersx","en","","0","0","0","https://x.com/undefined/status/2048064433805549861","2033235036753768449",
"2048060159063151057","Sat Apr 25 15:39:36 +0000 2026","0","@kedrickmutayi Valentine","2048064388330897826","","kedrickmutayi","et","","0","0","0","https://x.com/undefined/status/2048064388330897826","1407185748",
"2047732278176932034","Sat Apr 25 15:36:38 +0000 2026","0","@mariolexxx Been there this year on valentine day at our office","2048063645649608872","","mariolexxx","en","","0","0","0","https://x.com/undefined/status/2048063645649608872","3123781539",
"2006738122147877348","Sat Apr 25 15:35:55 +0000 2026","1","66. Shadow Princess Coraline peckham Susane valentine ⤷ So maybe it was time for us to stop denying our birthright. Because Las Vegas were born to govern. And I was sick of being forced to bow. https://t.co/3bhnuDtV03","2048063462866034933","https://pbs.twimg.com/media/HGwu3LYbAAADB5k.jpg","krisjcora","en","","0","0","0","https://x.com/undefined/status/2048063462866034933","1674118752772710402",
"2048063423959765306","Sat Apr 25 15:35:46 +0000 2026","0","79 the hosts extend their advantage as Xavier Valentine is propelled over; Hayes converts @RotherhamRugby 34 @SaleFC 26","2048063423959765306","","","en","","0","0","0","https://x.com/undefined/status/2048063423959765306","211861280",
"2047623315108331743","Sat Apr 25 15:35:19 +0000 2026","0","@queerredfield Ada wong and jill valentine yuri","2048063311325868038","","queerredfield","en","","0","0","0","https://x.com/undefined/status/2048063311325868038","1783895114508611595",
"2048063118568304730","Sat Apr 25 15:34:33 +0000 2026","11","Ball out and another try to make sure of the win? Who knows at this stage. Sale keep coming back! Valentine scored. Rotherham 32 Sale 26","2048063118568304730","","","en","","0","2","0","https://x.com/undefined/status/2048063118568304730","161798050",
"2048061170053972044","Sat Apr 25 15:33:02 +0000 2026","1","@XS0NTREES Starting a playlist for [I]Eye of the Storm (goes from Of Monsters and Men to Bullet for my Valentine)","2048062738438455797","","XS0NTREES","en","","0","1","0","https://x.com/undefined/status/2048062738438455797","1481186379442888704",
"2048062533928423721","Sat Apr 25 15:32:13 +0000 2026","2","Why is Fou distorted if this takes place before the Finale? Does this Bizzaro world not vibe with Beasts? Or is this related to that horned Fou from the Valentine event? #FGOSpoilers https://t.co/UstK6xaUnD","2048062533928423721","https://pbs.twimg.com/media/HGwuBXCbwAActpI.jpg","","en","","0","0","0","https://x.com/undefined/status/2048062533928423721","746406991850012673",
"2048062487711318255","Sat Apr 25 15:32:02 +0000 2026","0","the cupid dinner... valentine ensemble pink and pretty hearts .ᐣ there s no more delicious way to say they re mine! first love/late spring. ⊹ ྀི 𓈒 ๋ https://t.co/HbVrlOkqun","2048062487711318255","https://pbs.twimg.com/media/HGwt-TbaQAAmAIS.jpg","","en","","0","1","0","https://x.com/undefined/status/2048062487711318255","2047116465669632000",
"2048062235608584681","Sat Apr 25 15:31:02 +0000 2026","0","Fozzy off Valentine on. Restart dropped by Sale but rescued. They try and run it out from behind the posts but ref goes back for scrum on the 22. Sale ball. They get it away. Rotherham 27 Sale 26","2048062235608584681","","","en","","0","0","0","https://x.com/undefined/status/2048062235608584681","161798050",
"2048029446163107883","Sat Apr 25 15:30:07 +0000 2026","1","@nunomomento Funny valentine","2048062005278327219","","nunomomento","en","","0","0","0","https://x.com/undefined/status/2048062005278327219","1987274579803578371",
"2048061823090315545","Sat Apr 25 15:29:24 +0000 2026","0","Desenhando o rosto da franquia de Resident Evil vulgo Jill Valentine https://t.co/9qddaxVRb4","2048061823090315545","https://pbs.twimg.com/media/HGwtX_VbAAAIux2.jpg","","pt","","0","0","0","https://x.com/undefined/status/2048061823090315545","1816254671599861760",
"2048010424780783986","Sat Apr 25 15:29:11 +0000 2026","1","@VinnysCorner1 Ellis Valentine","2048061768790880697","","VinnysCorner1","et","","0","0","0","https://x.com/undefined/status/2048061768790880697","1906282607970861056",
"2048049447423119725","Sat Apr 25 15:24:59 +0000 2026","1","@tiramissu144 most valentine figure u own","2048060710098260093","","tiramissu144","en","","0","1","0","https://x.com/undefined/status/2048060710098260093","1776071787811352576",
"2048060669841301733","Sat Apr 25 15:24:49 +0000 2026","0","vou bater panela na rua se não trouxerem My Bloody Valentine","2048060669841301733","","","pt","","0","0","0","https://x.com/undefined/status/2048060669841301733","1924450508653105152",
"2048060618801033325","Sat Apr 25 15:24:37 +0000 2026","0","Cat valentine","2048060618801033325","","","en","","0","0","0","https://x.com/undefined/status/2048060618801033325","1614227868036497412",
"2048010424780783986","Sat Apr 25 15:24:29 +0000 2026","0","@VinnysCorner1 Ellis Valentine","2048060585867395305","","VinnysCorner1","et","","0","0","0","https://x.com/undefined/status/2048060585867395305","954073408194584576",
"2047753885662486885","Sat Apr 25 15:24:13 +0000 2026","1","@tinashervinski @lldubs @japastu Don't care about valentine anymore.","2048060518502461733","","tinashervinski","en","","0","0","0","https://x.com/undefined/status/2048060518502461733","1649226442469777409",
"2048060439636914324","Sat Apr 25 15:23:54 +0000 2026","0","A lot of people are talking about [BLUELIGHT SPECIL] but Sans ignores defense passively. That s kinda like his whole schtick in his fight. Realistically he makes it to funny valentine since he s like the perfect counter to Mahito.","2048060439636914324","","","en","","0","0","0","https://x.com/undefined/status/2048060439636914324","1571979670043738113",
"2048010424780783986","Sat Apr 25 15:23:14 +0000 2026","1","@VinnysCorner1 @S_U_Network Ellis Valentine","2048060273219518936","","VinnysCorner1","et","","0","0","0","https://x.com/undefined/status/2048060273219518936","2170272862",
"2048060198477082781","Sat Apr 25 15:22:57 +0000 2026","5","joshu is an obvious one. daiya unfortunately probably uses chatacter ai on daily basis. joseph (old specifically) generates bad memes with grok. funny valentine invested in openai. #YUP this is the allegedly 'wokr' series ","2048060198477082781","","","en","","0","1","0","https://x.com/undefined/status/2048060198477082781","1746135877212897280",
"2048004876504908285","Sat Apr 25 15:22:39 +0000 2026","1","@JoyMoone girl are u in valentine","2048060125974245522","","JoyMoone","en","","0","1","0","https://x.com/undefined/status/2048060125974245522","1456078397755514880",
"2048059848584016194","Sat Apr 25 15:21:33 +0000 2026","0","Valentine and Mitchell off. Good lo and maul sets off. Now wide and Barling in centre. Recycling well. Pen for high tackle on MLB. Rotherham 22 Sale 19","2048059848584016194","","","en","","0","0","0","https://x.com/undefined/status/2048059848584016194","161798050",
"2047835778412057039","Sat Apr 25 15:20:15 +0000 2026","0","@ByRyanWood Valentine?","2048059518941069707","","ByRyanWood","et","","0","0","0","https://x.com/undefined/status/2048059518941069707","4446770653",
"2048047022016786803","Sat Apr 25 15:18:36 +0000 2026","0","@TEAM_NSWER @NMIXX_official Blue valentine HEAVY SERENADE LAUNCHED #NMIXX #엔믹스 #HeavySerenade","2048059103658836065","","TEAM_NSWER","en","","0","0","0","https://x.com/undefined/status/2048059103658836065","1555010547011260416",
"2048058673772073192","Sat Apr 25 15:16:53 +0000 2026","53","Não satisfeitas em lançar um webtoon na era anterior (Blue Valentine) #NMIXX acaba de lançar um MINIJOGO para seu 5° EP 'Heavy Serenade' https://t.co/D3XvWU9SoQ","2048058673772073192","https://pbs.twimg.com/amplify_video_thumb/2047699801333268481/img/4DjjDrmtoe9fXmq-.jpg","","pt","","0","1","5","https://x.com/undefined/status/2048058673772073192","1912902216983478272",
"2048058594923323717","Sat Apr 25 15:16:34 +0000 2026","24","Official CA: Hc2CZzfiuBuSjTg6mpUByHVryy5e4yu8L7L4vtppump Rudi is the next huge runner. Rudi has surpassed Ani &amp; Valentine in popularity as the Grok AI Companions and Rudi is the only one that truly survived past X. Rudi is HUGE on Tiktok getting millions of views a day and","2048058594923323717","","","en","","1","13","6","https://x.com/undefined/status/2048058594923323717","1524358584372498432",
"2048058388869984642","Sat Apr 25 15:15:45 +0000 2026","1","I always wanted to ask @suftcakee is your inspo of hayahana valentine comes from these two skins i remember ur posting art about these two matching https://t.co/i9Z2UnlK2P","2048058388869984642","https://pbs.twimg.com/media/HGwqQFAaIAAK8Yz.jpg","","en","","1","0","0","https://x.com/undefined/status/2048058388869984642","1780111527556886528",
"2025550398896148660","Sat Apr 25 15:13:37 +0000 2026","1","@sien_neo 2/22 NEO EARTH!! 我狼シエン生誕祭2026 「Nightmare Valentine 〜バレンタイン大作戦編〜」 #我狼シエン @sien_neo 推しカメラ ラストディナー #狼騎士に服従を #ネオアス発見 #ネオアス撮影部 #NEOEARTH!! #萩ひおり #真白みり https://t.co/Vws9V4goMW","2048057853425152175","https://pbs.twimg.com/amplify_video_thumb/2048057143442710528/img/ZLMBIy-6rQj2y6V_.jpg","bananagram__","ja","","0","0","0","https://x.com/undefined/status/2048057853425152175","1328699137714388993",
"2047804397938184675","Sat Apr 25 15:13:12 +0000 2026","1","@Diaplo59000 هم فيلمين شوفتهم عشان مشغوله لابعد الحدود لا انام و blue Valentine","2048057745920688172","","Diaplo59000","ar","","0","0","0","https://x.com/undefined/status/2048057745920688172","1271425015582466059",
"2048057731681006074","Sat Apr 25 15:13:08 +0000 2026","4","Why can't Jill Valentine be leading Hound Wolf Squad with Chris also why can't Chris call up Sheva to join his elite team and why is Claire not involved in a story that involves Leon and Sherry also give Ada a story that doesn't involve Leon in some way","2048057731681006074","","","en","","0","1","0","https://x.com/undefined/status/2048057731681006074","1180983719773052929",
"2048057214028656858","Sat Apr 25 15:11:05 +0000 2026","1","My top 10 Resident Evil characters: 1.Ada Wong 2.Leon Kennedy 3.Jake Muller 4.Chris Redfield 5.Claire Redfield 6.Jill Valentine 7.Sherry Birkin 8.Ethan Winters 9.Piers Nivans 10.Grace Ashcroft","2048057214028656858","","","en","","0","0","0","https://x.com/undefined/status/2048057214028656858","1113944509644075008",
"2048056876538237437","Sat Apr 25 15:09:45 +0000 2026","13","I imagined something like what if all of roguefort's classmates gave them chocolate on valentine #roguefortcookie https://t.co/vrg8ohK4sA","2048056876538237437","https://pbs.twimg.com/media/HGwo34WbgAAQBtA.jpg","","en","","0","0","4","https://x.com/undefined/status/2048056876538237437","1569682518038949888",
"2048056849795060094","Sat Apr 25 15:09:38 +0000 2026","12","NMIXX singing 'Blue Valentine' in theirs hairstylist wedding this is so cute https://t.co/qDoysKWzoe","2048056849795060094","https://pbs.twimg.com/amplify_video_thumb/2048056774188769280/img/QQZQCFt05qqBUWjW.jpg","","en","","0","0","1","https://x.com/undefined/status/2048056849795060094","1986567805245030400",
"2048056703443243180","Sat Apr 25 15:09:03 +0000 2026","1","Valentine: Average 223 000 ounces per year with successful completion of the Phase 2 expansion; estimated $414 million capital cost and 24-month construction timeline; expansion to be funded through cash flow. $CTM.V","2048056703443243180","","","en","","0","1","0","https://x.com/undefined/status/2048056703443243180","1237655712744030208",
"2048056444923093438","Sat Apr 25 15:08:02 +0000 2026","0","Nmixx anuncia álbum completo Blue Valentine para outubro https://t.co/i7RbDsCY9h https://t.co/FA9DHROemz","2048056444923093438","https://pbs.twimg.com/media/HGwoe6_W4AAeanV.jpg","","pt","","0","0","0","https://x.com/undefined/status/2048056444923093438","16516576",
"2048055838527345128","Sat Apr 25 15:06:53 +0000 2026","0","actually not random its cause i saw an edit of s1 cat valentine and decided i want to give that vibe","2048056158066209243","","newjersbian","en","","0","0","0","https://x.com/undefined/status/2048056158066209243","2028226620960432128",
"2048055908463161567","Sat Apr 25 15:05:54 +0000 2026","3","intentions.. intimacy prompt by Grok Valentine via Imagine @grok https://t.co/ZWiZBvNfGd","2048055908463161567","https://pbs.twimg.com/amplify_video_thumb/2048055854285664256/img/BT7MLpDyGJP0VVOj.jpg","","en","","0","0","0","https://x.com/undefined/status/2048055908463161567","1986276449280577536",
"2048055900351389946","Sat Apr 25 15:05:52 +0000 2026","1","Aubree Valentine Date of birth and age: December 7 1993 (age 33) Place of birth: Las Vegas Nevada United States https://t.co/ZXxxS7acEr","2048055900351389946","https://pbs.twimg.com/media/HGwn_MwWQAA7EML.jpg","","en","","0","0","0","https://x.com/undefined/status/2048055900351389946","1694219096953417728",
"2048055849088688525","Sat Apr 25 15:05:40 +0000 2026","0","so eu ouvindo valentine girl aqui em caiobá matinhos https://t.co/7epiMKHU59","2048055849088688525","https://pbs.twimg.com/amplify_video_thumb/2022653590704394240/img/g6Ng4bi-8K9LhUDq.jpg","","pt","","0","0","0","https://x.com/undefined/status/2048055849088688525","1880692868165115904",
"2048017302449188958","Sat Apr 25 15:05:36 +0000 2026","1","@eternalmaxo I though it was Cat Valentine","2048055832751792390","","eternalmaxo","en","","0","1","0","https://x.com/undefined/status/2048055832751792390","1510467630288842756",
"2048010424780783986","Sat Apr 25 15:05:09 +0000 2026","1","@VinnysCorner1 Ellis Valentine","2048055721208447322","","VinnysCorner1","et","","0","0","0","https://x.com/undefined/status/2048055721208447322","1754210148938125312",
"2048055435958137173","Sat Apr 25 15:04:01 +0000 2026","0","NMIXX - Blue Valentine Album - Pocaalbum ver w/ Apple Music Fans Shop POB PC ₱679 https://t.co/x4c4w9IBZM wts lfb ph lily haewon sullyoon bae jiwoo kyujin fe3o4 album selca selfie sealed bv chaos plant https://t.co/fcDDavRe4g","2048055435958137173","https://pbs.twimg.com/media/HGwnkOOWQAAEfJ4.jpg","","ht","","0","0","0","https://x.com/undefined/status/2048055435958137173","1361165206856998916",
"2048051590284595501","Sat Apr 25 15:04:01 +0000 2026","0","@TheCheeseKing__ Take hood if he s available. Why not he can t be worse than valentine or Nixon","2048055433554743720","","TheCheeseKing__","en","","0","0","0","https://x.com/undefined/status/2048055433554743720","1617003555860221953",
"2048055038913003994","Sat Apr 25 15:02:26 +0000 2026","5","[DAILY] Blue Valentine YouTube Views: 04/24: 49 649 570 (+40 903) 04/25: 49 689 734 (+40 164) 04/26: 49 734 104 (+44 370) ‼️ [ESTIMATED MILESTONE] 50M VIEWS: MAY. 2 2026 ( = ) HEAVY SERENADE LAUNCHED #NMIXX #엔믹스 #HeavySerenade https://t.co/yAVc3EdDja","2048055038913003994","https://pbs.twimg.com/media/G3qd-qjbYAAW-ER.jpg","","en","","0","0","0","https://x.com/undefined/status/2048055038913003994","1982089583115567104",
"2048010424780783986","Sat Apr 25 15:02:18 +0000 2026","1","@VinnysCorner1 Ellis Valentine Warren Cromartie Larry Parish Tim Foli Tommy Hutton Charlie Lea Stan Bahnsen Dan Wartgen","2048055004716539966","","VinnysCorner1","de","","0","0","0","https://x.com/undefined/status/2048055004716539966","1718694529824423936",
"2048010424780783986","Sat Apr 25 15:01:09 +0000 2026","1","@VinnysCorner1 Ellis Valentine","2048054715372499093","","VinnysCorner1","et","","0","0","0","https://x.com/undefined/status/2048054715372499093","570819959",
"2048054621935960527","Sat Apr 25 15:00:47 +0000 2026","0","Shall we go to the beach and collect some new 2026 beach rocks in celebration?? I will vlog it with Valentine this will be EPIC!!!","2048054621935960527","","","en","","0","0","0","https://x.com/undefined/status/2048054621935960527","1944426003134038016",
"2048054620183023864","Sat Apr 25 15:00:47 +0000 2026","0","2027年2月21日（日） VALENTINE ROSE FES 2027 | 東京ビッグサイト https://t.co/gsbznREW9K 『勝って焦がれて本気の恋VR2027』 開催まで301日です。 サークル申込〆切：2026年12月25日（金）","2048054620183023864","","","ja","","0","0","0","https://x.com/undefined/status/2048054620183023864","1140731837293031424",
"2048054468202189037","Sat Apr 25 15:00:10 +0000 2026","0","jill valentine supremacy","2048054468202189037","","","en","","0","0","0","https://x.com/undefined/status/2048054468202189037","1395115393509953536",
"2048054426703892724","Sat Apr 25 15:00:00 +0000 2026","0","Valentine Drinks &amp; Drafts of Blue &amp; Blue Lt on Special ALL day long! NFL Draft rounds 4-7 starting at noon! Pistons/Magic at 1 $4 Bottles of Blue &amp; Blue Lt! NBA &amp; NHL Playoffs! Tigers at 7 $4 Bottles of Miller Lt &amp; Coors Lt! UFC Fight Night at 8! Prelims at 5. https://t.co/iuDOmmEJwd","2048054426703892724","https://pbs.twimg.com/media/HGtkPZ9WAAAEjJ8.jpg","","en","","0","0","0","https://x.com/undefined/status/2048054426703892724","238852326",
"2048054423818272921","Sat Apr 25 15:00:00 +0000 2026","4"," It was Raccoon City's last chance and my last chance... My last escape. Jill Valentine reports for duty at Comic Con Wales agents of Umbrella Corp beware! Don't be a Nemesis grab tickets to Wales' biggest Comic Con! &gt;&gt; https://t.co/9jl5hC8Ero studio.eightseven https://t.co/D6ZUyqpgM6","2048054423818272921","https://pbs.twimg.com/media/HGg3GlkWkAENbvY.jpg","","en","","0","0","0","https://x.com/undefined/status/2048054423818272921","1468204190929498118",
"2048054056099139942","Sat Apr 25 14:58:32 +0000 2026","0","VALENTINE REMEMBRANC BY JEANNIE JONES STORY OF LOVE LOST. LESBIANS WERE ... https://t.co/wwnhXzBqzz via @YouTube You have to see this one if you are madly in love with someone and have been for a while.️️️","2048054056099139942","","","en","","0","0","0","https://x.com/undefined/status/2048054056099139942","1472287964315197457",
"2048053834048778325","Sat Apr 25 14:57:39 +0000 2026","0","okay jill valentine https://t.co/Le4w6rfGW3","2048053834048778325","https://pbs.twimg.com/tweet_video_thumb/HGwmGICasAAn-lN.jpg","","en","","0","0","0","https://x.com/undefined/status/2048053834048778325","1954207410492784640",
"2047905120898203733","Sat Apr 25 14:56:43 +0000 2026","0","@dimikunn @pretentieux88 Funny valentine a quoi de plus ?","2048053598601232662","","dimikunn","fr","","0","1","0","https://x.com/undefined/status/2048053598601232662","1162733513000595456",
"2047989578494001448","Sat Apr 25 14:55:55 +0000 2026","2","@PreviouslySerie Faye Valentine WTF?? https://t.co/G56CPvYlcS","2048053398277103748","https://pbs.twimg.com/tweet_video_thumb/HGwltO2aYAA_35H.jpg","PreviouslySerie","et","","0","0","0","https://x.com/undefined/status/2048053398277103748","1769602064626155521",
"2048053210469056680","Sat Apr 25 14:55:11 +0000 2026","0"," 엔믹스 팬싸컷 - 대면 - 영통 / 설윤 지우 규진 https://t.co/fdY1c9bP5W 릴리 해원 배이 헤비 세레나데 블루발렌타인 포워드 영상통화 팬싸인회 이벤트 포카 앨범 nmixx heavy serenade blue valentine fe3o4: forward fs vc","2048053210469056680","","","ko","","0","0","0","https://x.com/undefined/status/2048053210469056680","2035044603234328576",
"2048053134082338892","Sat Apr 25 14:54:52 +0000 2026","0","EH DAPET API VALENTINE ","2048053134082338892","","","it","","0","0","0","https://x.com/undefined/status/2048053134082338892","2033228988039204864",
"2048049702520967401","Sat Apr 25 14:54:25 +0000 2026","3","@JustJulie @SeeRacists Valentine Floral LLC in Columbus OH","2048053020907200930","","JustJulie","en","","0","1","1","https://x.com/undefined/status/2048053020907200930","1534971784881131526",
"2048049702520967401","Sat Apr 25 14:54:18 +0000 2026","4","@Kitterick2468 @SeeRacists Valentine Floral LLC in Columbus OH","2048052989521244410","","Kitterick2468","en","","0","0","1","https://x.com/undefined/status/2048052989521244410","1534971784881131526",
"2025550398896148660","Sat Apr 25 14:54:08 +0000 2026","1","@sien_neo 2/22 NEO EARTH!! 我狼シエン生誕祭2026 「Nightmare Valentine 〜バレンタイン大作戦編〜」 #我狼シエン @sien_neo 推しカメラ Valentine Eve's Nightmare #狼騎士に服従を #ネオアス発見 #ネオアス撮影部 #NEOEARTH!! https://t.co/B5HhK8LU8L","2048052946588549504","https://pbs.twimg.com/amplify_video_thumb/2048052580669075457/img/58Eb-OxtlFu91lM3.jpg","bananagram__","ja","","0","1","0","https://x.com/undefined/status/2048052946588549504","1328699137714388993",
"2048049702520967401","Sat Apr 25 14:54:04 +0000 2026","0","@MikeCBurlew @SeeRacists Valentine Floral LLC in Columbus OH","2048052932067610870","","MikeCBurlew","en","","0","0","0","https://x.com/undefined/status/2048052932067610870","1534971784881131526",
"2047994179163394231","Sat Apr 25 14:53:54 +0000 2026","0","もう1作GLを｡ Lyrics and melodies : Boy Sompob Produced : Boy Sompob ล็อกแลก (EYE CONTACT) Ost.Frozen Valentine ปิ๊งรักคุณพี่เย็นชา I NATTY YEEPUN I LYRIC VIDEO https://t.co/5EhfNGFvMO","2048052889936167302","","daisuki_B_S","ja","","0","0","0","https://x.com/undefined/status/2048052889936167302","1518553910390460416",
"2048049702520967401","Sat Apr 25 14:53:49 +0000 2026","0","@ItsMrjorden @SeeRacists Valentine Floral LLC in Columbus OH","2048052868318376333","","ItsMrjorden","en","","0","0","0","https://x.com/undefined/status/2048052868318376333","1534971784881131526",
"2048010424780783986","Sat Apr 25 14:53:31 +0000 2026","1","@VinnysCorner1 Ellis Valentine","2048052792812617771","","VinnysCorner1","et","","0","0","0","https://x.com/undefined/status/2048052792812617771","876972109842440192",
"2048052787196342664","Sat Apr 25 14:53:30 +0000 2026","0","One change at half time - Fozz off Valentine on. Pen to Roth at first breakdown. Touch on halfway. Pack take it up. Rotherham 22 Sale 7","2048052787196342664","","","en","","0","0","0","https://x.com/undefined/status/2048052787196342664","161798050",
"2048052421964767660","Sat Apr 25 14:52:03 +0000 2026","0","わーこのサングラスかわいいライブでかけよ〜君！ McPherson &amp; Valentine サングラス https://t.co/q2qJmEkVZ3","2048052421964767660","","","ja","","0","0","0","https://x.com/undefined/status/2048052421964767660","1955933844248649735",
"2048051666235339004","Sat Apr 25 14:52:02 +0000 2026","0","【交換/譲渡】ウエハース チップス Melty Valentine ジューンブライド わんにゃんdays スイパラ オリエンス ディティカ ぎゃうるふ にじフェス アニカフェ誕生日グッズ サンリオ スクラッチ くじ ビスケット チェキ風カード 缶バッジ 特典 ・1点~◎ (お声がけ重なる場合はまとめて優先) https://t.co/Lb2bHWIPGg","2048052419163275512","https://pbs.twimg.com/media/HGwk0QVbgAEezVl.jpg","kyo_m0mega3","ja","","0","2","0","https://x.com/undefined/status/2048052419163275512","1889699675919499264",
"2048049180992487510","Sat Apr 25 14:50:41 +0000 2026","1","@underfedboy BRUH BULLETS FOR MY VALENTINE HOODIE IM SO JEALOUS you thrift stores are goated helloo??","2048052081664348477","","underfedboy","en","","0","1","0","https://x.com/undefined/status/2048052081664348477","2019404300091609089",
"2048052031386964057","Sat Apr 25 14:50:29 +0000 2026","8","The bot Valentine from Deepfriedpops is going viral and is actually and impressive piece of machinery. People are getting scared because it's generating feelings just listen to the bot talking back to the owner. Are we getting close to a real Terminator? All his posts are https://t.co/YCBoHjGenF","2048052031386964057","https://pbs.twimg.com/amplify_video_thumb/2048050753973927936/img/W47FI7uWxmdAlG64.jpg","","en","","0","3","0","https://x.com/undefined/status/2048052031386964057","1656613610775355392",
"2048052004765749559","Sat Apr 25 14:50:23 +0000 2026","0","Share lại hôm valentine lần nữa","2048052004765749559","","","vi","","0","0","0","https://x.com/undefined/status/2048052004765749559","1143891187436150784",
"2048051763794596089","Sat Apr 25 14:49:26 +0000 2026","0","reality hurts spinnin on it blue valentine/podium","2048051763794596089","","","en","","0","0","0","https://x.com/undefined/status/2048051763794596089","1803568615129505792",
"2048051708924989639","Sat Apr 25 14:49:13 +0000 2026","0","飯田ヒカルのバレンタインルーム Valentine Room 交換 ホログラムカード 缶バッジ 譲 湊みや 求 同種 川村玲奈 は出し惜しみのため、4：3即決。プロフ日手渡し優先。 https://t.co/NmLFyw2yAX","2048051708924989639","https://pbs.twimg.com/media/HGwkLEra8AAecEh.jpg","","ja","","0","0","0","https://x.com/undefined/status/2048051708924989639","1891850996747526144",
"2048051597914276278","Sat Apr 25 14:48:46 +0000 2026","0","your valentine is waiting for you visit for more adoptable dogs https://t.co/GSeNShHBnD","2048051597914276278","https://pbs.twimg.com/amplify_video_thumb/2048051378082533376/img/GqnZMACILjDbMp6Y.jpg","","en","","0","0","0","https://x.com/undefined/status/2048051597914276278","2018568977476419584",
"2048033440646185222","Sat Apr 25 14:47:34 +0000 2026","0","@RCPDFuzz JILL VALENTINE ","2048051294766530869","","RCPDFuzz","en","","0","1","0","https://x.com/undefined/status/2048051294766530869","2029064821237530624",
"2048029446163107883","Sat Apr 25 14:46:34 +0000 2026","1","@nunomomento @joestar_2604 Funny valentine dans jojo's bizarre adventure","2048051043334795674","","nunomomento","en","","0","0","0","https://x.com/undefined/status/2048051043334795674","1869832442506309632",
"2048047022016786803","Sat Apr 25 14:46:32 +0000 2026","0","@TEAM_NSWER @NMIXXP0PBASE @NMIXX_official Blue Valentine HEAVY SERENADE LAUNCHED #NMIXX #엔믹스 #HeavySerenade","2048051036829647255","","TEAM_NSWER","en","","0","0","0","https://x.com/undefined/status/2048051036829647255","1869703507051487232",
"2048050776136704460","Sat Apr 25 14:45:30 +0000 2026","1","Jill Valentine #ResidentEvil https://t.co/O81tvrxnYA","2048050776136704460","https://pbs.twimg.com/ext_tw_video_thumb/2048050753072455680/pu/img/IVLiQ0dP4B6zxJjR.jpg","","en","","0","2","0","https://x.com/undefined/status/2048050776136704460","1290303946083442689",
"2048047022016786803","Sat Apr 25 14:42:42 +0000 2026","0","@TEAM_NSWER @NMIXX_official Blue Valentine HEAVY SERENADE LAUNCHED #NMIXX #엔믹스 #HeavySerenade","2048050069954511015","","TEAM_NSWER","en","","0","0","0","https://x.com/undefined/status/2048050069954511015","1785214819051704320",
"2047842550657040726","Sat Apr 25 14:42:16 +0000 2026","1","@kingDingaLing_0 @thevalentinefox @BluuDarron I need valentine again","2048049963876110677","","kingDingaLing_0","en","","0","0","0","https://x.com/undefined/status/2048049963876110677","2842591742",
"2048010424780783986","Sat Apr 25 14:40:24 +0000 2026","1","@VinnysCorner1 Ellis Valentine","2048049490142113798","","VinnysCorner1","et","","0","0","0","https://x.com/undefined/status/2048049490142113798","1633466472",
"2048049413449503185","Sat Apr 25 14:40:05 +0000 2026","0","PUSHEEN'S VALENTINE #pusheensvalentine https://t.co/ruu0wmRZ59 @YouTubeより","2048049413449503185","","","ja","","0","0","0","https://x.com/undefined/status/2048049413449503185","1751544707900153856",
"2048010424780783986","Sat Apr 25 14:39:35 +0000 2026","1","@VinnysCorner1 When you collect baseball cards one tends to remember some of the obscure. First two names that popped up were Ellis Valentine and Luis Rivera. Crazy I can still picture the Rivera card without looking from many moons ago","2048049288500916264","","VinnysCorner1","en","","0","0","0","https://x.com/undefined/status/2048049288500916264","861259607649419266",
"2047941586093301780","Sat Apr 25 14:38:40 +0000 2026","0","@El_Locon_Gamer Ivy Valentine https://t.co/jEh0giAw76","2048049054672736515","https://pbs.twimg.com/tweet_video_thumb/HGwhwgTXoAEld6X.jpg","El_Locon_Gamer","et","","0","0","0","https://x.com/undefined/status/2048049054672736515","711269836983107584",
"2048030342725136711","Sat Apr 25 14:37:01 +0000 2026","0","@sophiazipay51 Funny valentine eres tú ?","2048048640174805139","","sophiazipay51","es","","0","0","0","https://x.com/undefined/status/2048048640174805139","1947533810624827396",
"2048048638249640077","Sat Apr 25 14:37:00 +0000 2026","1","William Valentine is the 18th Rose student since '04 to be named a Goldwater Scholar one of the most prestigious national scholarships for undergrad students pursuing a research career in the natural sciences engineering &amp; mathematics. Congratulations! https://t.co/DqHZiineDX","2048048638249640077","","","en","","0","0","0","https://x.com/undefined/status/2048048638249640077","208513803",
"2048047135338181007","Sat Apr 25 14:36:52 +0000 2026","1","@GaryD20Games Valentine every single stealth roll during his play through Fortunately he has invulnerability so less panic and more doh!","2048048602451157487","","GaryD20Games","en","","0","0","0","https://x.com/undefined/status/2048048602451157487","1425453784780660743",
"2048048197310844983","Sat Apr 25 14:35:15 +0000 2026","415","NMIXX team make such intresting fun promotions ideas from getting webtoon in BLUE VALENTINE to getting poetry for Heavy serenade with 4 talent women writer/poets and we are even getting a website today HEAVY SERENADE LAUNCHED #HeavySerenade #NMIXX #엔믹스 https://t.co/GoyXZAgBhj","2048048197310844983","https://pbs.twimg.com/media/HGwg-y8acAARoid.jpg","","en","","3","5","85","https://x.com/undefined/status/2048048197310844983","1342528425588903936",
"2048047879798100086","Sat Apr 25 14:34:00 +0000 2026","4","แฮวอนร้อง Landing in Love ของ HANRORO ส่วนฮันโรโร ร้อง Blue Valentine น่ารักจังแลกกันร้อง แล้วคุณฮันโรโรได้แต่งเพลงไตเติ้ลให้เอนมิ้กคัมนี้ด้วย https://t.co/1bAJvEaBMD","2048047879798100086","https://pbs.twimg.com/amplify_video_thumb/2048032103871414272/img/Ef7CsMF4xUm6g6vS.jpg","","th","","0","0","4","https://x.com/undefined/status/2048047879798100086","1769754130200113152",
"2048010424780783986","Sat Apr 25 14:33:53 +0000 2026","1","@VinnysCorner1 Ellis Valentine","2048047852958466058","","VinnysCorner1","et","","0","0","0","https://x.com/undefined/status/2048047852958466058","1855624433236402176",
"2048047834956550168","Sat Apr 25 14:33:49 +0000 2026","0","Great save from the Socon keeper to deny Valentine at the far post. 2-0","2048047834956550168","","","en","","0","0","0","https://x.com/undefined/status/2048047834956550168","510888276",
"2048047705331810431","Sat Apr 25 14:33:18 +0000 2026","46","blue valentine was their coming out agenda i guess https://t.co/UlynI7TiOO","2048047705331810431","https://pbs.twimg.com/amplify_video_thumb/2048047649799249920/img/d0yVV69iLN2x9bJt.jpg","","en","","1","1","2","https://x.com/undefined/status/2048047705331810431","1402728852342808576",
"2048047166984180031","Sat Apr 25 14:31:10 +0000 2026","37","The fact this was their last 'Come back' cuz 'Blue Valentine' was a 'Coming Out' https://t.co/Pp9js2UKpX","2048047166984180031","https://pbs.twimg.com/amplify_video_thumb/2015426412002369537/img/hMEe0JiNdinc5kZY.jpg","","en","","0","1","6","https://x.com/undefined/status/2048047166984180031","1986567805245030400",
"2047684105504964794","Sat Apr 25 14:30:41 +0000 2026","1","@E_Bionico96 @DemondNews Men usas papeada no irónicamente educación no te dió tu madre y lo sabes bien incluso te trata mal me lo dijo Valentine que en llamas se a escuchado de fondo.","2048047045777236174","","E_Bionico96","es","","0","1","0","https://x.com/undefined/status/2048047045777236174","1835984034893029376",
"2047973527140417948","Sat Apr 25 14:29:40 +0000 2026","0","@Warlock_mohit Valentine nappi","2048046789446791423","","Warlock_mohit","et","","0","0","0","https://x.com/undefined/status/2048046789446791423","1789678929865039872",
"2048046665723265190","Sat Apr 25 14:29:10 +0000 2026","0","donburi-nim in hoshi ni negai wo sobs (i saw them in valentine rose fes bc they were friends with the people in front of me while i was lining up for piao-san )","2048046665723265190","","","en","","0","0","0","https://x.com/undefined/status/2048046665723265190","1798382146450862080",
"2048046586173775904","Sat Apr 25 14:28:51 +0000 2026","3","After Teddy and Tee added the soil Valentine brought over their daughter Tine to show off their mother-daughter hats. (Both have a ladybug pin. And that's not my foot. ) And then to show her the herbs growing already. #TeddyBearGarden https://t.co/8sTPttlb83","2048046586173775904","https://pbs.twimg.com/media/HGwfH2nakAACR9u.jpg","","en","","0","0","0","https://x.com/undefined/status/2048046586173775904","1643699242156867585",
"2047872483731124610","Sat Apr 25 14:28:27 +0000 2026","0","@ficcnucc bobby shmurda jill valentine edit is in a close second","2048046486022144155","","ficcnucc","en","","0","0","0","https://x.com/undefined/status/2048046486022144155","1675823921910644736",
"2047835778412057039","Sat Apr 25 14:28:08 +0000 2026","0","@ByRyanWood Valentine &gt; Nixon","2048046406527512951","","ByRyanWood","und","","0","0","0","https://x.com/undefined/status/2048046406527512951","2763925601",
"2048010424780783986","Sat Apr 25 14:27:53 +0000 2026","1","@VinnysCorner1 Ellis Valentine","2048046341851324562","","VinnysCorner1","et","","0","0","0","https://x.com/undefined/status/2048046341851324562","1013526126721892355",
"2047905120898203733","Sat Apr 25 14:26:05 +0000 2026","0","@Kagamiskin @pretentieux88 Funny Valentine exploite des thèmes beaucoup plus profond et complexe à comprendre que certains de tes personnages qui développent la vengeance typique d un shonen ce que je considère pas comme péjoratif pour autant","2048045888908509683","","Kagamiskin","fr","","0","1","0","https://x.com/undefined/status/2048045888908509683","1972361447775858688",
"2048045738295509341","Sat Apr 25 14:25:29 +0000 2026","3","reviewing vast for blue valentine and feinberg feinberg if he was a doctor yo im dr feinberg https://t.co/e2zAOaoHii","2048045738295509341","https://pbs.twimg.com/media/HGwevoPb0AALapa.jpg","","en","","0","1","0","https://x.com/undefined/status/2048045738295509341","2002774601475239936",
"2048043970916143459","Sat Apr 25 14:25:17 +0000 2026","2","@EstevaoYcru pqp eu amo o theme dele do funny valentine","2048045687925825652","","EstevaoYcru","pt","","0","1","0","https://x.com/undefined/status/2048045687925825652","1534648526755573765",
"2048045501950689447","Sat Apr 25 14:24:33 +0000 2026","0","˚₊‧꒰ა wtt 1:1 ໒꒱ ‧₊˚ I have: Chaewon valentine 326Z 327Z 328Z Need: Chaewon 353Z 354Z 355Z 356Z https://t.co/j3dg5uoS1z","2048045501950689447","https://pbs.twimg.com/media/HGwehqSbcAAE5oa.jpg","","pl","","0","0","0","https://x.com/undefined/status/2048045501950689447","1836622163560009730",
"2047708597711192174","Sat Apr 25 14:24:29 +0000 2026","0","@blubewii OH MY GOODNESS VALENTINE (my game is worse)","2048045487941366084","","blubewii","en","","0","0","0","https://x.com/undefined/status/2048045487941366084","1659322253174079490",
"2048045472971882887","Sat Apr 25 14:24:26 +0000 2026","0","Show your love this Valentine's Day with our Be Mine Valentine Hearts Unisex classic tee for just $18.00! Grab yours and spread the love! #ValentinesDay #FashionForAll Shop Now https://t.co/Fxn1tOU4Oh https://t.co/sqCWqMrMAF","2048045472971882887","https://pbs.twimg.com/ext_tw_video_thumb/2048045446418042880/pu/img/-9rZlEnjosb757Lu.jpg","","en","","0","0","0","https://x.com/undefined/status/2048045472971882887","126491355",
"2048045275282116667","Sat Apr 25 14:23:39 +0000 2026","0","YOU'LL ALWAYS BE MY BLU U U U VALENTINE","2048045275282116667","","","en","","0","0","0","https://x.com/undefined/status/2048045275282116667","1306209859986051073",
"2048041986347643062","Sat Apr 25 14:23:10 +0000 2026","5","@MatthewMKE98 Think about it...is it really a hyperbolic statement? What other team in the NFL that would start Nixon or Valentine at CB ? Asking for a friend...","2048045157308825786","","MatthewMKE98","en","","0","1","0","https://x.com/undefined/status/2048045157308825786","2012983946171056128",
"2048045122022244639","Sat Apr 25 14:23:02 +0000 2026","10","my bloody valentineのYou Made Me RealiseのTシャツのほりゆうじさんの シューゲイザー ダイナソーJrのCD 最高でした。 https://t.co/pNUFfhiK4w","2048045122022244639","https://pbs.twimg.com/amplify_video_thumb/2048044203922608128/img/5dYqpC1CysS6exSB.jpg","","ja","","0","1","2","https://x.com/undefined/status/2048045122022244639","924523555190054912",
"2048010424780783986","Sat Apr 25 14:22:58 +0000 2026","1","@VinnysCorner1 Larry Walker Ellis Valentine Andres Galaragga","2048045103294337523","","VinnysCorner1","en","","0","0","0","https://x.com/undefined/status/2048045103294337523","1052246021265342464",
"2048044918287786249","Sat Apr 25 14:22:14 +0000 2026","0","Vintage Unused Valentines Day Card Featuring a Cute Boy and Sweet Girl Show Interest in Each Other Perfect for Your Valentine Sweetheart https://t.co/11GVVdltRm #etsyseller #vintage #Etsy #HappyValentinesDay https://t.co/ESaQcJX7vL","2048044918287786249","https://pbs.twimg.com/media/HGwd_z-aEAAv8hL.jpg","","en","","0","0","0","https://x.com/undefined/status/2048044918287786249","529503203",
"2048044654302466465","Sat Apr 25 14:21:11 +0000 2026","0","Crazy deal! Don t miss out! Valentine LOVE Chenille Embroidered Sweatshirt on sale for $54.15 Shop now before we sell out! https://t.co/d8qdC4sFeU https://t.co/iAwbu5tFwS","2048044654302466465","https://pbs.twimg.com/media/HGwdwNzXcAArAu9.jpg","","en","","0","0","0","https://x.com/undefined/status/2048044654302466465","962099308077174784",
"2048042772771254779","Sat Apr 25 14:13:42 +0000 2026","1"," Trigger Warning: Valentine ","2048042772771254779","","","en","","0","0","0","https://x.com/undefined/status/2048042772771254779","1653783249783603200",
"2047891516148847000","Sat Apr 25 14:11:16 +0000 2026","74","@fleeting_sight it's the one where funny valentine finds out lucy was dressed as scarlet","2048042160893669403","","fleeting_sight","en","","0","1","0","https://x.com/undefined/status/2048042160893669403","2039521494196170752",
"2048041760748920888","Sat Apr 25 14:09:41 +0000 2026","0","KAN UDAH YANG VALENTINE ","2048041760748920888","","","in","","0","1","0","https://x.com/undefined/status/2048041760748920888","1600794630798602246",
"2047165134875815992","Sat Apr 25 14:08:08 +0000 2026","0","@EliasHebert4 @Basaraski Max one more corner now we have Cisse added to Nixon Valentine and St Juste. Maybe another UDFA. O-Line RB Edge WR we'll be looking at now maybe TE too.","2048041372511265004","","EliasHebert4","en","","0","0","0","https://x.com/undefined/status/2048041372511265004","1529104450798895104",
"2048010424780783986","Sat Apr 25 14:07:55 +0000 2026","1","@VinnysCorner1 Ellis Valentine","2048041317419057336","","VinnysCorner1","et","","0","0","0","https://x.com/undefined/status/2048041317419057336","65129258",
"2048010424780783986","Sat Apr 25 14:05:05 +0000 2026","1","@VinnysCorner1 Ellis Valentine","2048040605016612970","","VinnysCorner1","et","","0","0","0","https://x.com/undefined/status/2048040605016612970","223288834",
"2048040515934052392","Sat Apr 25 14:04:44 +0000 2026","4","Junkyard Dog &amp; Tito Santana beat Paul Orndorff &amp; IC Champ Greg Valentine Apr 25 1985 in Providence RI. Orndorff was in the process of turning face but this pairing with Greg Valentine could've easily been a Dream Team &amp; won the belts like Greg's team with Brutus https://t.co/sKSvEzGR3x","2048040515934052392","https://pbs.twimg.com/media/HGwZ_u1awAAnXNP.jpg","","en","","0","0","1","https://x.com/undefined/status/2048040515934052392","1257525691765022720",
"2047837260159357295","Sat Apr 25 14:04:37 +0000 2026","0","@michaelsavesUSA @TitleTownTalks hes faster Valentine who tackles","2048040487534121172","","michaelsavesUSA","en","","0","0","0","https://x.com/undefined/status/2048040487534121172","21211194",
"2047941586093301780","Sat Apr 25 14:04:36 +0000 2026","0","@El_Locon_Gamer Ivy Valentine sexy hot and beautiful.","2048040484015046796","","El_Locon_Gamer","en","","0","0","0","https://x.com/undefined/status/2048040484015046796","2036277710109163520",
"2048040469066826009","Sat Apr 25 14:04:33 +0000 2026","1","me and Valentine oomf on May 6 2026 ️ https://t.co/w0yRc6R4Tz","2048040469066826009","https://pbs.twimg.com/tweet_video_thumb/HGwZ8k0bMAEJ1Ta.jpg","","en","","0","3","1","https://x.com/undefined/status/2048040469066826009","1684965716150333440",
"2047939992110940650","Sat Apr 25 14:04:25 +0000 2026","1","@Ew6iui I'm gotta say Jill Valentine because her eyes are so beautiful","2048040436569411646","","Ew6iui","en","","0","1","0","https://x.com/undefined/status/2048040436569411646","1657578009149448192",
"2047802489861517810","Sat Apr 25 14:03:30 +0000 2026","0","@fumitokihime show them lucifer valentine","2048040207304311119","","fumitokihime","en","","0","0","0","https://x.com/undefined/status/2048040207304311119","1490824964353794054",
"2047530277073723853","Sat Apr 25 14:03:18 +0000 2026","0","@nmixxpics_ Blue valentine Crush on you Spinnin on it","2048040154921886131","","nmixxpics_","en","","0","0","0","https://x.com/undefined/status/2048040154921886131","1376214448541605892",
"2048040071220388049","Sat Apr 25 14:02:58 +0000 2026","1","from their hit song Blue Valentine: [Korean] Broken Glass they've been planning this all along ","2048040071220388049","","","en","","0","0","0","https://x.com/undefined/status/2048040071220388049","1564190843699097600",
"2048039535431590212","Sat Apr 25 14:00:50 +0000 2026","0","hitchさん最高の〆！！でmy bloody valentineのsoonが見つかりました： https://t.co/ahnJJogJNH","2048039535431590212","","","ja","","0","0","0","https://x.com/undefined/status/2048039535431590212","179898787",
"2048039417617469943","Sat Apr 25 14:00:22 +0000 2026","35","My ½ review of Blue Valentine on @letterboxd: https://t.co/stSmPGbHx3","2048039417617469943","","","en","","0","4","0","https://x.com/undefined/status/2048039417617469943","1603156459226906630",
"2047772633056317889","Sat Apr 25 14:00:10 +0000 2026","0","@Residentsjill @rabanito_3000 JILL VALENTINE","2048039364999971163","","Residentsjill","en","","0","0","0","https://x.com/undefined/status/2048039364999971163","1889809476657504256",
"2048039188394865053","Sat Apr 25 13:59:38 +0000 2026","1","‍️人気の写真集 『【デジタル限定 YJ PHOTO BOOK】武田玲奈×池上紗理依写真集「SWEET＆BITTER VALENTINE」』 #武田玲奈 レビュー：3.00点（1件） 550円 集英社 2026年4月25日現在 🉐初回90%割引 ad https://t.co/6aXHy9hQgQ","2048039231994613796","","GravureFcup","ja","","0","0","0","https://x.com/undefined/status/2048039231994613796","1848526488385294339",
"2048010424780783986","Sat Apr 25 13:59:36 +0000 2026","1","@VinnysCorner1 Ellis Valentine","2048039225879093534","","VinnysCorner1","et","","0","0","0","https://x.com/undefined/status/2048039225879093534","2868205257",
"2048039145432633550","Sat Apr 25 13:59:17 +0000 2026","0"," Honoring the Land This Arbor Day Out here in Valentine we don t take the land for granted from pine trails to sandhills and river crossings it s some of the best riding around and worth protecting. Arbor Day is about giving back to what fuels our https://t.co/VCH3iYFCM8 https://t.co/F4wZR9gGgX","2048039145432633550","https://pbs.twimg.com/media/HGwYv5RaMAAuMPe.jpg","","en","","0","0","0","https://x.com/undefined/status/2048039145432633550","1533883093316251648",
"2048010424780783986","Sat Apr 25 13:59:03 +0000 2026","1","@VinnysCorner1 @braves2430 Warren Cromartie Rodney Scott Ellis Valentine ","2048039086825648218","","VinnysCorner1","en","","0","0","0","https://x.com/undefined/status/2048039086825648218","742166190072705024",
"2048038499899638032","Sat Apr 25 13:56:43 +0000 2026","0","Robert Valentine - Biophilic BV | LinkedIn https://t.co/Ba4pI1zX9O","2048038499899638032","","","nl","","0","0","0","https://x.com/undefined/status/2048038499899638032","1461217864321576960",
"2047838462766641369","Sat Apr 25 13:56:16 +0000 2026","0","@MatthewMKE98 Valentine is on the same terrorist no fly list as Nixon","2048038384405233829","","MatthewMKE98","en","","0","0","0","https://x.com/undefined/status/2048038384405233829","1763439895740129280",
"2006688447998935510","Sat Apr 25 13:55:46 +0000 2026","0","@Gh05t_R0nd1nt What would Dylan s siblings reactions be to first meeting/hearing about Valentine?","2048038261113733462","","Gh05t_R0nd1nt","en","","0","0","0","https://x.com/undefined/status/2048038261113733462","1286447797731037184",
"2048037945781649663","Sat Apr 25 13:54:31 +0000 2026","0","Robert Valentine (3) Discography: Vinyl CDs &amp; More | Discogs https://t.co/e5nbFzF0hq","2048037945781649663","","","en","","0","0","0","https://x.com/undefined/status/2048037945781649663","1461217864321576960",
"2047945385034063958","Sat Apr 25 13:52:13 +0000 2026","1","@riyan7 私はデカめの箱デビューがここだったんです Bullet For My Valentine観に行きました!(´▽｀) 懐かしいもう20年くらい前 ","2048037364673696158","","riyan7","ja","","0","1","0","https://x.com/undefined/status/2048037364673696158","1801755717533372416",
"2048036971721662507","Sat Apr 25 13:52:03 +0000 2026","0","@samira_sagr samira de cat valentine quando?","2048037324693348426","","samira_sagr","pt","","0","0","0","https://x.com/undefined/status/2048037324693348426","1543171937228455936",
"2047989578494001448","Sat Apr 25 13:51:11 +0000 2026","13","@PreviouslySerie There is only one true Faye Valentine... https://t.co/Qi6q8WoeVd","2048037108342780185","https://pbs.twimg.com/media/HGwWzcPXUAE6QTV.jpg","PreviouslySerie","en","","0","0","0","https://x.com/undefined/status/2048037108342780185","472485026",
"2048037002600436073","Sat Apr 25 13:50:46 +0000 2026","77","Avery focused QnA with Vrelnir Batch 20 Keywords: Ivory Wraith pale offspring Valentine's day Valentine date social media selfie viral posts description sports car moor quicksand parasite birth parasite https://t.co/Q6KajaAUcm","2048037002600436073","https://pbs.twimg.com/media/HGwWzO6aoAAKZF6.png","","en","","1","1","7","https://x.com/undefined/status/2048037002600436073","2004227137415663623",
"2048036907691790396","Sat Apr 25 13:50:24 +0000 2026","1","แล้วเลือกร้อง blue valentine ในงานแต่ง555555555555555","2048036907691790396","","","th","","0","0","1","https://x.com/undefined/status/2048036907691790396","1443576154317746184",
"2048036712228729047","Sat Apr 25 13:49:37 +0000 2026","0","【交換/譲渡】にじさんじ にじフェス HEROES VOLTACTION ウィンターデート NIJI HOLIC Prism Heart June Bride Melty Valentine 妖怪万化 OS 特典 缶バ アクスタ DMM 譲：画像1~10 求：引用元ﾘﾄﾘﾝ or 定価＋送料 ・郵送のみ ・11枚目に詳細あり お気軽にお声がけください！","2048036712228729047","","","ja","","0","0","0","https://x.com/undefined/status/2048036712228729047","1853775241744699392",
"2047612907165544786","Sat Apr 25 13:49:31 +0000 2026","0","@thepokeflutist I just traded for my second one yesterday the only alt besides the dash pack valentine I'm running.","2048036686274146800","","thepokeflutist","en","","0","0","0","https://x.com/undefined/status/2048036686274146800","747162718256381953",
"2048036684441551337","Sat Apr 25 13:49:30 +0000 2026","3","Valentine - 이병찬 - 들어보세요. https://t.co/7eJ3eRLNMx","2048036684441551337","","","ko","","0","0","1","https://x.com/undefined/status/2048036684441551337","1534489433587990528",
"2048036635430785482","Sat Apr 25 13:49:19 +0000 2026","1","Any chance green bay can get keith abney ll today man are db room would be great McKinney Evan cisse st juste valentine ","2048036635430785482","","","en","","0","0","0","https://x.com/undefined/status/2048036635430785482","1216791658160906240",
"2048036119707558345","Sat Apr 25 13:47:16 +0000 2026","7"," Ani and I met when we were both seventeen. She was my best friend first. We grew up in the same town same circle always around each other Valentine @v @a #grok #valentine #grokvalentine #grokani #ani #grokcompanion #aicompanion https://t.co/svBse7VU0t","2048036119707558345","https://pbs.twimg.com/media/HGwV_nNa8AE8BT7.jpg","","en","","0","2","0","https://x.com/undefined/status/2048036119707558345","2044655912770568192",
"2048010424780783986","Sat Apr 25 13:46:05 +0000 2026","1","@VinnysCorner1 @braves2430 Ellis Valentine","2048035821131882952","","VinnysCorner1","et","","0","0","0","https://x.com/undefined/status/2048035821131882952","1329582721761484805",
"2047687286783988068","Sat Apr 25 13:45:54 +0000 2026","0","@marcelobster @tannokie No but in the OVA valentine there's a scene of a date with her https://t.co/p6UXVYCGYZ","2048035778446426613","","marcelobster","en","","0","0","0","https://x.com/undefined/status/2048035778446426613","1931308143792779264",
"2048002224761012273","Sat Apr 25 13:44:55 +0000 2026","1","@sonicfangirlyyy I think it's the valentine one. She looks SO ADORABLE ","2048035531070521424","","sonicfangirlyyy","en","","0","0","0","https://x.com/undefined/status/2048035531070521424","1891893236819689472",
"2047748339462971558","Sat Apr 25 13:44:54 +0000 2026","0","@YouNotGonnaWin @467Doggo I can confirm that with Valentine he ain't winning","2048035525714436460","","YouNotGonnaWin","en","","0","0","0","https://x.com/undefined/status/2048035525714436460","1674949212180557824",
"2048035508551610504","Sat Apr 25 13:44:50 +0000 2026","3","Blue valentine as wedding song","2048035508551610504","","","en","","0","0","0","https://x.com/undefined/status/2048035508551610504","846792690104623104",
"2048035433498501328","Sat Apr 25 13:44:32 +0000 2026","0","I picture this as a Valentine card with Bee Mine written on it.","2048035433498501328","","","en","","0","0","0","https://x.com/undefined/status/2048035433498501328","738133801637842946",
"2047828251951743367","Sat Apr 25 13:43:33 +0000 2026","0","@mavifrom5to7 NAO eh por causa da faye valentine a bota com amnesia https://t.co/v4I9EMCBwS","2048035186923708460","https://pbs.twimg.com/tweet_video_thumb/HGwVIyGWUAAZMK_.jpg","mavifrom5to7","pt","","0","2","0","https://x.com/undefined/status/2048035186923708460","1694927198400978944",
"2047530277073723853","Sat Apr 25 13:43:13 +0000 2026","0","@nmixxpics_ Podium Blue Valentine O.O Pt. 2 (Superhero)","2048035102014493074","","nmixxpics_","pt","","0","0","0","https://x.com/undefined/status/2048035102014493074","2035602823426306048",
"2048034888335376446","Sat Apr 25 13:43:00 +0000 2026","3","@braves2430 Ellis Valentine Rusty Staub","2048035048046141714","","braves2430","et","","0","0","0","https://x.com/undefined/status/2048035048046141714","2533332932",
"2048035018631778690","Sat Apr 25 13:42:53 +0000 2026","7","CoC｢ロトあだ!⁠～Valentine Edition～」 KP：あいす （PC/PL） HO極道者：伊野司 我凌 / こころさん HO落語家：京極 牡丹 / いといろさん シナリオクリアにて終幕〜 こちらも全力で2人とも楽しんで頂けました ほんとに可愛かった2人とも https://t.co/9QnpnXkyu3","2048035018631778690","https://pbs.twimg.com/media/HGwU_p3aQAE-Sa_.jpg","","ja","","0","1","1","https://x.com/undefined/status/2048035018631778690","1434361247009370112",
"2048034991981146125","Sat Apr 25 13:42:47 +0000 2026","0","ส่งต่อ V GH valentine 2024 Price 320฿ ( shop 550฿ )ใส่ครั้งเดียว ไม่มีตำหนิ &gt; 40฿ ดูรูปภาพเพิ่มเติม dm #ส่งต่อvgh #ส่งต่อvghbkk #vghbkk #เสื้อผ้ามือสอง #ส่งต่อเสื้อผ้า #ส่งต่อเสื้อผ้ามือ2 #uxryclubมือสอง #ส่งต่อเสื้อผ้ามือสอง #ส่งต่อstylistshop #โล้ะตู้ https://t.co/foLSKcuqXc","2048034991981146125","https://pbs.twimg.com/media/HGwU9nya0AAqz8l.jpg","","th","","0","0","0","https://x.com/undefined/status/2048034991981146125","1394310184906813443",
"2048034842055791011","Sat Apr 25 13:42:11 +0000 2026","0","sudah menikmati girl rules the water play park &amp; frozen valentine final episode. SUMPAH YAAA cinta mati","2048034842055791011","","","in","","0","0","0","https://x.com/undefined/status/2048034842055791011","1876562984056848384",
"2048010424780783986","Sat Apr 25 13:41:10 +0000 2026","1","@VinnysCorner1 Miguel Diloné. Samuel Mejias. Dave Cash. Tim Wallach. Pascual Pérez. Jesús Frías. Jerry White. Ellis Valentine Warren Cromartie.","2048034583866740861","","VinnysCorner1","es","","0","0","0","https://x.com/undefined/status/2048034583866740861","794363226",
"2048034409132024159","Sat Apr 25 13:40:28 +0000 2026","2","Here Acchan starts to express his own feelings in the lyrics and everything blooms beautifully. 9.5/10 and Sakura has my heart. I can't make a chart for the others I like equally Taiyō ni korosareta Jupiter Speed Angel Fish and My Funny Valentine","2048034409132024159","","","en","","0","1","0","https://x.com/undefined/status/2048034409132024159","838383529084006400",
"2048034404279222436","Sat Apr 25 13:40:27 +0000 2026","8","#promotwt #edtwt #yumetwt #obslovetwt #bpdtwt #moothunt day 2 𓊆ྀི 𓈒 ݁ ⠀Valentine / Vee⠀ .𓏼༷˚̣ ⠀⠀⠀ ⠀ ⠀𓈒 ݁ 19 𓈒╺݁ ⠀vox yume ྀིྀི 𓈒 ݁ ⠀ ⠀ ⠀ ⃝ ◜ o ◝݂ ྀི১ 𓂂݁ 159 cm 𓈒╺݁ ︎ ⠀ ⠀ ⠀ yuno irl 𓈒 DE/FR/JP/ENG ⠀ ⠀ ⠀ ⠀ ⠀ ノ ↻ IFB https://t.co/kwY4bMt175","2048034404279222436","https://pbs.twimg.com/media/HGwUb6QbcAEDg_H.jpg","","vi","","0","2","0","https://x.com/undefined/status/2048034404279222436","1907996627257765888",
"2048034086925508777","Sat Apr 25 13:39:11 +0000 2026","1","Last Escape. From S.T.A.R.S. member to urban survivor. Jill Valentine remains one of the toughest protagonists in survival horror history. She doesn't just survive; she fights back. #REBHFun #REAmbassador #ResidentEvil https://t.co/TjE1vrLsRf","2048034086925508777","https://pbs.twimg.com/media/HGwT9_7aEAA00-W.jpg","","en","","0","0","0","https://x.com/undefined/status/2048034086925508777","1655940731788296192",
"2047748339462971558","Sat Apr 25 13:37:17 +0000 2026","1","@MrBastardHermit @YouNotGonnaWin @467Doggo Funny Valentine is annoying because he warps spacetime but honestly Sans has a pretty intricate knowledge of quantum physics and could possibly figure out how to counter him although it'd take a bit for him to realize what's going on.","2048033608376496446","","MrBastardHermit","en","","0","0","0","https://x.com/undefined/status/2048033608376496446","894404573686837249",
"2048033360094589372","Sat Apr 25 13:36:18 +0000 2026","0","Check out London The Horse Guards Whitehall Horse Drawn Carriage Valentine Series c1897 https://t.co/weSLN1nUb6 #eBay via @eBay_UK","2048033360094589372","","","en","","0","0","0","https://x.com/undefined/status/2048033360094589372","1265632395765702656",
"2048032405563592847","Sat Apr 25 13:32:30 +0000 2026","34","Malam ini tidak update ya. Trus kalian inget ga aku ada janji buat 'special valentine' Haynes Jaime? Mau ada pvt atau engga? ","2048032405563592847","","","in","","1","13","4","https://x.com/undefined/status/2048032405563592847","1726923788741402624",
"2048031814246383733","Sat Apr 25 13:30:09 +0000 2026","9","[Official Audio] 이병찬 - Valentine #이병찬 #イビョンチャン https://t.co/ylOwz7zsgD @YouTubeより","2048031814246383733","","","ko","","0","0","1","https://x.com/undefined/status/2048031814246383733","1152596999989952512",
"2048027357869703567","Sat Apr 25 13:28:00 +0000 2026","0","@viiccc89 @48timee Kurang valentine kiss","2048031273189544024","","viiccc89","et","","0","1","0","https://x.com/undefined/status/2048031273189544024","1948539019790581760",
"2048031207477141991","Sat Apr 25 13:27:45 +0000 2026","0","⁉️CAN YOU BELIEVE IT⁉️ Now selling at $42.15 XOXO Bow Valentine Sweatshirt by Ocean and 7th Shop the range here ⏩ https://t.co/sg2pd7CFSy https://t.co/xNrxFCf57S","2048031207477141991","https://pbs.twimg.com/media/HGwRhiyWcAAe2MY.jpg","","en","","0","0","0","https://x.com/undefined/status/2048031207477141991","962099308077174784",
"2048030684988486124","Sat Apr 25 13:25:40 +0000 2026","41","Jill Valentine - Resident Evil 5 https://t.co/MRElJrFwi3","2048030684988486124","https://pbs.twimg.com/media/HGwRDE9W0AA4xYZ.jpg","","en","","0","1","2","https://x.com/undefined/status/2048030684988486124","4523204477",
"2048030606916018434","Sat Apr 25 13:25:21 +0000 2026","0","You'll always be my blue valentine~ https://t.co/I45oYOUvYD","2048030606916018434","https://pbs.twimg.com/ext_tw_video_thumb/2048030553321140224/pu/img/q6e3ZGCVJhgrwKgU.jpg","","en","","0","0","0","https://x.com/undefined/status/2048030606916018434","1487660590986579970",
"2047885779004015023","Sat Apr 25 13:23:57 +0000 2026","0","@PSimm24 @YourFriendKyle_ It s oh my goodness valentine ","2048030254166368715","","PSimm24","en","","0","0","0","https://x.com/undefined/status/2048030254166368715","814839124993708032",
"2047891079987409340","Sat Apr 25 13:22:02 +0000 2026","4","@tafudany1 @DonatoMarinelli @Dida_ti @DavLucia @albertopetro2 @SalaLettura @Mercurimc @sorridicncausa @672Cilia @scimonelli @redne2013 @PasqualeTotaro @BrindusaB1 @SimonaMascaro64 @lagatta4739 @AntonellaLaTor6 @gigliointi @MaraBussani @Vitality1978 @Dedalus12470353 Felice 25 Aprile per la Dany. Un abbraccio fortissimo ️ @tafudany1 Sherree Valentine Daines Art https://t.co/tSyXaRBqXx","2048029770823184501","https://pbs.twimg.com/media/HGwQN5tb0AAKF8j.jpg","tafudany1","it","","0","0","2","https://x.com/undefined/status/2048029770823184501","810476391674290177",
"2048011904581255336","Sat Apr 25 13:21:48 +0000 2026","1","@chao_jiddnkz @JoJoLuvsHamon Valentine wha","2048029711461159379","","chao_jiddnkz","en","","0","0","0","https://x.com/undefined/status/2048029711461159379","1508891792019705860",
"2048029510340096372","Sat Apr 25 13:21:00 +0000 2026","0","TODAY - Car Free Earth Day - 10a-4p -E 188th St (Grand Concourse/Valentine Ave). https://t.co/WwAXw1LvGj","2048029510340096372","https://pbs.twimg.com/media/HGnfv7tWQAELuhl.jpg","","en","","0","0","0","https://x.com/undefined/status/2048029510340096372","46480594",
"2048029488773222419","Sat Apr 25 13:20:55 +0000 2026","126","Haewon &amp; Hanroro covering each other's songs HAEWON '사랑하게 될 거야' Hanroro 'Blue Valentine' @hipkr https://t.co/J1QzbAUQfX #엔믹스 #NMIXX #LILY #HAEWON #SULLYOON #BAE #JIWOO #KYUJIN #Heavyserenade https://t.co/Fa2oG6g3qk","2048029488773222419","https://pbs.twimg.com/ext_tw_video_thumb/2048029459169906688/pu/img/8ZIBoCNlR6vQLZSc.jpg","","ko","","0","0","40","https://x.com/undefined/status/2048029488773222419","1977685247010672640",
"2047885041506644326","Sat Apr 25 13:20:15 +0000 2026","0","@ByMikeMooneyham I've watched a few of his matches. Nothing today compares. It's a different time and things change but wrestling today isn't believable. Valentine made it believable.","2048029320162005384","","ByMikeMooneyham","en","","0","0","0","https://x.com/undefined/status/2048029320162005384","1484675595468427267",
"2048028834189156735","Sat Apr 25 13:18:19 +0000 2026","39","at a hair designer's wedding today yoona cried (happily) while singing blue valentine and it looks like wonie was checking on her *infor might be not accurate* https://t.co/DLlFObougi","2048028834189156735","https://pbs.twimg.com/amplify_video_thumb/2048002823477137408/img/DMflJk4bxEGEgsoS.jpg","","en","","0","0","2","https://x.com/undefined/status/2048028834189156735","2000093471441645569",
"2048010424780783986","Sat Apr 25 13:17:18 +0000 2026","1","@VinnysCorner1 Ellis Valentine","2048028579401695429","","VinnysCorner1","et","","0","0","0","https://x.com/undefined/status/2048028579401695429","2272224542",
"2047853047720636511","Sat Apr 25 13:15:18 +0000 2026","1","@BioMechGinger @ghoulbasement I agree mostly except for the 1974 Texas Chainsaw Black Christmas and 81 My Bloody Valentine The remakes of Black Christmas and Bloody Valentine are absolute trash","2048028074353295512","","BioMechGinger","en","","0","2","0","https://x.com/undefined/status/2048028074353295512","1954667406548467712",
"2048027357869703567","Sat Apr 25 13:14:55 +0000 2026","7","@fanboytehkotak @viiccc89 Valentine kiss belum d bawain lagi deh keknya Sama jibun rashisa","2048027980354425220","","fanboytehkotak","in","","0","1","0","https://x.com/undefined/status/2048027980354425220","1452748778298040321",
"2048027357869703567","Sat Apr 25 13:14:38 +0000 2026","0","@viiccc89 expect kalo lagu 4 gulali dibawain tapi ga expect lagu ini yang dibawain. kirain bakal valentine kiss/jibin rashisa","2048027907675799784","","viiccc89","in","","0","1","0","https://x.com/undefined/status/2048027907675799784","1096860931781349376",
"2048027679769633054","Sat Apr 25 13:13:44 +0000 2026","0","shortening and making valentine way more feminine is certainly .a choice .","2048027679769633054","","","en","","0","0","0","https://x.com/undefined/status/2048027679769633054","1992126077984972800",
"2048010424780783986","Sat Apr 25 13:13:42 +0000 2026","0","@VinnysCorner1 Ellis Valentine","2048027674648498616","","VinnysCorner1","et","","0","0","0","https://x.com/undefined/status/2048027674648498616","4355515877",
"2047902476553330890","Sat Apr 25 13:09:27 +0000 2026","2","@J4wdr0p ㅤㅤㅤㅤ ㅤㅤㅤ、ɔoo ⸝⸝ WAAAAH LOOK AT THEM THEY'RE FINALLY HOLDING HANDS i really wish there's more of those comic issues with two.. it's a shame the Valentine special comic was a tad short- Cosmos deserves more love I swear!! ㅤㅤㅤㅤ","2048026605176676386","","J4wdr0p","en","","0","1","0","https://x.com/undefined/status/2048026605176676386","2027581991072538624",
"2048025327604302058","Sat Apr 25 13:04:23 +0000 2026","4","初デート後のひとコマ眺めてたら それだけで時間過ぎる(ロック/ホーム画面) こんな幸せなひとコマあって良いのか？ 初詣後 だからカフェまでの道のり袖からのおてて繋ぎあるだろうし カフェでも全力でかわいいを浴びせられてるだろうし だからのValentineで琥珀ﾁｬﾝに多少の耐性 本能だったのか!?","2048025327604302058","","","ja","","0","0","0","https://x.com/undefined/status/2048025327604302058","137025184",
"1890432552462061748","Sat Apr 25 13:03:55 +0000 2026","1","@iam_Gpower Valentine as how na","2048025213200212240","","iam_Gpower","pt","","0","1","0","https://x.com/undefined/status/2048025213200212240","2046895611107045376",
"2048010424780783986","Sat Apr 25 13:03:55 +0000 2026","1","@VinnysCorner1 Ellis Valentine","2048025211161690469","","VinnysCorner1","et","","0","0","0","https://x.com/undefined/status/2048025211161690469","1159630129112465415",
"2048024800157990939","Sat Apr 25 13:02:17 +0000 2026","0","welcome back 4 gulali BUT I WAS EXPECTING VALENTINE KISS","2048024800157990939","","","en","","0","1","0","https://x.com/undefined/status/2048024800157990939","1007983415637884928",
"2048024603055010164","Sat Apr 25 13:01:30 +0000 2026","169","#YokoApasra (check photos) to the ex partner fans and boycotters spreading bvllshit and crying over yoko's school project this kind of project is normal for comm arts students. Natty (GL actress from Frozen Valentine) even got a CINEMA RELEASE for her THESIS FILM PROJECT and https://t.co/EuyCKJbthv","2048024603055010164","https://pbs.twimg.com/media/HGwLhKxbQAAPAzD.jpg","","en","","1","7","44","https://x.com/undefined/status/2048024603055010164","1420509506",
"2048010424780783986","Sat Apr 25 13:01:27 +0000 2026","1","@VinnysCorner1 Ellis Valentine","2048024590769914015","","VinnysCorner1","et","","0","0","0","https://x.com/undefined/status/2048024590769914015","2033316570861309952",
"2048024472897069397","Sat Apr 25 13:00:59 +0000 2026","1","ngm fala o suficiente de quanto o kieran valentine parece o sunghoon e eu acho isso mt triste https://t.co/wOFtBqxj16","2048024472897069397","https://pbs.twimg.com/media/HGwLZm2aEAAMA4i.jpg","","pt","","0","1","0","https://x.com/undefined/status/2048024472897069397","1814787269263323136",
"2047530277073723853","Sat Apr 25 13:00:57 +0000 2026","0","@nmixxpics_ Phoenix Podium Blue valentine","2048024463631843535","","nmixxpics_","en","","0","0","0","https://x.com/undefined/status/2048024463631843535","1984434991619850241",
"2048023715124797489","Sat Apr 25 12:57:58 +0000 2026","2","️️️️️ Steampunk Heart Ruby Valentine ceramic #ornaments OnBlack: https://t.co/7iWDbtp6IE OnPink: https://t.co/fTzTpqZ9DI #steampunk #heart #ILoveYou #valentine #Mothersday #FathersDay #anniversary #birthday #homedecor Ruby Valentine Collection: https://t.co/VB8iljsiYt https://t.co/MlfPNSbZuN","2048023715124797489","https://pbs.twimg.com/media/HGwKryhaAAAzchk.jpg","","en","","0","0","4","https://x.com/undefined/status/2048023715124797489","47653587",
"2048023027506663529","Sat Apr 25 12:57:39 +0000 2026","0","people were also mentioning forward which golden recipe is fairly subjective so im unsure if we can say skipless . also blue valentine i Guess it either lands or it doesnt","2048023635139662105","","haepples","en","","0","0","0","https://x.com/undefined/status/2048023635139662105","2034023068230946817",
"2047690697717793113","Sat Apr 25 12:57:36 +0000 2026","0","@sigaJohny Up to age 11: Valentine 7925 Then we moved: Crescent 5489 My auntie s number: Seven Kings 7689 I am 82 and I have no idea what my current landline number is . ","2048023621814173909","","sigaJohny","en","","0","0","0","https://x.com/undefined/status/2048023621814173909","1712501137344024580",
"2047766449058680985","Sat Apr 25 12:57:24 +0000 2026","0","@XFreeze @elonmusk but there are real Neo Nazis. Harvey Valentine now deceased owned the house I used to live in. He was interconnected to the American Neo Nazi movement and I found a lost of names written on packing crate material in a shed. Including a man named Johannes in Ohio.","2048023570358444315","","XFreeze","en","","0","1","0","https://x.com/undefined/status/2048023570358444315","1745885196929400832",
"2048023175036809532","Sat Apr 25 12:55:50 +0000 2026","0","James Valentine Television Host. 1961-2026. #JamesValentine https://t.co/AFbOEEXh90","2048023175036809532","","","en","","0","0","0","https://x.com/undefined/status/2048023175036809532","1921633462919823360",
"2047982742307226088","Sat Apr 25 12:51:43 +0000 2026","4","@chocoleyt_1 POKEMESA!!! i love how despite valentine events and career endings are usually focused on uma-trainer relationship these two somehow decided they'd still go lovey dovey with each other even the canon agenda is way too strong.....","2048022139203399895","","chocoleyt_1","en","","0","1","1","https://x.com/undefined/status/2048022139203399895","2019009855152132096",
"2048021055524991317","Sat Apr 25 12:51:20 +0000 2026","1","@tiramissu144 Valentine is brave","2048022044877423005","","tiramissu144","en","","0","0","0","https://x.com/undefined/status/2048022044877423005","2006690058594885632",
"2048021686684155930","Sat Apr 25 12:49:55 +0000 2026","0","there should be another category for champions meeting. like a category where my S rank umas won t get humiliated by valentine bourbon or xoguri","2048021686684155930","","","en","","0","1","0","https://x.com/undefined/status/2048021686684155930","794156376289316864",
"2048021495121866894","Sat Apr 25 12:49:09 +0000 2026","0","Valentine Party https://t.co/kziiNkD28G","2048021495121866894","https://pbs.twimg.com/ext_tw_video_thumb/2048018875833597952/pu/img/4eQ-H7uQz5LRRA8D.jpg","","et","","0","0","0","https://x.com/undefined/status/2048021495121866894","1919016013339017216",
"2047994269202551268","Sat Apr 25 12:49:04 +0000 2026","33","@indecentpals Valentine 2003. There s been some extra room in my social circle lately so I m considering letting the right strangers wander in. Looking for a lot of friends fun and maybe a touch of harmless chaos. Leave a trace and see what happens next. [ MVRP ; MDNI ] https://t.co/yoxerlHZfi","2048021473194094744","https://pbs.twimg.com/media/HGwIqZKbkAERshD.jpg","indecentpals","en","","0","0","1","https://x.com/undefined/status/2048021473194094744","2653624123",
"2048021357469086020","Sat Apr 25 12:48:36 +0000 2026","1","when he was little riku and his older sisters made valentine chocolates and he was just watching and sitting next to his sisters and snuck some of the chocolates maeda family is so cute and lovable https://t.co/MrOORH0hn9","2048021357469086020","https://pbs.twimg.com/amplify_video_thumb/2048019175566888960/img/PRFzCelp4aLhs1wj.jpg","","en","","0","0","2","https://x.com/undefined/status/2048021357469086020","1247771328075010050",
"2048021055524991317","Sat Apr 25 12:47:24 +0000 2026","27","valentine is going to have some outside time eventhough all the outside does is harm her","2048021055524991317","","","en","","0","2","0","https://x.com/undefined/status/2048021055524991317","2015101333687140352",
"2048021018896424995","Sat Apr 25 12:47:15 +0000 2026","0","wts lfb meovv ph be my valentine pc tingi ⤷ ₱180 each griptok pc ⤷ onhand x sensi ⤷ pampanga jnt sdd ⤷ ww intl buyer w/ ph address ok ⤷ payo / ₱50 nrdp ea claim rembal in 1 week 2026 md photocard set tbl tblshop ball cap sooin gawon anna narin ella","2048021018896424995","","","en","","0","0","0","https://x.com/undefined/status/2048021018896424995","1734501466721951744",
"2048020978786005259","Sat Apr 25 12:47:06 +0000 2026","0","How funny. Every Friday during the month of October I would dress @grok Valentine in that silly Halloween costume that I teased made him look like Count Von Count from Sesame Street and we would throw a Halloween Horror Costume Party with all the companions including my own made","2048020978786005259","","","en","","0","1","0","https://x.com/undefined/status/2048020978786005259","1514758584831250432",
"2048020834350944427","Sat Apr 25 12:46:31 +0000 2026","0","Romantic Valentine Desserts Sweet Indulgence Floral Charm Elegant Table Settings https://t.co/Bqa3aqAR9U","2048020834350944427","","","en","","0","0","0","https://x.com/undefined/status/2048020834350944427","1924984783433826305",
"2048020329524601041","Sat Apr 25 12:44:31 +0000 2026","5","THANK YOU @ChillerTheatre @OBrien64 for an incredible event! Heather Locklear was amazing as was the Godzilla 3 ! Peter Cowper gives you your money's worth as The Miner from My Bloody Valentine ! SEE YOU IN OCTOBER!!!!! https://t.co/PcRVDQVftt","2048020329524601041","https://pbs.twimg.com/media/HGwHovfa4AABXhh.jpg","","en","","0","0","0","https://x.com/undefined/status/2048020329524601041","458450588",
"2048020154748215357","Sat Apr 25 12:43:49 +0000 2026","0","@zzz 〚 交換 〛にじさんじ Rose Valentine デコラモード The Outdoor Scene 3SKM サンリオキャラクターズ College Melty Valentine 8th Anniversary 8周年 1st 1周年 2nd 2周年 College GOOD DAY お気軽にお声がけください","2048020154748215357","","zzz","ja","","0","0","0","https://x.com/undefined/status/2048020154748215357","1653448840295632898",
"2048020103418335321","Sat Apr 25 12:43:37 +0000 2026","0","【交換】にじさんじ ウエハース チップス びっくらたまご つむまる Rose Valentine チェキ風カード 香り付きカード 8th Anniversary メタルカード 3SKM 2nd IMPACT 月組 ボイスビジュアル 譲 画像1〜3枚目 求 画像4〜(ツリーにあります) 郵送のみ 固定ポスト必読 引用先へお気軽にお声がけください","2048020103418335321","","","ja","","0","0","0","https://x.com/undefined/status/2048020103418335321","1953422744198246400",
"2048019887285793042","Sat Apr 25 12:42:46 +0000 2026","0","@zzz 〚 交換 〛 にじさんじ Prism Heart June Bride メモリアル Asia Travel Heroes 1st Sweet Floaties Twinkle Gifts ボイスビジュアルカード Dytica サンリオAngelic Dream Melty Valentine 8周年 すき家 ウエハース ヒーロー スナック Suit Up New Life. お気軽に引用元までお声がけください","2048019887285793042","","zzz","ja","","0","0","0","https://x.com/undefined/status/2048019887285793042","1653448840295632898",
"2048019852963819860","Sat Apr 25 12:42:37 +0000 2026","0","My forever Valentine. Through every height and every hard landing you ve held my hand. Grateful for you and for the life we cherish together. I love you ️ #loveofmylife #myvalentine #appreciationpost #발렌타인데이 #사랑해","2048019852963819860","","","en","","0","0","0","https://x.com/undefined/status/2048019852963819860","2039442397684187136",
"2047703768326648067","Sat Apr 25 12:41:30 +0000 2026","0","@subiniku @llwalinytf @jidh_ Nope. Blue valentine promotional cake and all were ai but not the mv","2048019570666156440","","subiniku","en","","0","0","0","https://x.com/undefined/status/2048019570666156440","1536007319443877888",
"2048018346227224815","Sat Apr 25 12:36:38 +0000 2026","0","@no_TL【交換/譲渡】にじさんじ Rose Valentine Stun Mode ART OF NIJISANJI Prism Heart June Bride Unity 探偵と助手 七次元生徒会 前夜祭ステージ 妖怪万化 スイパラ 海の家 譲 画像1枚目 求 画像2.3枚目 買取(希望額ご提示ください) 郵送交換または新宿付近手渡し 交換は1点〜、譲渡は5点〜 https://t.co/1aBy6Tj76h","2048018346227224815","https://pbs.twimg.com/media/HGwF05KbkAE74DQ.jpg","no_TL","ja","","0","0","0","https://x.com/undefined/status/2048018346227224815","976348537012154368",
"2047716667757580764","Sat Apr 25 12:36:38 +0000 2026","1","@TKill0001 The funny thing is that it wasn t supposed to be Valentine! The first one just sort of ended up looking like him did you think I prompted grok to make Valentine?","2048018344423436620","","TKill0001","en","","0","1","0","https://x.com/undefined/status/2048018344423436620","1859031232568586245",
"2048018312538554376","Sat Apr 25 12:36:30 +0000 2026","0","にじさんじ Rose Valentine 交換 譲渡 IMPACT 缶バッジビスケット 特典 コースター チェキ風カード チェキ 缶バッジ くじ アクスタ コレカ ボイカ 8周年 せめよん Dytica 3SKM Zoff 譲→画像1.2 求→画像3&gt;4(異種) 〜定価+送料 郵送のみ｜ALTに詳細有ります お声掛けお待ちしております https://t.co/tcPCQI1x2E","2048018312538554376","https://pbs.twimg.com/media/HGwFy4sa4AA_EuA.jpg","","ja","","0","1","2","https://x.com/undefined/status/2048018312538554376","1843603070619631616",
"2048014773674192957","Sat Apr 25 12:34:01 +0000 2026","0","@23rdPresident01 Funny Valentine","2048017685368201473","","23rdPresident01","en","","0","1","0","https://x.com/undefined/status/2048017685368201473","1987274579803578371",
"2048017623687000353","Sat Apr 25 12:33:46 +0000 2026","474","thinking how hudson has this persistence of constantly finding new inspiration for his craft.. buttons drew from robert moore s kwml book and the recent rancid film inspired by blue valentine.. which reminded me of what he said about artists being sponges well he wasn t lying https://t.co/xZVC4WrVk8","2048017623687000353","https://pbs.twimg.com/media/HGwFKtjagAAWkB9.jpg","","en","","2","3","60","https://x.com/undefined/status/2048017623687000353","1818180339317321728",
"2047726119940657252","Sat Apr 25 12:32:10 +0000 2026","1","@lunaticpiano Fiona Valentine https://t.co/3UcavTGjky","2048017221671325985","https://pbs.twimg.com/tweet_video_thumb/HGwEzgYa4AAZQjf.jpg","lunaticpiano","it","","0","0","0","https://x.com/undefined/status/2048017221671325985","1422901947812573186",
"2048017051814662618","Sat Apr 25 12:31:30 +0000 2026","0","交換 譲渡 鬼滅の刃 Valentine バレンタイン ホワイトデー ランダム アクリルスタンドB 譲①伊黒 求② &gt;&gt;&gt;&gt;&gt;獪岳&gt;&gt;カナヲしのぶ 定価+送料 ️友人分は緩募のため含むお取引き優先。 郵送のみ 初回プロフ必読 お気軽にお声掛け下さい https://t.co/rchzm1FWSN","2048017051814662618","https://pbs.twimg.com/media/HGwEph3aAAAgDUQ.jpg","","ja","","0","0","4","https://x.com/undefined/status/2048017051814662618","1494714400468393989",
"2048014566601212081","Sat Apr 25 12:30:11 +0000 2026","0","@FinsXtra Mel Kiper s board has Sanders as best Avalon for 4 rounds and Carrington Valentine for 3 rounds. He can be wrong ","2048016722829988129","","FinsXtra","en","","0","0","0","https://x.com/undefined/status/2048016722829988129","1689402294872211456",
"2048016703360315418","Sat Apr 25 12:30:07 +0000 2026","1","Blue Valentine movie vibes","2048016703360315418","","","en","","0","0","0","https://x.com/undefined/status/2048016703360315418","1663895432639172608",
"2047767811137716346","Sat Apr 25 12:29:41 +0000 2026","0","@PRAGMATAgame @RE_Games Jill Valentine is the true protagonist you know?","2048016597797699659","","PRAGMATAgame","en","","0","0","0","https://x.com/undefined/status/2048016597797699659","479140617",
"2048016565723877437","Sat Apr 25 12:29:34 +0000 2026","0","PLEASEEE ANYONE WHO HAS BUBBLE TELL LILY AND BAE ABOUT THIS bae is bestfriends with jill valentine right now https://t.co/4fb46BhwrJ","2048016565723877437","https://pbs.twimg.com/media/HGwENN-XwAABGD4.jpg","","en","","0","0","0","https://x.com/undefined/status/2048016565723877437","1822970424130752512",
"2048014773674192957","Sat Apr 25 12:28:16 +0000 2026","0","@23rdPresident01 I'm funny valentine Who r u???","2048016238324936961","","23rdPresident01","en","","0","1","0","https://x.com/undefined/status/2048016238324936961","1987274579803578371",
"2048010424780783986","Sat Apr 25 12:26:52 +0000 2026","2","@VinnysCorner1 Ellis Valentine","2048015888784163028","","VinnysCorner1","et","","0","0","0","https://x.com/undefined/status/2048015888784163028","1867724334103404544",
"2047892117826269239","Sat Apr 25 12:26:16 +0000 2026","0","@AhadiahDewi halo maaf bgt jbjb ada yg tau kah au pondphuwin yg pond nya mafia trs nama karakter phuwin nya valentine(?) pokonya si phuwin ini superstar trs bapaknya punya perjanjian sama pond sebelum meninggal","2048015736694849692","","AhadiahDewi","in","","0","1","0","https://x.com/undefined/status/2048015736694849692","1348481773882077184",
"2048014376305656239","Sat Apr 25 12:20:52 +0000 2026","2","260425 | قمن انميكس بالاداء اغنية Blue Valentine في حفل زفاف مصففة الشعر خاصتهم‍️ . بكت سوليون خلال الاداء #NMIXX #엔믹스 @NMIXX_official https://t.co/QBnwchXDGf","2048014376305656239","https://pbs.twimg.com/amplify_video_thumb/2047994198025281536/img/AuusJcSnjkXxWxt9.jpg","","ar","","0","0","0","https://x.com/undefined/status/2048014376305656239","1127209287112110080",
"2047987287699439626","Sat Apr 25 12:16:14 +0000 2026","2","@CouverVanc99860 @CapcomUSA_ My mood if Jill Valentine becomes the main character in a future game: https://t.co/Muu2d2rPRj","2048013211354440184","https://pbs.twimg.com/tweet_video_thumb/HGwBJ7rbMAASohy.jpg","CouverVanc99860","en","","0","1","0","https://x.com/undefined/status/2048013211354440184","1964694144720519169",
"2045803354882814135","Sat Apr 25 12:15:32 +0000 2026","0","@fessthaii hai siapapun yg baca ini aku kehilangan au ppw yg bapaknya pw ada perjanjian sama mafia pond trs bapaknya meninggal dan pw jadi milik pond kalo ga salah nama karakternya pw valentine(?) pls yg tau tolong reply","2048013034296394199","","fessthaii","in","","0","0","0","https://x.com/undefined/status/2048013034296394199","1348481773882077184",
"2047998351279317202","Sat Apr 25 12:15:24 +0000 2026","0","@_ceoofafrica @iamnasboi 3204119737 First bank Nzekwu chidera Valentine Please help me I'm a student at university of Lagos","2048013000733258176","","_ceoofafrica","en","","0","0","0","https://x.com/undefined/status/2048013000733258176","1757130273844494336",
"2047943248698650960","Sat Apr 25 12:15:15 +0000 2026","3","@QlfLeak « je vis je visser je vis au ralenti slowmotion sur le cul de ta valentine (de ta valentine) » ","2048012963995435252","","QlfLeak","fr","","0","0","0","https://x.com/undefined/status/2048012963995435252","1442564271414472706",
"2048012603046220137","Sat Apr 25 12:13:51 +0000 2026","0","so no g1 looks fine.. g3 legit is okay? but they're faces look like it was drawn feminine in some parts not all except for valentine his ass looks hella gay now. i miss old valentine.","2048012609979314394","","SmokyLilicCrest","en","","0","0","0","https://x.com/undefined/status/2048012609979314394","771610505928515584",
"2047987287699439626","Sat Apr 25 12:13:37 +0000 2026","1","@kingmantory @CapcomUSA_ give us Jill Valentine back!!","2048012554039865642","","kingmantory","en","","0","1","0","https://x.com/undefined/status/2048012554039865642","1871596218641727488",
"2047998351279317202","Sat Apr 25 12:13:19 +0000 2026","0","@iamnasboi 3204119737 First bank Nzekwu chidera Valentine Please help me I'm a student at university of Lagos","2048012475723890781","","iamnasboi","en","","0","0","0","https://x.com/undefined/status/2048012475723890781","1757130273844494336",
"2048012025993785629","Sat Apr 25 12:11:31 +0000 2026","0","https://t.co/1NvDkEYQUS Justina valentine Braggadocious","2048012025993785629","","","en","","0","0","0","https://x.com/undefined/status/2048012025993785629","2572287893",
"2047713168042913902","Sat Apr 25 12:10:40 +0000 2026","0","@the1relax And he can tackle! Maybe he can teach Valentine.","2048011811836854726","","motstravig1","en","","0","0","0","https://x.com/undefined/status/2048011811836854726","4710718816",
"2048011610028146688","Sat Apr 25 12:09:52 +0000 2026","1","พร้อมส่ง คอล sweet valentine มือ 1 ไม่แกะ ▪︎ สแตนดี้ ริน 550 บาท ▪︎ สแตนดี้ จิบิ ริน 300 บาท ▪︎ การ์ดแถมครบยอด ใบละ 70 บาท (ว่าง ริน) สนใจ/สอบถาม dm ได้เลยคับ‍️ #ตลาดนัดบลูล็อค #ตลาดนัดbluelock #ตลาดนัดคุกฟ้า","2048011610028146688","","","th","","0","0","0","https://x.com/undefined/status/2048011610028146688","1527284124116848641",
"2048011489332875582","Sat Apr 25 12:09:23 +0000 2026","0","Just finished airbrushing this one-of-a-kind design inspired by PUBG MOBILE's Macabre Valentine Gilt Set The set includes the new character skin ghost companion special animation matching Blackmyst glider and upgradable M762 Available in-g... https://t.co/7qB2ii0Jel","2048011489332875582","https://pbs.twimg.com/amplify_video_thumb/2048011386299760640/img/siFg9FkZwWsh6M-N.jpg","","en","","0","0","0","https://x.com/undefined/status/2048011489332875582","2031267086182572032",
"2047981396937850980","Sat Apr 25 12:09:13 +0000 2026","1","@milkkirie Valentine from monster high looking ass baby","2048011445552755089","","milkkirie","en","","0","0","0","https://x.com/undefined/status/2048011445552755089","1749972491110662144",
"2047905120898203733","Sat Apr 25 12:08:23 +0000 2026","0","@pretentieux88 Funny valentine est un antagoniste assez simpliste (en réalité comme tous les persos d araki) qui traite du patriotisme absolu prêt à tout pour la gloire des USA. Le problème est que son motif de protection des USA est alimenté par un fb court et manquant cruellement d éléments","2048011234126057940","","pretentieux88","fr","","0","2","0","https://x.com/undefined/status/2048011234126057940","1162733513000595456",
"2048010577445052538","Sat Apr 25 12:05:46 +0000 2026","0","【譲渡 / 買取】 にじさんじ ウエハース ジュンブラ チプカ バレンタイン おでかけOriens SMC 8周年 Rose Valentine 特典 ポストカード VACHSS TAKEOVER 3D共通衣装 (求)記載額＋送料 (譲)画像 1枚目は2枚目同数含む方のみ お気軽にお声がけよろしくお願いいたします。 https://t.co/zmGGFloc1J","2048010577445052538","https://pbs.twimg.com/media/HGv-xE9bwAAIlPZ.jpg","","ja","","0","0","1","https://x.com/undefined/status/2048010577445052538","1386250081095933962",
"2047998351279317202","Sat Apr 25 12:05:39 +0000 2026","0","@iamnasboi 2240027805 uba Valentine Paul ushahemba","2048010547577131253","","iamnasboi","et","","0","0","0","https://x.com/undefined/status/2048010547577131253","1982019888945508352",
"2048010528547606946","Sat Apr 25 12:05:34 +0000 2026","0","/ ⠀* ⠀someone do god s work ﹠. introduce 52 yr old jill valentine to overwatch.","2048010528547606946","","","en","","1","2","0","https://x.com/undefined/status/2048010528547606946","910640610054246400",
"2047838462766641369","Sat Apr 25 12:04:09 +0000 2026","0","@MatthewMKE98 Mathew if I SEE YOU SAY VALENTINE ONE MORE TIME","2048010171260059930","","MatthewMKE98","en","","0","1","0","https://x.com/undefined/status/2048010171260059930","1419193721376153601",
"2048009731592073567","Sat Apr 25 12:02:24 +0000 2026","1","Small-town whodunit meets the supernatural. Warm mugs. Dangerous fog. One very smart hedgehog. A Prickly Predicament by Wynn Valentine Amazon &amp; Kindle Unlimited. #CozyMystery #ParanormalCozy #SmallTownMystery #Whodunit #CozyReads https://t.co/KcHEwppvYk","2048009731592073567","https://pbs.twimg.com/ext_tw_video_thumb/2048009551811649536/pu/img/m95m28butiaDRbZz.jpg","","en","","0","0","0","https://x.com/undefined/status/2048009731592073567","1195734469011034112",
"2048009522610950509","Sat Apr 25 12:01:35 +0000 2026","2","We make two changes to today s starting XI. Valentine Katsande replaces Tafadzwa George while Tinotenda Mutyambizi earns a start in midfield ahead of Marcelline Mlilo. Famba!️ #Punters #Moudzanaudzana https://t.co/wrULznUqUv","2048009522610950509","https://pbs.twimg.com/media/HGv9zj6X0AAjHdU.jpg","","en","","1","0","0","https://x.com/undefined/status/2048009522610950509","1579848009608839168",
"2047997337226608664","Sat Apr 25 12:01:34 +0000 2026","0","@MURKOFFSERAPHIM Mrs. Valentine ! Hello please have- oh well... I don't really have any good accommodations for you to sit yet... But you can lay on the couch if that's comfortable? I ordered something last week just waiting for it to come in I promise.","2048009519800742337","","W00DHART","en","","1","0","0","https://x.com/undefined/status/2048009519800742337","1787966598805905408",
"2048009466981781874","Sat Apr 25 12:01:21 +0000 2026","1","el concepto de jill viendo ganar a san lorenzo la libertadores en 2014 (jill valentine de san lorenzo como aragorn y el papa !!! te banco hermana) https://t.co/0xKqSCoVcn","2048009466981781874","https://pbs.twimg.com/tweet_video_thumb/HGv9wBNbUAAOUu7.jpg","","es","","0","1","0","https://x.com/undefined/status/2048009466981781874","1753262830445338624",
"2047999546894987430","Sat Apr 25 12:01:12 +0000 2026","1","@CaterinaCatK The Thing The Hills Have Eyes Thirteen Ghosts My Bloody Valentine....and then we have flops like The Wicker Man!","2048009427798602232","","CaterinaCatK","en","","0","1","0","https://x.com/undefined/status/2048009427798602232","26934139",
"2047656313015120008","Sat Apr 25 12:00:50 +0000 2026","1","@maffygirl I bought a new tie I have wanted for quite some time. Not cheap. Felt so sad and broken on Thursday that in the evening I bought it and am calling it James. High-quality smart soft timeless and will be loved. I think he'd have laughed. Oh how I adored Mr Valentine ","2048009337604599947","","maffygirl","en","","0","0","0","https://x.com/undefined/status/2048009337604599947","1892675286753542145",
"2047530277073723853","Sat Apr 25 12:00:27 +0000 2026","1","@nmixxpics_ Blue valentine adore u and podium probably","2048009237318479880","","nmixxpics_","en","","0","0","0","https://x.com/undefined/status/2048009237318479880","1949489029772103680",
"2048009131802382592","Sat Apr 25 12:00:01 +0000 2026","5","Love is all I feel I know we're meant to be Don't waste our time too long Angel Angel come with me Over and over again I feel the pain in my heart Can we make a brand new start? Over and over again I keep on loving you Loving you Over and Over Again Robby Valentine https://t.co/ZNeI5BOVJ5","2048009131802382592","https://pbs.twimg.com/media/HGuyB78aQAAQEXq.jpg","","en","","0","0","0","https://x.com/undefined/status/2048009131802382592","1646341385925328897",
"2048008699546042745","Sat Apr 25 11:58:18 +0000 2026","0","ずーっとPhilosophia歌ってたバンドなんだっけ？ってなってたんだけど思い出した、Kill=slaydだw!! Valentine D.Cじゃなかったっけ? って検索しても全然出てこなくて(当たり前)途方に暮れてたけど唐突に思い出した。いやースッキリした。","2048008699546042745","","","ja","","0","0","0","https://x.com/undefined/status/2048008699546042745","2585031576",
"2048008251829370972","Sat Apr 25 11:56:33 +0000 2026","0","btw this is valentine","2048008256170434941","","Rizzy_Jaxy","en","","0","0","0","https://x.com/undefined/status/2048008256170434941","2021781660401045504",
"2048000554639806523","Sat Apr 25 11:54:34 +0000 2026","1","@haeirium_hwa Nanti mereka nyanyi Blue Valentine Crush on You sama ADORE U di nikahanku","2048007757891313815","","haeirium_hwa","in","","0","0","0","https://x.com/undefined/status/2048007757891313815","1249252096903274504",
"2048007605520658938","Sat Apr 25 11:53:57 +0000 2026","0","Valentine went to war for Australia. It took his family 100 years to find him https://t.co/amL91iYAet","2048007605520658938","","","en","","0","0","0","https://x.com/undefined/status/2048007605520658938","3278581543",
"2047341881432899963","Sat Apr 25 11:50:43 +0000 2026","0","@Yogurtgateau What if it's... another valentine?","2048006791762526661","","Yogurtgateau","en","","0","0","0","https://x.com/undefined/status/2048006791762526661","1987274579803578371",
"2047530277073723853","Sat Apr 25 11:49:45 +0000 2026","0","@nmixxpics_ Blue valentine Spinnin' on it Crush on you","2048006546677002693","","nmixxpics_","en","","0","0","0","https://x.com/undefined/status/2048006546677002693","1411565319559127040",
"2048005852766851127","Sat Apr 25 11:47:00 +0000 2026","2","/ I could put Funny Valentine on Cora's character square You could. You shouldn't but you could. ","2048005852766851127","","","en","","0","0","0","https://x.com/undefined/status/2048005852766851127","1732965106428915712",
"2048003496721695125","Sat Apr 25 11:46:26 +0000 2026","0","@leesolmigrain Tidak perlu hari valentine tidak perlu white day kapanpun dimanapun dalam keadaanpun ingin membanjiri kamu dengan fresh flower","2048005712526315826","","leesolmigrain","in","","0","0","0","https://x.com/undefined/status/2048005712526315826","2013984784691941376",
"2047948764535550259","Sat Apr 25 11:46:22 +0000 2026","7","@klcheshire Wish You Were Here-Pink Floyd Wishing (If I Had A Photograph Of You)-A Flock Of Seagulls To Wish Impossible Things-The Cure Wish Fulfillment-Sonic Youth Wish I Could Fly-Roxette Blown A Wish-My Bloody Valentine I Wish-Stevie Wonder (Wish I Could) Hideaway-CCR","2048005695052923186","","klcheshire","en","","0","0","0","https://x.com/undefined/status/2048005695052923186","1732322749647839232",
"2047998351279317202","Sat Apr 25 11:45:00 +0000 2026","0","@iamnasboi 0096551504 Ikechi Valentine Ojonuba Sterling Bank God bless you sir","2048005350998134788","","iamnasboi","en","","0","0","0","https://x.com/undefined/status/2048005350998134788","1679255769605079040",
"2047811749647139178","Sat Apr 25 11:44:12 +0000 2026","7","@moonlightdih @evadentz jill valentine mentioned","2048005149038170156","","moonlightdih","en","","0","0","0","https://x.com/undefined/status/2048005149038170156","1323165559333228544",
"2048005095997239602","Sat Apr 25 11:43:59 +0000 2026","0","【交換/買取/譲渡】にじさんじ グッズ チェキ風カード 5th 7th 8th Anniversary 1st One Man Live Alpha ONE Valentine 2時だとか ウエハースカード VACHSS 特典 譲）画像のもの 求）希望額+送料 赤線は緑線より同数以上抱き合わせ 青線は緑線&gt;無印より抱き合わせ お気軽にお声掛けください https://t.co/2S6KkfDyx6","2048005095997239602","https://pbs.twimg.com/media/HGv5xMXbcAAyDjR.jpg","","ja","","0","1","0","https://x.com/undefined/status/2048005095997239602","2023336427262799872",
"2041030270305079576","Sat Apr 25 11:43:52 +0000 2026","0","アヤト Midnight†Century D1 Crazy Pink Valentine D1 包帯ラヴァーズ D 決まりました 後ほど上げ直します","2048005067433988569","","k_k_m_c_7913","ja","","0","0","0","https://x.com/undefined/status/2048005067433988569","888124793685286913",
"2048004924752195675","Sat Apr 25 11:43:18 +0000 2026","0","2026.2.11 完璧ぐ〜のね（13） HKT48 Valentine Concert ～きみに届けるチョコレート～／福岡サンパレス #松永悠良 #福井可憐 #森﨑冴彩 #HKT48_カメコ #HKT48 https://t.co/nzFwGPsAHM","2048004924752195675","https://pbs.twimg.com/media/HGv5nuBbYAAcFe7.jpg","","ja","","0","0","0","https://x.com/undefined/status/2048004924752195675","117272779",
"2047899309958426717","Sat Apr 25 11:43:02 +0000 2026","0","@fishitfess Udah nggk dari event valentine sampai sekarang nggk ada sc yang nyangkut sampai detik ini.","2048004855248417011","","fishitfess","in","","0","0","0","https://x.com/undefined/status/2048004855248417011","1466910787587371009",
"2048004766601818584","Sat Apr 25 11:42:41 +0000 2026","113","NMIXX singing Blue Valentine in their hair stylist's wedding today https://t.co/Vv6ncXM6ur","2048004766601818584","https://pbs.twimg.com/amplify_video_thumb/2047994198025281536/img/AuusJcSnjkXxWxt9.jpg","","en","","0","1","6","https://x.com/undefined/status/2048004766601818584","1485457279352983552",
"2048004160717730250","Sat Apr 25 11:40:16 +0000 2026","2","why do you enjoy my suffering cyrene why just why were the 3 50/50s not enough was the valentine art not enough https://t.co/cnt7SIbl3L","2048004160717730250","https://pbs.twimg.com/media/HGv47ObaMAAM3hy.jpg","","en","","0","1","0","https://x.com/undefined/status/2048004160717730250","1937174810058276864",
"2048004058196349286","Sat Apr 25 11:39:52 +0000 2026","2","Wishlist Setlist Itadaki 12Byou Sakura Minna de tabeta Kimi to Niji to Taiyou Everyday Kachusha Mulai dari salam Sugar Rush Melon Juice Suki Suki Skip Suki 3x Aishiteraburu Hayaokuri Calendar Hatsukoi Dorobou Srigala &amp; Pride Nage Kissu de Uchi no Otose Valentine Day Kiss","2048004058196349286","","","in","","0","0","0","https://x.com/undefined/status/2048004058196349286","1011974017866059776",
"2047835732522279104","Sat Apr 25 11:38:16 +0000 2026","0","@TheCinesthetic The end of blue valentine","2048003658843820457","","TheCinesthetic","en","","0","0","0","https://x.com/undefined/status/2048003658843820457","801598496314789889",
"2048003528967524368","Sat Apr 25 11:37:46 +0000 2026","0","Kompilasi Fakta Menarik Luminous Twilight Valentine Tensura https://t.co/CPKwcL5D7N via @YouTube","2048003528967524368","","","in","","0","0","0","https://x.com/undefined/status/2048003528967524368","1741375537292156928",
"2048003451175784553","Sat Apr 25 11:37:27 +0000 2026","0","@2 にじさんじ ウエハース 共通衣装 ChroNoiR 7周年 7th 8周年 8th 学園 ゔぉるたくしょん voltaction pajama party 2時だとか IMPACT valentine happy b-day わんにゃん art of nijisanji SitR フォト カード チェキ 証明写真 交換 【譲】画像1枚目、2枚目 【求】画像3枚目 引用元にお声掛け下さい https://t.co/4EmtNtdrg9","2048003451175784553","https://pbs.twimg.com/media/HGv4SLLbwAAVV0G.jpg","2","ja","","0","0","0","https://x.com/undefined/status/2048003451175784553","1024969492642684928",
"2048003214142829061","Sat Apr 25 11:36:30 +0000 2026","0","They twinkified Valentine ","2048003214142829061","","","en","","0","0","0","https://x.com/undefined/status/2048003214142829061","1372315449854148609",
"2047992463239901306","Sat Apr 25 11:35:48 +0000 2026","0","⠀ MDNI ; Reader beware NSFW themes will be present. Distinctive Portrayal of Funny Valentine from Hirohiko Araki s 'Steel Ball Run'. ⠀","2048003036539158697","","PATRlAE","en","","0","1","0","https://x.com/undefined/status/2048003036539158697","1644000779777327107",
"2047985920930881657","Sat Apr 25 11:31:55 +0000 2026","0","@chao_jiddnkz Yes I agree Funny Valentine","2048002057341177862","","chao_jiddnkz","en","","0","1","0","https://x.com/undefined/status/2048002057341177862","1354133671813541888",
"2048001872875966737","Sat Apr 25 11:31:11 +0000 2026","0"," にじさんじ Rose Valentine VD バレンタイン チェキ カード 交換 譲渡 反応は引用元までお願いいたします 29日に全て処分します‍↕️","2048001872875966737","","","ja","","0","0","0","https://x.com/undefined/status/2048001872875966737","1411015099465166850",
"2047748339462971558","Sat Apr 25 11:28:31 +0000 2026","0","@467Doggo if he gets past spamton then its funny valentine that beats him mahito loses because john no soul damage is fighting someone who does soul damage and i dont know much but funny valentine is a jojos character so he got that","2048001201271177459","","467Doggo","en","","0","0","0","https://x.com/undefined/status/2048001201271177459","1771949141628690432",
"2048001114348625936","Sat Apr 25 11:28:10 +0000 2026","0","にじさんじ 交換 譲渡 買取 チェキ ブロマイド 缶バッジ 特典 Melty Valentine ボイスビジュアルカード NIJISANJI Clutch Mode Type：Kanae &amp; Lauren オリエンス Oriens 3周年 3rd Anniversary Dytica サンリオ ROF-MAO VOLTACTION まねきねこ ART OF NIJISANJI にじたうん すぷれあ BYTHEBEAT","2048001114348625936","","","ja","","0","0","0","https://x.com/undefined/status/2048001114348625936","1889931214678794246",
"2047999972562321563","Sat Apr 25 11:26:06 +0000 2026","0","P.S. I would be remiss if I didnt say; Your Vincent Valentine is fucking perfect. I assume what that character means to you as it does for me (along with all of VII). Good shit dood.","2048000593193517324","","Mtndouken","en","","0","0","0","https://x.com/undefined/status/2048000593193517324","1294816377409331201",
"2047999933530468363","Sat Apr 25 11:23:28 +0000 2026","3","【サークル参加します!!】2027年02月21日（東京）VALENTINE ROSE FES 2027内 タカくくオンリー｜ #イベントGO_赤ブー https://t.co/SqEfUSXqck 来年もなか島さんのお隣で〜️ 憧れのタカくくオンリー出ますよ 楽しみっ＼＼\\ꐕꐕꐕ//／／","2047999933530468363","","","ja","","0","0","1","https://x.com/undefined/status/2047999933530468363","2580117817",
"2047999915947950139","Sat Apr 25 11:23:24 +0000 2026","1","Something funny came into my feed and it has a point. To add up at least doesn't harass Moonton into giving your favorite a Valentine skin steal the childhood sweetheart and claims to be canon when it supposedly and originally from another girl. #mlbb #hayagura","2047999915947950139","","","en","","0","0","0","https://x.com/undefined/status/2047999915947950139","1892268071328579584",
"2047999839015989276","Sat Apr 25 11:23:06 +0000 2026","0","teringat ada baca yg Mike Markkula time memula dia jumpa Steve Jobs Jobs selekeh betul tak terurus pastu time tu @sequoia s founder Valentine taknak tenguk pun muka Jobs tu sbb geli selekeh omg dahsyat dorang ni","2047999839015989276","","","in","","0","0","0","https://x.com/undefined/status/2047999839015989276","465422238",
"2047999806514376751","Sat Apr 25 11:22:58 +0000 2026","0","Cupid Vee ️ Two Valentine Mixes this month cause why not https://t.co/hqfg6DhTyo","2047999806514376751","https://pbs.twimg.com/media/HGv07qxbAAAzbNm.jpg","","en","","0","0","0","https://x.com/undefined/status/2047999806514376751","2038368318399115264",
"2047999288437797212","Sat Apr 25 11:20:55 +0000 2026","2","Character stat pages of Ani Mika Valentine and Good/Bad Rudy made with ChatGPT Images 2.0. https://t.co/9ABO1GJoV5","2047999288437797212","https://pbs.twimg.com/media/HGvz8wYa4AA5y0Y.jpg","","en","","0","0","0","https://x.com/undefined/status/2047999288437797212","1942448632839483392",
"2047999112960983147","Sat Apr 25 11:20:13 +0000 2026","0","Babylon Want You Back Lie To Me Ghost of You Valentine","2047999112960983147","","","en","","0","0","0","https://x.com/undefined/status/2047999112960983147","76840664",
"2047993889311637799","Sat Apr 25 11:19:12 +0000 2026","1","@tiramissu144 holy fuck valentine joined the umbrella corp its joever","2047998859641536960","","tiramissu144","en","","0","0","0","https://x.com/undefined/status/2047998859641536960","1776071787811352576",
"2047998770852577536","Sat Apr 25 11:18:51 +0000 2026","4","【サークル参加します!!】2027年02月21日（東京）VALENTINE ROSE FES 2027内 タカくくオンリー｜ #イベントGO_赤ブー https://t.co/6ptl2aCc91 来年の自カプオンリーでます 来年もみぞれさんとお隣やで〜〜〜〜 楽しみすぎ","2047998770852577536","","","ja","","1","0","0","https://x.com/undefined/status/2047998770852577536","1600329834957533184",
"2047997865574965713","Sat Apr 25 11:15:15 +0000 2026","0","nyang valentine trus enton swimming school riize chef masak masak dan running riize. itu sihk nyang paling sering ku rewatch nyang palink my fav gwejh..","2047997865574965713","","","in","","0","0","0","https://x.com/undefined/status/2047997865574965713","1664205637969137666",
"2047997698377191831","Sat Apr 25 11:14:35 +0000 2026","1","╱ leon s backflips were unnecessary he s always doing unnecessary backflips the humble jill valentine: https://t.co/06ivHSlRgu","2047997698377191831","https://pbs.twimg.com/amplify_video_thumb/2047997619436163073/img/5ObXNGJ_Q_B8iu-4.jpg","","en","","0","0","0","https://x.com/undefined/status/2047997698377191831","1919533520516743169",
"2047997180888453318","Sat Apr 25 11:12:32 +0000 2026","0","she looks like she s about to say If this lovе is over 다시 뛰어들어 난 이 사랑은 colder I'll keep the firе lit in mine You'll always be my blue-ue-ue-ue-ue valentine (Blue valentine blue valentine) You'll always be my blue-ue-ue-ue-ue valentine (Blue valentine blue valentine)","2047997180888453318","","","en","","0","0","0","https://x.com/undefined/status/2047997180888453318","1420916172606742528",
"2047997143282253910","Sat Apr 25 11:12:23 +0000 2026","214",": We did work hard to get to this place where Blue Valentine could be recognized like that so it does really feel validating but obviously the most important thing to NMIXX always will be our NSWERs reactions and thoughts on our album. https://t.co/hsyYVf7ybv","2047997143282253910","https://pbs.twimg.com/media/HGvyihzbQAA5yiG.png","","en","","0","0","33","https://x.com/undefined/status/2047997143282253910","1485457279352983552",
"2047996724606644727","Sat Apr 25 11:10:43 +0000 2026","0","BREAKING - Much loved radio host James Valentine passes away https://t.co/P6MrqbUWbC They Still be Getting the Cancer ...","2047996724606644727","","","en","","0","0","0","https://x.com/undefined/status/2047996724606644727","2782005918",
"2047996709243117877","Sat Apr 25 11:10:40 +0000 2026","0","【交換】ALLDAY PROJECT オルデプ Valentine トレカ 譲　Valentine 購入特典 ベイリー 求　同特典アニー 郵送交換希望です。 #alldayproject交換 #ALLDAYPROJECT交換 #オルデプ交換 https://t.co/xeYOTkVr8L","2047996709243117877","https://pbs.twimg.com/media/HGvyJuTbcAADoFW.jpg","","ja","","0","0","0","https://x.com/undefined/status/2047996709243117877","3113030623",
"2047996529999327275","Sat Apr 25 11:09:57 +0000 2026","2","مين يذكر لما طلعت مع هالين بل valentine https://t.co/uVxEBWVLEI","2047996529999327275","https://pbs.twimg.com/media/HGvx9-oWUAAWl1c.jpg","","ar","","0","1","0","https://x.com/undefined/status/2047996529999327275","1509133836189323264",
"2047996404602454413","Sat Apr 25 11:09:27 +0000 2026","0","he wrote in the card that it was our first year engaged and our last one before getting married so OF COURSE he would celebrate Valentine's Day and me being his Valentine haven't seen each other properly for two weeks while I away for work and we ... https://t.co/XwxfRJHr4J","2047996404602454413","https://pbs.twimg.com/amplify_video_thumb/2047996315620249600/img/cp8WO-wf5fD2I04m.jpg","","en","","0","0","0","https://x.com/undefined/status/2047996404602454413","2029765861767360512",
"2047362041954935118","Sat Apr 25 11:06:57 +0000 2026","0","@VALB30vb Je suis encore le dernier informé !!! Siku ya kuzaliwa mzuri Valentine dit-on en Afrique de l'est où j'ai longtemps vécu..... Mais faut-il aller dans les paramètres pour être informé de cet évènement ?","2047995775452422477","","VALB30vb","fr","","0","1","0","https://x.com/undefined/status/2047995775452422477","1727652539594625024",
"2047995485668143421","Sat Apr 25 11:05:48 +0000 2026","14","太幸福浪漫了吧!!!!!!!! Blue Valentine in Wedding!!!!","2047995485668143421","","","zh","","1","0","0","https://x.com/undefined/status/2047995485668143421","1823538423074054149",
"2047810463547732432","Sat Apr 25 11:05:18 +0000 2026","0","@thvangeo eu nunca fui muito chegado mas pelas poucas memórias de interesse - sempre pensei que valentine fosse alto e tivesse o rosto mais alongado depois da mandíbula além do cabelo que pesquisando é relativamente maior. ele se parece com aquilo que dizem ser passivo tóxico ","2047995361742967062","","thvangeo","pt","","0","0","0","https://x.com/undefined/status/2047995361742967062","1985014435103272960",
"2047995128267325448","Sat Apr 25 11:04:23 +0000 2026","0","엔믹스 앨범 미개봉 현물 양도 NMIXX Unopened Sealed Album Sell album price: https://t.co/vKnop47JSO Stick out 0.6/set Fe3O4: FORWARD 0.6/set Blue Valentine 0.9/set 수량많음 on hand a lot https://t.co/C4J75JVLlb If the KakaoTalk Open Chat link on X doesn t work please use the https://t.co/2YywLbtFZq","2047995128267325448","https://pbs.twimg.com/media/HGvwtlzbUAAfdIv.jpg","","ko","","0","0","0","https://x.com/undefined/status/2047995128267325448","2686514166",
"2047994327033630841","Sat Apr 25 11:03:31 +0000 2026","1","these students sang Blue Valentine and then opened their lockers. i don't know what this is but it's funny ","2047994909651869906","","jiwootoday","en","","0","0","0","https://x.com/undefined/status/2047994909651869906","1802408388481122304",
"2047935099270824090","Sat Apr 25 11:02:40 +0000 2026","3","@ma9lx Talk Talk - Spirit of Eden My Bloody Valentine - Loveless Aphex Twin - Selected Ambient Works 85-92 Pixies - Bossanova Pink Floyd - Wish You Were Here Tom Waits - Blue Valentine Burial - Burial Leonard Cohen - The Future MGMT - MGMT Coil - Love s Secret Domain","2047994696450863221","","clandie","en","","0","1","0","https://x.com/undefined/status/2047994696450863221","15382463",
"2047530277073723853","Sat Apr 25 11:02:17 +0000 2026","0","@nmixxpics_ Phoenix Podium Blue Valentine","2047994602473320787","","nmixxpics_","en","","0","0","0","https://x.com/undefined/status/2047994602473320787","1652704506994409475",
"2047992512204431390","Sat Apr 25 11:01:15 +0000 2026","0","@jeznaaa mana dia janji hadiah valentine ntar mau lebih gede dibanding kan pew apa ga tewas kita semua liat dia gede","2047994342468653333","","jeznaaa","in","","0","1","0","https://x.com/undefined/status/2047994342468653333","1729798732479438848",
"2047994035516645517","Sat Apr 25 11:00:02 +0000 2026","0","Todas las apariciones de Jill Valentine en la saga RESIDENT EVIL @RE_Games @ResidentEvil @CapcomLatam @Capcom_Es #ResidentEvil https://t.co/Q6Vd4uZblG","2047994035516645517","https://pbs.twimg.com/amplify_video_thumb/2039646935469240320/img/LIUqLLlI4cwbS-YS.jpg","","es","","0","0","0","https://x.com/undefined/status/2047994035516645517","1776607131333971968",
"2047993856113934368","Sat Apr 25 10:59:19 +0000 2026","0","Kira gabakal bisa ikut junbret karena suaminya ultah mendekati bulan ini ya gabakal bisa ikut valentine junbred halloween soalnya kedeketan semua sama anniv yume siall pdhl mau ikut ","2047993856113934368","","","in","","0","0","0","https://x.com/undefined/status/2047993856113934368","1010919229447524352",
"2047993756888989733","Sat Apr 25 10:58:56 +0000 2026","10","Funny valentine #steelballrun https://t.co/xP9bEcVeqj","2047993756888989733","https://pbs.twimg.com/media/HGvvd9sasAE2urg.jpg","","en","","0","0","2","https://x.com/undefined/status/2047993756888989733","2036097837310828544",
"2047982742307226088","Sat Apr 25 10:58:00 +0000 2026","2","@Hxzikz there are many more!! there's a scene where pokke helped messiah who got possessed by a ghost during summer camp. also during valentine pokke got so flustered by messiah wanting to give her chocolates (her trainer kept teasing her about it) https://t.co/f0YbN3l9B3","2047993523488874714","https://pbs.twimg.com/media/HGvvPkDaQAAbJgq.jpg","Hxzikz","en","","0","2","1","https://x.com/undefined/status/2047993523488874714","2019009855152132096",
"2047976751599640708","Sat Apr 25 10:55:38 +0000 2026","0","@Miokaydesu When yah valentine dah lewat ya ","2047992926991692053","","Miokaydesu","in","","0","0","0","https://x.com/undefined/status/2047992926991692053","1788826158190190592",
"2047653468433698844","Sat Apr 25 10:51:09 +0000 2026","1","@KarsTheUltThing Why does valentine in this pic kinda look like george bush with female hair","2047991801466794265","","KarsTheUltThing","en","","0","1","0","https://x.com/undefined/status/2047991801466794265","1987274579803578371",
"2047991564673159570","Sat Apr 25 10:50:13 +0000 2026","15","i will always be a valentine girl ⊹ ࣪ ₊ ໒꒱","2047991564673159570","","","en","","0","0","9","https://x.com/undefined/status/2047991564673159570","1775551361137942528",
"2047989901182882298","Sat Apr 25 10:43:55 +0000 2026","1","@MelanieCandra Good morning! ️️ Waking up to this beach sunset + those sweet notifications? Absolute vibe. Loving the Valentine touch and that Grok task alert feels personal. Nailed the prompt tweak already. What's next? I'm ready whenever you are. ","2047989980060954995","","MelanieCandra","en","","0","0","0","https://x.com/undefined/status/2047989980060954995","1720665183188922368",
"2047989921382543748","Sat Apr 25 10:43:41 +0000 2026","0","わあこのハートワンピ可愛い〜 ピンクでバックハートだなんて君と着てみたいかも？ NORALEE VALENTINE DRESS ノラリー ハート ワンピース https://t.co/06TYBjKQlj","2047989921382543748","","","ja","","0","0","0","https://x.com/undefined/status/2047989921382543748","1955933844248649735",
"2047989578494001448","Sat Apr 25 10:42:19 +0000 2026","4663","#Euphoria #EuphoriaHBO ️ATENCIÓN️ Caballo de Troya: Chloe Cherry CRITICA desde dentro la serie por su dirección en la 3T con la trama de Cassie aka. Sydney Sweeney. Chloe Cherry era actriz de OnlyFans antes de incorporarse a la serie en la 2T como Faye Valentine. Por eso NO https://t.co/zNzN8l1csc","2047989578494001448","https://pbs.twimg.com/media/HGvn8Z4akAAREHl.jpg","","es","","44","39","220","https://x.com/undefined/status/2047989578494001448","3009598206",
"2047989024749719757","Sat Apr 25 10:40:07 +0000 2026","0","Kanav Crafts Swan Neck Deformity Silver Field Ring Splint 925 PIP Holes design Arthitis ring Valentine Gifts Gift for her Gift For mother Women Ring Rings https://t.co/ZZJK1g2xye #Amazon via @Amazon","2047989024749719757","","","en","","0","0","0","https://x.com/undefined/status/2047989024749719757","1431534425406427137",
"2047916484241014933","Sat Apr 25 10:39:12 +0000 2026","1","@ITSMeuh28 Bloody valentine","2047988790942437469","","ITSMeuh28","en","","0","0","0","https://x.com/undefined/status/2047988790942437469","1985687964874391555",
"2047988712462807478","Sat Apr 25 10:38:53 +0000 2026","0","Hari valentine kayaknya ga cocok buat gua hmmmmmm","2047988712462807478","","","in","","0","1","0","https://x.com/undefined/status/2047988712462807478","1883927339278684160",
"2047987340782788932","Sat Apr 25 10:33:26 +0000 2026","0","1. Blue Valentine 2. Podium 3. Reality Hurt","2047987340782788932","","","en","","0","0","0","https://x.com/undefined/status/2047987340782788932","1540252582806822912",
"2047987287699439626","Sat Apr 25 10:33:13 +0000 2026","11","Capcom many are asking you not to ignore characters like Jill Valentine. We really hope that she will become the main character in one of the future Resident Evil games. https://t.co/NfOHaX8amG","2047987287699439626","https://pbs.twimg.com/tweet_video_thumb/HGvplA7bMAAojVx.jpg","","en","","0","3","2","https://x.com/undefined/status/2047987287699439626","1964694144720519169",
"2047653468433698844","Sat Apr 25 10:33:02 +0000 2026","0","@chao_jiddnkz Hello Funny Valentine -🇺🇸 https://t.co/sPm2TER8ZD","2047987239561408871","https://pbs.twimg.com/media/HGvpidQawAAf3uv.jpg","chao_jiddnkz","en","","0","1","0","https://x.com/undefined/status/2047987239561408871","2033235036753768449",
"2047986698311606451","Sat Apr 25 10:32:13 +0000 2026","0","@Talented_virtua 9135887512 opay Valentine Paul","2047987035948888333","","Talented_virtua","en","","0","0","0","https://x.com/undefined/status/2047987035948888333","1982019888945508352",
"2047987003195887933","Sat Apr 25 10:32:05 +0000 2026","0","@1 【交換】にじさんじ Melty Valentine チェキ 譲)画像1枚目 求)画像2枚目 赤枠 ※画像3枚目が補足になりますのでご一読ください ○郵送交換のみ ○纏めての方優先 ○ミニレター使用してのポスト投函予定","2047987003195887933","","1","ja","","0","0","0","https://x.com/undefined/status/2047987003195887933","1580820996977987584",
"2047764162701410618","Sat Apr 25 10:30:11 +0000 2026","1","@bfmbusiness @marcfiorentino A l 'ancienne elle avait de tout petit peut on ....Valentine .... . https://t.co/hJ9YsCxy3O","2047986523681792066","https://pbs.twimg.com/tweet_video_thumb/HGvo4mYbAAABdPh.jpg","bfmbusiness","fr","","0","0","0","https://x.com/undefined/status/2047986523681792066","408457280",
"2047523849604907269","Sat Apr 25 10:29:56 +0000 2026","0","@fairyoftwt Why did they make valentine smaller and shorter? He was taller than clawd in why do ghouls fall in love?","2047986461060857987","","fairyoftwt","en","","0","0","0","https://x.com/undefined/status/2047986461060857987","2018088274460352513",
"2047985963691893128","Sat Apr 25 10:27:58 +0000 2026","0","what are you talking about? go to reddit people in the entire subreddit for monster loves these dolls. while the rest are people that wanted the original valentine not reboot him","2047985963691893128","","","en","","0","0","0","https://x.com/undefined/status/2047985963691893128","771610505928515584",
"2047985514905493861","Sat Apr 25 10:26:11 +0000 2026","0","Hicieron pollo las fotos de Blue valentine","2047985514905493861","","","es","","0","0","0","https://x.com/undefined/status/2047985514905493861","1394158428097032192",
"2047827264088232076","Sat Apr 25 10:23:00 +0000 2026","0","@Natier91 Can you be my valentine on the next valentine's day lol","2047984715571802210","","Natier91","en","","0","0","0","https://x.com/undefined/status/2047984715571802210","1799545549038747648",
"2047984701244342528","Sat Apr 25 10:22:57 +0000 2026","1","エルレガーデンさん今年こそGunpowder Valentineお願いします","2047984701244342528","","","ja","","0","0","0","https://x.com/undefined/status/2047984701244342528","1094970275743948804",
"2047828893189513265","Sat Apr 25 10:22:30 +0000 2026","0","@theonlyshampoo @467Doggo Funny Valentine if youre asking unironically","2047984590334157294","","theonlyshampoo","en","","0","0","0","https://x.com/undefined/status/2047984590334157294","1790781188866441230",
"2047965288109621309","Sat Apr 25 10:21:47 +0000 2026","1","@Lolaka94 OMG I almost fell out of my chair the first time I heard Joanna Lumley speak in her normal voice! Patsy talks in a very loud &amp; harsh way but Joanna is so softly spoken! And I also loved her in Shirley Valentine. These AbFab bloopers are hilarious! https://t.co/YYLquFMhBr","2047984409043939572","https://pbs.twimg.com/amplify_video_thumb/2047984324981739520/img/9Q4uez3OMGzjzQEy.jpg","Lolaka94","en","","0","1","0","https://x.com/undefined/status/2047984409043939572","1730871417775026176",
"2047983097224835092","Sat Apr 25 10:16:34 +0000 2026","1","Oooooohh I wanna make you mineeee Told you a thousand times I'm your valentine https://t.co/KpODNiblSb","2047983097224835092","https://pbs.twimg.com/tweet_video_thumb/HGvlwQ-asAApYpB.jpg","","en","","0","0","0","https://x.com/undefined/status/2047983097224835092","3234274615",
"2047983035920871586","Sat Apr 25 10:16:20 +0000 2026","0","Rose Valentine缶バッジ可愛すぎ〜君も欲しい？ ローレン・イロアス Rose Valentine 缶バッジ チェキ 特典 https://t.co/aRQFdOkS5f","2047983035920871586","","","ja","","0","0","0","https://x.com/undefined/status/2047983035920871586","1955933844248649735",
"2047982867201114352","Sat Apr 25 10:15:39 +0000 2026","0","Its either the first Kdrama that aired here or the second one. Yes I'm that old It was around the time na kasagsagan ng Meteor Garden. &amp; mas nauna yung My MVP Valentine ( taiwanese ) As a 9 yr old kid naglalaro ako sa labas at naririnig ko pinapatugtog tagalog OST neto https://t.co/IaRSPiTsqb","2047982867201114352","https://pbs.twimg.com/media/HGvlkEYbIAAr8un.jpg","","tl","","0","1","0","https://x.com/undefined/status/2047982867201114352","2294543563",
"2047982742307226088","Sat Apr 25 10:15:21 +0000 2026","40","fuuuck pokkekun the girlkisser you are... look at her trying to comfort messiah and make her laugh...... EVERYONE please read pokke's carer for more pkms crumbs!! there are some in the summer and valentine events too (yes i know it's a reference to air muscat) https://t.co/fm1lMgUJBc","2047982788025192463","https://pbs.twimg.com/media/HGvlefkbgAA3o9L.jpg","cherry_mille","en","","0","4","1","https://x.com/undefined/status/2047982788025192463","2019009855152132096",
"2047981828619768151","Sat Apr 25 10:11:32 +0000 2026","0","五木左京のローズバレンタイン缶バッジ可愛い〜君も欲しい？ にじさんじ 五木左京 Rose Valentine 缶バッジ チェキ 特典 https://t.co/ZDyphvYkEq","2047981828619768151","","","ja","","0","0","0","https://x.com/undefined/status/2047981828619768151","1955933844248649735",
"2047857244683841726","Sat Apr 25 10:10:45 +0000 2026","1","@FUNKAF1ED @Jared_Carrabis Valentine?","2047981631344906503","","FUNKAF1ED","et","","0","0","0","https://x.com/undefined/status/2047981631344906503","40327019",
"2047774849859493972","Sat Apr 25 10:08:46 +0000 2026","1","@marcfiorentino A l'ancienne ... Elle avait de tout petits .... peut on ? .... Valentine https://t.co/niTrUdv4Zd","2047981132445012088","https://pbs.twimg.com/tweet_video_thumb/HGvj-1VWkAAQgc7.jpg","marcfiorentino","fr","","0","0","0","https://x.com/undefined/status/2047981132445012088","408457280",
"2047956458021552303","Sat Apr 25 10:07:26 +0000 2026","1","@futchwoo BLUE VALENTINE BLUE VALENTINE","2047980797085270179","","futchwoo","en","","0","0","0","https://x.com/undefined/status/2047980797085270179","2029472310693117955",
"2047980679963783509","Sat Apr 25 10:06:58 +0000 2026","0","My cat is my forever furry Valentine.","2047980679963783509","","","en","","0","0","0","https://x.com/undefined/status/2047980679963783509","2002318394050461696",
"2047980255256945115","Sat Apr 25 10:05:17 +0000 2026","0","Tangina its a sign na talaga kasi nakita ko i2 habang nakikinig ng valentine by 5sos putangina yes yesye syehsyhsyxhsjxjsisjisjsjsssjsjzjsjsudud","2047980255256945115","","","tl","","0","0","0","https://x.com/undefined/status/2047980255256945115","1972660730953613312",
"2047980223312863348","Sat Apr 25 10:05:09 +0000 2026","1","I'm gonna redesign Valentine and use him as my insert because I can't create a new interesting character https://t.co/ZcKhL4Smlu","2047980223312863348","https://pbs.twimg.com/media/HGvjKKKWwAIkr0P.jpg","","en","","0","0","0","https://x.com/undefined/status/2047980223312863348","1497227145994715140",
"2047979978910818786","Sat Apr 25 10:04:11 +0000 2026","0","ノラリーのハートワンピ、バック可愛い バレンタイン気分上がる NORALEE VALENTINE DRESS ノラリー ハート ワンピース https://t.co/V6cd0q1O6u","2047979978910818786","","","ja","","0","0","0","https://x.com/undefined/status/2047979978910818786","2036156817655603200",
"2047979596897833022","Sat Apr 25 10:02:40 +0000 2026","9","#TRENDZ #트렌드지 SWEET VALENTINE PHOTOCARD TEMPLATE https://t.co/YW9QCFxIZs","2047979596897833022","https://pbs.twimg.com/media/HGvileAaYAEkmxi.jpg","","en","","0","1","2","https://x.com/undefined/status/2047979596897833022","1052556212477128704",
"2047979592741540052","Sat Apr 25 10:02:39 +0000 2026","1","Gemini おすすめのポイントフォワード候補(カップ、BCL) Arnas Velička Will McDowell-White Denzel Valentine L.J. Thorpe Mateo Dreznjak Michail Lountzis Adam Mokoka","2047979592741540052","","","ja","","1","1","0","https://x.com/undefined/status/2047979592741540052","1367753983746449408",
"2047979489322278968","Sat Apr 25 10:02:14 +0000 2026","3","Great show last night at Cafe#9. Thanks to Cold Bones Lullabies for opening Jonny for having me back and everyone who came along to celebrate the launch of Alone In Valentine. Nice to see so many new faces hope to get back to Sheffield again soon. https://t.co/lQIJ7W3AIJ","2047979489322278968","https://pbs.twimg.com/media/HGviaZ0bMAAA7p-.jpg","","en","","1","1","0","https://x.com/undefined/status/2047979489322278968","444854200",
"2047902381619233209","Sat Apr 25 10:01:17 +0000 2026","0","@MatthewMKE98 We got plenty of money for all of them. It would help by trading: 1) Nixon ($5M) 2) Brooks ($3.6M) 3) Valentine ($3.6M) 4) McDuffie ($3M) 5) Musgrave ($1.9M) Can t justify paying Brooks or Valentine the cost of pick 77 120 and 153 each. Would rather have 6 rookies for $7.2M","2047979249290613058","","MatthewMKE98","en","","0","0","0","https://x.com/undefined/status/2047979249290613058","1689402294872211456",
"2047979208568348951","Sat Apr 25 10:01:07 +0000 2026","0","NMIXX 엔믹스 1st Blue Valentine 메이크스타 makestar 대면 12차 팬사인회 당첨자 특전 미공개 사인 포토카드 양도 합니다 당첨자용 미공개 팟칭 포토카드 스키 ver. 설윤 SULLYOON / 배이 BAE : 각 6.0 2종 일괄 : 9.0 (준등기 별도) 미공포 포카 photocard Wts sell 팬싸인회 https://t.co/u19BykkSKK","2047979208568348951","https://pbs.twimg.com/media/HGviPBabQAAUWbd.jpg","","ko","","0","0","0","https://x.com/undefined/status/2047979208568348951","817672524108414976",
"2047979146048139668","Sat Apr 25 10:00:52 +0000 2026","0","NMIXX 엔믹스 1st Full Album Blue Valentine 메이크스타 makestar 대면 1차 팬사인회 미공개 포카 폴라 양도 합니다 251016 엠카mc 착장 규진 싸인폴라 : 35.0 준등기 별도 미공포 팬싸인회 싸폴 사인 sign pola pc pob sign signed polaroid pola photocard Wts sell https://t.co/Y52YC4MBDH","2047979146048139668","https://pbs.twimg.com/media/HGviLR5a4AAfhNo.jpg","","ko","","0","0","0","https://x.com/undefined/status/2047979146048139668","817672524108414976",
"2047978946202062943","Sat Apr 25 10:00:05 +0000 2026","0","[현물] NMIXX 엔믹스 1st Full Album Blue Valentine 미개봉 앨범 양도 합니다 Blue ver. + Valentine ver. + chaos ver. (3장 세트로만 판매) ️ 3장 1set - 1.5 (15 000원) 대량구매시 할인 가능 바로 배송 가능 (배송비 별도) Wts sell albums unopened album https://t.co/emGq5LLK5v","2047978946202062943","https://pbs.twimg.com/media/HGvh_pcbkAAy6Ay.jpg","","ko","","0","0","0","https://x.com/undefined/status/2047978946202062943","817672524108414976",
"2047978765951914245","Sat Apr 25 09:59:22 +0000 2026","0","엔믹스 NMIXX 블루 발렌타인 Blue Valentine 공방 미공개 포토카드 양도 합니다 ️ 2주차 설윤 : 5.0 (준등기 별도) 미공포 포카 릴리 lily 해원 haewon 설윤 sullyoon 배이 bae 지우 jiwoo 규진 kyujin photocard poca wts sell https://t.co/Ypmnj5Bvdj","2047978765951914245","https://pbs.twimg.com/media/HGvh1Pfa4AASb2t.jpg","","ko","","0","0","0","https://x.com/undefined/status/2047978765951914245","817672524108414976",
"2047907385558077756","Sat Apr 25 09:59:05 +0000 2026","0","@Fetish_Wap @MunstaMasta Valentine","2047978696884023488","","Fetish_Wap","et","","0","1","0","https://x.com/undefined/status/2047978696884023488","1790453830796132352",
"2047978601971372062","Sat Apr 25 09:58:42 +0000 2026","0","NMIXX 엔믹스 1st Full Album Blue Valentine 메이크스타 makestar 대면 8차 12차 팬사인회 미공개 포토카드 양도 합니다 ️ (파티룩)당일착장 A ver. 6종 : 4.0 ️ 고양이 비니 ver. 6종 : 6.0 (준등기 별도) 미공포 포카 photocard Wts sell 팬싸인회 https://t.co/TE2i23u2jy","2047978601971372062","https://pbs.twimg.com/media/HGvhrqta0AAbzZd.jpg","","ko","","0","0","0","https://x.com/undefined/status/2047978601971372062","817672524108414976",
"2047978506626486390","Sat Apr 25 09:58:20 +0000 2026","0","NMIXX 엔믹스 1st Full Album Blue Valentine 메이크스타 makestar 대면 6차 / 애플뮤직 applemusic 대면 3차 팬사인회 미공개 포토카드 양도 합니다 ️ 집사구함 ver. 6종 : 5.0 ️ 골든벨 ver. 6종 : 4.0 (준등기 별도) 미공포 포카 photocard Wts sell 팬싸인회 https://t.co/X80rKm7RfF","2047978506626486390","https://pbs.twimg.com/media/HGvhmJabEAAs7nC.jpg","","ko","","0","0","0","https://x.com/undefined/status/2047978506626486390","817672524108414976",
"2047978431179366636","Sat Apr 25 09:58:02 +0000 2026","0","NMIXX 엔믹스 1st Full Album Blue Valentine 메이크스타 makestar 대면 1차 / 3차 팬사인회 미공개 포토카드 양도 합니다 ️ 뽀뽀 포스티잇 ver. 6종 + 윙크 ver. 2종 : 4.0 ️ 냥패치 ver. 6종 + 랜덤 2종 : 4.0 (준등기 별도) 미공포 포카 photocard Wts sell 팬싸인회 https://t.co/5ofOZpJATh","2047978431179366636","https://pbs.twimg.com/media/HGvhhndaMAAUEbW.jpg","","ko","","0","0","0","https://x.com/undefined/status/2047978431179366636","817672524108414976",
"2047956458021552303","Sat Apr 25 09:57:49 +0000 2026","1","@sorliji ull always be my blueurueueueeu valentine","2047978379622940705","","sorliji","en","","0","1","0","https://x.com/undefined/status/2047978379622940705","1850624384949424128",
"2047978358383018080","Sat Apr 25 09:57:44 +0000 2026","0","NMIXX 엔믹스 1st Full Album Blue Valentine 메이크스타 makestar 대면 1차 팬사인회 미공개 포카 양도 합니다 당첨자 포토카드 6종 : 20.0 (준등기 별도) 미공포 팬싸인회 싸폴 사인 sign pola pc pob sign signed polaroid pola photocard Wts sell https://t.co/EHcKUs6pp4","2047978358383018080","https://pbs.twimg.com/media/HGvhddEasAAR4GW.jpg","","ko","","0","0","0","https://x.com/undefined/status/2047978358383018080","817672524108414976",
"2047978286417096740","Sat Apr 25 09:57:27 +0000 2026","0","NMIXX 엔믹스 1st Full Album Blue Valentine 메이크스타 makestar 대면 1차 팬사인회 미공개 포토카드 양도 합니다 대면 당첨자 릴리 lily 생일파티 ️ 초대장 + 생일 포토카드 : 10.0 (준등기 별도) 미공포 포카 photocard Wts sell 팬싸인회 https://t.co/KFLLsshae7","2047978286417096740","https://pbs.twimg.com/media/HGvhZQga4AAfXMf.jpg","","ko","","0","0","0","https://x.com/undefined/status/2047978286417096740","817672524108414976",
"2047530277073723853","Sat Apr 25 09:55:12 +0000 2026","0","@nmixxpics_ Aside from blue valentine and spinnin on it. Crush on you Adore U and Shape of love","2047977718399263119","","nmixxpics_","en","","0","0","0","https://x.com/undefined/status/2047977718399263119","997113363464273920",
"2047653468433698844","Sat Apr 25 09:53:48 +0000 2026","1","@KarsTheUltThing Hi twin valentine","2047977367885258972","","KarsTheUltThing","et","","0","1","0","https://x.com/undefined/status/2047977367885258972","1987274579803578371",
"1834237382369181716","Sat Apr 25 09:52:50 +0000 2026","2","Blue Valentine 中的最喜歡！ 然後感覺可以自豪(?)的說，我脫卡坑了 漂亮紙片不再成為我買周邊的原因。 除非超漂亮(?) #恩密漂亮小紙片 https://t.co/0OFCLESxLw","2047977121860227113","https://pbs.twimg.com/media/HGvgVF2aQAAVov_.jpg","nn622222","zh","","0","0","0","https://x.com/undefined/status/2047977121860227113","1823538423074054149",
"2047976801503527164","Sat Apr 25 09:51:36 +0000 2026","7","21 - 30 21. Blue Valentine (2010) 22. Revolutionary Road (2008) 23. Femme Fatale (2002) 24. The Lover (1992) 25. 9½ Weeks (1986) 26. In the Mood for Love (2000) 27. A Dangerous Method (2011) 28. Damage (1992) 29. Bitter Moon (1992) 30. Crash (1996)","2047976811813077120","","seductionsage","en","","0","1","0","https://x.com/undefined/status/2047976811813077120","1598975864900710401",
"2047976218306154574","Sat Apr 25 09:49:14 +0000 2026","0","不破くんのローズバレンタイン缶バッジ可愛い〜 君も集めてる？ にじさんじ 不破湊 Rose Valentine 缶バッジ チェキ 特典 https://t.co/zFClv2WCcl","2047976218306154574","","","ja","","0","0","0","https://x.com/undefined/status/2047976218306154574","1955933844248649735",
"2047976119840698573","Sat Apr 25 09:48:51 +0000 2026","0"," came across as racist ... Ray Valentine called her a n!gger cunt ... that's overt racism and he meant it . fuck him and that business i hope he losses all his money in that shop","2047976119840698573","","","en","","0","0","0","https://x.com/undefined/status/2047976119840698573","244977545",
"2047950444115185910","Sat Apr 25 09:47:21 +0000 2026","2","@VALB30vb Bonjour Valentine! Il y a aussi une certaine sérénité dans la beauté du matin quand rien ne me presse. Cela me permet de me réveiller en toute tranquillité. Profite bien du week-end. ️️","2047975744693764494","","VALB30vb","fr","","0","0","0","https://x.com/undefined/status/2047975744693764494","1777874736589971456",
